This file contains any messages produced by compilers while
running configure, to aid debugging if configure makes a mistake.

It was created by lldpd configure 0.9.8, which was
generated by GNU Autoconf 2.69.  Invocation command line was

  $ ./configure --host=mipsel-linux --build=x86_64-linux-gnu --prefix= --bindir=/usr/sbin --libdir=/usr/lib CFLAGS=-g -O2 -I/repo/Pass_GPL/asuswrt/release/src-ra-openwrt-4210/router/mipsel-musl/stage/usr/include LDFLAGS=-L/repo/Pass_GPL/asuswrt/release/src-ra-openwrt-4210/router/lldpd-0.9.8/lib -lm -L/repo/Pass_GPL/asuswrt/release/src-ra-openwrt-4210/router/mipsel-musl/stage/usr/lib -ljansson -L/repo/Pass_GPL/asuswrt/release/src-ra-openwrt-4210/router/json-c/.libs -ldl --with-privsep-user=nobody --with-privsep-group=root --with-privsep-path=/var/run/lldpd --enable-oldies --with-json=yes

## --------- ##
## Platform. ##
## --------- ##

hostname = 820a0eb7ac91
uname -m = x86_64
uname -r = 6.8.0-137-generic
uname -s = Linux
uname -v = #137-Ubuntu SMP PREEMPT_DYNAMIC Fri Jul 17 20:28:23 UTC 2026

/usr/bin/uname -p = unknown
/bin/uname -X     = unknown

/bin/arch              = unknown
/usr/bin/arch -k       = unknown
/usr/convex/getsysinfo = unknown
/usr/bin/hostinfo      = unknown
/bin/machine           = unknown
/usr/bin/oslevel       = unknown
/bin/universe          = unknown

PATH: /repo/Pass_GPL/asuswrt/release/tools
PATH: /repo/Pass_GPL/asuswrt/release/src-ra-openwrt-4210/ctools
PATH: /repo/Pass_GPL/asuswrt/release/tools
PATH: /repo/Pass_GPL/asuswrt/release/src-ra-openwrt-4210/ctools
PATH: /repo/Pass_GPL/asuswrt/release/tools
PATH: /repo/Pass_GPL/asuswrt/release/src-ra-openwrt-4210/ctools
PATH: /usr/local/sbin
PATH: /usr/local/bin
PATH: /usr/sbin
PATH: /usr/bin
PATH: /sbin
PATH: /bin
PATH: /home/asuswrt/bin
PATH: /home/asuswrt/mybash
PATH: /opt/buildroot-gcc342/bin
PATH: /opt/buildroot-gcc463/bin
PATH: /opt/brcm/hndtools-mipsel-linux/bin
PATH: /opt/brcm/hndtools-mipsel-uclibc/bin
PATH: /opt/projects/hnd/tools/linux/hndtools-arm-linux-2.6.36-uclibc-4.5.3/bin
PATH: /opt/projects/hnd/tools/linux/hndtools-arm-linux-2.6.36-uclibc-4.5.3/arm-linux/bin
PATH: /opt/projects/hnd/tools/linux/hndtools-arm-linux-2.6.36-uclibc-4.5.3/usr/bin
PATH: /opt/toolchains/crosstools-arm-gcc-5.3-linux-4.1-glibc-2.22-binutils-2.25/usr/bin
PATH: /opt/toolchains/crosstools-aarch64-gcc-5.3-linux-4.1-glibc-2.22-binutils-2.25/usr/bin
PATH: /opt/toolchains/crosstools-arm-gcc-9.2-linux-4.19-glibc-2.30-binutils-2.32/usr/lib
PATH: /opt/toolchains/crosstools-aarch64-gcc-9.2-linux-4.19-glibc-2.30-binutils-2.32/bin
PATH: /opt/toolchains/crosstools-arm-gcc-10.3-linux-4.19-glibc-2.32-binutils-2.36.1/bin
PATH: /opt/toolchains/crosstools-aarch64-gcc-10.3-linux-4.19-glibc-2.32-binutils-2.36.1/bin
PATH: /opt/openwrt-gcc463.arm/bin
PATH: /opt/openwrt-gcc463.mips.mesh/bin
PATH: /opt/openwrt-gcc520_musl.aarch64/bin
PATH: /opt/openwrt-gcc840_musl.aarch64/bin


## ----------- ##
## Core tests. ##
## ----------- ##

configure:2816: checking for a BSD-compatible install
configure:2884: result: /usr/bin/install -c
configure:2895: checking whether build environment is sane
configure:2950: result: yes
configure:3009: checking for mipsel-linux-strip
configure:3036: result: /opt/lede-toolchain-ramips-mt7621_gcc-5.4.0_musl-1.1.24.Linux-x86_64/toolchain-mipsel_24kc_gcc-5.4.0_musl-1.1.24/bin/mipsel-openwrt-linux-musl-strip -R .note -R .comment
configure:3101: checking for a thread-safe mkdir -p
configure:3140: result: /bin/mkdir -p
configure:3147: checking for gawk
configure:3163: found /usr/bin/gawk
configure:3174: result: gawk
configure:3185: checking whether make sets $(MAKE)
configure:3207: result: yes
configure:3236: checking whether make supports nested variables
configure:3253: result: yes
configure:3342: checking whether UID '1000' is supported by ustar format
configure:3345: result: yes
configure:3352: checking whether GID '1000' is supported by ustar format
configure:3355: result: yes
configure:3363: checking how to create a ustar tar archive
configure:3374: tar --version
tar (GNU tar) 1.29
Copyright (C) 2015 Free Software Foundation, Inc.
License GPLv3+: GNU GPL version 3 or later <http://gnu.org/licenses/gpl.html>.
This is free software: you are free to change and redistribute it.
There is NO WARRANTY, to the extent permitted by law.

Written by John Gilmore and Jay Fenlason.
configure:3377: $? = 0
configure:3417: tardir=conftest.dir && eval tar --format=ustar -chf - "$tardir" >conftest.tar
configure:3420: $? = 0
configure:3424: tar -xf - <conftest.tar
configure:3427: $? = 0
configure:3429: cat conftest.dir/file
GrepMe
configure:3432: $? = 0
configure:3445: result: gnutar
configure:3496: checking whether to enable maintainer-specific portions of Makefiles
configure:3505: result: no
configure:3529: checking whether make supports nested variables
configure:3546: result: yes
configure:3572: checking for style of include used by make
configure:3600: result: GNU
configure:3631: checking for mipsel-linux-gcc
configure:3658: result: /opt/lede-toolchain-ramips-mt7621_gcc-5.4.0_musl-1.1.24.Linux-x86_64/toolchain-mipsel_24kc_gcc-5.4.0_musl-1.1.24/bin/mipsel-openwrt-linux-musl-gcc
configure:3927: checking for C compiler version
configure:3936: /opt/lede-toolchain-ramips-mt7621_gcc-5.4.0_musl-1.1.24.Linux-x86_64/toolchain-mipsel_24kc_gcc-5.4.0_musl-1.1.24/bin/mipsel-openwrt-linux-musl-gcc --version >&5
mipsel-openwrt-linux-musl-gcc.bin (LEDE GCC 5.4.0 unknown) 5.4.0
Copyright (C) 2015 Free Software Foundation, Inc.
This is free software; see the source for copying conditions.  There is NO
warranty; not even for MERCHANTABILITY or FITNESS FOR A PARTICULAR PURPOSE.

configure:3947: $? = 0
configure:3936: /opt/lede-toolchain-ramips-mt7621_gcc-5.4.0_musl-1.1.24.Linux-x86_64/toolchain-mipsel_24kc_gcc-5.4.0_musl-1.1.24/bin/mipsel-openwrt-linux-musl-gcc -v >&5
Reading specs from /opt/lede-toolchain-ramips-mt7621_gcc-5.4.0_musl-1.1.24.Linux-x86_64/toolchain-mipsel_24kc_gcc-5.4.0_musl-1.1.24/bin/../lib/gcc/mipsel-openwrt-linux-musl/5.4.0/specs
COLLECT_GCC=mipsel-openwrt-linux-musl-gcc.bin
COLLECT_LTO_WRAPPER=/opt/lede-toolchain-ramips-mt7621_gcc-5.4.0_musl-1.1.24.Linux-x86_64/toolchain-mipsel_24kc_gcc-5.4.0_musl-1.1.24/bin/../libexec/gcc/mipsel-openwrt-linux-musl/5.4.0/lto-wrapper
Target: mipsel-openwrt-linux-musl
Configured with: /data2/heidi_wen/SW4_git/OpenWRT_4210_20230308/mtk-openwrt-lede-4.2.1.0/build_dir/toolchain-mipsel_24kc_gcc-5.4.0_musl-1.1.24/gcc-5.4.0/configure --with-bugurl=http://www.lede-project.org/bugs/ --with-pkgversion='LEDE GCC 5.4.0 unknown' --prefix=/data2/heidi_wen/SW4_git/OpenWRT_4210_20230308/mtk-openwrt-lede-4.2.1.0/staging_dir/toolchain-mipsel_24kc_gcc-5.4.0_musl-1.1.24 --build=x86_64-linux-gnu --host=x86_64-linux-gnu --target=mipsel-openwrt-linux-musl --with-gnu-ld --enable-target-optspace --disable-libgomp --disable-libmudflap --disable-multilib --disable-libmpx --disable-nls --without-isl --without-cloog --with-host-libstdcxx=-lstdc++ --with-float=soft --with-gmp=/data2/heidi_wen/SW4_git/OpenWRT_4210_20230308/mtk-openwrt-lede-4.2.1.0/staging_dir/host --with-mpfr=/data2/heidi_wen/SW4_git/OpenWRT_4210_20230308/mtk-openwrt-lede-4.2.1.0/staging_dir/host --with-mpc=/data2/heidi_wen/SW4_git/OpenWRT_4210_20230308/mtk-openwrt-lede-4.2.1.0/staging_dir/host --disable-decimal-float --with-mips-plt --with-diagnostics-color=auto-if-env --disable-libssp --enable-__cxa_atexit --with-headers=/data2/heidi_wen/SW4_git/OpenWRT_4210_20230308/mtk-openwrt-lede-4.2.1.0/staging_dir/toolchain-mipsel_24kc_gcc-5.4.0_musl-1.1.24/include --disable-libsanitizer --enable-languages=c,c++ --enable-shared --enable-threads --with-slibdir=/data2/heidi_wen/SW4_git/OpenWRT_4210_20230308/mtk-openwrt-lede-4.2.1.0/staging_dir/toolchain-mipsel_24kc_gcc-5.4.0_musl-1.1.24/lib --enable-lto --with-libelf=/data2/heidi_wen/SW4_git/OpenWRT_4210_20230308/mtk-openwrt-lede-4.2.1.0/staging_dir/host
Thread model: posix
gcc version 5.4.0 (LEDE GCC 5.4.0 unknown) 
COMPILER_PATH=/opt/lede-toolchain-ramips-mt7621_gcc-5.4.0_musl-1.1.24.Linux-x86_64/toolchain-mipsel_24kc_gcc-5.4.0_musl-1.1.24/bin/../libexec/gcc/mipsel-openwrt-linux-musl/5.4.0/:/opt/lede-toolchain-ramips-mt7621_gcc-5.4.0_musl-1.1.24.Linux-x86_64/toolchain-mipsel_24kc_gcc-5.4.0_musl-1.1.24/bin/../libexec/gcc/:/opt/lede-toolchain-ramips-mt7621_gcc-5.4.0_musl-1.1.24.Linux-x86_64/toolchain-mipsel_24kc_gcc-5.4.0_musl-1.1.24/bin/../lib/gcc/mipsel-openwrt-linux-musl/5.4.0/../../../../mipsel-openwrt-linux-musl/bin/
LIBRARY_PATH=/opt/lede-toolchain-ramips-mt7621_gcc-5.4.0_musl-1.1.24.Linux-x86_64/toolchain-mipsel_24kc_gcc-5.4.0_musl-1.1.24/bin/../lib/gcc/mipsel-openwrt-linux-musl/5.4.0/:/opt/lede-toolchain-ramips-mt7621_gcc-5.4.0_musl-1.1.24.Linux-x86_64/toolchain-mipsel_24kc_gcc-5.4.0_musl-1.1.24/bin/../lib/gcc/:/opt/lede-toolchain-ramips-mt7621_gcc-5.4.0_musl-1.1.24.Linux-x86_64/toolchain-mipsel_24kc_gcc-5.4.0_musl-1.1.24/bin/../lib/gcc/mipsel-openwrt-linux-musl/5.4.0/../../../../mipsel-openwrt-linux-musl/lib/
COLLECT_GCC_OPTIONS='-v' '-msoft-float' '-mllsc' '-mplt' '-mno-shared' '-EL' '-mabi=32'
... rest of stderr output deleted ...
configure:3947: $? = 1
configure:3936: /opt/lede-toolchain-ramips-mt7621_gcc-5.4.0_musl-1.1.24.Linux-x86_64/toolchain-mipsel_24kc_gcc-5.4.0_musl-1.1.24/bin/mipsel-openwrt-linux-musl-gcc -V >&5
mipsel-openwrt-linux-musl-gcc.bin: error: unrecognized command line option '-V'
configure:3947: $? = 1
configure:3936: /opt/lede-toolchain-ramips-mt7621_gcc-5.4.0_musl-1.1.24.Linux-x86_64/toolchain-mipsel_24kc_gcc-5.4.0_musl-1.1.24/bin/mipsel-openwrt-linux-musl-gcc -qversion >&5
mipsel-openwrt-linux-musl-gcc.bin: error: unrecognized command line option '-qversion'
configure:3947: $? = 1
configure:3967: checking whether the C compiler works
configure:3989: /opt/lede-toolchain-ramips-mt7621_gcc-5.4.0_musl-1.1.24.Linux-x86_64/toolchain-mipsel_24kc_gcc-5.4.0_musl-1.1.24/bin/mipsel-openwrt-linux-musl-gcc -g -O2 -I/repo/Pass_GPL/asuswrt/release/src-ra-openwrt-4210/router/mipsel-musl/stage/usr/include  -L/repo/Pass_GPL/asuswrt/release/src-ra-openwrt-4210/router/lldpd-0.9.8/lib -lm -L/repo/Pass_GPL/asuswrt/release/src-ra-openwrt-4210/router/mipsel-musl/stage/usr/lib -ljansson -L/repo/Pass_GPL/asuswrt/release/src-ra-openwrt-4210/router/json-c/.libs -ldl conftest.c  >&5
configure:3993: $? = 0
configure:4041: result: yes
configure:4044: checking for C compiler default output file name
configure:4046: result: a.out
configure:4052: checking for suffix of executables
configure:4059: /opt/lede-toolchain-ramips-mt7621_gcc-5.4.0_musl-1.1.24.Linux-x86_64/toolchain-mipsel_24kc_gcc-5.4.0_musl-1.1.24/bin/mipsel-openwrt-linux-musl-gcc -o conftest -g -O2 -I/repo/Pass_GPL/asuswrt/release/src-ra-openwrt-4210/router/mipsel-musl/stage/usr/include  -L/repo/Pass_GPL/asuswrt/release/src-ra-openwrt-4210/router/lldpd-0.9.8/lib -lm -L/repo/Pass_GPL/asuswrt/release/src-ra-openwrt-4210/router/mipsel-musl/stage/usr/lib -ljansson -L/repo/Pass_GPL/asuswrt/release/src-ra-openwrt-4210/router/json-c/.libs -ldl conftest.c  >&5
configure:4063: $? = 0
configure:4085: result: 
configure:4107: checking whether we are cross compiling
configure:4145: result: yes
configure:4150: checking for suffix of object files
configure:4172: /opt/lede-toolchain-ramips-mt7621_gcc-5.4.0_musl-1.1.24.Linux-x86_64/toolchain-mipsel_24kc_gcc-5.4.0_musl-1.1.24/bin/mipsel-openwrt-linux-musl-gcc -c -g -O2 -I/repo/Pass_GPL/asuswrt/release/src-ra-openwrt-4210/router/mipsel-musl/stage/usr/include  conftest.c >&5
configure:4176: $? = 0
configure:4197: result: o
configure:4201: checking whether we are using the GNU C compiler
configure:4220: /opt/lede-toolchain-ramips-mt7621_gcc-5.4.0_musl-1.1.24.Linux-x86_64/toolchain-mipsel_24kc_gcc-5.4.0_musl-1.1.24/bin/mipsel-openwrt-linux-musl-gcc -c -g -O2 -I/repo/Pass_GPL/asuswrt/release/src-ra-openwrt-4210/router/mipsel-musl/stage/usr/include  conftest.c >&5
configure:4220: $? = 0
configure:4229: result: yes
configure:4238: checking whether /opt/lede-toolchain-ramips-mt7621_gcc-5.4.0_musl-1.1.24.Linux-x86_64/toolchain-mipsel_24kc_gcc-5.4.0_musl-1.1.24/bin/mipsel-openwrt-linux-musl-gcc accepts -g
configure:4258: /opt/lede-toolchain-ramips-mt7621_gcc-5.4.0_musl-1.1.24.Linux-x86_64/toolchain-mipsel_24kc_gcc-5.4.0_musl-1.1.24/bin/mipsel-openwrt-linux-musl-gcc -c -g  conftest.c >&5
configure:4258: $? = 0
configure:4299: result: yes
configure:4316: checking for /opt/lede-toolchain-ramips-mt7621_gcc-5.4.0_musl-1.1.24.Linux-x86_64/toolchain-mipsel_24kc_gcc-5.4.0_musl-1.1.24/bin/mipsel-openwrt-linux-musl-gcc option to accept ISO C89
configure:4379: /opt/lede-toolchain-ramips-mt7621_gcc-5.4.0_musl-1.1.24.Linux-x86_64/toolchain-mipsel_24kc_gcc-5.4.0_musl-1.1.24/bin/mipsel-openwrt-linux-musl-gcc  -c -g -O2 -I/repo/Pass_GPL/asuswrt/release/src-ra-openwrt-4210/router/mipsel-musl/stage/usr/include  conftest.c >&5
configure:4379: $? = 0
configure:4392: result: none needed
configure:4417: checking whether /opt/lede-toolchain-ramips-mt7621_gcc-5.4.0_musl-1.1.24.Linux-x86_64/toolchain-mipsel_24kc_gcc-5.4.0_musl-1.1.24/bin/mipsel-openwrt-linux-musl-gcc understands -c and -o together
configure:4439: /opt/lede-toolchain-ramips-mt7621_gcc-5.4.0_musl-1.1.24.Linux-x86_64/toolchain-mipsel_24kc_gcc-5.4.0_musl-1.1.24/bin/mipsel-openwrt-linux-musl-gcc -c conftest.c -o conftest2.o
configure:4442: $? = 0
configure:4439: /opt/lede-toolchain-ramips-mt7621_gcc-5.4.0_musl-1.1.24.Linux-x86_64/toolchain-mipsel_24kc_gcc-5.4.0_musl-1.1.24/bin/mipsel-openwrt-linux-musl-gcc -c conftest.c -o conftest2.o
configure:4442: $? = 0
configure:4454: result: yes
configure:4473: checking dependency style of /opt/lede-toolchain-ramips-mt7621_gcc-5.4.0_musl-1.1.24.Linux-x86_64/toolchain-mipsel_24kc_gcc-5.4.0_musl-1.1.24/bin/mipsel-openwrt-linux-musl-gcc
configure:4584: result: gcc3
configure:4605: checking for mipsel-linux-ar
configure:4632: result: /opt/lede-toolchain-ramips-mt7621_gcc-5.4.0_musl-1.1.24.Linux-x86_64/toolchain-mipsel_24kc_gcc-5.4.0_musl-1.1.24/bin/mipsel-openwrt-linux-musl-ar
configure:4702: checking the archiver (/opt/lede-toolchain-ramips-mt7621_gcc-5.4.0_musl-1.1.24.Linux-x86_64/toolchain-mipsel_24kc_gcc-5.4.0_musl-1.1.24/bin/mipsel-openwrt-linux-musl-ar) interface
configure:4718: /opt/lede-toolchain-ramips-mt7621_gcc-5.4.0_musl-1.1.24.Linux-x86_64/toolchain-mipsel_24kc_gcc-5.4.0_musl-1.1.24/bin/mipsel-openwrt-linux-musl-gcc -c -g -O2 -I/repo/Pass_GPL/asuswrt/release/src-ra-openwrt-4210/router/mipsel-musl/stage/usr/include  conftest.c >&5
configure:4718: $? = 0
configure:4720: /opt/lede-toolchain-ramips-mt7621_gcc-5.4.0_musl-1.1.24.Linux-x86_64/toolchain-mipsel_24kc_gcc-5.4.0_musl-1.1.24/bin/mipsel-openwrt-linux-musl-ar cru libconftest.a conftest.o >&5
/opt/lede-toolchain-ramips-mt7621_gcc-5.4.0_musl-1.1.24.Linux-x86_64/toolchain-mipsel_24kc_gcc-5.4.0_musl-1.1.24/bin/mipsel-openwrt-linux-musl-ar: `u' modifier ignored since `D' is the default (see `U')
configure:4723: $? = 0
configure:4751: result: ar
configure:4802: checking build system type
configure:4816: result: x86_64-pc-linux-gnu
configure:4836: checking host system type
configure:4849: result: mipsel-unknown-linux-gnu
configure:4890: checking how to print strings
configure:4917: result: printf
configure:4938: checking for a sed that does not truncate output
configure:5002: result: /bin/sed
configure:5020: checking for grep that handles long lines and -e
configure:5078: result: /bin/grep
configure:5083: checking for egrep
configure:5145: result: /bin/grep -E
configure:5150: checking for fgrep
configure:5212: result: /bin/grep -F
configure:5247: checking for ld used by /opt/lede-toolchain-ramips-mt7621_gcc-5.4.0_musl-1.1.24.Linux-x86_64/toolchain-mipsel_24kc_gcc-5.4.0_musl-1.1.24/bin/mipsel-openwrt-linux-musl-gcc
configure:5314: result: /opt/lede-toolchain-ramips-mt7621_gcc-5.4.0_musl-1.1.24.Linux-x86_64/toolchain-mipsel_24kc_gcc-5.4.0_musl-1.1.24/bin/mipsel-openwrt-linux-musl-ld
configure:5321: checking if the linker (/opt/lede-toolchain-ramips-mt7621_gcc-5.4.0_musl-1.1.24.Linux-x86_64/toolchain-mipsel_24kc_gcc-5.4.0_musl-1.1.24/bin/mipsel-openwrt-linux-musl-ld) is GNU ld
configure:5336: result: yes
configure:5348: checking for BSD- or MS-compatible name lister (nm)
configure:5402: result: /opt/lede-toolchain-ramips-mt7621_gcc-5.4.0_musl-1.1.24.Linux-x86_64/toolchain-mipsel_24kc_gcc-5.4.0_musl-1.1.24/bin/mipsel-openwrt-linux-musl-nm
configure:5532: checking the name lister (/opt/lede-toolchain-ramips-mt7621_gcc-5.4.0_musl-1.1.24.Linux-x86_64/toolchain-mipsel_24kc_gcc-5.4.0_musl-1.1.24/bin/mipsel-openwrt-linux-musl-nm) interface
configure:5539: /opt/lede-toolchain-ramips-mt7621_gcc-5.4.0_musl-1.1.24.Linux-x86_64/toolchain-mipsel_24kc_gcc-5.4.0_musl-1.1.24/bin/mipsel-openwrt-linux-musl-gcc -c -g -O2 -I/repo/Pass_GPL/asuswrt/release/src-ra-openwrt-4210/router/mipsel-musl/stage/usr/include  conftest.c >&5
configure:5542: /opt/lede-toolchain-ramips-mt7621_gcc-5.4.0_musl-1.1.24.Linux-x86_64/toolchain-mipsel_24kc_gcc-5.4.0_musl-1.1.24/bin/mipsel-openwrt-linux-musl-nm "conftest.o"
configure:5545: output
00000000 B some_variable
configure:5552: result: BSD nm
configure:5555: checking whether ln -s works
configure:5559: result: yes
configure:5567: checking the maximum length of command line arguments
configure:5698: result: 1572864
configure:5746: checking how to convert x86_64-pc-linux-gnu file names to mipsel-unknown-linux-gnu format
configure:5786: result: func_convert_file_noop
configure:5793: checking how to convert x86_64-pc-linux-gnu file names to toolchain format
configure:5813: result: func_convert_file_noop
configure:5820: checking for /opt/lede-toolchain-ramips-mt7621_gcc-5.4.0_musl-1.1.24.Linux-x86_64/toolchain-mipsel_24kc_gcc-5.4.0_musl-1.1.24/bin/mipsel-openwrt-linux-musl-ld option to reload object files
configure:5827: result: -r
configure:5861: checking for mipsel-linux-objdump
configure:5888: result: /opt/lede-toolchain-ramips-mt7621_gcc-5.4.0_musl-1.1.24.Linux-x86_64/toolchain-mipsel_24kc_gcc-5.4.0_musl-1.1.24/bin/mipsel-openwrt-linux-musl-objdump
configure:5960: checking how to recognize dependent libraries
configure:6160: result: pass_all
configure:6205: checking for mipsel-linux-dlltool
configure:6235: result: no
configure:6245: checking for dlltool
configure:6275: result: no
configure:6305: checking how to associate runtime and link libraries
configure:6332: result: printf %s\n
configure:6348: checking for mipsel-linux-ar
configure:6375: result: /opt/lede-toolchain-ramips-mt7621_gcc-5.4.0_musl-1.1.24.Linux-x86_64/toolchain-mipsel_24kc_gcc-5.4.0_musl-1.1.24/bin/mipsel-openwrt-linux-musl-ar
configure:6456: checking for archiver @FILE support
configure:6473: /opt/lede-toolchain-ramips-mt7621_gcc-5.4.0_musl-1.1.24.Linux-x86_64/toolchain-mipsel_24kc_gcc-5.4.0_musl-1.1.24/bin/mipsel-openwrt-linux-musl-gcc -c -g -O2 -I/repo/Pass_GPL/asuswrt/release/src-ra-openwrt-4210/router/mipsel-musl/stage/usr/include  conftest.c >&5
configure:6473: $? = 0
configure:6476: /opt/lede-toolchain-ramips-mt7621_gcc-5.4.0_musl-1.1.24.Linux-x86_64/toolchain-mipsel_24kc_gcc-5.4.0_musl-1.1.24/bin/mipsel-openwrt-linux-musl-ar cru libconftest.a @conftest.lst >&5
/opt/lede-toolchain-ramips-mt7621_gcc-5.4.0_musl-1.1.24.Linux-x86_64/toolchain-mipsel_24kc_gcc-5.4.0_musl-1.1.24/bin/mipsel-openwrt-linux-musl-ar: `u' modifier ignored since `D' is the default (see `U')
configure:6479: $? = 0
configure:6484: /opt/lede-toolchain-ramips-mt7621_gcc-5.4.0_musl-1.1.24.Linux-x86_64/toolchain-mipsel_24kc_gcc-5.4.0_musl-1.1.24/bin/mipsel-openwrt-linux-musl-ar cru libconftest.a @conftest.lst >&5
/opt/lede-toolchain-ramips-mt7621_gcc-5.4.0_musl-1.1.24.Linux-x86_64/toolchain-mipsel_24kc_gcc-5.4.0_musl-1.1.24/bin/mipsel-openwrt-linux-musl-ar: `u' modifier ignored since `D' is the default (see `U')
/opt/lede-toolchain-ramips-mt7621_gcc-5.4.0_musl-1.1.24.Linux-x86_64/toolchain-mipsel_24kc_gcc-5.4.0_musl-1.1.24/bin/mipsel-openwrt-linux-musl-ar: conftest.o: No such file or directory
configure:6487: $? = 1
configure:6499: result: @
configure:6517: checking for mipsel-linux-strip
configure:6544: result: /opt/lede-toolchain-ramips-mt7621_gcc-5.4.0_musl-1.1.24.Linux-x86_64/toolchain-mipsel_24kc_gcc-5.4.0_musl-1.1.24/bin/mipsel-openwrt-linux-musl-strip -R .note -R .comment
configure:6616: checking for mipsel-linux-ranlib
configure:6643: result: /opt/lede-toolchain-ramips-mt7621_gcc-5.4.0_musl-1.1.24.Linux-x86_64/toolchain-mipsel_24kc_gcc-5.4.0_musl-1.1.24/bin/mipsel-openwrt-linux-musl-ranlib
configure:6785: checking command to parse /opt/lede-toolchain-ramips-mt7621_gcc-5.4.0_musl-1.1.24.Linux-x86_64/toolchain-mipsel_24kc_gcc-5.4.0_musl-1.1.24/bin/mipsel-openwrt-linux-musl-nm output from /opt/lede-toolchain-ramips-mt7621_gcc-5.4.0_musl-1.1.24.Linux-x86_64/toolchain-mipsel_24kc_gcc-5.4.0_musl-1.1.24/bin/mipsel-openwrt-linux-musl-gcc object
configure:6938: /opt/lede-toolchain-ramips-mt7621_gcc-5.4.0_musl-1.1.24.Linux-x86_64/toolchain-mipsel_24kc_gcc-5.4.0_musl-1.1.24/bin/mipsel-openwrt-linux-musl-gcc -c -g -O2 -I/repo/Pass_GPL/asuswrt/release/src-ra-openwrt-4210/router/mipsel-musl/stage/usr/include  conftest.c >&5
configure:6941: $? = 0
configure:6945: /opt/lede-toolchain-ramips-mt7621_gcc-5.4.0_musl-1.1.24.Linux-x86_64/toolchain-mipsel_24kc_gcc-5.4.0_musl-1.1.24/bin/mipsel-openwrt-linux-musl-nm conftest.o \| sed -n -e 's/^.*[ ]\([ABCDGIRSTW][ABCDGIRSTW]*\)[ ][ ]*\([_A-Za-z][_A-Za-z0-9]*\)$/\1 \2 \2/p' | sed '/ __gnu_lto/d' \> conftest.nm
configure:6948: $? = 0
configure:7014: /opt/lede-toolchain-ramips-mt7621_gcc-5.4.0_musl-1.1.24.Linux-x86_64/toolchain-mipsel_24kc_gcc-5.4.0_musl-1.1.24/bin/mipsel-openwrt-linux-musl-gcc -o conftest -g -O2 -I/repo/Pass_GPL/asuswrt/release/src-ra-openwrt-4210/router/mipsel-musl/stage/usr/include  -L/repo/Pass_GPL/asuswrt/release/src-ra-openwrt-4210/router/lldpd-0.9.8/lib -lm -L/repo/Pass_GPL/asuswrt/release/src-ra-openwrt-4210/router/mipsel-musl/stage/usr/lib -ljansson -L/repo/Pass_GPL/asuswrt/release/src-ra-openwrt-4210/router/json-c/.libs -ldl conftest.c conftstm.o >&5
configure:7017: $? = 0
configure:7055: result: ok
configure:7102: checking for sysroot
configure:7132: result: no
configure:7139: checking for a working dd
configure:7177: result: /bin/dd
configure:7181: checking how to truncate binary pipes
configure:7196: result: /bin/dd bs=4096 count=1
configure:7485: checking for mipsel-linux-mt
configure:7515: result: no
configure:7525: checking for mt
configure:7555: result: no
configure:7575: checking if : is a manifest tool
configure:7581: : '-?'
configure:7589: result: no
configure:8266: checking how to run the C preprocessor
configure:8297: /opt/lede-toolchain-ramips-mt7621_gcc-5.4.0_musl-1.1.24.Linux-x86_64/toolchain-mipsel_24kc_gcc-5.4.0_musl-1.1.24/bin/mipsel-openwrt-linux-musl-gcc -E  conftest.c
configure:8297: $? = 0
configure:8311: /opt/lede-toolchain-ramips-mt7621_gcc-5.4.0_musl-1.1.24.Linux-x86_64/toolchain-mipsel_24kc_gcc-5.4.0_musl-1.1.24/bin/mipsel-openwrt-linux-musl-gcc -E  conftest.c
conftest.c:11:28: fatal error: ac_nonexistent.h: No such file or directory
compilation terminated.
configure:8311: $? = 1
configure: failed program was:
| /* confdefs.h */
| #define PACKAGE_NAME "lldpd"
| #define PACKAGE_TARNAME "lldpd"
| #define PACKAGE_VERSION "0.9.8"
| #define PACKAGE_STRING "lldpd 0.9.8"
| #define PACKAGE_BUGREPORT "https://github.com/vincentbernat/lldpd/issues"
| #define PACKAGE_URL "http://vincentbernat.github.io/lldpd/"
| #define PACKAGE "lldpd"
| #define VERSION "0.9.8"
| /* end confdefs.h.  */
| #include <ac_nonexistent.h>
configure:8336: result: /opt/lede-toolchain-ramips-mt7621_gcc-5.4.0_musl-1.1.24.Linux-x86_64/toolchain-mipsel_24kc_gcc-5.4.0_musl-1.1.24/bin/mipsel-openwrt-linux-musl-gcc -E
configure:8356: /opt/lede-toolchain-ramips-mt7621_gcc-5.4.0_musl-1.1.24.Linux-x86_64/toolchain-mipsel_24kc_gcc-5.4.0_musl-1.1.24/bin/mipsel-openwrt-linux-musl-gcc -E  conftest.c
configure:8356: $? = 0
configure:8370: /opt/lede-toolchain-ramips-mt7621_gcc-5.4.0_musl-1.1.24.Linux-x86_64/toolchain-mipsel_24kc_gcc-5.4.0_musl-1.1.24/bin/mipsel-openwrt-linux-musl-gcc -E  conftest.c
conftest.c:11:28: fatal error: ac_nonexistent.h: No such file or directory
compilation terminated.
configure:8370: $? = 1
configure: failed program was:
| /* confdefs.h */
| #define PACKAGE_NAME "lldpd"
| #define PACKAGE_TARNAME "lldpd"
| #define PACKAGE_VERSION "0.9.8"
| #define PACKAGE_STRING "lldpd 0.9.8"
| #define PACKAGE_BUGREPORT "https://github.com/vincentbernat/lldpd/issues"
| #define PACKAGE_URL "http://vincentbernat.github.io/lldpd/"
| #define PACKAGE "lldpd"
| #define VERSION "0.9.8"
| /* end confdefs.h.  */
| #include <ac_nonexistent.h>
configure:8399: checking for ANSI C header files
configure:8419: /opt/lede-toolchain-ramips-mt7621_gcc-5.4.0_musl-1.1.24.Linux-x86_64/toolchain-mipsel_24kc_gcc-5.4.0_musl-1.1.24/bin/mipsel-openwrt-linux-musl-gcc -c -g -O2 -I/repo/Pass_GPL/asuswrt/release/src-ra-openwrt-4210/router/mipsel-musl/stage/usr/include  conftest.c >&5
configure:8419: $? = 0
configure:8503: result: yes
configure:8516: checking for sys/types.h
configure:8516: /opt/lede-toolchain-ramips-mt7621_gcc-5.4.0_musl-1.1.24.Linux-x86_64/toolchain-mipsel_24kc_gcc-5.4.0_musl-1.1.24/bin/mipsel-openwrt-linux-musl-gcc -c -g -O2 -I/repo/Pass_GPL/asuswrt/release/src-ra-openwrt-4210/router/mipsel-musl/stage/usr/include  conftest.c >&5
configure:8516: $? = 0
configure:8516: result: yes
configure:8516: checking for sys/stat.h
configure:8516: /opt/lede-toolchain-ramips-mt7621_gcc-5.4.0_musl-1.1.24.Linux-x86_64/toolchain-mipsel_24kc_gcc-5.4.0_musl-1.1.24/bin/mipsel-openwrt-linux-musl-gcc -c -g -O2 -I/repo/Pass_GPL/asuswrt/release/src-ra-openwrt-4210/router/mipsel-musl/stage/usr/include  conftest.c >&5
configure:8516: $? = 0
configure:8516: result: yes
configure:8516: checking for stdlib.h
configure:8516: /opt/lede-toolchain-ramips-mt7621_gcc-5.4.0_musl-1.1.24.Linux-x86_64/toolchain-mipsel_24kc_gcc-5.4.0_musl-1.1.24/bin/mipsel-openwrt-linux-musl-gcc -c -g -O2 -I/repo/Pass_GPL/asuswrt/release/src-ra-openwrt-4210/router/mipsel-musl/stage/usr/include  conftest.c >&5
configure:8516: $? = 0
configure:8516: result: yes
configure:8516: checking for string.h
configure:8516: /opt/lede-toolchain-ramips-mt7621_gcc-5.4.0_musl-1.1.24.Linux-x86_64/toolchain-mipsel_24kc_gcc-5.4.0_musl-1.1.24/bin/mipsel-openwrt-linux-musl-gcc -c -g -O2 -I/repo/Pass_GPL/asuswrt/release/src-ra-openwrt-4210/router/mipsel-musl/stage/usr/include  conftest.c >&5
configure:8516: $? = 0
configure:8516: result: yes
configure:8516: checking for memory.h
configure:8516: /opt/lede-toolchain-ramips-mt7621_gcc-5.4.0_musl-1.1.24.Linux-x86_64/toolchain-mipsel_24kc_gcc-5.4.0_musl-1.1.24/bin/mipsel-openwrt-linux-musl-gcc -c -g -O2 -I/repo/Pass_GPL/asuswrt/release/src-ra-openwrt-4210/router/mipsel-musl/stage/usr/include  conftest.c >&5
configure:8516: $? = 0
configure:8516: result: yes
configure:8516: checking for strings.h
configure:8516: /opt/lede-toolchain-ramips-mt7621_gcc-5.4.0_musl-1.1.24.Linux-x86_64/toolchain-mipsel_24kc_gcc-5.4.0_musl-1.1.24/bin/mipsel-openwrt-linux-musl-gcc -c -g -O2 -I/repo/Pass_GPL/asuswrt/release/src-ra-openwrt-4210/router/mipsel-musl/stage/usr/include  conftest.c >&5
configure:8516: $? = 0
configure:8516: result: yes
configure:8516: checking for inttypes.h
configure:8516: /opt/lede-toolchain-ramips-mt7621_gcc-5.4.0_musl-1.1.24.Linux-x86_64/toolchain-mipsel_24kc_gcc-5.4.0_musl-1.1.24/bin/mipsel-openwrt-linux-musl-gcc -c -g -O2 -I/repo/Pass_GPL/asuswrt/release/src-ra-openwrt-4210/router/mipsel-musl/stage/usr/include  conftest.c >&5
configure:8516: $? = 0
configure:8516: result: yes
configure:8516: checking for stdint.h
configure:8516: /opt/lede-toolchain-ramips-mt7621_gcc-5.4.0_musl-1.1.24.Linux-x86_64/toolchain-mipsel_24kc_gcc-5.4.0_musl-1.1.24/bin/mipsel-openwrt-linux-musl-gcc -c -g -O2 -I/repo/Pass_GPL/asuswrt/release/src-ra-openwrt-4210/router/mipsel-musl/stage/usr/include  conftest.c >&5
configure:8516: $? = 0
configure:8516: result: yes
configure:8516: checking for unistd.h
configure:8516: /opt/lede-toolchain-ramips-mt7621_gcc-5.4.0_musl-1.1.24.Linux-x86_64/toolchain-mipsel_24kc_gcc-5.4.0_musl-1.1.24/bin/mipsel-openwrt-linux-musl-gcc -c -g -O2 -I/repo/Pass_GPL/asuswrt/release/src-ra-openwrt-4210/router/mipsel-musl/stage/usr/include  conftest.c >&5
configure:8516: $? = 0
configure:8516: result: yes
configure:8530: checking for dlfcn.h
configure:8530: /opt/lede-toolchain-ramips-mt7621_gcc-5.4.0_musl-1.1.24.Linux-x86_64/toolchain-mipsel_24kc_gcc-5.4.0_musl-1.1.24/bin/mipsel-openwrt-linux-musl-gcc -c -g -O2 -I/repo/Pass_GPL/asuswrt/release/src-ra-openwrt-4210/router/mipsel-musl/stage/usr/include  conftest.c >&5
configure:8530: $? = 0
configure:8530: result: yes
configure:8786: checking for objdir
configure:8801: result: .libs
configure:9065: checking if /opt/lede-toolchain-ramips-mt7621_gcc-5.4.0_musl-1.1.24.Linux-x86_64/toolchain-mipsel_24kc_gcc-5.4.0_musl-1.1.24/bin/mipsel-openwrt-linux-musl-gcc supports -fno-rtti -fno-exceptions
configure:9083: /opt/lede-toolchain-ramips-mt7621_gcc-5.4.0_musl-1.1.24.Linux-x86_64/toolchain-mipsel_24kc_gcc-5.4.0_musl-1.1.24/bin/mipsel-openwrt-linux-musl-gcc -c -g -O2 -I/repo/Pass_GPL/asuswrt/release/src-ra-openwrt-4210/router/mipsel-musl/stage/usr/include  -fno-rtti -fno-exceptions conftest.c >&5
cc1: warning: command line option '-fno-rtti' is valid for C++/ObjC++ but not for C
configure:9087: $? = 0
configure:9100: result: no
configure:9458: checking for /opt/lede-toolchain-ramips-mt7621_gcc-5.4.0_musl-1.1.24.Linux-x86_64/toolchain-mipsel_24kc_gcc-5.4.0_musl-1.1.24/bin/mipsel-openwrt-linux-musl-gcc option to produce PIC
configure:9465: result: -fPIC -DPIC
configure:9473: checking if /opt/lede-toolchain-ramips-mt7621_gcc-5.4.0_musl-1.1.24.Linux-x86_64/toolchain-mipsel_24kc_gcc-5.4.0_musl-1.1.24/bin/mipsel-openwrt-linux-musl-gcc PIC flag -fPIC -DPIC works
configure:9491: /opt/lede-toolchain-ramips-mt7621_gcc-5.4.0_musl-1.1.24.Linux-x86_64/toolchain-mipsel_24kc_gcc-5.4.0_musl-1.1.24/bin/mipsel-openwrt-linux-musl-gcc -c -g -O2 -I/repo/Pass_GPL/asuswrt/release/src-ra-openwrt-4210/router/mipsel-musl/stage/usr/include  -fPIC -DPIC -DPIC conftest.c >&5
configure:9495: $? = 0
configure:9508: result: yes
configure:9537: checking if /opt/lede-toolchain-ramips-mt7621_gcc-5.4.0_musl-1.1.24.Linux-x86_64/toolchain-mipsel_24kc_gcc-5.4.0_musl-1.1.24/bin/mipsel-openwrt-linux-musl-gcc static flag -static works
configure:9565: result: yes
configure:9580: checking if /opt/lede-toolchain-ramips-mt7621_gcc-5.4.0_musl-1.1.24.Linux-x86_64/toolchain-mipsel_24kc_gcc-5.4.0_musl-1.1.24/bin/mipsel-openwrt-linux-musl-gcc supports -c -o file.o
configure:9601: /opt/lede-toolchain-ramips-mt7621_gcc-5.4.0_musl-1.1.24.Linux-x86_64/toolchain-mipsel_24kc_gcc-5.4.0_musl-1.1.24/bin/mipsel-openwrt-linux-musl-gcc -c -g -O2 -I/repo/Pass_GPL/asuswrt/release/src-ra-openwrt-4210/router/mipsel-musl/stage/usr/include  -o out/conftest2.o conftest.c >&5
configure:9605: $? = 0
configure:9627: result: yes
configure:9635: checking if /opt/lede-toolchain-ramips-mt7621_gcc-5.4.0_musl-1.1.24.Linux-x86_64/toolchain-mipsel_24kc_gcc-5.4.0_musl-1.1.24/bin/mipsel-openwrt-linux-musl-gcc supports -c -o file.o
configure:9682: result: yes
configure:9715: checking whether the /opt/lede-toolchain-ramips-mt7621_gcc-5.4.0_musl-1.1.24.Linux-x86_64/toolchain-mipsel_24kc_gcc-5.4.0_musl-1.1.24/bin/mipsel-openwrt-linux-musl-gcc linker (/opt/lede-toolchain-ramips-mt7621_gcc-5.4.0_musl-1.1.24.Linux-x86_64/toolchain-mipsel_24kc_gcc-5.4.0_musl-1.1.24/bin/mipsel-openwrt-linux-musl-ld) supports shared libraries
configure:10978: result: yes
configure:11015: checking whether -lc should be explicitly linked in
configure:11023: /opt/lede-toolchain-ramips-mt7621_gcc-5.4.0_musl-1.1.24.Linux-x86_64/toolchain-mipsel_24kc_gcc-5.4.0_musl-1.1.24/bin/mipsel-openwrt-linux-musl-gcc -c -g -O2 -I/repo/Pass_GPL/asuswrt/release/src-ra-openwrt-4210/router/mipsel-musl/stage/usr/include  conftest.c >&5
configure:11026: $? = 0
configure:11041: /opt/lede-toolchain-ramips-mt7621_gcc-5.4.0_musl-1.1.24.Linux-x86_64/toolchain-mipsel_24kc_gcc-5.4.0_musl-1.1.24/bin/mipsel-openwrt-linux-musl-gcc -shared  -fPIC -DPIC conftest.o  -v -Wl,-soname -Wl,conftest -o conftest 2\>\&1 \| /bin/grep  -lc  \>/dev/null 2\>\&1
configure:11044: $? = 0
configure:11058: result: no
configure:11218: checking dynamic linker characteristics
configure:11799: /opt/lede-toolchain-ramips-mt7621_gcc-5.4.0_musl-1.1.24.Linux-x86_64/toolchain-mipsel_24kc_gcc-5.4.0_musl-1.1.24/bin/mipsel-openwrt-linux-musl-gcc -o conftest -g -O2 -I/repo/Pass_GPL/asuswrt/release/src-ra-openwrt-4210/router/mipsel-musl/stage/usr/include  -L/repo/Pass_GPL/asuswrt/release/src-ra-openwrt-4210/router/lldpd-0.9.8/lib -lm -L/repo/Pass_GPL/asuswrt/release/src-ra-openwrt-4210/router/mipsel-musl/stage/usr/lib -ljansson -L/repo/Pass_GPL/asuswrt/release/src-ra-openwrt-4210/router/json-c/.libs -ldl -Wl,-rpath -Wl,/foo conftest.c  >&5
configure:11799: $? = 0
configure:12048: result: GNU/Linux ld.so
configure:12170: checking how to hardcode library paths into programs
configure:12195: result: immediate
configure:12743: checking whether stripping libraries is possible
configure:12748: result: yes
configure:12783: checking if libtool supports shared libraries
configure:12785: result: yes
configure:12788: checking whether to build shared libraries
configure:12813: result: yes
configure:12816: checking whether to build static libraries
configure:12820: result: yes
configure:12864: checking if LD -Wl,--version-script works
configure:12882: /opt/lede-toolchain-ramips-mt7621_gcc-5.4.0_musl-1.1.24.Linux-x86_64/toolchain-mipsel_24kc_gcc-5.4.0_musl-1.1.24/bin/mipsel-openwrt-linux-musl-gcc -o conftest -g -O2 -I/repo/Pass_GPL/asuswrt/release/src-ra-openwrt-4210/router/mipsel-musl/stage/usr/include  -L/repo/Pass_GPL/asuswrt/release/src-ra-openwrt-4210/router/lldpd-0.9.8/lib -lm -L/repo/Pass_GPL/asuswrt/release/src-ra-openwrt-4210/router/mipsel-musl/stage/usr/lib -ljansson -L/repo/Pass_GPL/asuswrt/release/src-ra-openwrt-4210/router/json-c/.libs -ldl -Wl,--version-script=conftest.map conftest.c  >&5
/opt/lede-toolchain-ramips-mt7621_gcc-5.4.0_musl-1.1.24.Linux-x86_64/toolchain-mipsel_24kc_gcc-5.4.0_musl-1.1.24/bin/../lib/gcc/mipsel-openwrt-linux-musl/5.4.0/../../../../mipsel-openwrt-linux-musl/bin/ld:conftest.map:2: syntax error in VERSION script
collect2: error: ld returned 1 exit status
configure:12882: $? = 1
configure: failed program was:
| /* confdefs.h */
| #define PACKAGE_NAME "lldpd"
| #define PACKAGE_TARNAME "lldpd"
| #define PACKAGE_VERSION "0.9.8"
| #define PACKAGE_STRING "lldpd 0.9.8"
| #define PACKAGE_BUGREPORT "https://github.com/vincentbernat/lldpd/issues"
| #define PACKAGE_URL "http://vincentbernat.github.io/lldpd/"
| #define PACKAGE "lldpd"
| #define VERSION "0.9.8"
| #define STDC_HEADERS 1
| #define HAVE_SYS_TYPES_H 1
| #define HAVE_SYS_STAT_H 1
| #define HAVE_STDLIB_H 1
| #define HAVE_STRING_H 1
| #define HAVE_MEMORY_H 1
| #define HAVE_STRINGS_H 1
| #define HAVE_INTTYPES_H 1
| #define HAVE_STDINT_H 1
| #define HAVE_UNISTD_H 1
| #define HAVE_DLFCN_H 1
| #define LT_OBJDIR ".libs/"
| /* end confdefs.h.  */
| 
| int
| main ()
| {
| 
|   ;
|   return 0;
| }
configure:12910: /opt/lede-toolchain-ramips-mt7621_gcc-5.4.0_musl-1.1.24.Linux-x86_64/toolchain-mipsel_24kc_gcc-5.4.0_musl-1.1.24/bin/mipsel-openwrt-linux-musl-gcc -o conftest -g -O2 -I/repo/Pass_GPL/asuswrt/release/src-ra-openwrt-4210/router/mipsel-musl/stage/usr/include  -L/repo/Pass_GPL/asuswrt/release/src-ra-openwrt-4210/router/lldpd-0.9.8/lib -lm -L/repo/Pass_GPL/asuswrt/release/src-ra-openwrt-4210/router/mipsel-musl/stage/usr/lib -ljansson -L/repo/Pass_GPL/asuswrt/release/src-ra-openwrt-4210/router/json-c/.libs -ldl -Wl,--version-script=conftest.map conftest.c  >&5
configure:12910: $? = 0
configure:12922: result: yes
configure:12947: checking for mipsel-linux-gcc
configure:12974: result: /opt/lede-toolchain-ramips-mt7621_gcc-5.4.0_musl-1.1.24.Linux-x86_64/toolchain-mipsel_24kc_gcc-5.4.0_musl-1.1.24/bin/mipsel-openwrt-linux-musl-gcc
configure:13243: checking for C compiler version
configure:13252: /opt/lede-toolchain-ramips-mt7621_gcc-5.4.0_musl-1.1.24.Linux-x86_64/toolchain-mipsel_24kc_gcc-5.4.0_musl-1.1.24/bin/mipsel-openwrt-linux-musl-gcc --version >&5
mipsel-openwrt-linux-musl-gcc.bin (LEDE GCC 5.4.0 unknown) 5.4.0
Copyright (C) 2015 Free Software Foundation, Inc.
This is free software; see the source for copying conditions.  There is NO
warranty; not even for MERCHANTABILITY or FITNESS FOR A PARTICULAR PURPOSE.

configure:13263: $? = 0
configure:13252: /opt/lede-toolchain-ramips-mt7621_gcc-5.4.0_musl-1.1.24.Linux-x86_64/toolchain-mipsel_24kc_gcc-5.4.0_musl-1.1.24/bin/mipsel-openwrt-linux-musl-gcc -v >&5
Reading specs from /opt/lede-toolchain-ramips-mt7621_gcc-5.4.0_musl-1.1.24.Linux-x86_64/toolchain-mipsel_24kc_gcc-5.4.0_musl-1.1.24/bin/../lib/gcc/mipsel-openwrt-linux-musl/5.4.0/specs
COLLECT_GCC=mipsel-openwrt-linux-musl-gcc.bin
COLLECT_LTO_WRAPPER=/opt/lede-toolchain-ramips-mt7621_gcc-5.4.0_musl-1.1.24.Linux-x86_64/toolchain-mipsel_24kc_gcc-5.4.0_musl-1.1.24/bin/../libexec/gcc/mipsel-openwrt-linux-musl/5.4.0/lto-wrapper
Target: mipsel-openwrt-linux-musl
Configured with: /data2/heidi_wen/SW4_git/OpenWRT_4210_20230308/mtk-openwrt-lede-4.2.1.0/build_dir/toolchain-mipsel_24kc_gcc-5.4.0_musl-1.1.24/gcc-5.4.0/configure --with-bugurl=http://www.lede-project.org/bugs/ --with-pkgversion='LEDE GCC 5.4.0 unknown' --prefix=/data2/heidi_wen/SW4_git/OpenWRT_4210_20230308/mtk-openwrt-lede-4.2.1.0/staging_dir/toolchain-mipsel_24kc_gcc-5.4.0_musl-1.1.24 --build=x86_64-linux-gnu --host=x86_64-linux-gnu --target=mipsel-openwrt-linux-musl --with-gnu-ld --enable-target-optspace --disable-libgomp --disable-libmudflap --disable-multilib --disable-libmpx --disable-nls --without-isl --without-cloog --with-host-libstdcxx=-lstdc++ --with-float=soft --with-gmp=/data2/heidi_wen/SW4_git/OpenWRT_4210_20230308/mtk-openwrt-lede-4.2.1.0/staging_dir/host --with-mpfr=/data2/heidi_wen/SW4_git/OpenWRT_4210_20230308/mtk-openwrt-lede-4.2.1.0/staging_dir/host --with-mpc=/data2/heidi_wen/SW4_git/OpenWRT_4210_20230308/mtk-openwrt-lede-4.2.1.0/staging_dir/host --disable-decimal-float --with-mips-plt --with-diagnostics-color=auto-if-env --disable-libssp --enable-__cxa_atexit --with-headers=/data2/heidi_wen/SW4_git/OpenWRT_4210_20230308/mtk-openwrt-lede-4.2.1.0/staging_dir/toolchain-mipsel_24kc_gcc-5.4.0_musl-1.1.24/include --disable-libsanitizer --enable-languages=c,c++ --enable-shared --enable-threads --with-slibdir=/data2/heidi_wen/SW4_git/OpenWRT_4210_20230308/mtk-openwrt-lede-4.2.1.0/staging_dir/toolchain-mipsel_24kc_gcc-5.4.0_musl-1.1.24/lib --enable-lto --with-libelf=/data2/heidi_wen/SW4_git/OpenWRT_4210_20230308/mtk-openwrt-lede-4.2.1.0/staging_dir/host
Thread model: posix
gcc version 5.4.0 (LEDE GCC 5.4.0 unknown) 
COMPILER_PATH=/opt/lede-toolchain-ramips-mt7621_gcc-5.4.0_musl-1.1.24.Linux-x86_64/toolchain-mipsel_24kc_gcc-5.4.0_musl-1.1.24/bin/../libexec/gcc/mipsel-openwrt-linux-musl/5.4.0/:/opt/lede-toolchain-ramips-mt7621_gcc-5.4.0_musl-1.1.24.Linux-x86_64/toolchain-mipsel_24kc_gcc-5.4.0_musl-1.1.24/bin/../libexec/gcc/:/opt/lede-toolchain-ramips-mt7621_gcc-5.4.0_musl-1.1.24.Linux-x86_64/toolchain-mipsel_24kc_gcc-5.4.0_musl-1.1.24/bin/../lib/gcc/mipsel-openwrt-linux-musl/5.4.0/../../../../mipsel-openwrt-linux-musl/bin/
LIBRARY_PATH=/opt/lede-toolchain-ramips-mt7621_gcc-5.4.0_musl-1.1.24.Linux-x86_64/toolchain-mipsel_24kc_gcc-5.4.0_musl-1.1.24/bin/../lib/gcc/mipsel-openwrt-linux-musl/5.4.0/:/opt/lede-toolchain-ramips-mt7621_gcc-5.4.0_musl-1.1.24.Linux-x86_64/toolchain-mipsel_24kc_gcc-5.4.0_musl-1.1.24/bin/../lib/gcc/:/opt/lede-toolchain-ramips-mt7621_gcc-5.4.0_musl-1.1.24.Linux-x86_64/toolchain-mipsel_24kc_gcc-5.4.0_musl-1.1.24/bin/../lib/gcc/mipsel-openwrt-linux-musl/5.4.0/../../../../mipsel-openwrt-linux-musl/lib/
COLLECT_GCC_OPTIONS='-v' '-msoft-float' '-mllsc' '-mplt' '-mno-shared' '-EL' '-mabi=32'
... rest of stderr output deleted ...
configure:13263: $? = 1
configure:13252: /opt/lede-toolchain-ramips-mt7621_gcc-5.4.0_musl-1.1.24.Linux-x86_64/toolchain-mipsel_24kc_gcc-5.4.0_musl-1.1.24/bin/mipsel-openwrt-linux-musl-gcc -V >&5
mipsel-openwrt-linux-musl-gcc.bin: error: unrecognized command line option '-V'
configure:13263: $? = 1
configure:13252: /opt/lede-toolchain-ramips-mt7621_gcc-5.4.0_musl-1.1.24.Linux-x86_64/toolchain-mipsel_24kc_gcc-5.4.0_musl-1.1.24/bin/mipsel-openwrt-linux-musl-gcc -qversion >&5
mipsel-openwrt-linux-musl-gcc.bin: error: unrecognized command line option '-qversion'
configure:13263: $? = 1
configure:13267: checking whether we are using the GNU C compiler
configure:13295: result: yes
configure:13304: checking whether /opt/lede-toolchain-ramips-mt7621_gcc-5.4.0_musl-1.1.24.Linux-x86_64/toolchain-mipsel_24kc_gcc-5.4.0_musl-1.1.24/bin/mipsel-openwrt-linux-musl-gcc accepts -g
configure:13365: result: yes
configure:13382: checking for /opt/lede-toolchain-ramips-mt7621_gcc-5.4.0_musl-1.1.24.Linux-x86_64/toolchain-mipsel_24kc_gcc-5.4.0_musl-1.1.24/bin/mipsel-openwrt-linux-musl-gcc option to accept ISO C89
configure:13458: result: none needed
configure:13483: checking whether /opt/lede-toolchain-ramips-mt7621_gcc-5.4.0_musl-1.1.24.Linux-x86_64/toolchain-mipsel_24kc_gcc-5.4.0_musl-1.1.24/bin/mipsel-openwrt-linux-musl-gcc understands -c and -o together
configure:13520: result: yes
configure:13539: checking dependency style of /opt/lede-toolchain-ramips-mt7621_gcc-5.4.0_musl-1.1.24.Linux-x86_64/toolchain-mipsel_24kc_gcc-5.4.0_musl-1.1.24/bin/mipsel-openwrt-linux-musl-gcc
configure:13650: result: gcc3
configure:13665: checking for /opt/lede-toolchain-ramips-mt7621_gcc-5.4.0_musl-1.1.24.Linux-x86_64/toolchain-mipsel_24kc_gcc-5.4.0_musl-1.1.24/bin/mipsel-openwrt-linux-musl-gcc option to accept ISO C99
configure:13814: /opt/lede-toolchain-ramips-mt7621_gcc-5.4.0_musl-1.1.24.Linux-x86_64/toolchain-mipsel_24kc_gcc-5.4.0_musl-1.1.24/bin/mipsel-openwrt-linux-musl-gcc  -c -g -O2 -I/repo/Pass_GPL/asuswrt/release/src-ra-openwrt-4210/router/mipsel-musl/stage/usr/include  conftest.c >&5
configure:13814: $? = 0
configure:13827: result: none needed
configure:13960: checking for C++ compiler version
configure:13969: /opt/lede-toolchain-ramips-mt7621_gcc-5.4.0_musl-1.1.24.Linux-x86_64/toolchain-mipsel_24kc_gcc-5.4.0_musl-1.1.24/bin/mipsel-openwrt-linux-musl-g++ --version >&5
mipsel-openwrt-linux-musl-g++.bin (LEDE GCC 5.4.0 unknown) 5.4.0
Copyright (C) 2015 Free Software Foundation, Inc.
This is free software; see the source for copying conditions.  There is NO
warranty; not even for MERCHANTABILITY or FITNESS FOR A PARTICULAR PURPOSE.

configure:13980: $? = 0
configure:13969: /opt/lede-toolchain-ramips-mt7621_gcc-5.4.0_musl-1.1.24.Linux-x86_64/toolchain-mipsel_24kc_gcc-5.4.0_musl-1.1.24/bin/mipsel-openwrt-linux-musl-g++ -v >&5
Reading specs from /opt/lede-toolchain-ramips-mt7621_gcc-5.4.0_musl-1.1.24.Linux-x86_64/toolchain-mipsel_24kc_gcc-5.4.0_musl-1.1.24/bin/../lib/gcc/mipsel-openwrt-linux-musl/5.4.0/specs
COLLECT_GCC=mipsel-openwrt-linux-musl-g++.bin
COLLECT_LTO_WRAPPER=/opt/lede-toolchain-ramips-mt7621_gcc-5.4.0_musl-1.1.24.Linux-x86_64/toolchain-mipsel_24kc_gcc-5.4.0_musl-1.1.24/bin/../libexec/gcc/mipsel-openwrt-linux-musl/5.4.0/lto-wrapper
Target: mipsel-openwrt-linux-musl
Configured with: /data2/heidi_wen/SW4_git/OpenWRT_4210_20230308/mtk-openwrt-lede-4.2.1.0/build_dir/toolchain-mipsel_24kc_gcc-5.4.0_musl-1.1.24/gcc-5.4.0/configure --with-bugurl=http://www.lede-project.org/bugs/ --with-pkgversion='LEDE GCC 5.4.0 unknown' --prefix=/data2/heidi_wen/SW4_git/OpenWRT_4210_20230308/mtk-openwrt-lede-4.2.1.0/staging_dir/toolchain-mipsel_24kc_gcc-5.4.0_musl-1.1.24 --build=x86_64-linux-gnu --host=x86_64-linux-gnu --target=mipsel-openwrt-linux-musl --with-gnu-ld --enable-target-optspace --disable-libgomp --disable-libmudflap --disable-multilib --disable-libmpx --disable-nls --without-isl --without-cloog --with-host-libstdcxx=-lstdc++ --with-float=soft --with-gmp=/data2/heidi_wen/SW4_git/OpenWRT_4210_20230308/mtk-openwrt-lede-4.2.1.0/staging_dir/host --with-mpfr=/data2/heidi_wen/SW4_git/OpenWRT_4210_20230308/mtk-openwrt-lede-4.2.1.0/staging_dir/host --with-mpc=/data2/heidi_wen/SW4_git/OpenWRT_4210_20230308/mtk-openwrt-lede-4.2.1.0/staging_dir/host --disable-decimal-float --with-mips-plt --with-diagnostics-color=auto-if-env --disable-libssp --enable-__cxa_atexit --with-headers=/data2/heidi_wen/SW4_git/OpenWRT_4210_20230308/mtk-openwrt-lede-4.2.1.0/staging_dir/toolchain-mipsel_24kc_gcc-5.4.0_musl-1.1.24/include --disable-libsanitizer --enable-languages=c,c++ --enable-shared --enable-threads --with-slibdir=/data2/heidi_wen/SW4_git/OpenWRT_4210_20230308/mtk-openwrt-lede-4.2.1.0/staging_dir/toolchain-mipsel_24kc_gcc-5.4.0_musl-1.1.24/lib --enable-lto --with-libelf=/data2/heidi_wen/SW4_git/OpenWRT_4210_20230308/mtk-openwrt-lede-4.2.1.0/staging_dir/host
Thread model: posix
gcc version 5.4.0 (LEDE GCC 5.4.0 unknown) 
COMPILER_PATH=/opt/lede-toolchain-ramips-mt7621_gcc-5.4.0_musl-1.1.24.Linux-x86_64/toolchain-mipsel_24kc_gcc-5.4.0_musl-1.1.24/bin/../libexec/gcc/mipsel-openwrt-linux-musl/5.4.0/:/opt/lede-toolchain-ramips-mt7621_gcc-5.4.0_musl-1.1.24.Linux-x86_64/toolchain-mipsel_24kc_gcc-5.4.0_musl-1.1.24/bin/../libexec/gcc/:/opt/lede-toolchain-ramips-mt7621_gcc-5.4.0_musl-1.1.24.Linux-x86_64/toolchain-mipsel_24kc_gcc-5.4.0_musl-1.1.24/bin/../lib/gcc/mipsel-openwrt-linux-musl/5.4.0/../../../../mipsel-openwrt-linux-musl/bin/
LIBRARY_PATH=/opt/lede-toolchain-ramips-mt7621_gcc-5.4.0_musl-1.1.24.Linux-x86_64/toolchain-mipsel_24kc_gcc-5.4.0_musl-1.1.24/bin/../lib/gcc/mipsel-openwrt-linux-musl/5.4.0/:/opt/lede-toolchain-ramips-mt7621_gcc-5.4.0_musl-1.1.24.Linux-x86_64/toolchain-mipsel_24kc_gcc-5.4.0_musl-1.1.24/bin/../lib/gcc/:/opt/lede-toolchain-ramips-mt7621_gcc-5.4.0_musl-1.1.24.Linux-x86_64/toolchain-mipsel_24kc_gcc-5.4.0_musl-1.1.24/bin/../lib/gcc/mipsel-openwrt-linux-musl/5.4.0/../../../../mipsel-openwrt-linux-musl/lib/
COLLECT_GCC_OPTIONS='-v' '-shared-libgcc' '-msoft-float' '-mllsc' '-mplt' '-mno-shared' '-EL' '-mabi=32'
... rest of stderr output deleted ...
configure:13980: $? = 1
configure:13969: /opt/lede-toolchain-ramips-mt7621_gcc-5.4.0_musl-1.1.24.Linux-x86_64/toolchain-mipsel_24kc_gcc-5.4.0_musl-1.1.24/bin/mipsel-openwrt-linux-musl-g++ -V >&5
mipsel-openwrt-linux-musl-g++.bin: error: unrecognized command line option '-V'
configure:13980: $? = 1
configure:13969: /opt/lede-toolchain-ramips-mt7621_gcc-5.4.0_musl-1.1.24.Linux-x86_64/toolchain-mipsel_24kc_gcc-5.4.0_musl-1.1.24/bin/mipsel-openwrt-linux-musl-g++ -qversion >&5
mipsel-openwrt-linux-musl-g++.bin: error: unrecognized command line option '-qversion'
configure:13980: $? = 1
configure:13984: checking whether we are using the GNU C++ compiler
configure:14003: /opt/lede-toolchain-ramips-mt7621_gcc-5.4.0_musl-1.1.24.Linux-x86_64/toolchain-mipsel_24kc_gcc-5.4.0_musl-1.1.24/bin/mipsel-openwrt-linux-musl-g++ -c   conftest.cpp >&5
configure:14003: $? = 0
configure:14012: result: yes
configure:14021: checking whether /opt/lede-toolchain-ramips-mt7621_gcc-5.4.0_musl-1.1.24.Linux-x86_64/toolchain-mipsel_24kc_gcc-5.4.0_musl-1.1.24/bin/mipsel-openwrt-linux-musl-g++ accepts -g
configure:14041: /opt/lede-toolchain-ramips-mt7621_gcc-5.4.0_musl-1.1.24.Linux-x86_64/toolchain-mipsel_24kc_gcc-5.4.0_musl-1.1.24/bin/mipsel-openwrt-linux-musl-g++ -c -g  conftest.cpp >&5
configure:14041: $? = 0
configure:14082: result: yes
configure:14107: checking dependency style of /opt/lede-toolchain-ramips-mt7621_gcc-5.4.0_musl-1.1.24.Linux-x86_64/toolchain-mipsel_24kc_gcc-5.4.0_musl-1.1.24/bin/mipsel-openwrt-linux-musl-g++
configure:14218: result: gcc3
configure:14251: checking how to run the C++ preprocessor
configure:14278: /opt/lede-toolchain-ramips-mt7621_gcc-5.4.0_musl-1.1.24.Linux-x86_64/toolchain-mipsel_24kc_gcc-5.4.0_musl-1.1.24/bin/mipsel-openwrt-linux-musl-g++ -E  conftest.cpp
configure:14278: $? = 0
configure:14292: /opt/lede-toolchain-ramips-mt7621_gcc-5.4.0_musl-1.1.24.Linux-x86_64/toolchain-mipsel_24kc_gcc-5.4.0_musl-1.1.24/bin/mipsel-openwrt-linux-musl-g++ -E  conftest.cpp
conftest.cpp:23:28: fatal error: ac_nonexistent.h: No such file or directory
compilation terminated.
configure:14292: $? = 1
configure: failed program was:
| /* confdefs.h */
| #define PACKAGE_NAME "lldpd"
| #define PACKAGE_TARNAME "lldpd"
| #define PACKAGE_VERSION "0.9.8"
| #define PACKAGE_STRING "lldpd 0.9.8"
| #define PACKAGE_BUGREPORT "https://github.com/vincentbernat/lldpd/issues"
| #define PACKAGE_URL "http://vincentbernat.github.io/lldpd/"
| #define PACKAGE "lldpd"
| #define VERSION "0.9.8"
| #define STDC_HEADERS 1
| #define HAVE_SYS_TYPES_H 1
| #define HAVE_SYS_STAT_H 1
| #define HAVE_STDLIB_H 1
| #define HAVE_STRING_H 1
| #define HAVE_MEMORY_H 1
| #define HAVE_STRINGS_H 1
| #define HAVE_INTTYPES_H 1
| #define HAVE_STDINT_H 1
| #define HAVE_UNISTD_H 1
| #define HAVE_DLFCN_H 1
| #define LT_OBJDIR ".libs/"
| /* end confdefs.h.  */
| #include <ac_nonexistent.h>
configure:14317: result: /opt/lede-toolchain-ramips-mt7621_gcc-5.4.0_musl-1.1.24.Linux-x86_64/toolchain-mipsel_24kc_gcc-5.4.0_musl-1.1.24/bin/mipsel-openwrt-linux-musl-g++ -E
configure:14337: /opt/lede-toolchain-ramips-mt7621_gcc-5.4.0_musl-1.1.24.Linux-x86_64/toolchain-mipsel_24kc_gcc-5.4.0_musl-1.1.24/bin/mipsel-openwrt-linux-musl-g++ -E  conftest.cpp
configure:14337: $? = 0
configure:14351: /opt/lede-toolchain-ramips-mt7621_gcc-5.4.0_musl-1.1.24.Linux-x86_64/toolchain-mipsel_24kc_gcc-5.4.0_musl-1.1.24/bin/mipsel-openwrt-linux-musl-g++ -E  conftest.cpp
conftest.cpp:23:28: fatal error: ac_nonexistent.h: No such file or directory
compilation terminated.
configure:14351: $? = 1
configure: failed program was:
| /* confdefs.h */
| #define PACKAGE_NAME "lldpd"
| #define PACKAGE_TARNAME "lldpd"
| #define PACKAGE_VERSION "0.9.8"
| #define PACKAGE_STRING "lldpd 0.9.8"
| #define PACKAGE_BUGREPORT "https://github.com/vincentbernat/lldpd/issues"
| #define PACKAGE_URL "http://vincentbernat.github.io/lldpd/"
| #define PACKAGE "lldpd"
| #define VERSION "0.9.8"
| #define STDC_HEADERS 1
| #define HAVE_SYS_TYPES_H 1
| #define HAVE_SYS_STAT_H 1
| #define HAVE_STDLIB_H 1
| #define HAVE_STRING_H 1
| #define HAVE_MEMORY_H 1
| #define HAVE_STRINGS_H 1
| #define HAVE_INTTYPES_H 1
| #define HAVE_STDINT_H 1
| #define HAVE_UNISTD_H 1
| #define HAVE_DLFCN_H 1
| #define LT_OBJDIR ".libs/"
| /* end confdefs.h.  */
| #include <ac_nonexistent.h>
configure:14513: checking for ld used by /opt/lede-toolchain-ramips-mt7621_gcc-5.4.0_musl-1.1.24.Linux-x86_64/toolchain-mipsel_24kc_gcc-5.4.0_musl-1.1.24/bin/mipsel-openwrt-linux-musl-g++
configure:14580: result: /opt/lede-toolchain-ramips-mt7621_gcc-5.4.0_musl-1.1.24.Linux-x86_64/toolchain-mipsel_24kc_gcc-5.4.0_musl-1.1.24/bin/mipsel-openwrt-linux-musl-ld
configure:14587: checking if the linker (/opt/lede-toolchain-ramips-mt7621_gcc-5.4.0_musl-1.1.24.Linux-x86_64/toolchain-mipsel_24kc_gcc-5.4.0_musl-1.1.24/bin/mipsel-openwrt-linux-musl-ld) is GNU ld
configure:14602: result: yes
configure:14657: checking whether the /opt/lede-toolchain-ramips-mt7621_gcc-5.4.0_musl-1.1.24.Linux-x86_64/toolchain-mipsel_24kc_gcc-5.4.0_musl-1.1.24/bin/mipsel-openwrt-linux-musl-g++ linker (/opt/lede-toolchain-ramips-mt7621_gcc-5.4.0_musl-1.1.24.Linux-x86_64/toolchain-mipsel_24kc_gcc-5.4.0_musl-1.1.24/bin/mipsel-openwrt-linux-musl-ld) supports shared libraries
configure:15730: result: yes
configure:15766: /opt/lede-toolchain-ramips-mt7621_gcc-5.4.0_musl-1.1.24.Linux-x86_64/toolchain-mipsel_24kc_gcc-5.4.0_musl-1.1.24/bin/mipsel-openwrt-linux-musl-g++ -c -g -O2  conftest.cpp >&5
configure:15769: $? = 0
configure:16250: checking for /opt/lede-toolchain-ramips-mt7621_gcc-5.4.0_musl-1.1.24.Linux-x86_64/toolchain-mipsel_24kc_gcc-5.4.0_musl-1.1.24/bin/mipsel-openwrt-linux-musl-g++ option to produce PIC
configure:16257: result: -fPIC -DPIC
configure:16265: checking if /opt/lede-toolchain-ramips-mt7621_gcc-5.4.0_musl-1.1.24.Linux-x86_64/toolchain-mipsel_24kc_gcc-5.4.0_musl-1.1.24/bin/mipsel-openwrt-linux-musl-g++ PIC flag -fPIC -DPIC works
configure:16283: /opt/lede-toolchain-ramips-mt7621_gcc-5.4.0_musl-1.1.24.Linux-x86_64/toolchain-mipsel_24kc_gcc-5.4.0_musl-1.1.24/bin/mipsel-openwrt-linux-musl-g++ -c -g -O2  -fPIC -DPIC -DPIC conftest.cpp >&5
configure:16287: $? = 0
configure:16300: result: yes
configure:16323: checking if /opt/lede-toolchain-ramips-mt7621_gcc-5.4.0_musl-1.1.24.Linux-x86_64/toolchain-mipsel_24kc_gcc-5.4.0_musl-1.1.24/bin/mipsel-openwrt-linux-musl-g++ static flag -static works
configure:16351: result: yes
configure:16363: checking if /opt/lede-toolchain-ramips-mt7621_gcc-5.4.0_musl-1.1.24.Linux-x86_64/toolchain-mipsel_24kc_gcc-5.4.0_musl-1.1.24/bin/mipsel-openwrt-linux-musl-g++ supports -c -o file.o
configure:16384: /opt/lede-toolchain-ramips-mt7621_gcc-5.4.0_musl-1.1.24.Linux-x86_64/toolchain-mipsel_24kc_gcc-5.4.0_musl-1.1.24/bin/mipsel-openwrt-linux-musl-g++ -c -g -O2  -o out/conftest2.o conftest.cpp >&5
configure:16388: $? = 0
configure:16410: result: yes
configure:16415: checking if /opt/lede-toolchain-ramips-mt7621_gcc-5.4.0_musl-1.1.24.Linux-x86_64/toolchain-mipsel_24kc_gcc-5.4.0_musl-1.1.24/bin/mipsel-openwrt-linux-musl-g++ supports -c -o file.o
configure:16462: result: yes
configure:16492: checking whether the /opt/lede-toolchain-ramips-mt7621_gcc-5.4.0_musl-1.1.24.Linux-x86_64/toolchain-mipsel_24kc_gcc-5.4.0_musl-1.1.24/bin/mipsel-openwrt-linux-musl-g++ linker (/opt/lede-toolchain-ramips-mt7621_gcc-5.4.0_musl-1.1.24.Linux-x86_64/toolchain-mipsel_24kc_gcc-5.4.0_musl-1.1.24/bin/mipsel-openwrt-linux-musl-ld) supports shared libraries
configure:16535: result: yes
configure:16676: checking dynamic linker characteristics
configure:17433: result: GNU/Linux ld.so
configure:17498: checking how to hardcode library paths into programs
configure:17523: result: immediate
configure:17565: checking whether ln -s works
configure:17569: result: yes
configure:17576: checking for egrep
configure:17638: result: /bin/grep -E
configure:17647: checking for gawk
configure:17674: result: gawk
configure:17752: checking for mipsel-linux-doxygen
configure:17785: result: no
configure:17795: checking for doxygen
configure:17828: result: no
configure:17848: WARNING: doxygen not found - will not generate any doxygen documentation
configure:17858: checking for mipsel-linux-perl
configure:17891: result: no
configure:17901: checking for perl
configure:17919: found /usr/bin/perl
configure:17931: result: /usr/bin/perl
configure:17943: WARNING: using cross tools not prefixed with host triplet
configure:19527: checking CFLAGS for gcc -Wunknown-warning-option
configure:19554: /opt/lede-toolchain-ramips-mt7621_gcc-5.4.0_musl-1.1.24.Linux-x86_64/toolchain-mipsel_24kc_gcc-5.4.0_musl-1.1.24/bin/mipsel-openwrt-linux-musl-gcc -c -g -O2 -I/repo/Pass_GPL/asuswrt/release/src-ra-openwrt-4210/router/mipsel-musl/stage/usr/include  -pedantic -Werror  -Wunknown-warning-option  conftest.c >&5
mipsel-openwrt-linux-musl-gcc.bin: error: unrecognized command line option '-Wunknown-warning-option'
configure:19554: $? = 1
configure: failed program was:
| /* confdefs.h */
| #define PACKAGE_NAME "lldpd"
| #define PACKAGE_TARNAME "lldpd"
| #define PACKAGE_VERSION "0.9.8"
| #define PACKAGE_STRING "lldpd 0.9.8"
| #define PACKAGE_BUGREPORT "https://github.com/vincentbernat/lldpd/issues"
| #define PACKAGE_URL "http://vincentbernat.github.io/lldpd/"
| #define PACKAGE "lldpd"
| #define VERSION "0.9.8"
| #define STDC_HEADERS 1
| #define HAVE_SYS_TYPES_H 1
| #define HAVE_SYS_STAT_H 1
| #define HAVE_STDLIB_H 1
| #define HAVE_STRING_H 1
| #define HAVE_MEMORY_H 1
| #define HAVE_STRINGS_H 1
| #define HAVE_INTTYPES_H 1
| #define HAVE_STDINT_H 1
| #define HAVE_UNISTD_H 1
| #define HAVE_DLFCN_H 1
| #define LT_OBJDIR ".libs/"
| /* end confdefs.h.  */
| 
| int
| main ()
| {
| return 0;
|   ;
|   return 0;
| }
configure:19554: /opt/lede-toolchain-ramips-mt7621_gcc-5.4.0_musl-1.1.24.Linux-x86_64/toolchain-mipsel_24kc_gcc-5.4.0_musl-1.1.24/bin/mipsel-openwrt-linux-musl-gcc -c -g -O2 -I/repo/Pass_GPL/asuswrt/release/src-ra-openwrt-4210/router/mipsel-musl/stage/usr/include  -pedantic  -Wunknown-warning-option   conftest.c >&5
mipsel-openwrt-linux-musl-gcc.bin: error: unrecognized command line option '-Wunknown-warning-option'
configure:19554: $? = 1
configure: failed program was:
| /* confdefs.h */
| #define PACKAGE_NAME "lldpd"
| #define PACKAGE_TARNAME "lldpd"
| #define PACKAGE_VERSION "0.9.8"
| #define PACKAGE_STRING "lldpd 0.9.8"
| #define PACKAGE_BUGREPORT "https://github.com/vincentbernat/lldpd/issues"
| #define PACKAGE_URL "http://vincentbernat.github.io/lldpd/"
| #define PACKAGE "lldpd"
| #define VERSION "0.9.8"
| #define STDC_HEADERS 1
| #define HAVE_SYS_TYPES_H 1
| #define HAVE_SYS_STAT_H 1
| #define HAVE_STDLIB_H 1
| #define HAVE_STRING_H 1
| #define HAVE_MEMORY_H 1
| #define HAVE_STRINGS_H 1
| #define HAVE_INTTYPES_H 1
| #define HAVE_STDINT_H 1
| #define HAVE_UNISTD_H 1
| #define HAVE_DLFCN_H 1
| #define LT_OBJDIR ".libs/"
| /* end confdefs.h.  */
| 
| int
| main ()
| {
| return 0;
|   ;
|   return 0;
| }
configure:19568: result: no, unknown
configure:19591: checking CFLAGS for gcc -fdiagnostics-show-option
configure:19618: /opt/lede-toolchain-ramips-mt7621_gcc-5.4.0_musl-1.1.24.Linux-x86_64/toolchain-mipsel_24kc_gcc-5.4.0_musl-1.1.24/bin/mipsel-openwrt-linux-musl-gcc -c -g -O2 -I/repo/Pass_GPL/asuswrt/release/src-ra-openwrt-4210/router/mipsel-musl/stage/usr/include  -pedantic -Werror  -fdiagnostics-show-option  conftest.c >&5
configure:19618: $? = 0
configure:19632: result: -fdiagnostics-show-option
configure:19645: : LLDP_CFLAGS="$LLDP_CFLAGS ${ac_res}"
configure:19648: $? = 0
configure:19655: checking CFLAGS for gcc -fdiagnostics-color=auto
configure:19682: /opt/lede-toolchain-ramips-mt7621_gcc-5.4.0_musl-1.1.24.Linux-x86_64/toolchain-mipsel_24kc_gcc-5.4.0_musl-1.1.24/bin/mipsel-openwrt-linux-musl-gcc -c -g -O2 -I/repo/Pass_GPL/asuswrt/release/src-ra-openwrt-4210/router/mipsel-musl/stage/usr/include  -fdiagnostics-show-option -pedantic -Werror  -fdiagnostics-color=auto  conftest.c >&5
configure:19682: $? = 0
configure:19696: result: -fdiagnostics-color=auto
configure:19709: : LLDP_CFLAGS="$LLDP_CFLAGS ${ac_res}"
configure:19712: $? = 0
configure:19719: checking CFLAGS for gcc -pipe
configure:19746: /opt/lede-toolchain-ramips-mt7621_gcc-5.4.0_musl-1.1.24.Linux-x86_64/toolchain-mipsel_24kc_gcc-5.4.0_musl-1.1.24/bin/mipsel-openwrt-linux-musl-gcc -c -g -O2 -I/repo/Pass_GPL/asuswrt/release/src-ra-openwrt-4210/router/mipsel-musl/stage/usr/include  -fdiagnostics-show-option -fdiagnostics-color=auto -pedantic -Werror  -pipe  conftest.c >&5
configure:19746: $? = 0
configure:19760: result: -pipe
configure:19773: : LLDP_CFLAGS="$LLDP_CFLAGS ${ac_res}"
configure:19776: $? = 0
configure:19783: checking CFLAGS for gcc -Wall
configure:19810: /opt/lede-toolchain-ramips-mt7621_gcc-5.4.0_musl-1.1.24.Linux-x86_64/toolchain-mipsel_24kc_gcc-5.4.0_musl-1.1.24/bin/mipsel-openwrt-linux-musl-gcc -c -g -O2 -I/repo/Pass_GPL/asuswrt/release/src-ra-openwrt-4210/router/mipsel-musl/stage/usr/include  -fdiagnostics-show-option -fdiagnostics-color=auto -pipe -pedantic -Werror  -Wall  conftest.c >&5
configure:19810: $? = 0
configure:19824: result: -Wall
configure:19837: : LLDP_CFLAGS="$LLDP_CFLAGS ${ac_res}"
configure:19840: $? = 0
configure:19847: checking CFLAGS for gcc -W
configure:19874: /opt/lede-toolchain-ramips-mt7621_gcc-5.4.0_musl-1.1.24.Linux-x86_64/toolchain-mipsel_24kc_gcc-5.4.0_musl-1.1.24/bin/mipsel-openwrt-linux-musl-gcc -c -g -O2 -I/repo/Pass_GPL/asuswrt/release/src-ra-openwrt-4210/router/mipsel-musl/stage/usr/include  -fdiagnostics-show-option -fdiagnostics-color=auto -pipe -Wall -pedantic -Werror  -W  conftest.c >&5
configure:19874: $? = 0
configure:19888: result: -W
configure:19901: : LLDP_CFLAGS="$LLDP_CFLAGS ${ac_res}"
configure:19904: $? = 0
configure:19911: checking CFLAGS for gcc -Wextra
configure:19938: /opt/lede-toolchain-ramips-mt7621_gcc-5.4.0_musl-1.1.24.Linux-x86_64/toolchain-mipsel_24kc_gcc-5.4.0_musl-1.1.24/bin/mipsel-openwrt-linux-musl-gcc -c -g -O2 -I/repo/Pass_GPL/asuswrt/release/src-ra-openwrt-4210/router/mipsel-musl/stage/usr/include  -fdiagnostics-show-option -fdiagnostics-color=auto -pipe -Wall -W -pedantic -Werror  -Wextra  conftest.c >&5
configure:19938: $? = 0
configure:19952: result: -Wextra
configure:19965: : LLDP_CFLAGS="$LLDP_CFLAGS ${ac_res}"
configure:19968: $? = 0
configure:19975: checking CFLAGS for gcc -Wformat
configure:20002: /opt/lede-toolchain-ramips-mt7621_gcc-5.4.0_musl-1.1.24.Linux-x86_64/toolchain-mipsel_24kc_gcc-5.4.0_musl-1.1.24/bin/mipsel-openwrt-linux-musl-gcc -c -g -O2 -I/repo/Pass_GPL/asuswrt/release/src-ra-openwrt-4210/router/mipsel-musl/stage/usr/include  -fdiagnostics-show-option -fdiagnostics-color=auto -pipe -Wall -W -Wextra -pedantic -Werror  -Wformat  conftest.c >&5
configure:20002: $? = 0
configure:20016: result: -Wformat
configure:20029: : LLDP_CFLAGS="$LLDP_CFLAGS ${ac_res}"
configure:20032: $? = 0
configure:20039: checking CFLAGS for gcc -Wformat-security
configure:20066: /opt/lede-toolchain-ramips-mt7621_gcc-5.4.0_musl-1.1.24.Linux-x86_64/toolchain-mipsel_24kc_gcc-5.4.0_musl-1.1.24/bin/mipsel-openwrt-linux-musl-gcc -c -g -O2 -I/repo/Pass_GPL/asuswrt/release/src-ra-openwrt-4210/router/mipsel-musl/stage/usr/include  -fdiagnostics-show-option -fdiagnostics-color=auto -pipe -Wall -W -Wextra -Wformat -pedantic -Werror  -Wformat-security  conftest.c >&5
configure:20066: $? = 0
configure:20080: result: -Wformat-security
configure:20093: : LLDP_CFLAGS="$LLDP_CFLAGS ${ac_res}"
configure:20096: $? = 0
configure:20103: checking CFLAGS for gcc -Wfatal-errors
configure:20130: /opt/lede-toolchain-ramips-mt7621_gcc-5.4.0_musl-1.1.24.Linux-x86_64/toolchain-mipsel_24kc_gcc-5.4.0_musl-1.1.24/bin/mipsel-openwrt-linux-musl-gcc -c -g -O2 -I/repo/Pass_GPL/asuswrt/release/src-ra-openwrt-4210/router/mipsel-musl/stage/usr/include  -fdiagnostics-show-option -fdiagnostics-color=auto -pipe -Wall -W -Wextra -Wformat -Wformat-security -pedantic -Werror  -Wfatal-errors  conftest.c >&5
configure:20130: $? = 0
configure:20144: result: -Wfatal-errors
configure:20157: : LLDP_CFLAGS="$LLDP_CFLAGS ${ac_res}"
configure:20160: $? = 0
configure:20167: checking CFLAGS for gcc -Wcast-align
configure:20194: /opt/lede-toolchain-ramips-mt7621_gcc-5.4.0_musl-1.1.24.Linux-x86_64/toolchain-mipsel_24kc_gcc-5.4.0_musl-1.1.24/bin/mipsel-openwrt-linux-musl-gcc -c -g -O2 -I/repo/Pass_GPL/asuswrt/release/src-ra-openwrt-4210/router/mipsel-musl/stage/usr/include  -fdiagnostics-show-option -fdiagnostics-color=auto -pipe -Wall -W -Wextra -Wformat -Wformat-security -Wfatal-errors -pedantic -Werror  -Wcast-align  conftest.c >&5
configure:20194: $? = 0
configure:20208: result: -Wcast-align
configure:20221: : LLDP_CFLAGS="$LLDP_CFLAGS ${ac_res}"
configure:20224: $? = 0
configure:20231: checking CFLAGS for gcc -Wheader-guard
configure:20258: /opt/lede-toolchain-ramips-mt7621_gcc-5.4.0_musl-1.1.24.Linux-x86_64/toolchain-mipsel_24kc_gcc-5.4.0_musl-1.1.24/bin/mipsel-openwrt-linux-musl-gcc -c -g -O2 -I/repo/Pass_GPL/asuswrt/release/src-ra-openwrt-4210/router/mipsel-musl/stage/usr/include  -fdiagnostics-show-option -fdiagnostics-color=auto -pipe -Wall -W -Wextra -Wformat -Wformat-security -Wfatal-errors -Wcast-align -pedantic -Werror  -Wheader-guard  conftest.c >&5
mipsel-openwrt-linux-musl-gcc.bin: error: unrecognized command line option '-Wheader-guard'
configure:20258: $? = 1
configure: failed program was:
| /* confdefs.h */
| #define PACKAGE_NAME "lldpd"
| #define PACKAGE_TARNAME "lldpd"
| #define PACKAGE_VERSION "0.9.8"
| #define PACKAGE_STRING "lldpd 0.9.8"
| #define PACKAGE_BUGREPORT "https://github.com/vincentbernat/lldpd/issues"
| #define PACKAGE_URL "http://vincentbernat.github.io/lldpd/"
| #define PACKAGE "lldpd"
| #define VERSION "0.9.8"
| #define STDC_HEADERS 1
| #define HAVE_SYS_TYPES_H 1
| #define HAVE_SYS_STAT_H 1
| #define HAVE_STDLIB_H 1
| #define HAVE_STRING_H 1
| #define HAVE_MEMORY_H 1
| #define HAVE_STRINGS_H 1
| #define HAVE_INTTYPES_H 1
| #define HAVE_STDINT_H 1
| #define HAVE_UNISTD_H 1
| #define HAVE_DLFCN_H 1
| #define LT_OBJDIR ".libs/"
| /* end confdefs.h.  */
| 
| int
| main ()
| {
| return 0;
|   ;
|   return 0;
| }
configure:20258: /opt/lede-toolchain-ramips-mt7621_gcc-5.4.0_musl-1.1.24.Linux-x86_64/toolchain-mipsel_24kc_gcc-5.4.0_musl-1.1.24/bin/mipsel-openwrt-linux-musl-gcc -c -g -O2 -I/repo/Pass_GPL/asuswrt/release/src-ra-openwrt-4210/router/mipsel-musl/stage/usr/include  -fdiagnostics-show-option -fdiagnostics-color=auto -pipe -Wall -W -Wextra -Wformat -Wformat-security -Wfatal-errors -Wcast-align -pedantic  -Wheader-guard   conftest.c >&5
mipsel-openwrt-linux-musl-gcc.bin: error: unrecognized command line option '-Wheader-guard'
configure:20258: $? = 1
configure: failed program was:
| /* confdefs.h */
| #define PACKAGE_NAME "lldpd"
| #define PACKAGE_TARNAME "lldpd"
| #define PACKAGE_VERSION "0.9.8"
| #define PACKAGE_STRING "lldpd 0.9.8"
| #define PACKAGE_BUGREPORT "https://github.com/vincentbernat/lldpd/issues"
| #define PACKAGE_URL "http://vincentbernat.github.io/lldpd/"
| #define PACKAGE "lldpd"
| #define VERSION "0.9.8"
| #define STDC_HEADERS 1
| #define HAVE_SYS_TYPES_H 1
| #define HAVE_SYS_STAT_H 1
| #define HAVE_STDLIB_H 1
| #define HAVE_STRING_H 1
| #define HAVE_MEMORY_H 1
| #define HAVE_STRINGS_H 1
| #define HAVE_INTTYPES_H 1
| #define HAVE_STDINT_H 1
| #define HAVE_UNISTD_H 1
| #define HAVE_DLFCN_H 1
| #define LT_OBJDIR ".libs/"
| /* end confdefs.h.  */
| 
| int
| main ()
| {
| return 0;
|   ;
|   return 0;
| }
configure:20272: result: no, unknown
configure:20295: checking CFLAGS for gcc -Wdocumentation
configure:20322: /opt/lede-toolchain-ramips-mt7621_gcc-5.4.0_musl-1.1.24.Linux-x86_64/toolchain-mipsel_24kc_gcc-5.4.0_musl-1.1.24/bin/mipsel-openwrt-linux-musl-gcc -c -g -O2 -I/repo/Pass_GPL/asuswrt/release/src-ra-openwrt-4210/router/mipsel-musl/stage/usr/include  -fdiagnostics-show-option -fdiagnostics-color=auto -pipe -Wall -W -Wextra -Wformat -Wformat-security -Wfatal-errors -Wcast-align -pedantic -Werror  -Wdocumentation  conftest.c >&5
mipsel-openwrt-linux-musl-gcc.bin: error: unrecognized command line option '-Wdocumentation'
configure:20322: $? = 1
configure: failed program was:
| /* confdefs.h */
| #define PACKAGE_NAME "lldpd"
| #define PACKAGE_TARNAME "lldpd"
| #define PACKAGE_VERSION "0.9.8"
| #define PACKAGE_STRING "lldpd 0.9.8"
| #define PACKAGE_BUGREPORT "https://github.com/vincentbernat/lldpd/issues"
| #define PACKAGE_URL "http://vincentbernat.github.io/lldpd/"
| #define PACKAGE "lldpd"
| #define VERSION "0.9.8"
| #define STDC_HEADERS 1
| #define HAVE_SYS_TYPES_H 1
| #define HAVE_SYS_STAT_H 1
| #define HAVE_STDLIB_H 1
| #define HAVE_STRING_H 1
| #define HAVE_MEMORY_H 1
| #define HAVE_STRINGS_H 1
| #define HAVE_INTTYPES_H 1
| #define HAVE_STDINT_H 1
| #define HAVE_UNISTD_H 1
| #define HAVE_DLFCN_H 1
| #define LT_OBJDIR ".libs/"
| /* end confdefs.h.  */
| 
| int
| main ()
| {
| return 0;
|   ;
|   return 0;
| }
configure:20322: /opt/lede-toolchain-ramips-mt7621_gcc-5.4.0_musl-1.1.24.Linux-x86_64/toolchain-mipsel_24kc_gcc-5.4.0_musl-1.1.24/bin/mipsel-openwrt-linux-musl-gcc -c -g -O2 -I/repo/Pass_GPL/asuswrt/release/src-ra-openwrt-4210/router/mipsel-musl/stage/usr/include  -fdiagnostics-show-option -fdiagnostics-color=auto -pipe -Wall -W -Wextra -Wformat -Wformat-security -Wfatal-errors -Wcast-align -pedantic  -Wdocumentation   conftest.c >&5
mipsel-openwrt-linux-musl-gcc.bin: error: unrecognized command line option '-Wdocumentation'
configure:20322: $? = 1
configure: failed program was:
| /* confdefs.h */
| #define PACKAGE_NAME "lldpd"
| #define PACKAGE_TARNAME "lldpd"
| #define PACKAGE_VERSION "0.9.8"
| #define PACKAGE_STRING "lldpd 0.9.8"
| #define PACKAGE_BUGREPORT "https://github.com/vincentbernat/lldpd/issues"
| #define PACKAGE_URL "http://vincentbernat.github.io/lldpd/"
| #define PACKAGE "lldpd"
| #define VERSION "0.9.8"
| #define STDC_HEADERS 1
| #define HAVE_SYS_TYPES_H 1
| #define HAVE_SYS_STAT_H 1
| #define HAVE_STDLIB_H 1
| #define HAVE_STRING_H 1
| #define HAVE_MEMORY_H 1
| #define HAVE_STRINGS_H 1
| #define HAVE_INTTYPES_H 1
| #define HAVE_STDINT_H 1
| #define HAVE_UNISTD_H 1
| #define HAVE_DLFCN_H 1
| #define LT_OBJDIR ".libs/"
| /* end confdefs.h.  */
| 
| int
| main ()
| {
| return 0;
|   ;
|   return 0;
| }
configure:20336: result: no, unknown
configure:20359: checking CFLAGS for gcc -Winline
configure:20386: /opt/lede-toolchain-ramips-mt7621_gcc-5.4.0_musl-1.1.24.Linux-x86_64/toolchain-mipsel_24kc_gcc-5.4.0_musl-1.1.24/bin/mipsel-openwrt-linux-musl-gcc -c -g -O2 -I/repo/Pass_GPL/asuswrt/release/src-ra-openwrt-4210/router/mipsel-musl/stage/usr/include  -fdiagnostics-show-option -fdiagnostics-color=auto -pipe -Wall -W -Wextra -Wformat -Wformat-security -Wfatal-errors -Wcast-align -pedantic -Werror  -Winline  conftest.c >&5
configure:20386: $? = 0
configure:20400: result: -Winline
configure:20413: : LLDP_CFLAGS="$LLDP_CFLAGS ${ac_res}"
configure:20416: $? = 0
configure:20423: checking CFLAGS for gcc -Wpointer-arith
configure:20450: /opt/lede-toolchain-ramips-mt7621_gcc-5.4.0_musl-1.1.24.Linux-x86_64/toolchain-mipsel_24kc_gcc-5.4.0_musl-1.1.24/bin/mipsel-openwrt-linux-musl-gcc -c -g -O2 -I/repo/Pass_GPL/asuswrt/release/src-ra-openwrt-4210/router/mipsel-musl/stage/usr/include  -fdiagnostics-show-option -fdiagnostics-color=auto -pipe -Wall -W -Wextra -Wformat -Wformat-security -Wfatal-errors -Wcast-align -Winline -pedantic -Werror  -Wpointer-arith  conftest.c >&5
configure:20450: $? = 0
configure:20464: result: -Wpointer-arith
configure:20477: : LLDP_CFLAGS="$LLDP_CFLAGS ${ac_res}"
configure:20480: $? = 0
configure:20487: checking CFLAGS for gcc -fno-omit-frame-pointer
configure:20514: /opt/lede-toolchain-ramips-mt7621_gcc-5.4.0_musl-1.1.24.Linux-x86_64/toolchain-mipsel_24kc_gcc-5.4.0_musl-1.1.24/bin/mipsel-openwrt-linux-musl-gcc -c -g -O2 -I/repo/Pass_GPL/asuswrt/release/src-ra-openwrt-4210/router/mipsel-musl/stage/usr/include  -fdiagnostics-show-option -fdiagnostics-color=auto -pipe -Wall -W -Wextra -Wformat -Wformat-security -Wfatal-errors -Wcast-align -Winline -Wpointer-arith -pedantic -Werror  -fno-omit-frame-pointer  conftest.c >&5
configure:20514: $? = 0
configure:20528: result: -fno-omit-frame-pointer
configure:20541: : LLDP_CFLAGS="$LLDP_CFLAGS ${ac_res}"
configure:20544: $? = 0
configure:20551: checking CFLAGS for gcc -Wno-unused-parameter
configure:20578: /opt/lede-toolchain-ramips-mt7621_gcc-5.4.0_musl-1.1.24.Linux-x86_64/toolchain-mipsel_24kc_gcc-5.4.0_musl-1.1.24/bin/mipsel-openwrt-linux-musl-gcc -c -g -O2 -I/repo/Pass_GPL/asuswrt/release/src-ra-openwrt-4210/router/mipsel-musl/stage/usr/include  -fdiagnostics-show-option -fdiagnostics-color=auto -pipe -Wall -W -Wextra -Wformat -Wformat-security -Wfatal-errors -Wcast-align -Winline -Wpointer-arith -fno-omit-frame-pointer -pedantic -Werror  -Wno-unused-parameter  conftest.c >&5
configure:20578: $? = 0
configure:20592: result: -Wno-unused-parameter
configure:20605: : LLDP_CFLAGS="$LLDP_CFLAGS ${ac_res}"
configure:20608: $? = 0
configure:20615: checking CFLAGS for gcc -Wno-missing-field-initializers
configure:20642: /opt/lede-toolchain-ramips-mt7621_gcc-5.4.0_musl-1.1.24.Linux-x86_64/toolchain-mipsel_24kc_gcc-5.4.0_musl-1.1.24/bin/mipsel-openwrt-linux-musl-gcc -c -g -O2 -I/repo/Pass_GPL/asuswrt/release/src-ra-openwrt-4210/router/mipsel-musl/stage/usr/include  -fdiagnostics-show-option -fdiagnostics-color=auto -pipe -Wall -W -Wextra -Wformat -Wformat-security -Wfatal-errors -Wcast-align -Winline -Wpointer-arith -fno-omit-frame-pointer -Wno-unused-parameter -pedantic -Werror  -Wno-missing-field-initializers  conftest.c >&5
configure:20642: $? = 0
configure:20656: result: -Wno-missing-field-initializers
configure:20669: : LLDP_CFLAGS="$LLDP_CFLAGS ${ac_res}"
configure:20672: $? = 0
configure:20679: checking CFLAGS for gcc -Wno-sign-compare
configure:20706: /opt/lede-toolchain-ramips-mt7621_gcc-5.4.0_musl-1.1.24.Linux-x86_64/toolchain-mipsel_24kc_gcc-5.4.0_musl-1.1.24/bin/mipsel-openwrt-linux-musl-gcc -c -g -O2 -I/repo/Pass_GPL/asuswrt/release/src-ra-openwrt-4210/router/mipsel-musl/stage/usr/include  -fdiagnostics-show-option -fdiagnostics-color=auto -pipe -Wall -W -Wextra -Wformat -Wformat-security -Wfatal-errors -Wcast-align -Winline -Wpointer-arith -fno-omit-frame-pointer -Wno-unused-parameter -Wno-missing-field-initializers -pedantic -Werror  -Wno-sign-compare  conftest.c >&5
configure:20706: $? = 0
configure:20720: result: -Wno-sign-compare
configure:20733: : LLDP_CFLAGS="$LLDP_CFLAGS ${ac_res}"
configure:20736: $? = 0
configure:20748: checking whether the linker accepts the -Wl,-z,relro flag
configure:20778: /opt/lede-toolchain-ramips-mt7621_gcc-5.4.0_musl-1.1.24.Linux-x86_64/toolchain-mipsel_24kc_gcc-5.4.0_musl-1.1.24/bin/mipsel-openwrt-linux-musl-gcc -o conftest -g -O2 -I/repo/Pass_GPL/asuswrt/release/src-ra-openwrt-4210/router/mipsel-musl/stage/usr/include  -Werror -L/repo/Pass_GPL/asuswrt/release/src-ra-openwrt-4210/router/lldpd-0.9.8/lib -lm -L/repo/Pass_GPL/asuswrt/release/src-ra-openwrt-4210/router/mipsel-musl/stage/usr/lib -ljansson -L/repo/Pass_GPL/asuswrt/release/src-ra-openwrt-4210/router/json-c/.libs -ldl  -Wl,-z,relro conftest.c  >&5
configure:20778: $? = 0
configure:20802: result: yes
configure:20821: checking whether the linker accepts the -Wl,-z,now flag
configure:20851: /opt/lede-toolchain-ramips-mt7621_gcc-5.4.0_musl-1.1.24.Linux-x86_64/toolchain-mipsel_24kc_gcc-5.4.0_musl-1.1.24/bin/mipsel-openwrt-linux-musl-gcc -o conftest -g -O2 -I/repo/Pass_GPL/asuswrt/release/src-ra-openwrt-4210/router/mipsel-musl/stage/usr/include  -Werror -L/repo/Pass_GPL/asuswrt/release/src-ra-openwrt-4210/router/lldpd-0.9.8/lib -lm -L/repo/Pass_GPL/asuswrt/release/src-ra-openwrt-4210/router/mipsel-musl/stage/usr/lib -ljansson -L/repo/Pass_GPL/asuswrt/release/src-ra-openwrt-4210/router/json-c/.libs -ldl  -Wl,-z,relro -Wl,-z,now conftest.c  >&5
configure:20851: $? = 0
configure:20875: result: yes
configure:20890: checking for typeof syntax and keyword spelling
configure:20921: /opt/lede-toolchain-ramips-mt7621_gcc-5.4.0_musl-1.1.24.Linux-x86_64/toolchain-mipsel_24kc_gcc-5.4.0_musl-1.1.24/bin/mipsel-openwrt-linux-musl-gcc -c -g -O2 -I/repo/Pass_GPL/asuswrt/release/src-ra-openwrt-4210/router/mipsel-musl/stage/usr/include  conftest.c >&5
configure:20921: $? = 0
configure:20928: result: typeof
configure:20961: checking CFLAGS for gcc -fstack-protector
configure:20988: /opt/lede-toolchain-ramips-mt7621_gcc-5.4.0_musl-1.1.24.Linux-x86_64/toolchain-mipsel_24kc_gcc-5.4.0_musl-1.1.24/bin/mipsel-openwrt-linux-musl-gcc -c -g -O2 -I/repo/Pass_GPL/asuswrt/release/src-ra-openwrt-4210/router/mipsel-musl/stage/usr/include  -fdiagnostics-show-option -fdiagnostics-color=auto -pipe -Wall -W -Wextra -Wformat -Wformat-security -Wfatal-errors -Wcast-align -Winline -Wpointer-arith -fno-omit-frame-pointer -Wno-unused-parameter -Wno-missing-field-initializers -Wno-sign-compare -pedantic -Werror  -fstack-protector  conftest.c >&5
configure:20988: $? = 0
configure:21002: result: -fstack-protector
configure:21015: : LLDP_CFLAGS="$LLDP_CFLAGS ${ac_res}"
configure:21018: $? = 0
configure:21025: checking CFLAGS for gcc -fstack-protector-all
configure:21052: /opt/lede-toolchain-ramips-mt7621_gcc-5.4.0_musl-1.1.24.Linux-x86_64/toolchain-mipsel_24kc_gcc-5.4.0_musl-1.1.24/bin/mipsel-openwrt-linux-musl-gcc -c -g -O2 -I/repo/Pass_GPL/asuswrt/release/src-ra-openwrt-4210/router/mipsel-musl/stage/usr/include  -fdiagnostics-show-option -fdiagnostics-color=auto -pipe -Wall -W -Wextra -Wformat -Wformat-security -Wfatal-errors -Wcast-align -Winline -Wpointer-arith -fno-omit-frame-pointer -Wno-unused-parameter -Wno-missing-field-initializers -Wno-sign-compare -fstack-protector -pedantic -Werror  -fstack-protector-all  conftest.c >&5
configure:21052: $? = 0
configure:21066: result: -fstack-protector-all
configure:21079: : LLDP_CFLAGS="$LLDP_CFLAGS ${ac_res}"
configure:21082: $? = 0
configure:21089: checking CFLAGS for gcc -fstack-protector-strong
configure:21116: /opt/lede-toolchain-ramips-mt7621_gcc-5.4.0_musl-1.1.24.Linux-x86_64/toolchain-mipsel_24kc_gcc-5.4.0_musl-1.1.24/bin/mipsel-openwrt-linux-musl-gcc -c -g -O2 -I/repo/Pass_GPL/asuswrt/release/src-ra-openwrt-4210/router/mipsel-musl/stage/usr/include  -fdiagnostics-show-option -fdiagnostics-color=auto -pipe -Wall -W -Wextra -Wformat -Wformat-security -Wfatal-errors -Wcast-align -Winline -Wpointer-arith -fno-omit-frame-pointer -Wno-unused-parameter -Wno-missing-field-initializers -Wno-sign-compare -fstack-protector -fstack-protector-all -pedantic -Werror  -fstack-protector-strong  conftest.c >&5
configure:21116: $? = 0
configure:21130: result: -fstack-protector-strong
configure:21143: : LLDP_CFLAGS="$LLDP_CFLAGS ${ac_res}"
configure:21146: $? = 0
configure:21153: checking CFLAGS for gcc -D_FORTIFY_SOURCE=2
configure:21180: /opt/lede-toolchain-ramips-mt7621_gcc-5.4.0_musl-1.1.24.Linux-x86_64/toolchain-mipsel_24kc_gcc-5.4.0_musl-1.1.24/bin/mipsel-openwrt-linux-musl-gcc -c -g -O2 -I/repo/Pass_GPL/asuswrt/release/src-ra-openwrt-4210/router/mipsel-musl/stage/usr/include  -pedantic -Werror  -D_FORTIFY_SOURCE=2  conftest.c >&5
configure:21180: $? = 0
configure:21194: result: -D_FORTIFY_SOURCE=2
configure:21207: : LLDP_CPPFLAGS="$LLDP_CPPFLAGS ${ac_res}"
configure:21210: $? = 0
configure:21466: checking if host OS is supported
configure:21601: result: yes (Linux)
configure:21606: checking CFLAGS for gcc -D_GNU_SOURCE
configure:21633: /opt/lede-toolchain-ramips-mt7621_gcc-5.4.0_musl-1.1.24.Linux-x86_64/toolchain-mipsel_24kc_gcc-5.4.0_musl-1.1.24/bin/mipsel-openwrt-linux-musl-gcc -c -g -O2 -I/repo/Pass_GPL/asuswrt/release/src-ra-openwrt-4210/router/mipsel-musl/stage/usr/include  -D_FORTIFY_SOURCE=2 -pedantic -Werror  -D_GNU_SOURCE  conftest.c >&5
configure:21633: $? = 0
configure:21647: result: -D_GNU_SOURCE
configure:21660: : LLDP_CPPFLAGS="$LLDP_CPPFLAGS ${ac_res}"
configure:21663: $? = 0
configure:22020: checking for sys/types.h
configure:22020: result: yes
configure:22020: checking for netinet/in.h
configure:22020: /opt/lede-toolchain-ramips-mt7621_gcc-5.4.0_musl-1.1.24.Linux-x86_64/toolchain-mipsel_24kc_gcc-5.4.0_musl-1.1.24/bin/mipsel-openwrt-linux-musl-gcc -c -g -O2 -I/repo/Pass_GPL/asuswrt/release/src-ra-openwrt-4210/router/mipsel-musl/stage/usr/include  conftest.c >&5
configure:22020: $? = 0
configure:22020: result: yes
configure:22020: checking for arpa/nameser.h
configure:22020: /opt/lede-toolchain-ramips-mt7621_gcc-5.4.0_musl-1.1.24.Linux-x86_64/toolchain-mipsel_24kc_gcc-5.4.0_musl-1.1.24/bin/mipsel-openwrt-linux-musl-gcc -c -g -O2 -I/repo/Pass_GPL/asuswrt/release/src-ra-openwrt-4210/router/mipsel-musl/stage/usr/include  conftest.c >&5
configure:22020: $? = 0
configure:22020: result: yes
configure:22020: checking for netdb.h
configure:22020: /opt/lede-toolchain-ramips-mt7621_gcc-5.4.0_musl-1.1.24.Linux-x86_64/toolchain-mipsel_24kc_gcc-5.4.0_musl-1.1.24/bin/mipsel-openwrt-linux-musl-gcc -c -g -O2 -I/repo/Pass_GPL/asuswrt/release/src-ra-openwrt-4210/router/mipsel-musl/stage/usr/include  conftest.c >&5
configure:22020: $? = 0
configure:22020: result: yes
configure:22020: checking for resolv.h
configure:22020: /opt/lede-toolchain-ramips-mt7621_gcc-5.4.0_musl-1.1.24.Linux-x86_64/toolchain-mipsel_24kc_gcc-5.4.0_musl-1.1.24/bin/mipsel-openwrt-linux-musl-gcc -c -g -O2 -I/repo/Pass_GPL/asuswrt/release/src-ra-openwrt-4210/router/mipsel-musl/stage/usr/include  conftest.c >&5
configure:22020: $? = 0
configure:22020: result: yes
configure:22045: checking valgrind/valgrind.h usability
configure:22045: /opt/lede-toolchain-ramips-mt7621_gcc-5.4.0_musl-1.1.24.Linux-x86_64/toolchain-mipsel_24kc_gcc-5.4.0_musl-1.1.24/bin/mipsel-openwrt-linux-musl-gcc -c -g -O2 -I/repo/Pass_GPL/asuswrt/release/src-ra-openwrt-4210/router/mipsel-musl/stage/usr/include  conftest.c >&5
conftest.c:63:31: fatal error: valgrind/valgrind.h: No such file or directory
compilation terminated.
configure:22045: $? = 1
configure: failed program was:
| /* confdefs.h */
| #define PACKAGE_NAME "lldpd"
| #define PACKAGE_TARNAME "lldpd"
| #define PACKAGE_VERSION "0.9.8"
| #define PACKAGE_STRING "lldpd 0.9.8"
| #define PACKAGE_BUGREPORT "https://github.com/vincentbernat/lldpd/issues"
| #define PACKAGE_URL "http://vincentbernat.github.io/lldpd/"
| #define PACKAGE "lldpd"
| #define VERSION "0.9.8"
| #define STDC_HEADERS 1
| #define HAVE_SYS_TYPES_H 1
| #define HAVE_SYS_STAT_H 1
| #define HAVE_STDLIB_H 1
| #define HAVE_STRING_H 1
| #define HAVE_MEMORY_H 1
| #define HAVE_STRINGS_H 1
| #define HAVE_INTTYPES_H 1
| #define HAVE_STDINT_H 1
| #define HAVE_UNISTD_H 1
| #define HAVE_DLFCN_H 1
| #define LT_OBJDIR ".libs/"
| #define HAVE_TYPEOF 1
| #define HOST_OS_LINUX 1
| #define HAVE_SYS_TYPES_H 1
| #define HAVE_NETINET_IN_H 1
| #define HAVE_ARPA_NAMESER_H 1
| #define HAVE_NETDB_H 1
| #define HAVE_RESOLV_H 1
| /* end confdefs.h.  */
| #include <stdio.h>
| #ifdef HAVE_SYS_TYPES_H
| # include <sys/types.h>
| #endif
| #ifdef HAVE_SYS_STAT_H
| # include <sys/stat.h>
| #endif
| #ifdef STDC_HEADERS
| # include <stdlib.h>
| # include <stddef.h>
| #else
| # ifdef HAVE_STDLIB_H
| #  include <stdlib.h>
| # endif
| #endif
| #ifdef HAVE_STRING_H
| # if !defined STDC_HEADERS && defined HAVE_MEMORY_H
| #  include <memory.h>
| # endif
| # include <string.h>
| #endif
| #ifdef HAVE_STRINGS_H
| # include <strings.h>
| #endif
| #ifdef HAVE_INTTYPES_H
| # include <inttypes.h>
| #endif
| #ifdef HAVE_STDINT_H
| # include <stdint.h>
| #endif
| #ifdef HAVE_UNISTD_H
| # include <unistd.h>
| #endif
| #include <valgrind/valgrind.h>
configure:22045: result: no
configure:22045: checking valgrind/valgrind.h presence
configure:22045: /opt/lede-toolchain-ramips-mt7621_gcc-5.4.0_musl-1.1.24.Linux-x86_64/toolchain-mipsel_24kc_gcc-5.4.0_musl-1.1.24/bin/mipsel-openwrt-linux-musl-gcc -E  conftest.c
conftest.c:30:31: fatal error: valgrind/valgrind.h: No such file or directory
compilation terminated.
configure:22045: $? = 1
configure: failed program was:
| /* confdefs.h */
| #define PACKAGE_NAME "lldpd"
| #define PACKAGE_TARNAME "lldpd"
| #define PACKAGE_VERSION "0.9.8"
| #define PACKAGE_STRING "lldpd 0.9.8"
| #define PACKAGE_BUGREPORT "https://github.com/vincentbernat/lldpd/issues"
| #define PACKAGE_URL "http://vincentbernat.github.io/lldpd/"
| #define PACKAGE "lldpd"
| #define VERSION "0.9.8"
| #define STDC_HEADERS 1
| #define HAVE_SYS_TYPES_H 1
| #define HAVE_SYS_STAT_H 1
| #define HAVE_STDLIB_H 1
| #define HAVE_STRING_H 1
| #define HAVE_MEMORY_H 1
| #define HAVE_STRINGS_H 1
| #define HAVE_INTTYPES_H 1
| #define HAVE_STDINT_H 1
| #define HAVE_UNISTD_H 1
| #define HAVE_DLFCN_H 1
| #define LT_OBJDIR ".libs/"
| #define HAVE_TYPEOF 1
| #define HOST_OS_LINUX 1
| #define HAVE_SYS_TYPES_H 1
| #define HAVE_NETINET_IN_H 1
| #define HAVE_ARPA_NAMESER_H 1
| #define HAVE_NETDB_H 1
| #define HAVE_RESOLV_H 1
| /* end confdefs.h.  */
| #include <valgrind/valgrind.h>
configure:22045: result: no
configure:22045: checking for valgrind/valgrind.h
configure:22045: result: no
configure:22056: checking for u_int32_t
configure:22056: /opt/lede-toolchain-ramips-mt7621_gcc-5.4.0_musl-1.1.24.Linux-x86_64/toolchain-mipsel_24kc_gcc-5.4.0_musl-1.1.24/bin/mipsel-openwrt-linux-musl-gcc -c -g -O2 -I/repo/Pass_GPL/asuswrt/release/src-ra-openwrt-4210/router/mipsel-musl/stage/usr/include  conftest.c >&5
configure:22056: $? = 0
configure:22056: /opt/lede-toolchain-ramips-mt7621_gcc-5.4.0_musl-1.1.24.Linux-x86_64/toolchain-mipsel_24kc_gcc-5.4.0_musl-1.1.24/bin/mipsel-openwrt-linux-musl-gcc -c -g -O2 -I/repo/Pass_GPL/asuswrt/release/src-ra-openwrt-4210/router/mipsel-musl/stage/usr/include  conftest.c >&5
conftest.c: In function 'main':
conftest.c:66:24: error: expected expression before ')' token
 if (sizeof ((u_int32_t)))
                        ^
configure:22056: $? = 1
configure: failed program was:
| /* confdefs.h */
| #define PACKAGE_NAME "lldpd"
| #define PACKAGE_TARNAME "lldpd"
| #define PACKAGE_VERSION "0.9.8"
| #define PACKAGE_STRING "lldpd 0.9.8"
| #define PACKAGE_BUGREPORT "https://github.com/vincentbernat/lldpd/issues"
| #define PACKAGE_URL "http://vincentbernat.github.io/lldpd/"
| #define PACKAGE "lldpd"
| #define VERSION "0.9.8"
| #define STDC_HEADERS 1
| #define HAVE_SYS_TYPES_H 1
| #define HAVE_SYS_STAT_H 1
| #define HAVE_STDLIB_H 1
| #define HAVE_STRING_H 1
| #define HAVE_MEMORY_H 1
| #define HAVE_STRINGS_H 1
| #define HAVE_INTTYPES_H 1
| #define HAVE_STDINT_H 1
| #define HAVE_UNISTD_H 1
| #define HAVE_DLFCN_H 1
| #define LT_OBJDIR ".libs/"
| #define HAVE_TYPEOF 1
| #define HOST_OS_LINUX 1
| #define HAVE_SYS_TYPES_H 1
| #define HAVE_NETINET_IN_H 1
| #define HAVE_ARPA_NAMESER_H 1
| #define HAVE_NETDB_H 1
| #define HAVE_RESOLV_H 1
| /* end confdefs.h.  */
| #include <stdio.h>
| #ifdef HAVE_SYS_TYPES_H
| # include <sys/types.h>
| #endif
| #ifdef HAVE_SYS_STAT_H
| # include <sys/stat.h>
| #endif
| #ifdef STDC_HEADERS
| # include <stdlib.h>
| # include <stddef.h>
| #else
| # ifdef HAVE_STDLIB_H
| #  include <stdlib.h>
| # endif
| #endif
| #ifdef HAVE_STRING_H
| # if !defined STDC_HEADERS && defined HAVE_MEMORY_H
| #  include <memory.h>
| # endif
| # include <string.h>
| #endif
| #ifdef HAVE_STRINGS_H
| # include <strings.h>
| #endif
| #ifdef HAVE_INTTYPES_H
| # include <inttypes.h>
| #endif
| #ifdef HAVE_STDINT_H
| # include <stdint.h>
| #endif
| #ifdef HAVE_UNISTD_H
| # include <unistd.h>
| #endif
| int
| main ()
| {
| if (sizeof ((u_int32_t)))
| 	    return 0;
|   ;
|   return 0;
| }
configure:22056: result: yes
configure:22065: checking for uint32_t
configure:22065: /opt/lede-toolchain-ramips-mt7621_gcc-5.4.0_musl-1.1.24.Linux-x86_64/toolchain-mipsel_24kc_gcc-5.4.0_musl-1.1.24/bin/mipsel-openwrt-linux-musl-gcc -c -g -O2 -I/repo/Pass_GPL/asuswrt/release/src-ra-openwrt-4210/router/mipsel-musl/stage/usr/include  conftest.c >&5
configure:22065: $? = 0
configure:22065: /opt/lede-toolchain-ramips-mt7621_gcc-5.4.0_musl-1.1.24.Linux-x86_64/toolchain-mipsel_24kc_gcc-5.4.0_musl-1.1.24/bin/mipsel-openwrt-linux-musl-gcc -c -g -O2 -I/repo/Pass_GPL/asuswrt/release/src-ra-openwrt-4210/router/mipsel-musl/stage/usr/include  conftest.c >&5
conftest.c: In function 'main':
conftest.c:67:23: error: expected expression before ')' token
 if (sizeof ((uint32_t)))
                       ^
configure:22065: $? = 1
configure: failed program was:
| /* confdefs.h */
| #define PACKAGE_NAME "lldpd"
| #define PACKAGE_TARNAME "lldpd"
| #define PACKAGE_VERSION "0.9.8"
| #define PACKAGE_STRING "lldpd 0.9.8"
| #define PACKAGE_BUGREPORT "https://github.com/vincentbernat/lldpd/issues"
| #define PACKAGE_URL "http://vincentbernat.github.io/lldpd/"
| #define PACKAGE "lldpd"
| #define VERSION "0.9.8"
| #define STDC_HEADERS 1
| #define HAVE_SYS_TYPES_H 1
| #define HAVE_SYS_STAT_H 1
| #define HAVE_STDLIB_H 1
| #define HAVE_STRING_H 1
| #define HAVE_MEMORY_H 1
| #define HAVE_STRINGS_H 1
| #define HAVE_INTTYPES_H 1
| #define HAVE_STDINT_H 1
| #define HAVE_UNISTD_H 1
| #define HAVE_DLFCN_H 1
| #define LT_OBJDIR ".libs/"
| #define HAVE_TYPEOF 1
| #define HOST_OS_LINUX 1
| #define HAVE_SYS_TYPES_H 1
| #define HAVE_NETINET_IN_H 1
| #define HAVE_ARPA_NAMESER_H 1
| #define HAVE_NETDB_H 1
| #define HAVE_RESOLV_H 1
| #define HAVE_U_INT32_T 1
| /* end confdefs.h.  */
| #include <stdio.h>
| #ifdef HAVE_SYS_TYPES_H
| # include <sys/types.h>
| #endif
| #ifdef HAVE_SYS_STAT_H
| # include <sys/stat.h>
| #endif
| #ifdef STDC_HEADERS
| # include <stdlib.h>
| # include <stddef.h>
| #else
| # ifdef HAVE_STDLIB_H
| #  include <stdlib.h>
| # endif
| #endif
| #ifdef HAVE_STRING_H
| # if !defined STDC_HEADERS && defined HAVE_MEMORY_H
| #  include <memory.h>
| # endif
| # include <string.h>
| #endif
| #ifdef HAVE_STRINGS_H
| # include <strings.h>
| #endif
| #ifdef HAVE_INTTYPES_H
| # include <inttypes.h>
| #endif
| #ifdef HAVE_STDINT_H
| # include <stdint.h>
| #endif
| #ifdef HAVE_UNISTD_H
| # include <unistd.h>
| #endif
| int
| main ()
| {
| if (sizeof ((uint32_t)))
| 	    return 0;
|   ;
|   return 0;
| }
configure:22065: result: yes
configure:22180: checking whether libc defines __progname
configure:22197: /opt/lede-toolchain-ramips-mt7621_gcc-5.4.0_musl-1.1.24.Linux-x86_64/toolchain-mipsel_24kc_gcc-5.4.0_musl-1.1.24/bin/mipsel-openwrt-linux-musl-gcc -o conftest -g -O2 -I/repo/Pass_GPL/asuswrt/release/src-ra-openwrt-4210/router/mipsel-musl/stage/usr/include  -L/repo/Pass_GPL/asuswrt/release/src-ra-openwrt-4210/router/lldpd-0.9.8/lib -lm -L/repo/Pass_GPL/asuswrt/release/src-ra-openwrt-4210/router/mipsel-musl/stage/usr/lib -ljansson -L/repo/Pass_GPL/asuswrt/release/src-ra-openwrt-4210/router/json-c/.libs -ldl conftest.c  >&5
conftest.c: In function 'main':
conftest.c:36:27: warning: implicit declaration of function 'printf' [-Wimplicit-function-declaration]
  extern char *__progname; printf("%s", __progname);
                           ^
conftest.c:36:27: warning: incompatible implicit declaration of built-in function 'printf'
conftest.c:36:27: note: include '<stdio.h>' or provide a declaration of 'printf'
configure:22197: $? = 0
configure:22206: result: yes
configure:22215: checking whether compiler understands __alignof__
configure:22232: /opt/lede-toolchain-ramips-mt7621_gcc-5.4.0_musl-1.1.24.Linux-x86_64/toolchain-mipsel_24kc_gcc-5.4.0_musl-1.1.24/bin/mipsel-openwrt-linux-musl-gcc -c -g -O2 -I/repo/Pass_GPL/asuswrt/release/src-ra-openwrt-4210/router/mipsel-musl/stage/usr/include  conftest.c >&5
configure:22232: $? = 0
configure:22240: result: yes
configure:22253: checking for stdlib.h
configure:22253: result: yes
configure:22263: checking for GNU libc compatible malloc
configure:22297: result: no
configure:22320: checking for stdlib.h
configure:22320: result: yes
configure:22330: checking for GNU libc compatible realloc
configure:22364: result: no
configure:22385: checking for pid_t
configure:22385: /opt/lede-toolchain-ramips-mt7621_gcc-5.4.0_musl-1.1.24.Linux-x86_64/toolchain-mipsel_24kc_gcc-5.4.0_musl-1.1.24/bin/mipsel-openwrt-linux-musl-gcc -c -g -O2 -I/repo/Pass_GPL/asuswrt/release/src-ra-openwrt-4210/router/mipsel-musl/stage/usr/include  conftest.c >&5
configure:22385: $? = 0
configure:22385: /opt/lede-toolchain-ramips-mt7621_gcc-5.4.0_musl-1.1.24.Linux-x86_64/toolchain-mipsel_24kc_gcc-5.4.0_musl-1.1.24/bin/mipsel-openwrt-linux-musl-gcc -c -g -O2 -I/repo/Pass_GPL/asuswrt/release/src-ra-openwrt-4210/router/mipsel-musl/stage/usr/include  conftest.c >&5
conftest.c: In function 'main':
conftest.c:76:20: error: expected expression before ')' token
 if (sizeof ((pid_t)))
                    ^
configure:22385: $? = 1
configure: failed program was:
| /* confdefs.h */
| #define PACKAGE_NAME "lldpd"
| #define PACKAGE_TARNAME "lldpd"
| #define PACKAGE_VERSION "0.9.8"
| #define PACKAGE_STRING "lldpd 0.9.8"
| #define PACKAGE_BUGREPORT "https://github.com/vincentbernat/lldpd/issues"
| #define PACKAGE_URL "http://vincentbernat.github.io/lldpd/"
| #define PACKAGE "lldpd"
| #define VERSION "0.9.8"
| #define STDC_HEADERS 1
| #define HAVE_SYS_TYPES_H 1
| #define HAVE_SYS_STAT_H 1
| #define HAVE_STDLIB_H 1
| #define HAVE_STRING_H 1
| #define HAVE_MEMORY_H 1
| #define HAVE_STRINGS_H 1
| #define HAVE_INTTYPES_H 1
| #define HAVE_STDINT_H 1
| #define HAVE_UNISTD_H 1
| #define HAVE_DLFCN_H 1
| #define LT_OBJDIR ".libs/"
| #define HAVE_TYPEOF 1
| #define HOST_OS_LINUX 1
| #define HAVE_SYS_TYPES_H 1
| #define HAVE_NETINET_IN_H 1
| #define HAVE_ARPA_NAMESER_H 1
| #define HAVE_NETDB_H 1
| #define HAVE_RESOLV_H 1
| #define HAVE_U_INT32_T 1
| #define HAVE_UINT32_T 1
| #define HAVE___PROGNAME 1
| #define HAVE_ALIGNOF 1
| #define HAVE_STDLIB_H 1
| #define HAVE_MALLOC 0
| #define malloc rpl_malloc
| #define HAVE_STDLIB_H 1
| #define HAVE_REALLOC 0
| #define realloc rpl_realloc
| /* end confdefs.h.  */
| #include <stdio.h>
| #ifdef HAVE_SYS_TYPES_H
| # include <sys/types.h>
| #endif
| #ifdef HAVE_SYS_STAT_H
| # include <sys/stat.h>
| #endif
| #ifdef STDC_HEADERS
| # include <stdlib.h>
| # include <stddef.h>
| #else
| # ifdef HAVE_STDLIB_H
| #  include <stdlib.h>
| # endif
| #endif
| #ifdef HAVE_STRING_H
| # if !defined STDC_HEADERS && defined HAVE_MEMORY_H
| #  include <memory.h>
| # endif
| # include <string.h>
| #endif
| #ifdef HAVE_STRINGS_H
| # include <strings.h>
| #endif
| #ifdef HAVE_INTTYPES_H
| # include <inttypes.h>
| #endif
| #ifdef HAVE_STDINT_H
| # include <stdint.h>
| #endif
| #ifdef HAVE_UNISTD_H
| # include <unistd.h>
| #endif
| int
| main ()
| {
| if (sizeof ((pid_t)))
| 	    return 0;
|   ;
|   return 0;
| }
configure:22385: result: yes
configure:22398: checking vfork.h usability
configure:22398: /opt/lede-toolchain-ramips-mt7621_gcc-5.4.0_musl-1.1.24.Linux-x86_64/toolchain-mipsel_24kc_gcc-5.4.0_musl-1.1.24/bin/mipsel-openwrt-linux-musl-gcc -c -g -O2 -I/repo/Pass_GPL/asuswrt/release/src-ra-openwrt-4210/router/mipsel-musl/stage/usr/include  conftest.c >&5
conftest.c:73:19: fatal error: vfork.h: No such file or directory
compilation terminated.
configure:22398: $? = 1
configure: failed program was:
| /* confdefs.h */
| #define PACKAGE_NAME "lldpd"
| #define PACKAGE_TARNAME "lldpd"
| #define PACKAGE_VERSION "0.9.8"
| #define PACKAGE_STRING "lldpd 0.9.8"
| #define PACKAGE_BUGREPORT "https://github.com/vincentbernat/lldpd/issues"
| #define PACKAGE_URL "http://vincentbernat.github.io/lldpd/"
| #define PACKAGE "lldpd"
| #define VERSION "0.9.8"
| #define STDC_HEADERS 1
| #define HAVE_SYS_TYPES_H 1
| #define HAVE_SYS_STAT_H 1
| #define HAVE_STDLIB_H 1
| #define HAVE_STRING_H 1
| #define HAVE_MEMORY_H 1
| #define HAVE_STRINGS_H 1
| #define HAVE_INTTYPES_H 1
| #define HAVE_STDINT_H 1
| #define HAVE_UNISTD_H 1
| #define HAVE_DLFCN_H 1
| #define LT_OBJDIR ".libs/"
| #define HAVE_TYPEOF 1
| #define HOST_OS_LINUX 1
| #define HAVE_SYS_TYPES_H 1
| #define HAVE_NETINET_IN_H 1
| #define HAVE_ARPA_NAMESER_H 1
| #define HAVE_NETDB_H 1
| #define HAVE_RESOLV_H 1
| #define HAVE_U_INT32_T 1
| #define HAVE_UINT32_T 1
| #define HAVE___PROGNAME 1
| #define HAVE_ALIGNOF 1
| #define HAVE_STDLIB_H 1
| #define HAVE_MALLOC 0
| #define malloc rpl_malloc
| #define HAVE_STDLIB_H 1
| #define HAVE_REALLOC 0
| #define realloc rpl_realloc
| /* end confdefs.h.  */
| #include <stdio.h>
| #ifdef HAVE_SYS_TYPES_H
| # include <sys/types.h>
| #endif
| #ifdef HAVE_SYS_STAT_H
| # include <sys/stat.h>
| #endif
| #ifdef STDC_HEADERS
| # include <stdlib.h>
| # include <stddef.h>
| #else
| # ifdef HAVE_STDLIB_H
| #  include <stdlib.h>
| # endif
| #endif
| #ifdef HAVE_STRING_H
| # if !defined STDC_HEADERS && defined HAVE_MEMORY_H
| #  include <memory.h>
| # endif
| # include <string.h>
| #endif
| #ifdef HAVE_STRINGS_H
| # include <strings.h>
| #endif
| #ifdef HAVE_INTTYPES_H
| # include <inttypes.h>
| #endif
| #ifdef HAVE_STDINT_H
| # include <stdint.h>
| #endif
| #ifdef HAVE_UNISTD_H
| # include <unistd.h>
| #endif
| #include <vfork.h>
configure:22398: result: no
configure:22398: checking vfork.h presence
configure:22398: /opt/lede-toolchain-ramips-mt7621_gcc-5.4.0_musl-1.1.24.Linux-x86_64/toolchain-mipsel_24kc_gcc-5.4.0_musl-1.1.24/bin/mipsel-openwrt-linux-musl-gcc -E  conftest.c
conftest.c:40:19: fatal error: vfork.h: No such file or directory
compilation terminated.
configure:22398: $? = 1
configure: failed program was:
| /* confdefs.h */
| #define PACKAGE_NAME "lldpd"
| #define PACKAGE_TARNAME "lldpd"
| #define PACKAGE_VERSION "0.9.8"
| #define PACKAGE_STRING "lldpd 0.9.8"
| #define PACKAGE_BUGREPORT "https://github.com/vincentbernat/lldpd/issues"
| #define PACKAGE_URL "http://vincentbernat.github.io/lldpd/"
| #define PACKAGE "lldpd"
| #define VERSION "0.9.8"
| #define STDC_HEADERS 1
| #define HAVE_SYS_TYPES_H 1
| #define HAVE_SYS_STAT_H 1
| #define HAVE_STDLIB_H 1
| #define HAVE_STRING_H 1
| #define HAVE_MEMORY_H 1
| #define HAVE_STRINGS_H 1
| #define HAVE_INTTYPES_H 1
| #define HAVE_STDINT_H 1
| #define HAVE_UNISTD_H 1
| #define HAVE_DLFCN_H 1
| #define LT_OBJDIR ".libs/"
| #define HAVE_TYPEOF 1
| #define HOST_OS_LINUX 1
| #define HAVE_SYS_TYPES_H 1
| #define HAVE_NETINET_IN_H 1
| #define HAVE_ARPA_NAMESER_H 1
| #define HAVE_NETDB_H 1
| #define HAVE_RESOLV_H 1
| #define HAVE_U_INT32_T 1
| #define HAVE_UINT32_T 1
| #define HAVE___PROGNAME 1
| #define HAVE_ALIGNOF 1
| #define HAVE_STDLIB_H 1
| #define HAVE_MALLOC 0
| #define malloc rpl_malloc
| #define HAVE_STDLIB_H 1
| #define HAVE_REALLOC 0
| #define realloc rpl_realloc
| /* end confdefs.h.  */
| #include <vfork.h>
configure:22398: result: no
configure:22398: checking for vfork.h
configure:22398: result: no
configure:22411: checking for fork
configure:22411: /opt/lede-toolchain-ramips-mt7621_gcc-5.4.0_musl-1.1.24.Linux-x86_64/toolchain-mipsel_24kc_gcc-5.4.0_musl-1.1.24/bin/mipsel-openwrt-linux-musl-gcc -o conftest -g -O2 -I/repo/Pass_GPL/asuswrt/release/src-ra-openwrt-4210/router/mipsel-musl/stage/usr/include  -L/repo/Pass_GPL/asuswrt/release/src-ra-openwrt-4210/router/lldpd-0.9.8/lib -lm -L/repo/Pass_GPL/asuswrt/release/src-ra-openwrt-4210/router/mipsel-musl/stage/usr/lib -ljansson -L/repo/Pass_GPL/asuswrt/release/src-ra-openwrt-4210/router/json-c/.libs -ldl conftest.c  >&5
conftest.c:63:6: warning: conflicting types for built-in function 'fork'
 char fork ();
      ^
configure:22411: $? = 0
configure:22411: result: yes
configure:22411: checking for vfork
configure:22411: /opt/lede-toolchain-ramips-mt7621_gcc-5.4.0_musl-1.1.24.Linux-x86_64/toolchain-mipsel_24kc_gcc-5.4.0_musl-1.1.24/bin/mipsel-openwrt-linux-musl-gcc -o conftest -g -O2 -I/repo/Pass_GPL/asuswrt/release/src-ra-openwrt-4210/router/mipsel-musl/stage/usr/include  -L/repo/Pass_GPL/asuswrt/release/src-ra-openwrt-4210/router/lldpd-0.9.8/lib -lm -L/repo/Pass_GPL/asuswrt/release/src-ra-openwrt-4210/router/mipsel-musl/stage/usr/lib -ljansson -L/repo/Pass_GPL/asuswrt/release/src-ra-openwrt-4210/router/json-c/.libs -ldl conftest.c  >&5
configure:22411: $? = 0
configure:22411: result: yes
configure:22421: checking for working fork
configure:22453: result: cross
configure:22469: WARNING: result yes guessed because of cross compilation
configure:22474: checking for working vfork
configure:22584: result: yes
configure:22622: checking for mipsel-linux-pkg-config
configure:22655: result: no
configure:22665: checking for pkg-config
configure:22683: found /usr/bin/pkg-config
configure:22695: result: /usr/bin/pkg-config
configure:22720: checking pkg-config is at least version 0.9.0
configure:22723: result: yes
configure:22733: checking for libbsd
configure:22740: $PKG_CONFIG --exists --print-errors "libbsd-overlay"
Package libbsd-overlay was not found in the pkg-config search path.
Perhaps you should add the directory containing `libbsd-overlay.pc'
to the PKG_CONFIG_PATH environment variable
No package 'libbsd-overlay' found
configure:22743: $? = 1
configure:22757: $PKG_CONFIG --exists --print-errors "libbsd-overlay"
Package libbsd-overlay was not found in the pkg-config search path.
Perhaps you should add the directory containing `libbsd-overlay.pc'
to the PKG_CONFIG_PATH environment variable
No package 'libbsd-overlay' found
configure:22760: $? = 1
configure:22774: result: no
No package 'libbsd-overlay' found
configure:22842: checking for setproctitle
configure:22842: /opt/lede-toolchain-ramips-mt7621_gcc-5.4.0_musl-1.1.24.Linux-x86_64/toolchain-mipsel_24kc_gcc-5.4.0_musl-1.1.24/bin/mipsel-openwrt-linux-musl-gcc -o conftest -g -O2 -I/repo/Pass_GPL/asuswrt/release/src-ra-openwrt-4210/router/mipsel-musl/stage/usr/include  -L/repo/Pass_GPL/asuswrt/release/src-ra-openwrt-4210/router/lldpd-0.9.8/lib -lm -L/repo/Pass_GPL/asuswrt/release/src-ra-openwrt-4210/router/mipsel-musl/stage/usr/lib -ljansson -L/repo/Pass_GPL/asuswrt/release/src-ra-openwrt-4210/router/json-c/.libs -ldl conftest.c  >&5
/tmp/ccZhCKWt.o: In function `main':
/repo/Pass_GPL/asuswrt/release/src/router/lldpd-0.9.8/conftest.c:78: undefined reference to `setproctitle'
collect2: error: ld returned 1 exit status
configure:22842: $? = 1
configure: failed program was:
| /* confdefs.h */
| #define PACKAGE_NAME "lldpd"
| #define PACKAGE_TARNAME "lldpd"
| #define PACKAGE_VERSION "0.9.8"
| #define PACKAGE_STRING "lldpd 0.9.8"
| #define PACKAGE_BUGREPORT "https://github.com/vincentbernat/lldpd/issues"
| #define PACKAGE_URL "http://vincentbernat.github.io/lldpd/"
| #define PACKAGE "lldpd"
| #define VERSION "0.9.8"
| #define STDC_HEADERS 1
| #define HAVE_SYS_TYPES_H 1
| #define HAVE_SYS_STAT_H 1
| #define HAVE_STDLIB_H 1
| #define HAVE_STRING_H 1
| #define HAVE_MEMORY_H 1
| #define HAVE_STRINGS_H 1
| #define HAVE_INTTYPES_H 1
| #define HAVE_STDINT_H 1
| #define HAVE_UNISTD_H 1
| #define HAVE_DLFCN_H 1
| #define LT_OBJDIR ".libs/"
| #define HAVE_TYPEOF 1
| #define HOST_OS_LINUX 1
| #define HAVE_SYS_TYPES_H 1
| #define HAVE_NETINET_IN_H 1
| #define HAVE_ARPA_NAMESER_H 1
| #define HAVE_NETDB_H 1
| #define HAVE_RESOLV_H 1
| #define HAVE_U_INT32_T 1
| #define HAVE_UINT32_T 1
| #define HAVE___PROGNAME 1
| #define HAVE_ALIGNOF 1
| #define HAVE_STDLIB_H 1
| #define HAVE_MALLOC 0
| #define malloc rpl_malloc
| #define HAVE_STDLIB_H 1
| #define HAVE_REALLOC 0
| #define realloc rpl_realloc
| #define HAVE_FORK 1
| #define HAVE_VFORK 1
| #define HAVE_WORKING_VFORK 1
| #define HAVE_WORKING_FORK 1
| /* end confdefs.h.  */
| /* Define setproctitle to an innocuous variant, in case <limits.h> declares setproctitle.
|    For example, HP-UX 11i <limits.h> declares gettimeofday.  */
| #define setproctitle innocuous_setproctitle
| 
| /* System header to define __stub macros and hopefully few prototypes,
|     which can conflict with char setproctitle (); below.
|     Prefer <limits.h> to <assert.h> if __STDC__ is defined, since
|     <limits.h> exists even on freestanding compilers.  */
| 
| #ifdef __STDC__
| # include <limits.h>
| #else
| # include <assert.h>
| #endif
| 
| #undef setproctitle
| 
| /* Override any GCC internal prototype to avoid an error.
|    Use char because int might match the return type of a GCC
|    builtin and then its argument prototype would still apply.  */
| #ifdef __cplusplus
| extern "C"
| #endif
| char setproctitle ();
| /* The GNU C library defines this for functions which it implements
|     to always fail with ENOSYS.  Some functions are actually named
|     something starting with __ and the normal name is an alias.  */
| #if defined __stub_setproctitle || defined __stub___setproctitle
| choke me
| #endif
| 
| int
| main ()
| {
| return setproctitle ();
|   ;
|   return 0;
| }
configure:22842: result: no
configure:22858: checking for setproctitle_init
configure:22858: /opt/lede-toolchain-ramips-mt7621_gcc-5.4.0_musl-1.1.24.Linux-x86_64/toolchain-mipsel_24kc_gcc-5.4.0_musl-1.1.24/bin/mipsel-openwrt-linux-musl-gcc -o conftest -g -O2 -I/repo/Pass_GPL/asuswrt/release/src-ra-openwrt-4210/router/mipsel-musl/stage/usr/include  -L/repo/Pass_GPL/asuswrt/release/src-ra-openwrt-4210/router/lldpd-0.9.8/lib -lm -L/repo/Pass_GPL/asuswrt/release/src-ra-openwrt-4210/router/mipsel-musl/stage/usr/lib -ljansson -L/repo/Pass_GPL/asuswrt/release/src-ra-openwrt-4210/router/json-c/.libs -ldl conftest.c  >&5
/tmp/ccTMNm9A.o: In function `main':
/repo/Pass_GPL/asuswrt/release/src/router/lldpd-0.9.8/conftest.c:78: undefined reference to `setproctitle_init'
collect2: error: ld returned 1 exit status
configure:22858: $? = 1
configure: failed program was:
| /* confdefs.h */
| #define PACKAGE_NAME "lldpd"
| #define PACKAGE_TARNAME "lldpd"
| #define PACKAGE_VERSION "0.9.8"
| #define PACKAGE_STRING "lldpd 0.9.8"
| #define PACKAGE_BUGREPORT "https://github.com/vincentbernat/lldpd/issues"
| #define PACKAGE_URL "http://vincentbernat.github.io/lldpd/"
| #define PACKAGE "lldpd"
| #define VERSION "0.9.8"
| #define STDC_HEADERS 1
| #define HAVE_SYS_TYPES_H 1
| #define HAVE_SYS_STAT_H 1
| #define HAVE_STDLIB_H 1
| #define HAVE_STRING_H 1
| #define HAVE_MEMORY_H 1
| #define HAVE_STRINGS_H 1
| #define HAVE_INTTYPES_H 1
| #define HAVE_STDINT_H 1
| #define HAVE_UNISTD_H 1
| #define HAVE_DLFCN_H 1
| #define LT_OBJDIR ".libs/"
| #define HAVE_TYPEOF 1
| #define HOST_OS_LINUX 1
| #define HAVE_SYS_TYPES_H 1
| #define HAVE_NETINET_IN_H 1
| #define HAVE_ARPA_NAMESER_H 1
| #define HAVE_NETDB_H 1
| #define HAVE_RESOLV_H 1
| #define HAVE_U_INT32_T 1
| #define HAVE_UINT32_T 1
| #define HAVE___PROGNAME 1
| #define HAVE_ALIGNOF 1
| #define HAVE_STDLIB_H 1
| #define HAVE_MALLOC 0
| #define malloc rpl_malloc
| #define HAVE_STDLIB_H 1
| #define HAVE_REALLOC 0
| #define realloc rpl_realloc
| #define HAVE_FORK 1
| #define HAVE_VFORK 1
| #define HAVE_WORKING_VFORK 1
| #define HAVE_WORKING_FORK 1
| /* end confdefs.h.  */
| /* Define setproctitle_init to an innocuous variant, in case <limits.h> declares setproctitle_init.
|    For example, HP-UX 11i <limits.h> declares gettimeofday.  */
| #define setproctitle_init innocuous_setproctitle_init
| 
| /* System header to define __stub macros and hopefully few prototypes,
|     which can conflict with char setproctitle_init (); below.
|     Prefer <limits.h> to <assert.h> if __STDC__ is defined, since
|     <limits.h> exists even on freestanding compilers.  */
| 
| #ifdef __STDC__
| # include <limits.h>
| #else
| # include <assert.h>
| #endif
| 
| #undef setproctitle_init
| 
| /* Override any GCC internal prototype to avoid an error.
|    Use char because int might match the return type of a GCC
|    builtin and then its argument prototype would still apply.  */
| #ifdef __cplusplus
| extern "C"
| #endif
| char setproctitle_init ();
| /* The GNU C library defines this for functions which it implements
|     to always fail with ENOSYS.  Some functions are actually named
|     something starting with __ and the normal name is an alias.  */
| #if defined __stub_setproctitle_init || defined __stub___setproctitle_init
| choke me
| #endif
| 
| int
| main ()
| {
| return setproctitle_init ();
|   ;
|   return 0;
| }
configure:22858: result: no
configure:22868: checking for strlcpy
configure:22868: /opt/lede-toolchain-ramips-mt7621_gcc-5.4.0_musl-1.1.24.Linux-x86_64/toolchain-mipsel_24kc_gcc-5.4.0_musl-1.1.24/bin/mipsel-openwrt-linux-musl-gcc -o conftest -g -O2 -I/repo/Pass_GPL/asuswrt/release/src-ra-openwrt-4210/router/mipsel-musl/stage/usr/include  -L/repo/Pass_GPL/asuswrt/release/src-ra-openwrt-4210/router/lldpd-0.9.8/lib -lm -L/repo/Pass_GPL/asuswrt/release/src-ra-openwrt-4210/router/mipsel-musl/stage/usr/lib -ljansson -L/repo/Pass_GPL/asuswrt/release/src-ra-openwrt-4210/router/json-c/.libs -ldl conftest.c  >&5
configure:22868: $? = 0
configure:22868: result: yes
configure:22881: checking for strnlen
configure:22881: /opt/lede-toolchain-ramips-mt7621_gcc-5.4.0_musl-1.1.24.Linux-x86_64/toolchain-mipsel_24kc_gcc-5.4.0_musl-1.1.24/bin/mipsel-openwrt-linux-musl-gcc -o conftest -g -O2 -I/repo/Pass_GPL/asuswrt/release/src-ra-openwrt-4210/router/mipsel-musl/stage/usr/include  -L/repo/Pass_GPL/asuswrt/release/src-ra-openwrt-4210/router/lldpd-0.9.8/lib -lm -L/repo/Pass_GPL/asuswrt/release/src-ra-openwrt-4210/router/mipsel-musl/stage/usr/lib -ljansson -L/repo/Pass_GPL/asuswrt/release/src-ra-openwrt-4210/router/json-c/.libs -ldl conftest.c  >&5
configure:22881: $? = 0
configure:22881: result: yes
configure:22894: checking for strndup
configure:22894: /opt/lede-toolchain-ramips-mt7621_gcc-5.4.0_musl-1.1.24.Linux-x86_64/toolchain-mipsel_24kc_gcc-5.4.0_musl-1.1.24/bin/mipsel-openwrt-linux-musl-gcc -o conftest -g -O2 -I/repo/Pass_GPL/asuswrt/release/src-ra-openwrt-4210/router/mipsel-musl/stage/usr/include  -L/repo/Pass_GPL/asuswrt/release/src-ra-openwrt-4210/router/lldpd-0.9.8/lib -lm -L/repo/Pass_GPL/asuswrt/release/src-ra-openwrt-4210/router/mipsel-musl/stage/usr/lib -ljansson -L/repo/Pass_GPL/asuswrt/release/src-ra-openwrt-4210/router/json-c/.libs -ldl conftest.c  >&5
conftest.c:69:6: warning: conflicting types for built-in function 'strndup'
 char strndup ();
      ^
configure:22894: $? = 0
configure:22894: result: yes
configure:22907: checking for strtonum
configure:22907: /opt/lede-toolchain-ramips-mt7621_gcc-5.4.0_musl-1.1.24.Linux-x86_64/toolchain-mipsel_24kc_gcc-5.4.0_musl-1.1.24/bin/mipsel-openwrt-linux-musl-gcc -o conftest -g -O2 -I/repo/Pass_GPL/asuswrt/release/src-ra-openwrt-4210/router/mipsel-musl/stage/usr/include  -L/repo/Pass_GPL/asuswrt/release/src-ra-openwrt-4210/router/lldpd-0.9.8/lib -lm -L/repo/Pass_GPL/asuswrt/release/src-ra-openwrt-4210/router/mipsel-musl/stage/usr/lib -ljansson -L/repo/Pass_GPL/asuswrt/release/src-ra-openwrt-4210/router/json-c/.libs -ldl conftest.c  >&5
/tmp/ccf8LKp6.o: In function `main':
/repo/Pass_GPL/asuswrt/release/src/router/lldpd-0.9.8/conftest.c:81: undefined reference to `strtonum'
collect2: error: ld returned 1 exit status
configure:22907: $? = 1
configure: failed program was:
| /* confdefs.h */
| #define PACKAGE_NAME "lldpd"
| #define PACKAGE_TARNAME "lldpd"
| #define PACKAGE_VERSION "0.9.8"
| #define PACKAGE_STRING "lldpd 0.9.8"
| #define PACKAGE_BUGREPORT "https://github.com/vincentbernat/lldpd/issues"
| #define PACKAGE_URL "http://vincentbernat.github.io/lldpd/"
| #define PACKAGE "lldpd"
| #define VERSION "0.9.8"
| #define STDC_HEADERS 1
| #define HAVE_SYS_TYPES_H 1
| #define HAVE_SYS_STAT_H 1
| #define HAVE_STDLIB_H 1
| #define HAVE_STRING_H 1
| #define HAVE_MEMORY_H 1
| #define HAVE_STRINGS_H 1
| #define HAVE_INTTYPES_H 1
| #define HAVE_STDINT_H 1
| #define HAVE_UNISTD_H 1
| #define HAVE_DLFCN_H 1
| #define LT_OBJDIR ".libs/"
| #define HAVE_TYPEOF 1
| #define HOST_OS_LINUX 1
| #define HAVE_SYS_TYPES_H 1
| #define HAVE_NETINET_IN_H 1
| #define HAVE_ARPA_NAMESER_H 1
| #define HAVE_NETDB_H 1
| #define HAVE_RESOLV_H 1
| #define HAVE_U_INT32_T 1
| #define HAVE_UINT32_T 1
| #define HAVE___PROGNAME 1
| #define HAVE_ALIGNOF 1
| #define HAVE_STDLIB_H 1
| #define HAVE_MALLOC 0
| #define malloc rpl_malloc
| #define HAVE_STDLIB_H 1
| #define HAVE_REALLOC 0
| #define realloc rpl_realloc
| #define HAVE_FORK 1
| #define HAVE_VFORK 1
| #define HAVE_WORKING_VFORK 1
| #define HAVE_WORKING_FORK 1
| #define HAVE_STRLCPY 1
| #define HAVE_STRNLEN 1
| #define HAVE_STRNDUP 1
| /* end confdefs.h.  */
| /* Define strtonum to an innocuous variant, in case <limits.h> declares strtonum.
|    For example, HP-UX 11i <limits.h> declares gettimeofday.  */
| #define strtonum innocuous_strtonum
| 
| /* System header to define __stub macros and hopefully few prototypes,
|     which can conflict with char strtonum (); below.
|     Prefer <limits.h> to <assert.h> if __STDC__ is defined, since
|     <limits.h> exists even on freestanding compilers.  */
| 
| #ifdef __STDC__
| # include <limits.h>
| #else
| # include <assert.h>
| #endif
| 
| #undef strtonum
| 
| /* Override any GCC internal prototype to avoid an error.
|    Use char because int might match the return type of a GCC
|    builtin and then its argument prototype would still apply.  */
| #ifdef __cplusplus
| extern "C"
| #endif
| char strtonum ();
| /* The GNU C library defines this for functions which it implements
|     to always fail with ENOSYS.  Some functions are actually named
|     something starting with __ and the normal name is an alias.  */
| #if defined __stub_strtonum || defined __stub___strtonum
| choke me
| #endif
| 
| int
| main ()
| {
| return strtonum ();
|   ;
|   return 0;
| }
configure:22907: result: no
configure:22920: checking for getline
configure:22920: /opt/lede-toolchain-ramips-mt7621_gcc-5.4.0_musl-1.1.24.Linux-x86_64/toolchain-mipsel_24kc_gcc-5.4.0_musl-1.1.24/bin/mipsel-openwrt-linux-musl-gcc -o conftest -g -O2 -I/repo/Pass_GPL/asuswrt/release/src-ra-openwrt-4210/router/mipsel-musl/stage/usr/include  -L/repo/Pass_GPL/asuswrt/release/src-ra-openwrt-4210/router/lldpd-0.9.8/lib -lm -L/repo/Pass_GPL/asuswrt/release/src-ra-openwrt-4210/router/mipsel-musl/stage/usr/lib -ljansson -L/repo/Pass_GPL/asuswrt/release/src-ra-openwrt-4210/router/json-c/.libs -ldl conftest.c  >&5
configure:22920: $? = 0
configure:22920: result: yes
configure:22933: checking for asprintf
configure:22933: /opt/lede-toolchain-ramips-mt7621_gcc-5.4.0_musl-1.1.24.Linux-x86_64/toolchain-mipsel_24kc_gcc-5.4.0_musl-1.1.24/bin/mipsel-openwrt-linux-musl-gcc -o conftest -g -O2 -I/repo/Pass_GPL/asuswrt/release/src-ra-openwrt-4210/router/mipsel-musl/stage/usr/include  -L/repo/Pass_GPL/asuswrt/release/src-ra-openwrt-4210/router/lldpd-0.9.8/lib -lm -L/repo/Pass_GPL/asuswrt/release/src-ra-openwrt-4210/router/mipsel-musl/stage/usr/lib -ljansson -L/repo/Pass_GPL/asuswrt/release/src-ra-openwrt-4210/router/json-c/.libs -ldl conftest.c  >&5
configure:22933: $? = 0
configure:22933: result: yes
configure:22946: checking for vsyslog
configure:22946: /opt/lede-toolchain-ramips-mt7621_gcc-5.4.0_musl-1.1.24.Linux-x86_64/toolchain-mipsel_24kc_gcc-5.4.0_musl-1.1.24/bin/mipsel-openwrt-linux-musl-gcc -o conftest -g -O2 -I/repo/Pass_GPL/asuswrt/release/src-ra-openwrt-4210/router/mipsel-musl/stage/usr/include  -L/repo/Pass_GPL/asuswrt/release/src-ra-openwrt-4210/router/lldpd-0.9.8/lib -lm -L/repo/Pass_GPL/asuswrt/release/src-ra-openwrt-4210/router/mipsel-musl/stage/usr/lib -ljansson -L/repo/Pass_GPL/asuswrt/release/src-ra-openwrt-4210/router/json-c/.libs -ldl conftest.c  >&5
configure:22946: $? = 0
configure:22946: result: yes
configure:22959: checking for daemon
configure:22959: /opt/lede-toolchain-ramips-mt7621_gcc-5.4.0_musl-1.1.24.Linux-x86_64/toolchain-mipsel_24kc_gcc-5.4.0_musl-1.1.24/bin/mipsel-openwrt-linux-musl-gcc -o conftest -g -O2 -I/repo/Pass_GPL/asuswrt/release/src-ra-openwrt-4210/router/mipsel-musl/stage/usr/include  -L/repo/Pass_GPL/asuswrt/release/src-ra-openwrt-4210/router/lldpd-0.9.8/lib -lm -L/repo/Pass_GPL/asuswrt/release/src-ra-openwrt-4210/router/mipsel-musl/stage/usr/lib -ljansson -L/repo/Pass_GPL/asuswrt/release/src-ra-openwrt-4210/router/json-c/.libs -ldl conftest.c  >&5
configure:22959: $? = 0
configure:22959: result: yes
configure:22977: checking for setresuid
configure:22977: /opt/lede-toolchain-ramips-mt7621_gcc-5.4.0_musl-1.1.24.Linux-x86_64/toolchain-mipsel_24kc_gcc-5.4.0_musl-1.1.24/bin/mipsel-openwrt-linux-musl-gcc -o conftest -g -O2 -I/repo/Pass_GPL/asuswrt/release/src-ra-openwrt-4210/router/mipsel-musl/stage/usr/include  -L/repo/Pass_GPL/asuswrt/release/src-ra-openwrt-4210/router/lldpd-0.9.8/lib -lm -L/repo/Pass_GPL/asuswrt/release/src-ra-openwrt-4210/router/mipsel-musl/stage/usr/lib -ljansson -L/repo/Pass_GPL/asuswrt/release/src-ra-openwrt-4210/router/json-c/.libs -ldl conftest.c  >&5
configure:22977: $? = 0
configure:22977: result: yes
configure:22977: checking for setresgid
configure:22977: /opt/lede-toolchain-ramips-mt7621_gcc-5.4.0_musl-1.1.24.Linux-x86_64/toolchain-mipsel_24kc_gcc-5.4.0_musl-1.1.24/bin/mipsel-openwrt-linux-musl-gcc -o conftest -g -O2 -I/repo/Pass_GPL/asuswrt/release/src-ra-openwrt-4210/router/mipsel-musl/stage/usr/include  -L/repo/Pass_GPL/asuswrt/release/src-ra-openwrt-4210/router/lldpd-0.9.8/lib -lm -L/repo/Pass_GPL/asuswrt/release/src-ra-openwrt-4210/router/mipsel-musl/stage/usr/lib -ljansson -L/repo/Pass_GPL/asuswrt/release/src-ra-openwrt-4210/router/json-c/.libs -ldl conftest.c  >&5
configure:22977: $? = 0
configure:22977: result: yes
configure:22990: checking for library containing res_init
configure:23016: /opt/lede-toolchain-ramips-mt7621_gcc-5.4.0_musl-1.1.24.Linux-x86_64/toolchain-mipsel_24kc_gcc-5.4.0_musl-1.1.24/bin/mipsel-openwrt-linux-musl-gcc -o conftest -g -O2 -I/repo/Pass_GPL/asuswrt/release/src-ra-openwrt-4210/router/mipsel-musl/stage/usr/include  -L/repo/Pass_GPL/asuswrt/release/src-ra-openwrt-4210/router/lldpd-0.9.8/lib -lm -L/repo/Pass_GPL/asuswrt/release/src-ra-openwrt-4210/router/mipsel-musl/stage/usr/lib -ljansson -L/repo/Pass_GPL/asuswrt/release/src-ra-openwrt-4210/router/json-c/.libs -ldl conftest.c  >&5
configure:23016: $? = 0
configure:23033: result: none required
configure:23134: checking for CHECK
configure:23141: $PKG_CONFIG --exists --print-errors "check >= 0.9.4"
Package check was not found in the pkg-config search path.
Perhaps you should add the directory containing `check.pc'
to the PKG_CONFIG_PATH environment variable
No package 'check' found
configure:23144: $? = 1
configure:23158: $PKG_CONFIG --exists --print-errors "check >= 0.9.4"
Package check was not found in the pkg-config search path.
Perhaps you should add the directory containing `check.pc'
to the PKG_CONFIG_PATH environment variable
No package 'check' found
configure:23161: $? = 1
configure:23175: result: no
No package 'check' found
configure:23221: checking for LIBEVENT
configure:23228: $PKG_CONFIG --exists --print-errors "libevent >= 2.0.5"
configure:23231: $? = 0
configure:23245: $PKG_CONFIG --exists --print-errors "libevent >= 2.0.5"
configure:23248: $? = 0
configure:23304: result: yes
configure:23308: checking if system libevent works as expected
configure:23328: /opt/lede-toolchain-ramips-mt7621_gcc-5.4.0_musl-1.1.24.Linux-x86_64/toolchain-mipsel_24kc_gcc-5.4.0_musl-1.1.24/bin/mipsel-openwrt-linux-musl-gcc -o conftest -g -O2 -I/repo/Pass_GPL/asuswrt/release/src-ra-openwrt-4210/router/mipsel-musl/stage/usr/include   -L/repo/Pass_GPL/asuswrt/release/src-ra-openwrt-4210/router/lldpd-0.9.8/lib -lm -L/repo/Pass_GPL/asuswrt/release/src-ra-openwrt-4210/router/mipsel-musl/stage/usr/lib -ljansson -L/repo/Pass_GPL/asuswrt/release/src-ra-openwrt-4210/router/json-c/.libs -ldl conftest.c  -levent >&5
configure:23328: $? = 0
configure:23330: result: yes
configure:23434: === configuring in libevent (/repo/Pass_GPL/asuswrt/release/src/router/lldpd-0.9.8/libevent)
configure:23483: running /bin/sh ./configure --disable-option-checking '--prefix='  '--host=mipsel-linux' '--build=x86_64-linux-gnu' '--bindir=/usr/sbin' '--libdir=/usr/lib' 'CFLAGS=-g -O2 -I/repo/Pass_GPL/asuswrt/release/src-ra-openwrt-4210/router/mipsel-musl/stage/usr/include' 'LDFLAGS=-L/repo/Pass_GPL/asuswrt/release/src-ra-openwrt-4210/router/lldpd-0.9.8/lib -lm -L/repo/Pass_GPL/asuswrt/release/src-ra-openwrt-4210/router/mipsel-musl/stage/usr/lib -ljansson -L/repo/Pass_GPL/asuswrt/release/src-ra-openwrt-4210/router/json-c/.libs -ldl' '--with-privsep-user=nobody' '--with-privsep-group=root' '--with-privsep-path=/var/run/lldpd' '--enable-oldies' '--with-json=yes' 'build_alias=x86_64-linux-gnu' 'host_alias=mipsel-linux' 'CC=/opt/lede-toolchain-ramips-mt7621_gcc-5.4.0_musl-1.1.24.Linux-x86_64/toolchain-mipsel_24kc_gcc-5.4.0_musl-1.1.24/bin/mipsel-openwrt-linux-musl-gcc' 'CXX=/opt/lede-toolchain-ramips-mt7621_gcc-5.4.0_musl-1.1.24.Linux-x86_64/toolchain-mipsel_24kc_gcc-5.4.0_musl-1.1.24/bin/mipsel-openwrt-linux-musl-g++' 'PKG_CONFIG_PATH=/repo/Pass_GPL/asuswrt/release/src-ra-openwrt-4210/router/mipsel-musl/stage/usr/lib/pkgconfig:/repo/Pass_GPL/asuswrt/release/src-ra-openwrt-4210/router/mipsel-musl/stage/etc/lib/pkgconfig' 'PKG_CONFIG_LIBDIR=/repo/Pass_GPL/asuswrt/release/src-ra-openwrt-4210/router/mipsel-musl/stage/usr/lib/pkgconfig:/repo/Pass_GPL/asuswrt/release/src-ra-openwrt-4210/router/mipsel-musl/stage/usr/local/lib/pkgconfig:/repo/Pass_GPL/asuswrt/release/src-ra-openwrt-4210/router/mipsel-musl/stage/etc/lib/pkgconfig' --enable-silent-rules  --disable-libevent-regress --disable-thread-support --disable-openssl --disable-malloc-replacement --disable-debug-mode --enable-function-sections --disable-shared --with-pic --enable-static --cache-file=/dev/null --srcdir=.
configure:23491: === end of configure in libevent (/repo/Pass_GPL/asuswrt/release/src/router/lldpd-0.9.8/libevent/libevent)
configure:23541: checking for a readline compatible library
configure:23575: /opt/lede-toolchain-ramips-mt7621_gcc-5.4.0_musl-1.1.24.Linux-x86_64/toolchain-mipsel_24kc_gcc-5.4.0_musl-1.1.24/bin/mipsel-openwrt-linux-musl-gcc -o conftest -g -O2 -I/repo/Pass_GPL/asuswrt/release/src-ra-openwrt-4210/router/mipsel-musl/stage/usr/include  -L/repo/Pass_GPL/asuswrt/release/src-ra-openwrt-4210/router/lldpd-0.9.8/lib -lm -L/repo/Pass_GPL/asuswrt/release/src-ra-openwrt-4210/router/mipsel-musl/stage/usr/lib -ljansson -L/repo/Pass_GPL/asuswrt/release/src-ra-openwrt-4210/router/json-c/.libs -ldl conftest.c  -lreadline >&5
/opt/lede-toolchain-ramips-mt7621_gcc-5.4.0_musl-1.1.24.Linux-x86_64/toolchain-mipsel_24kc_gcc-5.4.0_musl-1.1.24/bin/../lib/gcc/mipsel-openwrt-linux-musl/5.4.0/../../../../mipsel-openwrt-linux-musl/bin/ld: cannot find -lreadline
collect2: error: ld returned 1 exit status
configure:23575: $? = 1
configure: failed program was:
| /* confdefs.h */
| #define PACKAGE_NAME "lldpd"
| #define PACKAGE_TARNAME "lldpd"
| #define PACKAGE_VERSION "0.9.8"
| #define PACKAGE_STRING "lldpd 0.9.8"
| #define PACKAGE_BUGREPORT "https://github.com/vincentbernat/lldpd/issues"
| #define PACKAGE_URL "http://vincentbernat.github.io/lldpd/"
| #define PACKAGE "lldpd"
| #define VERSION "0.9.8"
| #define STDC_HEADERS 1
| #define HAVE_SYS_TYPES_H 1
| #define HAVE_SYS_STAT_H 1
| #define HAVE_STDLIB_H 1
| #define HAVE_STRING_H 1
| #define HAVE_MEMORY_H 1
| #define HAVE_STRINGS_H 1
| #define HAVE_INTTYPES_H 1
| #define HAVE_STDINT_H 1
| #define HAVE_UNISTD_H 1
| #define HAVE_DLFCN_H 1
| #define LT_OBJDIR ".libs/"
| #define HAVE_TYPEOF 1
| #define HOST_OS_LINUX 1
| #define HAVE_SYS_TYPES_H 1
| #define HAVE_NETINET_IN_H 1
| #define HAVE_ARPA_NAMESER_H 1
| #define HAVE_NETDB_H 1
| #define HAVE_RESOLV_H 1
| #define HAVE_U_INT32_T 1
| #define HAVE_UINT32_T 1
| #define HAVE___PROGNAME 1
| #define HAVE_ALIGNOF 1
| #define HAVE_STDLIB_H 1
| #define HAVE_MALLOC 0
| #define malloc rpl_malloc
| #define HAVE_STDLIB_H 1
| #define HAVE_REALLOC 0
| #define realloc rpl_realloc
| #define HAVE_FORK 1
| #define HAVE_VFORK 1
| #define HAVE_WORKING_VFORK 1
| #define HAVE_WORKING_FORK 1
| #define HAVE_STRLCPY 1
| #define HAVE_STRNLEN 1
| #define HAVE_STRNDUP 1
| #define HAVE_GETLINE 1
| #define HAVE_ASPRINTF 1
| #define HAVE_VSYSLOG 1
| #define HAVE_DAEMON 1
| #define HAVE_SETRESUID 1
| #define HAVE_SETRESGID 1
| #define HAVE_RES_INIT 1
| /* end confdefs.h.  */
| 
| /* Override any GCC internal prototype to avoid an error.
|    Use char because int might match the return type of a GCC
|    builtin and then its argument prototype would still apply.  */
| #ifdef __cplusplus
| extern "C"
| #endif
| char readline ();
| int
| main ()
| {
| return readline ();
|   ;
|   return 0;
| }
configure:23575: /opt/lede-toolchain-ramips-mt7621_gcc-5.4.0_musl-1.1.24.Linux-x86_64/toolchain-mipsel_24kc_gcc-5.4.0_musl-1.1.24/bin/mipsel-openwrt-linux-musl-gcc -o conftest -g -O2 -I/repo/Pass_GPL/asuswrt/release/src-ra-openwrt-4210/router/mipsel-musl/stage/usr/include  -L/repo/Pass_GPL/asuswrt/release/src-ra-openwrt-4210/router/lldpd-0.9.8/lib -lm -L/repo/Pass_GPL/asuswrt/release/src-ra-openwrt-4210/router/mipsel-musl/stage/usr/lib -ljansson -L/repo/Pass_GPL/asuswrt/release/src-ra-openwrt-4210/router/json-c/.libs -ldl conftest.c  -lreadline -ltermcap >&5
/opt/lede-toolchain-ramips-mt7621_gcc-5.4.0_musl-1.1.24.Linux-x86_64/toolchain-mipsel_24kc_gcc-5.4.0_musl-1.1.24/bin/../lib/gcc/mipsel-openwrt-linux-musl/5.4.0/../../../../mipsel-openwrt-linux-musl/bin/ld: cannot find -lreadline
/opt/lede-toolchain-ramips-mt7621_gcc-5.4.0_musl-1.1.24.Linux-x86_64/toolchain-mipsel_24kc_gcc-5.4.0_musl-1.1.24/bin/../lib/gcc/mipsel-openwrt-linux-musl/5.4.0/../../../../mipsel-openwrt-linux-musl/bin/ld: cannot find -ltermcap
collect2: error: ld returned 1 exit status
configure:23575: $? = 1
configure: failed program was:
| /* confdefs.h */
| #define PACKAGE_NAME "lldpd"
| #define PACKAGE_TARNAME "lldpd"
| #define PACKAGE_VERSION "0.9.8"
| #define PACKAGE_STRING "lldpd 0.9.8"
| #define PACKAGE_BUGREPORT "https://github.com/vincentbernat/lldpd/issues"
| #define PACKAGE_URL "http://vincentbernat.github.io/lldpd/"
| #define PACKAGE "lldpd"
| #define VERSION "0.9.8"
| #define STDC_HEADERS 1
| #define HAVE_SYS_TYPES_H 1
| #define HAVE_SYS_STAT_H 1
| #define HAVE_STDLIB_H 1
| #define HAVE_STRING_H 1
| #define HAVE_MEMORY_H 1
| #define HAVE_STRINGS_H 1
| #define HAVE_INTTYPES_H 1
| #define HAVE_STDINT_H 1
| #define HAVE_UNISTD_H 1
| #define HAVE_DLFCN_H 1
| #define LT_OBJDIR ".libs/"
| #define HAVE_TYPEOF 1
| #define HOST_OS_LINUX 1
| #define HAVE_SYS_TYPES_H 1
| #define HAVE_NETINET_IN_H 1
| #define HAVE_ARPA_NAMESER_H 1
| #define HAVE_NETDB_H 1
| #define HAVE_RESOLV_H 1
| #define HAVE_U_INT32_T 1
| #define HAVE_UINT32_T 1
| #define HAVE___PROGNAME 1
| #define HAVE_ALIGNOF 1
| #define HAVE_STDLIB_H 1
| #define HAVE_MALLOC 0
| #define malloc rpl_malloc
| #define HAVE_STDLIB_H 1
| #define HAVE_REALLOC 0
| #define realloc rpl_realloc
| #define HAVE_FORK 1
| #define HAVE_VFORK 1
| #define HAVE_WORKING_VFORK 1
| #define HAVE_WORKING_FORK 1
| #define HAVE_STRLCPY 1
| #define HAVE_STRNLEN 1
| #define HAVE_STRNDUP 1
| #define HAVE_GETLINE 1
| #define HAVE_ASPRINTF 1
| #define HAVE_VSYSLOG 1
| #define HAVE_DAEMON 1
| #define HAVE_SETRESUID 1
| #define HAVE_SETRESGID 1
| #define HAVE_RES_INIT 1
| /* end confdefs.h.  */
| 
| /* Override any GCC internal prototype to avoid an error.
|    Use char because int might match the return type of a GCC
|    builtin and then its argument prototype would still apply.  */
| #ifdef __cplusplus
| extern "C"
| #endif
| char readline ();
| int
| main ()
| {
| return readline ();
|   ;
|   return 0;
| }
configure:23575: /opt/lede-toolchain-ramips-mt7621_gcc-5.4.0_musl-1.1.24.Linux-x86_64/toolchain-mipsel_24kc_gcc-5.4.0_musl-1.1.24/bin/mipsel-openwrt-linux-musl-gcc -o conftest -g -O2 -I/repo/Pass_GPL/asuswrt/release/src-ra-openwrt-4210/router/mipsel-musl/stage/usr/include  -L/repo/Pass_GPL/asuswrt/release/src-ra-openwrt-4210/router/lldpd-0.9.8/lib -lm -L/repo/Pass_GPL/asuswrt/release/src-ra-openwrt-4210/router/mipsel-musl/stage/usr/lib -ljansson -L/repo/Pass_GPL/asuswrt/release/src-ra-openwrt-4210/router/json-c/.libs -ldl conftest.c  -lreadline -lcurses >&5
/opt/lede-toolchain-ramips-mt7621_gcc-5.4.0_musl-1.1.24.Linux-x86_64/toolchain-mipsel_24kc_gcc-5.4.0_musl-1.1.24/bin/../lib/gcc/mipsel-openwrt-linux-musl/5.4.0/../../../../mipsel-openwrt-linux-musl/bin/ld: cannot find -lreadline
/opt/lede-toolchain-ramips-mt7621_gcc-5.4.0_musl-1.1.24.Linux-x86_64/toolchain-mipsel_24kc_gcc-5.4.0_musl-1.1.24/bin/../lib/gcc/mipsel-openwrt-linux-musl/5.4.0/../../../../mipsel-openwrt-linux-musl/bin/ld: cannot find -lcurses
collect2: error: ld returned 1 exit status
configure:23575: $? = 1
configure: failed program was:
| /* confdefs.h */
| #define PACKAGE_NAME "lldpd"
| #define PACKAGE_TARNAME "lldpd"
| #define PACKAGE_VERSION "0.9.8"
| #define PACKAGE_STRING "lldpd 0.9.8"
| #define PACKAGE_BUGREPORT "https://github.com/vincentbernat/lldpd/issues"
| #define PACKAGE_URL "http://vincentbernat.github.io/lldpd/"
| #define PACKAGE "lldpd"
| #define VERSION "0.9.8"
| #define STDC_HEADERS 1
| #define HAVE_SYS_TYPES_H 1
| #define HAVE_SYS_STAT_H 1
| #define HAVE_STDLIB_H 1
| #define HAVE_STRING_H 1
| #define HAVE_MEMORY_H 1
| #define HAVE_STRINGS_H 1
| #define HAVE_INTTYPES_H 1
| #define HAVE_STDINT_H 1
| #define HAVE_UNISTD_H 1
| #define HAVE_DLFCN_H 1
| #define LT_OBJDIR ".libs/"
| #define HAVE_TYPEOF 1
| #define HOST_OS_LINUX 1
| #define HAVE_SYS_TYPES_H 1
| #define HAVE_NETINET_IN_H 1
| #define HAVE_ARPA_NAMESER_H 1
| #define HAVE_NETDB_H 1
| #define HAVE_RESOLV_H 1
| #define HAVE_U_INT32_T 1
| #define HAVE_UINT32_T 1
| #define HAVE___PROGNAME 1
| #define HAVE_ALIGNOF 1
| #define HAVE_STDLIB_H 1
| #define HAVE_MALLOC 0
| #define malloc rpl_malloc
| #define HAVE_STDLIB_H 1
| #define HAVE_REALLOC 0
| #define realloc rpl_realloc
| #define HAVE_FORK 1
| #define HAVE_VFORK 1
| #define HAVE_WORKING_VFORK 1
| #define HAVE_WORKING_FORK 1
| #define HAVE_STRLCPY 1
| #define HAVE_STRNLEN 1
| #define HAVE_STRNDUP 1
| #define HAVE_GETLINE 1
| #define HAVE_ASPRINTF 1
| #define HAVE_VSYSLOG 1
| #define HAVE_DAEMON 1
| #define HAVE_SETRESUID 1
| #define HAVE_SETRESGID 1
| #define HAVE_RES_INIT 1
| /* end confdefs.h.  */
| 
| /* Override any GCC internal prototype to avoid an error.
|    Use char because int might match the return type of a GCC
|    builtin and then its argument prototype would still apply.  */
| #ifdef __cplusplus
| extern "C"
| #endif
| char readline ();
| int
| main ()
| {
| return readline ();
|   ;
|   return 0;
| }
configure:23575: /opt/lede-toolchain-ramips-mt7621_gcc-5.4.0_musl-1.1.24.Linux-x86_64/toolchain-mipsel_24kc_gcc-5.4.0_musl-1.1.24/bin/mipsel-openwrt-linux-musl-gcc -o conftest -g -O2 -I/repo/Pass_GPL/asuswrt/release/src-ra-openwrt-4210/router/mipsel-musl/stage/usr/include  -L/repo/Pass_GPL/asuswrt/release/src-ra-openwrt-4210/router/lldpd-0.9.8/lib -lm -L/repo/Pass_GPL/asuswrt/release/src-ra-openwrt-4210/router/mipsel-musl/stage/usr/lib -ljansson -L/repo/Pass_GPL/asuswrt/release/src-ra-openwrt-4210/router/json-c/.libs -ldl conftest.c  -lreadline -lncurses >&5
/opt/lede-toolchain-ramips-mt7621_gcc-5.4.0_musl-1.1.24.Linux-x86_64/toolchain-mipsel_24kc_gcc-5.4.0_musl-1.1.24/bin/../lib/gcc/mipsel-openwrt-linux-musl/5.4.0/../../../../mipsel-openwrt-linux-musl/bin/ld: cannot find -lreadline
/opt/lede-toolchain-ramips-mt7621_gcc-5.4.0_musl-1.1.24.Linux-x86_64/toolchain-mipsel_24kc_gcc-5.4.0_musl-1.1.24/bin/../lib/gcc/mipsel-openwrt-linux-musl/5.4.0/../../../../mipsel-openwrt-linux-musl/bin/ld: cannot find -lncurses
collect2: error: ld returned 1 exit status
configure:23575: $? = 1
configure: failed program was:
| /* confdefs.h */
| #define PACKAGE_NAME "lldpd"
| #define PACKAGE_TARNAME "lldpd"
| #define PACKAGE_VERSION "0.9.8"
| #define PACKAGE_STRING "lldpd 0.9.8"
| #define PACKAGE_BUGREPORT "https://github.com/vincentbernat/lldpd/issues"
| #define PACKAGE_URL "http://vincentbernat.github.io/lldpd/"
| #define PACKAGE "lldpd"
| #define VERSION "0.9.8"
| #define STDC_HEADERS 1
| #define HAVE_SYS_TYPES_H 1
| #define HAVE_SYS_STAT_H 1
| #define HAVE_STDLIB_H 1
| #define HAVE_STRING_H 1
| #define HAVE_MEMORY_H 1
| #define HAVE_STRINGS_H 1
| #define HAVE_INTTYPES_H 1
| #define HAVE_STDINT_H 1
| #define HAVE_UNISTD_H 1
| #define HAVE_DLFCN_H 1
| #define LT_OBJDIR ".libs/"
| #define HAVE_TYPEOF 1
| #define HOST_OS_LINUX 1
| #define HAVE_SYS_TYPES_H 1
| #define HAVE_NETINET_IN_H 1
| #define HAVE_ARPA_NAMESER_H 1
| #define HAVE_NETDB_H 1
| #define HAVE_RESOLV_H 1
| #define HAVE_U_INT32_T 1
| #define HAVE_UINT32_T 1
| #define HAVE___PROGNAME 1
| #define HAVE_ALIGNOF 1
| #define HAVE_STDLIB_H 1
| #define HAVE_MALLOC 0
| #define malloc rpl_malloc
| #define HAVE_STDLIB_H 1
| #define HAVE_REALLOC 0
| #define realloc rpl_realloc
| #define HAVE_FORK 1
| #define HAVE_VFORK 1
| #define HAVE_WORKING_VFORK 1
| #define HAVE_WORKING_FORK 1
| #define HAVE_STRLCPY 1
| #define HAVE_STRNLEN 1
| #define HAVE_STRNDUP 1
| #define HAVE_GETLINE 1
| #define HAVE_ASPRINTF 1
| #define HAVE_VSYSLOG 1
| #define HAVE_DAEMON 1
| #define HAVE_SETRESUID 1
| #define HAVE_SETRESGID 1
| #define HAVE_RES_INIT 1
| /* end confdefs.h.  */
| 
| /* Override any GCC internal prototype to avoid an error.
|    Use char because int might match the return type of a GCC
|    builtin and then its argument prototype would still apply.  */
| #ifdef __cplusplus
| extern "C"
| #endif
| char readline ();
| int
| main ()
| {
| return readline ();
|   ;
|   return 0;
| }
configure:23575: /opt/lede-toolchain-ramips-mt7621_gcc-5.4.0_musl-1.1.24.Linux-x86_64/toolchain-mipsel_24kc_gcc-5.4.0_musl-1.1.24/bin/mipsel-openwrt-linux-musl-gcc -o conftest -g -O2 -I/repo/Pass_GPL/asuswrt/release/src-ra-openwrt-4210/router/mipsel-musl/stage/usr/include  -L/repo/Pass_GPL/asuswrt/release/src-ra-openwrt-4210/router/lldpd-0.9.8/lib -lm -L/repo/Pass_GPL/asuswrt/release/src-ra-openwrt-4210/router/mipsel-musl/stage/usr/lib -ljansson -L/repo/Pass_GPL/asuswrt/release/src-ra-openwrt-4210/router/json-c/.libs -ldl conftest.c  -ledit >&5
/opt/lede-toolchain-ramips-mt7621_gcc-5.4.0_musl-1.1.24.Linux-x86_64/toolchain-mipsel_24kc_gcc-5.4.0_musl-1.1.24/bin/../lib/gcc/mipsel-openwrt-linux-musl/5.4.0/../../../../mipsel-openwrt-linux-musl/bin/ld: cannot find -ledit
collect2: error: ld returned 1 exit status
configure:23575: $? = 1
configure: failed program was:
| /* confdefs.h */
| #define PACKAGE_NAME "lldpd"
| #define PACKAGE_TARNAME "lldpd"
| #define PACKAGE_VERSION "0.9.8"
| #define PACKAGE_STRING "lldpd 0.9.8"
| #define PACKAGE_BUGREPORT "https://github.com/vincentbernat/lldpd/issues"
| #define PACKAGE_URL "http://vincentbernat.github.io/lldpd/"
| #define PACKAGE "lldpd"
| #define VERSION "0.9.8"
| #define STDC_HEADERS 1
| #define HAVE_SYS_TYPES_H 1
| #define HAVE_SYS_STAT_H 1
| #define HAVE_STDLIB_H 1
| #define HAVE_STRING_H 1
| #define HAVE_MEMORY_H 1
| #define HAVE_STRINGS_H 1
| #define HAVE_INTTYPES_H 1
| #define HAVE_STDINT_H 1
| #define HAVE_UNISTD_H 1
| #define HAVE_DLFCN_H 1
| #define LT_OBJDIR ".libs/"
| #define HAVE_TYPEOF 1
| #define HOST_OS_LINUX 1
| #define HAVE_SYS_TYPES_H 1
| #define HAVE_NETINET_IN_H 1
| #define HAVE_ARPA_NAMESER_H 1
| #define HAVE_NETDB_H 1
| #define HAVE_RESOLV_H 1
| #define HAVE_U_INT32_T 1
| #define HAVE_UINT32_T 1
| #define HAVE___PROGNAME 1
| #define HAVE_ALIGNOF 1
| #define HAVE_STDLIB_H 1
| #define HAVE_MALLOC 0
| #define malloc rpl_malloc
| #define HAVE_STDLIB_H 1
| #define HAVE_REALLOC 0
| #define realloc rpl_realloc
| #define HAVE_FORK 1
| #define HAVE_VFORK 1
| #define HAVE_WORKING_VFORK 1
| #define HAVE_WORKING_FORK 1
| #define HAVE_STRLCPY 1
| #define HAVE_STRNLEN 1
| #define HAVE_STRNDUP 1
| #define HAVE_GETLINE 1
| #define HAVE_ASPRINTF 1
| #define HAVE_VSYSLOG 1
| #define HAVE_DAEMON 1
| #define HAVE_SETRESUID 1
| #define HAVE_SETRESGID 1
| #define HAVE_RES_INIT 1
| /* end confdefs.h.  */
| 
| /* Override any GCC internal prototype to avoid an error.
|    Use char because int might match the return type of a GCC
|    builtin and then its argument prototype would still apply.  */
| #ifdef __cplusplus
| extern "C"
| #endif
| char readline ();
| int
| main ()
| {
| return readline ();
|   ;
|   return 0;
| }
configure:23575: /opt/lede-toolchain-ramips-mt7621_gcc-5.4.0_musl-1.1.24.Linux-x86_64/toolchain-mipsel_24kc_gcc-5.4.0_musl-1.1.24/bin/mipsel-openwrt-linux-musl-gcc -o conftest -g -O2 -I/repo/Pass_GPL/asuswrt/release/src-ra-openwrt-4210/router/mipsel-musl/stage/usr/include  -L/repo/Pass_GPL/asuswrt/release/src-ra-openwrt-4210/router/lldpd-0.9.8/lib -lm -L/repo/Pass_GPL/asuswrt/release/src-ra-openwrt-4210/router/mipsel-musl/stage/usr/lib -ljansson -L/repo/Pass_GPL/asuswrt/release/src-ra-openwrt-4210/router/json-c/.libs -ldl conftest.c  -ledit -ltermcap >&5
/opt/lede-toolchain-ramips-mt7621_gcc-5.4.0_musl-1.1.24.Linux-x86_64/toolchain-mipsel_24kc_gcc-5.4.0_musl-1.1.24/bin/../lib/gcc/mipsel-openwrt-linux-musl/5.4.0/../../../../mipsel-openwrt-linux-musl/bin/ld: cannot find -ledit
/opt/lede-toolchain-ramips-mt7621_gcc-5.4.0_musl-1.1.24.Linux-x86_64/toolchain-mipsel_24kc_gcc-5.4.0_musl-1.1.24/bin/../lib/gcc/mipsel-openwrt-linux-musl/5.4.0/../../../../mipsel-openwrt-linux-musl/bin/ld: cannot find -ltermcap
collect2: error: ld returned 1 exit status
configure:23575: $? = 1
configure: failed program was:
| /* confdefs.h */
| #define PACKAGE_NAME "lldpd"
| #define PACKAGE_TARNAME "lldpd"
| #define PACKAGE_VERSION "0.9.8"
| #define PACKAGE_STRING "lldpd 0.9.8"
| #define PACKAGE_BUGREPORT "https://github.com/vincentbernat/lldpd/issues"
| #define PACKAGE_URL "http://vincentbernat.github.io/lldpd/"
| #define PACKAGE "lldpd"
| #define VERSION "0.9.8"
| #define STDC_HEADERS 1
| #define HAVE_SYS_TYPES_H 1
| #define HAVE_SYS_STAT_H 1
| #define HAVE_STDLIB_H 1
| #define HAVE_STRING_H 1
| #define HAVE_MEMORY_H 1
| #define HAVE_STRINGS_H 1
| #define HAVE_INTTYPES_H 1
| #define HAVE_STDINT_H 1
| #define HAVE_UNISTD_H 1
| #define HAVE_DLFCN_H 1
| #define LT_OBJDIR ".libs/"
| #define HAVE_TYPEOF 1
| #define HOST_OS_LINUX 1
| #define HAVE_SYS_TYPES_H 1
| #define HAVE_NETINET_IN_H 1
| #define HAVE_ARPA_NAMESER_H 1
| #define HAVE_NETDB_H 1
| #define HAVE_RESOLV_H 1
| #define HAVE_U_INT32_T 1
| #define HAVE_UINT32_T 1
| #define HAVE___PROGNAME 1
| #define HAVE_ALIGNOF 1
| #define HAVE_STDLIB_H 1
| #define HAVE_MALLOC 0
| #define malloc rpl_malloc
| #define HAVE_STDLIB_H 1
| #define HAVE_REALLOC 0
| #define realloc rpl_realloc
| #define HAVE_FORK 1
| #define HAVE_VFORK 1
| #define HAVE_WORKING_VFORK 1
| #define HAVE_WORKING_FORK 1
| #define HAVE_STRLCPY 1
| #define HAVE_STRNLEN 1
| #define HAVE_STRNDUP 1
| #define HAVE_GETLINE 1
| #define HAVE_ASPRINTF 1
| #define HAVE_VSYSLOG 1
| #define HAVE_DAEMON 1
| #define HAVE_SETRESUID 1
| #define HAVE_SETRESGID 1
| #define HAVE_RES_INIT 1
| /* end confdefs.h.  */
| 
| /* Override any GCC internal prototype to avoid an error.
|    Use char because int might match the return type of a GCC
|    builtin and then its argument prototype would still apply.  */
| #ifdef __cplusplus
| extern "C"
| #endif
| char readline ();
| int
| main ()
| {
| return readline ();
|   ;
|   return 0;
| }
configure:23575: /opt/lede-toolchain-ramips-mt7621_gcc-5.4.0_musl-1.1.24.Linux-x86_64/toolchain-mipsel_24kc_gcc-5.4.0_musl-1.1.24/bin/mipsel-openwrt-linux-musl-gcc -o conftest -g -O2 -I/repo/Pass_GPL/asuswrt/release/src-ra-openwrt-4210/router/mipsel-musl/stage/usr/include  -L/repo/Pass_GPL/asuswrt/release/src-ra-openwrt-4210/router/lldpd-0.9.8/lib -lm -L/repo/Pass_GPL/asuswrt/release/src-ra-openwrt-4210/router/mipsel-musl/stage/usr/lib -ljansson -L/repo/Pass_GPL/asuswrt/release/src-ra-openwrt-4210/router/json-c/.libs -ldl conftest.c  -ledit -lcurses >&5
/opt/lede-toolchain-ramips-mt7621_gcc-5.4.0_musl-1.1.24.Linux-x86_64/toolchain-mipsel_24kc_gcc-5.4.0_musl-1.1.24/bin/../lib/gcc/mipsel-openwrt-linux-musl/5.4.0/../../../../mipsel-openwrt-linux-musl/bin/ld: cannot find -ledit
/opt/lede-toolchain-ramips-mt7621_gcc-5.4.0_musl-1.1.24.Linux-x86_64/toolchain-mipsel_24kc_gcc-5.4.0_musl-1.1.24/bin/../lib/gcc/mipsel-openwrt-linux-musl/5.4.0/../../../../mipsel-openwrt-linux-musl/bin/ld: cannot find -lcurses
collect2: error: ld returned 1 exit status
configure:23575: $? = 1
configure: failed program was:
| /* confdefs.h */
| #define PACKAGE_NAME "lldpd"
| #define PACKAGE_TARNAME "lldpd"
| #define PACKAGE_VERSION "0.9.8"
| #define PACKAGE_STRING "lldpd 0.9.8"
| #define PACKAGE_BUGREPORT "https://github.com/vincentbernat/lldpd/issues"
| #define PACKAGE_URL "http://vincentbernat.github.io/lldpd/"
| #define PACKAGE "lldpd"
| #define VERSION "0.9.8"
| #define STDC_HEADERS 1
| #define HAVE_SYS_TYPES_H 1
| #define HAVE_SYS_STAT_H 1
| #define HAVE_STDLIB_H 1
| #define HAVE_STRING_H 1
| #define HAVE_MEMORY_H 1
| #define HAVE_STRINGS_H 1
| #define HAVE_INTTYPES_H 1
| #define HAVE_STDINT_H 1
| #define HAVE_UNISTD_H 1
| #define HAVE_DLFCN_H 1
| #define LT_OBJDIR ".libs/"
| #define HAVE_TYPEOF 1
| #define HOST_OS_LINUX 1
| #define HAVE_SYS_TYPES_H 1
| #define HAVE_NETINET_IN_H 1
| #define HAVE_ARPA_NAMESER_H 1
| #define HAVE_NETDB_H 1
| #define HAVE_RESOLV_H 1
| #define HAVE_U_INT32_T 1
| #define HAVE_UINT32_T 1
| #define HAVE___PROGNAME 1
| #define HAVE_ALIGNOF 1
| #define HAVE_STDLIB_H 1
| #define HAVE_MALLOC 0
| #define malloc rpl_malloc
| #define HAVE_STDLIB_H 1
| #define HAVE_REALLOC 0
| #define realloc rpl_realloc
| #define HAVE_FORK 1
| #define HAVE_VFORK 1
| #define HAVE_WORKING_VFORK 1
| #define HAVE_WORKING_FORK 1
| #define HAVE_STRLCPY 1
| #define HAVE_STRNLEN 1
| #define HAVE_STRNDUP 1
| #define HAVE_GETLINE 1
| #define HAVE_ASPRINTF 1
| #define HAVE_VSYSLOG 1
| #define HAVE_DAEMON 1
| #define HAVE_SETRESUID 1
| #define HAVE_SETRESGID 1
| #define HAVE_RES_INIT 1
| /* end confdefs.h.  */
| 
| /* Override any GCC internal prototype to avoid an error.
|    Use char because int might match the return type of a GCC
|    builtin and then its argument prototype would still apply.  */
| #ifdef __cplusplus
| extern "C"
| #endif
| char readline ();
| int
| main ()
| {
| return readline ();
|   ;
|   return 0;
| }
configure:23575: /opt/lede-toolchain-ramips-mt7621_gcc-5.4.0_musl-1.1.24.Linux-x86_64/toolchain-mipsel_24kc_gcc-5.4.0_musl-1.1.24/bin/mipsel-openwrt-linux-musl-gcc -o conftest -g -O2 -I/repo/Pass_GPL/asuswrt/release/src-ra-openwrt-4210/router/mipsel-musl/stage/usr/include  -L/repo/Pass_GPL/asuswrt/release/src-ra-openwrt-4210/router/lldpd-0.9.8/lib -lm -L/repo/Pass_GPL/asuswrt/release/src-ra-openwrt-4210/router/mipsel-musl/stage/usr/lib -ljansson -L/repo/Pass_GPL/asuswrt/release/src-ra-openwrt-4210/router/json-c/.libs -ldl conftest.c  -ledit -lncurses >&5
/opt/lede-toolchain-ramips-mt7621_gcc-5.4.0_musl-1.1.24.Linux-x86_64/toolchain-mipsel_24kc_gcc-5.4.0_musl-1.1.24/bin/../lib/gcc/mipsel-openwrt-linux-musl/5.4.0/../../../../mipsel-openwrt-linux-musl/bin/ld: cannot find -ledit
/opt/lede-toolchain-ramips-mt7621_gcc-5.4.0_musl-1.1.24.Linux-x86_64/toolchain-mipsel_24kc_gcc-5.4.0_musl-1.1.24/bin/../lib/gcc/mipsel-openwrt-linux-musl/5.4.0/../../../../mipsel-openwrt-linux-musl/bin/ld: cannot find -lncurses
collect2: error: ld returned 1 exit status
configure:23575: $? = 1
configure: failed program was:
| /* confdefs.h */
| #define PACKAGE_NAME "lldpd"
| #define PACKAGE_TARNAME "lldpd"
| #define PACKAGE_VERSION "0.9.8"
| #define PACKAGE_STRING "lldpd 0.9.8"
| #define PACKAGE_BUGREPORT "https://github.com/vincentbernat/lldpd/issues"
| #define PACKAGE_URL "http://vincentbernat.github.io/lldpd/"
| #define PACKAGE "lldpd"
| #define VERSION "0.9.8"
| #define STDC_HEADERS 1
| #define HAVE_SYS_TYPES_H 1
| #define HAVE_SYS_STAT_H 1
| #define HAVE_STDLIB_H 1
| #define HAVE_STRING_H 1
| #define HAVE_MEMORY_H 1
| #define HAVE_STRINGS_H 1
| #define HAVE_INTTYPES_H 1
| #define HAVE_STDINT_H 1
| #define HAVE_UNISTD_H 1
| #define HAVE_DLFCN_H 1
| #define LT_OBJDIR ".libs/"
| #define HAVE_TYPEOF 1
| #define HOST_OS_LINUX 1
| #define HAVE_SYS_TYPES_H 1
| #define HAVE_NETINET_IN_H 1
| #define HAVE_ARPA_NAMESER_H 1
| #define HAVE_NETDB_H 1
| #define HAVE_RESOLV_H 1
| #define HAVE_U_INT32_T 1
| #define HAVE_UINT32_T 1
| #define HAVE___PROGNAME 1
| #define HAVE_ALIGNOF 1
| #define HAVE_STDLIB_H 1
| #define HAVE_MALLOC 0
| #define malloc rpl_malloc
| #define HAVE_STDLIB_H 1
| #define HAVE_REALLOC 0
| #define realloc rpl_realloc
| #define HAVE_FORK 1
| #define HAVE_VFORK 1
| #define HAVE_WORKING_VFORK 1
| #define HAVE_WORKING_FORK 1
| #define HAVE_STRLCPY 1
| #define HAVE_STRNLEN 1
| #define HAVE_STRNDUP 1
| #define HAVE_GETLINE 1
| #define HAVE_ASPRINTF 1
| #define HAVE_VSYSLOG 1
| #define HAVE_DAEMON 1
| #define HAVE_SETRESUID 1
| #define HAVE_SETRESGID 1
| #define HAVE_RES_INIT 1
| /* end confdefs.h.  */
| 
| /* Override any GCC internal prototype to avoid an error.
|    Use char because int might match the return type of a GCC
|    builtin and then its argument prototype would still apply.  */
| #ifdef __cplusplus
| extern "C"
| #endif
| char readline ();
| int
| main ()
| {
| return readline ();
|   ;
|   return 0;
| }
configure:23575: /opt/lede-toolchain-ramips-mt7621_gcc-5.4.0_musl-1.1.24.Linux-x86_64/toolchain-mipsel_24kc_gcc-5.4.0_musl-1.1.24/bin/mipsel-openwrt-linux-musl-gcc -o conftest -g -O2 -I/repo/Pass_GPL/asuswrt/release/src-ra-openwrt-4210/router/mipsel-musl/stage/usr/include  -L/repo/Pass_GPL/asuswrt/release/src-ra-openwrt-4210/router/lldpd-0.9.8/lib -lm -L/repo/Pass_GPL/asuswrt/release/src-ra-openwrt-4210/router/mipsel-musl/stage/usr/lib -ljansson -L/repo/Pass_GPL/asuswrt/release/src-ra-openwrt-4210/router/json-c/.libs -ldl conftest.c  -leditline >&5
/opt/lede-toolchain-ramips-mt7621_gcc-5.4.0_musl-1.1.24.Linux-x86_64/toolchain-mipsel_24kc_gcc-5.4.0_musl-1.1.24/bin/../lib/gcc/mipsel-openwrt-linux-musl/5.4.0/../../../../mipsel-openwrt-linux-musl/bin/ld: cannot find -leditline
collect2: error: ld returned 1 exit status
configure:23575: $? = 1
configure: failed program was:
| /* confdefs.h */
| #define PACKAGE_NAME "lldpd"
| #define PACKAGE_TARNAME "lldpd"
| #define PACKAGE_VERSION "0.9.8"
| #define PACKAGE_STRING "lldpd 0.9.8"
| #define PACKAGE_BUGREPORT "https://github.com/vincentbernat/lldpd/issues"
| #define PACKAGE_URL "http://vincentbernat.github.io/lldpd/"
| #define PACKAGE "lldpd"
| #define VERSION "0.9.8"
| #define STDC_HEADERS 1
| #define HAVE_SYS_TYPES_H 1
| #define HAVE_SYS_STAT_H 1
| #define HAVE_STDLIB_H 1
| #define HAVE_STRING_H 1
| #define HAVE_MEMORY_H 1
| #define HAVE_STRINGS_H 1
| #define HAVE_INTTYPES_H 1
| #define HAVE_STDINT_H 1
| #define HAVE_UNISTD_H 1
| #define HAVE_DLFCN_H 1
| #define LT_OBJDIR ".libs/"
| #define HAVE_TYPEOF 1
| #define HOST_OS_LINUX 1
| #define HAVE_SYS_TYPES_H 1
| #define HAVE_NETINET_IN_H 1
| #define HAVE_ARPA_NAMESER_H 1
| #define HAVE_NETDB_H 1
| #define HAVE_RESOLV_H 1
| #define HAVE_U_INT32_T 1
| #define HAVE_UINT32_T 1
| #define HAVE___PROGNAME 1
| #define HAVE_ALIGNOF 1
| #define HAVE_STDLIB_H 1
| #define HAVE_MALLOC 0
| #define malloc rpl_malloc
| #define HAVE_STDLIB_H 1
| #define HAVE_REALLOC 0
| #define realloc rpl_realloc
| #define HAVE_FORK 1
| #define HAVE_VFORK 1
| #define HAVE_WORKING_VFORK 1
| #define HAVE_WORKING_FORK 1
| #define HAVE_STRLCPY 1
| #define HAVE_STRNLEN 1
| #define HAVE_STRNDUP 1
| #define HAVE_GETLINE 1
| #define HAVE_ASPRINTF 1
| #define HAVE_VSYSLOG 1
| #define HAVE_DAEMON 1
| #define HAVE_SETRESUID 1
| #define HAVE_SETRESGID 1
| #define HAVE_RES_INIT 1
| /* end confdefs.h.  */
| 
| /* Override any GCC internal prototype to avoid an error.
|    Use char because int might match the return type of a GCC
|    builtin and then its argument prototype would still apply.  */
| #ifdef __cplusplus
| extern "C"
| #endif
| char readline ();
| int
| main ()
| {
| return readline ();
|   ;
|   return 0;
| }
configure:23575: /opt/lede-toolchain-ramips-mt7621_gcc-5.4.0_musl-1.1.24.Linux-x86_64/toolchain-mipsel_24kc_gcc-5.4.0_musl-1.1.24/bin/mipsel-openwrt-linux-musl-gcc -o conftest -g -O2 -I/repo/Pass_GPL/asuswrt/release/src-ra-openwrt-4210/router/mipsel-musl/stage/usr/include  -L/repo/Pass_GPL/asuswrt/release/src-ra-openwrt-4210/router/lldpd-0.9.8/lib -lm -L/repo/Pass_GPL/asuswrt/release/src-ra-openwrt-4210/router/mipsel-musl/stage/usr/lib -ljansson -L/repo/Pass_GPL/asuswrt/release/src-ra-openwrt-4210/router/json-c/.libs -ldl conftest.c  -leditline -ltermcap >&5
/opt/lede-toolchain-ramips-mt7621_gcc-5.4.0_musl-1.1.24.Linux-x86_64/toolchain-mipsel_24kc_gcc-5.4.0_musl-1.1.24/bin/../lib/gcc/mipsel-openwrt-linux-musl/5.4.0/../../../../mipsel-openwrt-linux-musl/bin/ld: cannot find -leditline
/opt/lede-toolchain-ramips-mt7621_gcc-5.4.0_musl-1.1.24.Linux-x86_64/toolchain-mipsel_24kc_gcc-5.4.0_musl-1.1.24/bin/../lib/gcc/mipsel-openwrt-linux-musl/5.4.0/../../../../mipsel-openwrt-linux-musl/bin/ld: cannot find -ltermcap
collect2: error: ld returned 1 exit status
configure:23575: $? = 1
configure: failed program was:
| /* confdefs.h */
| #define PACKAGE_NAME "lldpd"
| #define PACKAGE_TARNAME "lldpd"
| #define PACKAGE_VERSION "0.9.8"
| #define PACKAGE_STRING "lldpd 0.9.8"
| #define PACKAGE_BUGREPORT "https://github.com/vincentbernat/lldpd/issues"
| #define PACKAGE_URL "http://vincentbernat.github.io/lldpd/"
| #define PACKAGE "lldpd"
| #define VERSION "0.9.8"
| #define STDC_HEADERS 1
| #define HAVE_SYS_TYPES_H 1
| #define HAVE_SYS_STAT_H 1
| #define HAVE_STDLIB_H 1
| #define HAVE_STRING_H 1
| #define HAVE_MEMORY_H 1
| #define HAVE_STRINGS_H 1
| #define HAVE_INTTYPES_H 1
| #define HAVE_STDINT_H 1
| #define HAVE_UNISTD_H 1
| #define HAVE_DLFCN_H 1
| #define LT_OBJDIR ".libs/"
| #define HAVE_TYPEOF 1
| #define HOST_OS_LINUX 1
| #define HAVE_SYS_TYPES_H 1
| #define HAVE_NETINET_IN_H 1
| #define HAVE_ARPA_NAMESER_H 1
| #define HAVE_NETDB_H 1
| #define HAVE_RESOLV_H 1
| #define HAVE_U_INT32_T 1
| #define HAVE_UINT32_T 1
| #define HAVE___PROGNAME 1
| #define HAVE_ALIGNOF 1
| #define HAVE_STDLIB_H 1
| #define HAVE_MALLOC 0
| #define malloc rpl_malloc
| #define HAVE_STDLIB_H 1
| #define HAVE_REALLOC 0
| #define realloc rpl_realloc
| #define HAVE_FORK 1
| #define HAVE_VFORK 1
| #define HAVE_WORKING_VFORK 1
| #define HAVE_WORKING_FORK 1
| #define HAVE_STRLCPY 1
| #define HAVE_STRNLEN 1
| #define HAVE_STRNDUP 1
| #define HAVE_GETLINE 1
| #define HAVE_ASPRINTF 1
| #define HAVE_VSYSLOG 1
| #define HAVE_DAEMON 1
| #define HAVE_SETRESUID 1
| #define HAVE_SETRESGID 1
| #define HAVE_RES_INIT 1
| /* end confdefs.h.  */
| 
| /* Override any GCC internal prototype to avoid an error.
|    Use char because int might match the return type of a GCC
|    builtin and then its argument prototype would still apply.  */
| #ifdef __cplusplus
| extern "C"
| #endif
| char readline ();
| int
| main ()
| {
| return readline ();
|   ;
|   return 0;
| }
configure:23575: /opt/lede-toolchain-ramips-mt7621_gcc-5.4.0_musl-1.1.24.Linux-x86_64/toolchain-mipsel_24kc_gcc-5.4.0_musl-1.1.24/bin/mipsel-openwrt-linux-musl-gcc -o conftest -g -O2 -I/repo/Pass_GPL/asuswrt/release/src-ra-openwrt-4210/router/mipsel-musl/stage/usr/include  -L/repo/Pass_GPL/asuswrt/release/src-ra-openwrt-4210/router/lldpd-0.9.8/lib -lm -L/repo/Pass_GPL/asuswrt/release/src-ra-openwrt-4210/router/mipsel-musl/stage/usr/lib -ljansson -L/repo/Pass_GPL/asuswrt/release/src-ra-openwrt-4210/router/json-c/.libs -ldl conftest.c  -leditline -lcurses >&5
/opt/lede-toolchain-ramips-mt7621_gcc-5.4.0_musl-1.1.24.Linux-x86_64/toolchain-mipsel_24kc_gcc-5.4.0_musl-1.1.24/bin/../lib/gcc/mipsel-openwrt-linux-musl/5.4.0/../../../../mipsel-openwrt-linux-musl/bin/ld: cannot find -leditline
/opt/lede-toolchain-ramips-mt7621_gcc-5.4.0_musl-1.1.24.Linux-x86_64/toolchain-mipsel_24kc_gcc-5.4.0_musl-1.1.24/bin/../lib/gcc/mipsel-openwrt-linux-musl/5.4.0/../../../../mipsel-openwrt-linux-musl/bin/ld: cannot find -lcurses
collect2: error: ld returned 1 exit status
configure:23575: $? = 1
configure: failed program was:
| /* confdefs.h */
| #define PACKAGE_NAME "lldpd"
| #define PACKAGE_TARNAME "lldpd"
| #define PACKAGE_VERSION "0.9.8"
| #define PACKAGE_STRING "lldpd 0.9.8"
| #define PACKAGE_BUGREPORT "https://github.com/vincentbernat/lldpd/issues"
| #define PACKAGE_URL "http://vincentbernat.github.io/lldpd/"
| #define PACKAGE "lldpd"
| #define VERSION "0.9.8"
| #define STDC_HEADERS 1
| #define HAVE_SYS_TYPES_H 1
| #define HAVE_SYS_STAT_H 1
| #define HAVE_STDLIB_H 1
| #define HAVE_STRING_H 1
| #define HAVE_MEMORY_H 1
| #define HAVE_STRINGS_H 1
| #define HAVE_INTTYPES_H 1
| #define HAVE_STDINT_H 1
| #define HAVE_UNISTD_H 1
| #define HAVE_DLFCN_H 1
| #define LT_OBJDIR ".libs/"
| #define HAVE_TYPEOF 1
| #define HOST_OS_LINUX 1
| #define HAVE_SYS_TYPES_H 1
| #define HAVE_NETINET_IN_H 1
| #define HAVE_ARPA_NAMESER_H 1
| #define HAVE_NETDB_H 1
| #define HAVE_RESOLV_H 1
| #define HAVE_U_INT32_T 1
| #define HAVE_UINT32_T 1
| #define HAVE___PROGNAME 1
| #define HAVE_ALIGNOF 1
| #define HAVE_STDLIB_H 1
| #define HAVE_MALLOC 0
| #define malloc rpl_malloc
| #define HAVE_STDLIB_H 1
| #define HAVE_REALLOC 0
| #define realloc rpl_realloc
| #define HAVE_FORK 1
| #define HAVE_VFORK 1
| #define HAVE_WORKING_VFORK 1
| #define HAVE_WORKING_FORK 1
| #define HAVE_STRLCPY 1
| #define HAVE_STRNLEN 1
| #define HAVE_STRNDUP 1
| #define HAVE_GETLINE 1
| #define HAVE_ASPRINTF 1
| #define HAVE_VSYSLOG 1
| #define HAVE_DAEMON 1
| #define HAVE_SETRESUID 1
| #define HAVE_SETRESGID 1
| #define HAVE_RES_INIT 1
| /* end confdefs.h.  */
| 
| /* Override any GCC internal prototype to avoid an error.
|    Use char because int might match the return type of a GCC
|    builtin and then its argument prototype would still apply.  */
| #ifdef __cplusplus
| extern "C"
| #endif
| char readline ();
| int
| main ()
| {
| return readline ();
|   ;
|   return 0;
| }
configure:23575: /opt/lede-toolchain-ramips-mt7621_gcc-5.4.0_musl-1.1.24.Linux-x86_64/toolchain-mipsel_24kc_gcc-5.4.0_musl-1.1.24/bin/mipsel-openwrt-linux-musl-gcc -o conftest -g -O2 -I/repo/Pass_GPL/asuswrt/release/src-ra-openwrt-4210/router/mipsel-musl/stage/usr/include  -L/repo/Pass_GPL/asuswrt/release/src-ra-openwrt-4210/router/lldpd-0.9.8/lib -lm -L/repo/Pass_GPL/asuswrt/release/src-ra-openwrt-4210/router/mipsel-musl/stage/usr/lib -ljansson -L/repo/Pass_GPL/asuswrt/release/src-ra-openwrt-4210/router/json-c/.libs -ldl conftest.c  -leditline -lncurses >&5
/opt/lede-toolchain-ramips-mt7621_gcc-5.4.0_musl-1.1.24.Linux-x86_64/toolchain-mipsel_24kc_gcc-5.4.0_musl-1.1.24/bin/../lib/gcc/mipsel-openwrt-linux-musl/5.4.0/../../../../mipsel-openwrt-linux-musl/bin/ld: cannot find -leditline
/opt/lede-toolchain-ramips-mt7621_gcc-5.4.0_musl-1.1.24.Linux-x86_64/toolchain-mipsel_24kc_gcc-5.4.0_musl-1.1.24/bin/../lib/gcc/mipsel-openwrt-linux-musl/5.4.0/../../../../mipsel-openwrt-linux-musl/bin/ld: cannot find -lncurses
collect2: error: ld returned 1 exit status
configure:23575: $? = 1
configure: failed program was:
| /* confdefs.h */
| #define PACKAGE_NAME "lldpd"
| #define PACKAGE_TARNAME "lldpd"
| #define PACKAGE_VERSION "0.9.8"
| #define PACKAGE_STRING "lldpd 0.9.8"
| #define PACKAGE_BUGREPORT "https://github.com/vincentbernat/lldpd/issues"
| #define PACKAGE_URL "http://vincentbernat.github.io/lldpd/"
| #define PACKAGE "lldpd"
| #define VERSION "0.9.8"
| #define STDC_HEADERS 1
| #define HAVE_SYS_TYPES_H 1
| #define HAVE_SYS_STAT_H 1
| #define HAVE_STDLIB_H 1
| #define HAVE_STRING_H 1
| #define HAVE_MEMORY_H 1
| #define HAVE_STRINGS_H 1
| #define HAVE_INTTYPES_H 1
| #define HAVE_STDINT_H 1
| #define HAVE_UNISTD_H 1
| #define HAVE_DLFCN_H 1
| #define LT_OBJDIR ".libs/"
| #define HAVE_TYPEOF 1
| #define HOST_OS_LINUX 1
| #define HAVE_SYS_TYPES_H 1
| #define HAVE_NETINET_IN_H 1
| #define HAVE_ARPA_NAMESER_H 1
| #define HAVE_NETDB_H 1
| #define HAVE_RESOLV_H 1
| #define HAVE_U_INT32_T 1
| #define HAVE_UINT32_T 1
| #define HAVE___PROGNAME 1
| #define HAVE_ALIGNOF 1
| #define HAVE_STDLIB_H 1
| #define HAVE_MALLOC 0
| #define malloc rpl_malloc
| #define HAVE_STDLIB_H 1
| #define HAVE_REALLOC 0
| #define realloc rpl_realloc
| #define HAVE_FORK 1
| #define HAVE_VFORK 1
| #define HAVE_WORKING_VFORK 1
| #define HAVE_WORKING_FORK 1
| #define HAVE_STRLCPY 1
| #define HAVE_STRNLEN 1
| #define HAVE_STRNDUP 1
| #define HAVE_GETLINE 1
| #define HAVE_ASPRINTF 1
| #define HAVE_VSYSLOG 1
| #define HAVE_DAEMON 1
| #define HAVE_SETRESUID 1
| #define HAVE_SETRESGID 1
| #define HAVE_RES_INIT 1
| /* end confdefs.h.  */
| 
| /* Override any GCC internal prototype to avoid an error.
|    Use char because int might match the return type of a GCC
|    builtin and then its argument prototype would still apply.  */
| #ifdef __cplusplus
| extern "C"
| #endif
| char readline ();
| int
| main ()
| {
| return readline ();
|   ;
|   return 0;
| }
configure:23600: result: no
configure:23995: checking for XML2
configure:24002: $PKG_CONFIG --exists --print-errors "libxml-2.0"
configure:24005: $? = 0
configure:24019: $PKG_CONFIG --exists --print-errors "libxml-2.0"
configure:24022: $? = 0
configure:24392: result: yes
configure:24415: checking whether to enable use of pre-0.9.2 JSON/json-c format
configure:24424: result: no
configure:24890: checking whether to enable systemtap/DTrace trace support
configure:24899: result: no
configure:24977: checking whether to enable Privilege separation
configure:24980: result: yes
configure:25448: checking whether to enable Cisco Discovery Protocol
configure:25451: result: yes
configure:25469: checking whether to enable Foundry Discovery Protocol
configure:25472: result: yes
configure:25490: checking whether to enable Extreme Discovery Protocol
configure:25493: result: yes
configure:25511: checking whether to enable SynOptics Network Management Protocol
configure:25514: result: yes
configure:25534: checking whether to enable LLDP-MED extension
configure:25537: result: yes
configure:25555: checking whether to enable Dot1 extension (VLAN stuff)
configure:25558: result: yes
configure:25576: checking whether to enable Dot3 extension (PHY stuff)
configure:25579: result: yes
configure:25597: checking whether to enable Custom TLV support
configure:25600: result: yes
configure:25621: checking whether to enable compatibility with Linux kernel older than 2.6.39
configure:25624: result: yes
configure:25648: checking for build time
configure:25662: result: 2026-09-16T09:47:58Z
configure:25831: checking that generated files are newer than configure
configure:25837: result: done
configure:25988: creating ./config.status

## ---------------------- ##
## Running config.status. ##
## ---------------------- ##

This file was extended by lldpd config.status 0.9.8, which was
generated by GNU Autoconf 2.69.  Invocation command line was

  CONFIG_FILES    = 
  CONFIG_HEADERS  = 
  CONFIG_LINKS    = 
  CONFIG_COMMANDS = 
  $ ./config.status 

on 820a0eb7ac91

config.status:1367: creating Makefile
config.status:1367: creating src/Makefile
config.status:1367: creating src/compat/Makefile
config.status:1367: creating src/daemon/Makefile
config.status:1367: creating src/lib/Makefile
config.status:1367: creating src/client/Makefile
config.status:1367: creating tests/Makefile
config.status:1367: creating osx/Makefile
config.status:1367: creating config.h
config.status:1596: executing depfiles commands
config.status:1596: executing libtool commands
configure:28544: WARNING: unrecognized options: --with-privsep-path, --with-json

## ---------------- ##
## Cache variables. ##
## ---------------- ##

ac_cv_build=x86_64-pc-linux-gnu
ac_cv_c_compiler_gnu=yes
ac_cv_c_typeof=typeof
ac_cv_cflags_gcc_option__D_FORTIFY_SOURCE_2=-D_FORTIFY_SOURCE=2
ac_cv_cflags_gcc_option__D_GNU_SOURCE=-D_GNU_SOURCE
ac_cv_cflags_gcc_option__W=-W
ac_cv_cflags_gcc_option__Wall=-Wall
ac_cv_cflags_gcc_option__Wcast_align=-Wcast-align
ac_cv_cflags_gcc_option__Wdocumentation='no, unknown'
ac_cv_cflags_gcc_option__Wextra=-Wextra
ac_cv_cflags_gcc_option__Wfatal_errors=-Wfatal-errors
ac_cv_cflags_gcc_option__Wformat=-Wformat
ac_cv_cflags_gcc_option__Wformat_security=-Wformat-security
ac_cv_cflags_gcc_option__Wheader_guard='no, unknown'
ac_cv_cflags_gcc_option__Winline=-Winline
ac_cv_cflags_gcc_option__Wno_missing_field_initializers=-Wno-missing-field-initializers
ac_cv_cflags_gcc_option__Wno_sign_compare=-Wno-sign-compare
ac_cv_cflags_gcc_option__Wno_unused_parameter=-Wno-unused-parameter
ac_cv_cflags_gcc_option__Wpointer_arith=-Wpointer-arith
ac_cv_cflags_gcc_option__Wunknown_warning_option='no, unknown'
ac_cv_cflags_gcc_option__fdiagnostics_color_auto=-fdiagnostics-color=auto
ac_cv_cflags_gcc_option__fdiagnostics_show_option=-fdiagnostics-show-option
ac_cv_cflags_gcc_option__fno_omit_frame_pointer=-fno-omit-frame-pointer
ac_cv_cflags_gcc_option__fstack_protector=-fstack-protector
ac_cv_cflags_gcc_option__fstack_protector_all=-fstack-protector-all
ac_cv_cflags_gcc_option__fstack_protector_strong=-fstack-protector-strong
ac_cv_cflags_gcc_option__pipe=-pipe
ac_cv_cxx_compiler_gnu=yes
ac_cv_env_CCC_set=
ac_cv_env_CCC_value=
ac_cv_env_CC_set=set
ac_cv_env_CC_value=/opt/lede-toolchain-ramips-mt7621_gcc-5.4.0_musl-1.1.24.Linux-x86_64/toolchain-mipsel_24kc_gcc-5.4.0_musl-1.1.24/bin/mipsel-openwrt-linux-musl-gcc
ac_cv_env_CFLAGS_set=set
ac_cv_env_CFLAGS_value='-g -O2 -I/repo/Pass_GPL/asuswrt/release/src-ra-openwrt-4210/router/mipsel-musl/stage/usr/include'
ac_cv_env_CHECK_CFLAGS_set=
ac_cv_env_CHECK_CFLAGS_value=
ac_cv_env_CHECK_LIBS_set=
ac_cv_env_CHECK_LIBS_value=
ac_cv_env_CPPFLAGS_set=
ac_cv_env_CPPFLAGS_value=
ac_cv_env_CPP_set=
ac_cv_env_CPP_value=
ac_cv_env_CXXCPP_set=
ac_cv_env_CXXCPP_value=
ac_cv_env_CXXFLAGS_set=
ac_cv_env_CXXFLAGS_value=
ac_cv_env_CXX_set=set
ac_cv_env_CXX_value=/opt/lede-toolchain-ramips-mt7621_gcc-5.4.0_musl-1.1.24.Linux-x86_64/toolchain-mipsel_24kc_gcc-5.4.0_musl-1.1.24/bin/mipsel-openwrt-linux-musl-g++
ac_cv_env_DOXYGEN_PAPER_SIZE_set=
ac_cv_env_DOXYGEN_PAPER_SIZE_value=
ac_cv_env_LDFLAGS_set=set
ac_cv_env_LDFLAGS_value='-L/repo/Pass_GPL/asuswrt/release/src-ra-openwrt-4210/router/lldpd-0.9.8/lib -lm -L/repo/Pass_GPL/asuswrt/release/src-ra-openwrt-4210/router/mipsel-musl/stage/usr/lib -ljansson -L/repo/Pass_GPL/asuswrt/release/src-ra-openwrt-4210/router/json-c/.libs -ldl'
ac_cv_env_LIBEVENT_CFLAGS_set=
ac_cv_env_LIBEVENT_CFLAGS_value=
ac_cv_env_LIBEVENT_LIBS_set=
ac_cv_env_LIBEVENT_LIBS_value=
ac_cv_env_LIBS_set=
ac_cv_env_LIBS_value=
ac_cv_env_LT_SYS_LIBRARY_PATH_set=
ac_cv_env_LT_SYS_LIBRARY_PATH_value=
ac_cv_env_PKG_CONFIG_LIBDIR_set=set
ac_cv_env_PKG_CONFIG_LIBDIR_value=/repo/Pass_GPL/asuswrt/release/src-ra-openwrt-4210/router/mipsel-musl/stage/usr/lib/pkgconfig:/repo/Pass_GPL/asuswrt/release/src-ra-openwrt-4210/router/mipsel-musl/stage/usr/local/lib/pkgconfig:/repo/Pass_GPL/asuswrt/release/src-ra-openwrt-4210/router/mipsel-musl/stage/etc/lib/pkgconfig
ac_cv_env_PKG_CONFIG_PATH_set=set
ac_cv_env_PKG_CONFIG_PATH_value=/repo/Pass_GPL/asuswrt/release/src-ra-openwrt-4210/router/mipsel-musl/stage/usr/lib/pkgconfig:/repo/Pass_GPL/asuswrt/release/src-ra-openwrt-4210/router/mipsel-musl/stage/etc/lib/pkgconfig
ac_cv_env_PKG_CONFIG_set=
ac_cv_env_PKG_CONFIG_value=
ac_cv_env_SECCOMP_CFLAGS_set=
ac_cv_env_SECCOMP_CFLAGS_value=
ac_cv_env_SECCOMP_LIBS_set=
ac_cv_env_SECCOMP_LIBS_value=
ac_cv_env_XML2_CFLAGS_set=
ac_cv_env_XML2_CFLAGS_value=
ac_cv_env_XML2_LIBS_set=
ac_cv_env_XML2_LIBS_value=
ac_cv_env_build_alias_set=set
ac_cv_env_build_alias_value=x86_64-linux-gnu
ac_cv_env_host_alias_set=set
ac_cv_env_host_alias_value=mipsel-linux
ac_cv_env_libbsd_CFLAGS_set=
ac_cv_env_libbsd_CFLAGS_value=
ac_cv_env_libbsd_LIBS_set=
ac_cv_env_libbsd_LIBS_value=
ac_cv_env_target_alias_set=
ac_cv_env_target_alias_value=
ac_cv_func_asprintf=yes
ac_cv_func_daemon=yes
ac_cv_func_fork=yes
ac_cv_func_fork_works=yes
ac_cv_func_getline=yes
ac_cv_func_malloc_0_nonnull=no
ac_cv_func_realloc_0_nonnull=no
ac_cv_func_setproctitle=no
ac_cv_func_setproctitle_init=no
ac_cv_func_setresgid=yes
ac_cv_func_setresuid=yes
ac_cv_func_strlcpy=yes
ac_cv_func_strndup=yes
ac_cv_func_strnlen=yes
ac_cv_func_strtonum=no
ac_cv_func_vfork=yes
ac_cv_func_vfork_works=yes
ac_cv_func_vsyslog=yes
ac_cv_header_arpa_nameser_h=yes
ac_cv_header_dlfcn_h=yes
ac_cv_header_inttypes_h=yes
ac_cv_header_memory_h=yes
ac_cv_header_netdb_h=yes
ac_cv_header_netinet_in_h=yes
ac_cv_header_resolv_h=yes
ac_cv_header_stdc=yes
ac_cv_header_stdint_h=yes
ac_cv_header_stdlib_h=yes
ac_cv_header_string_h=yes
ac_cv_header_strings_h=yes
ac_cv_header_sys_stat_h=yes
ac_cv_header_sys_types_h=yes
ac_cv_header_unistd_h=yes
ac_cv_header_valgrind_valgrind_h=no
ac_cv_header_vfork_h=no
ac_cv_host=mipsel-unknown-linux-gnu
ac_cv_objext=o
ac_cv_path_EGREP='/bin/grep -E'
ac_cv_path_FGREP='/bin/grep -F'
ac_cv_path_GREP=/bin/grep
ac_cv_path_SED=/bin/sed
ac_cv_path_ac_pt_DX_PERL=/usr/bin/perl
ac_cv_path_ac_pt_PKG_CONFIG=/usr/bin/pkg-config
ac_cv_path_install='/usr/bin/install -c'
ac_cv_path_lt_DD=/bin/dd
ac_cv_path_mkdir=/bin/mkdir
ac_cv_prog_AR=/opt/lede-toolchain-ramips-mt7621_gcc-5.4.0_musl-1.1.24.Linux-x86_64/toolchain-mipsel_24kc_gcc-5.4.0_musl-1.1.24/bin/mipsel-openwrt-linux-musl-ar
ac_cv_prog_AWK=gawk
ac_cv_prog_CC=/opt/lede-toolchain-ramips-mt7621_gcc-5.4.0_musl-1.1.24.Linux-x86_64/toolchain-mipsel_24kc_gcc-5.4.0_musl-1.1.24/bin/mipsel-openwrt-linux-musl-gcc
ac_cv_prog_CPP='/opt/lede-toolchain-ramips-mt7621_gcc-5.4.0_musl-1.1.24.Linux-x86_64/toolchain-mipsel_24kc_gcc-5.4.0_musl-1.1.24/bin/mipsel-openwrt-linux-musl-gcc -E'
ac_cv_prog_CXXCPP='/opt/lede-toolchain-ramips-mt7621_gcc-5.4.0_musl-1.1.24.Linux-x86_64/toolchain-mipsel_24kc_gcc-5.4.0_musl-1.1.24/bin/mipsel-openwrt-linux-musl-g++ -E'
ac_cv_prog_OBJDUMP=/opt/lede-toolchain-ramips-mt7621_gcc-5.4.0_musl-1.1.24.Linux-x86_64/toolchain-mipsel_24kc_gcc-5.4.0_musl-1.1.24/bin/mipsel-openwrt-linux-musl-objdump
ac_cv_prog_RANLIB=/opt/lede-toolchain-ramips-mt7621_gcc-5.4.0_musl-1.1.24.Linux-x86_64/toolchain-mipsel_24kc_gcc-5.4.0_musl-1.1.24/bin/mipsel-openwrt-linux-musl-ranlib
ac_cv_prog_STRIP='/opt/lede-toolchain-ramips-mt7621_gcc-5.4.0_musl-1.1.24.Linux-x86_64/toolchain-mipsel_24kc_gcc-5.4.0_musl-1.1.24/bin/mipsel-openwrt-linux-musl-strip -R .note -R .comment'
ac_cv_prog_cc_c89=
ac_cv_prog_cc_c99=
ac_cv_prog_cc_g=yes
ac_cv_prog_cxx_g=yes
ac_cv_prog_make_make_set=yes
ac_cv_search_res_init='none required'
ac_cv_type_pid_t=yes
ac_cv_type_u_int32_t=yes
ac_cv_type_uint32_t=yes
am_cv_CC_dependencies_compiler_type=gcc3
am_cv_CXX_dependencies_compiler_type=gcc3
am_cv_ar_interface=ar
am_cv_make_support_nested_variables=yes
am_cv_prog_cc_c_o=yes
am_cv_prog_tar_ustar=gnutar
ax_cv_ld_check_flag__Wl__z_now=yes
ax_cv_ld_check_flag__Wl__z_relro=yes
ax_cv_lib_readline=no
lldp_cv_check___progname=yes
lldp_cv_check_alignof=yes
lt_cv_ar_at_file=@
lt_cv_archive_cmds_need_lc=no
lt_cv_deplibs_check_method=pass_all
lt_cv_file_magic_cmd='$MAGIC_CMD'
lt_cv_file_magic_test_file=
lt_cv_ld_reload_flag=-r
lt_cv_nm_interface='BSD nm'
lt_cv_objdir=.libs
lt_cv_path_LD=/opt/lede-toolchain-ramips-mt7621_gcc-5.4.0_musl-1.1.24.Linux-x86_64/toolchain-mipsel_24kc_gcc-5.4.0_musl-1.1.24/bin/mipsel-openwrt-linux-musl-ld
lt_cv_path_LDCXX=/opt/lede-toolchain-ramips-mt7621_gcc-5.4.0_musl-1.1.24.Linux-x86_64/toolchain-mipsel_24kc_gcc-5.4.0_musl-1.1.24/bin/mipsel-openwrt-linux-musl-ld
lt_cv_path_NM=/opt/lede-toolchain-ramips-mt7621_gcc-5.4.0_musl-1.1.24.Linux-x86_64/toolchain-mipsel_24kc_gcc-5.4.0_musl-1.1.24/bin/mipsel-openwrt-linux-musl-nm
lt_cv_path_mainfest_tool=no
lt_cv_prog_compiler_c_o=yes
lt_cv_prog_compiler_c_o_CXX=yes
lt_cv_prog_compiler_pic='-fPIC -DPIC'
lt_cv_prog_compiler_pic_CXX='-fPIC -DPIC'
lt_cv_prog_compiler_pic_works=yes
lt_cv_prog_compiler_pic_works_CXX=yes
lt_cv_prog_compiler_rtti_exceptions=no
lt_cv_prog_compiler_static_works=yes
lt_cv_prog_compiler_static_works_CXX=yes
lt_cv_prog_gnu_ld=yes
lt_cv_prog_gnu_ldcxx=yes
lt_cv_sharedlib_from_linklib_cmd='printf %s\n'
lt_cv_shlibpath_overrides_runpath=no
lt_cv_sys_global_symbol_pipe='sed -n -e '\''s/^.*[	 ]\([ABCDGIRSTW][ABCDGIRSTW]*\)[	 ][	 ]*\([_A-Za-z][_A-Za-z0-9]*\)$/\1 \2 \2/p'\'' | sed '\''/ __gnu_lto/d'\'''
lt_cv_sys_global_symbol_to_c_name_address='sed -n -e '\''s/^: \(.*\) .*$/  {"\1", (void *) 0},/p'\'' -e '\''s/^[ABCDGIRSTW][ABCDGIRSTW]* .* \(.*\)$/  {"\1", (void *) \&\1},/p'\'''
lt_cv_sys_global_symbol_to_c_name_address_lib_prefix='sed -n -e '\''s/^: \(.*\) .*$/  {"\1", (void *) 0},/p'\'' -e '\''s/^[ABCDGIRSTW][ABCDGIRSTW]* .* \(lib.*\)$/  {"\1", (void *) \&\1},/p'\'' -e '\''s/^[ABCDGIRSTW][ABCDGIRSTW]* .* \(.*\)$/  {"lib\1", (void *) \&\1},/p'\'''
lt_cv_sys_global_symbol_to_cdecl='sed -n -e '\''s/^T .* \(.*\)$/extern int \1();/p'\'' -e '\''s/^[ABCDGIRSTW][ABCDGIRSTW]* .* \(.*\)$/extern char \1;/p'\'''
lt_cv_sys_global_symbol_to_import=
lt_cv_sys_max_cmd_len=1572864
lt_cv_to_host_file_cmd=func_convert_file_noop
lt_cv_to_tool_file_cmd=func_convert_file_noop
lt_cv_truncate_bin='/bin/dd bs=4096 count=1'
pkg_cv_LIBEVENT_CFLAGS=
pkg_cv_LIBEVENT_LIBS=-levent
pkg_cv_XML2_CFLAGS=-I/repo/Pass_GPL/asuswrt/release/src-ra-openwrt-4210/router/mipsel-musl/stage/usr/include/libxml2
pkg_cv_XML2_LIBS=-lxml2

## ----------------- ##
## Output variables. ##
## ----------------- ##

ACLOCAL='${SHELL} /repo/Pass_GPL/asuswrt/release/src/router/lldpd-0.9.8/missing aclocal-1.15'
AMDEPBACKSLASH='\'
AMDEP_FALSE='#'
AMDEP_TRUE=''
AMTAR='$${TAR-tar}'
AM_BACKSLASH='\'
AM_DEFAULT_V='$(AM_DEFAULT_VERBOSITY)'
AM_DEFAULT_VERBOSITY='0'
AM_V='$(V)'
APPARMORDIR='no'
AR='/opt/lede-toolchain-ramips-mt7621_gcc-5.4.0_musl-1.1.24.Linux-x86_64/toolchain-mipsel_24kc_gcc-5.4.0_musl-1.1.24/bin/mipsel-openwrt-linux-musl-ar'
AUTOCONF='${SHELL} /repo/Pass_GPL/asuswrt/release/src/router/lldpd-0.9.8/missing autoconf'
AUTOHEADER='${SHELL} /repo/Pass_GPL/asuswrt/release/src/router/lldpd-0.9.8/missing autoheader'
AUTOMAKE='${SHELL} /repo/Pass_GPL/asuswrt/release/src/router/lldpd-0.9.8/missing automake-1.15'
AWK='gawk'
CC='/opt/lede-toolchain-ramips-mt7621_gcc-5.4.0_musl-1.1.24.Linux-x86_64/toolchain-mipsel_24kc_gcc-5.4.0_musl-1.1.24/bin/mipsel-openwrt-linux-musl-gcc'
CCDEPMODE='depmode=gcc3'
CFLAGS='-g -O2 -I/repo/Pass_GPL/asuswrt/release/src-ra-openwrt-4210/router/mipsel-musl/stage/usr/include'
CHECK_CFLAGS=''
CHECK_LIBS=''
CONFIGURE_ARGS=' '\''--host=mipsel-linux'\'' '\''--build=x86_64-linux-gnu'\'' '\''--prefix='\'' '\''--bindir=/usr/sbin'\'' '\''--libdir=/usr/lib'\'' '\''CFLAGS=-g -O2 -I/repo/Pass_GPL/asuswrt/release/src-ra-openwrt-4210/router/mipsel-musl/stage/usr/include'\'' '\''LDFLAGS=-L/repo/Pass_GPL/asuswrt/release/src-ra-openwrt-4210/router/lldpd-0.9.8/lib -lm -L/repo/Pass_GPL/asuswrt/release/src-ra-openwrt-4210/router/mipsel-musl/stage/usr/lib -ljansson -L/repo/Pass_GPL/asuswrt/release/src-ra-openwrt-4210/router/json-c/.libs -ldl'\'' '\''--with-privsep-user=nobody'\'' '\''--with-privsep-group=root'\'' '\''--with-privsep-path=/var/run/lldpd'\'' '\''--enable-oldies'\'' '\''--with-json=yes'\'' '\''build_alias=x86_64-linux-gnu'\'' '\''host_alias=mipsel-linux'\'' '\''CC=/opt/lede-toolchain-ramips-mt7621_gcc-5.4.0_musl-1.1.24.Linux-x86_64/toolchain-mipsel_24kc_gcc-5.4.0_musl-1.1.24/bin/mipsel-openwrt-linux-musl-gcc'\'' '\''CXX=/opt/lede-toolchain-ramips-mt7621_gcc-5.4.0_musl-1.1.24.Linux-x86_64/toolchain-mipsel_24kc_gcc-5.4.0_musl-1.1.24/bin/mipsel-openwrt-linux-musl-g++'\'' '\''PKG_CONFIG_PATH=/repo/Pass_GPL/asuswrt/release/src-ra-openwrt-4210/router/mipsel-musl/stage/usr/lib/pkgconfig:/repo/Pass_GPL/asuswrt/release/src-ra-openwrt-4210/router/mipsel-musl/stage/etc/lib/pkgconfig'\'' '\''PKG_CONFIG_LIBDIR=/repo/Pass_GPL/asuswrt/release/src-ra-openwrt-4210/router/mipsel-musl/stage/usr/lib/pkgconfig:/repo/Pass_GPL/asuswrt/release/src-ra-openwrt-4210/router/mipsel-musl/stage/usr/local/lib/pkgconfig:/repo/Pass_GPL/asuswrt/release/src-ra-openwrt-4210/router/mipsel-musl/stage/etc/lib/pkgconfig'\'''
CPP='/opt/lede-toolchain-ramips-mt7621_gcc-5.4.0_musl-1.1.24.Linux-x86_64/toolchain-mipsel_24kc_gcc-5.4.0_musl-1.1.24/bin/mipsel-openwrt-linux-musl-gcc -E'
CPPFLAGS=''
CXX='/opt/lede-toolchain-ramips-mt7621_gcc-5.4.0_musl-1.1.24.Linux-x86_64/toolchain-mipsel_24kc_gcc-5.4.0_musl-1.1.24/bin/mipsel-openwrt-linux-musl-g++'
CXXCPP='/opt/lede-toolchain-ramips-mt7621_gcc-5.4.0_musl-1.1.24.Linux-x86_64/toolchain-mipsel_24kc_gcc-5.4.0_musl-1.1.24/bin/mipsel-openwrt-linux-musl-g++ -E'
CXXDEPMODE='depmode=gcc3'
CXXFLAGS='-g -O2'
CYGPATH_W='echo'
DEFS='-DHAVE_CONFIG_H'
DEPDIR='.deps'
DLLTOOL='false'
DOXYGEN_PAPER_SIZE=''
DSYMUTIL=''
DTRACE=''
DUMPBIN=''
DX_COND_chi_FALSE=''
DX_COND_chi_TRUE='#'
DX_COND_chm_FALSE=''
DX_COND_chm_TRUE='#'
DX_COND_doc_FALSE=''
DX_COND_doc_TRUE='#'
DX_COND_dot_FALSE=''
DX_COND_dot_TRUE='#'
DX_COND_html_FALSE=''
DX_COND_html_TRUE='#'
DX_COND_latex_FALSE=''
DX_COND_latex_TRUE='#'
DX_COND_man_FALSE=''
DX_COND_man_TRUE='#'
DX_COND_pdf_FALSE=''
DX_COND_pdf_TRUE='#'
DX_COND_ps_FALSE=''
DX_COND_ps_TRUE='#'
DX_COND_rtf_FALSE=''
DX_COND_rtf_TRUE='#'
DX_COND_xml_FALSE=''
DX_COND_xml_TRUE='#'
DX_CONFIG='doxygen.cfg'
DX_DOCDIR='doxygen'
DX_DOT=''
DX_DOXYGEN=''
DX_DVIPS=''
DX_EGREP=''
DX_ENV=' SRCDIR='\''.'\'' PROJECT='\''lldpd'\'' DOCDIR='\''doxygen'\'' VERSION='\''0.9.8'\'' HAVE_DOT='\''NO'\'' GENERATE_MAN='\''NO'\'' GENERATE_RTF='\''NO'\'' GENERATE_XML='\''NO'\'' GENERATE_HTMLHELP='\''NO'\'' GENERATE_CHI='\''NO'\'' GENERATE_HTML='\''NO'\'' GENERATE_LATEX='\''NO'\'''
DX_FLAG_chi='0'
DX_FLAG_chm='0'
DX_FLAG_doc='0'
DX_FLAG_dot='0'
DX_FLAG_html='0'
DX_FLAG_man='0'
DX_FLAG_pdf='0'
DX_FLAG_ps='0'
DX_FLAG_rtf='0'
DX_FLAG_xml='0'
DX_HHC=''
DX_LATEX=''
DX_MAKEINDEX=''
DX_PDFLATEX=''
DX_PERL='/usr/bin/perl'
DX_PROJECT='lldpd'
ECHO_C=''
ECHO_N='-n'
ECHO_T=''
EGREP='/bin/grep -E'
ENABLE_SYSTEMTAP_FALSE=''
ENABLE_SYSTEMTAP_TRUE='#'
EXEEXT=''
FGREP='/bin/grep -F'
GREP='/bin/grep'
HAVE_APPARMORDIR_FALSE=''
HAVE_APPARMORDIR_TRUE='#'
HAVE_CHECK_FALSE=''
HAVE_CHECK_TRUE='#'
HAVE_LAUNCHDDAEMONSDIR_FALSE='#'
HAVE_LAUNCHDDAEMONSDIR_TRUE=''
HAVE_LD_VERSION_SCRIPT_FALSE='#'
HAVE_LD_VERSION_SCRIPT_TRUE=''
HAVE_SYSTEMDSYSTEMUNITDIR_FALSE=''
HAVE_SYSTEMDSYSTEMUNITDIR_TRUE='#'
HAVE_SYSUSERSDIR_FALSE=''
HAVE_SYSUSERSDIR_TRUE='#'
HOST_OS_DRAGONFLY_FALSE=''
HOST_OS_DRAGONFLY_TRUE='#'
HOST_OS_FREEBSD_FALSE=''
HOST_OS_FREEBSD_TRUE='#'
HOST_OS_LINUX_FALSE='#'
HOST_OS_LINUX_TRUE=''
HOST_OS_NETBSD_FALSE=''
HOST_OS_NETBSD_TRUE='#'
HOST_OS_OPENBSD_FALSE=''
HOST_OS_OPENBSD_TRUE='#'
HOST_OS_OSX_FALSE=''
HOST_OS_OSX_TRUE='#'
HOST_OS_SOLARIS_FALSE=''
HOST_OS_SOLARIS_TRUE='#'
INSTALL_DATA='${INSTALL} -m 644'
INSTALL_PROGRAM='${INSTALL}'
INSTALL_SCRIPT='${INSTALL}'
INSTALL_STRIP_PROGRAM='$(install_sh) -c -s'
LAUNCHDDAEMONSDIR='/Library/LaunchDaemons'
LD='/opt/lede-toolchain-ramips-mt7621_gcc-5.4.0_musl-1.1.24.Linux-x86_64/toolchain-mipsel_24kc_gcc-5.4.0_musl-1.1.24/bin/mipsel-openwrt-linux-musl-ld'
LDFLAGS='-L/repo/Pass_GPL/asuswrt/release/src-ra-openwrt-4210/router/lldpd-0.9.8/lib -lm -L/repo/Pass_GPL/asuswrt/release/src-ra-openwrt-4210/router/mipsel-musl/stage/usr/lib -ljansson -L/repo/Pass_GPL/asuswrt/release/src-ra-openwrt-4210/router/json-c/.libs -ldl'
LIBEVENT_CFLAGS=''
LIBEVENT_EMBEDDED_FALSE=''
LIBEVENT_EMBEDDED_TRUE='#'
LIBEVENT_LDFLAGS=''
LIBEVENT_LIBS='-levent'
LIBOBJS=' ${LIBOBJDIR}malloc$U.o ${LIBOBJDIR}realloc$U.o ${LIBOBJDIR}setproctitle$U.o ${LIBOBJDIR}strtonum$U.o'
LIBS=''
LIBTOOL='$(SHELL) $(top_builddir)/libtool'
LIPO=''
LLDPD_CTL_SOCKET='/var/run/lldpd.socket'
LLDPD_PID_FILE='/var/run/lldpd.pid'
LLDP_BIN_LDFLAGS=''
LLDP_CFLAGS=' -fdiagnostics-show-option -fdiagnostics-color=auto -pipe -Wall -W -Wextra -Wformat -Wformat-security -Wfatal-errors -Wcast-align -Winline -Wpointer-arith -fno-omit-frame-pointer -Wno-unused-parameter -Wno-missing-field-initializers -Wno-sign-compare -fstack-protector -fstack-protector-all -fstack-protector-strong'
LLDP_CPPFLAGS=' -D_FORTIFY_SOURCE=2 -D_GNU_SOURCE'
LLDP_LDFLAGS=' -Wl,-z,relro -Wl,-z,now'
LN_S='ln -s'
LTLIBOBJS=' ${LIBOBJDIR}malloc$U.lo ${LIBOBJDIR}realloc$U.lo ${LIBOBJDIR}setproctitle$U.lo ${LIBOBJDIR}strtonum$U.lo'
LT_SYS_LIBRARY_PATH=''
MAINT='#'
MAINTAINER_MODE_FALSE=''
MAINTAINER_MODE_TRUE='#'
MAKEINFO='${SHELL} /repo/Pass_GPL/asuswrt/release/src/router/lldpd-0.9.8/missing makeinfo'
MANIFEST_TOOL=':'
MKDIR_P='/bin/mkdir -p'
NETLINK_MAX_RECEIVE_BUFSIZE='1024*1024'
NETLINK_RECEIVE_BUFSIZE='0'
NETLINK_SEND_BUFSIZE='0'
NETSNMP_CFLAGS=''
NETSNMP_CONFIG=''
NETSNMP_LIBS=''
NM='/opt/lede-toolchain-ramips-mt7621_gcc-5.4.0_musl-1.1.24.Linux-x86_64/toolchain-mipsel_24kc_gcc-5.4.0_musl-1.1.24/bin/mipsel-openwrt-linux-musl-nm'
NMEDIT=''
OBJDUMP='/opt/lede-toolchain-ramips-mt7621_gcc-5.4.0_musl-1.1.24.Linux-x86_64/toolchain-mipsel_24kc_gcc-5.4.0_musl-1.1.24/bin/mipsel-openwrt-linux-musl-objdump'
OBJEXT='o'
OTOOL64=''
OTOOL=''
PACKAGE='lldpd'
PACKAGE_BUGREPORT='https://github.com/vincentbernat/lldpd/issues'
PACKAGE_NAME='lldpd'
PACKAGE_STRING='lldpd 0.9.8'
PACKAGE_TARNAME='lldpd'
PACKAGE_URL='http://vincentbernat.github.io/lldpd/'
PACKAGE_VERSION='0.9.8'
PATH_SEPARATOR=':'
PKG_CONFIG='/usr/bin/pkg-config'
PKG_CONFIG_LIBDIR='/repo/Pass_GPL/asuswrt/release/src-ra-openwrt-4210/router/mipsel-musl/stage/usr/lib/pkgconfig:/repo/Pass_GPL/asuswrt/release/src-ra-openwrt-4210/router/mipsel-musl/stage/usr/local/lib/pkgconfig:/repo/Pass_GPL/asuswrt/release/src-ra-openwrt-4210/router/mipsel-musl/stage/etc/lib/pkgconfig'
PKG_CONFIG_PATH='/repo/Pass_GPL/asuswrt/release/src-ra-openwrt-4210/router/mipsel-musl/stage/usr/lib/pkgconfig:/repo/Pass_GPL/asuswrt/release/src-ra-openwrt-4210/router/mipsel-musl/stage/etc/lib/pkgconfig'
PRIVSEP_CHROOT='/var/run/lldpd'
PRIVSEP_GROUP='root'
PRIVSEP_USER='nobody'
RANLIB='/opt/lede-toolchain-ramips-mt7621_gcc-5.4.0_musl-1.1.24.Linux-x86_64/toolchain-mipsel_24kc_gcc-5.4.0_musl-1.1.24/bin/mipsel-openwrt-linux-musl-ranlib'
READLINE_LIBS=''
SECCOMP_CFLAGS=''
SECCOMP_LIBS=''
SED='/bin/sed'
SET_MAKE=''
SHELL='/bin/sh'
STRIP='/opt/lede-toolchain-ramips-mt7621_gcc-5.4.0_musl-1.1.24.Linux-x86_64/toolchain-mipsel_24kc_gcc-5.4.0_musl-1.1.24/bin/mipsel-openwrt-linux-musl-strip -R .note -R .comment'
SYSTEMDSYSTEMUNITDIR=''
SYSUSERSDIR=''
USE_SECCOMP_FALSE=''
USE_SECCOMP_TRUE='#'
USE_SNMP_FALSE=''
USE_SNMP_TRUE='#'
USE_XML_FALSE='#'
USE_XML_TRUE=''
VERSION='0.9.8'
XML2_CFLAGS='-I/repo/Pass_GPL/asuswrt/release/src-ra-openwrt-4210/router/mipsel-musl/stage/usr/include/libxml2'
XML2_CONFIG=''
XML2_LIBS='-lxml2'
ac_ct_AR=''
ac_ct_CC=''
ac_ct_CXX=''
ac_ct_DUMPBIN=''
am__EXEEXT_FALSE=''
am__EXEEXT_TRUE='#'
am__fastdepCC_FALSE='#'
am__fastdepCC_TRUE=''
am__fastdepCXX_FALSE='#'
am__fastdepCXX_TRUE=''
am__include='include'
am__isrc=''
am__leading_dot='.'
am__nodep='_no'
am__quote=''
am__tar='tar --format=ustar -chf - "$$tardir"'
am__untar='tar -xf -'
apparmordir='no'
bindir='/usr/sbin'
build='x86_64-pc-linux-gnu'
build_alias='x86_64-linux-gnu'
build_cpu='x86_64'
build_os='linux-gnu'
build_vendor='pc'
datadir='${datarootdir}'
datarootdir='${prefix}/share'
docdir='${datarootdir}/doc/${PACKAGE_TARNAME}'
dvidir='${docdir}'
exec_prefix='${prefix}'
host='mipsel-unknown-linux-gnu'
host_alias='mipsel-linux'
host_cpu='mipsel'
host_os='linux-gnu'
host_vendor='unknown'
htmldir='${docdir}'
includedir='${prefix}/include'
infodir='${datarootdir}/info'
install_sh='${SHELL} /repo/Pass_GPL/asuswrt/release/src/router/lldpd-0.9.8/install-sh'
launchddaemonsdir='/Library/LaunchDaemons'
libbsd_CFLAGS=''
libbsd_LIBS=''
libdir='/usr/lib'
libexecdir='${exec_prefix}/libexec'
localedir='${datarootdir}/locale'
localstatedir='${prefix}/var'
mandir='${datarootdir}/man'
mkdir_p='$(MKDIR_P)'
oldincludedir='/usr/include'
pdfdir='${docdir}'
pkgconfigdir='${libdir}/pkgconfig'
prefix=''
program_transform_name='s,x,x,'
psdir='${docdir}'
runstatedir='${localstatedir}/run'
sbindir='${exec_prefix}/sbin'
sharedstatedir='${prefix}/com'
sysconfdir='${prefix}/etc'
systemdsystemunitdir=''
sysusersdir=''
target_alias=''

## ----------- ##
## confdefs.h. ##
## ----------- ##

/* confdefs.h */
#define PACKAGE_NAME "lldpd"
#define PACKAGE_TARNAME "lldpd"
#define PACKAGE_VERSION "0.9.8"
#define PACKAGE_STRING "lldpd 0.9.8"
#define PACKAGE_BUGREPORT "https://github.com/vincentbernat/lldpd/issues"
#define PACKAGE_URL "http://vincentbernat.github.io/lldpd/"
#define PACKAGE "lldpd"
#define VERSION "0.9.8"
#define STDC_HEADERS 1
#define HAVE_SYS_TYPES_H 1
#define HAVE_SYS_STAT_H 1
#define HAVE_STDLIB_H 1
#define HAVE_STRING_H 1
#define HAVE_MEMORY_H 1
#define HAVE_STRINGS_H 1
#define HAVE_INTTYPES_H 1
#define HAVE_STDINT_H 1
#define HAVE_UNISTD_H 1
#define HAVE_DLFCN_H 1
#define LT_OBJDIR ".libs/"
#define HAVE_TYPEOF 1
#define HOST_OS_LINUX 1
#define HAVE_SYS_TYPES_H 1
#define HAVE_NETINET_IN_H 1
#define HAVE_ARPA_NAMESER_H 1
#define HAVE_NETDB_H 1
#define HAVE_RESOLV_H 1
#define HAVE_U_INT32_T 1
#define HAVE_UINT32_T 1
#define HAVE___PROGNAME 1
#define HAVE_ALIGNOF 1
#define HAVE_STDLIB_H 1
#define HAVE_MALLOC 0
#define malloc rpl_malloc
#define HAVE_STDLIB_H 1
#define HAVE_REALLOC 0
#define realloc rpl_realloc
#define HAVE_FORK 1
#define HAVE_VFORK 1
#define HAVE_WORKING_VFORK 1
#define HAVE_WORKING_FORK 1
#define HAVE_STRLCPY 1
#define HAVE_STRNLEN 1
#define HAVE_STRNDUP 1
#define HAVE_GETLINE 1
#define HAVE_ASPRINTF 1
#define HAVE_VSYSLOG 1
#define HAVE_DAEMON 1
#define HAVE_SETRESUID 1
#define HAVE_SETRESGID 1
#define HAVE_RES_INIT 1
#define USE_XML 1
#define LAUNCHDDAEMONSDIR "/Library/LaunchDaemons"
#define SYSTEMDSYSTEMUNITDIR ""
#define SYSUSERSDIR ""
#define APPARMORDIR "no"
#define ENABLE_PRIVSEP /**/
#define PRIVSEP_USER "nobody"
#define PRIVSEP_GROUP "root"
#define PRIVSEP_CHROOT "/var/run/lldpd"
#define LLDPD_CTL_SOCKET "/var/run/lldpd.socket"
#define LLDPD_PID_FILE "/var/run/lldpd.pid"
#define NETLINK_MAX_RECEIVE_BUFSIZE 1024*1024
#define NETLINK_RECEIVE_BUFSIZE 0
#define NETLINK_SEND_BUFSIZE 0
#define ENABLE_CDP /**/
#define ENABLE_FDP /**/
#define ENABLE_EDP /**/
#define ENABLE_SONMP /**/
#define ENABLE_LLDPMED /**/
#define ENABLE_DOT1 /**/
#define ENABLE_DOT3 /**/
#define ENABLE_CUSTOM /**/
#define ENABLE_OLDIES /**/
#define MIN_LINUX_KERNEL_VERSION "2.6.11"
#define BUILD_DATE "2026-09-16T09:47:58Z"
#define LLDP_CC "/opt/lede-toolchain-ramips-mt7621_gcc-5.4.0_musl-1.1.24.Linux-x86_64/toolchain-mipsel_24kc_gcc-5.4.0_musl-1.1.24/bin/mipsel-openwrt-linux-musl-gcc  -fdiagnostics-show-option -fdiagnostics-color=auto -pipe -Wall -W -Wextra -Wformat -Wformat-security -Wfatal-errors -Wcast-align -Winline -Wpointer-arith -fno-omit-frame-pointer -Wno-unused-parameter -Wno-missing-field-initializers -Wno-sign-compare -fstack-protector -fstack-protector-all -fstack-protector-strong  -D_FORTIFY_SOURCE=2 -D_GNU_SOURCE -g -O2 -I/repo/Pass_GPL/asuswrt/release/src-ra-openwrt-4210/router/mipsel-musl/stage/usr/include "
#define LLDP_LD "/opt/lede-toolchain-ramips-mt7621_gcc-5.4.0_musl-1.1.24.Linux-x86_64/toolchain-mipsel_24kc_gcc-5.4.0_musl-1.1.24/bin/mipsel-openwrt-linux-musl-ld  -Wl,-z,relro -Wl,-z,now  -L/repo/Pass_GPL/asuswrt/release/src-ra-openwrt-4210/router/lldpd-0.9.8/lib -lm -L/repo/Pass_GPL/asuswrt/release/src-ra-openwrt-4210/router/mipsel-musl/stage/usr/lib -ljansson -L/repo/Pass_GPL/asuswrt/release/src-ra-openwrt-4210/router/json-c/.libs -ldl "

configure: exit 0
