This file contains any messages produced by compilers while
running configure, to aid debugging if configure makes a mistake.

It was created by configure, which was
generated by GNU Autoconf 2.67.  Invocation command line was

  $ ./configure --host=mipsel-linux --build=x86_64-linux-gnu --prefix=/usr --enable-plugin=/repo/Pass_GPL/asuswrt/release/src-ra-openwrt-4210/router/pppd ac_cv_linux_kernel_pppoe=yes rpppoe_cv_pack_bitfields=rev ac_cv_header_netinet_if_ether_h=no ac_cv_header_net_ethernet_h=no ac_cv_header_linux_if_ether_h=yes --disable-debugging

## --------- ##
## Platform. ##
## --------- ##

hostname = 820a0eb7ac91
uname -m = x86_64
uname -r = 6.8.0-137-generic
uname -s = Linux
uname -v = #137-Ubuntu SMP PREEMPT_DYNAMIC Fri Jul 17 20:28:23 UTC 2026

/usr/bin/uname -p = unknown
/bin/uname -X     = unknown

/bin/arch              = unknown
/usr/bin/arch -k       = unknown
/usr/convex/getsysinfo = unknown
/usr/bin/hostinfo      = unknown
/bin/machine           = unknown
/usr/bin/oslevel       = unknown
/bin/universe          = unknown

PATH: /repo/Pass_GPL/asuswrt/release/tools
PATH: /repo/Pass_GPL/asuswrt/release/src-ra-openwrt-4210/ctools
PATH: /repo/Pass_GPL/asuswrt/release/tools
PATH: /repo/Pass_GPL/asuswrt/release/src-ra-openwrt-4210/ctools
PATH: /repo/Pass_GPL/asuswrt/release/tools
PATH: /repo/Pass_GPL/asuswrt/release/src-ra-openwrt-4210/ctools
PATH: /usr/local/sbin
PATH: /usr/local/bin
PATH: /usr/sbin
PATH: /usr/bin
PATH: /sbin
PATH: /bin
PATH: /home/asuswrt/bin
PATH: /home/asuswrt/mybash
PATH: /opt/buildroot-gcc342/bin
PATH: /opt/buildroot-gcc463/bin
PATH: /opt/brcm/hndtools-mipsel-linux/bin
PATH: /opt/brcm/hndtools-mipsel-uclibc/bin
PATH: /opt/projects/hnd/tools/linux/hndtools-arm-linux-2.6.36-uclibc-4.5.3/bin
PATH: /opt/projects/hnd/tools/linux/hndtools-arm-linux-2.6.36-uclibc-4.5.3/arm-linux/bin
PATH: /opt/projects/hnd/tools/linux/hndtools-arm-linux-2.6.36-uclibc-4.5.3/usr/bin
PATH: /opt/toolchains/crosstools-arm-gcc-5.3-linux-4.1-glibc-2.22-binutils-2.25/usr/bin
PATH: /opt/toolchains/crosstools-aarch64-gcc-5.3-linux-4.1-glibc-2.22-binutils-2.25/usr/bin
PATH: /opt/toolchains/crosstools-arm-gcc-9.2-linux-4.19-glibc-2.30-binutils-2.32/usr/lib
PATH: /opt/toolchains/crosstools-aarch64-gcc-9.2-linux-4.19-glibc-2.30-binutils-2.32/bin
PATH: /opt/toolchains/crosstools-arm-gcc-10.3-linux-4.19-glibc-2.32-binutils-2.36.1/bin
PATH: /opt/toolchains/crosstools-aarch64-gcc-10.3-linux-4.19-glibc-2.32-binutils-2.36.1/bin
PATH: /opt/openwrt-gcc463.arm/bin
PATH: /opt/openwrt-gcc463.mips.mesh/bin
PATH: /opt/openwrt-gcc520_musl.aarch64/bin
PATH: /opt/openwrt-gcc840_musl.aarch64/bin


## ----------- ##
## Core tests. ##
## ----------- ##

configure:2334: checking for mipsel-linux-gcc
configure:2361: result: /opt/lede-toolchain-ramips-mt7621_gcc-5.4.0_musl-1.1.24.Linux-x86_64/toolchain-mipsel_24kc_gcc-5.4.0_musl-1.1.24/bin/mipsel-openwrt-linux-musl-gcc
configure:2630: checking for C compiler version
configure:2639: /opt/lede-toolchain-ramips-mt7621_gcc-5.4.0_musl-1.1.24.Linux-x86_64/toolchain-mipsel_24kc_gcc-5.4.0_musl-1.1.24/bin/mipsel-openwrt-linux-musl-gcc --version >&5
mipsel-openwrt-linux-musl-gcc.bin (LEDE GCC 5.4.0 unknown) 5.4.0
Copyright (C) 2015 Free Software Foundation, Inc.
This is free software; see the source for copying conditions.  There is NO
warranty; not even for MERCHANTABILITY or FITNESS FOR A PARTICULAR PURPOSE.

configure:2650: $? = 0
configure:2639: /opt/lede-toolchain-ramips-mt7621_gcc-5.4.0_musl-1.1.24.Linux-x86_64/toolchain-mipsel_24kc_gcc-5.4.0_musl-1.1.24/bin/mipsel-openwrt-linux-musl-gcc -v >&5
Reading specs from /opt/lede-toolchain-ramips-mt7621_gcc-5.4.0_musl-1.1.24.Linux-x86_64/toolchain-mipsel_24kc_gcc-5.4.0_musl-1.1.24/bin/../lib/gcc/mipsel-openwrt-linux-musl/5.4.0/specs
COLLECT_GCC=mipsel-openwrt-linux-musl-gcc.bin
COLLECT_LTO_WRAPPER=/opt/lede-toolchain-ramips-mt7621_gcc-5.4.0_musl-1.1.24.Linux-x86_64/toolchain-mipsel_24kc_gcc-5.4.0_musl-1.1.24/bin/../libexec/gcc/mipsel-openwrt-linux-musl/5.4.0/lto-wrapper
Target: mipsel-openwrt-linux-musl
Configured with: /data2/heidi_wen/SW4_git/OpenWRT_4210_20230308/mtk-openwrt-lede-4.2.1.0/build_dir/toolchain-mipsel_24kc_gcc-5.4.0_musl-1.1.24/gcc-5.4.0/configure --with-bugurl=http://www.lede-project.org/bugs/ --with-pkgversion='LEDE GCC 5.4.0 unknown' --prefix=/data2/heidi_wen/SW4_git/OpenWRT_4210_20230308/mtk-openwrt-lede-4.2.1.0/staging_dir/toolchain-mipsel_24kc_gcc-5.4.0_musl-1.1.24 --build=x86_64-linux-gnu --host=x86_64-linux-gnu --target=mipsel-openwrt-linux-musl --with-gnu-ld --enable-target-optspace --disable-libgomp --disable-libmudflap --disable-multilib --disable-libmpx --disable-nls --without-isl --without-cloog --with-host-libstdcxx=-lstdc++ --with-float=soft --with-gmp=/data2/heidi_wen/SW4_git/OpenWRT_4210_20230308/mtk-openwrt-lede-4.2.1.0/staging_dir/host --with-mpfr=/data2/heidi_wen/SW4_git/OpenWRT_4210_20230308/mtk-openwrt-lede-4.2.1.0/staging_dir/host --with-mpc=/data2/heidi_wen/SW4_git/OpenWRT_4210_20230308/mtk-openwrt-lede-4.2.1.0/staging_dir/host --disable-decimal-float --with-mips-plt --with-diagnostics-color=auto-if-env --disable-libssp --enable-__cxa_atexit --with-headers=/data2/heidi_wen/SW4_git/OpenWRT_4210_20230308/mtk-openwrt-lede-4.2.1.0/staging_dir/toolchain-mipsel_24kc_gcc-5.4.0_musl-1.1.24/include --disable-libsanitizer --enable-languages=c,c++ --enable-shared --enable-threads --with-slibdir=/data2/heidi_wen/SW4_git/OpenWRT_4210_20230308/mtk-openwrt-lede-4.2.1.0/staging_dir/toolchain-mipsel_24kc_gcc-5.4.0_musl-1.1.24/lib --enable-lto --with-libelf=/data2/heidi_wen/SW4_git/OpenWRT_4210_20230308/mtk-openwrt-lede-4.2.1.0/staging_dir/host
Thread model: posix
gcc version 5.4.0 (LEDE GCC 5.4.0 unknown) 
COMPILER_PATH=/opt/lede-toolchain-ramips-mt7621_gcc-5.4.0_musl-1.1.24.Linux-x86_64/toolchain-mipsel_24kc_gcc-5.4.0_musl-1.1.24/bin/../libexec/gcc/mipsel-openwrt-linux-musl/5.4.0/:/opt/lede-toolchain-ramips-mt7621_gcc-5.4.0_musl-1.1.24.Linux-x86_64/toolchain-mipsel_24kc_gcc-5.4.0_musl-1.1.24/bin/../libexec/gcc/:/opt/lede-toolchain-ramips-mt7621_gcc-5.4.0_musl-1.1.24.Linux-x86_64/toolchain-mipsel_24kc_gcc-5.4.0_musl-1.1.24/bin/../lib/gcc/mipsel-openwrt-linux-musl/5.4.0/../../../../mipsel-openwrt-linux-musl/bin/
LIBRARY_PATH=/opt/lede-toolchain-ramips-mt7621_gcc-5.4.0_musl-1.1.24.Linux-x86_64/toolchain-mipsel_24kc_gcc-5.4.0_musl-1.1.24/bin/../lib/gcc/mipsel-openwrt-linux-musl/5.4.0/:/opt/lede-toolchain-ramips-mt7621_gcc-5.4.0_musl-1.1.24.Linux-x86_64/toolchain-mipsel_24kc_gcc-5.4.0_musl-1.1.24/bin/../lib/gcc/:/opt/lede-toolchain-ramips-mt7621_gcc-5.4.0_musl-1.1.24.Linux-x86_64/toolchain-mipsel_24kc_gcc-5.4.0_musl-1.1.24/bin/../lib/gcc/mipsel-openwrt-linux-musl/5.4.0/../../../../mipsel-openwrt-linux-musl/lib/
COLLECT_GCC_OPTIONS='-v' '-msoft-float' '-mllsc' '-mplt' '-mno-shared' '-EL' '-mabi=32'
... rest of stderr output deleted ...
configure:2650: $? = 1
configure:2639: /opt/lede-toolchain-ramips-mt7621_gcc-5.4.0_musl-1.1.24.Linux-x86_64/toolchain-mipsel_24kc_gcc-5.4.0_musl-1.1.24/bin/mipsel-openwrt-linux-musl-gcc -V >&5
mipsel-openwrt-linux-musl-gcc.bin: error: unrecognized command line option '-V'
configure:2650: $? = 1
configure:2639: /opt/lede-toolchain-ramips-mt7621_gcc-5.4.0_musl-1.1.24.Linux-x86_64/toolchain-mipsel_24kc_gcc-5.4.0_musl-1.1.24/bin/mipsel-openwrt-linux-musl-gcc -qversion >&5
mipsel-openwrt-linux-musl-gcc.bin: error: unrecognized command line option '-qversion'
configure:2650: $? = 1
configure:2670: checking whether the C compiler works
configure:2692: /opt/lede-toolchain-ramips-mt7621_gcc-5.4.0_musl-1.1.24.Linux-x86_64/toolchain-mipsel_24kc_gcc-5.4.0_musl-1.1.24/bin/mipsel-openwrt-linux-musl-gcc -g -O2 -DLINUX26 -DCONFIG_RALINK -DMUSL_LIBC -DDEBUG_NOISY -DDEBUG_RCTEST -D_GNU_SOURCE -D__UAPI_DEF_ETHHDR -DRALINK_DBDC_MODE -pipe -funit-at-a-time -Wno-pointer-sign -mtune=mips32 -mips32 -DLINUX_KERNEL_VERSION=263366 --sysroot=/opt/lede-toolchain-ramips-mt7621_gcc-5.4.0_musl-1.1.24.Linux-x86_64/toolchain-mipsel_24kc_gcc-5.4.0_musl-1.1.24  -I/repo/Pass_GPL/asuswrt/release/src-ra-openwrt-4210/router/pppd/include -idirafter /repo/Pass_GPL/asuswrt/release/src-ra-openwrt-4210/router/kernel_header/include   conftest.c  >&5
configure:2696: $? = 0
configure:2744: result: yes
configure:2747: checking for C compiler default output file name
configure:2749: result: a.out
configure:2755: checking for suffix of executables
configure:2762: /opt/lede-toolchain-ramips-mt7621_gcc-5.4.0_musl-1.1.24.Linux-x86_64/toolchain-mipsel_24kc_gcc-5.4.0_musl-1.1.24/bin/mipsel-openwrt-linux-musl-gcc -o conftest -g -O2 -DLINUX26 -DCONFIG_RALINK -DMUSL_LIBC -DDEBUG_NOISY -DDEBUG_RCTEST -D_GNU_SOURCE -D__UAPI_DEF_ETHHDR -DRALINK_DBDC_MODE -pipe -funit-at-a-time -Wno-pointer-sign -mtune=mips32 -mips32 -DLINUX_KERNEL_VERSION=263366 --sysroot=/opt/lede-toolchain-ramips-mt7621_gcc-5.4.0_musl-1.1.24.Linux-x86_64/toolchain-mipsel_24kc_gcc-5.4.0_musl-1.1.24  -I/repo/Pass_GPL/asuswrt/release/src-ra-openwrt-4210/router/pppd/include -idirafter /repo/Pass_GPL/asuswrt/release/src-ra-openwrt-4210/router/kernel_header/include   conftest.c  >&5
configure:2766: $? = 0
configure:2788: result: 
configure:2810: checking whether we are cross compiling
configure:2848: result: yes
configure:2853: checking for suffix of object files
configure:2875: /opt/lede-toolchain-ramips-mt7621_gcc-5.4.0_musl-1.1.24.Linux-x86_64/toolchain-mipsel_24kc_gcc-5.4.0_musl-1.1.24/bin/mipsel-openwrt-linux-musl-gcc -c -g -O2 -DLINUX26 -DCONFIG_RALINK -DMUSL_LIBC -DDEBUG_NOISY -DDEBUG_RCTEST -D_GNU_SOURCE -D__UAPI_DEF_ETHHDR -DRALINK_DBDC_MODE -pipe -funit-at-a-time -Wno-pointer-sign -mtune=mips32 -mips32 -DLINUX_KERNEL_VERSION=263366 --sysroot=/opt/lede-toolchain-ramips-mt7621_gcc-5.4.0_musl-1.1.24.Linux-x86_64/toolchain-mipsel_24kc_gcc-5.4.0_musl-1.1.24  -I/repo/Pass_GPL/asuswrt/release/src-ra-openwrt-4210/router/pppd/include -idirafter /repo/Pass_GPL/asuswrt/release/src-ra-openwrt-4210/router/kernel_header/include  conftest.c >&5
configure:2879: $? = 0
configure:2900: result: o
configure:2904: checking whether we are using the GNU C compiler
configure:2923: /opt/lede-toolchain-ramips-mt7621_gcc-5.4.0_musl-1.1.24.Linux-x86_64/toolchain-mipsel_24kc_gcc-5.4.0_musl-1.1.24/bin/mipsel-openwrt-linux-musl-gcc -c -g -O2 -DLINUX26 -DCONFIG_RALINK -DMUSL_LIBC -DDEBUG_NOISY -DDEBUG_RCTEST -D_GNU_SOURCE -D__UAPI_DEF_ETHHDR -DRALINK_DBDC_MODE -pipe -funit-at-a-time -Wno-pointer-sign -mtune=mips32 -mips32 -DLINUX_KERNEL_VERSION=263366 --sysroot=/opt/lede-toolchain-ramips-mt7621_gcc-5.4.0_musl-1.1.24.Linux-x86_64/toolchain-mipsel_24kc_gcc-5.4.0_musl-1.1.24  -I/repo/Pass_GPL/asuswrt/release/src-ra-openwrt-4210/router/pppd/include -idirafter /repo/Pass_GPL/asuswrt/release/src-ra-openwrt-4210/router/kernel_header/include  conftest.c >&5
configure:2923: $? = 0
configure:2932: result: yes
configure:2941: checking whether /opt/lede-toolchain-ramips-mt7621_gcc-5.4.0_musl-1.1.24.Linux-x86_64/toolchain-mipsel_24kc_gcc-5.4.0_musl-1.1.24/bin/mipsel-openwrt-linux-musl-gcc accepts -g
configure:2961: /opt/lede-toolchain-ramips-mt7621_gcc-5.4.0_musl-1.1.24.Linux-x86_64/toolchain-mipsel_24kc_gcc-5.4.0_musl-1.1.24/bin/mipsel-openwrt-linux-musl-gcc -c -g  conftest.c >&5
configure:2961: $? = 0
configure:3002: result: yes
configure:3019: checking for /opt/lede-toolchain-ramips-mt7621_gcc-5.4.0_musl-1.1.24.Linux-x86_64/toolchain-mipsel_24kc_gcc-5.4.0_musl-1.1.24/bin/mipsel-openwrt-linux-musl-gcc option to accept ISO C89
configure:3083: /opt/lede-toolchain-ramips-mt7621_gcc-5.4.0_musl-1.1.24.Linux-x86_64/toolchain-mipsel_24kc_gcc-5.4.0_musl-1.1.24/bin/mipsel-openwrt-linux-musl-gcc  -c -g -O2 -DLINUX26 -DCONFIG_RALINK -DMUSL_LIBC -DDEBUG_NOISY -DDEBUG_RCTEST -D_GNU_SOURCE -D__UAPI_DEF_ETHHDR -DRALINK_DBDC_MODE -pipe -funit-at-a-time -Wno-pointer-sign -mtune=mips32 -mips32 -DLINUX_KERNEL_VERSION=263366 --sysroot=/opt/lede-toolchain-ramips-mt7621_gcc-5.4.0_musl-1.1.24.Linux-x86_64/toolchain-mipsel_24kc_gcc-5.4.0_musl-1.1.24  -I/repo/Pass_GPL/asuswrt/release/src-ra-openwrt-4210/router/pppd/include -idirafter /repo/Pass_GPL/asuswrt/release/src-ra-openwrt-4210/router/kernel_header/include  conftest.c >&5
configure:3083: $? = 0
configure:3096: result: none needed
configure:3119: checking for mipsel-linux-ranlib
configure:3146: result: /opt/lede-toolchain-ramips-mt7621_gcc-5.4.0_musl-1.1.24.Linux-x86_64/toolchain-mipsel_24kc_gcc-5.4.0_musl-1.1.24/bin/mipsel-openwrt-linux-musl-ranlib
configure:3216: checking how to run the C preprocessor
configure:3247: /opt/lede-toolchain-ramips-mt7621_gcc-5.4.0_musl-1.1.24.Linux-x86_64/toolchain-mipsel_24kc_gcc-5.4.0_musl-1.1.24/bin/mipsel-openwrt-linux-musl-gcc -E  conftest.c
configure:3247: $? = 0
configure:3261: /opt/lede-toolchain-ramips-mt7621_gcc-5.4.0_musl-1.1.24.Linux-x86_64/toolchain-mipsel_24kc_gcc-5.4.0_musl-1.1.24/bin/mipsel-openwrt-linux-musl-gcc -E  conftest.c
conftest.c:9:28: fatal error: ac_nonexistent.h: No such file or directory
compilation terminated.
configure:3261: $? = 1
configure: failed program was:
| /* confdefs.h */
| #define PACKAGE_NAME ""
| #define PACKAGE_TARNAME ""
| #define PACKAGE_VERSION ""
| #define PACKAGE_STRING ""
| #define PACKAGE_BUGREPORT ""
| #define PACKAGE_URL ""
| /* end confdefs.h.  */
| #include <ac_nonexistent.h>
configure:3286: result: /opt/lede-toolchain-ramips-mt7621_gcc-5.4.0_musl-1.1.24.Linux-x86_64/toolchain-mipsel_24kc_gcc-5.4.0_musl-1.1.24/bin/mipsel-openwrt-linux-musl-gcc -E
configure:3306: /opt/lede-toolchain-ramips-mt7621_gcc-5.4.0_musl-1.1.24.Linux-x86_64/toolchain-mipsel_24kc_gcc-5.4.0_musl-1.1.24/bin/mipsel-openwrt-linux-musl-gcc -E  conftest.c
configure:3306: $? = 0
configure:3320: /opt/lede-toolchain-ramips-mt7621_gcc-5.4.0_musl-1.1.24.Linux-x86_64/toolchain-mipsel_24kc_gcc-5.4.0_musl-1.1.24/bin/mipsel-openwrt-linux-musl-gcc -E  conftest.c
conftest.c:9:28: fatal error: ac_nonexistent.h: No such file or directory
compilation terminated.
configure:3320: $? = 1
configure: failed program was:
| /* confdefs.h */
| #define PACKAGE_NAME ""
| #define PACKAGE_TARNAME ""
| #define PACKAGE_VERSION ""
| #define PACKAGE_STRING ""
| #define PACKAGE_BUGREPORT ""
| #define PACKAGE_URL ""
| /* end confdefs.h.  */
| #include <ac_nonexistent.h>
configure:3349: checking for grep that handles long lines and -e
configure:3407: result: /bin/grep
configure:3412: checking for egrep
configure:3474: result: /bin/grep -E
configure:3479: checking for ANSI C header files
configure:3499: /opt/lede-toolchain-ramips-mt7621_gcc-5.4.0_musl-1.1.24.Linux-x86_64/toolchain-mipsel_24kc_gcc-5.4.0_musl-1.1.24/bin/mipsel-openwrt-linux-musl-gcc -c -g -O2 -DLINUX26 -DCONFIG_RALINK -DMUSL_LIBC -DDEBUG_NOISY -DDEBUG_RCTEST -D_GNU_SOURCE -D__UAPI_DEF_ETHHDR -DRALINK_DBDC_MODE -pipe -funit-at-a-time -Wno-pointer-sign -mtune=mips32 -mips32 -DLINUX_KERNEL_VERSION=263366 --sysroot=/opt/lede-toolchain-ramips-mt7621_gcc-5.4.0_musl-1.1.24.Linux-x86_64/toolchain-mipsel_24kc_gcc-5.4.0_musl-1.1.24  -I/repo/Pass_GPL/asuswrt/release/src-ra-openwrt-4210/router/pppd/include -idirafter /repo/Pass_GPL/asuswrt/release/src-ra-openwrt-4210/router/kernel_header/include  conftest.c >&5
configure:3499: $? = 0
configure:3583: result: yes
configure:3591: checking for sys/wait.h that is POSIX.1 compatible
configure:3617: /opt/lede-toolchain-ramips-mt7621_gcc-5.4.0_musl-1.1.24.Linux-x86_64/toolchain-mipsel_24kc_gcc-5.4.0_musl-1.1.24/bin/mipsel-openwrt-linux-musl-gcc -c -g -O2 -DLINUX26 -DCONFIG_RALINK -DMUSL_LIBC -DDEBUG_NOISY -DDEBUG_RCTEST -D_GNU_SOURCE -D__UAPI_DEF_ETHHDR -DRALINK_DBDC_MODE -pipe -funit-at-a-time -Wno-pointer-sign -mtune=mips32 -mips32 -DLINUX_KERNEL_VERSION=263366 --sysroot=/opt/lede-toolchain-ramips-mt7621_gcc-5.4.0_musl-1.1.24.Linux-x86_64/toolchain-mipsel_24kc_gcc-5.4.0_musl-1.1.24  -I/repo/Pass_GPL/asuswrt/release/src-ra-openwrt-4210/router/pppd/include -idirafter /repo/Pass_GPL/asuswrt/release/src-ra-openwrt-4210/router/kernel_header/include  conftest.c >&5
configure:3617: $? = 0
configure:3624: result: yes
configure:3637: checking for sys/types.h
configure:3637: /opt/lede-toolchain-ramips-mt7621_gcc-5.4.0_musl-1.1.24.Linux-x86_64/toolchain-mipsel_24kc_gcc-5.4.0_musl-1.1.24/bin/mipsel-openwrt-linux-musl-gcc -c -g -O2 -DLINUX26 -DCONFIG_RALINK -DMUSL_LIBC -DDEBUG_NOISY -DDEBUG_RCTEST -D_GNU_SOURCE -D__UAPI_DEF_ETHHDR -DRALINK_DBDC_MODE -pipe -funit-at-a-time -Wno-pointer-sign -mtune=mips32 -mips32 -DLINUX_KERNEL_VERSION=263366 --sysroot=/opt/lede-toolchain-ramips-mt7621_gcc-5.4.0_musl-1.1.24.Linux-x86_64/toolchain-mipsel_24kc_gcc-5.4.0_musl-1.1.24  -I/repo/Pass_GPL/asuswrt/release/src-ra-openwrt-4210/router/pppd/include -idirafter /repo/Pass_GPL/asuswrt/release/src-ra-openwrt-4210/router/kernel_header/include  conftest.c >&5
configure:3637: $? = 0
configure:3637: result: yes
configure:3637: checking for sys/stat.h
configure:3637: /opt/lede-toolchain-ramips-mt7621_gcc-5.4.0_musl-1.1.24.Linux-x86_64/toolchain-mipsel_24kc_gcc-5.4.0_musl-1.1.24/bin/mipsel-openwrt-linux-musl-gcc -c -g -O2 -DLINUX26 -DCONFIG_RALINK -DMUSL_LIBC -DDEBUG_NOISY -DDEBUG_RCTEST -D_GNU_SOURCE -D__UAPI_DEF_ETHHDR -DRALINK_DBDC_MODE -pipe -funit-at-a-time -Wno-pointer-sign -mtune=mips32 -mips32 -DLINUX_KERNEL_VERSION=263366 --sysroot=/opt/lede-toolchain-ramips-mt7621_gcc-5.4.0_musl-1.1.24.Linux-x86_64/toolchain-mipsel_24kc_gcc-5.4.0_musl-1.1.24  -I/repo/Pass_GPL/asuswrt/release/src-ra-openwrt-4210/router/pppd/include -idirafter /repo/Pass_GPL/asuswrt/release/src-ra-openwrt-4210/router/kernel_header/include  conftest.c >&5
configure:3637: $? = 0
configure:3637: result: yes
configure:3637: checking for stdlib.h
configure:3637: /opt/lede-toolchain-ramips-mt7621_gcc-5.4.0_musl-1.1.24.Linux-x86_64/toolchain-mipsel_24kc_gcc-5.4.0_musl-1.1.24/bin/mipsel-openwrt-linux-musl-gcc -c -g -O2 -DLINUX26 -DCONFIG_RALINK -DMUSL_LIBC -DDEBUG_NOISY -DDEBUG_RCTEST -D_GNU_SOURCE -D__UAPI_DEF_ETHHDR -DRALINK_DBDC_MODE -pipe -funit-at-a-time -Wno-pointer-sign -mtune=mips32 -mips32 -DLINUX_KERNEL_VERSION=263366 --sysroot=/opt/lede-toolchain-ramips-mt7621_gcc-5.4.0_musl-1.1.24.Linux-x86_64/toolchain-mipsel_24kc_gcc-5.4.0_musl-1.1.24  -I/repo/Pass_GPL/asuswrt/release/src-ra-openwrt-4210/router/pppd/include -idirafter /repo/Pass_GPL/asuswrt/release/src-ra-openwrt-4210/router/kernel_header/include  conftest.c >&5
configure:3637: $? = 0
configure:3637: result: yes
configure:3637: checking for string.h
configure:3637: /opt/lede-toolchain-ramips-mt7621_gcc-5.4.0_musl-1.1.24.Linux-x86_64/toolchain-mipsel_24kc_gcc-5.4.0_musl-1.1.24/bin/mipsel-openwrt-linux-musl-gcc -c -g -O2 -DLINUX26 -DCONFIG_RALINK -DMUSL_LIBC -DDEBUG_NOISY -DDEBUG_RCTEST -D_GNU_SOURCE -D__UAPI_DEF_ETHHDR -DRALINK_DBDC_MODE -pipe -funit-at-a-time -Wno-pointer-sign -mtune=mips32 -mips32 -DLINUX_KERNEL_VERSION=263366 --sysroot=/opt/lede-toolchain-ramips-mt7621_gcc-5.4.0_musl-1.1.24.Linux-x86_64/toolchain-mipsel_24kc_gcc-5.4.0_musl-1.1.24  -I/repo/Pass_GPL/asuswrt/release/src-ra-openwrt-4210/router/pppd/include -idirafter /repo/Pass_GPL/asuswrt/release/src-ra-openwrt-4210/router/kernel_header/include  conftest.c >&5
configure:3637: $? = 0
configure:3637: result: yes
configure:3637: checking for memory.h
configure:3637: /opt/lede-toolchain-ramips-mt7621_gcc-5.4.0_musl-1.1.24.Linux-x86_64/toolchain-mipsel_24kc_gcc-5.4.0_musl-1.1.24/bin/mipsel-openwrt-linux-musl-gcc -c -g -O2 -DLINUX26 -DCONFIG_RALINK -DMUSL_LIBC -DDEBUG_NOISY -DDEBUG_RCTEST -D_GNU_SOURCE -D__UAPI_DEF_ETHHDR -DRALINK_DBDC_MODE -pipe -funit-at-a-time -Wno-pointer-sign -mtune=mips32 -mips32 -DLINUX_KERNEL_VERSION=263366 --sysroot=/opt/lede-toolchain-ramips-mt7621_gcc-5.4.0_musl-1.1.24.Linux-x86_64/toolchain-mipsel_24kc_gcc-5.4.0_musl-1.1.24  -I/repo/Pass_GPL/asuswrt/release/src-ra-openwrt-4210/router/pppd/include -idirafter /repo/Pass_GPL/asuswrt/release/src-ra-openwrt-4210/router/kernel_header/include  conftest.c >&5
configure:3637: $? = 0
configure:3637: result: yes
configure:3637: checking for strings.h
configure:3637: /opt/lede-toolchain-ramips-mt7621_gcc-5.4.0_musl-1.1.24.Linux-x86_64/toolchain-mipsel_24kc_gcc-5.4.0_musl-1.1.24/bin/mipsel-openwrt-linux-musl-gcc -c -g -O2 -DLINUX26 -DCONFIG_RALINK -DMUSL_LIBC -DDEBUG_NOISY -DDEBUG_RCTEST -D_GNU_SOURCE -D__UAPI_DEF_ETHHDR -DRALINK_DBDC_MODE -pipe -funit-at-a-time -Wno-pointer-sign -mtune=mips32 -mips32 -DLINUX_KERNEL_VERSION=263366 --sysroot=/opt/lede-toolchain-ramips-mt7621_gcc-5.4.0_musl-1.1.24.Linux-x86_64/toolchain-mipsel_24kc_gcc-5.4.0_musl-1.1.24  -I/repo/Pass_GPL/asuswrt/release/src-ra-openwrt-4210/router/pppd/include -idirafter /repo/Pass_GPL/asuswrt/release/src-ra-openwrt-4210/router/kernel_header/include  conftest.c >&5
configure:3637: $? = 0
configure:3637: result: yes
configure:3637: checking for inttypes.h
configure:3637: /opt/lede-toolchain-ramips-mt7621_gcc-5.4.0_musl-1.1.24.Linux-x86_64/toolchain-mipsel_24kc_gcc-5.4.0_musl-1.1.24/bin/mipsel-openwrt-linux-musl-gcc -c -g -O2 -DLINUX26 -DCONFIG_RALINK -DMUSL_LIBC -DDEBUG_NOISY -DDEBUG_RCTEST -D_GNU_SOURCE -D__UAPI_DEF_ETHHDR -DRALINK_DBDC_MODE -pipe -funit-at-a-time -Wno-pointer-sign -mtune=mips32 -mips32 -DLINUX_KERNEL_VERSION=263366 --sysroot=/opt/lede-toolchain-ramips-mt7621_gcc-5.4.0_musl-1.1.24.Linux-x86_64/toolchain-mipsel_24kc_gcc-5.4.0_musl-1.1.24  -I/repo/Pass_GPL/asuswrt/release/src-ra-openwrt-4210/router/pppd/include -idirafter /repo/Pass_GPL/asuswrt/release/src-ra-openwrt-4210/router/kernel_header/include  conftest.c >&5
configure:3637: $? = 0
configure:3637: result: yes
configure:3637: checking for stdint.h
configure:3637: /opt/lede-toolchain-ramips-mt7621_gcc-5.4.0_musl-1.1.24.Linux-x86_64/toolchain-mipsel_24kc_gcc-5.4.0_musl-1.1.24/bin/mipsel-openwrt-linux-musl-gcc -c -g -O2 -DLINUX26 -DCONFIG_RALINK -DMUSL_LIBC -DDEBUG_NOISY -DDEBUG_RCTEST -D_GNU_SOURCE -D__UAPI_DEF_ETHHDR -DRALINK_DBDC_MODE -pipe -funit-at-a-time -Wno-pointer-sign -mtune=mips32 -mips32 -DLINUX_KERNEL_VERSION=263366 --sysroot=/opt/lede-toolchain-ramips-mt7621_gcc-5.4.0_musl-1.1.24.Linux-x86_64/toolchain-mipsel_24kc_gcc-5.4.0_musl-1.1.24  -I/repo/Pass_GPL/asuswrt/release/src-ra-openwrt-4210/router/pppd/include -idirafter /repo/Pass_GPL/asuswrt/release/src-ra-openwrt-4210/router/kernel_header/include  conftest.c >&5
configure:3637: $? = 0
configure:3637: result: yes
configure:3637: checking for unistd.h
configure:3637: /opt/lede-toolchain-ramips-mt7621_gcc-5.4.0_musl-1.1.24.Linux-x86_64/toolchain-mipsel_24kc_gcc-5.4.0_musl-1.1.24/bin/mipsel-openwrt-linux-musl-gcc -c -g -O2 -DLINUX26 -DCONFIG_RALINK -DMUSL_LIBC -DDEBUG_NOISY -DDEBUG_RCTEST -D_GNU_SOURCE -D__UAPI_DEF_ETHHDR -DRALINK_DBDC_MODE -pipe -funit-at-a-time -Wno-pointer-sign -mtune=mips32 -mips32 -DLINUX_KERNEL_VERSION=263366 --sysroot=/opt/lede-toolchain-ramips-mt7621_gcc-5.4.0_musl-1.1.24.Linux-x86_64/toolchain-mipsel_24kc_gcc-5.4.0_musl-1.1.24  -I/repo/Pass_GPL/asuswrt/release/src-ra-openwrt-4210/router/pppd/include -idirafter /repo/Pass_GPL/asuswrt/release/src-ra-openwrt-4210/router/kernel_header/include  conftest.c >&5
configure:3637: $? = 0
configure:3637: result: yes
configure:3652: checking fcntl.h usability
configure:3652: /opt/lede-toolchain-ramips-mt7621_gcc-5.4.0_musl-1.1.24.Linux-x86_64/toolchain-mipsel_24kc_gcc-5.4.0_musl-1.1.24/bin/mipsel-openwrt-linux-musl-gcc -c -g -O2 -DLINUX26 -DCONFIG_RALINK -DMUSL_LIBC -DDEBUG_NOISY -DDEBUG_RCTEST -D_GNU_SOURCE -D__UAPI_DEF_ETHHDR -DRALINK_DBDC_MODE -pipe -funit-at-a-time -Wno-pointer-sign -mtune=mips32 -mips32 -DLINUX_KERNEL_VERSION=263366 --sysroot=/opt/lede-toolchain-ramips-mt7621_gcc-5.4.0_musl-1.1.24.Linux-x86_64/toolchain-mipsel_24kc_gcc-5.4.0_musl-1.1.24  -I/repo/Pass_GPL/asuswrt/release/src-ra-openwrt-4210/router/pppd/include -idirafter /repo/Pass_GPL/asuswrt/release/src-ra-openwrt-4210/router/kernel_header/include  conftest.c >&5
configure:3652: $? = 0
configure:3652: result: yes
configure:3652: checking fcntl.h presence
configure:3652: /opt/lede-toolchain-ramips-mt7621_gcc-5.4.0_musl-1.1.24.Linux-x86_64/toolchain-mipsel_24kc_gcc-5.4.0_musl-1.1.24/bin/mipsel-openwrt-linux-musl-gcc -E  conftest.c
configure:3652: $? = 0
configure:3652: result: yes
configure:3652: checking for fcntl.h
configure:3652: result: yes
configure:3652: checking sys/dlpi.h usability
configure:3652: /opt/lede-toolchain-ramips-mt7621_gcc-5.4.0_musl-1.1.24.Linux-x86_64/toolchain-mipsel_24kc_gcc-5.4.0_musl-1.1.24/bin/mipsel-openwrt-linux-musl-gcc -c -g -O2 -DLINUX26 -DCONFIG_RALINK -DMUSL_LIBC -DDEBUG_NOISY -DDEBUG_RCTEST -D_GNU_SOURCE -D__UAPI_DEF_ETHHDR -DRALINK_DBDC_MODE -pipe -funit-at-a-time -Wno-pointer-sign -mtune=mips32 -mips32 -DLINUX_KERNEL_VERSION=263366 --sysroot=/opt/lede-toolchain-ramips-mt7621_gcc-5.4.0_musl-1.1.24.Linux-x86_64/toolchain-mipsel_24kc_gcc-5.4.0_musl-1.1.24  -I/repo/Pass_GPL/asuswrt/release/src-ra-openwrt-4210/router/pppd/include -idirafter /repo/Pass_GPL/asuswrt/release/src-ra-openwrt-4210/router/kernel_header/include  conftest.c >&5
conftest.c:54:22: fatal error: sys/dlpi.h: No such file or directory
compilation terminated.
configure:3652: $? = 1
configure: failed program was:
| /* confdefs.h */
| #define PACKAGE_NAME ""
| #define PACKAGE_TARNAME ""
| #define PACKAGE_VERSION ""
| #define PACKAGE_STRING ""
| #define PACKAGE_BUGREPORT ""
| #define PACKAGE_URL ""
| #define STDC_HEADERS 1
| #define HAVE_SYS_WAIT_H 1
| #define HAVE_SYS_TYPES_H 1
| #define HAVE_SYS_STAT_H 1
| #define HAVE_STDLIB_H 1
| #define HAVE_STRING_H 1
| #define HAVE_MEMORY_H 1
| #define HAVE_STRINGS_H 1
| #define HAVE_INTTYPES_H 1
| #define HAVE_STDINT_H 1
| #define HAVE_UNISTD_H 1
| #define HAVE_FCNTL_H 1
| /* end confdefs.h.  */
| #include <stdio.h>
| #ifdef HAVE_SYS_TYPES_H
| # include <sys/types.h>
| #endif
| #ifdef HAVE_SYS_STAT_H
| # include <sys/stat.h>
| #endif
| #ifdef STDC_HEADERS
| # include <stdlib.h>
| # include <stddef.h>
| #else
| # ifdef HAVE_STDLIB_H
| #  include <stdlib.h>
| # endif
| #endif
| #ifdef HAVE_STRING_H
| # if !defined STDC_HEADERS && defined HAVE_MEMORY_H
| #  include <memory.h>
| # endif
| # include <string.h>
| #endif
| #ifdef HAVE_STRINGS_H
| # include <strings.h>
| #endif
| #ifdef HAVE_INTTYPES_H
| # include <inttypes.h>
| #endif
| #ifdef HAVE_STDINT_H
| # include <stdint.h>
| #endif
| #ifdef HAVE_UNISTD_H
| # include <unistd.h>
| #endif
| #include <sys/dlpi.h>
configure:3652: result: no
configure:3652: checking sys/dlpi.h presence
configure:3652: /opt/lede-toolchain-ramips-mt7621_gcc-5.4.0_musl-1.1.24.Linux-x86_64/toolchain-mipsel_24kc_gcc-5.4.0_musl-1.1.24/bin/mipsel-openwrt-linux-musl-gcc -E  conftest.c
conftest.c:21:22: fatal error: sys/dlpi.h: No such file or directory
compilation terminated.
configure:3652: $? = 1
configure: failed program was:
| /* confdefs.h */
| #define PACKAGE_NAME ""
| #define PACKAGE_TARNAME ""
| #define PACKAGE_VERSION ""
| #define PACKAGE_STRING ""
| #define PACKAGE_BUGREPORT ""
| #define PACKAGE_URL ""
| #define STDC_HEADERS 1
| #define HAVE_SYS_WAIT_H 1
| #define HAVE_SYS_TYPES_H 1
| #define HAVE_SYS_STAT_H 1
| #define HAVE_STDLIB_H 1
| #define HAVE_STRING_H 1
| #define HAVE_MEMORY_H 1
| #define HAVE_STRINGS_H 1
| #define HAVE_INTTYPES_H 1
| #define HAVE_STDINT_H 1
| #define HAVE_UNISTD_H 1
| #define HAVE_FCNTL_H 1
| /* end confdefs.h.  */
| #include <sys/dlpi.h>
configure:3652: result: no
configure:3652: checking for sys/dlpi.h
configure:3652: result: no
configure:3652: checking sys/ioctl.h usability
configure:3652: /opt/lede-toolchain-ramips-mt7621_gcc-5.4.0_musl-1.1.24.Linux-x86_64/toolchain-mipsel_24kc_gcc-5.4.0_musl-1.1.24/bin/mipsel-openwrt-linux-musl-gcc -c -g -O2 -DLINUX26 -DCONFIG_RALINK -DMUSL_LIBC -DDEBUG_NOISY -DDEBUG_RCTEST -D_GNU_SOURCE -D__UAPI_DEF_ETHHDR -DRALINK_DBDC_MODE -pipe -funit-at-a-time -Wno-pointer-sign -mtune=mips32 -mips32 -DLINUX_KERNEL_VERSION=263366 --sysroot=/opt/lede-toolchain-ramips-mt7621_gcc-5.4.0_musl-1.1.24.Linux-x86_64/toolchain-mipsel_24kc_gcc-5.4.0_musl-1.1.24  -I/repo/Pass_GPL/asuswrt/release/src-ra-openwrt-4210/router/pppd/include -idirafter /repo/Pass_GPL/asuswrt/release/src-ra-openwrt-4210/router/kernel_header/include  conftest.c >&5
configure:3652: $? = 0
configure:3652: result: yes
configure:3652: checking sys/ioctl.h presence
configure:3652: /opt/lede-toolchain-ramips-mt7621_gcc-5.4.0_musl-1.1.24.Linux-x86_64/toolchain-mipsel_24kc_gcc-5.4.0_musl-1.1.24/bin/mipsel-openwrt-linux-musl-gcc -E  conftest.c
configure:3652: $? = 0
configure:3652: result: yes
configure:3652: checking for sys/ioctl.h
configure:3652: result: yes
configure:3652: checking sys/time.h usability
configure:3652: /opt/lede-toolchain-ramips-mt7621_gcc-5.4.0_musl-1.1.24.Linux-x86_64/toolchain-mipsel_24kc_gcc-5.4.0_musl-1.1.24/bin/mipsel-openwrt-linux-musl-gcc -c -g -O2 -DLINUX26 -DCONFIG_RALINK -DMUSL_LIBC -DDEBUG_NOISY -DDEBUG_RCTEST -D_GNU_SOURCE -D__UAPI_DEF_ETHHDR -DRALINK_DBDC_MODE -pipe -funit-at-a-time -Wno-pointer-sign -mtune=mips32 -mips32 -DLINUX_KERNEL_VERSION=263366 --sysroot=/opt/lede-toolchain-ramips-mt7621_gcc-5.4.0_musl-1.1.24.Linux-x86_64/toolchain-mipsel_24kc_gcc-5.4.0_musl-1.1.24  -I/repo/Pass_GPL/asuswrt/release/src-ra-openwrt-4210/router/pppd/include -idirafter /repo/Pass_GPL/asuswrt/release/src-ra-openwrt-4210/router/kernel_header/include  conftest.c >&5
configure:3652: $? = 0
configure:3652: result: yes
configure:3652: checking sys/time.h presence
configure:3652: /opt/lede-toolchain-ramips-mt7621_gcc-5.4.0_musl-1.1.24.Linux-x86_64/toolchain-mipsel_24kc_gcc-5.4.0_musl-1.1.24/bin/mipsel-openwrt-linux-musl-gcc -E  conftest.c
configure:3652: $? = 0
configure:3652: result: yes
configure:3652: checking for sys/time.h
configure:3652: result: yes
configure:3652: checking syslog.h usability
configure:3652: /opt/lede-toolchain-ramips-mt7621_gcc-5.4.0_musl-1.1.24.Linux-x86_64/toolchain-mipsel_24kc_gcc-5.4.0_musl-1.1.24/bin/mipsel-openwrt-linux-musl-gcc -c -g -O2 -DLINUX26 -DCONFIG_RALINK -DMUSL_LIBC -DDEBUG_NOISY -DDEBUG_RCTEST -D_GNU_SOURCE -D__UAPI_DEF_ETHHDR -DRALINK_DBDC_MODE -pipe -funit-at-a-time -Wno-pointer-sign -mtune=mips32 -mips32 -DLINUX_KERNEL_VERSION=263366 --sysroot=/opt/lede-toolchain-ramips-mt7621_gcc-5.4.0_musl-1.1.24.Linux-x86_64/toolchain-mipsel_24kc_gcc-5.4.0_musl-1.1.24  -I/repo/Pass_GPL/asuswrt/release/src-ra-openwrt-4210/router/pppd/include -idirafter /repo/Pass_GPL/asuswrt/release/src-ra-openwrt-4210/router/kernel_header/include  conftest.c >&5
configure:3652: $? = 0
configure:3652: result: yes
configure:3652: checking syslog.h presence
configure:3652: /opt/lede-toolchain-ramips-mt7621_gcc-5.4.0_musl-1.1.24.Linux-x86_64/toolchain-mipsel_24kc_gcc-5.4.0_musl-1.1.24/bin/mipsel-openwrt-linux-musl-gcc -E  conftest.c
configure:3652: $? = 0
configure:3652: result: yes
configure:3652: checking for syslog.h
configure:3652: result: yes
configure:3652: checking for unistd.h
configure:3652: result: yes
configure:3652: checking net/if_arp.h usability
configure:3652: /opt/lede-toolchain-ramips-mt7621_gcc-5.4.0_musl-1.1.24.Linux-x86_64/toolchain-mipsel_24kc_gcc-5.4.0_musl-1.1.24/bin/mipsel-openwrt-linux-musl-gcc -c -g -O2 -DLINUX26 -DCONFIG_RALINK -DMUSL_LIBC -DDEBUG_NOISY -DDEBUG_RCTEST -D_GNU_SOURCE -D__UAPI_DEF_ETHHDR -DRALINK_DBDC_MODE -pipe -funit-at-a-time -Wno-pointer-sign -mtune=mips32 -mips32 -DLINUX_KERNEL_VERSION=263366 --sysroot=/opt/lede-toolchain-ramips-mt7621_gcc-5.4.0_musl-1.1.24.Linux-x86_64/toolchain-mipsel_24kc_gcc-5.4.0_musl-1.1.24  -I/repo/Pass_GPL/asuswrt/release/src-ra-openwrt-4210/router/pppd/include -idirafter /repo/Pass_GPL/asuswrt/release/src-ra-openwrt-4210/router/kernel_header/include  conftest.c >&5
configure:3652: $? = 0
configure:3652: result: yes
configure:3652: checking net/if_arp.h presence
configure:3652: /opt/lede-toolchain-ramips-mt7621_gcc-5.4.0_musl-1.1.24.Linux-x86_64/toolchain-mipsel_24kc_gcc-5.4.0_musl-1.1.24/bin/mipsel-openwrt-linux-musl-gcc -E  conftest.c
configure:3652: $? = 0
configure:3652: result: yes
configure:3652: checking for net/if_arp.h
configure:3652: result: yes
configure:3652: checking for netinet/if_ether.h
configure:3652: result: no
configure:3652: checking getopt.h usability
configure:3652: /opt/lede-toolchain-ramips-mt7621_gcc-5.4.0_musl-1.1.24.Linux-x86_64/toolchain-mipsel_24kc_gcc-5.4.0_musl-1.1.24/bin/mipsel-openwrt-linux-musl-gcc -c -g -O2 -DLINUX26 -DCONFIG_RALINK -DMUSL_LIBC -DDEBUG_NOISY -DDEBUG_RCTEST -D_GNU_SOURCE -D__UAPI_DEF_ETHHDR -DRALINK_DBDC_MODE -pipe -funit-at-a-time -Wno-pointer-sign -mtune=mips32 -mips32 -DLINUX_KERNEL_VERSION=263366 --sysroot=/opt/lede-toolchain-ramips-mt7621_gcc-5.4.0_musl-1.1.24.Linux-x86_64/toolchain-mipsel_24kc_gcc-5.4.0_musl-1.1.24  -I/repo/Pass_GPL/asuswrt/release/src-ra-openwrt-4210/router/pppd/include -idirafter /repo/Pass_GPL/asuswrt/release/src-ra-openwrt-4210/router/kernel_header/include  conftest.c >&5
configure:3652: $? = 0
configure:3652: result: yes
configure:3652: checking getopt.h presence
configure:3652: /opt/lede-toolchain-ramips-mt7621_gcc-5.4.0_musl-1.1.24.Linux-x86_64/toolchain-mipsel_24kc_gcc-5.4.0_musl-1.1.24/bin/mipsel-openwrt-linux-musl-gcc -E  conftest.c
configure:3652: $? = 0
configure:3652: result: yes
configure:3652: checking for getopt.h
configure:3652: result: yes
configure:3652: checking sys/uio.h usability
configure:3652: /opt/lede-toolchain-ramips-mt7621_gcc-5.4.0_musl-1.1.24.Linux-x86_64/toolchain-mipsel_24kc_gcc-5.4.0_musl-1.1.24/bin/mipsel-openwrt-linux-musl-gcc -c -g -O2 -DLINUX26 -DCONFIG_RALINK -DMUSL_LIBC -DDEBUG_NOISY -DDEBUG_RCTEST -D_GNU_SOURCE -D__UAPI_DEF_ETHHDR -DRALINK_DBDC_MODE -pipe -funit-at-a-time -Wno-pointer-sign -mtune=mips32 -mips32 -DLINUX_KERNEL_VERSION=263366 --sysroot=/opt/lede-toolchain-ramips-mt7621_gcc-5.4.0_musl-1.1.24.Linux-x86_64/toolchain-mipsel_24kc_gcc-5.4.0_musl-1.1.24  -I/repo/Pass_GPL/asuswrt/release/src-ra-openwrt-4210/router/pppd/include -idirafter /repo/Pass_GPL/asuswrt/release/src-ra-openwrt-4210/router/kernel_header/include  conftest.c >&5
configure:3652: $? = 0
configure:3652: result: yes
configure:3652: checking sys/uio.h presence
configure:3652: /opt/lede-toolchain-ramips-mt7621_gcc-5.4.0_musl-1.1.24.Linux-x86_64/toolchain-mipsel_24kc_gcc-5.4.0_musl-1.1.24/bin/mipsel-openwrt-linux-musl-gcc -E  conftest.c
configure:3652: $? = 0
configure:3652: result: yes
configure:3652: checking for sys/uio.h
configure:3652: result: yes
configure:3652: checking sys/param.h usability
configure:3652: /opt/lede-toolchain-ramips-mt7621_gcc-5.4.0_musl-1.1.24.Linux-x86_64/toolchain-mipsel_24kc_gcc-5.4.0_musl-1.1.24/bin/mipsel-openwrt-linux-musl-gcc -c -g -O2 -DLINUX26 -DCONFIG_RALINK -DMUSL_LIBC -DDEBUG_NOISY -DDEBUG_RCTEST -D_GNU_SOURCE -D__UAPI_DEF_ETHHDR -DRALINK_DBDC_MODE -pipe -funit-at-a-time -Wno-pointer-sign -mtune=mips32 -mips32 -DLINUX_KERNEL_VERSION=263366 --sysroot=/opt/lede-toolchain-ramips-mt7621_gcc-5.4.0_musl-1.1.24.Linux-x86_64/toolchain-mipsel_24kc_gcc-5.4.0_musl-1.1.24  -I/repo/Pass_GPL/asuswrt/release/src-ra-openwrt-4210/router/pppd/include -idirafter /repo/Pass_GPL/asuswrt/release/src-ra-openwrt-4210/router/kernel_header/include  conftest.c >&5
configure:3652: $? = 0
configure:3652: result: yes
configure:3652: checking sys/param.h presence
configure:3652: /opt/lede-toolchain-ramips-mt7621_gcc-5.4.0_musl-1.1.24.Linux-x86_64/toolchain-mipsel_24kc_gcc-5.4.0_musl-1.1.24/bin/mipsel-openwrt-linux-musl-gcc -E  conftest.c
configure:3652: $? = 0
configure:3652: result: yes
configure:3652: checking for sys/param.h
configure:3652: result: yes
configure:3652: checking for fcntl.h
configure:3652: result: yes
configure:3652: checking net/bpf.h usability
configure:3652: /opt/lede-toolchain-ramips-mt7621_gcc-5.4.0_musl-1.1.24.Linux-x86_64/toolchain-mipsel_24kc_gcc-5.4.0_musl-1.1.24/bin/mipsel-openwrt-linux-musl-gcc -c -g -O2 -DLINUX26 -DCONFIG_RALINK -DMUSL_LIBC -DDEBUG_NOISY -DDEBUG_RCTEST -D_GNU_SOURCE -D__UAPI_DEF_ETHHDR -DRALINK_DBDC_MODE -pipe -funit-at-a-time -Wno-pointer-sign -mtune=mips32 -mips32 -DLINUX_KERNEL_VERSION=263366 --sysroot=/opt/lede-toolchain-ramips-mt7621_gcc-5.4.0_musl-1.1.24.Linux-x86_64/toolchain-mipsel_24kc_gcc-5.4.0_musl-1.1.24  -I/repo/Pass_GPL/asuswrt/release/src-ra-openwrt-4210/router/pppd/include -idirafter /repo/Pass_GPL/asuswrt/release/src-ra-openwrt-4210/router/kernel_header/include  conftest.c >&5
conftest.c:63:21: fatal error: net/bpf.h: No such file or directory
compilation terminated.
configure:3652: $? = 1
configure: failed program was:
| /* confdefs.h */
| #define PACKAGE_NAME ""
| #define PACKAGE_TARNAME ""
| #define PACKAGE_VERSION ""
| #define PACKAGE_STRING ""
| #define PACKAGE_BUGREPORT ""
| #define PACKAGE_URL ""
| #define STDC_HEADERS 1
| #define HAVE_SYS_WAIT_H 1
| #define HAVE_SYS_TYPES_H 1
| #define HAVE_SYS_STAT_H 1
| #define HAVE_STDLIB_H 1
| #define HAVE_STRING_H 1
| #define HAVE_MEMORY_H 1
| #define HAVE_STRINGS_H 1
| #define HAVE_INTTYPES_H 1
| #define HAVE_STDINT_H 1
| #define HAVE_UNISTD_H 1
| #define HAVE_FCNTL_H 1
| #define HAVE_SYS_IOCTL_H 1
| #define HAVE_SYS_TIME_H 1
| #define HAVE_SYSLOG_H 1
| #define HAVE_UNISTD_H 1
| #define HAVE_NET_IF_ARP_H 1
| #define HAVE_GETOPT_H 1
| #define HAVE_SYS_UIO_H 1
| #define HAVE_SYS_PARAM_H 1
| #define HAVE_FCNTL_H 1
| /* end confdefs.h.  */
| #include <stdio.h>
| #ifdef HAVE_SYS_TYPES_H
| # include <sys/types.h>
| #endif
| #ifdef HAVE_SYS_STAT_H
| # include <sys/stat.h>
| #endif
| #ifdef STDC_HEADERS
| # include <stdlib.h>
| # include <stddef.h>
| #else
| # ifdef HAVE_STDLIB_H
| #  include <stdlib.h>
| # endif
| #endif
| #ifdef HAVE_STRING_H
| # if !defined STDC_HEADERS && defined HAVE_MEMORY_H
| #  include <memory.h>
| # endif
| # include <string.h>
| #endif
| #ifdef HAVE_STRINGS_H
| # include <strings.h>
| #endif
| #ifdef HAVE_INTTYPES_H
| # include <inttypes.h>
| #endif
| #ifdef HAVE_STDINT_H
| # include <stdint.h>
| #endif
| #ifdef HAVE_UNISTD_H
| # include <unistd.h>
| #endif
| #include <net/bpf.h>
configure:3652: result: no
configure:3652: checking net/bpf.h presence
configure:3652: /opt/lede-toolchain-ramips-mt7621_gcc-5.4.0_musl-1.1.24.Linux-x86_64/toolchain-mipsel_24kc_gcc-5.4.0_musl-1.1.24/bin/mipsel-openwrt-linux-musl-gcc -E  conftest.c
conftest.c:30:21: fatal error: net/bpf.h: No such file or directory
compilation terminated.
configure:3652: $? = 1
configure: failed program was:
| /* confdefs.h */
| #define PACKAGE_NAME ""
| #define PACKAGE_TARNAME ""
| #define PACKAGE_VERSION ""
| #define PACKAGE_STRING ""
| #define PACKAGE_BUGREPORT ""
| #define PACKAGE_URL ""
| #define STDC_HEADERS 1
| #define HAVE_SYS_WAIT_H 1
| #define HAVE_SYS_TYPES_H 1
| #define HAVE_SYS_STAT_H 1
| #define HAVE_STDLIB_H 1
| #define HAVE_STRING_H 1
| #define HAVE_MEMORY_H 1
| #define HAVE_STRINGS_H 1
| #define HAVE_INTTYPES_H 1
| #define HAVE_STDINT_H 1
| #define HAVE_UNISTD_H 1
| #define HAVE_FCNTL_H 1
| #define HAVE_SYS_IOCTL_H 1
| #define HAVE_SYS_TIME_H 1
| #define HAVE_SYSLOG_H 1
| #define HAVE_UNISTD_H 1
| #define HAVE_NET_IF_ARP_H 1
| #define HAVE_GETOPT_H 1
| #define HAVE_SYS_UIO_H 1
| #define HAVE_SYS_PARAM_H 1
| #define HAVE_FCNTL_H 1
| /* end confdefs.h.  */
| #include <net/bpf.h>
configure:3652: result: no
configure:3652: checking for net/bpf.h
configure:3652: result: no
configure:3652: checking netpacket/packet.h usability
configure:3652: /opt/lede-toolchain-ramips-mt7621_gcc-5.4.0_musl-1.1.24.Linux-x86_64/toolchain-mipsel_24kc_gcc-5.4.0_musl-1.1.24/bin/mipsel-openwrt-linux-musl-gcc -c -g -O2 -DLINUX26 -DCONFIG_RALINK -DMUSL_LIBC -DDEBUG_NOISY -DDEBUG_RCTEST -D_GNU_SOURCE -D__UAPI_DEF_ETHHDR -DRALINK_DBDC_MODE -pipe -funit-at-a-time -Wno-pointer-sign -mtune=mips32 -mips32 -DLINUX_KERNEL_VERSION=263366 --sysroot=/opt/lede-toolchain-ramips-mt7621_gcc-5.4.0_musl-1.1.24.Linux-x86_64/toolchain-mipsel_24kc_gcc-5.4.0_musl-1.1.24  -I/repo/Pass_GPL/asuswrt/release/src-ra-openwrt-4210/router/pppd/include -idirafter /repo/Pass_GPL/asuswrt/release/src-ra-openwrt-4210/router/kernel_header/include  conftest.c >&5
configure:3652: $? = 0
configure:3652: result: yes
configure:3652: checking netpacket/packet.h presence
configure:3652: /opt/lede-toolchain-ramips-mt7621_gcc-5.4.0_musl-1.1.24.Linux-x86_64/toolchain-mipsel_24kc_gcc-5.4.0_musl-1.1.24/bin/mipsel-openwrt-linux-musl-gcc -E  conftest.c
configure:3652: $? = 0
configure:3652: result: yes
configure:3652: checking for netpacket/packet.h
configure:3652: result: yes
configure:3652: checking for net/ethernet.h
configure:3652: result: no
configure:3652: checking asm/types.h usability
configure:3652: /opt/lede-toolchain-ramips-mt7621_gcc-5.4.0_musl-1.1.24.Linux-x86_64/toolchain-mipsel_24kc_gcc-5.4.0_musl-1.1.24/bin/mipsel-openwrt-linux-musl-gcc -c -g -O2 -DLINUX26 -DCONFIG_RALINK -DMUSL_LIBC -DDEBUG_NOISY -DDEBUG_RCTEST -D_GNU_SOURCE -D__UAPI_DEF_ETHHDR -DRALINK_DBDC_MODE -pipe -funit-at-a-time -Wno-pointer-sign -mtune=mips32 -mips32 -DLINUX_KERNEL_VERSION=263366 --sysroot=/opt/lede-toolchain-ramips-mt7621_gcc-5.4.0_musl-1.1.24.Linux-x86_64/toolchain-mipsel_24kc_gcc-5.4.0_musl-1.1.24  -I/repo/Pass_GPL/asuswrt/release/src-ra-openwrt-4210/router/pppd/include -idirafter /repo/Pass_GPL/asuswrt/release/src-ra-openwrt-4210/router/kernel_header/include  conftest.c >&5
configure:3652: $? = 0
configure:3652: result: yes
configure:3652: checking asm/types.h presence
configure:3652: /opt/lede-toolchain-ramips-mt7621_gcc-5.4.0_musl-1.1.24.Linux-x86_64/toolchain-mipsel_24kc_gcc-5.4.0_musl-1.1.24/bin/mipsel-openwrt-linux-musl-gcc -E  conftest.c
configure:3652: $? = 0
configure:3652: result: yes
configure:3652: checking for asm/types.h
configure:3652: result: yes
configure:3652: checking linux/if_packet.h usability
configure:3652: /opt/lede-toolchain-ramips-mt7621_gcc-5.4.0_musl-1.1.24.Linux-x86_64/toolchain-mipsel_24kc_gcc-5.4.0_musl-1.1.24/bin/mipsel-openwrt-linux-musl-gcc -c -g -O2 -DLINUX26 -DCONFIG_RALINK -DMUSL_LIBC -DDEBUG_NOISY -DDEBUG_RCTEST -D_GNU_SOURCE -D__UAPI_DEF_ETHHDR -DRALINK_DBDC_MODE -pipe -funit-at-a-time -Wno-pointer-sign -mtune=mips32 -mips32 -DLINUX_KERNEL_VERSION=263366 --sysroot=/opt/lede-toolchain-ramips-mt7621_gcc-5.4.0_musl-1.1.24.Linux-x86_64/toolchain-mipsel_24kc_gcc-5.4.0_musl-1.1.24  -I/repo/Pass_GPL/asuswrt/release/src-ra-openwrt-4210/router/pppd/include -idirafter /repo/Pass_GPL/asuswrt/release/src-ra-openwrt-4210/router/kernel_header/include  conftest.c >&5
configure:3652: $? = 0
configure:3652: result: yes
configure:3652: checking linux/if_packet.h presence
configure:3652: /opt/lede-toolchain-ramips-mt7621_gcc-5.4.0_musl-1.1.24.Linux-x86_64/toolchain-mipsel_24kc_gcc-5.4.0_musl-1.1.24/bin/mipsel-openwrt-linux-musl-gcc -E  conftest.c
configure:3652: $? = 0
configure:3652: result: yes
configure:3652: checking for linux/if_packet.h
configure:3652: result: yes
configure:3652: checking for linux/if_ether.h
configure:3652: result: yes
configure:3652: checking sys/socket.h usability
configure:3652: /opt/lede-toolchain-ramips-mt7621_gcc-5.4.0_musl-1.1.24.Linux-x86_64/toolchain-mipsel_24kc_gcc-5.4.0_musl-1.1.24/bin/mipsel-openwrt-linux-musl-gcc -c -g -O2 -DLINUX26 -DCONFIG_RALINK -DMUSL_LIBC -DDEBUG_NOISY -DDEBUG_RCTEST -D_GNU_SOURCE -D__UAPI_DEF_ETHHDR -DRALINK_DBDC_MODE -pipe -funit-at-a-time -Wno-pointer-sign -mtune=mips32 -mips32 -DLINUX_KERNEL_VERSION=263366 --sysroot=/opt/lede-toolchain-ramips-mt7621_gcc-5.4.0_musl-1.1.24.Linux-x86_64/toolchain-mipsel_24kc_gcc-5.4.0_musl-1.1.24  -I/repo/Pass_GPL/asuswrt/release/src-ra-openwrt-4210/router/pppd/include -idirafter /repo/Pass_GPL/asuswrt/release/src-ra-openwrt-4210/router/kernel_header/include  conftest.c >&5
configure:3652: $? = 0
configure:3652: result: yes
configure:3652: checking sys/socket.h presence
configure:3652: /opt/lede-toolchain-ramips-mt7621_gcc-5.4.0_musl-1.1.24.Linux-x86_64/toolchain-mipsel_24kc_gcc-5.4.0_musl-1.1.24/bin/mipsel-openwrt-linux-musl-gcc -E  conftest.c
configure:3652: $? = 0
configure:3652: result: yes
configure:3652: checking for sys/socket.h
configure:3652: result: yes
configure:3652: checking sys/cdefs.h usability
configure:3652: /opt/lede-toolchain-ramips-mt7621_gcc-5.4.0_musl-1.1.24.Linux-x86_64/toolchain-mipsel_24kc_gcc-5.4.0_musl-1.1.24/bin/mipsel-openwrt-linux-musl-gcc -c -g -O2 -DLINUX26 -DCONFIG_RALINK -DMUSL_LIBC -DDEBUG_NOISY -DDEBUG_RCTEST -D_GNU_SOURCE -D__UAPI_DEF_ETHHDR -DRALINK_DBDC_MODE -pipe -funit-at-a-time -Wno-pointer-sign -mtune=mips32 -mips32 -DLINUX_KERNEL_VERSION=263366 --sysroot=/opt/lede-toolchain-ramips-mt7621_gcc-5.4.0_musl-1.1.24.Linux-x86_64/toolchain-mipsel_24kc_gcc-5.4.0_musl-1.1.24  -I/repo/Pass_GPL/asuswrt/release/src-ra-openwrt-4210/router/pppd/include -idirafter /repo/Pass_GPL/asuswrt/release/src-ra-openwrt-4210/router/kernel_header/include  conftest.c >&5
configure:3652: $? = 0
configure:3652: result: yes
configure:3652: checking sys/cdefs.h presence
configure:3652: /opt/lede-toolchain-ramips-mt7621_gcc-5.4.0_musl-1.1.24.Linux-x86_64/toolchain-mipsel_24kc_gcc-5.4.0_musl-1.1.24/bin/mipsel-openwrt-linux-musl-gcc -E  conftest.c
configure:3652: $? = 0
configure:3652: result: yes
configure:3652: checking for sys/cdefs.h
configure:3652: result: yes
configure:3652: checking net/if.h usability
configure:3652: /opt/lede-toolchain-ramips-mt7621_gcc-5.4.0_musl-1.1.24.Linux-x86_64/toolchain-mipsel_24kc_gcc-5.4.0_musl-1.1.24/bin/mipsel-openwrt-linux-musl-gcc -c -g -O2 -DLINUX26 -DCONFIG_RALINK -DMUSL_LIBC -DDEBUG_NOISY -DDEBUG_RCTEST -D_GNU_SOURCE -D__UAPI_DEF_ETHHDR -DRALINK_DBDC_MODE -pipe -funit-at-a-time -Wno-pointer-sign -mtune=mips32 -mips32 -DLINUX_KERNEL_VERSION=263366 --sysroot=/opt/lede-toolchain-ramips-mt7621_gcc-5.4.0_musl-1.1.24.Linux-x86_64/toolchain-mipsel_24kc_gcc-5.4.0_musl-1.1.24  -I/repo/Pass_GPL/asuswrt/release/src-ra-openwrt-4210/router/pppd/include -idirafter /repo/Pass_GPL/asuswrt/release/src-ra-openwrt-4210/router/kernel_header/include  conftest.c >&5
configure:3652: $? = 0
configure:3652: result: yes
configure:3652: checking net/if.h presence
configure:3652: /opt/lede-toolchain-ramips-mt7621_gcc-5.4.0_musl-1.1.24.Linux-x86_64/toolchain-mipsel_24kc_gcc-5.4.0_musl-1.1.24/bin/mipsel-openwrt-linux-musl-gcc -E  conftest.c
configure:3652: $? = 0
configure:3652: result: yes
configure:3652: checking for net/if.h
configure:3652: result: yes
configure:3652: checking net/if_dl.h usability
configure:3652: /opt/lede-toolchain-ramips-mt7621_gcc-5.4.0_musl-1.1.24.Linux-x86_64/toolchain-mipsel_24kc_gcc-5.4.0_musl-1.1.24/bin/mipsel-openwrt-linux-musl-gcc -c -g -O2 -DLINUX26 -DCONFIG_RALINK -DMUSL_LIBC -DDEBUG_NOISY -DDEBUG_RCTEST -D_GNU_SOURCE -D__UAPI_DEF_ETHHDR -DRALINK_DBDC_MODE -pipe -funit-at-a-time -Wno-pointer-sign -mtune=mips32 -mips32 -DLINUX_KERNEL_VERSION=263366 --sysroot=/opt/lede-toolchain-ramips-mt7621_gcc-5.4.0_musl-1.1.24.Linux-x86_64/toolchain-mipsel_24kc_gcc-5.4.0_musl-1.1.24  -I/repo/Pass_GPL/asuswrt/release/src-ra-openwrt-4210/router/pppd/include -idirafter /repo/Pass_GPL/asuswrt/release/src-ra-openwrt-4210/router/kernel_header/include  conftest.c >&5
conftest.c:70:23: fatal error: net/if_dl.h: No such file or directory
compilation terminated.
configure:3652: $? = 1
configure: failed program was:
| /* confdefs.h */
| #define PACKAGE_NAME ""
| #define PACKAGE_TARNAME ""
| #define PACKAGE_VERSION ""
| #define PACKAGE_STRING ""
| #define PACKAGE_BUGREPORT ""
| #define PACKAGE_URL ""
| #define STDC_HEADERS 1
| #define HAVE_SYS_WAIT_H 1
| #define HAVE_SYS_TYPES_H 1
| #define HAVE_SYS_STAT_H 1
| #define HAVE_STDLIB_H 1
| #define HAVE_STRING_H 1
| #define HAVE_MEMORY_H 1
| #define HAVE_STRINGS_H 1
| #define HAVE_INTTYPES_H 1
| #define HAVE_STDINT_H 1
| #define HAVE_UNISTD_H 1
| #define HAVE_FCNTL_H 1
| #define HAVE_SYS_IOCTL_H 1
| #define HAVE_SYS_TIME_H 1
| #define HAVE_SYSLOG_H 1
| #define HAVE_UNISTD_H 1
| #define HAVE_NET_IF_ARP_H 1
| #define HAVE_GETOPT_H 1
| #define HAVE_SYS_UIO_H 1
| #define HAVE_SYS_PARAM_H 1
| #define HAVE_FCNTL_H 1
| #define HAVE_NETPACKET_PACKET_H 1
| #define HAVE_ASM_TYPES_H 1
| #define HAVE_LINUX_IF_PACKET_H 1
| #define HAVE_LINUX_IF_ETHER_H 1
| #define HAVE_SYS_SOCKET_H 1
| #define HAVE_SYS_CDEFS_H 1
| #define HAVE_NET_IF_H 1
| /* end confdefs.h.  */
| #include <stdio.h>
| #ifdef HAVE_SYS_TYPES_H
| # include <sys/types.h>
| #endif
| #ifdef HAVE_SYS_STAT_H
| # include <sys/stat.h>
| #endif
| #ifdef STDC_HEADERS
| # include <stdlib.h>
| # include <stddef.h>
| #else
| # ifdef HAVE_STDLIB_H
| #  include <stdlib.h>
| # endif
| #endif
| #ifdef HAVE_STRING_H
| # if !defined STDC_HEADERS && defined HAVE_MEMORY_H
| #  include <memory.h>
| # endif
| # include <string.h>
| #endif
| #ifdef HAVE_STRINGS_H
| # include <strings.h>
| #endif
| #ifdef HAVE_INTTYPES_H
| # include <inttypes.h>
| #endif
| #ifdef HAVE_STDINT_H
| # include <stdint.h>
| #endif
| #ifdef HAVE_UNISTD_H
| # include <unistd.h>
| #endif
| #include <net/if_dl.h>
configure:3652: result: no
configure:3652: checking net/if_dl.h presence
configure:3652: /opt/lede-toolchain-ramips-mt7621_gcc-5.4.0_musl-1.1.24.Linux-x86_64/toolchain-mipsel_24kc_gcc-5.4.0_musl-1.1.24/bin/mipsel-openwrt-linux-musl-gcc -E  conftest.c
conftest.c:37:23: fatal error: net/if_dl.h: No such file or directory
compilation terminated.
configure:3652: $? = 1
configure: failed program was:
| /* confdefs.h */
| #define PACKAGE_NAME ""
| #define PACKAGE_TARNAME ""
| #define PACKAGE_VERSION ""
| #define PACKAGE_STRING ""
| #define PACKAGE_BUGREPORT ""
| #define PACKAGE_URL ""
| #define STDC_HEADERS 1
| #define HAVE_SYS_WAIT_H 1
| #define HAVE_SYS_TYPES_H 1
| #define HAVE_SYS_STAT_H 1
| #define HAVE_STDLIB_H 1
| #define HAVE_STRING_H 1
| #define HAVE_MEMORY_H 1
| #define HAVE_STRINGS_H 1
| #define HAVE_INTTYPES_H 1
| #define HAVE_STDINT_H 1
| #define HAVE_UNISTD_H 1
| #define HAVE_FCNTL_H 1
| #define HAVE_SYS_IOCTL_H 1
| #define HAVE_SYS_TIME_H 1
| #define HAVE_SYSLOG_H 1
| #define HAVE_UNISTD_H 1
| #define HAVE_NET_IF_ARP_H 1
| #define HAVE_GETOPT_H 1
| #define HAVE_SYS_UIO_H 1
| #define HAVE_SYS_PARAM_H 1
| #define HAVE_FCNTL_H 1
| #define HAVE_NETPACKET_PACKET_H 1
| #define HAVE_ASM_TYPES_H 1
| #define HAVE_LINUX_IF_PACKET_H 1
| #define HAVE_LINUX_IF_ETHER_H 1
| #define HAVE_SYS_SOCKET_H 1
| #define HAVE_SYS_CDEFS_H 1
| #define HAVE_NET_IF_H 1
| /* end confdefs.h.  */
| #include <net/if_dl.h>
configure:3652: result: no
configure:3652: checking for net/if_dl.h
configure:3652: result: no
configure:3652: checking net/if_ether.h usability
configure:3652: /opt/lede-toolchain-ramips-mt7621_gcc-5.4.0_musl-1.1.24.Linux-x86_64/toolchain-mipsel_24kc_gcc-5.4.0_musl-1.1.24/bin/mipsel-openwrt-linux-musl-gcc -c -g -O2 -DLINUX26 -DCONFIG_RALINK -DMUSL_LIBC -DDEBUG_NOISY -DDEBUG_RCTEST -D_GNU_SOURCE -D__UAPI_DEF_ETHHDR -DRALINK_DBDC_MODE -pipe -funit-at-a-time -Wno-pointer-sign -mtune=mips32 -mips32 -DLINUX_KERNEL_VERSION=263366 --sysroot=/opt/lede-toolchain-ramips-mt7621_gcc-5.4.0_musl-1.1.24.Linux-x86_64/toolchain-mipsel_24kc_gcc-5.4.0_musl-1.1.24  -I/repo/Pass_GPL/asuswrt/release/src-ra-openwrt-4210/router/pppd/include -idirafter /repo/Pass_GPL/asuswrt/release/src-ra-openwrt-4210/router/kernel_header/include  conftest.c >&5
conftest.c:70:26: fatal error: net/if_ether.h: No such file or directory
compilation terminated.
configure:3652: $? = 1
configure: failed program was:
| /* confdefs.h */
| #define PACKAGE_NAME ""
| #define PACKAGE_TARNAME ""
| #define PACKAGE_VERSION ""
| #define PACKAGE_STRING ""
| #define PACKAGE_BUGREPORT ""
| #define PACKAGE_URL ""
| #define STDC_HEADERS 1
| #define HAVE_SYS_WAIT_H 1
| #define HAVE_SYS_TYPES_H 1
| #define HAVE_SYS_STAT_H 1
| #define HAVE_STDLIB_H 1
| #define HAVE_STRING_H 1
| #define HAVE_MEMORY_H 1
| #define HAVE_STRINGS_H 1
| #define HAVE_INTTYPES_H 1
| #define HAVE_STDINT_H 1
| #define HAVE_UNISTD_H 1
| #define HAVE_FCNTL_H 1
| #define HAVE_SYS_IOCTL_H 1
| #define HAVE_SYS_TIME_H 1
| #define HAVE_SYSLOG_H 1
| #define HAVE_UNISTD_H 1
| #define HAVE_NET_IF_ARP_H 1
| #define HAVE_GETOPT_H 1
| #define HAVE_SYS_UIO_H 1
| #define HAVE_SYS_PARAM_H 1
| #define HAVE_FCNTL_H 1
| #define HAVE_NETPACKET_PACKET_H 1
| #define HAVE_ASM_TYPES_H 1
| #define HAVE_LINUX_IF_PACKET_H 1
| #define HAVE_LINUX_IF_ETHER_H 1
| #define HAVE_SYS_SOCKET_H 1
| #define HAVE_SYS_CDEFS_H 1
| #define HAVE_NET_IF_H 1
| /* end confdefs.h.  */
| #include <stdio.h>
| #ifdef HAVE_SYS_TYPES_H
| # include <sys/types.h>
| #endif
| #ifdef HAVE_SYS_STAT_H
| # include <sys/stat.h>
| #endif
| #ifdef STDC_HEADERS
| # include <stdlib.h>
| # include <stddef.h>
| #else
| # ifdef HAVE_STDLIB_H
| #  include <stdlib.h>
| # endif
| #endif
| #ifdef HAVE_STRING_H
| # if !defined STDC_HEADERS && defined HAVE_MEMORY_H
| #  include <memory.h>
| # endif
| # include <string.h>
| #endif
| #ifdef HAVE_STRINGS_H
| # include <strings.h>
| #endif
| #ifdef HAVE_INTTYPES_H
| # include <inttypes.h>
| #endif
| #ifdef HAVE_STDINT_H
| # include <stdint.h>
| #endif
| #ifdef HAVE_UNISTD_H
| # include <unistd.h>
| #endif
| #include <net/if_ether.h>
configure:3652: result: no
configure:3652: checking net/if_ether.h presence
configure:3652: /opt/lede-toolchain-ramips-mt7621_gcc-5.4.0_musl-1.1.24.Linux-x86_64/toolchain-mipsel_24kc_gcc-5.4.0_musl-1.1.24/bin/mipsel-openwrt-linux-musl-gcc -E  conftest.c
conftest.c:37:26: fatal error: net/if_ether.h: No such file or directory
compilation terminated.
configure:3652: $? = 1
configure: failed program was:
| /* confdefs.h */
| #define PACKAGE_NAME ""
| #define PACKAGE_TARNAME ""
| #define PACKAGE_VERSION ""
| #define PACKAGE_STRING ""
| #define PACKAGE_BUGREPORT ""
| #define PACKAGE_URL ""
| #define STDC_HEADERS 1
| #define HAVE_SYS_WAIT_H 1
| #define HAVE_SYS_TYPES_H 1
| #define HAVE_SYS_STAT_H 1
| #define HAVE_STDLIB_H 1
| #define HAVE_STRING_H 1
| #define HAVE_MEMORY_H 1
| #define HAVE_STRINGS_H 1
| #define HAVE_INTTYPES_H 1
| #define HAVE_STDINT_H 1
| #define HAVE_UNISTD_H 1
| #define HAVE_FCNTL_H 1
| #define HAVE_SYS_IOCTL_H 1
| #define HAVE_SYS_TIME_H 1
| #define HAVE_SYSLOG_H 1
| #define HAVE_UNISTD_H 1
| #define HAVE_NET_IF_ARP_H 1
| #define HAVE_GETOPT_H 1
| #define HAVE_SYS_UIO_H 1
| #define HAVE_SYS_PARAM_H 1
| #define HAVE_FCNTL_H 1
| #define HAVE_NETPACKET_PACKET_H 1
| #define HAVE_ASM_TYPES_H 1
| #define HAVE_LINUX_IF_PACKET_H 1
| #define HAVE_LINUX_IF_ETHER_H 1
| #define HAVE_SYS_SOCKET_H 1
| #define HAVE_SYS_CDEFS_H 1
| #define HAVE_NET_IF_H 1
| /* end confdefs.h.  */
| #include <net/if_ether.h>
configure:3652: result: no
configure:3652: checking for net/if_ether.h
configure:3652: result: no
configure:3652: checking net/if_types.h usability
configure:3652: /opt/lede-toolchain-ramips-mt7621_gcc-5.4.0_musl-1.1.24.Linux-x86_64/toolchain-mipsel_24kc_gcc-5.4.0_musl-1.1.24/bin/mipsel-openwrt-linux-musl-gcc -c -g -O2 -DLINUX26 -DCONFIG_RALINK -DMUSL_LIBC -DDEBUG_NOISY -DDEBUG_RCTEST -D_GNU_SOURCE -D__UAPI_DEF_ETHHDR -DRALINK_DBDC_MODE -pipe -funit-at-a-time -Wno-pointer-sign -mtune=mips32 -mips32 -DLINUX_KERNEL_VERSION=263366 --sysroot=/opt/lede-toolchain-ramips-mt7621_gcc-5.4.0_musl-1.1.24.Linux-x86_64/toolchain-mipsel_24kc_gcc-5.4.0_musl-1.1.24  -I/repo/Pass_GPL/asuswrt/release/src-ra-openwrt-4210/router/pppd/include -idirafter /repo/Pass_GPL/asuswrt/release/src-ra-openwrt-4210/router/kernel_header/include  conftest.c >&5
conftest.c:70:26: fatal error: net/if_types.h: No such file or directory
compilation terminated.
configure:3652: $? = 1
configure: failed program was:
| /* confdefs.h */
| #define PACKAGE_NAME ""
| #define PACKAGE_TARNAME ""
| #define PACKAGE_VERSION ""
| #define PACKAGE_STRING ""
| #define PACKAGE_BUGREPORT ""
| #define PACKAGE_URL ""
| #define STDC_HEADERS 1
| #define HAVE_SYS_WAIT_H 1
| #define HAVE_SYS_TYPES_H 1
| #define HAVE_SYS_STAT_H 1
| #define HAVE_STDLIB_H 1
| #define HAVE_STRING_H 1
| #define HAVE_MEMORY_H 1
| #define HAVE_STRINGS_H 1
| #define HAVE_INTTYPES_H 1
| #define HAVE_STDINT_H 1
| #define HAVE_UNISTD_H 1
| #define HAVE_FCNTL_H 1
| #define HAVE_SYS_IOCTL_H 1
| #define HAVE_SYS_TIME_H 1
| #define HAVE_SYSLOG_H 1
| #define HAVE_UNISTD_H 1
| #define HAVE_NET_IF_ARP_H 1
| #define HAVE_GETOPT_H 1
| #define HAVE_SYS_UIO_H 1
| #define HAVE_SYS_PARAM_H 1
| #define HAVE_FCNTL_H 1
| #define HAVE_NETPACKET_PACKET_H 1
| #define HAVE_ASM_TYPES_H 1
| #define HAVE_LINUX_IF_PACKET_H 1
| #define HAVE_LINUX_IF_ETHER_H 1
| #define HAVE_SYS_SOCKET_H 1
| #define HAVE_SYS_CDEFS_H 1
| #define HAVE_NET_IF_H 1
| /* end confdefs.h.  */
| #include <stdio.h>
| #ifdef HAVE_SYS_TYPES_H
| # include <sys/types.h>
| #endif
| #ifdef HAVE_SYS_STAT_H
| # include <sys/stat.h>
| #endif
| #ifdef STDC_HEADERS
| # include <stdlib.h>
| # include <stddef.h>
| #else
| # ifdef HAVE_STDLIB_H
| #  include <stdlib.h>
| # endif
| #endif
| #ifdef HAVE_STRING_H
| # if !defined STDC_HEADERS && defined HAVE_MEMORY_H
| #  include <memory.h>
| # endif
| # include <string.h>
| #endif
| #ifdef HAVE_STRINGS_H
| # include <strings.h>
| #endif
| #ifdef HAVE_INTTYPES_H
| # include <inttypes.h>
| #endif
| #ifdef HAVE_STDINT_H
| # include <stdint.h>
| #endif
| #ifdef HAVE_UNISTD_H
| # include <unistd.h>
| #endif
| #include <net/if_types.h>
configure:3652: result: no
configure:3652: checking net/if_types.h presence
configure:3652: /opt/lede-toolchain-ramips-mt7621_gcc-5.4.0_musl-1.1.24.Linux-x86_64/toolchain-mipsel_24kc_gcc-5.4.0_musl-1.1.24/bin/mipsel-openwrt-linux-musl-gcc -E  conftest.c
conftest.c:37:26: fatal error: net/if_types.h: No such file or directory
compilation terminated.
configure:3652: $? = 1
configure: failed program was:
| /* confdefs.h */
| #define PACKAGE_NAME ""
| #define PACKAGE_TARNAME ""
| #define PACKAGE_VERSION ""
| #define PACKAGE_STRING ""
| #define PACKAGE_BUGREPORT ""
| #define PACKAGE_URL ""
| #define STDC_HEADERS 1
| #define HAVE_SYS_WAIT_H 1
| #define HAVE_SYS_TYPES_H 1
| #define HAVE_SYS_STAT_H 1
| #define HAVE_STDLIB_H 1
| #define HAVE_STRING_H 1
| #define HAVE_MEMORY_H 1
| #define HAVE_STRINGS_H 1
| #define HAVE_INTTYPES_H 1
| #define HAVE_STDINT_H 1
| #define HAVE_UNISTD_H 1
| #define HAVE_FCNTL_H 1
| #define HAVE_SYS_IOCTL_H 1
| #define HAVE_SYS_TIME_H 1
| #define HAVE_SYSLOG_H 1
| #define HAVE_UNISTD_H 1
| #define HAVE_NET_IF_ARP_H 1
| #define HAVE_GETOPT_H 1
| #define HAVE_SYS_UIO_H 1
| #define HAVE_SYS_PARAM_H 1
| #define HAVE_FCNTL_H 1
| #define HAVE_NETPACKET_PACKET_H 1
| #define HAVE_ASM_TYPES_H 1
| #define HAVE_LINUX_IF_PACKET_H 1
| #define HAVE_LINUX_IF_ETHER_H 1
| #define HAVE_SYS_SOCKET_H 1
| #define HAVE_SYS_CDEFS_H 1
| #define HAVE_NET_IF_H 1
| /* end confdefs.h.  */
| #include <net/if_types.h>
configure:3652: result: no
configure:3652: checking for net/if_types.h
configure:3652: result: no
configure:3652: checking for netinet/if_ether.h
configure:3652: result: no
configure:3652: checking for net/if_types.h
configure:3652: result: no
configure:3652: checking for net/if_dl.h
configure:3652: result: no
configure:3664: checking for linux/if.h
configure:3664: /opt/lede-toolchain-ramips-mt7621_gcc-5.4.0_musl-1.1.24.Linux-x86_64/toolchain-mipsel_24kc_gcc-5.4.0_musl-1.1.24/bin/mipsel-openwrt-linux-musl-gcc -c -g -O2 -DLINUX26 -DCONFIG_RALINK -DMUSL_LIBC -DDEBUG_NOISY -DDEBUG_RCTEST -D_GNU_SOURCE -D__UAPI_DEF_ETHHDR -DRALINK_DBDC_MODE -pipe -funit-at-a-time -Wno-pointer-sign -mtune=mips32 -mips32 -DLINUX_KERNEL_VERSION=263366 --sysroot=/opt/lede-toolchain-ramips-mt7621_gcc-5.4.0_musl-1.1.24.Linux-x86_64/toolchain-mipsel_24kc_gcc-5.4.0_musl-1.1.24  -I/repo/Pass_GPL/asuswrt/release/src-ra-openwrt-4210/router/pppd/include -idirafter /repo/Pass_GPL/asuswrt/release/src-ra-openwrt-4210/router/kernel_header/include  conftest.c >&5
configure:3664: $? = 0
configure:3664: result: yes
configure:3677: checking for linux/if_pppox.h
configure:3677: /opt/lede-toolchain-ramips-mt7621_gcc-5.4.0_musl-1.1.24.Linux-x86_64/toolchain-mipsel_24kc_gcc-5.4.0_musl-1.1.24/bin/mipsel-openwrt-linux-musl-gcc -c -g -O2 -DLINUX26 -DCONFIG_RALINK -DMUSL_LIBC -DDEBUG_NOISY -DDEBUG_RCTEST -D_GNU_SOURCE -D__UAPI_DEF_ETHHDR -DRALINK_DBDC_MODE -pipe -funit-at-a-time -Wno-pointer-sign -mtune=mips32 -mips32 -DLINUX_KERNEL_VERSION=263366 --sysroot=/opt/lede-toolchain-ramips-mt7621_gcc-5.4.0_musl-1.1.24.Linux-x86_64/toolchain-mipsel_24kc_gcc-5.4.0_musl-1.1.24  -I/repo/Pass_GPL/asuswrt/release/src-ra-openwrt-4210/router/pppd/include -idirafter /repo/Pass_GPL/asuswrt/release/src-ra-openwrt-4210/router/kernel_header/include  conftest.c >&5
configure:3677: $? = 0
configure:3677: result: yes
configure:3696: checking for an ANSI C-conforming const
configure:3761: /opt/lede-toolchain-ramips-mt7621_gcc-5.4.0_musl-1.1.24.Linux-x86_64/toolchain-mipsel_24kc_gcc-5.4.0_musl-1.1.24/bin/mipsel-openwrt-linux-musl-gcc -c -g -O2 -DLINUX26 -DCONFIG_RALINK -DMUSL_LIBC -DDEBUG_NOISY -DDEBUG_RCTEST -D_GNU_SOURCE -D__UAPI_DEF_ETHHDR -DRALINK_DBDC_MODE -pipe -funit-at-a-time -Wno-pointer-sign -mtune=mips32 -mips32 -DLINUX_KERNEL_VERSION=263366 --sysroot=/opt/lede-toolchain-ramips-mt7621_gcc-5.4.0_musl-1.1.24.Linux-x86_64/toolchain-mipsel_24kc_gcc-5.4.0_musl-1.1.24  -I/repo/Pass_GPL/asuswrt/release/src-ra-openwrt-4210/router/pppd/include -idirafter /repo/Pass_GPL/asuswrt/release/src-ra-openwrt-4210/router/kernel_header/include  conftest.c >&5
configure:3761: $? = 0
configure:3768: result: yes
configure:3776: checking for pid_t
configure:3776: /opt/lede-toolchain-ramips-mt7621_gcc-5.4.0_musl-1.1.24.Linux-x86_64/toolchain-mipsel_24kc_gcc-5.4.0_musl-1.1.24/bin/mipsel-openwrt-linux-musl-gcc -c -g -O2 -DLINUX26 -DCONFIG_RALINK -DMUSL_LIBC -DDEBUG_NOISY -DDEBUG_RCTEST -D_GNU_SOURCE -D__UAPI_DEF_ETHHDR -DRALINK_DBDC_MODE -pipe -funit-at-a-time -Wno-pointer-sign -mtune=mips32 -mips32 -DLINUX_KERNEL_VERSION=263366 --sysroot=/opt/lede-toolchain-ramips-mt7621_gcc-5.4.0_musl-1.1.24.Linux-x86_64/toolchain-mipsel_24kc_gcc-5.4.0_musl-1.1.24  -I/repo/Pass_GPL/asuswrt/release/src-ra-openwrt-4210/router/pppd/include -idirafter /repo/Pass_GPL/asuswrt/release/src-ra-openwrt-4210/router/kernel_header/include  conftest.c >&5
configure:3776: $? = 0
configure:3776: /opt/lede-toolchain-ramips-mt7621_gcc-5.4.0_musl-1.1.24.Linux-x86_64/toolchain-mipsel_24kc_gcc-5.4.0_musl-1.1.24/bin/mipsel-openwrt-linux-musl-gcc -c -g -O2 -DLINUX26 -DCONFIG_RALINK -DMUSL_LIBC -DDEBUG_NOISY -DDEBUG_RCTEST -D_GNU_SOURCE -D__UAPI_DEF_ETHHDR -DRALINK_DBDC_MODE -pipe -funit-at-a-time -Wno-pointer-sign -mtune=mips32 -mips32 -DLINUX_KERNEL_VERSION=263366 --sysroot=/opt/lede-toolchain-ramips-mt7621_gcc-5.4.0_musl-1.1.24.Linux-x86_64/toolchain-mipsel_24kc_gcc-5.4.0_musl-1.1.24  -I/repo/Pass_GPL/asuswrt/release/src-ra-openwrt-4210/router/pppd/include -idirafter /repo/Pass_GPL/asuswrt/release/src-ra-openwrt-4210/router/kernel_header/include  conftest.c >&5
conftest.c: In function 'main':
conftest.c:75:20: error: expected expression before ')' token
 if (sizeof ((pid_t)))
                    ^
configure:3776: $? = 1
configure: failed program was:
| /* confdefs.h */
| #define PACKAGE_NAME ""
| #define PACKAGE_TARNAME ""
| #define PACKAGE_VERSION ""
| #define PACKAGE_STRING ""
| #define PACKAGE_BUGREPORT ""
| #define PACKAGE_URL ""
| #define STDC_HEADERS 1
| #define HAVE_SYS_WAIT_H 1
| #define HAVE_SYS_TYPES_H 1
| #define HAVE_SYS_STAT_H 1
| #define HAVE_STDLIB_H 1
| #define HAVE_STRING_H 1
| #define HAVE_MEMORY_H 1
| #define HAVE_STRINGS_H 1
| #define HAVE_INTTYPES_H 1
| #define HAVE_STDINT_H 1
| #define HAVE_UNISTD_H 1
| #define HAVE_FCNTL_H 1
| #define HAVE_SYS_IOCTL_H 1
| #define HAVE_SYS_TIME_H 1
| #define HAVE_SYSLOG_H 1
| #define HAVE_UNISTD_H 1
| #define HAVE_NET_IF_ARP_H 1
| #define HAVE_GETOPT_H 1
| #define HAVE_SYS_UIO_H 1
| #define HAVE_SYS_PARAM_H 1
| #define HAVE_FCNTL_H 1
| #define HAVE_NETPACKET_PACKET_H 1
| #define HAVE_ASM_TYPES_H 1
| #define HAVE_LINUX_IF_PACKET_H 1
| #define HAVE_LINUX_IF_ETHER_H 1
| #define HAVE_SYS_SOCKET_H 1
| #define HAVE_SYS_CDEFS_H 1
| #define HAVE_NET_IF_H 1
| #define HAVE_LINUX_IF_H 1
| #define HAVE_LINUX_IF_PPPOX_H 1
| /* end confdefs.h.  */
| #include <stdio.h>
| #ifdef HAVE_SYS_TYPES_H
| # include <sys/types.h>
| #endif
| #ifdef HAVE_SYS_STAT_H
| # include <sys/stat.h>
| #endif
| #ifdef STDC_HEADERS
| # include <stdlib.h>
| # include <stddef.h>
| #else
| # ifdef HAVE_STDLIB_H
| #  include <stdlib.h>
| # endif
| #endif
| #ifdef HAVE_STRING_H
| # if !defined STDC_HEADERS && defined HAVE_MEMORY_H
| #  include <memory.h>
| # endif
| # include <string.h>
| #endif
| #ifdef HAVE_STRINGS_H
| # include <strings.h>
| #endif
| #ifdef HAVE_INTTYPES_H
| # include <inttypes.h>
| #endif
| #ifdef HAVE_STDINT_H
| # include <stdint.h>
| #endif
| #ifdef HAVE_UNISTD_H
| # include <unistd.h>
| #endif
| int
| main ()
| {
| if (sizeof ((pid_t)))
| 	    return 0;
|   ;
|   return 0;
| }
configure:3776: result: yes
configure:3787: checking whether time.h and sys/time.h may both be included
configure:3807: /opt/lede-toolchain-ramips-mt7621_gcc-5.4.0_musl-1.1.24.Linux-x86_64/toolchain-mipsel_24kc_gcc-5.4.0_musl-1.1.24/bin/mipsel-openwrt-linux-musl-gcc -c -g -O2 -DLINUX26 -DCONFIG_RALINK -DMUSL_LIBC -DDEBUG_NOISY -DDEBUG_RCTEST -D_GNU_SOURCE -D__UAPI_DEF_ETHHDR -DRALINK_DBDC_MODE -pipe -funit-at-a-time -Wno-pointer-sign -mtune=mips32 -mips32 -DLINUX_KERNEL_VERSION=263366 --sysroot=/opt/lede-toolchain-ramips-mt7621_gcc-5.4.0_musl-1.1.24.Linux-x86_64/toolchain-mipsel_24kc_gcc-5.4.0_musl-1.1.24  -I/repo/Pass_GPL/asuswrt/release/src-ra-openwrt-4210/router/pppd/include -idirafter /repo/Pass_GPL/asuswrt/release/src-ra-openwrt-4210/router/kernel_header/include  conftest.c >&5
configure:3807: $? = 0
configure:3814: result: yes
configure:3822: checking whether struct tm is in sys/time.h or time.h
configure:3842: /opt/lede-toolchain-ramips-mt7621_gcc-5.4.0_musl-1.1.24.Linux-x86_64/toolchain-mipsel_24kc_gcc-5.4.0_musl-1.1.24/bin/mipsel-openwrt-linux-musl-gcc -c -g -O2 -DLINUX26 -DCONFIG_RALINK -DMUSL_LIBC -DDEBUG_NOISY -DDEBUG_RCTEST -D_GNU_SOURCE -D__UAPI_DEF_ETHHDR -DRALINK_DBDC_MODE -pipe -funit-at-a-time -Wno-pointer-sign -mtune=mips32 -mips32 -DLINUX_KERNEL_VERSION=263366 --sysroot=/opt/lede-toolchain-ramips-mt7621_gcc-5.4.0_musl-1.1.24.Linux-x86_64/toolchain-mipsel_24kc_gcc-5.4.0_musl-1.1.24  -I/repo/Pass_GPL/asuswrt/release/src-ra-openwrt-4210/router/pppd/include -idirafter /repo/Pass_GPL/asuswrt/release/src-ra-openwrt-4210/router/kernel_header/include  conftest.c >&5
configure:3842: $? = 0
configure:3849: result: time.h
configure:3858: checking for struct sockaddr_ll
configure:3874: /opt/lede-toolchain-ramips-mt7621_gcc-5.4.0_musl-1.1.24.Linux-x86_64/toolchain-mipsel_24kc_gcc-5.4.0_musl-1.1.24/bin/mipsel-openwrt-linux-musl-gcc -c -g -O2 -DLINUX26 -DCONFIG_RALINK -DMUSL_LIBC -DDEBUG_NOISY -DDEBUG_RCTEST -D_GNU_SOURCE -D__UAPI_DEF_ETHHDR -DRALINK_DBDC_MODE -pipe -funit-at-a-time -Wno-pointer-sign -mtune=mips32 -mips32 -DLINUX_KERNEL_VERSION=263366 --sysroot=/opt/lede-toolchain-ramips-mt7621_gcc-5.4.0_musl-1.1.24.Linux-x86_64/toolchain-mipsel_24kc_gcc-5.4.0_musl-1.1.24  -I/repo/Pass_GPL/asuswrt/release/src-ra-openwrt-4210/router/pppd/include -idirafter /repo/Pass_GPL/asuswrt/release/src-ra-openwrt-4210/router/kernel_header/include  conftest.c >&5
configure:3874: $? = 0
configure:3880: result: yes
configure:3888: checking for N_HDLC line discipline
configure:3901: /opt/lede-toolchain-ramips-mt7621_gcc-5.4.0_musl-1.1.24.Linux-x86_64/toolchain-mipsel_24kc_gcc-5.4.0_musl-1.1.24/bin/mipsel-openwrt-linux-musl-gcc -c -g -O2 -DLINUX26 -DCONFIG_RALINK -DMUSL_LIBC -DDEBUG_NOISY -DDEBUG_RCTEST -D_GNU_SOURCE -D__UAPI_DEF_ETHHDR -DRALINK_DBDC_MODE -pipe -funit-at-a-time -Wno-pointer-sign -mtune=mips32 -mips32 -DLINUX_KERNEL_VERSION=263366 --sysroot=/opt/lede-toolchain-ramips-mt7621_gcc-5.4.0_musl-1.1.24.Linux-x86_64/toolchain-mipsel_24kc_gcc-5.4.0_musl-1.1.24  -I/repo/Pass_GPL/asuswrt/release/src-ra-openwrt-4210/router/pppd/include -idirafter /repo/Pass_GPL/asuswrt/release/src-ra-openwrt-4210/router/kernel_header/include  conftest.c >&5
conftest.c: In function 'main':
conftest.c:45:9: error: 'N_HDLC' undeclared (first use in this function)
 int x = N_HDLC;
         ^
conftest.c:45:9: note: each undeclared identifier is reported only once for each function it appears in
configure:3901: $? = 1
configure: failed program was:
| /* confdefs.h */
| #define PACKAGE_NAME ""
| #define PACKAGE_TARNAME ""
| #define PACKAGE_VERSION ""
| #define PACKAGE_STRING ""
| #define PACKAGE_BUGREPORT ""
| #define PACKAGE_URL ""
| #define STDC_HEADERS 1
| #define HAVE_SYS_WAIT_H 1
| #define HAVE_SYS_TYPES_H 1
| #define HAVE_SYS_STAT_H 1
| #define HAVE_STDLIB_H 1
| #define HAVE_STRING_H 1
| #define HAVE_MEMORY_H 1
| #define HAVE_STRINGS_H 1
| #define HAVE_INTTYPES_H 1
| #define HAVE_STDINT_H 1
| #define HAVE_UNISTD_H 1
| #define HAVE_FCNTL_H 1
| #define HAVE_SYS_IOCTL_H 1
| #define HAVE_SYS_TIME_H 1
| #define HAVE_SYSLOG_H 1
| #define HAVE_UNISTD_H 1
| #define HAVE_NET_IF_ARP_H 1
| #define HAVE_GETOPT_H 1
| #define HAVE_SYS_UIO_H 1
| #define HAVE_SYS_PARAM_H 1
| #define HAVE_FCNTL_H 1
| #define HAVE_NETPACKET_PACKET_H 1
| #define HAVE_ASM_TYPES_H 1
| #define HAVE_LINUX_IF_PACKET_H 1
| #define HAVE_LINUX_IF_ETHER_H 1
| #define HAVE_SYS_SOCKET_H 1
| #define HAVE_SYS_CDEFS_H 1
| #define HAVE_NET_IF_H 1
| #define HAVE_LINUX_IF_H 1
| #define HAVE_LINUX_IF_PPPOX_H 1
| #define TIME_WITH_SYS_TIME 1
| #define HAVE_STRUCT_SOCKADDR_LL 1
| /* end confdefs.h.  */
| #include <linux/termios.h>
| int
| main ()
| {
| int x = N_HDLC;
|   ;
|   return 0;
| }
configure:3907: result: no
configure:3999: checking for working memcmp
configure:4052: result: no
configure:4068: checking return type of signal handlers
configure:4086: /opt/lede-toolchain-ramips-mt7621_gcc-5.4.0_musl-1.1.24.Linux-x86_64/toolchain-mipsel_24kc_gcc-5.4.0_musl-1.1.24/bin/mipsel-openwrt-linux-musl-gcc -c -g -O2 -DLINUX26 -DCONFIG_RALINK -DMUSL_LIBC -DDEBUG_NOISY -DDEBUG_RCTEST -D_GNU_SOURCE -D__UAPI_DEF_ETHHDR -DRALINK_DBDC_MODE -pipe -funit-at-a-time -Wno-pointer-sign -mtune=mips32 -mips32 -DLINUX_KERNEL_VERSION=263366 --sysroot=/opt/lede-toolchain-ramips-mt7621_gcc-5.4.0_musl-1.1.24.Linux-x86_64/toolchain-mipsel_24kc_gcc-5.4.0_musl-1.1.24  -I/repo/Pass_GPL/asuswrt/release/src-ra-openwrt-4210/router/pppd/include -idirafter /repo/Pass_GPL/asuswrt/release/src-ra-openwrt-4210/router/kernel_header/include  conftest.c >&5
conftest.c: In function 'main':
conftest.c:48:9: error: void value not ignored as it ought to be
 return *(signal (0, 0)) (0) == 1;
         ^
configure:4086: $? = 1
configure: failed program was:
| /* confdefs.h */
| #define PACKAGE_NAME ""
| #define PACKAGE_TARNAME ""
| #define PACKAGE_VERSION ""
| #define PACKAGE_STRING ""
| #define PACKAGE_BUGREPORT ""
| #define PACKAGE_URL ""
| #define STDC_HEADERS 1
| #define HAVE_SYS_WAIT_H 1
| #define HAVE_SYS_TYPES_H 1
| #define HAVE_SYS_STAT_H 1
| #define HAVE_STDLIB_H 1
| #define HAVE_STRING_H 1
| #define HAVE_MEMORY_H 1
| #define HAVE_STRINGS_H 1
| #define HAVE_INTTYPES_H 1
| #define HAVE_STDINT_H 1
| #define HAVE_UNISTD_H 1
| #define HAVE_FCNTL_H 1
| #define HAVE_SYS_IOCTL_H 1
| #define HAVE_SYS_TIME_H 1
| #define HAVE_SYSLOG_H 1
| #define HAVE_UNISTD_H 1
| #define HAVE_NET_IF_ARP_H 1
| #define HAVE_GETOPT_H 1
| #define HAVE_SYS_UIO_H 1
| #define HAVE_SYS_PARAM_H 1
| #define HAVE_FCNTL_H 1
| #define HAVE_NETPACKET_PACKET_H 1
| #define HAVE_ASM_TYPES_H 1
| #define HAVE_LINUX_IF_PACKET_H 1
| #define HAVE_LINUX_IF_ETHER_H 1
| #define HAVE_SYS_SOCKET_H 1
| #define HAVE_SYS_CDEFS_H 1
| #define HAVE_NET_IF_H 1
| #define HAVE_LINUX_IF_H 1
| #define HAVE_LINUX_IF_PPPOX_H 1
| #define TIME_WITH_SYS_TIME 1
| #define HAVE_STRUCT_SOCKADDR_LL 1
| #define HAVE_LINUX_KERNEL_PPPOE 1
| /* end confdefs.h.  */
| #include <sys/types.h>
| #include <signal.h>
| 
| int
| main ()
| {
| return *(signal (0, 0)) (0) == 1;
|   ;
|   return 0;
| }
configure:4093: result: void
configure:4104: checking for select
configure:4104: /opt/lede-toolchain-ramips-mt7621_gcc-5.4.0_musl-1.1.24.Linux-x86_64/toolchain-mipsel_24kc_gcc-5.4.0_musl-1.1.24/bin/mipsel-openwrt-linux-musl-gcc -o conftest -g -O2 -DLINUX26 -DCONFIG_RALINK -DMUSL_LIBC -DDEBUG_NOISY -DDEBUG_RCTEST -D_GNU_SOURCE -D__UAPI_DEF_ETHHDR -DRALINK_DBDC_MODE -pipe -funit-at-a-time -Wno-pointer-sign -mtune=mips32 -mips32 -DLINUX_KERNEL_VERSION=263366 --sysroot=/opt/lede-toolchain-ramips-mt7621_gcc-5.4.0_musl-1.1.24.Linux-x86_64/toolchain-mipsel_24kc_gcc-5.4.0_musl-1.1.24  -I/repo/Pass_GPL/asuswrt/release/src-ra-openwrt-4210/router/pppd/include -idirafter /repo/Pass_GPL/asuswrt/release/src-ra-openwrt-4210/router/kernel_header/include   conftest.c  >&5
configure:4104: $? = 0
configure:4104: result: yes
configure:4104: checking for socket
configure:4104: /opt/lede-toolchain-ramips-mt7621_gcc-5.4.0_musl-1.1.24.Linux-x86_64/toolchain-mipsel_24kc_gcc-5.4.0_musl-1.1.24/bin/mipsel-openwrt-linux-musl-gcc -o conftest -g -O2 -DLINUX26 -DCONFIG_RALINK -DMUSL_LIBC -DDEBUG_NOISY -DDEBUG_RCTEST -D_GNU_SOURCE -D__UAPI_DEF_ETHHDR -DRALINK_DBDC_MODE -pipe -funit-at-a-time -Wno-pointer-sign -mtune=mips32 -mips32 -DLINUX_KERNEL_VERSION=263366 --sysroot=/opt/lede-toolchain-ramips-mt7621_gcc-5.4.0_musl-1.1.24.Linux-x86_64/toolchain-mipsel_24kc_gcc-5.4.0_musl-1.1.24  -I/repo/Pass_GPL/asuswrt/release/src-ra-openwrt-4210/router/pppd/include -idirafter /repo/Pass_GPL/asuswrt/release/src-ra-openwrt-4210/router/kernel_header/include   conftest.c  >&5
configure:4104: $? = 0
configure:4104: result: yes
configure:4104: checking for strerror
configure:4104: /opt/lede-toolchain-ramips-mt7621_gcc-5.4.0_musl-1.1.24.Linux-x86_64/toolchain-mipsel_24kc_gcc-5.4.0_musl-1.1.24/bin/mipsel-openwrt-linux-musl-gcc -o conftest -g -O2 -DLINUX26 -DCONFIG_RALINK -DMUSL_LIBC -DDEBUG_NOISY -DDEBUG_RCTEST -D_GNU_SOURCE -D__UAPI_DEF_ETHHDR -DRALINK_DBDC_MODE -pipe -funit-at-a-time -Wno-pointer-sign -mtune=mips32 -mips32 -DLINUX_KERNEL_VERSION=263366 --sysroot=/opt/lede-toolchain-ramips-mt7621_gcc-5.4.0_musl-1.1.24.Linux-x86_64/toolchain-mipsel_24kc_gcc-5.4.0_musl-1.1.24  -I/repo/Pass_GPL/asuswrt/release/src-ra-openwrt-4210/router/pppd/include -idirafter /repo/Pass_GPL/asuswrt/release/src-ra-openwrt-4210/router/kernel_header/include   conftest.c  >&5
configure:4104: $? = 0
configure:4104: result: yes
configure:4104: checking for strtol
configure:4104: /opt/lede-toolchain-ramips-mt7621_gcc-5.4.0_musl-1.1.24.Linux-x86_64/toolchain-mipsel_24kc_gcc-5.4.0_musl-1.1.24/bin/mipsel-openwrt-linux-musl-gcc -o conftest -g -O2 -DLINUX26 -DCONFIG_RALINK -DMUSL_LIBC -DDEBUG_NOISY -DDEBUG_RCTEST -D_GNU_SOURCE -D__UAPI_DEF_ETHHDR -DRALINK_DBDC_MODE -pipe -funit-at-a-time -Wno-pointer-sign -mtune=mips32 -mips32 -DLINUX_KERNEL_VERSION=263366 --sysroot=/opt/lede-toolchain-ramips-mt7621_gcc-5.4.0_musl-1.1.24.Linux-x86_64/toolchain-mipsel_24kc_gcc-5.4.0_musl-1.1.24  -I/repo/Pass_GPL/asuswrt/release/src-ra-openwrt-4210/router/pppd/include -idirafter /repo/Pass_GPL/asuswrt/release/src-ra-openwrt-4210/router/kernel_header/include   conftest.c  >&5
configure:4104: $? = 0
configure:4104: result: yes
configure:4156: checking for a BSD-compatible install
configure:4224: result: /usr/bin/install -c
configure:4240: checking size of unsigned short
configure:4245: /opt/lede-toolchain-ramips-mt7621_gcc-5.4.0_musl-1.1.24.Linux-x86_64/toolchain-mipsel_24kc_gcc-5.4.0_musl-1.1.24/bin/mipsel-openwrt-linux-musl-gcc -c -g -O2 -DLINUX26 -DCONFIG_RALINK -DMUSL_LIBC -DDEBUG_NOISY -DDEBUG_RCTEST -D_GNU_SOURCE -D__UAPI_DEF_ETHHDR -DRALINK_DBDC_MODE -pipe -funit-at-a-time -Wno-pointer-sign -mtune=mips32 -mips32 -DLINUX_KERNEL_VERSION=263366 --sysroot=/opt/lede-toolchain-ramips-mt7621_gcc-5.4.0_musl-1.1.24.Linux-x86_64/toolchain-mipsel_24kc_gcc-5.4.0_musl-1.1.24  -I/repo/Pass_GPL/asuswrt/release/src-ra-openwrt-4210/router/pppd/include -idirafter /repo/Pass_GPL/asuswrt/release/src-ra-openwrt-4210/router/kernel_header/include  conftest.c >&5
configure:4245: $? = 0
configure:4245: /opt/lede-toolchain-ramips-mt7621_gcc-5.4.0_musl-1.1.24.Linux-x86_64/toolchain-mipsel_24kc_gcc-5.4.0_musl-1.1.24/bin/mipsel-openwrt-linux-musl-gcc -c -g -O2 -DLINUX26 -DCONFIG_RALINK -DMUSL_LIBC -DDEBUG_NOISY -DDEBUG_RCTEST -D_GNU_SOURCE -D__UAPI_DEF_ETHHDR -DRALINK_DBDC_MODE -pipe -funit-at-a-time -Wno-pointer-sign -mtune=mips32 -mips32 -DLINUX_KERNEL_VERSION=263366 --sysroot=/opt/lede-toolchain-ramips-mt7621_gcc-5.4.0_musl-1.1.24.Linux-x86_64/toolchain-mipsel_24kc_gcc-5.4.0_musl-1.1.24  -I/repo/Pass_GPL/asuswrt/release/src-ra-openwrt-4210/router/pppd/include -idirafter /repo/Pass_GPL/asuswrt/release/src-ra-openwrt-4210/router/kernel_header/include  conftest.c >&5
conftest.c: In function 'main':
conftest.c:83:12: error: size of array 'test_array' is negative
 static int test_array [1 - 2 * !(((long int) (sizeof (unsigned short))) <= 0)];
            ^
configure:4245: $? = 1
configure: failed program was:
| /* confdefs.h */
| #define PACKAGE_NAME ""
| #define PACKAGE_TARNAME ""
| #define PACKAGE_VERSION ""
| #define PACKAGE_STRING ""
| #define PACKAGE_BUGREPORT ""
| #define PACKAGE_URL ""
| #define STDC_HEADERS 1
| #define HAVE_SYS_WAIT_H 1
| #define HAVE_SYS_TYPES_H 1
| #define HAVE_SYS_STAT_H 1
| #define HAVE_STDLIB_H 1
| #define HAVE_STRING_H 1
| #define HAVE_MEMORY_H 1
| #define HAVE_STRINGS_H 1
| #define HAVE_INTTYPES_H 1
| #define HAVE_STDINT_H 1
| #define HAVE_UNISTD_H 1
| #define HAVE_FCNTL_H 1
| #define HAVE_SYS_IOCTL_H 1
| #define HAVE_SYS_TIME_H 1
| #define HAVE_SYSLOG_H 1
| #define HAVE_UNISTD_H 1
| #define HAVE_NET_IF_ARP_H 1
| #define HAVE_GETOPT_H 1
| #define HAVE_SYS_UIO_H 1
| #define HAVE_SYS_PARAM_H 1
| #define HAVE_FCNTL_H 1
| #define HAVE_NETPACKET_PACKET_H 1
| #define HAVE_ASM_TYPES_H 1
| #define HAVE_LINUX_IF_PACKET_H 1
| #define HAVE_LINUX_IF_ETHER_H 1
| #define HAVE_SYS_SOCKET_H 1
| #define HAVE_SYS_CDEFS_H 1
| #define HAVE_NET_IF_H 1
| #define HAVE_LINUX_IF_H 1
| #define HAVE_LINUX_IF_PPPOX_H 1
| #define TIME_WITH_SYS_TIME 1
| #define HAVE_STRUCT_SOCKADDR_LL 1
| #define HAVE_LINUX_KERNEL_PPPOE 1
| #define RETSIGTYPE void
| #define HAVE_SELECT 1
| #define HAVE_SOCKET 1
| #define HAVE_STRERROR 1
| #define HAVE_STRTOL 1
| /* end confdefs.h.  */
| #include <stdio.h>
| #ifdef HAVE_SYS_TYPES_H
| # include <sys/types.h>
| #endif
| #ifdef HAVE_SYS_STAT_H
| # include <sys/stat.h>
| #endif
| #ifdef STDC_HEADERS
| # include <stdlib.h>
| # include <stddef.h>
| #else
| # ifdef HAVE_STDLIB_H
| #  include <stdlib.h>
| # endif
| #endif
| #ifdef HAVE_STRING_H
| # if !defined STDC_HEADERS && defined HAVE_MEMORY_H
| #  include <memory.h>
| # endif
| # include <string.h>
| #endif
| #ifdef HAVE_STRINGS_H
| # include <strings.h>
| #endif
| #ifdef HAVE_INTTYPES_H
| # include <inttypes.h>
| #endif
| #ifdef HAVE_STDINT_H
| # include <stdint.h>
| #endif
| #ifdef HAVE_UNISTD_H
| # include <unistd.h>
| #endif
| int
| main ()
| {
| static int test_array [1 - 2 * !(((long int) (sizeof (unsigned short))) <= 0)];
| test_array [0] = 0
| 
|   ;
|   return 0;
| }
configure:4245: /opt/lede-toolchain-ramips-mt7621_gcc-5.4.0_musl-1.1.24.Linux-x86_64/toolchain-mipsel_24kc_gcc-5.4.0_musl-1.1.24/bin/mipsel-openwrt-linux-musl-gcc -c -g -O2 -DLINUX26 -DCONFIG_RALINK -DMUSL_LIBC -DDEBUG_NOISY -DDEBUG_RCTEST -D_GNU_SOURCE -D__UAPI_DEF_ETHHDR -DRALINK_DBDC_MODE -pipe -funit-at-a-time -Wno-pointer-sign -mtune=mips32 -mips32 -DLINUX_KERNEL_VERSION=263366 --sysroot=/opt/lede-toolchain-ramips-mt7621_gcc-5.4.0_musl-1.1.24.Linux-x86_64/toolchain-mipsel_24kc_gcc-5.4.0_musl-1.1.24  -I/repo/Pass_GPL/asuswrt/release/src-ra-openwrt-4210/router/pppd/include -idirafter /repo/Pass_GPL/asuswrt/release/src-ra-openwrt-4210/router/kernel_header/include  conftest.c >&5
conftest.c: In function 'main':
conftest.c:83:12: error: size of array 'test_array' is negative
 static int test_array [1 - 2 * !(((long int) (sizeof (unsigned short))) <= 1)];
            ^
configure:4245: $? = 1
configure: failed program was:
| /* confdefs.h */
| #define PACKAGE_NAME ""
| #define PACKAGE_TARNAME ""
| #define PACKAGE_VERSION ""
| #define PACKAGE_STRING ""
| #define PACKAGE_BUGREPORT ""
| #define PACKAGE_URL ""
| #define STDC_HEADERS 1
| #define HAVE_SYS_WAIT_H 1
| #define HAVE_SYS_TYPES_H 1
| #define HAVE_SYS_STAT_H 1
| #define HAVE_STDLIB_H 1
| #define HAVE_STRING_H 1
| #define HAVE_MEMORY_H 1
| #define HAVE_STRINGS_H 1
| #define HAVE_INTTYPES_H 1
| #define HAVE_STDINT_H 1
| #define HAVE_UNISTD_H 1
| #define HAVE_FCNTL_H 1
| #define HAVE_SYS_IOCTL_H 1
| #define HAVE_SYS_TIME_H 1
| #define HAVE_SYSLOG_H 1
| #define HAVE_UNISTD_H 1
| #define HAVE_NET_IF_ARP_H 1
| #define HAVE_GETOPT_H 1
| #define HAVE_SYS_UIO_H 1
| #define HAVE_SYS_PARAM_H 1
| #define HAVE_FCNTL_H 1
| #define HAVE_NETPACKET_PACKET_H 1
| #define HAVE_ASM_TYPES_H 1
| #define HAVE_LINUX_IF_PACKET_H 1
| #define HAVE_LINUX_IF_ETHER_H 1
| #define HAVE_SYS_SOCKET_H 1
| #define HAVE_SYS_CDEFS_H 1
| #define HAVE_NET_IF_H 1
| #define HAVE_LINUX_IF_H 1
| #define HAVE_LINUX_IF_PPPOX_H 1
| #define TIME_WITH_SYS_TIME 1
| #define HAVE_STRUCT_SOCKADDR_LL 1
| #define HAVE_LINUX_KERNEL_PPPOE 1
| #define RETSIGTYPE void
| #define HAVE_SELECT 1
| #define HAVE_SOCKET 1
| #define HAVE_STRERROR 1
| #define HAVE_STRTOL 1
| /* end confdefs.h.  */
| #include <stdio.h>
| #ifdef HAVE_SYS_TYPES_H
| # include <sys/types.h>
| #endif
| #ifdef HAVE_SYS_STAT_H
| # include <sys/stat.h>
| #endif
| #ifdef STDC_HEADERS
| # include <stdlib.h>
| # include <stddef.h>
| #else
| # ifdef HAVE_STDLIB_H
| #  include <stdlib.h>
| # endif
| #endif
| #ifdef HAVE_STRING_H
| # if !defined STDC_HEADERS && defined HAVE_MEMORY_H
| #  include <memory.h>
| # endif
| # include <string.h>
| #endif
| #ifdef HAVE_STRINGS_H
| # include <strings.h>
| #endif
| #ifdef HAVE_INTTYPES_H
| # include <inttypes.h>
| #endif
| #ifdef HAVE_STDINT_H
| # include <stdint.h>
| #endif
| #ifdef HAVE_UNISTD_H
| # include <unistd.h>
| #endif
| int
| main ()
| {
| static int test_array [1 - 2 * !(((long int) (sizeof (unsigned short))) <= 1)];
| test_array [0] = 0
| 
|   ;
|   return 0;
| }
configure:4245: /opt/lede-toolchain-ramips-mt7621_gcc-5.4.0_musl-1.1.24.Linux-x86_64/toolchain-mipsel_24kc_gcc-5.4.0_musl-1.1.24/bin/mipsel-openwrt-linux-musl-gcc -c -g -O2 -DLINUX26 -DCONFIG_RALINK -DMUSL_LIBC -DDEBUG_NOISY -DDEBUG_RCTEST -D_GNU_SOURCE -D__UAPI_DEF_ETHHDR -DRALINK_DBDC_MODE -pipe -funit-at-a-time -Wno-pointer-sign -mtune=mips32 -mips32 -DLINUX_KERNEL_VERSION=263366 --sysroot=/opt/lede-toolchain-ramips-mt7621_gcc-5.4.0_musl-1.1.24.Linux-x86_64/toolchain-mipsel_24kc_gcc-5.4.0_musl-1.1.24  -I/repo/Pass_GPL/asuswrt/release/src-ra-openwrt-4210/router/pppd/include -idirafter /repo/Pass_GPL/asuswrt/release/src-ra-openwrt-4210/router/kernel_header/include  conftest.c >&5
configure:4245: $? = 0
configure:4245: /opt/lede-toolchain-ramips-mt7621_gcc-5.4.0_musl-1.1.24.Linux-x86_64/toolchain-mipsel_24kc_gcc-5.4.0_musl-1.1.24/bin/mipsel-openwrt-linux-musl-gcc -c -g -O2 -DLINUX26 -DCONFIG_RALINK -DMUSL_LIBC -DDEBUG_NOISY -DDEBUG_RCTEST -D_GNU_SOURCE -D__UAPI_DEF_ETHHDR -DRALINK_DBDC_MODE -pipe -funit-at-a-time -Wno-pointer-sign -mtune=mips32 -mips32 -DLINUX_KERNEL_VERSION=263366 --sysroot=/opt/lede-toolchain-ramips-mt7621_gcc-5.4.0_musl-1.1.24.Linux-x86_64/toolchain-mipsel_24kc_gcc-5.4.0_musl-1.1.24  -I/repo/Pass_GPL/asuswrt/release/src-ra-openwrt-4210/router/pppd/include -idirafter /repo/Pass_GPL/asuswrt/release/src-ra-openwrt-4210/router/kernel_header/include  conftest.c >&5
configure:4245: $? = 0
configure:4259: result: 2
configure:4273: checking size of unsigned int
configure:4278: /opt/lede-toolchain-ramips-mt7621_gcc-5.4.0_musl-1.1.24.Linux-x86_64/toolchain-mipsel_24kc_gcc-5.4.0_musl-1.1.24/bin/mipsel-openwrt-linux-musl-gcc -c -g -O2 -DLINUX26 -DCONFIG_RALINK -DMUSL_LIBC -DDEBUG_NOISY -DDEBUG_RCTEST -D_GNU_SOURCE -D__UAPI_DEF_ETHHDR -DRALINK_DBDC_MODE -pipe -funit-at-a-time -Wno-pointer-sign -mtune=mips32 -mips32 -DLINUX_KERNEL_VERSION=263366 --sysroot=/opt/lede-toolchain-ramips-mt7621_gcc-5.4.0_musl-1.1.24.Linux-x86_64/toolchain-mipsel_24kc_gcc-5.4.0_musl-1.1.24  -I/repo/Pass_GPL/asuswrt/release/src-ra-openwrt-4210/router/pppd/include -idirafter /repo/Pass_GPL/asuswrt/release/src-ra-openwrt-4210/router/kernel_header/include  conftest.c >&5
configure:4278: $? = 0
configure:4278: /opt/lede-toolchain-ramips-mt7621_gcc-5.4.0_musl-1.1.24.Linux-x86_64/toolchain-mipsel_24kc_gcc-5.4.0_musl-1.1.24/bin/mipsel-openwrt-linux-musl-gcc -c -g -O2 -DLINUX26 -DCONFIG_RALINK -DMUSL_LIBC -DDEBUG_NOISY -DDEBUG_RCTEST -D_GNU_SOURCE -D__UAPI_DEF_ETHHDR -DRALINK_DBDC_MODE -pipe -funit-at-a-time -Wno-pointer-sign -mtune=mips32 -mips32 -DLINUX_KERNEL_VERSION=263366 --sysroot=/opt/lede-toolchain-ramips-mt7621_gcc-5.4.0_musl-1.1.24.Linux-x86_64/toolchain-mipsel_24kc_gcc-5.4.0_musl-1.1.24  -I/repo/Pass_GPL/asuswrt/release/src-ra-openwrt-4210/router/pppd/include -idirafter /repo/Pass_GPL/asuswrt/release/src-ra-openwrt-4210/router/kernel_header/include  conftest.c >&5
conftest.c: In function 'main':
conftest.c:84:12: error: size of array 'test_array' is negative
 static int test_array [1 - 2 * !(((long int) (sizeof (unsigned int))) <= 0)];
            ^
configure:4278: $? = 1
configure: failed program was:
| /* confdefs.h */
| #define PACKAGE_NAME ""
| #define PACKAGE_TARNAME ""
| #define PACKAGE_VERSION ""
| #define PACKAGE_STRING ""
| #define PACKAGE_BUGREPORT ""
| #define PACKAGE_URL ""
| #define STDC_HEADERS 1
| #define HAVE_SYS_WAIT_H 1
| #define HAVE_SYS_TYPES_H 1
| #define HAVE_SYS_STAT_H 1
| #define HAVE_STDLIB_H 1
| #define HAVE_STRING_H 1
| #define HAVE_MEMORY_H 1
| #define HAVE_STRINGS_H 1
| #define HAVE_INTTYPES_H 1
| #define HAVE_STDINT_H 1
| #define HAVE_UNISTD_H 1
| #define HAVE_FCNTL_H 1
| #define HAVE_SYS_IOCTL_H 1
| #define HAVE_SYS_TIME_H 1
| #define HAVE_SYSLOG_H 1
| #define HAVE_UNISTD_H 1
| #define HAVE_NET_IF_ARP_H 1
| #define HAVE_GETOPT_H 1
| #define HAVE_SYS_UIO_H 1
| #define HAVE_SYS_PARAM_H 1
| #define HAVE_FCNTL_H 1
| #define HAVE_NETPACKET_PACKET_H 1
| #define HAVE_ASM_TYPES_H 1
| #define HAVE_LINUX_IF_PACKET_H 1
| #define HAVE_LINUX_IF_ETHER_H 1
| #define HAVE_SYS_SOCKET_H 1
| #define HAVE_SYS_CDEFS_H 1
| #define HAVE_NET_IF_H 1
| #define HAVE_LINUX_IF_H 1
| #define HAVE_LINUX_IF_PPPOX_H 1
| #define TIME_WITH_SYS_TIME 1
| #define HAVE_STRUCT_SOCKADDR_LL 1
| #define HAVE_LINUX_KERNEL_PPPOE 1
| #define RETSIGTYPE void
| #define HAVE_SELECT 1
| #define HAVE_SOCKET 1
| #define HAVE_STRERROR 1
| #define HAVE_STRTOL 1
| #define SIZEOF_UNSIGNED_SHORT 2
| /* end confdefs.h.  */
| #include <stdio.h>
| #ifdef HAVE_SYS_TYPES_H
| # include <sys/types.h>
| #endif
| #ifdef HAVE_SYS_STAT_H
| # include <sys/stat.h>
| #endif
| #ifdef STDC_HEADERS
| # include <stdlib.h>
| # include <stddef.h>
| #else
| # ifdef HAVE_STDLIB_H
| #  include <stdlib.h>
| # endif
| #endif
| #ifdef HAVE_STRING_H
| # if !defined STDC_HEADERS && defined HAVE_MEMORY_H
| #  include <memory.h>
| # endif
| # include <string.h>
| #endif
| #ifdef HAVE_STRINGS_H
| # include <strings.h>
| #endif
| #ifdef HAVE_INTTYPES_H
| # include <inttypes.h>
| #endif
| #ifdef HAVE_STDINT_H
| # include <stdint.h>
| #endif
| #ifdef HAVE_UNISTD_H
| # include <unistd.h>
| #endif
| int
| main ()
| {
| static int test_array [1 - 2 * !(((long int) (sizeof (unsigned int))) <= 0)];
| test_array [0] = 0
| 
|   ;
|   return 0;
| }
configure:4278: /opt/lede-toolchain-ramips-mt7621_gcc-5.4.0_musl-1.1.24.Linux-x86_64/toolchain-mipsel_24kc_gcc-5.4.0_musl-1.1.24/bin/mipsel-openwrt-linux-musl-gcc -c -g -O2 -DLINUX26 -DCONFIG_RALINK -DMUSL_LIBC -DDEBUG_NOISY -DDEBUG_RCTEST -D_GNU_SOURCE -D__UAPI_DEF_ETHHDR -DRALINK_DBDC_MODE -pipe -funit-at-a-time -Wno-pointer-sign -mtune=mips32 -mips32 -DLINUX_KERNEL_VERSION=263366 --sysroot=/opt/lede-toolchain-ramips-mt7621_gcc-5.4.0_musl-1.1.24.Linux-x86_64/toolchain-mipsel_24kc_gcc-5.4.0_musl-1.1.24  -I/repo/Pass_GPL/asuswrt/release/src-ra-openwrt-4210/router/pppd/include -idirafter /repo/Pass_GPL/asuswrt/release/src-ra-openwrt-4210/router/kernel_header/include  conftest.c >&5
conftest.c: In function 'main':
conftest.c:84:12: error: size of array 'test_array' is negative
 static int test_array [1 - 2 * !(((long int) (sizeof (unsigned int))) <= 1)];
            ^
configure:4278: $? = 1
configure: failed program was:
| /* confdefs.h */
| #define PACKAGE_NAME ""
| #define PACKAGE_TARNAME ""
| #define PACKAGE_VERSION ""
| #define PACKAGE_STRING ""
| #define PACKAGE_BUGREPORT ""
| #define PACKAGE_URL ""
| #define STDC_HEADERS 1
| #define HAVE_SYS_WAIT_H 1
| #define HAVE_SYS_TYPES_H 1
| #define HAVE_SYS_STAT_H 1
| #define HAVE_STDLIB_H 1
| #define HAVE_STRING_H 1
| #define HAVE_MEMORY_H 1
| #define HAVE_STRINGS_H 1
| #define HAVE_INTTYPES_H 1
| #define HAVE_STDINT_H 1
| #define HAVE_UNISTD_H 1
| #define HAVE_FCNTL_H 1
| #define HAVE_SYS_IOCTL_H 1
| #define HAVE_SYS_TIME_H 1
| #define HAVE_SYSLOG_H 1
| #define HAVE_UNISTD_H 1
| #define HAVE_NET_IF_ARP_H 1
| #define HAVE_GETOPT_H 1
| #define HAVE_SYS_UIO_H 1
| #define HAVE_SYS_PARAM_H 1
| #define HAVE_FCNTL_H 1
| #define HAVE_NETPACKET_PACKET_H 1
| #define HAVE_ASM_TYPES_H 1
| #define HAVE_LINUX_IF_PACKET_H 1
| #define HAVE_LINUX_IF_ETHER_H 1
| #define HAVE_SYS_SOCKET_H 1
| #define HAVE_SYS_CDEFS_H 1
| #define HAVE_NET_IF_H 1
| #define HAVE_LINUX_IF_H 1
| #define HAVE_LINUX_IF_PPPOX_H 1
| #define TIME_WITH_SYS_TIME 1
| #define HAVE_STRUCT_SOCKADDR_LL 1
| #define HAVE_LINUX_KERNEL_PPPOE 1
| #define RETSIGTYPE void
| #define HAVE_SELECT 1
| #define HAVE_SOCKET 1
| #define HAVE_STRERROR 1
| #define HAVE_STRTOL 1
| #define SIZEOF_UNSIGNED_SHORT 2
| /* end confdefs.h.  */
| #include <stdio.h>
| #ifdef HAVE_SYS_TYPES_H
| # include <sys/types.h>
| #endif
| #ifdef HAVE_SYS_STAT_H
| # include <sys/stat.h>
| #endif
| #ifdef STDC_HEADERS
| # include <stdlib.h>
| # include <stddef.h>
| #else
| # ifdef HAVE_STDLIB_H
| #  include <stdlib.h>
| # endif
| #endif
| #ifdef HAVE_STRING_H
| # if !defined STDC_HEADERS && defined HAVE_MEMORY_H
| #  include <memory.h>
| # endif
| # include <string.h>
| #endif
| #ifdef HAVE_STRINGS_H
| # include <strings.h>
| #endif
| #ifdef HAVE_INTTYPES_H
| # include <inttypes.h>
| #endif
| #ifdef HAVE_STDINT_H
| # include <stdint.h>
| #endif
| #ifdef HAVE_UNISTD_H
| # include <unistd.h>
| #endif
| int
| main ()
| {
| static int test_array [1 - 2 * !(((long int) (sizeof (unsigned int))) <= 1)];
| test_array [0] = 0
| 
|   ;
|   return 0;
| }
configure:4278: /opt/lede-toolchain-ramips-mt7621_gcc-5.4.0_musl-1.1.24.Linux-x86_64/toolchain-mipsel_24kc_gcc-5.4.0_musl-1.1.24/bin/mipsel-openwrt-linux-musl-gcc -c -g -O2 -DLINUX26 -DCONFIG_RALINK -DMUSL_LIBC -DDEBUG_NOISY -DDEBUG_RCTEST -D_GNU_SOURCE -D__UAPI_DEF_ETHHDR -DRALINK_DBDC_MODE -pipe -funit-at-a-time -Wno-pointer-sign -mtune=mips32 -mips32 -DLINUX_KERNEL_VERSION=263366 --sysroot=/opt/lede-toolchain-ramips-mt7621_gcc-5.4.0_musl-1.1.24.Linux-x86_64/toolchain-mipsel_24kc_gcc-5.4.0_musl-1.1.24  -I/repo/Pass_GPL/asuswrt/release/src-ra-openwrt-4210/router/pppd/include -idirafter /repo/Pass_GPL/asuswrt/release/src-ra-openwrt-4210/router/kernel_header/include  conftest.c >&5
conftest.c: In function 'main':
conftest.c:84:12: error: size of array 'test_array' is negative
 static int test_array [1 - 2 * !(((long int) (sizeof (unsigned int))) <= 3)];
            ^
configure:4278: $? = 1
configure: failed program was:
| /* confdefs.h */
| #define PACKAGE_NAME ""
| #define PACKAGE_TARNAME ""
| #define PACKAGE_VERSION ""
| #define PACKAGE_STRING ""
| #define PACKAGE_BUGREPORT ""
| #define PACKAGE_URL ""
| #define STDC_HEADERS 1
| #define HAVE_SYS_WAIT_H 1
| #define HAVE_SYS_TYPES_H 1
| #define HAVE_SYS_STAT_H 1
| #define HAVE_STDLIB_H 1
| #define HAVE_STRING_H 1
| #define HAVE_MEMORY_H 1
| #define HAVE_STRINGS_H 1
| #define HAVE_INTTYPES_H 1
| #define HAVE_STDINT_H 1
| #define HAVE_UNISTD_H 1
| #define HAVE_FCNTL_H 1
| #define HAVE_SYS_IOCTL_H 1
| #define HAVE_SYS_TIME_H 1
| #define HAVE_SYSLOG_H 1
| #define HAVE_UNISTD_H 1
| #define HAVE_NET_IF_ARP_H 1
| #define HAVE_GETOPT_H 1
| #define HAVE_SYS_UIO_H 1
| #define HAVE_SYS_PARAM_H 1
| #define HAVE_FCNTL_H 1
| #define HAVE_NETPACKET_PACKET_H 1
| #define HAVE_ASM_TYPES_H 1
| #define HAVE_LINUX_IF_PACKET_H 1
| #define HAVE_LINUX_IF_ETHER_H 1
| #define HAVE_SYS_SOCKET_H 1
| #define HAVE_SYS_CDEFS_H 1
| #define HAVE_NET_IF_H 1
| #define HAVE_LINUX_IF_H 1
| #define HAVE_LINUX_IF_PPPOX_H 1
| #define TIME_WITH_SYS_TIME 1
| #define HAVE_STRUCT_SOCKADDR_LL 1
| #define HAVE_LINUX_KERNEL_PPPOE 1
| #define RETSIGTYPE void
| #define HAVE_SELECT 1
| #define HAVE_SOCKET 1
| #define HAVE_STRERROR 1
| #define HAVE_STRTOL 1
| #define SIZEOF_UNSIGNED_SHORT 2
| /* end confdefs.h.  */
| #include <stdio.h>
| #ifdef HAVE_SYS_TYPES_H
| # include <sys/types.h>
| #endif
| #ifdef HAVE_SYS_STAT_H
| # include <sys/stat.h>
| #endif
| #ifdef STDC_HEADERS
| # include <stdlib.h>
| # include <stddef.h>
| #else
| # ifdef HAVE_STDLIB_H
| #  include <stdlib.h>
| # endif
| #endif
| #ifdef HAVE_STRING_H
| # if !defined STDC_HEADERS && defined HAVE_MEMORY_H
| #  include <memory.h>
| # endif
| # include <string.h>
| #endif
| #ifdef HAVE_STRINGS_H
| # include <strings.h>
| #endif
| #ifdef HAVE_INTTYPES_H
| # include <inttypes.h>
| #endif
| #ifdef HAVE_STDINT_H
| # include <stdint.h>
| #endif
| #ifdef HAVE_UNISTD_H
| # include <unistd.h>
| #endif
| int
| main ()
| {
| static int test_array [1 - 2 * !(((long int) (sizeof (unsigned int))) <= 3)];
| test_array [0] = 0
| 
|   ;
|   return 0;
| }
configure:4278: /opt/lede-toolchain-ramips-mt7621_gcc-5.4.0_musl-1.1.24.Linux-x86_64/toolchain-mipsel_24kc_gcc-5.4.0_musl-1.1.24/bin/mipsel-openwrt-linux-musl-gcc -c -g -O2 -DLINUX26 -DCONFIG_RALINK -DMUSL_LIBC -DDEBUG_NOISY -DDEBUG_RCTEST -D_GNU_SOURCE -D__UAPI_DEF_ETHHDR -DRALINK_DBDC_MODE -pipe -funit-at-a-time -Wno-pointer-sign -mtune=mips32 -mips32 -DLINUX_KERNEL_VERSION=263366 --sysroot=/opt/lede-toolchain-ramips-mt7621_gcc-5.4.0_musl-1.1.24.Linux-x86_64/toolchain-mipsel_24kc_gcc-5.4.0_musl-1.1.24  -I/repo/Pass_GPL/asuswrt/release/src-ra-openwrt-4210/router/pppd/include -idirafter /repo/Pass_GPL/asuswrt/release/src-ra-openwrt-4210/router/kernel_header/include  conftest.c >&5
configure:4278: $? = 0
configure:4278: /opt/lede-toolchain-ramips-mt7621_gcc-5.4.0_musl-1.1.24.Linux-x86_64/toolchain-mipsel_24kc_gcc-5.4.0_musl-1.1.24/bin/mipsel-openwrt-linux-musl-gcc -c -g -O2 -DLINUX26 -DCONFIG_RALINK -DMUSL_LIBC -DDEBUG_NOISY -DDEBUG_RCTEST -D_GNU_SOURCE -D__UAPI_DEF_ETHHDR -DRALINK_DBDC_MODE -pipe -funit-at-a-time -Wno-pointer-sign -mtune=mips32 -mips32 -DLINUX_KERNEL_VERSION=263366 --sysroot=/opt/lede-toolchain-ramips-mt7621_gcc-5.4.0_musl-1.1.24.Linux-x86_64/toolchain-mipsel_24kc_gcc-5.4.0_musl-1.1.24  -I/repo/Pass_GPL/asuswrt/release/src-ra-openwrt-4210/router/pppd/include -idirafter /repo/Pass_GPL/asuswrt/release/src-ra-openwrt-4210/router/kernel_header/include  conftest.c >&5
configure:4278: $? = 0
configure:4278: /opt/lede-toolchain-ramips-mt7621_gcc-5.4.0_musl-1.1.24.Linux-x86_64/toolchain-mipsel_24kc_gcc-5.4.0_musl-1.1.24/bin/mipsel-openwrt-linux-musl-gcc -c -g -O2 -DLINUX26 -DCONFIG_RALINK -DMUSL_LIBC -DDEBUG_NOISY -DDEBUG_RCTEST -D_GNU_SOURCE -D__UAPI_DEF_ETHHDR -DRALINK_DBDC_MODE -pipe -funit-at-a-time -Wno-pointer-sign -mtune=mips32 -mips32 -DLINUX_KERNEL_VERSION=263366 --sysroot=/opt/lede-toolchain-ramips-mt7621_gcc-5.4.0_musl-1.1.24.Linux-x86_64/toolchain-mipsel_24kc_gcc-5.4.0_musl-1.1.24  -I/repo/Pass_GPL/asuswrt/release/src-ra-openwrt-4210/router/pppd/include -idirafter /repo/Pass_GPL/asuswrt/release/src-ra-openwrt-4210/router/kernel_header/include  conftest.c >&5
configure:4278: $? = 0
configure:4292: result: 4
configure:4306: checking size of unsigned long
configure:4311: /opt/lede-toolchain-ramips-mt7621_gcc-5.4.0_musl-1.1.24.Linux-x86_64/toolchain-mipsel_24kc_gcc-5.4.0_musl-1.1.24/bin/mipsel-openwrt-linux-musl-gcc -c -g -O2 -DLINUX26 -DCONFIG_RALINK -DMUSL_LIBC -DDEBUG_NOISY -DDEBUG_RCTEST -D_GNU_SOURCE -D__UAPI_DEF_ETHHDR -DRALINK_DBDC_MODE -pipe -funit-at-a-time -Wno-pointer-sign -mtune=mips32 -mips32 -DLINUX_KERNEL_VERSION=263366 --sysroot=/opt/lede-toolchain-ramips-mt7621_gcc-5.4.0_musl-1.1.24.Linux-x86_64/toolchain-mipsel_24kc_gcc-5.4.0_musl-1.1.24  -I/repo/Pass_GPL/asuswrt/release/src-ra-openwrt-4210/router/pppd/include -idirafter /repo/Pass_GPL/asuswrt/release/src-ra-openwrt-4210/router/kernel_header/include  conftest.c >&5
configure:4311: $? = 0
configure:4311: /opt/lede-toolchain-ramips-mt7621_gcc-5.4.0_musl-1.1.24.Linux-x86_64/toolchain-mipsel_24kc_gcc-5.4.0_musl-1.1.24/bin/mipsel-openwrt-linux-musl-gcc -c -g -O2 -DLINUX26 -DCONFIG_RALINK -DMUSL_LIBC -DDEBUG_NOISY -DDEBUG_RCTEST -D_GNU_SOURCE -D__UAPI_DEF_ETHHDR -DRALINK_DBDC_MODE -pipe -funit-at-a-time -Wno-pointer-sign -mtune=mips32 -mips32 -DLINUX_KERNEL_VERSION=263366 --sysroot=/opt/lede-toolchain-ramips-mt7621_gcc-5.4.0_musl-1.1.24.Linux-x86_64/toolchain-mipsel_24kc_gcc-5.4.0_musl-1.1.24  -I/repo/Pass_GPL/asuswrt/release/src-ra-openwrt-4210/router/pppd/include -idirafter /repo/Pass_GPL/asuswrt/release/src-ra-openwrt-4210/router/kernel_header/include  conftest.c >&5
conftest.c: In function 'main':
conftest.c:85:12: error: size of array 'test_array' is negative
 static int test_array [1 - 2 * !(((long int) (sizeof (unsigned long))) <= 0)];
            ^
configure:4311: $? = 1
configure: failed program was:
| /* confdefs.h */
| #define PACKAGE_NAME ""
| #define PACKAGE_TARNAME ""
| #define PACKAGE_VERSION ""
| #define PACKAGE_STRING ""
| #define PACKAGE_BUGREPORT ""
| #define PACKAGE_URL ""
| #define STDC_HEADERS 1
| #define HAVE_SYS_WAIT_H 1
| #define HAVE_SYS_TYPES_H 1
| #define HAVE_SYS_STAT_H 1
| #define HAVE_STDLIB_H 1
| #define HAVE_STRING_H 1
| #define HAVE_MEMORY_H 1
| #define HAVE_STRINGS_H 1
| #define HAVE_INTTYPES_H 1
| #define HAVE_STDINT_H 1
| #define HAVE_UNISTD_H 1
| #define HAVE_FCNTL_H 1
| #define HAVE_SYS_IOCTL_H 1
| #define HAVE_SYS_TIME_H 1
| #define HAVE_SYSLOG_H 1
| #define HAVE_UNISTD_H 1
| #define HAVE_NET_IF_ARP_H 1
| #define HAVE_GETOPT_H 1
| #define HAVE_SYS_UIO_H 1
| #define HAVE_SYS_PARAM_H 1
| #define HAVE_FCNTL_H 1
| #define HAVE_NETPACKET_PACKET_H 1
| #define HAVE_ASM_TYPES_H 1
| #define HAVE_LINUX_IF_PACKET_H 1
| #define HAVE_LINUX_IF_ETHER_H 1
| #define HAVE_SYS_SOCKET_H 1
| #define HAVE_SYS_CDEFS_H 1
| #define HAVE_NET_IF_H 1
| #define HAVE_LINUX_IF_H 1
| #define HAVE_LINUX_IF_PPPOX_H 1
| #define TIME_WITH_SYS_TIME 1
| #define HAVE_STRUCT_SOCKADDR_LL 1
| #define HAVE_LINUX_KERNEL_PPPOE 1
| #define RETSIGTYPE void
| #define HAVE_SELECT 1
| #define HAVE_SOCKET 1
| #define HAVE_STRERROR 1
| #define HAVE_STRTOL 1
| #define SIZEOF_UNSIGNED_SHORT 2
| #define SIZEOF_UNSIGNED_INT 4
| /* end confdefs.h.  */
| #include <stdio.h>
| #ifdef HAVE_SYS_TYPES_H
| # include <sys/types.h>
| #endif
| #ifdef HAVE_SYS_STAT_H
| # include <sys/stat.h>
| #endif
| #ifdef STDC_HEADERS
| # include <stdlib.h>
| # include <stddef.h>
| #else
| # ifdef HAVE_STDLIB_H
| #  include <stdlib.h>
| # endif
| #endif
| #ifdef HAVE_STRING_H
| # if !defined STDC_HEADERS && defined HAVE_MEMORY_H
| #  include <memory.h>
| # endif
| # include <string.h>
| #endif
| #ifdef HAVE_STRINGS_H
| # include <strings.h>
| #endif
| #ifdef HAVE_INTTYPES_H
| # include <inttypes.h>
| #endif
| #ifdef HAVE_STDINT_H
| # include <stdint.h>
| #endif
| #ifdef HAVE_UNISTD_H
| # include <unistd.h>
| #endif
| int
| main ()
| {
| static int test_array [1 - 2 * !(((long int) (sizeof (unsigned long))) <= 0)];
| test_array [0] = 0
| 
|   ;
|   return 0;
| }
configure:4311: /opt/lede-toolchain-ramips-mt7621_gcc-5.4.0_musl-1.1.24.Linux-x86_64/toolchain-mipsel_24kc_gcc-5.4.0_musl-1.1.24/bin/mipsel-openwrt-linux-musl-gcc -c -g -O2 -DLINUX26 -DCONFIG_RALINK -DMUSL_LIBC -DDEBUG_NOISY -DDEBUG_RCTEST -D_GNU_SOURCE -D__UAPI_DEF_ETHHDR -DRALINK_DBDC_MODE -pipe -funit-at-a-time -Wno-pointer-sign -mtune=mips32 -mips32 -DLINUX_KERNEL_VERSION=263366 --sysroot=/opt/lede-toolchain-ramips-mt7621_gcc-5.4.0_musl-1.1.24.Linux-x86_64/toolchain-mipsel_24kc_gcc-5.4.0_musl-1.1.24  -I/repo/Pass_GPL/asuswrt/release/src-ra-openwrt-4210/router/pppd/include -idirafter /repo/Pass_GPL/asuswrt/release/src-ra-openwrt-4210/router/kernel_header/include  conftest.c >&5
conftest.c: In function 'main':
conftest.c:85:12: error: size of array 'test_array' is negative
 static int test_array [1 - 2 * !(((long int) (sizeof (unsigned long))) <= 1)];
            ^
configure:4311: $? = 1
configure: failed program was:
| /* confdefs.h */
| #define PACKAGE_NAME ""
| #define PACKAGE_TARNAME ""
| #define PACKAGE_VERSION ""
| #define PACKAGE_STRING ""
| #define PACKAGE_BUGREPORT ""
| #define PACKAGE_URL ""
| #define STDC_HEADERS 1
| #define HAVE_SYS_WAIT_H 1
| #define HAVE_SYS_TYPES_H 1
| #define HAVE_SYS_STAT_H 1
| #define HAVE_STDLIB_H 1
| #define HAVE_STRING_H 1
| #define HAVE_MEMORY_H 1
| #define HAVE_STRINGS_H 1
| #define HAVE_INTTYPES_H 1
| #define HAVE_STDINT_H 1
| #define HAVE_UNISTD_H 1
| #define HAVE_FCNTL_H 1
| #define HAVE_SYS_IOCTL_H 1
| #define HAVE_SYS_TIME_H 1
| #define HAVE_SYSLOG_H 1
| #define HAVE_UNISTD_H 1
| #define HAVE_NET_IF_ARP_H 1
| #define HAVE_GETOPT_H 1
| #define HAVE_SYS_UIO_H 1
| #define HAVE_SYS_PARAM_H 1
| #define HAVE_FCNTL_H 1
| #define HAVE_NETPACKET_PACKET_H 1
| #define HAVE_ASM_TYPES_H 1
| #define HAVE_LINUX_IF_PACKET_H 1
| #define HAVE_LINUX_IF_ETHER_H 1
| #define HAVE_SYS_SOCKET_H 1
| #define HAVE_SYS_CDEFS_H 1
| #define HAVE_NET_IF_H 1
| #define HAVE_LINUX_IF_H 1
| #define HAVE_LINUX_IF_PPPOX_H 1
| #define TIME_WITH_SYS_TIME 1
| #define HAVE_STRUCT_SOCKADDR_LL 1
| #define HAVE_LINUX_KERNEL_PPPOE 1
| #define RETSIGTYPE void
| #define HAVE_SELECT 1
| #define HAVE_SOCKET 1
| #define HAVE_STRERROR 1
| #define HAVE_STRTOL 1
| #define SIZEOF_UNSIGNED_SHORT 2
| #define SIZEOF_UNSIGNED_INT 4
| /* end confdefs.h.  */
| #include <stdio.h>
| #ifdef HAVE_SYS_TYPES_H
| # include <sys/types.h>
| #endif
| #ifdef HAVE_SYS_STAT_H
| # include <sys/stat.h>
| #endif
| #ifdef STDC_HEADERS
| # include <stdlib.h>
| # include <stddef.h>
| #else
| # ifdef HAVE_STDLIB_H
| #  include <stdlib.h>
| # endif
| #endif
| #ifdef HAVE_STRING_H
| # if !defined STDC_HEADERS && defined HAVE_MEMORY_H
| #  include <memory.h>
| # endif
| # include <string.h>
| #endif
| #ifdef HAVE_STRINGS_H
| # include <strings.h>
| #endif
| #ifdef HAVE_INTTYPES_H
| # include <inttypes.h>
| #endif
| #ifdef HAVE_STDINT_H
| # include <stdint.h>
| #endif
| #ifdef HAVE_UNISTD_H
| # include <unistd.h>
| #endif
| int
| main ()
| {
| static int test_array [1 - 2 * !(((long int) (sizeof (unsigned long))) <= 1)];
| test_array [0] = 0
| 
|   ;
|   return 0;
| }
configure:4311: /opt/lede-toolchain-ramips-mt7621_gcc-5.4.0_musl-1.1.24.Linux-x86_64/toolchain-mipsel_24kc_gcc-5.4.0_musl-1.1.24/bin/mipsel-openwrt-linux-musl-gcc -c -g -O2 -DLINUX26 -DCONFIG_RALINK -DMUSL_LIBC -DDEBUG_NOISY -DDEBUG_RCTEST -D_GNU_SOURCE -D__UAPI_DEF_ETHHDR -DRALINK_DBDC_MODE -pipe -funit-at-a-time -Wno-pointer-sign -mtune=mips32 -mips32 -DLINUX_KERNEL_VERSION=263366 --sysroot=/opt/lede-toolchain-ramips-mt7621_gcc-5.4.0_musl-1.1.24.Linux-x86_64/toolchain-mipsel_24kc_gcc-5.4.0_musl-1.1.24  -I/repo/Pass_GPL/asuswrt/release/src-ra-openwrt-4210/router/pppd/include -idirafter /repo/Pass_GPL/asuswrt/release/src-ra-openwrt-4210/router/kernel_header/include  conftest.c >&5
conftest.c: In function 'main':
conftest.c:85:12: error: size of array 'test_array' is negative
 static int test_array [1 - 2 * !(((long int) (sizeof (unsigned long))) <= 3)];
            ^
configure:4311: $? = 1
configure: failed program was:
| /* confdefs.h */
| #define PACKAGE_NAME ""
| #define PACKAGE_TARNAME ""
| #define PACKAGE_VERSION ""
| #define PACKAGE_STRING ""
| #define PACKAGE_BUGREPORT ""
| #define PACKAGE_URL ""
| #define STDC_HEADERS 1
| #define HAVE_SYS_WAIT_H 1
| #define HAVE_SYS_TYPES_H 1
| #define HAVE_SYS_STAT_H 1
| #define HAVE_STDLIB_H 1
| #define HAVE_STRING_H 1
| #define HAVE_MEMORY_H 1
| #define HAVE_STRINGS_H 1
| #define HAVE_INTTYPES_H 1
| #define HAVE_STDINT_H 1
| #define HAVE_UNISTD_H 1
| #define HAVE_FCNTL_H 1
| #define HAVE_SYS_IOCTL_H 1
| #define HAVE_SYS_TIME_H 1
| #define HAVE_SYSLOG_H 1
| #define HAVE_UNISTD_H 1
| #define HAVE_NET_IF_ARP_H 1
| #define HAVE_GETOPT_H 1
| #define HAVE_SYS_UIO_H 1
| #define HAVE_SYS_PARAM_H 1
| #define HAVE_FCNTL_H 1
| #define HAVE_NETPACKET_PACKET_H 1
| #define HAVE_ASM_TYPES_H 1
| #define HAVE_LINUX_IF_PACKET_H 1
| #define HAVE_LINUX_IF_ETHER_H 1
| #define HAVE_SYS_SOCKET_H 1
| #define HAVE_SYS_CDEFS_H 1
| #define HAVE_NET_IF_H 1
| #define HAVE_LINUX_IF_H 1
| #define HAVE_LINUX_IF_PPPOX_H 1
| #define TIME_WITH_SYS_TIME 1
| #define HAVE_STRUCT_SOCKADDR_LL 1
| #define HAVE_LINUX_KERNEL_PPPOE 1
| #define RETSIGTYPE void
| #define HAVE_SELECT 1
| #define HAVE_SOCKET 1
| #define HAVE_STRERROR 1
| #define HAVE_STRTOL 1
| #define SIZEOF_UNSIGNED_SHORT 2
| #define SIZEOF_UNSIGNED_INT 4
| /* end confdefs.h.  */
| #include <stdio.h>
| #ifdef HAVE_SYS_TYPES_H
| # include <sys/types.h>
| #endif
| #ifdef HAVE_SYS_STAT_H
| # include <sys/stat.h>
| #endif
| #ifdef STDC_HEADERS
| # include <stdlib.h>
| # include <stddef.h>
| #else
| # ifdef HAVE_STDLIB_H
| #  include <stdlib.h>
| # endif
| #endif
| #ifdef HAVE_STRING_H
| # if !defined STDC_HEADERS && defined HAVE_MEMORY_H
| #  include <memory.h>
| # endif
| # include <string.h>
| #endif
| #ifdef HAVE_STRINGS_H
| # include <strings.h>
| #endif
| #ifdef HAVE_INTTYPES_H
| # include <inttypes.h>
| #endif
| #ifdef HAVE_STDINT_H
| # include <stdint.h>
| #endif
| #ifdef HAVE_UNISTD_H
| # include <unistd.h>
| #endif
| int
| main ()
| {
| static int test_array [1 - 2 * !(((long int) (sizeof (unsigned long))) <= 3)];
| test_array [0] = 0
| 
|   ;
|   return 0;
| }
configure:4311: /opt/lede-toolchain-ramips-mt7621_gcc-5.4.0_musl-1.1.24.Linux-x86_64/toolchain-mipsel_24kc_gcc-5.4.0_musl-1.1.24/bin/mipsel-openwrt-linux-musl-gcc -c -g -O2 -DLINUX26 -DCONFIG_RALINK -DMUSL_LIBC -DDEBUG_NOISY -DDEBUG_RCTEST -D_GNU_SOURCE -D__UAPI_DEF_ETHHDR -DRALINK_DBDC_MODE -pipe -funit-at-a-time -Wno-pointer-sign -mtune=mips32 -mips32 -DLINUX_KERNEL_VERSION=263366 --sysroot=/opt/lede-toolchain-ramips-mt7621_gcc-5.4.0_musl-1.1.24.Linux-x86_64/toolchain-mipsel_24kc_gcc-5.4.0_musl-1.1.24  -I/repo/Pass_GPL/asuswrt/release/src-ra-openwrt-4210/router/pppd/include -idirafter /repo/Pass_GPL/asuswrt/release/src-ra-openwrt-4210/router/kernel_header/include  conftest.c >&5
configure:4311: $? = 0
configure:4311: /opt/lede-toolchain-ramips-mt7621_gcc-5.4.0_musl-1.1.24.Linux-x86_64/toolchain-mipsel_24kc_gcc-5.4.0_musl-1.1.24/bin/mipsel-openwrt-linux-musl-gcc -c -g -O2 -DLINUX26 -DCONFIG_RALINK -DMUSL_LIBC -DDEBUG_NOISY -DDEBUG_RCTEST -D_GNU_SOURCE -D__UAPI_DEF_ETHHDR -DRALINK_DBDC_MODE -pipe -funit-at-a-time -Wno-pointer-sign -mtune=mips32 -mips32 -DLINUX_KERNEL_VERSION=263366 --sysroot=/opt/lede-toolchain-ramips-mt7621_gcc-5.4.0_musl-1.1.24.Linux-x86_64/toolchain-mipsel_24kc_gcc-5.4.0_musl-1.1.24  -I/repo/Pass_GPL/asuswrt/release/src-ra-openwrt-4210/router/pppd/include -idirafter /repo/Pass_GPL/asuswrt/release/src-ra-openwrt-4210/router/kernel_header/include  conftest.c >&5
configure:4311: $? = 0
configure:4311: /opt/lede-toolchain-ramips-mt7621_gcc-5.4.0_musl-1.1.24.Linux-x86_64/toolchain-mipsel_24kc_gcc-5.4.0_musl-1.1.24/bin/mipsel-openwrt-linux-musl-gcc -c -g -O2 -DLINUX26 -DCONFIG_RALINK -DMUSL_LIBC -DDEBUG_NOISY -DDEBUG_RCTEST -D_GNU_SOURCE -D__UAPI_DEF_ETHHDR -DRALINK_DBDC_MODE -pipe -funit-at-a-time -Wno-pointer-sign -mtune=mips32 -mips32 -DLINUX_KERNEL_VERSION=263366 --sysroot=/opt/lede-toolchain-ramips-mt7621_gcc-5.4.0_musl-1.1.24.Linux-x86_64/toolchain-mipsel_24kc_gcc-5.4.0_musl-1.1.24  -I/repo/Pass_GPL/asuswrt/release/src-ra-openwrt-4210/router/pppd/include -idirafter /repo/Pass_GPL/asuswrt/release/src-ra-openwrt-4210/router/kernel_header/include  conftest.c >&5
configure:4311: $? = 0
configure:4325: result: 4
configure:4338: checking for pppd
configure:4370: result: NOTFOUND
configure:4380: checking for echo
configure:4398: found /bin/echo
configure:4411: result: /bin/echo
configure:4422: checking for setsid
configure:4441: found /usr/bin/setsid
configure:4454: result: /usr/bin/setsid
configure:4465: checking for id
configure:4484: found /usr/bin/id
configure:4497: result: /usr/bin/id
configure:4506: checking for Linux 2.4.X kernel-mode PPPoE support
configure:4553: result: yes
configure:4568: WARNING: *** Oops!  I couldn't find pppd, the PPP daemon anywhere.
configure:4570: WARNING: *** You must install pppd, version 2.3.10 or later.
configure:4572: WARNING: *** I will keep going, but it may not work.
configure:4603: WARNING: *** Oops.  I cannot figure out what version of pppd you have.
configure:4605: WARNING: *** All I got back was ''
configure:4607: WARNING: *** I will keep going, but it may not work.
configure:4612: checking packing order of bit fields
configure:4663: result: reversed
configure:4841: creating ./config.status

## ---------------------- ##
## Running config.status. ##
## ---------------------- ##

This file was extended by config.status, which was
generated by GNU Autoconf 2.67.  Invocation command line was

  CONFIG_FILES    = 
  CONFIG_HEADERS  = 
  CONFIG_LINKS    = 
  CONFIG_COMMANDS = 
  $ ./config.status 

on 820a0eb7ac91

config.status:878: creating Makefile
config.status:981: WARNING:  'Makefile.in' seems to ignore the --datarootdir setting
config.status:878: creating libevent/Makefile
config.status:878: creating ../scripts/pppoe-connect
config.status:878: creating ../scripts/pppoe-start
config.status:878: creating ../scripts/pppoe-stop
config.status:878: creating ../scripts/pppoe-init
config.status:878: creating ../scripts/pppoe-init-suse
config.status:878: creating ../scripts/pppoe-init-turbolinux
config.status:878: creating ../scripts/pppoe-setup
config.status:878: creating ../gui/Makefile
config.status:981: WARNING:  '../gui/Makefile.in' seems to ignore the --datarootdir setting
config.status:878: creating ../gui/tkpppoe
config.status:878: creating config.h
configure:6025: result: On this platform, the following targets will be built:
configure:6027: result: pppoe pppoe-server pppoe-sniff pppoe-relay rp-pppoe.so
configure:6029: result: Type 'make' to compile the software.

## ---------------- ##
## Cache variables. ##
## ---------------- ##

ac_cv_c_compiler_gnu=yes
ac_cv_c_const=yes
ac_cv_debugging=no
ac_cv_env_CC_set=set
ac_cv_env_CC_value=/opt/lede-toolchain-ramips-mt7621_gcc-5.4.0_musl-1.1.24.Linux-x86_64/toolchain-mipsel_24kc_gcc-5.4.0_musl-1.1.24/bin/mipsel-openwrt-linux-musl-gcc
ac_cv_env_CFLAGS_set=set
ac_cv_env_CFLAGS_value='-g -O2 -DLINUX26 -DCONFIG_RALINK -DMUSL_LIBC -DDEBUG_NOISY -DDEBUG_RCTEST -D_GNU_SOURCE -D__UAPI_DEF_ETHHDR -DRALINK_DBDC_MODE -pipe -funit-at-a-time -Wno-pointer-sign -mtune=mips32 -mips32 -DLINUX_KERNEL_VERSION=263366 --sysroot=/opt/lede-toolchain-ramips-mt7621_gcc-5.4.0_musl-1.1.24.Linux-x86_64/toolchain-mipsel_24kc_gcc-5.4.0_musl-1.1.24  -I/repo/Pass_GPL/asuswrt/release/src-ra-openwrt-4210/router/pppd/include -idirafter /repo/Pass_GPL/asuswrt/release/src-ra-openwrt-4210/router/kernel_header/include'
ac_cv_env_CPPFLAGS_set=
ac_cv_env_CPPFLAGS_value=
ac_cv_env_CPP_set=
ac_cv_env_CPP_value=
ac_cv_env_LDFLAGS_set=
ac_cv_env_LDFLAGS_value=
ac_cv_env_LIBS_set=
ac_cv_env_LIBS_value=
ac_cv_env_build_alias_set=set
ac_cv_env_build_alias_value=x86_64-linux-gnu
ac_cv_env_host_alias_set=set
ac_cv_env_host_alias_value=mipsel-linux
ac_cv_env_target_alias_set=
ac_cv_env_target_alias_value=
ac_cv_func_memcmp_working=no
ac_cv_func_select=yes
ac_cv_func_setvbuf_reversed=no
ac_cv_func_socket=yes
ac_cv_func_strerror=yes
ac_cv_func_strtol=yes
ac_cv_header_asm_types_h=yes
ac_cv_header_fcntl_h=yes
ac_cv_header_getopt_h=yes
ac_cv_header_inttypes_h=yes
ac_cv_header_linux_if_ether_h=yes
ac_cv_header_linux_if_h=yes
ac_cv_header_linux_if_packet_h=yes
ac_cv_header_linux_if_pppox_h=yes
ac_cv_header_memory_h=yes
ac_cv_header_net_bpf_h=no
ac_cv_header_net_ethernet_h=no
ac_cv_header_net_if_arp_h=yes
ac_cv_header_net_if_dl_h=no
ac_cv_header_net_if_ether_h=no
ac_cv_header_net_if_h=yes
ac_cv_header_net_if_types_h=no
ac_cv_header_netinet_if_ether_h=no
ac_cv_header_netpacket_packet_h=yes
ac_cv_header_stdc=yes
ac_cv_header_stdint_h=yes
ac_cv_header_stdlib_h=yes
ac_cv_header_string_h=yes
ac_cv_header_strings_h=yes
ac_cv_header_sys_cdefs_h=yes
ac_cv_header_sys_dlpi_h=no
ac_cv_header_sys_ioctl_h=yes
ac_cv_header_sys_param_h=yes
ac_cv_header_sys_socket_h=yes
ac_cv_header_sys_stat_h=yes
ac_cv_header_sys_time_h=yes
ac_cv_header_sys_types_h=yes
ac_cv_header_sys_uio_h=yes
ac_cv_header_sys_wait_h=yes
ac_cv_header_syslog_h=yes
ac_cv_header_time=yes
ac_cv_header_unistd_h=yes
ac_cv_licpath=no
ac_cv_linux_kernel_pppoe=yes
ac_cv_n_hdlc=no
ac_cv_objext=o
ac_cv_path_ECHO=/bin/echo
ac_cv_path_EGREP='/bin/grep -E'
ac_cv_path_GREP=/bin/grep
ac_cv_path_ID=/usr/bin/id
ac_cv_path_PPPD=NOTFOUND
ac_cv_path_SETSID=/usr/bin/setsid
ac_cv_path_install='/usr/bin/install -c'
ac_cv_pluginpath=/repo/Pass_GPL/asuswrt/release/src-ra-openwrt-4210/router/pppd
ac_cv_prog_CC=/opt/lede-toolchain-ramips-mt7621_gcc-5.4.0_musl-1.1.24.Linux-x86_64/toolchain-mipsel_24kc_gcc-5.4.0_musl-1.1.24/bin/mipsel-openwrt-linux-musl-gcc
ac_cv_prog_CPP='/opt/lede-toolchain-ramips-mt7621_gcc-5.4.0_musl-1.1.24.Linux-x86_64/toolchain-mipsel_24kc_gcc-5.4.0_musl-1.1.24/bin/mipsel-openwrt-linux-musl-gcc -E'
ac_cv_prog_RANLIB=/opt/lede-toolchain-ramips-mt7621_gcc-5.4.0_musl-1.1.24.Linux-x86_64/toolchain-mipsel_24kc_gcc-5.4.0_musl-1.1.24/bin/mipsel-openwrt-linux-musl-ranlib
ac_cv_prog_cc_c89=
ac_cv_prog_cc_g=yes
ac_cv_sizeof_unsigned_int=4
ac_cv_sizeof_unsigned_long=4
ac_cv_sizeof_unsigned_short=2
ac_cv_struct_sockaddr_ll=yes
ac_cv_struct_tm=time.h
ac_cv_type_pid_t=yes
ac_cv_type_signal=void
rpppoe_cv_pack_bitfields=rev

## ----------------- ##
## Output variables. ##
## ----------------- ##

CC='/opt/lede-toolchain-ramips-mt7621_gcc-5.4.0_musl-1.1.24.Linux-x86_64/toolchain-mipsel_24kc_gcc-5.4.0_musl-1.1.24/bin/mipsel-openwrt-linux-musl-gcc'
CFLAGS='-g -O2 -DLINUX26 -DCONFIG_RALINK -DMUSL_LIBC -DDEBUG_NOISY -DDEBUG_RCTEST -D_GNU_SOURCE -D__UAPI_DEF_ETHHDR -DRALINK_DBDC_MODE -pipe -funit-at-a-time -Wno-pointer-sign -mtune=mips32 -mips32 -DLINUX_KERNEL_VERSION=263366 --sysroot=/opt/lede-toolchain-ramips-mt7621_gcc-5.4.0_musl-1.1.24.Linux-x86_64/toolchain-mipsel_24kc_gcc-5.4.0_musl-1.1.24  -I/repo/Pass_GPL/asuswrt/release/src-ra-openwrt-4210/router/pppd/include -idirafter /repo/Pass_GPL/asuswrt/release/src-ra-openwrt-4210/router/kernel_header/include -fno-strict-aliasing -Wall -Wstrict-prototypes'
CPP='/opt/lede-toolchain-ramips-mt7621_gcc-5.4.0_musl-1.1.24.Linux-x86_64/toolchain-mipsel_24kc_gcc-5.4.0_musl-1.1.24/bin/mipsel-openwrt-linux-musl-gcc -E'
CPPFLAGS=''
DEFS='-DHAVE_CONFIG_H'
ECHO='/bin/echo'
ECHO_C=''
ECHO_N='-n'
ECHO_T=''
EGREP='/bin/grep -E'
EXEEXT=''
GREP='/bin/grep'
ID='/usr/bin/id'
INSTALL_DATA='${INSTALL} -m 644'
INSTALL_PROGRAM='${INSTALL}'
INSTALL_SCRIPT='${INSTALL}'
LDFLAGS=''
LIBEVENT='../libevent'
LIBOBJS=' ${LIBOBJDIR}memcmp$U.o'
LIBS=''
LIC_DEFINE=''
LIC_INCDIR=''
LIC_LIB=''
LIC_LIBDIR=''
LIC_MAKEFILE_INCLUDE=''
LINUX_KERNELMODE_PLUGIN='rp-pppoe.so'
LTLIBOBJS=' ${LIBOBJDIR}memcmp$U.lo'
OBJEXT='o'
PACKAGE_BUGREPORT=''
PACKAGE_NAME=''
PACKAGE_STRING=''
PACKAGE_TARNAME=''
PACKAGE_URL=''
PACKAGE_VERSION=''
PATH_SEPARATOR=':'
PPPD='pppd'
PPPD_H=''
PPPD_INCDIR='/repo/Pass_GPL/asuswrt/release/src-ra-openwrt-4210/router/pppd'
PPPOE_RELAY='pppoe-relay'
PPPOE_SERVER_DEPS=''
RANLIB='/opt/lede-toolchain-ramips-mt7621_gcc-5.4.0_musl-1.1.24.Linux-x86_64/toolchain-mipsel_24kc_gcc-5.4.0_musl-1.1.24/bin/mipsel-openwrt-linux-musl-ranlib'
RDYNAMIC=''
SETSID='/usr/bin/setsid'
SHELL='/bin/sh'
TARGETS='pppoe pppoe-server pppoe-sniff pppoe-relay rp-pppoe.so'
WRAPPER='/usr/sbin/pppoe-wrapper'
ac_ct_CC=''
bindir='${exec_prefix}/bin'
build_alias='x86_64-linux-gnu'
datadir='${datarootdir}'
datadir_evaluated='${prefix}/share'
datarootdir='${prefix}/share'
docdir='${datarootdir}/doc/${PACKAGE}'
dvidir='${docdir}'
exec_prefix='${prefix}'
host_alias='mipsel-linux'
htmldir='${docdir}'
includedir='${prefix}/include'
infodir='${datarootdir}/info'
libdir='${exec_prefix}/lib'
libexecdir='${exec_prefix}/libexec'
localedir='${datarootdir}/locale'
localstatedir='${prefix}/var'
mandir='${datarootdir}/man'
oldincludedir='/usr/include'
pdfdir='${docdir}'
prefix='/usr'
program_transform_name='s,x,x,'
psdir='${docdir}'
sbindir='${exec_prefix}/sbin'
sharedstatedir='${prefix}/com'
sysconfdir='${prefix}/etc'
target_alias=''

## ----------- ##
## confdefs.h. ##
## ----------- ##

/* confdefs.h */
#define PACKAGE_NAME ""
#define PACKAGE_TARNAME ""
#define PACKAGE_VERSION ""
#define PACKAGE_STRING ""
#define PACKAGE_BUGREPORT ""
#define PACKAGE_URL ""
#define STDC_HEADERS 1
#define HAVE_SYS_WAIT_H 1
#define HAVE_SYS_TYPES_H 1
#define HAVE_SYS_STAT_H 1
#define HAVE_STDLIB_H 1
#define HAVE_STRING_H 1
#define HAVE_MEMORY_H 1
#define HAVE_STRINGS_H 1
#define HAVE_INTTYPES_H 1
#define HAVE_STDINT_H 1
#define HAVE_UNISTD_H 1
#define HAVE_FCNTL_H 1
#define HAVE_SYS_IOCTL_H 1
#define HAVE_SYS_TIME_H 1
#define HAVE_SYSLOG_H 1
#define HAVE_UNISTD_H 1
#define HAVE_NET_IF_ARP_H 1
#define HAVE_GETOPT_H 1
#define HAVE_SYS_UIO_H 1
#define HAVE_SYS_PARAM_H 1
#define HAVE_FCNTL_H 1
#define HAVE_NETPACKET_PACKET_H 1
#define HAVE_ASM_TYPES_H 1
#define HAVE_LINUX_IF_PACKET_H 1
#define HAVE_LINUX_IF_ETHER_H 1
#define HAVE_SYS_SOCKET_H 1
#define HAVE_SYS_CDEFS_H 1
#define HAVE_NET_IF_H 1
#define HAVE_LINUX_IF_H 1
#define HAVE_LINUX_IF_PPPOX_H 1
#define TIME_WITH_SYS_TIME 1
#define HAVE_STRUCT_SOCKADDR_LL 1
#define HAVE_LINUX_KERNEL_PPPOE 1
#define RETSIGTYPE void
#define HAVE_SELECT 1
#define HAVE_SOCKET 1
#define HAVE_STRERROR 1
#define HAVE_STRTOL 1
#define SIZEOF_UNSIGNED_SHORT 2
#define SIZEOF_UNSIGNED_INT 4
#define SIZEOF_UNSIGNED_LONG 4
#define PACK_BITFIELDS_REVERSED 1

configure: exit 0
