This file contains any messages produced by compilers while
running configure, to aid debugging if configure makes a mistake.

It was created by dlib configure 1.0, which was
generated by GNU Autoconf 2.61.  Invocation command line was

  $ ./configure 

## --------- ##
## Platform. ##
## --------- ##

hostname = 820a0eb7ac91
uname -m = x86_64
uname -r = 6.8.0-137-generic
uname -s = Linux
uname -v = #137-Ubuntu SMP PREEMPT_DYNAMIC Fri Jul 17 20:28:23 UTC 2026

/usr/bin/uname -p = unknown
/bin/uname -X     = unknown

/bin/arch              = unknown
/usr/bin/arch -k       = unknown
/usr/convex/getsysinfo = unknown
/usr/bin/hostinfo      = unknown
/bin/machine           = unknown
/usr/bin/oslevel       = unknown
/bin/universe          = unknown

PATH: /repo/Pass_GPL/asuswrt/release/tools
PATH: /repo/Pass_GPL/asuswrt/release/src-ra-openwrt-4210/ctools
PATH: /repo/Pass_GPL/asuswrt/release/tools
PATH: /repo/Pass_GPL/asuswrt/release/src-ra-openwrt-4210/ctools
PATH: /repo/Pass_GPL/asuswrt/release/tools
PATH: /repo/Pass_GPL/asuswrt/release/src-ra-openwrt-4210/ctools
PATH: /usr/local/sbin
PATH: /usr/local/bin
PATH: /usr/sbin
PATH: /usr/bin
PATH: /sbin
PATH: /bin
PATH: /home/asuswrt/bin
PATH: /home/asuswrt/mybash
PATH: /opt/buildroot-gcc342/bin
PATH: /opt/buildroot-gcc463/bin
PATH: /opt/brcm/hndtools-mipsel-linux/bin
PATH: /opt/brcm/hndtools-mipsel-uclibc/bin
PATH: /opt/projects/hnd/tools/linux/hndtools-arm-linux-2.6.36-uclibc-4.5.3/bin
PATH: /opt/projects/hnd/tools/linux/hndtools-arm-linux-2.6.36-uclibc-4.5.3/arm-linux/bin
PATH: /opt/projects/hnd/tools/linux/hndtools-arm-linux-2.6.36-uclibc-4.5.3/usr/bin
PATH: /opt/toolchains/crosstools-arm-gcc-5.3-linux-4.1-glibc-2.22-binutils-2.25/usr/bin
PATH: /opt/toolchains/crosstools-aarch64-gcc-5.3-linux-4.1-glibc-2.22-binutils-2.25/usr/bin
PATH: /opt/toolchains/crosstools-arm-gcc-9.2-linux-4.19-glibc-2.30-binutils-2.32/usr/lib
PATH: /opt/toolchains/crosstools-aarch64-gcc-9.2-linux-4.19-glibc-2.30-binutils-2.32/bin
PATH: /opt/toolchains/crosstools-arm-gcc-10.3-linux-4.19-glibc-2.32-binutils-2.36.1/bin
PATH: /opt/toolchains/crosstools-aarch64-gcc-10.3-linux-4.19-glibc-2.32-binutils-2.36.1/bin
PATH: /opt/openwrt-gcc463.arm/bin
PATH: /opt/openwrt-gcc463.mips.mesh/bin
PATH: /opt/openwrt-gcc520_musl.aarch64/bin
PATH: /opt/openwrt-gcc840_musl.aarch64/bin


## ----------- ##
## Core tests. ##
## ----------- ##

configure:1752: checking for gcc
configure:1779: result: /opt/lede-toolchain-ramips-mt7621_gcc-5.4.0_musl-1.1.24.Linux-x86_64/toolchain-mipsel_24kc_gcc-5.4.0_musl-1.1.24/bin/mipsel-openwrt-linux-musl-gcc
configure:2017: checking for C compiler version
configure:2024: /opt/lede-toolchain-ramips-mt7621_gcc-5.4.0_musl-1.1.24.Linux-x86_64/toolchain-mipsel_24kc_gcc-5.4.0_musl-1.1.24/bin/mipsel-openwrt-linux-musl-gcc --version >&5
mipsel-openwrt-linux-musl-gcc.bin (LEDE GCC 5.4.0 unknown) 5.4.0
Copyright (C) 2015 Free Software Foundation, Inc.
This is free software; see the source for copying conditions.  There is NO
warranty; not even for MERCHANTABILITY or FITNESS FOR A PARTICULAR PURPOSE.

configure:2027: $? = 0
configure:2034: /opt/lede-toolchain-ramips-mt7621_gcc-5.4.0_musl-1.1.24.Linux-x86_64/toolchain-mipsel_24kc_gcc-5.4.0_musl-1.1.24/bin/mipsel-openwrt-linux-musl-gcc -v >&5
Reading specs from /opt/lede-toolchain-ramips-mt7621_gcc-5.4.0_musl-1.1.24.Linux-x86_64/toolchain-mipsel_24kc_gcc-5.4.0_musl-1.1.24/bin/../lib/gcc/mipsel-openwrt-linux-musl/5.4.0/specs
COLLECT_GCC=mipsel-openwrt-linux-musl-gcc.bin
COLLECT_LTO_WRAPPER=/opt/lede-toolchain-ramips-mt7621_gcc-5.4.0_musl-1.1.24.Linux-x86_64/toolchain-mipsel_24kc_gcc-5.4.0_musl-1.1.24/bin/../libexec/gcc/mipsel-openwrt-linux-musl/5.4.0/lto-wrapper
Target: mipsel-openwrt-linux-musl
Configured with: /data2/heidi_wen/SW4_git/OpenWRT_4210_20230308/mtk-openwrt-lede-4.2.1.0/build_dir/toolchain-mipsel_24kc_gcc-5.4.0_musl-1.1.24/gcc-5.4.0/configure --with-bugurl=http://www.lede-project.org/bugs/ --with-pkgversion='LEDE GCC 5.4.0 unknown' --prefix=/data2/heidi_wen/SW4_git/OpenWRT_4210_20230308/mtk-openwrt-lede-4.2.1.0/staging_dir/toolchain-mipsel_24kc_gcc-5.4.0_musl-1.1.24 --build=x86_64-linux-gnu --host=x86_64-linux-gnu --target=mipsel-openwrt-linux-musl --with-gnu-ld --enable-target-optspace --disable-libgomp --disable-libmudflap --disable-multilib --disable-libmpx --disable-nls --without-isl --without-cloog --with-host-libstdcxx=-lstdc++ --with-float=soft --with-gmp=/data2/heidi_wen/SW4_git/OpenWRT_4210_20230308/mtk-openwrt-lede-4.2.1.0/staging_dir/host --with-mpfr=/data2/heidi_wen/SW4_git/OpenWRT_4210_20230308/mtk-openwrt-lede-4.2.1.0/staging_dir/host --with-mpc=/data2/heidi_wen/SW4_git/OpenWRT_4210_20230308/mtk-openwrt-lede-4.2.1.0/staging_dir/host --disable-decimal-float --with-mips-plt --with-diagnostics-color=auto-if-env --disable-libssp --enable-__cxa_atexit --with-headers=/data2/heidi_wen/SW4_git/OpenWRT_4210_20230308/mtk-openwrt-lede-4.2.1.0/staging_dir/toolchain-mipsel_24kc_gcc-5.4.0_musl-1.1.24/include --disable-libsanitizer --enable-languages=c,c++ --enable-shared --enable-threads --with-slibdir=/data2/heidi_wen/SW4_git/OpenWRT_4210_20230308/mtk-openwrt-lede-4.2.1.0/staging_dir/toolchain-mipsel_24kc_gcc-5.4.0_musl-1.1.24/lib --enable-lto --with-libelf=/data2/heidi_wen/SW4_git/OpenWRT_4210_20230308/mtk-openwrt-lede-4.2.1.0/staging_dir/host
Thread model: posix
gcc version 5.4.0 (LEDE GCC 5.4.0 unknown) 
COMPILER_PATH=/opt/lede-toolchain-ramips-mt7621_gcc-5.4.0_musl-1.1.24.Linux-x86_64/toolchain-mipsel_24kc_gcc-5.4.0_musl-1.1.24/bin/../libexec/gcc/mipsel-openwrt-linux-musl/5.4.0/:/opt/lede-toolchain-ramips-mt7621_gcc-5.4.0_musl-1.1.24.Linux-x86_64/toolchain-mipsel_24kc_gcc-5.4.0_musl-1.1.24/bin/../libexec/gcc/:/opt/lede-toolchain-ramips-mt7621_gcc-5.4.0_musl-1.1.24.Linux-x86_64/toolchain-mipsel_24kc_gcc-5.4.0_musl-1.1.24/bin/../lib/gcc/mipsel-openwrt-linux-musl/5.4.0/../../../../mipsel-openwrt-linux-musl/bin/
LIBRARY_PATH=/opt/lede-toolchain-ramips-mt7621_gcc-5.4.0_musl-1.1.24.Linux-x86_64/toolchain-mipsel_24kc_gcc-5.4.0_musl-1.1.24/bin/../lib/gcc/mipsel-openwrt-linux-musl/5.4.0/:/opt/lede-toolchain-ramips-mt7621_gcc-5.4.0_musl-1.1.24.Linux-x86_64/toolchain-mipsel_24kc_gcc-5.4.0_musl-1.1.24/bin/../lib/gcc/:/opt/lede-toolchain-ramips-mt7621_gcc-5.4.0_musl-1.1.24.Linux-x86_64/toolchain-mipsel_24kc_gcc-5.4.0_musl-1.1.24/bin/../lib/gcc/mipsel-openwrt-linux-musl/5.4.0/../../../../mipsel-openwrt-linux-musl/lib/
COLLECT_GCC_OPTIONS='-v' '-msoft-float' '-mllsc' '-mplt' '-mno-shared' '-EL' '-mabi=32'
 /opt/lede-toolchain-ramips-mt7621_gcc-5.4.0_musl-1.1.24.Linux-x86_64/toolchain-mipsel_24kc_gcc-5.4.0_musl-1.1.24/bin/../libexec/gcc/mipsel-openwrt-linux-musl/5.4.0/collect2 -plugin /opt/lede-toolchain-ramips-mt7621_gcc-5.4.0_musl-1.1.24.Linux-x86_64/toolchain-mipsel_24kc_gcc-5.4.0_musl-1.1.24/bin/../libexec/gcc/mipsel-openwrt-linux-musl/5.4.0/liblto_plugin.so -plugin-opt=/opt/lede-toolchain-ramips-mt7621_gcc-5.4.0_musl-1.1.24.Linux-x86_64/toolchain-mipsel_24kc_gcc-5.4.0_musl-1.1.24/bin/../libexec/gcc/mipsel-openwrt-linux-musl/5.4.0/lto-wrapper -plugin-opt=-fresolution=/tmp/cccwWTz0.res -plugin-opt=-pass-through=-lgcc_s -plugin-opt=-pass-through=-lc -plugin-opt=-pass-through=-lgcc_s --sysroot=/opt/lede-toolchain-ramips-mt7621_gcc-5.4.0_musl-1.1.24.Linux-x86_64/toolchain-mipsel_24kc_gcc-5.4.0_musl-1.1.24/bin//../.. --eh-frame-hdr -EL -dynamic-linker /lib/ld-musl-mipsel-sf.so.1 -melf32ltsmip /opt/lede-toolchain-ramips-mt7621_gcc-5.4.0_musl-1.1.24.Linux-x86_64/toolchain-mipsel_24kc_gcc-5.4.0_musl-1.1.24/bin/../lib/gcc/mipsel-openwrt-linux-musl/5.4.0/../../../../mipsel-openwrt-linux-musl/lib/crt1.o /opt/lede-toolchain-ramips-mt7621_gcc-5.4.0_musl-1.1.24.Linux-x86_64/toolchain-mipsel_24kc_gcc-5.4.0_musl-1.1.24/bin/../lib/gcc/mipsel-openwrt-linux-musl/5.4.0/../../../../mipsel-openwrt-linux-musl/lib/crti.o /opt/lede-toolchain-ramips-mt7621_gcc-5.4.0_musl-1.1.24.Linux-x86_64/toolchain-mipsel_24kc_gcc-5.4.0_musl-1.1.24/bin/../lib/gcc/mipsel-openwrt-linux-musl/5.4.0/crtbegin.o -L /opt/lede-toolchain-ramips-mt7621_gcc-5.4.0_musl-1.1.24.Linux-x86_64/toolchain-mipsel_24kc_gcc-5.4.0_musl-1.1.24/usr/lib -rpath-link /opt/lede-toolchain-ramips-mt7621_gcc-5.4.0_musl-1.1.24.Linux-x86_64/toolchain-mipsel_24kc_gcc-5.4.0_musl-1.1.24/usr/lib -L/opt/lede-toolchain-ramips-mt7621_gcc-5.4.0_musl-1.1.24.Linux-x86_64/toolchain-mipsel_24kc_gcc-5.4.0_musl-1.1.24/bin/../lib/gcc/mipsel-openwrt-linux-musl/5.4.0 -L/opt/lede-toolchain-ramips-mt7621_gcc-5.4.0_musl-1.1.24.Linux-x86_64/toolchain-mipsel_24kc_gcc-5.4.0_musl-1.1.24/bin/../lib/gcc -L/opt/lede-toolchain-ramips-mt7621_gcc-5.4.0_musl-1.1.24.Linux-x86_64/toolchain-mipsel_24kc_gcc-5.4.0_musl-1.1.24/bin/../lib/gcc/mipsel-openwrt-linux-musl/5.4.0/../../../../mipsel-openwrt-linux-musl/lib -rpath=/opt/lede-toolchain-ramips-mt7621_gcc-5.4.0_musl-1.1.24.Linux-x86_64/toolchain-mipsel_24kc_gcc-5.4.0_musl-1.1.24/bin//../../lib:/opt/lede-toolchain-ramips-mt7621_gcc-5.4.0_musl-1.1.24.Linux-x86_64/toolchain-mipsel_24kc_gcc-5.4.0_musl-1.1.24/bin//../../usr/lib -lssp_nonshared -lgcc_s -lc -lgcc_s /opt/lede-toolchain-ramips-mt7621_gcc-5.4.0_musl-1.1.24.Linux-x86_64/toolchain-mipsel_24kc_gcc-5.4.0_musl-1.1.24/bin/../lib/gcc/mipsel-openwrt-linux-musl/5.4.0/crtend.o /opt/lede-toolchain-ramips-mt7621_gcc-5.4.0_musl-1.1.24.Linux-x86_64/toolchain-mipsel_24kc_gcc-5.4.0_musl-1.1.24/bin/../lib/gcc/mipsel-openwrt-linux-musl/5.4.0/../../../../mipsel-openwrt-linux-musl/lib/crtn.o
/opt/lede-toolchain-ramips-mt7621_gcc-5.4.0_musl-1.1.24.Linux-x86_64/toolchain-mipsel_24kc_gcc-5.4.0_musl-1.1.24/bin/../lib/gcc/mipsel-openwrt-linux-musl/5.4.0/../../../../mipsel-openwrt-linux-musl/lib/crt1.o: In function `_start_c':
/data2/heidi_wen/SW4_git/OpenWRT_4210_20230308/mtk-openwrt-lede-4.2.1.0/build_dir/toolchain-mipsel_24kc_gcc-5.4.0_musl-1.1.24/musl-1.1.24/crt/crt1.c:18: undefined reference to `main'
/data2/heidi_wen/SW4_git/OpenWRT_4210_20230308/mtk-openwrt-lede-4.2.1.0/build_dir/toolchain-mipsel_24kc_gcc-5.4.0_musl-1.1.24/musl-1.1.24/crt/crt1.c:18: undefined reference to `main'
collect2: error: ld returned 1 exit status
configure:2037: $? = 1
configure:2044: /opt/lede-toolchain-ramips-mt7621_gcc-5.4.0_musl-1.1.24.Linux-x86_64/toolchain-mipsel_24kc_gcc-5.4.0_musl-1.1.24/bin/mipsel-openwrt-linux-musl-gcc -V >&5
mipsel-openwrt-linux-musl-gcc.bin: error: unrecognized command line option '-V'
configure:2047: $? = 1
configure:2070: checking for C compiler default output file name
configure:2097: /opt/lede-toolchain-ramips-mt7621_gcc-5.4.0_musl-1.1.24.Linux-x86_64/toolchain-mipsel_24kc_gcc-5.4.0_musl-1.1.24/bin/mipsel-openwrt-linux-musl-gcc -Os -Wall -I/repo/Pass_GPL/asuswrt/release/src-ra-openwrt-4210/router/mipsel-musl/stage/usr/include -I/repo/Pass_GPL/asuswrt/release/src-ra-openwrt-4210/router/nt_center/lib -I/repo/Pass_GPL/asuswrt/release/src-ra-openwrt-4210/router/sqlite -DRTCONFIG_NOTIFICATION_CENTER -Wall -W -DUSE_GNU_STRFTIME -I/repo/Pass_GPL/asuswrt/release/src-ra-openwrt-4210/router/email-3.1.3 -I/repo/Pass_GPL/asuswrt/release/src-ra-openwrt-4210/router/email-3.1.3/src -I/repo/Pass_GPL/asuswrt/release/src-ra-openwrt-4210/router/email-3.1.3/include -I../include -I/repo/Pass_GPL/asuswrt/release/src-ra-openwrt-4210/router/email-3.1.3/dlib/include -I../dlib/include -DEMAIL_VERSION='"3.1.3"' -DCOMPILE_DATE='"10/31/2010-01:13:35PM_EDT"' -DEMAIL_DIR='"/etc/email"'  -L/repo/Pass_GPL/asuswrt/release/src-ra-openwrt-4210/router/mipsel-musl/stage/usr/lib -L/repo/Pass_GPL/asuswrt/release/src-ra-openwrt-4210/router/nt_center/lib -L/repo/Pass_GPL/asuswrt/release/src-ra-openwrt-4210/router/sqlite/.libs conftest.c   -lnt -lsqlite3 -lpthread -lcrypto -lssl  >&5
configure:2100: $? = 0
configure:2138: result: a.out
configure:2155: checking whether the C compiler works
configure:2165: ./a.out
./configure: line 2166: ./a.out: cannot execute binary file: Exec format error
configure:2168: $? = 126
configure:2185: result: yes
configure:2192: checking whether we are cross compiling
configure:2194: result: yes
configure:2197: checking for suffix of executables
configure:2204: /opt/lede-toolchain-ramips-mt7621_gcc-5.4.0_musl-1.1.24.Linux-x86_64/toolchain-mipsel_24kc_gcc-5.4.0_musl-1.1.24/bin/mipsel-openwrt-linux-musl-gcc -o conftest -Os -Wall -I/repo/Pass_GPL/asuswrt/release/src-ra-openwrt-4210/router/mipsel-musl/stage/usr/include -I/repo/Pass_GPL/asuswrt/release/src-ra-openwrt-4210/router/nt_center/lib -I/repo/Pass_GPL/asuswrt/release/src-ra-openwrt-4210/router/sqlite -DRTCONFIG_NOTIFICATION_CENTER -Wall -W -DUSE_GNU_STRFTIME -I/repo/Pass_GPL/asuswrt/release/src-ra-openwrt-4210/router/email-3.1.3 -I/repo/Pass_GPL/asuswrt/release/src-ra-openwrt-4210/router/email-3.1.3/src -I/repo/Pass_GPL/asuswrt/release/src-ra-openwrt-4210/router/email-3.1.3/include -I../include -I/repo/Pass_GPL/asuswrt/release/src-ra-openwrt-4210/router/email-3.1.3/dlib/include -I../dlib/include -DEMAIL_VERSION='"3.1.3"' -DCOMPILE_DATE='"10/31/2010-01:13:35PM_EDT"' -DEMAIL_DIR='"/etc/email"'  -L/repo/Pass_GPL/asuswrt/release/src-ra-openwrt-4210/router/mipsel-musl/stage/usr/lib -L/repo/Pass_GPL/asuswrt/release/src-ra-openwrt-4210/router/nt_center/lib -L/repo/Pass_GPL/asuswrt/release/src-ra-openwrt-4210/router/sqlite/.libs conftest.c   -lnt -lsqlite3 -lpthread -lcrypto -lssl  >&5
configure:2207: $? = 0
configure:2231: result: 
configure:2237: checking for suffix of object files
configure:2263: /opt/lede-toolchain-ramips-mt7621_gcc-5.4.0_musl-1.1.24.Linux-x86_64/toolchain-mipsel_24kc_gcc-5.4.0_musl-1.1.24/bin/mipsel-openwrt-linux-musl-gcc -c -Os -Wall -I/repo/Pass_GPL/asuswrt/release/src-ra-openwrt-4210/router/mipsel-musl/stage/usr/include -I/repo/Pass_GPL/asuswrt/release/src-ra-openwrt-4210/router/nt_center/lib -I/repo/Pass_GPL/asuswrt/release/src-ra-openwrt-4210/router/sqlite -DRTCONFIG_NOTIFICATION_CENTER -Wall -W -DUSE_GNU_STRFTIME -I/repo/Pass_GPL/asuswrt/release/src-ra-openwrt-4210/router/email-3.1.3 -I/repo/Pass_GPL/asuswrt/release/src-ra-openwrt-4210/router/email-3.1.3/src -I/repo/Pass_GPL/asuswrt/release/src-ra-openwrt-4210/router/email-3.1.3/include -I../include -I/repo/Pass_GPL/asuswrt/release/src-ra-openwrt-4210/router/email-3.1.3/dlib/include -I../dlib/include -DEMAIL_VERSION='"3.1.3"' -DCOMPILE_DATE='"10/31/2010-01:13:35PM_EDT"' -DEMAIL_DIR='"/etc/email"'  conftest.c >&5
configure:2266: $? = 0
configure:2289: result: o
configure:2293: checking whether we are using the GNU C compiler
configure:2322: /opt/lede-toolchain-ramips-mt7621_gcc-5.4.0_musl-1.1.24.Linux-x86_64/toolchain-mipsel_24kc_gcc-5.4.0_musl-1.1.24/bin/mipsel-openwrt-linux-musl-gcc -c -Os -Wall -I/repo/Pass_GPL/asuswrt/release/src-ra-openwrt-4210/router/mipsel-musl/stage/usr/include -I/repo/Pass_GPL/asuswrt/release/src-ra-openwrt-4210/router/nt_center/lib -I/repo/Pass_GPL/asuswrt/release/src-ra-openwrt-4210/router/sqlite -DRTCONFIG_NOTIFICATION_CENTER -Wall -W -DUSE_GNU_STRFTIME -I/repo/Pass_GPL/asuswrt/release/src-ra-openwrt-4210/router/email-3.1.3 -I/repo/Pass_GPL/asuswrt/release/src-ra-openwrt-4210/router/email-3.1.3/src -I/repo/Pass_GPL/asuswrt/release/src-ra-openwrt-4210/router/email-3.1.3/include -I../include -I/repo/Pass_GPL/asuswrt/release/src-ra-openwrt-4210/router/email-3.1.3/dlib/include -I../dlib/include -DEMAIL_VERSION='"3.1.3"' -DCOMPILE_DATE='"10/31/2010-01:13:35PM_EDT"' -DEMAIL_DIR='"/etc/email"'  conftest.c >&5
configure:2328: $? = 0
configure:2345: result: yes
configure:2350: checking whether /opt/lede-toolchain-ramips-mt7621_gcc-5.4.0_musl-1.1.24.Linux-x86_64/toolchain-mipsel_24kc_gcc-5.4.0_musl-1.1.24/bin/mipsel-openwrt-linux-musl-gcc accepts -g
configure:2380: /opt/lede-toolchain-ramips-mt7621_gcc-5.4.0_musl-1.1.24.Linux-x86_64/toolchain-mipsel_24kc_gcc-5.4.0_musl-1.1.24/bin/mipsel-openwrt-linux-musl-gcc -c -g  conftest.c >&5
configure:2386: $? = 0
configure:2485: result: yes
configure:2502: checking for /opt/lede-toolchain-ramips-mt7621_gcc-5.4.0_musl-1.1.24.Linux-x86_64/toolchain-mipsel_24kc_gcc-5.4.0_musl-1.1.24/bin/mipsel-openwrt-linux-musl-gcc option to accept ISO C89
configure:2576: /opt/lede-toolchain-ramips-mt7621_gcc-5.4.0_musl-1.1.24.Linux-x86_64/toolchain-mipsel_24kc_gcc-5.4.0_musl-1.1.24/bin/mipsel-openwrt-linux-musl-gcc  -c -Os -Wall -I/repo/Pass_GPL/asuswrt/release/src-ra-openwrt-4210/router/mipsel-musl/stage/usr/include -I/repo/Pass_GPL/asuswrt/release/src-ra-openwrt-4210/router/nt_center/lib -I/repo/Pass_GPL/asuswrt/release/src-ra-openwrt-4210/router/sqlite -DRTCONFIG_NOTIFICATION_CENTER -Wall -W -DUSE_GNU_STRFTIME -I/repo/Pass_GPL/asuswrt/release/src-ra-openwrt-4210/router/email-3.1.3 -I/repo/Pass_GPL/asuswrt/release/src-ra-openwrt-4210/router/email-3.1.3/src -I/repo/Pass_GPL/asuswrt/release/src-ra-openwrt-4210/router/email-3.1.3/include -I../include -I/repo/Pass_GPL/asuswrt/release/src-ra-openwrt-4210/router/email-3.1.3/dlib/include -I../dlib/include -DEMAIL_VERSION='"3.1.3"' -DCOMPILE_DATE='"10/31/2010-01:13:35PM_EDT"' -DEMAIL_DIR='"/etc/email"'  conftest.c >&5
configure:2582: $? = 0
configure:2605: result: none needed
configure:2623: checking whether make sets $(MAKE)
configure:2644: result: yes
configure:2668: checking for special C compiler options needed for large files
configure:2761: result: no
configure:2767: checking for _FILE_OFFSET_BITS value needed for large files
configure:2802: /opt/lede-toolchain-ramips-mt7621_gcc-5.4.0_musl-1.1.24.Linux-x86_64/toolchain-mipsel_24kc_gcc-5.4.0_musl-1.1.24/bin/mipsel-openwrt-linux-musl-gcc -c -Os -Wall -I/repo/Pass_GPL/asuswrt/release/src-ra-openwrt-4210/router/mipsel-musl/stage/usr/include -I/repo/Pass_GPL/asuswrt/release/src-ra-openwrt-4210/router/nt_center/lib -I/repo/Pass_GPL/asuswrt/release/src-ra-openwrt-4210/router/sqlite -DRTCONFIG_NOTIFICATION_CENTER -Wall -W -DUSE_GNU_STRFTIME -I/repo/Pass_GPL/asuswrt/release/src-ra-openwrt-4210/router/email-3.1.3 -I/repo/Pass_GPL/asuswrt/release/src-ra-openwrt-4210/router/email-3.1.3/src -I/repo/Pass_GPL/asuswrt/release/src-ra-openwrt-4210/router/email-3.1.3/include -I../include -I/repo/Pass_GPL/asuswrt/release/src-ra-openwrt-4210/router/email-3.1.3/dlib/include -I../dlib/include -DEMAIL_VERSION='"3.1.3"' -DCOMPILE_DATE='"10/31/2010-01:13:35PM_EDT"' -DEMAIL_DIR='"/etc/email"'  conftest.c >&5
configure:2808: $? = 0
configure:2876: result: no
configure:3018: checking for socket in -lsocket
configure:3053: /opt/lede-toolchain-ramips-mt7621_gcc-5.4.0_musl-1.1.24.Linux-x86_64/toolchain-mipsel_24kc_gcc-5.4.0_musl-1.1.24/bin/mipsel-openwrt-linux-musl-gcc -o conftest -Os -Wall -I/repo/Pass_GPL/asuswrt/release/src-ra-openwrt-4210/router/mipsel-musl/stage/usr/include -I/repo/Pass_GPL/asuswrt/release/src-ra-openwrt-4210/router/nt_center/lib -I/repo/Pass_GPL/asuswrt/release/src-ra-openwrt-4210/router/sqlite -DRTCONFIG_NOTIFICATION_CENTER -Wall -W -DUSE_GNU_STRFTIME -I/repo/Pass_GPL/asuswrt/release/src-ra-openwrt-4210/router/email-3.1.3 -I/repo/Pass_GPL/asuswrt/release/src-ra-openwrt-4210/router/email-3.1.3/src -I/repo/Pass_GPL/asuswrt/release/src-ra-openwrt-4210/router/email-3.1.3/include -I../include -I/repo/Pass_GPL/asuswrt/release/src-ra-openwrt-4210/router/email-3.1.3/dlib/include -I../dlib/include -DEMAIL_VERSION='"3.1.3"' -DCOMPILE_DATE='"10/31/2010-01:13:35PM_EDT"' -DEMAIL_DIR='"/etc/email"' -Wall -W  -L/repo/Pass_GPL/asuswrt/release/src-ra-openwrt-4210/router/mipsel-musl/stage/usr/lib -L/repo/Pass_GPL/asuswrt/release/src-ra-openwrt-4210/router/nt_center/lib -L/repo/Pass_GPL/asuswrt/release/src-ra-openwrt-4210/router/sqlite/.libs conftest.c -lsocket    -lnt -lsqlite3 -lpthread -lcrypto -lssl  >&5
/opt/lede-toolchain-ramips-mt7621_gcc-5.4.0_musl-1.1.24.Linux-x86_64/toolchain-mipsel_24kc_gcc-5.4.0_musl-1.1.24/bin/../lib/gcc/mipsel-openwrt-linux-musl/5.4.0/../../../../mipsel-openwrt-linux-musl/bin/ld: cannot find -lsocket
collect2: error: ld returned 1 exit status
configure:3059: $? = 1
configure: failed program was:
| /* confdefs.h.  */
| #define PACKAGE_NAME "dlib"
| #define PACKAGE_TARNAME "dlib"
| #define PACKAGE_VERSION "1.0"
| #define PACKAGE_STRING "dlib 1.0"
| #define PACKAGE_BUGREPORT "<deanjones@cleancode.org>"
| /* end confdefs.h.  */
| 
| /* Override any GCC internal prototype to avoid an error.
|    Use char because int might match the return type of a GCC
|    builtin and then its argument prototype would still apply.  */
| #ifdef __cplusplus
| extern "C"
| #endif
| char socket ();
| int
| main ()
| {
| return socket ();
|   ;
|   return 0;
| }
configure:3077: result: no
configure:3089: checking for sqrt in -lm
configure:3124: /opt/lede-toolchain-ramips-mt7621_gcc-5.4.0_musl-1.1.24.Linux-x86_64/toolchain-mipsel_24kc_gcc-5.4.0_musl-1.1.24/bin/mipsel-openwrt-linux-musl-gcc -o conftest -Os -Wall -I/repo/Pass_GPL/asuswrt/release/src-ra-openwrt-4210/router/mipsel-musl/stage/usr/include -I/repo/Pass_GPL/asuswrt/release/src-ra-openwrt-4210/router/nt_center/lib -I/repo/Pass_GPL/asuswrt/release/src-ra-openwrt-4210/router/sqlite -DRTCONFIG_NOTIFICATION_CENTER -Wall -W -DUSE_GNU_STRFTIME -I/repo/Pass_GPL/asuswrt/release/src-ra-openwrt-4210/router/email-3.1.3 -I/repo/Pass_GPL/asuswrt/release/src-ra-openwrt-4210/router/email-3.1.3/src -I/repo/Pass_GPL/asuswrt/release/src-ra-openwrt-4210/router/email-3.1.3/include -I../include -I/repo/Pass_GPL/asuswrt/release/src-ra-openwrt-4210/router/email-3.1.3/dlib/include -I../dlib/include -DEMAIL_VERSION='"3.1.3"' -DCOMPILE_DATE='"10/31/2010-01:13:35PM_EDT"' -DEMAIL_DIR='"/etc/email"' -Wall -W  -L/repo/Pass_GPL/asuswrt/release/src-ra-openwrt-4210/router/mipsel-musl/stage/usr/lib -L/repo/Pass_GPL/asuswrt/release/src-ra-openwrt-4210/router/nt_center/lib -L/repo/Pass_GPL/asuswrt/release/src-ra-openwrt-4210/router/sqlite/.libs conftest.c -lm    -lnt -lsqlite3 -lpthread -lcrypto -lssl  >&5
conftest.c:15:6: warning: conflicting types for built-in function 'sqrt'
 char sqrt ();
      ^
configure:3130: $? = 0
configure:3148: result: yes
configure:3160: checking for gethostbyname in -lnsl
configure:3195: /opt/lede-toolchain-ramips-mt7621_gcc-5.4.0_musl-1.1.24.Linux-x86_64/toolchain-mipsel_24kc_gcc-5.4.0_musl-1.1.24/bin/mipsel-openwrt-linux-musl-gcc -o conftest -Os -Wall -I/repo/Pass_GPL/asuswrt/release/src-ra-openwrt-4210/router/mipsel-musl/stage/usr/include -I/repo/Pass_GPL/asuswrt/release/src-ra-openwrt-4210/router/nt_center/lib -I/repo/Pass_GPL/asuswrt/release/src-ra-openwrt-4210/router/sqlite -DRTCONFIG_NOTIFICATION_CENTER -Wall -W -DUSE_GNU_STRFTIME -I/repo/Pass_GPL/asuswrt/release/src-ra-openwrt-4210/router/email-3.1.3 -I/repo/Pass_GPL/asuswrt/release/src-ra-openwrt-4210/router/email-3.1.3/src -I/repo/Pass_GPL/asuswrt/release/src-ra-openwrt-4210/router/email-3.1.3/include -I../include -I/repo/Pass_GPL/asuswrt/release/src-ra-openwrt-4210/router/email-3.1.3/dlib/include -I../dlib/include -DEMAIL_VERSION='"3.1.3"' -DCOMPILE_DATE='"10/31/2010-01:13:35PM_EDT"' -DEMAIL_DIR='"/etc/email"' -Wall -W  -L/repo/Pass_GPL/asuswrt/release/src-ra-openwrt-4210/router/mipsel-musl/stage/usr/lib -L/repo/Pass_GPL/asuswrt/release/src-ra-openwrt-4210/router/nt_center/lib -L/repo/Pass_GPL/asuswrt/release/src-ra-openwrt-4210/router/sqlite/.libs conftest.c -lnsl  -lm   -lnt -lsqlite3 -lpthread -lcrypto -lssl  >&5
/opt/lede-toolchain-ramips-mt7621_gcc-5.4.0_musl-1.1.24.Linux-x86_64/toolchain-mipsel_24kc_gcc-5.4.0_musl-1.1.24/bin/../lib/gcc/mipsel-openwrt-linux-musl/5.4.0/../../../../mipsel-openwrt-linux-musl/bin/ld: cannot find -lnsl
collect2: error: ld returned 1 exit status
configure:3201: $? = 1
configure: failed program was:
| /* confdefs.h.  */
| #define PACKAGE_NAME "dlib"
| #define PACKAGE_TARNAME "dlib"
| #define PACKAGE_VERSION "1.0"
| #define PACKAGE_STRING "dlib 1.0"
| #define PACKAGE_BUGREPORT "<deanjones@cleancode.org>"
| #define HAVE_LIBM 1
| /* end confdefs.h.  */
| 
| /* Override any GCC internal prototype to avoid an error.
|    Use char because int might match the return type of a GCC
|    builtin and then its argument prototype would still apply.  */
| #ifdef __cplusplus
| extern "C"
| #endif
| char gethostbyname ();
| int
| main ()
| {
| return gethostbyname ();
|   ;
|   return 0;
| }
configure:3219: result: no
configure:3232: checking for SSL_new in -lssl
configure:3267: /opt/lede-toolchain-ramips-mt7621_gcc-5.4.0_musl-1.1.24.Linux-x86_64/toolchain-mipsel_24kc_gcc-5.4.0_musl-1.1.24/bin/mipsel-openwrt-linux-musl-gcc -o conftest -Os -Wall -I/repo/Pass_GPL/asuswrt/release/src-ra-openwrt-4210/router/mipsel-musl/stage/usr/include -I/repo/Pass_GPL/asuswrt/release/src-ra-openwrt-4210/router/nt_center/lib -I/repo/Pass_GPL/asuswrt/release/src-ra-openwrt-4210/router/sqlite -DRTCONFIG_NOTIFICATION_CENTER -Wall -W -DUSE_GNU_STRFTIME -I/repo/Pass_GPL/asuswrt/release/src-ra-openwrt-4210/router/email-3.1.3 -I/repo/Pass_GPL/asuswrt/release/src-ra-openwrt-4210/router/email-3.1.3/src -I/repo/Pass_GPL/asuswrt/release/src-ra-openwrt-4210/router/email-3.1.3/include -I../include -I/repo/Pass_GPL/asuswrt/release/src-ra-openwrt-4210/router/email-3.1.3/dlib/include -I../dlib/include -DEMAIL_VERSION='"3.1.3"' -DCOMPILE_DATE='"10/31/2010-01:13:35PM_EDT"' -DEMAIL_DIR='"/etc/email"' -Wall -W  -L/repo/Pass_GPL/asuswrt/release/src-ra-openwrt-4210/router/mipsel-musl/stage/usr/lib -L/repo/Pass_GPL/asuswrt/release/src-ra-openwrt-4210/router/nt_center/lib -L/repo/Pass_GPL/asuswrt/release/src-ra-openwrt-4210/router/sqlite/.libs conftest.c -lssl  -lm   -lnt -lsqlite3 -lpthread -lcrypto -lssl  >&5
configure:3273: $? = 0
configure:3291: result: yes
configure:3303: checking for X509_free in -lcrypto
configure:3338: /opt/lede-toolchain-ramips-mt7621_gcc-5.4.0_musl-1.1.24.Linux-x86_64/toolchain-mipsel_24kc_gcc-5.4.0_musl-1.1.24/bin/mipsel-openwrt-linux-musl-gcc -o conftest -Os -Wall -I/repo/Pass_GPL/asuswrt/release/src-ra-openwrt-4210/router/mipsel-musl/stage/usr/include -I/repo/Pass_GPL/asuswrt/release/src-ra-openwrt-4210/router/nt_center/lib -I/repo/Pass_GPL/asuswrt/release/src-ra-openwrt-4210/router/sqlite -DRTCONFIG_NOTIFICATION_CENTER -Wall -W -DUSE_GNU_STRFTIME -I/repo/Pass_GPL/asuswrt/release/src-ra-openwrt-4210/router/email-3.1.3 -I/repo/Pass_GPL/asuswrt/release/src-ra-openwrt-4210/router/email-3.1.3/src -I/repo/Pass_GPL/asuswrt/release/src-ra-openwrt-4210/router/email-3.1.3/include -I../include -I/repo/Pass_GPL/asuswrt/release/src-ra-openwrt-4210/router/email-3.1.3/dlib/include -I../dlib/include -DEMAIL_VERSION='"3.1.3"' -DCOMPILE_DATE='"10/31/2010-01:13:35PM_EDT"' -DEMAIL_DIR='"/etc/email"' -Wall -W  -L/repo/Pass_GPL/asuswrt/release/src-ra-openwrt-4210/router/mipsel-musl/stage/usr/lib -L/repo/Pass_GPL/asuswrt/release/src-ra-openwrt-4210/router/nt_center/lib -L/repo/Pass_GPL/asuswrt/release/src-ra-openwrt-4210/router/sqlite/.libs conftest.c -lcrypto  -lssl -lm   -lnt -lsqlite3 -lpthread -lcrypto -lssl  >&5
configure:3344: $? = 0
configure:3362: result: yes
configure:3374: checking for RAND_seed in -lcrypto
configure:3409: /opt/lede-toolchain-ramips-mt7621_gcc-5.4.0_musl-1.1.24.Linux-x86_64/toolchain-mipsel_24kc_gcc-5.4.0_musl-1.1.24/bin/mipsel-openwrt-linux-musl-gcc -o conftest -Os -Wall -I/repo/Pass_GPL/asuswrt/release/src-ra-openwrt-4210/router/mipsel-musl/stage/usr/include -I/repo/Pass_GPL/asuswrt/release/src-ra-openwrt-4210/router/nt_center/lib -I/repo/Pass_GPL/asuswrt/release/src-ra-openwrt-4210/router/sqlite -DRTCONFIG_NOTIFICATION_CENTER -Wall -W -DUSE_GNU_STRFTIME -I/repo/Pass_GPL/asuswrt/release/src-ra-openwrt-4210/router/email-3.1.3 -I/repo/Pass_GPL/asuswrt/release/src-ra-openwrt-4210/router/email-3.1.3/src -I/repo/Pass_GPL/asuswrt/release/src-ra-openwrt-4210/router/email-3.1.3/include -I../include -I/repo/Pass_GPL/asuswrt/release/src-ra-openwrt-4210/router/email-3.1.3/dlib/include -I../dlib/include -DEMAIL_VERSION='"3.1.3"' -DCOMPILE_DATE='"10/31/2010-01:13:35PM_EDT"' -DEMAIL_DIR='"/etc/email"' -Wall -W  -L/repo/Pass_GPL/asuswrt/release/src-ra-openwrt-4210/router/mipsel-musl/stage/usr/lib -L/repo/Pass_GPL/asuswrt/release/src-ra-openwrt-4210/router/nt_center/lib -L/repo/Pass_GPL/asuswrt/release/src-ra-openwrt-4210/router/sqlite/.libs conftest.c -lcrypto  -lcrypto -lssl -lm   -lnt -lsqlite3 -lpthread -lcrypto -lssl  >&5
configure:3415: $? = 0
configure:3433: result: yes
configure:3454: checking how to run the C preprocessor
configure:3494: /opt/lede-toolchain-ramips-mt7621_gcc-5.4.0_musl-1.1.24.Linux-x86_64/toolchain-mipsel_24kc_gcc-5.4.0_musl-1.1.24/bin/mipsel-openwrt-linux-musl-gcc -E  conftest.c
configure:3500: $? = 0
configure:3531: /opt/lede-toolchain-ramips-mt7621_gcc-5.4.0_musl-1.1.24.Linux-x86_64/toolchain-mipsel_24kc_gcc-5.4.0_musl-1.1.24/bin/mipsel-openwrt-linux-musl-gcc -E  conftest.c
conftest.c:12:28: fatal error: ac_nonexistent.h: No such file or directory
compilation terminated.
configure:3537: $? = 1
configure: failed program was:
| /* confdefs.h.  */
| #define PACKAGE_NAME "dlib"
| #define PACKAGE_TARNAME "dlib"
| #define PACKAGE_VERSION "1.0"
| #define PACKAGE_STRING "dlib 1.0"
| #define PACKAGE_BUGREPORT "<deanjones@cleancode.org>"
| #define HAVE_LIBM 1
| #define HAVE_LIBSSL 1
| #define HAVE_LIBCRYPTO 1
| #define HAVE_LIBCRYPTO 1
| /* end confdefs.h.  */
| #include <ac_nonexistent.h>
configure:3570: result: /opt/lede-toolchain-ramips-mt7621_gcc-5.4.0_musl-1.1.24.Linux-x86_64/toolchain-mipsel_24kc_gcc-5.4.0_musl-1.1.24/bin/mipsel-openwrt-linux-musl-gcc -E
configure:3599: /opt/lede-toolchain-ramips-mt7621_gcc-5.4.0_musl-1.1.24.Linux-x86_64/toolchain-mipsel_24kc_gcc-5.4.0_musl-1.1.24/bin/mipsel-openwrt-linux-musl-gcc -E  conftest.c
configure:3605: $? = 0
configure:3636: /opt/lede-toolchain-ramips-mt7621_gcc-5.4.0_musl-1.1.24.Linux-x86_64/toolchain-mipsel_24kc_gcc-5.4.0_musl-1.1.24/bin/mipsel-openwrt-linux-musl-gcc -E  conftest.c
conftest.c:12:28: fatal error: ac_nonexistent.h: No such file or directory
compilation terminated.
configure:3642: $? = 1
configure: failed program was:
| /* confdefs.h.  */
| #define PACKAGE_NAME "dlib"
| #define PACKAGE_TARNAME "dlib"
| #define PACKAGE_VERSION "1.0"
| #define PACKAGE_STRING "dlib 1.0"
| #define PACKAGE_BUGREPORT "<deanjones@cleancode.org>"
| #define HAVE_LIBM 1
| #define HAVE_LIBSSL 1
| #define HAVE_LIBCRYPTO 1
| #define HAVE_LIBCRYPTO 1
| /* end confdefs.h.  */
| #include <ac_nonexistent.h>
configure:3680: checking for grep that handles long lines and -e
configure:3754: result: /bin/grep
configure:3759: checking for egrep
configure:3837: result: /bin/grep -E
configure:3842: checking for ANSI C header files
configure:3872: /opt/lede-toolchain-ramips-mt7621_gcc-5.4.0_musl-1.1.24.Linux-x86_64/toolchain-mipsel_24kc_gcc-5.4.0_musl-1.1.24/bin/mipsel-openwrt-linux-musl-gcc -c -Os -Wall -I/repo/Pass_GPL/asuswrt/release/src-ra-openwrt-4210/router/mipsel-musl/stage/usr/include -I/repo/Pass_GPL/asuswrt/release/src-ra-openwrt-4210/router/nt_center/lib -I/repo/Pass_GPL/asuswrt/release/src-ra-openwrt-4210/router/sqlite -DRTCONFIG_NOTIFICATION_CENTER -Wall -W -DUSE_GNU_STRFTIME -I/repo/Pass_GPL/asuswrt/release/src-ra-openwrt-4210/router/email-3.1.3 -I/repo/Pass_GPL/asuswrt/release/src-ra-openwrt-4210/router/email-3.1.3/src -I/repo/Pass_GPL/asuswrt/release/src-ra-openwrt-4210/router/email-3.1.3/include -I../include -I/repo/Pass_GPL/asuswrt/release/src-ra-openwrt-4210/router/email-3.1.3/dlib/include -I../dlib/include -DEMAIL_VERSION='"3.1.3"' -DCOMPILE_DATE='"10/31/2010-01:13:35PM_EDT"' -DEMAIL_DIR='"/etc/email"' -Wall -W  conftest.c >&5
configure:3878: $? = 0
configure:4006: result: yes
configure:4016: checking for sys/wait.h that is POSIX.1 compatible
configure:4052: /opt/lede-toolchain-ramips-mt7621_gcc-5.4.0_musl-1.1.24.Linux-x86_64/toolchain-mipsel_24kc_gcc-5.4.0_musl-1.1.24/bin/mipsel-openwrt-linux-musl-gcc -c -Os -Wall -I/repo/Pass_GPL/asuswrt/release/src-ra-openwrt-4210/router/mipsel-musl/stage/usr/include -I/repo/Pass_GPL/asuswrt/release/src-ra-openwrt-4210/router/nt_center/lib -I/repo/Pass_GPL/asuswrt/release/src-ra-openwrt-4210/router/sqlite -DRTCONFIG_NOTIFICATION_CENTER -Wall -W -DUSE_GNU_STRFTIME -I/repo/Pass_GPL/asuswrt/release/src-ra-openwrt-4210/router/email-3.1.3 -I/repo/Pass_GPL/asuswrt/release/src-ra-openwrt-4210/router/email-3.1.3/src -I/repo/Pass_GPL/asuswrt/release/src-ra-openwrt-4210/router/email-3.1.3/include -I../include -I/repo/Pass_GPL/asuswrt/release/src-ra-openwrt-4210/router/email-3.1.3/dlib/include -I../dlib/include -DEMAIL_VERSION='"3.1.3"' -DCOMPILE_DATE='"10/31/2010-01:13:35PM_EDT"' -DEMAIL_DIR='"/etc/email"' -Wall -W  conftest.c >&5
configure:4058: $? = 0
configure:4073: result: yes
configure:4097: checking for sys/types.h
configure:4118: /opt/lede-toolchain-ramips-mt7621_gcc-5.4.0_musl-1.1.24.Linux-x86_64/toolchain-mipsel_24kc_gcc-5.4.0_musl-1.1.24/bin/mipsel-openwrt-linux-musl-gcc -c -Os -Wall -I/repo/Pass_GPL/asuswrt/release/src-ra-openwrt-4210/router/mipsel-musl/stage/usr/include -I/repo/Pass_GPL/asuswrt/release/src-ra-openwrt-4210/router/nt_center/lib -I/repo/Pass_GPL/asuswrt/release/src-ra-openwrt-4210/router/sqlite -DRTCONFIG_NOTIFICATION_CENTER -Wall -W -DUSE_GNU_STRFTIME -I/repo/Pass_GPL/asuswrt/release/src-ra-openwrt-4210/router/email-3.1.3 -I/repo/Pass_GPL/asuswrt/release/src-ra-openwrt-4210/router/email-3.1.3/src -I/repo/Pass_GPL/asuswrt/release/src-ra-openwrt-4210/router/email-3.1.3/include -I../include -I/repo/Pass_GPL/asuswrt/release/src-ra-openwrt-4210/router/email-3.1.3/dlib/include -I../dlib/include -DEMAIL_VERSION='"3.1.3"' -DCOMPILE_DATE='"10/31/2010-01:13:35PM_EDT"' -DEMAIL_DIR='"/etc/email"' -Wall -W  conftest.c >&5
configure:4124: $? = 0
configure:4140: result: yes
configure:4097: checking for sys/stat.h
configure:4118: /opt/lede-toolchain-ramips-mt7621_gcc-5.4.0_musl-1.1.24.Linux-x86_64/toolchain-mipsel_24kc_gcc-5.4.0_musl-1.1.24/bin/mipsel-openwrt-linux-musl-gcc -c -Os -Wall -I/repo/Pass_GPL/asuswrt/release/src-ra-openwrt-4210/router/mipsel-musl/stage/usr/include -I/repo/Pass_GPL/asuswrt/release/src-ra-openwrt-4210/router/nt_center/lib -I/repo/Pass_GPL/asuswrt/release/src-ra-openwrt-4210/router/sqlite -DRTCONFIG_NOTIFICATION_CENTER -Wall -W -DUSE_GNU_STRFTIME -I/repo/Pass_GPL/asuswrt/release/src-ra-openwrt-4210/router/email-3.1.3 -I/repo/Pass_GPL/asuswrt/release/src-ra-openwrt-4210/router/email-3.1.3/src -I/repo/Pass_GPL/asuswrt/release/src-ra-openwrt-4210/router/email-3.1.3/include -I../include -I/repo/Pass_GPL/asuswrt/release/src-ra-openwrt-4210/router/email-3.1.3/dlib/include -I../dlib/include -DEMAIL_VERSION='"3.1.3"' -DCOMPILE_DATE='"10/31/2010-01:13:35PM_EDT"' -DEMAIL_DIR='"/etc/email"' -Wall -W  conftest.c >&5
configure:4124: $? = 0
configure:4140: result: yes
configure:4097: checking for stdlib.h
configure:4118: /opt/lede-toolchain-ramips-mt7621_gcc-5.4.0_musl-1.1.24.Linux-x86_64/toolchain-mipsel_24kc_gcc-5.4.0_musl-1.1.24/bin/mipsel-openwrt-linux-musl-gcc -c -Os -Wall -I/repo/Pass_GPL/asuswrt/release/src-ra-openwrt-4210/router/mipsel-musl/stage/usr/include -I/repo/Pass_GPL/asuswrt/release/src-ra-openwrt-4210/router/nt_center/lib -I/repo/Pass_GPL/asuswrt/release/src-ra-openwrt-4210/router/sqlite -DRTCONFIG_NOTIFICATION_CENTER -Wall -W -DUSE_GNU_STRFTIME -I/repo/Pass_GPL/asuswrt/release/src-ra-openwrt-4210/router/email-3.1.3 -I/repo/Pass_GPL/asuswrt/release/src-ra-openwrt-4210/router/email-3.1.3/src -I/repo/Pass_GPL/asuswrt/release/src-ra-openwrt-4210/router/email-3.1.3/include -I../include -I/repo/Pass_GPL/asuswrt/release/src-ra-openwrt-4210/router/email-3.1.3/dlib/include -I../dlib/include -DEMAIL_VERSION='"3.1.3"' -DCOMPILE_DATE='"10/31/2010-01:13:35PM_EDT"' -DEMAIL_DIR='"/etc/email"' -Wall -W  conftest.c >&5
configure:4124: $? = 0
configure:4140: result: yes
configure:4097: checking for string.h
configure:4118: /opt/lede-toolchain-ramips-mt7621_gcc-5.4.0_musl-1.1.24.Linux-x86_64/toolchain-mipsel_24kc_gcc-5.4.0_musl-1.1.24/bin/mipsel-openwrt-linux-musl-gcc -c -Os -Wall -I/repo/Pass_GPL/asuswrt/release/src-ra-openwrt-4210/router/mipsel-musl/stage/usr/include -I/repo/Pass_GPL/asuswrt/release/src-ra-openwrt-4210/router/nt_center/lib -I/repo/Pass_GPL/asuswrt/release/src-ra-openwrt-4210/router/sqlite -DRTCONFIG_NOTIFICATION_CENTER -Wall -W -DUSE_GNU_STRFTIME -I/repo/Pass_GPL/asuswrt/release/src-ra-openwrt-4210/router/email-3.1.3 -I/repo/Pass_GPL/asuswrt/release/src-ra-openwrt-4210/router/email-3.1.3/src -I/repo/Pass_GPL/asuswrt/release/src-ra-openwrt-4210/router/email-3.1.3/include -I../include -I/repo/Pass_GPL/asuswrt/release/src-ra-openwrt-4210/router/email-3.1.3/dlib/include -I../dlib/include -DEMAIL_VERSION='"3.1.3"' -DCOMPILE_DATE='"10/31/2010-01:13:35PM_EDT"' -DEMAIL_DIR='"/etc/email"' -Wall -W  conftest.c >&5
configure:4124: $? = 0
configure:4140: result: yes
configure:4097: checking for memory.h
configure:4118: /opt/lede-toolchain-ramips-mt7621_gcc-5.4.0_musl-1.1.24.Linux-x86_64/toolchain-mipsel_24kc_gcc-5.4.0_musl-1.1.24/bin/mipsel-openwrt-linux-musl-gcc -c -Os -Wall -I/repo/Pass_GPL/asuswrt/release/src-ra-openwrt-4210/router/mipsel-musl/stage/usr/include -I/repo/Pass_GPL/asuswrt/release/src-ra-openwrt-4210/router/nt_center/lib -I/repo/Pass_GPL/asuswrt/release/src-ra-openwrt-4210/router/sqlite -DRTCONFIG_NOTIFICATION_CENTER -Wall -W -DUSE_GNU_STRFTIME -I/repo/Pass_GPL/asuswrt/release/src-ra-openwrt-4210/router/email-3.1.3 -I/repo/Pass_GPL/asuswrt/release/src-ra-openwrt-4210/router/email-3.1.3/src -I/repo/Pass_GPL/asuswrt/release/src-ra-openwrt-4210/router/email-3.1.3/include -I../include -I/repo/Pass_GPL/asuswrt/release/src-ra-openwrt-4210/router/email-3.1.3/dlib/include -I../dlib/include -DEMAIL_VERSION='"3.1.3"' -DCOMPILE_DATE='"10/31/2010-01:13:35PM_EDT"' -DEMAIL_DIR='"/etc/email"' -Wall -W  conftest.c >&5
configure:4124: $? = 0
configure:4140: result: yes
configure:4097: checking for strings.h
configure:4118: /opt/lede-toolchain-ramips-mt7621_gcc-5.4.0_musl-1.1.24.Linux-x86_64/toolchain-mipsel_24kc_gcc-5.4.0_musl-1.1.24/bin/mipsel-openwrt-linux-musl-gcc -c -Os -Wall -I/repo/Pass_GPL/asuswrt/release/src-ra-openwrt-4210/router/mipsel-musl/stage/usr/include -I/repo/Pass_GPL/asuswrt/release/src-ra-openwrt-4210/router/nt_center/lib -I/repo/Pass_GPL/asuswrt/release/src-ra-openwrt-4210/router/sqlite -DRTCONFIG_NOTIFICATION_CENTER -Wall -W -DUSE_GNU_STRFTIME -I/repo/Pass_GPL/asuswrt/release/src-ra-openwrt-4210/router/email-3.1.3 -I/repo/Pass_GPL/asuswrt/release/src-ra-openwrt-4210/router/email-3.1.3/src -I/repo/Pass_GPL/asuswrt/release/src-ra-openwrt-4210/router/email-3.1.3/include -I../include -I/repo/Pass_GPL/asuswrt/release/src-ra-openwrt-4210/router/email-3.1.3/dlib/include -I../dlib/include -DEMAIL_VERSION='"3.1.3"' -DCOMPILE_DATE='"10/31/2010-01:13:35PM_EDT"' -DEMAIL_DIR='"/etc/email"' -Wall -W  conftest.c >&5
configure:4124: $? = 0
configure:4140: result: yes
configure:4097: checking for inttypes.h
configure:4118: /opt/lede-toolchain-ramips-mt7621_gcc-5.4.0_musl-1.1.24.Linux-x86_64/toolchain-mipsel_24kc_gcc-5.4.0_musl-1.1.24/bin/mipsel-openwrt-linux-musl-gcc -c -Os -Wall -I/repo/Pass_GPL/asuswrt/release/src-ra-openwrt-4210/router/mipsel-musl/stage/usr/include -I/repo/Pass_GPL/asuswrt/release/src-ra-openwrt-4210/router/nt_center/lib -I/repo/Pass_GPL/asuswrt/release/src-ra-openwrt-4210/router/sqlite -DRTCONFIG_NOTIFICATION_CENTER -Wall -W -DUSE_GNU_STRFTIME -I/repo/Pass_GPL/asuswrt/release/src-ra-openwrt-4210/router/email-3.1.3 -I/repo/Pass_GPL/asuswrt/release/src-ra-openwrt-4210/router/email-3.1.3/src -I/repo/Pass_GPL/asuswrt/release/src-ra-openwrt-4210/router/email-3.1.3/include -I../include -I/repo/Pass_GPL/asuswrt/release/src-ra-openwrt-4210/router/email-3.1.3/dlib/include -I../dlib/include -DEMAIL_VERSION='"3.1.3"' -DCOMPILE_DATE='"10/31/2010-01:13:35PM_EDT"' -DEMAIL_DIR='"/etc/email"' -Wall -W  conftest.c >&5
configure:4124: $? = 0
configure:4140: result: yes
configure:4097: checking for stdint.h
configure:4118: /opt/lede-toolchain-ramips-mt7621_gcc-5.4.0_musl-1.1.24.Linux-x86_64/toolchain-mipsel_24kc_gcc-5.4.0_musl-1.1.24/bin/mipsel-openwrt-linux-musl-gcc -c -Os -Wall -I/repo/Pass_GPL/asuswrt/release/src-ra-openwrt-4210/router/mipsel-musl/stage/usr/include -I/repo/Pass_GPL/asuswrt/release/src-ra-openwrt-4210/router/nt_center/lib -I/repo/Pass_GPL/asuswrt/release/src-ra-openwrt-4210/router/sqlite -DRTCONFIG_NOTIFICATION_CENTER -Wall -W -DUSE_GNU_STRFTIME -I/repo/Pass_GPL/asuswrt/release/src-ra-openwrt-4210/router/email-3.1.3 -I/repo/Pass_GPL/asuswrt/release/src-ra-openwrt-4210/router/email-3.1.3/src -I/repo/Pass_GPL/asuswrt/release/src-ra-openwrt-4210/router/email-3.1.3/include -I../include -I/repo/Pass_GPL/asuswrt/release/src-ra-openwrt-4210/router/email-3.1.3/dlib/include -I../dlib/include -DEMAIL_VERSION='"3.1.3"' -DCOMPILE_DATE='"10/31/2010-01:13:35PM_EDT"' -DEMAIL_DIR='"/etc/email"' -Wall -W  conftest.c >&5
configure:4124: $? = 0
configure:4140: result: yes
configure:4097: checking for unistd.h
configure:4118: /opt/lede-toolchain-ramips-mt7621_gcc-5.4.0_musl-1.1.24.Linux-x86_64/toolchain-mipsel_24kc_gcc-5.4.0_musl-1.1.24/bin/mipsel-openwrt-linux-musl-gcc -c -Os -Wall -I/repo/Pass_GPL/asuswrt/release/src-ra-openwrt-4210/router/mipsel-musl/stage/usr/include -I/repo/Pass_GPL/asuswrt/release/src-ra-openwrt-4210/router/nt_center/lib -I/repo/Pass_GPL/asuswrt/release/src-ra-openwrt-4210/router/sqlite -DRTCONFIG_NOTIFICATION_CENTER -Wall -W -DUSE_GNU_STRFTIME -I/repo/Pass_GPL/asuswrt/release/src-ra-openwrt-4210/router/email-3.1.3 -I/repo/Pass_GPL/asuswrt/release/src-ra-openwrt-4210/router/email-3.1.3/src -I/repo/Pass_GPL/asuswrt/release/src-ra-openwrt-4210/router/email-3.1.3/include -I../include -I/repo/Pass_GPL/asuswrt/release/src-ra-openwrt-4210/router/email-3.1.3/dlib/include -I../dlib/include -DEMAIL_VERSION='"3.1.3"' -DCOMPILE_DATE='"10/31/2010-01:13:35PM_EDT"' -DEMAIL_DIR='"/etc/email"' -Wall -W  conftest.c >&5
configure:4124: $? = 0
configure:4140: result: yes
configure:4179: checking arpa/inet.h usability
configure:4196: /opt/lede-toolchain-ramips-mt7621_gcc-5.4.0_musl-1.1.24.Linux-x86_64/toolchain-mipsel_24kc_gcc-5.4.0_musl-1.1.24/bin/mipsel-openwrt-linux-musl-gcc -c -Os -Wall -I/repo/Pass_GPL/asuswrt/release/src-ra-openwrt-4210/router/mipsel-musl/stage/usr/include -I/repo/Pass_GPL/asuswrt/release/src-ra-openwrt-4210/router/nt_center/lib -I/repo/Pass_GPL/asuswrt/release/src-ra-openwrt-4210/router/sqlite -DRTCONFIG_NOTIFICATION_CENTER -Wall -W -DUSE_GNU_STRFTIME -I/repo/Pass_GPL/asuswrt/release/src-ra-openwrt-4210/router/email-3.1.3 -I/repo/Pass_GPL/asuswrt/release/src-ra-openwrt-4210/router/email-3.1.3/src -I/repo/Pass_GPL/asuswrt/release/src-ra-openwrt-4210/router/email-3.1.3/include -I../include -I/repo/Pass_GPL/asuswrt/release/src-ra-openwrt-4210/router/email-3.1.3/dlib/include -I../dlib/include -DEMAIL_VERSION='"3.1.3"' -DCOMPILE_DATE='"10/31/2010-01:13:35PM_EDT"' -DEMAIL_DIR='"/etc/email"' -Wall -W  conftest.c >&5
configure:4202: $? = 0
configure:4216: result: yes
configure:4220: checking arpa/inet.h presence
configure:4235: /opt/lede-toolchain-ramips-mt7621_gcc-5.4.0_musl-1.1.24.Linux-x86_64/toolchain-mipsel_24kc_gcc-5.4.0_musl-1.1.24/bin/mipsel-openwrt-linux-musl-gcc -E  conftest.c
configure:4241: $? = 0
configure:4255: result: yes
configure:4288: checking for arpa/inet.h
configure:4296: result: yes
configure:4179: checking fcntl.h usability
configure:4196: /opt/lede-toolchain-ramips-mt7621_gcc-5.4.0_musl-1.1.24.Linux-x86_64/toolchain-mipsel_24kc_gcc-5.4.0_musl-1.1.24/bin/mipsel-openwrt-linux-musl-gcc -c -Os -Wall -I/repo/Pass_GPL/asuswrt/release/src-ra-openwrt-4210/router/mipsel-musl/stage/usr/include -I/repo/Pass_GPL/asuswrt/release/src-ra-openwrt-4210/router/nt_center/lib -I/repo/Pass_GPL/asuswrt/release/src-ra-openwrt-4210/router/sqlite -DRTCONFIG_NOTIFICATION_CENTER -Wall -W -DUSE_GNU_STRFTIME -I/repo/Pass_GPL/asuswrt/release/src-ra-openwrt-4210/router/email-3.1.3 -I/repo/Pass_GPL/asuswrt/release/src-ra-openwrt-4210/router/email-3.1.3/src -I/repo/Pass_GPL/asuswrt/release/src-ra-openwrt-4210/router/email-3.1.3/include -I../include -I/repo/Pass_GPL/asuswrt/release/src-ra-openwrt-4210/router/email-3.1.3/dlib/include -I../dlib/include -DEMAIL_VERSION='"3.1.3"' -DCOMPILE_DATE='"10/31/2010-01:13:35PM_EDT"' -DEMAIL_DIR='"/etc/email"' -Wall -W  conftest.c >&5
configure:4202: $? = 0
configure:4216: result: yes
configure:4220: checking fcntl.h presence
configure:4235: /opt/lede-toolchain-ramips-mt7621_gcc-5.4.0_musl-1.1.24.Linux-x86_64/toolchain-mipsel_24kc_gcc-5.4.0_musl-1.1.24/bin/mipsel-openwrt-linux-musl-gcc -E  conftest.c
configure:4241: $? = 0
configure:4255: result: yes
configure:4288: checking for fcntl.h
configure:4296: result: yes
configure:4179: checking libintl.h usability
configure:4196: /opt/lede-toolchain-ramips-mt7621_gcc-5.4.0_musl-1.1.24.Linux-x86_64/toolchain-mipsel_24kc_gcc-5.4.0_musl-1.1.24/bin/mipsel-openwrt-linux-musl-gcc -c -Os -Wall -I/repo/Pass_GPL/asuswrt/release/src-ra-openwrt-4210/router/mipsel-musl/stage/usr/include -I/repo/Pass_GPL/asuswrt/release/src-ra-openwrt-4210/router/nt_center/lib -I/repo/Pass_GPL/asuswrt/release/src-ra-openwrt-4210/router/sqlite -DRTCONFIG_NOTIFICATION_CENTER -Wall -W -DUSE_GNU_STRFTIME -I/repo/Pass_GPL/asuswrt/release/src-ra-openwrt-4210/router/email-3.1.3 -I/repo/Pass_GPL/asuswrt/release/src-ra-openwrt-4210/router/email-3.1.3/src -I/repo/Pass_GPL/asuswrt/release/src-ra-openwrt-4210/router/email-3.1.3/include -I../include -I/repo/Pass_GPL/asuswrt/release/src-ra-openwrt-4210/router/email-3.1.3/dlib/include -I../dlib/include -DEMAIL_VERSION='"3.1.3"' -DCOMPILE_DATE='"10/31/2010-01:13:35PM_EDT"' -DEMAIL_DIR='"/etc/email"' -Wall -W  conftest.c >&5
configure:4202: $? = 0
configure:4216: result: yes
configure:4220: checking libintl.h presence
configure:4235: /opt/lede-toolchain-ramips-mt7621_gcc-5.4.0_musl-1.1.24.Linux-x86_64/toolchain-mipsel_24kc_gcc-5.4.0_musl-1.1.24/bin/mipsel-openwrt-linux-musl-gcc -E  conftest.c
configure:4241: $? = 0
configure:4255: result: yes
configure:4288: checking for libintl.h
configure:4296: result: yes
configure:4179: checking netdb.h usability
configure:4196: /opt/lede-toolchain-ramips-mt7621_gcc-5.4.0_musl-1.1.24.Linux-x86_64/toolchain-mipsel_24kc_gcc-5.4.0_musl-1.1.24/bin/mipsel-openwrt-linux-musl-gcc -c -Os -Wall -I/repo/Pass_GPL/asuswrt/release/src-ra-openwrt-4210/router/mipsel-musl/stage/usr/include -I/repo/Pass_GPL/asuswrt/release/src-ra-openwrt-4210/router/nt_center/lib -I/repo/Pass_GPL/asuswrt/release/src-ra-openwrt-4210/router/sqlite -DRTCONFIG_NOTIFICATION_CENTER -Wall -W -DUSE_GNU_STRFTIME -I/repo/Pass_GPL/asuswrt/release/src-ra-openwrt-4210/router/email-3.1.3 -I/repo/Pass_GPL/asuswrt/release/src-ra-openwrt-4210/router/email-3.1.3/src -I/repo/Pass_GPL/asuswrt/release/src-ra-openwrt-4210/router/email-3.1.3/include -I../include -I/repo/Pass_GPL/asuswrt/release/src-ra-openwrt-4210/router/email-3.1.3/dlib/include -I../dlib/include -DEMAIL_VERSION='"3.1.3"' -DCOMPILE_DATE='"10/31/2010-01:13:35PM_EDT"' -DEMAIL_DIR='"/etc/email"' -Wall -W  conftest.c >&5
configure:4202: $? = 0
configure:4216: result: yes
configure:4220: checking netdb.h presence
configure:4235: /opt/lede-toolchain-ramips-mt7621_gcc-5.4.0_musl-1.1.24.Linux-x86_64/toolchain-mipsel_24kc_gcc-5.4.0_musl-1.1.24/bin/mipsel-openwrt-linux-musl-gcc -E  conftest.c
configure:4241: $? = 0
configure:4255: result: yes
configure:4288: checking for netdb.h
configure:4296: result: yes
configure:4179: checking netinet/in.h usability
configure:4196: /opt/lede-toolchain-ramips-mt7621_gcc-5.4.0_musl-1.1.24.Linux-x86_64/toolchain-mipsel_24kc_gcc-5.4.0_musl-1.1.24/bin/mipsel-openwrt-linux-musl-gcc -c -Os -Wall -I/repo/Pass_GPL/asuswrt/release/src-ra-openwrt-4210/router/mipsel-musl/stage/usr/include -I/repo/Pass_GPL/asuswrt/release/src-ra-openwrt-4210/router/nt_center/lib -I/repo/Pass_GPL/asuswrt/release/src-ra-openwrt-4210/router/sqlite -DRTCONFIG_NOTIFICATION_CENTER -Wall -W -DUSE_GNU_STRFTIME -I/repo/Pass_GPL/asuswrt/release/src-ra-openwrt-4210/router/email-3.1.3 -I/repo/Pass_GPL/asuswrt/release/src-ra-openwrt-4210/router/email-3.1.3/src -I/repo/Pass_GPL/asuswrt/release/src-ra-openwrt-4210/router/email-3.1.3/include -I../include -I/repo/Pass_GPL/asuswrt/release/src-ra-openwrt-4210/router/email-3.1.3/dlib/include -I../dlib/include -DEMAIL_VERSION='"3.1.3"' -DCOMPILE_DATE='"10/31/2010-01:13:35PM_EDT"' -DEMAIL_DIR='"/etc/email"' -Wall -W  conftest.c >&5
configure:4202: $? = 0
configure:4216: result: yes
configure:4220: checking netinet/in.h presence
configure:4235: /opt/lede-toolchain-ramips-mt7621_gcc-5.4.0_musl-1.1.24.Linux-x86_64/toolchain-mipsel_24kc_gcc-5.4.0_musl-1.1.24/bin/mipsel-openwrt-linux-musl-gcc -E  conftest.c
configure:4241: $? = 0
configure:4255: result: yes
configure:4288: checking for netinet/in.h
configure:4296: result: yes
configure:4169: checking for stdlib.h
configure:4175: result: yes
configure:4169: checking for string.h
configure:4175: result: yes
configure:4169: checking for strings.h
configure:4175: result: yes
configure:4179: checking sys/ioctl.h usability
configure:4196: /opt/lede-toolchain-ramips-mt7621_gcc-5.4.0_musl-1.1.24.Linux-x86_64/toolchain-mipsel_24kc_gcc-5.4.0_musl-1.1.24/bin/mipsel-openwrt-linux-musl-gcc -c -Os -Wall -I/repo/Pass_GPL/asuswrt/release/src-ra-openwrt-4210/router/mipsel-musl/stage/usr/include -I/repo/Pass_GPL/asuswrt/release/src-ra-openwrt-4210/router/nt_center/lib -I/repo/Pass_GPL/asuswrt/release/src-ra-openwrt-4210/router/sqlite -DRTCONFIG_NOTIFICATION_CENTER -Wall -W -DUSE_GNU_STRFTIME -I/repo/Pass_GPL/asuswrt/release/src-ra-openwrt-4210/router/email-3.1.3 -I/repo/Pass_GPL/asuswrt/release/src-ra-openwrt-4210/router/email-3.1.3/src -I/repo/Pass_GPL/asuswrt/release/src-ra-openwrt-4210/router/email-3.1.3/include -I../include -I/repo/Pass_GPL/asuswrt/release/src-ra-openwrt-4210/router/email-3.1.3/dlib/include -I../dlib/include -DEMAIL_VERSION='"3.1.3"' -DCOMPILE_DATE='"10/31/2010-01:13:35PM_EDT"' -DEMAIL_DIR='"/etc/email"' -Wall -W  conftest.c >&5
configure:4202: $? = 0
configure:4216: result: yes
configure:4220: checking sys/ioctl.h presence
configure:4235: /opt/lede-toolchain-ramips-mt7621_gcc-5.4.0_musl-1.1.24.Linux-x86_64/toolchain-mipsel_24kc_gcc-5.4.0_musl-1.1.24/bin/mipsel-openwrt-linux-musl-gcc -E  conftest.c
configure:4241: $? = 0
configure:4255: result: yes
configure:4288: checking for sys/ioctl.h
configure:4296: result: yes
configure:4179: checking sys/socket.h usability
configure:4196: /opt/lede-toolchain-ramips-mt7621_gcc-5.4.0_musl-1.1.24.Linux-x86_64/toolchain-mipsel_24kc_gcc-5.4.0_musl-1.1.24/bin/mipsel-openwrt-linux-musl-gcc -c -Os -Wall -I/repo/Pass_GPL/asuswrt/release/src-ra-openwrt-4210/router/mipsel-musl/stage/usr/include -I/repo/Pass_GPL/asuswrt/release/src-ra-openwrt-4210/router/nt_center/lib -I/repo/Pass_GPL/asuswrt/release/src-ra-openwrt-4210/router/sqlite -DRTCONFIG_NOTIFICATION_CENTER -Wall -W -DUSE_GNU_STRFTIME -I/repo/Pass_GPL/asuswrt/release/src-ra-openwrt-4210/router/email-3.1.3 -I/repo/Pass_GPL/asuswrt/release/src-ra-openwrt-4210/router/email-3.1.3/src -I/repo/Pass_GPL/asuswrt/release/src-ra-openwrt-4210/router/email-3.1.3/include -I../include -I/repo/Pass_GPL/asuswrt/release/src-ra-openwrt-4210/router/email-3.1.3/dlib/include -I../dlib/include -DEMAIL_VERSION='"3.1.3"' -DCOMPILE_DATE='"10/31/2010-01:13:35PM_EDT"' -DEMAIL_DIR='"/etc/email"' -Wall -W  conftest.c >&5
configure:4202: $? = 0
configure:4216: result: yes
configure:4220: checking sys/socket.h presence
configure:4235: /opt/lede-toolchain-ramips-mt7621_gcc-5.4.0_musl-1.1.24.Linux-x86_64/toolchain-mipsel_24kc_gcc-5.4.0_musl-1.1.24/bin/mipsel-openwrt-linux-musl-gcc -E  conftest.c
configure:4241: $? = 0
configure:4255: result: yes
configure:4288: checking for sys/socket.h
configure:4296: result: yes
configure:4179: checking sys/time.h usability
configure:4196: /opt/lede-toolchain-ramips-mt7621_gcc-5.4.0_musl-1.1.24.Linux-x86_64/toolchain-mipsel_24kc_gcc-5.4.0_musl-1.1.24/bin/mipsel-openwrt-linux-musl-gcc -c -Os -Wall -I/repo/Pass_GPL/asuswrt/release/src-ra-openwrt-4210/router/mipsel-musl/stage/usr/include -I/repo/Pass_GPL/asuswrt/release/src-ra-openwrt-4210/router/nt_center/lib -I/repo/Pass_GPL/asuswrt/release/src-ra-openwrt-4210/router/sqlite -DRTCONFIG_NOTIFICATION_CENTER -Wall -W -DUSE_GNU_STRFTIME -I/repo/Pass_GPL/asuswrt/release/src-ra-openwrt-4210/router/email-3.1.3 -I/repo/Pass_GPL/asuswrt/release/src-ra-openwrt-4210/router/email-3.1.3/src -I/repo/Pass_GPL/asuswrt/release/src-ra-openwrt-4210/router/email-3.1.3/include -I../include -I/repo/Pass_GPL/asuswrt/release/src-ra-openwrt-4210/router/email-3.1.3/dlib/include -I../dlib/include -DEMAIL_VERSION='"3.1.3"' -DCOMPILE_DATE='"10/31/2010-01:13:35PM_EDT"' -DEMAIL_DIR='"/etc/email"' -Wall -W  conftest.c >&5
configure:4202: $? = 0
configure:4216: result: yes
configure:4220: checking sys/time.h presence
configure:4235: /opt/lede-toolchain-ramips-mt7621_gcc-5.4.0_musl-1.1.24.Linux-x86_64/toolchain-mipsel_24kc_gcc-5.4.0_musl-1.1.24/bin/mipsel-openwrt-linux-musl-gcc -E  conftest.c
configure:4241: $? = 0
configure:4255: result: yes
configure:4288: checking for sys/time.h
configure:4296: result: yes
configure:4179: checking termios.h usability
configure:4196: /opt/lede-toolchain-ramips-mt7621_gcc-5.4.0_musl-1.1.24.Linux-x86_64/toolchain-mipsel_24kc_gcc-5.4.0_musl-1.1.24/bin/mipsel-openwrt-linux-musl-gcc -c -Os -Wall -I/repo/Pass_GPL/asuswrt/release/src-ra-openwrt-4210/router/mipsel-musl/stage/usr/include -I/repo/Pass_GPL/asuswrt/release/src-ra-openwrt-4210/router/nt_center/lib -I/repo/Pass_GPL/asuswrt/release/src-ra-openwrt-4210/router/sqlite -DRTCONFIG_NOTIFICATION_CENTER -Wall -W -DUSE_GNU_STRFTIME -I/repo/Pass_GPL/asuswrt/release/src-ra-openwrt-4210/router/email-3.1.3 -I/repo/Pass_GPL/asuswrt/release/src-ra-openwrt-4210/router/email-3.1.3/src -I/repo/Pass_GPL/asuswrt/release/src-ra-openwrt-4210/router/email-3.1.3/include -I../include -I/repo/Pass_GPL/asuswrt/release/src-ra-openwrt-4210/router/email-3.1.3/dlib/include -I../dlib/include -DEMAIL_VERSION='"3.1.3"' -DCOMPILE_DATE='"10/31/2010-01:13:35PM_EDT"' -DEMAIL_DIR='"/etc/email"' -Wall -W  conftest.c >&5
configure:4202: $? = 0
configure:4216: result: yes
configure:4220: checking termios.h presence
configure:4235: /opt/lede-toolchain-ramips-mt7621_gcc-5.4.0_musl-1.1.24.Linux-x86_64/toolchain-mipsel_24kc_gcc-5.4.0_musl-1.1.24/bin/mipsel-openwrt-linux-musl-gcc -E  conftest.c
configure:4241: $? = 0
configure:4255: result: yes
configure:4288: checking for termios.h
configure:4296: result: yes
configure:4169: checking for unistd.h
configure:4175: result: yes
configure:4311: checking whether time.h and sys/time.h may both be included
configure:4341: /opt/lede-toolchain-ramips-mt7621_gcc-5.4.0_musl-1.1.24.Linux-x86_64/toolchain-mipsel_24kc_gcc-5.4.0_musl-1.1.24/bin/mipsel-openwrt-linux-musl-gcc -c -Os -Wall -I/repo/Pass_GPL/asuswrt/release/src-ra-openwrt-4210/router/mipsel-musl/stage/usr/include -I/repo/Pass_GPL/asuswrt/release/src-ra-openwrt-4210/router/nt_center/lib -I/repo/Pass_GPL/asuswrt/release/src-ra-openwrt-4210/router/sqlite -DRTCONFIG_NOTIFICATION_CENTER -Wall -W -DUSE_GNU_STRFTIME -I/repo/Pass_GPL/asuswrt/release/src-ra-openwrt-4210/router/email-3.1.3 -I/repo/Pass_GPL/asuswrt/release/src-ra-openwrt-4210/router/email-3.1.3/src -I/repo/Pass_GPL/asuswrt/release/src-ra-openwrt-4210/router/email-3.1.3/include -I../include -I/repo/Pass_GPL/asuswrt/release/src-ra-openwrt-4210/router/email-3.1.3/dlib/include -I../dlib/include -DEMAIL_VERSION='"3.1.3"' -DCOMPILE_DATE='"10/31/2010-01:13:35PM_EDT"' -DEMAIL_DIR='"/etc/email"' -Wall -W  conftest.c >&5
configure:4347: $? = 0
configure:4362: result: yes
configure:4372: checking whether struct tm is in sys/time.h or time.h
configure:4402: /opt/lede-toolchain-ramips-mt7621_gcc-5.4.0_musl-1.1.24.Linux-x86_64/toolchain-mipsel_24kc_gcc-5.4.0_musl-1.1.24/bin/mipsel-openwrt-linux-musl-gcc -c -Os -Wall -I/repo/Pass_GPL/asuswrt/release/src-ra-openwrt-4210/router/mipsel-musl/stage/usr/include -I/repo/Pass_GPL/asuswrt/release/src-ra-openwrt-4210/router/nt_center/lib -I/repo/Pass_GPL/asuswrt/release/src-ra-openwrt-4210/router/sqlite -DRTCONFIG_NOTIFICATION_CENTER -Wall -W -DUSE_GNU_STRFTIME -I/repo/Pass_GPL/asuswrt/release/src-ra-openwrt-4210/router/email-3.1.3 -I/repo/Pass_GPL/asuswrt/release/src-ra-openwrt-4210/router/email-3.1.3/src -I/repo/Pass_GPL/asuswrt/release/src-ra-openwrt-4210/router/email-3.1.3/include -I../include -I/repo/Pass_GPL/asuswrt/release/src-ra-openwrt-4210/router/email-3.1.3/dlib/include -I../dlib/include -DEMAIL_VERSION='"3.1.3"' -DCOMPILE_DATE='"10/31/2010-01:13:35PM_EDT"' -DEMAIL_DIR='"/etc/email"' -Wall -W  conftest.c >&5
configure:4408: $? = 0
configure:4423: result: time.h
configure:4435: checking for pid_t
configure:4465: /opt/lede-toolchain-ramips-mt7621_gcc-5.4.0_musl-1.1.24.Linux-x86_64/toolchain-mipsel_24kc_gcc-5.4.0_musl-1.1.24/bin/mipsel-openwrt-linux-musl-gcc -c -Os -Wall -I/repo/Pass_GPL/asuswrt/release/src-ra-openwrt-4210/router/mipsel-musl/stage/usr/include -I/repo/Pass_GPL/asuswrt/release/src-ra-openwrt-4210/router/nt_center/lib -I/repo/Pass_GPL/asuswrt/release/src-ra-openwrt-4210/router/sqlite -DRTCONFIG_NOTIFICATION_CENTER -Wall -W -DUSE_GNU_STRFTIME -I/repo/Pass_GPL/asuswrt/release/src-ra-openwrt-4210/router/email-3.1.3 -I/repo/Pass_GPL/asuswrt/release/src-ra-openwrt-4210/router/email-3.1.3/src -I/repo/Pass_GPL/asuswrt/release/src-ra-openwrt-4210/router/email-3.1.3/include -I../include -I/repo/Pass_GPL/asuswrt/release/src-ra-openwrt-4210/router/email-3.1.3/dlib/include -I../dlib/include -DEMAIL_VERSION='"3.1.3"' -DCOMPILE_DATE='"10/31/2010-01:13:35PM_EDT"' -DEMAIL_DIR='"/etc/email"' -Wall -W  conftest.c >&5
configure:4471: $? = 0
configure:4486: result: yes
configure:4513: checking vfork.h usability
configure:4530: /opt/lede-toolchain-ramips-mt7621_gcc-5.4.0_musl-1.1.24.Linux-x86_64/toolchain-mipsel_24kc_gcc-5.4.0_musl-1.1.24/bin/mipsel-openwrt-linux-musl-gcc -c -Os -Wall -I/repo/Pass_GPL/asuswrt/release/src-ra-openwrt-4210/router/mipsel-musl/stage/usr/include -I/repo/Pass_GPL/asuswrt/release/src-ra-openwrt-4210/router/nt_center/lib -I/repo/Pass_GPL/asuswrt/release/src-ra-openwrt-4210/router/sqlite -DRTCONFIG_NOTIFICATION_CENTER -Wall -W -DUSE_GNU_STRFTIME -I/repo/Pass_GPL/asuswrt/release/src-ra-openwrt-4210/router/email-3.1.3 -I/repo/Pass_GPL/asuswrt/release/src-ra-openwrt-4210/router/email-3.1.3/src -I/repo/Pass_GPL/asuswrt/release/src-ra-openwrt-4210/router/email-3.1.3/include -I../include -I/repo/Pass_GPL/asuswrt/release/src-ra-openwrt-4210/router/email-3.1.3/dlib/include -I../dlib/include -DEMAIL_VERSION='"3.1.3"' -DCOMPILE_DATE='"10/31/2010-01:13:35PM_EDT"' -DEMAIL_DIR='"/etc/email"' -Wall -W  conftest.c >&5
conftest.c:70:19: fatal error: vfork.h: No such file or directory
compilation terminated.
configure:4536: $? = 1
configure: failed program was:
| /* confdefs.h.  */
| #define PACKAGE_NAME "dlib"
| #define PACKAGE_TARNAME "dlib"
| #define PACKAGE_VERSION "1.0"
| #define PACKAGE_STRING "dlib 1.0"
| #define PACKAGE_BUGREPORT "<deanjones@cleancode.org>"
| #define HAVE_LIBM 1
| #define HAVE_LIBSSL 1
| #define HAVE_LIBCRYPTO 1
| #define HAVE_LIBCRYPTO 1
| #define STDC_HEADERS 1
| #define HAVE_SYS_WAIT_H 1
| #define HAVE_SYS_TYPES_H 1
| #define HAVE_SYS_STAT_H 1
| #define HAVE_STDLIB_H 1
| #define HAVE_STRING_H 1
| #define HAVE_MEMORY_H 1
| #define HAVE_STRINGS_H 1
| #define HAVE_INTTYPES_H 1
| #define HAVE_STDINT_H 1
| #define HAVE_UNISTD_H 1
| #define HAVE_ARPA_INET_H 1
| #define HAVE_FCNTL_H 1
| #define HAVE_LIBINTL_H 1
| #define HAVE_NETDB_H 1
| #define HAVE_NETINET_IN_H 1
| #define HAVE_STDLIB_H 1
| #define HAVE_STRING_H 1
| #define HAVE_STRINGS_H 1
| #define HAVE_SYS_IOCTL_H 1
| #define HAVE_SYS_SOCKET_H 1
| #define HAVE_SYS_TIME_H 1
| #define HAVE_TERMIOS_H 1
| #define HAVE_UNISTD_H 1
| #define TIME_WITH_SYS_TIME 1
| /* end confdefs.h.  */
| #include <stdio.h>
| #ifdef HAVE_SYS_TYPES_H
| # include <sys/types.h>
| #endif
| #ifdef HAVE_SYS_STAT_H
| # include <sys/stat.h>
| #endif
| #ifdef STDC_HEADERS
| # include <stdlib.h>
| # include <stddef.h>
| #else
| # ifdef HAVE_STDLIB_H
| #  include <stdlib.h>
| # endif
| #endif
| #ifdef HAVE_STRING_H
| # if !defined STDC_HEADERS && defined HAVE_MEMORY_H
| #  include <memory.h>
| # endif
| # include <string.h>
| #endif
| #ifdef HAVE_STRINGS_H
| # include <strings.h>
| #endif
| #ifdef HAVE_INTTYPES_H
| # include <inttypes.h>
| #endif
| #ifdef HAVE_STDINT_H
| # include <stdint.h>
| #endif
| #ifdef HAVE_UNISTD_H
| # include <unistd.h>
| #endif
| #include <vfork.h>
configure:4550: result: no
configure:4554: checking vfork.h presence
configure:4569: /opt/lede-toolchain-ramips-mt7621_gcc-5.4.0_musl-1.1.24.Linux-x86_64/toolchain-mipsel_24kc_gcc-5.4.0_musl-1.1.24/bin/mipsel-openwrt-linux-musl-gcc -E  conftest.c
conftest.c:37:19: fatal error: vfork.h: No such file or directory
compilation terminated.
configure:4575: $? = 1
configure: failed program was:
| /* confdefs.h.  */
| #define PACKAGE_NAME "dlib"
| #define PACKAGE_TARNAME "dlib"
| #define PACKAGE_VERSION "1.0"
| #define PACKAGE_STRING "dlib 1.0"
| #define PACKAGE_BUGREPORT "<deanjones@cleancode.org>"
| #define HAVE_LIBM 1
| #define HAVE_LIBSSL 1
| #define HAVE_LIBCRYPTO 1
| #define HAVE_LIBCRYPTO 1
| #define STDC_HEADERS 1
| #define HAVE_SYS_WAIT_H 1
| #define HAVE_SYS_TYPES_H 1
| #define HAVE_SYS_STAT_H 1
| #define HAVE_STDLIB_H 1
| #define HAVE_STRING_H 1
| #define HAVE_MEMORY_H 1
| #define HAVE_STRINGS_H 1
| #define HAVE_INTTYPES_H 1
| #define HAVE_STDINT_H 1
| #define HAVE_UNISTD_H 1
| #define HAVE_ARPA_INET_H 1
| #define HAVE_FCNTL_H 1
| #define HAVE_LIBINTL_H 1
| #define HAVE_NETDB_H 1
| #define HAVE_NETINET_IN_H 1
| #define HAVE_STDLIB_H 1
| #define HAVE_STRING_H 1
| #define HAVE_STRINGS_H 1
| #define HAVE_SYS_IOCTL_H 1
| #define HAVE_SYS_SOCKET_H 1
| #define HAVE_SYS_TIME_H 1
| #define HAVE_TERMIOS_H 1
| #define HAVE_UNISTD_H 1
| #define TIME_WITH_SYS_TIME 1
| /* end confdefs.h.  */
| #include <vfork.h>
configure:4589: result: no
configure:4622: checking for vfork.h
configure:4630: result: no
configure:4648: checking for fork
configure:4704: /opt/lede-toolchain-ramips-mt7621_gcc-5.4.0_musl-1.1.24.Linux-x86_64/toolchain-mipsel_24kc_gcc-5.4.0_musl-1.1.24/bin/mipsel-openwrt-linux-musl-gcc -o conftest -Os -Wall -I/repo/Pass_GPL/asuswrt/release/src-ra-openwrt-4210/router/mipsel-musl/stage/usr/include -I/repo/Pass_GPL/asuswrt/release/src-ra-openwrt-4210/router/nt_center/lib -I/repo/Pass_GPL/asuswrt/release/src-ra-openwrt-4210/router/sqlite -DRTCONFIG_NOTIFICATION_CENTER -Wall -W -DUSE_GNU_STRFTIME -I/repo/Pass_GPL/asuswrt/release/src-ra-openwrt-4210/router/email-3.1.3 -I/repo/Pass_GPL/asuswrt/release/src-ra-openwrt-4210/router/email-3.1.3/src -I/repo/Pass_GPL/asuswrt/release/src-ra-openwrt-4210/router/email-3.1.3/include -I../include -I/repo/Pass_GPL/asuswrt/release/src-ra-openwrt-4210/router/email-3.1.3/dlib/include -I../dlib/include -DEMAIL_VERSION='"3.1.3"' -DCOMPILE_DATE='"10/31/2010-01:13:35PM_EDT"' -DEMAIL_DIR='"/etc/email"' -Wall -W  -L/repo/Pass_GPL/asuswrt/release/src-ra-openwrt-4210/router/mipsel-musl/stage/usr/lib -L/repo/Pass_GPL/asuswrt/release/src-ra-openwrt-4210/router/nt_center/lib -L/repo/Pass_GPL/asuswrt/release/src-ra-openwrt-4210/router/sqlite/.libs conftest.c -lcrypto -lcrypto -lssl -lm   -lnt -lsqlite3 -lpthread -lcrypto -lssl  >&5
conftest.c:60:6: warning: conflicting types for built-in function 'fork'
 char fork ();
      ^
configure:4710: $? = 0
configure:4728: result: yes
configure:4648: checking for vfork
configure:4704: /opt/lede-toolchain-ramips-mt7621_gcc-5.4.0_musl-1.1.24.Linux-x86_64/toolchain-mipsel_24kc_gcc-5.4.0_musl-1.1.24/bin/mipsel-openwrt-linux-musl-gcc -o conftest -Os -Wall -I/repo/Pass_GPL/asuswrt/release/src-ra-openwrt-4210/router/mipsel-musl/stage/usr/include -I/repo/Pass_GPL/asuswrt/release/src-ra-openwrt-4210/router/nt_center/lib -I/repo/Pass_GPL/asuswrt/release/src-ra-openwrt-4210/router/sqlite -DRTCONFIG_NOTIFICATION_CENTER -Wall -W -DUSE_GNU_STRFTIME -I/repo/Pass_GPL/asuswrt/release/src-ra-openwrt-4210/router/email-3.1.3 -I/repo/Pass_GPL/asuswrt/release/src-ra-openwrt-4210/router/email-3.1.3/src -I/repo/Pass_GPL/asuswrt/release/src-ra-openwrt-4210/router/email-3.1.3/include -I../include -I/repo/Pass_GPL/asuswrt/release/src-ra-openwrt-4210/router/email-3.1.3/dlib/include -I../dlib/include -DEMAIL_VERSION='"3.1.3"' -DCOMPILE_DATE='"10/31/2010-01:13:35PM_EDT"' -DEMAIL_DIR='"/etc/email"' -Wall -W  -L/repo/Pass_GPL/asuswrt/release/src-ra-openwrt-4210/router/mipsel-musl/stage/usr/lib -L/repo/Pass_GPL/asuswrt/release/src-ra-openwrt-4210/router/nt_center/lib -L/repo/Pass_GPL/asuswrt/release/src-ra-openwrt-4210/router/sqlite/.libs conftest.c -lcrypto -lcrypto -lssl -lm   -lnt -lsqlite3 -lpthread -lcrypto -lssl  >&5
configure:4710: $? = 0
configure:4728: result: yes
configure:4739: checking for working fork
configure:4799: result: cross
configure:4815: WARNING: result yes guessed because of cross compilation
configure:4820: checking for working vfork
configure:4958: result: yes
configure:4990: checking whether /opt/lede-toolchain-ramips-mt7621_gcc-5.4.0_musl-1.1.24.Linux-x86_64/toolchain-mipsel_24kc_gcc-5.4.0_musl-1.1.24/bin/mipsel-openwrt-linux-musl-gcc needs -traditional
conftest.c:41:19: fatal error: sgtty.h: No such file or directory
compilation terminated.
conftest.c:41:20: fatal error: termio.h: No such file or directory
compilation terminated.
configure:5032: result: no
configure:5044: checking for stdlib.h
configure:5050: result: yes
configure:5184: checking for GNU libc compatible malloc
configure:5246: result: no
configure:5279: checking for stdlib.h
configure:5285: result: yes
configure:5419: checking for GNU libc compatible realloc
configure:5481: result: no
configure:5509: checking return type of signal handlers
configure:5537: /opt/lede-toolchain-ramips-mt7621_gcc-5.4.0_musl-1.1.24.Linux-x86_64/toolchain-mipsel_24kc_gcc-5.4.0_musl-1.1.24/bin/mipsel-openwrt-linux-musl-gcc -c -Os -Wall -I/repo/Pass_GPL/asuswrt/release/src-ra-openwrt-4210/router/mipsel-musl/stage/usr/include -I/repo/Pass_GPL/asuswrt/release/src-ra-openwrt-4210/router/nt_center/lib -I/repo/Pass_GPL/asuswrt/release/src-ra-openwrt-4210/router/sqlite -DRTCONFIG_NOTIFICATION_CENTER -Wall -W -DUSE_GNU_STRFTIME -I/repo/Pass_GPL/asuswrt/release/src-ra-openwrt-4210/router/email-3.1.3 -I/repo/Pass_GPL/asuswrt/release/src-ra-openwrt-4210/router/email-3.1.3/src -I/repo/Pass_GPL/asuswrt/release/src-ra-openwrt-4210/router/email-3.1.3/include -I../include -I/repo/Pass_GPL/asuswrt/release/src-ra-openwrt-4210/router/email-3.1.3/dlib/include -I../dlib/include -DEMAIL_VERSION='"3.1.3"' -DCOMPILE_DATE='"10/31/2010-01:13:35PM_EDT"' -DEMAIL_DIR='"/etc/email"' -Wall -W  conftest.c >&5
conftest.c: In function 'main':
conftest.c:52:9: error: void value not ignored as it ought to be
 return *(signal (0, 0)) (0) == 1;
         ^
configure:5543: $? = 1
configure: failed program was:
| /* confdefs.h.  */
| #define PACKAGE_NAME "dlib"
| #define PACKAGE_TARNAME "dlib"
| #define PACKAGE_VERSION "1.0"
| #define PACKAGE_STRING "dlib 1.0"
| #define PACKAGE_BUGREPORT "<deanjones@cleancode.org>"
| #define HAVE_LIBM 1
| #define HAVE_LIBSSL 1
| #define HAVE_LIBCRYPTO 1
| #define HAVE_LIBCRYPTO 1
| #define STDC_HEADERS 1
| #define HAVE_SYS_WAIT_H 1
| #define HAVE_SYS_TYPES_H 1
| #define HAVE_SYS_STAT_H 1
| #define HAVE_STDLIB_H 1
| #define HAVE_STRING_H 1
| #define HAVE_MEMORY_H 1
| #define HAVE_STRINGS_H 1
| #define HAVE_INTTYPES_H 1
| #define HAVE_STDINT_H 1
| #define HAVE_UNISTD_H 1
| #define HAVE_ARPA_INET_H 1
| #define HAVE_FCNTL_H 1
| #define HAVE_LIBINTL_H 1
| #define HAVE_NETDB_H 1
| #define HAVE_NETINET_IN_H 1
| #define HAVE_STDLIB_H 1
| #define HAVE_STRING_H 1
| #define HAVE_STRINGS_H 1
| #define HAVE_SYS_IOCTL_H 1
| #define HAVE_SYS_SOCKET_H 1
| #define HAVE_SYS_TIME_H 1
| #define HAVE_TERMIOS_H 1
| #define HAVE_UNISTD_H 1
| #define TIME_WITH_SYS_TIME 1
| #define HAVE_FORK 1
| #define HAVE_VFORK 1
| #define HAVE_WORKING_VFORK 1
| #define HAVE_WORKING_FORK 1
| #define HAVE_STDLIB_H 1
| #define HAVE_MALLOC 0
| #define HAVE_STDLIB_H 1
| #define HAVE_REALLOC 0
| #define realloc rpl_realloc
| /* end confdefs.h.  */
| #include <sys/types.h>
| #include <signal.h>
| 
| int
| main ()
| {
| return *(signal (0, 0)) (0) == 1;
|   ;
|   return 0;
| }
configure:5558: result: void
configure:5566: checking whether lstat dereferences a symlink specified with a trailing slash
configure:5637: result: no
configure:5656: checking whether stat accepts an empty string
configure:5714: result: yes
configure:5734: checking for strftime
configure:5790: /opt/lede-toolchain-ramips-mt7621_gcc-5.4.0_musl-1.1.24.Linux-x86_64/toolchain-mipsel_24kc_gcc-5.4.0_musl-1.1.24/bin/mipsel-openwrt-linux-musl-gcc -o conftest -Os -Wall -I/repo/Pass_GPL/asuswrt/release/src-ra-openwrt-4210/router/mipsel-musl/stage/usr/include -I/repo/Pass_GPL/asuswrt/release/src-ra-openwrt-4210/router/nt_center/lib -I/repo/Pass_GPL/asuswrt/release/src-ra-openwrt-4210/router/sqlite -DRTCONFIG_NOTIFICATION_CENTER -Wall -W -DUSE_GNU_STRFTIME -I/repo/Pass_GPL/asuswrt/release/src-ra-openwrt-4210/router/email-3.1.3 -I/repo/Pass_GPL/asuswrt/release/src-ra-openwrt-4210/router/email-3.1.3/src -I/repo/Pass_GPL/asuswrt/release/src-ra-openwrt-4210/router/email-3.1.3/include -I../include -I/repo/Pass_GPL/asuswrt/release/src-ra-openwrt-4210/router/email-3.1.3/dlib/include -I../dlib/include -DEMAIL_VERSION='"3.1.3"' -DCOMPILE_DATE='"10/31/2010-01:13:35PM_EDT"' -DEMAIL_DIR='"/etc/email"' -Wall -W  -L/repo/Pass_GPL/asuswrt/release/src-ra-openwrt-4210/router/mipsel-musl/stage/usr/lib -L/repo/Pass_GPL/asuswrt/release/src-ra-openwrt-4210/router/nt_center/lib -L/repo/Pass_GPL/asuswrt/release/src-ra-openwrt-4210/router/sqlite/.libs conftest.c -lcrypto -lcrypto -lssl -lm   -lnt -lsqlite3 -lpthread -lcrypto -lssl  >&5
conftest.c:71:6: warning: conflicting types for built-in function 'strftime'
 char strftime ();
      ^
configure:5796: $? = 0
configure:5814: result: yes
configure:5899: checking for vprintf
configure:5955: /opt/lede-toolchain-ramips-mt7621_gcc-5.4.0_musl-1.1.24.Linux-x86_64/toolchain-mipsel_24kc_gcc-5.4.0_musl-1.1.24/bin/mipsel-openwrt-linux-musl-gcc -o conftest -Os -Wall -I/repo/Pass_GPL/asuswrt/release/src-ra-openwrt-4210/router/mipsel-musl/stage/usr/include -I/repo/Pass_GPL/asuswrt/release/src-ra-openwrt-4210/router/nt_center/lib -I/repo/Pass_GPL/asuswrt/release/src-ra-openwrt-4210/router/sqlite -DRTCONFIG_NOTIFICATION_CENTER -Wall -W -DUSE_GNU_STRFTIME -I/repo/Pass_GPL/asuswrt/release/src-ra-openwrt-4210/router/email-3.1.3 -I/repo/Pass_GPL/asuswrt/release/src-ra-openwrt-4210/router/email-3.1.3/src -I/repo/Pass_GPL/asuswrt/release/src-ra-openwrt-4210/router/email-3.1.3/include -I../include -I/repo/Pass_GPL/asuswrt/release/src-ra-openwrt-4210/router/email-3.1.3/dlib/include -I../dlib/include -DEMAIL_VERSION='"3.1.3"' -DCOMPILE_DATE='"10/31/2010-01:13:35PM_EDT"' -DEMAIL_DIR='"/etc/email"' -Wall -W  -L/repo/Pass_GPL/asuswrt/release/src-ra-openwrt-4210/router/mipsel-musl/stage/usr/lib -L/repo/Pass_GPL/asuswrt/release/src-ra-openwrt-4210/router/nt_center/lib -L/repo/Pass_GPL/asuswrt/release/src-ra-openwrt-4210/router/sqlite/.libs conftest.c -lcrypto -lcrypto -lssl -lm   -lnt -lsqlite3 -lpthread -lcrypto -lssl  >&5
conftest.c:72:6: warning: conflicting types for built-in function 'vprintf'
 char vprintf ();
      ^
configure:5961: $? = 0
configure:5979: result: yes
configure:5986: checking for _doprnt
configure:6042: /opt/lede-toolchain-ramips-mt7621_gcc-5.4.0_musl-1.1.24.Linux-x86_64/toolchain-mipsel_24kc_gcc-5.4.0_musl-1.1.24/bin/mipsel-openwrt-linux-musl-gcc -o conftest -Os -Wall -I/repo/Pass_GPL/asuswrt/release/src-ra-openwrt-4210/router/mipsel-musl/stage/usr/include -I/repo/Pass_GPL/asuswrt/release/src-ra-openwrt-4210/router/nt_center/lib -I/repo/Pass_GPL/asuswrt/release/src-ra-openwrt-4210/router/sqlite -DRTCONFIG_NOTIFICATION_CENTER -Wall -W -DUSE_GNU_STRFTIME -I/repo/Pass_GPL/asuswrt/release/src-ra-openwrt-4210/router/email-3.1.3 -I/repo/Pass_GPL/asuswrt/release/src-ra-openwrt-4210/router/email-3.1.3/src -I/repo/Pass_GPL/asuswrt/release/src-ra-openwrt-4210/router/email-3.1.3/include -I../include -I/repo/Pass_GPL/asuswrt/release/src-ra-openwrt-4210/router/email-3.1.3/dlib/include -I../dlib/include -DEMAIL_VERSION='"3.1.3"' -DCOMPILE_DATE='"10/31/2010-01:13:35PM_EDT"' -DEMAIL_DIR='"/etc/email"' -Wall -W  -L/repo/Pass_GPL/asuswrt/release/src-ra-openwrt-4210/router/mipsel-musl/stage/usr/lib -L/repo/Pass_GPL/asuswrt/release/src-ra-openwrt-4210/router/nt_center/lib -L/repo/Pass_GPL/asuswrt/release/src-ra-openwrt-4210/router/sqlite/.libs conftest.c -lcrypto -lcrypto -lssl -lm   -lnt -lsqlite3 -lpthread -lcrypto -lssl  >&5
/tmp/ccMqAQLg.o: In function `main':
conftest.c:(.text.startup+0x8): undefined reference to `_doprnt'
collect2: error: ld returned 1 exit status
configure:6048: $? = 1
configure: failed program was:
| /* confdefs.h.  */
| #define PACKAGE_NAME "dlib"
| #define PACKAGE_TARNAME "dlib"
| #define PACKAGE_VERSION "1.0"
| #define PACKAGE_STRING "dlib 1.0"
| #define PACKAGE_BUGREPORT "<deanjones@cleancode.org>"
| #define HAVE_LIBM 1
| #define HAVE_LIBSSL 1
| #define HAVE_LIBCRYPTO 1
| #define HAVE_LIBCRYPTO 1
| #define STDC_HEADERS 1
| #define HAVE_SYS_WAIT_H 1
| #define HAVE_SYS_TYPES_H 1
| #define HAVE_SYS_STAT_H 1
| #define HAVE_STDLIB_H 1
| #define HAVE_STRING_H 1
| #define HAVE_MEMORY_H 1
| #define HAVE_STRINGS_H 1
| #define HAVE_INTTYPES_H 1
| #define HAVE_STDINT_H 1
| #define HAVE_UNISTD_H 1
| #define HAVE_ARPA_INET_H 1
| #define HAVE_FCNTL_H 1
| #define HAVE_LIBINTL_H 1
| #define HAVE_NETDB_H 1
| #define HAVE_NETINET_IN_H 1
| #define HAVE_STDLIB_H 1
| #define HAVE_STRING_H 1
| #define HAVE_STRINGS_H 1
| #define HAVE_SYS_IOCTL_H 1
| #define HAVE_SYS_SOCKET_H 1
| #define HAVE_SYS_TIME_H 1
| #define HAVE_TERMIOS_H 1
| #define HAVE_UNISTD_H 1
| #define TIME_WITH_SYS_TIME 1
| #define HAVE_FORK 1
| #define HAVE_VFORK 1
| #define HAVE_WORKING_VFORK 1
| #define HAVE_WORKING_FORK 1
| #define HAVE_STDLIB_H 1
| #define HAVE_MALLOC 0
| #define HAVE_STDLIB_H 1
| #define HAVE_REALLOC 0
| #define realloc rpl_realloc
| #define RETSIGTYPE void
| #define HAVE_STAT_EMPTY_STRING_BUG 1
| #define HAVE_STRFTIME 1
| #define HAVE_VPRINTF 1
| /* end confdefs.h.  */
| /* Define _doprnt to an innocuous variant, in case <limits.h> declares _doprnt.
|    For example, HP-UX 11i <limits.h> declares gettimeofday.  */
| #define _doprnt innocuous__doprnt
| 
| /* System header to define __stub macros and hopefully few prototypes,
|     which can conflict with char _doprnt (); below.
|     Prefer <limits.h> to <assert.h> if __STDC__ is defined, since
|     <limits.h> exists even on freestanding compilers.  */
| 
| #ifdef __STDC__
| # include <limits.h>
| #else
| # include <assert.h>
| #endif
| 
| #undef _doprnt
| 
| /* Override any GCC internal prototype to avoid an error.
|    Use char because int might match the return type of a GCC
|    builtin and then its argument prototype would still apply.  */
| #ifdef __cplusplus
| extern "C"
| #endif
| char _doprnt ();
| /* The GNU C library defines this for functions which it implements
|     to always fail with ENOSYS.  Some functions are actually named
|     something starting with __ and the normal name is an alias.  */
| #if defined __stub__doprnt || defined __stub____doprnt
| choke me
| #endif
| 
| int
| main ()
| {
| return _doprnt ();
|   ;
|   return 0;
| }
configure:6065: result: no
configure:6095: checking for gethostbyname
configure:6151: /opt/lede-toolchain-ramips-mt7621_gcc-5.4.0_musl-1.1.24.Linux-x86_64/toolchain-mipsel_24kc_gcc-5.4.0_musl-1.1.24/bin/mipsel-openwrt-linux-musl-gcc -o conftest -Os -Wall -I/repo/Pass_GPL/asuswrt/release/src-ra-openwrt-4210/router/mipsel-musl/stage/usr/include -I/repo/Pass_GPL/asuswrt/release/src-ra-openwrt-4210/router/nt_center/lib -I/repo/Pass_GPL/asuswrt/release/src-ra-openwrt-4210/router/sqlite -DRTCONFIG_NOTIFICATION_CENTER -Wall -W -DUSE_GNU_STRFTIME -I/repo/Pass_GPL/asuswrt/release/src-ra-openwrt-4210/router/email-3.1.3 -I/repo/Pass_GPL/asuswrt/release/src-ra-openwrt-4210/router/email-3.1.3/src -I/repo/Pass_GPL/asuswrt/release/src-ra-openwrt-4210/router/email-3.1.3/include -I../include -I/repo/Pass_GPL/asuswrt/release/src-ra-openwrt-4210/router/email-3.1.3/dlib/include -I../dlib/include -DEMAIL_VERSION='"3.1.3"' -DCOMPILE_DATE='"10/31/2010-01:13:35PM_EDT"' -DEMAIL_DIR='"/etc/email"' -Wall -W  -L/repo/Pass_GPL/asuswrt/release/src-ra-openwrt-4210/router/mipsel-musl/stage/usr/lib -L/repo/Pass_GPL/asuswrt/release/src-ra-openwrt-4210/router/nt_center/lib -L/repo/Pass_GPL/asuswrt/release/src-ra-openwrt-4210/router/sqlite/.libs conftest.c -lcrypto -lcrypto -lssl -lm   -lnt -lsqlite3 -lpthread -lcrypto -lssl  >&5
configure:6157: $? = 0
configure:6175: result: yes
configure:6095: checking for gethostname
configure:6151: /opt/lede-toolchain-ramips-mt7621_gcc-5.4.0_musl-1.1.24.Linux-x86_64/toolchain-mipsel_24kc_gcc-5.4.0_musl-1.1.24/bin/mipsel-openwrt-linux-musl-gcc -o conftest -Os -Wall -I/repo/Pass_GPL/asuswrt/release/src-ra-openwrt-4210/router/mipsel-musl/stage/usr/include -I/repo/Pass_GPL/asuswrt/release/src-ra-openwrt-4210/router/nt_center/lib -I/repo/Pass_GPL/asuswrt/release/src-ra-openwrt-4210/router/sqlite -DRTCONFIG_NOTIFICATION_CENTER -Wall -W -DUSE_GNU_STRFTIME -I/repo/Pass_GPL/asuswrt/release/src-ra-openwrt-4210/router/email-3.1.3 -I/repo/Pass_GPL/asuswrt/release/src-ra-openwrt-4210/router/email-3.1.3/src -I/repo/Pass_GPL/asuswrt/release/src-ra-openwrt-4210/router/email-3.1.3/include -I../include -I/repo/Pass_GPL/asuswrt/release/src-ra-openwrt-4210/router/email-3.1.3/dlib/include -I../dlib/include -DEMAIL_VERSION='"3.1.3"' -DCOMPILE_DATE='"10/31/2010-01:13:35PM_EDT"' -DEMAIL_DIR='"/etc/email"' -Wall -W  -L/repo/Pass_GPL/asuswrt/release/src-ra-openwrt-4210/router/mipsel-musl/stage/usr/lib -L/repo/Pass_GPL/asuswrt/release/src-ra-openwrt-4210/router/nt_center/lib -L/repo/Pass_GPL/asuswrt/release/src-ra-openwrt-4210/router/sqlite/.libs conftest.c -lcrypto -lcrypto -lssl -lm   -lnt -lsqlite3 -lpthread -lcrypto -lssl  >&5
configure:6157: $? = 0
configure:6175: result: yes
configure:6095: checking for getpass
configure:6151: /opt/lede-toolchain-ramips-mt7621_gcc-5.4.0_musl-1.1.24.Linux-x86_64/toolchain-mipsel_24kc_gcc-5.4.0_musl-1.1.24/bin/mipsel-openwrt-linux-musl-gcc -o conftest -Os -Wall -I/repo/Pass_GPL/asuswrt/release/src-ra-openwrt-4210/router/mipsel-musl/stage/usr/include -I/repo/Pass_GPL/asuswrt/release/src-ra-openwrt-4210/router/nt_center/lib -I/repo/Pass_GPL/asuswrt/release/src-ra-openwrt-4210/router/sqlite -DRTCONFIG_NOTIFICATION_CENTER -Wall -W -DUSE_GNU_STRFTIME -I/repo/Pass_GPL/asuswrt/release/src-ra-openwrt-4210/router/email-3.1.3 -I/repo/Pass_GPL/asuswrt/release/src-ra-openwrt-4210/router/email-3.1.3/src -I/repo/Pass_GPL/asuswrt/release/src-ra-openwrt-4210/router/email-3.1.3/include -I../include -I/repo/Pass_GPL/asuswrt/release/src-ra-openwrt-4210/router/email-3.1.3/dlib/include -I../dlib/include -DEMAIL_VERSION='"3.1.3"' -DCOMPILE_DATE='"10/31/2010-01:13:35PM_EDT"' -DEMAIL_DIR='"/etc/email"' -Wall -W  -L/repo/Pass_GPL/asuswrt/release/src-ra-openwrt-4210/router/mipsel-musl/stage/usr/lib -L/repo/Pass_GPL/asuswrt/release/src-ra-openwrt-4210/router/nt_center/lib -L/repo/Pass_GPL/asuswrt/release/src-ra-openwrt-4210/router/sqlite/.libs conftest.c -lcrypto -lcrypto -lssl -lm   -lnt -lsqlite3 -lpthread -lcrypto -lssl  >&5
configure:6157: $? = 0
configure:6175: result: yes
configure:6095: checking for gettimeofday
configure:6151: /opt/lede-toolchain-ramips-mt7621_gcc-5.4.0_musl-1.1.24.Linux-x86_64/toolchain-mipsel_24kc_gcc-5.4.0_musl-1.1.24/bin/mipsel-openwrt-linux-musl-gcc -o conftest -Os -Wall -I/repo/Pass_GPL/asuswrt/release/src-ra-openwrt-4210/router/mipsel-musl/stage/usr/include -I/repo/Pass_GPL/asuswrt/release/src-ra-openwrt-4210/router/nt_center/lib -I/repo/Pass_GPL/asuswrt/release/src-ra-openwrt-4210/router/sqlite -DRTCONFIG_NOTIFICATION_CENTER -Wall -W -DUSE_GNU_STRFTIME -I/repo/Pass_GPL/asuswrt/release/src-ra-openwrt-4210/router/email-3.1.3 -I/repo/Pass_GPL/asuswrt/release/src-ra-openwrt-4210/router/email-3.1.3/src -I/repo/Pass_GPL/asuswrt/release/src-ra-openwrt-4210/router/email-3.1.3/include -I../include -I/repo/Pass_GPL/asuswrt/release/src-ra-openwrt-4210/router/email-3.1.3/dlib/include -I../dlib/include -DEMAIL_VERSION='"3.1.3"' -DCOMPILE_DATE='"10/31/2010-01:13:35PM_EDT"' -DEMAIL_DIR='"/etc/email"' -Wall -W  -L/repo/Pass_GPL/asuswrt/release/src-ra-openwrt-4210/router/mipsel-musl/stage/usr/lib -L/repo/Pass_GPL/asuswrt/release/src-ra-openwrt-4210/router/nt_center/lib -L/repo/Pass_GPL/asuswrt/release/src-ra-openwrt-4210/router/sqlite/.libs conftest.c -lcrypto -lcrypto -lssl -lm   -lnt -lsqlite3 -lpthread -lcrypto -lssl  >&5
configure:6157: $? = 0
configure:6175: result: yes
configure:6095: checking for memset
configure:6151: /opt/lede-toolchain-ramips-mt7621_gcc-5.4.0_musl-1.1.24.Linux-x86_64/toolchain-mipsel_24kc_gcc-5.4.0_musl-1.1.24/bin/mipsel-openwrt-linux-musl-gcc -o conftest -Os -Wall -I/repo/Pass_GPL/asuswrt/release/src-ra-openwrt-4210/router/mipsel-musl/stage/usr/include -I/repo/Pass_GPL/asuswrt/release/src-ra-openwrt-4210/router/nt_center/lib -I/repo/Pass_GPL/asuswrt/release/src-ra-openwrt-4210/router/sqlite -DRTCONFIG_NOTIFICATION_CENTER -Wall -W -DUSE_GNU_STRFTIME -I/repo/Pass_GPL/asuswrt/release/src-ra-openwrt-4210/router/email-3.1.3 -I/repo/Pass_GPL/asuswrt/release/src-ra-openwrt-4210/router/email-3.1.3/src -I/repo/Pass_GPL/asuswrt/release/src-ra-openwrt-4210/router/email-3.1.3/include -I../include -I/repo/Pass_GPL/asuswrt/release/src-ra-openwrt-4210/router/email-3.1.3/dlib/include -I../dlib/include -DEMAIL_VERSION='"3.1.3"' -DCOMPILE_DATE='"10/31/2010-01:13:35PM_EDT"' -DEMAIL_DIR='"/etc/email"' -Wall -W  -L/repo/Pass_GPL/asuswrt/release/src-ra-openwrt-4210/router/mipsel-musl/stage/usr/lib -L/repo/Pass_GPL/asuswrt/release/src-ra-openwrt-4210/router/nt_center/lib -L/repo/Pass_GPL/asuswrt/release/src-ra-openwrt-4210/router/sqlite/.libs conftest.c -lcrypto -lcrypto -lssl -lm   -lnt -lsqlite3 -lpthread -lcrypto -lssl  >&5
conftest.c:77:6: warning: conflicting types for built-in function 'memset'
 char memset ();
      ^
configure:6157: $? = 0
configure:6175: result: yes
configure:6095: checking for putenv
configure:6151: /opt/lede-toolchain-ramips-mt7621_gcc-5.4.0_musl-1.1.24.Linux-x86_64/toolchain-mipsel_24kc_gcc-5.4.0_musl-1.1.24/bin/mipsel-openwrt-linux-musl-gcc -o conftest -Os -Wall -I/repo/Pass_GPL/asuswrt/release/src-ra-openwrt-4210/router/mipsel-musl/stage/usr/include -I/repo/Pass_GPL/asuswrt/release/src-ra-openwrt-4210/router/nt_center/lib -I/repo/Pass_GPL/asuswrt/release/src-ra-openwrt-4210/router/sqlite -DRTCONFIG_NOTIFICATION_CENTER -Wall -W -DUSE_GNU_STRFTIME -I/repo/Pass_GPL/asuswrt/release/src-ra-openwrt-4210/router/email-3.1.3 -I/repo/Pass_GPL/asuswrt/release/src-ra-openwrt-4210/router/email-3.1.3/src -I/repo/Pass_GPL/asuswrt/release/src-ra-openwrt-4210/router/email-3.1.3/include -I../include -I/repo/Pass_GPL/asuswrt/release/src-ra-openwrt-4210/router/email-3.1.3/dlib/include -I../dlib/include -DEMAIL_VERSION='"3.1.3"' -DCOMPILE_DATE='"10/31/2010-01:13:35PM_EDT"' -DEMAIL_DIR='"/etc/email"' -Wall -W  -L/repo/Pass_GPL/asuswrt/release/src-ra-openwrt-4210/router/mipsel-musl/stage/usr/lib -L/repo/Pass_GPL/asuswrt/release/src-ra-openwrt-4210/router/nt_center/lib -L/repo/Pass_GPL/asuswrt/release/src-ra-openwrt-4210/router/sqlite/.libs conftest.c -lcrypto -lcrypto -lssl -lm   -lnt -lsqlite3 -lpthread -lcrypto -lssl  >&5
configure:6157: $? = 0
configure:6175: result: yes
configure:6095: checking for socket
configure:6151: /opt/lede-toolchain-ramips-mt7621_gcc-5.4.0_musl-1.1.24.Linux-x86_64/toolchain-mipsel_24kc_gcc-5.4.0_musl-1.1.24/bin/mipsel-openwrt-linux-musl-gcc -o conftest -Os -Wall -I/repo/Pass_GPL/asuswrt/release/src-ra-openwrt-4210/router/mipsel-musl/stage/usr/include -I/repo/Pass_GPL/asuswrt/release/src-ra-openwrt-4210/router/nt_center/lib -I/repo/Pass_GPL/asuswrt/release/src-ra-openwrt-4210/router/sqlite -DRTCONFIG_NOTIFICATION_CENTER -Wall -W -DUSE_GNU_STRFTIME -I/repo/Pass_GPL/asuswrt/release/src-ra-openwrt-4210/router/email-3.1.3 -I/repo/Pass_GPL/asuswrt/release/src-ra-openwrt-4210/router/email-3.1.3/src -I/repo/Pass_GPL/asuswrt/release/src-ra-openwrt-4210/router/email-3.1.3/include -I../include -I/repo/Pass_GPL/asuswrt/release/src-ra-openwrt-4210/router/email-3.1.3/dlib/include -I../dlib/include -DEMAIL_VERSION='"3.1.3"' -DCOMPILE_DATE='"10/31/2010-01:13:35PM_EDT"' -DEMAIL_DIR='"/etc/email"' -Wall -W  -L/repo/Pass_GPL/asuswrt/release/src-ra-openwrt-4210/router/mipsel-musl/stage/usr/lib -L/repo/Pass_GPL/asuswrt/release/src-ra-openwrt-4210/router/nt_center/lib -L/repo/Pass_GPL/asuswrt/release/src-ra-openwrt-4210/router/sqlite/.libs conftest.c -lcrypto -lcrypto -lssl -lm   -lnt -lsqlite3 -lpthread -lcrypto -lssl  >&5
configure:6157: $? = 0
configure:6175: result: yes
configure:6095: checking for sqrt
configure:6151: /opt/lede-toolchain-ramips-mt7621_gcc-5.4.0_musl-1.1.24.Linux-x86_64/toolchain-mipsel_24kc_gcc-5.4.0_musl-1.1.24/bin/mipsel-openwrt-linux-musl-gcc -o conftest -Os -Wall -I/repo/Pass_GPL/asuswrt/release/src-ra-openwrt-4210/router/mipsel-musl/stage/usr/include -I/repo/Pass_GPL/asuswrt/release/src-ra-openwrt-4210/router/nt_center/lib -I/repo/Pass_GPL/asuswrt/release/src-ra-openwrt-4210/router/sqlite -DRTCONFIG_NOTIFICATION_CENTER -Wall -W -DUSE_GNU_STRFTIME -I/repo/Pass_GPL/asuswrt/release/src-ra-openwrt-4210/router/email-3.1.3 -I/repo/Pass_GPL/asuswrt/release/src-ra-openwrt-4210/router/email-3.1.3/src -I/repo/Pass_GPL/asuswrt/release/src-ra-openwrt-4210/router/email-3.1.3/include -I../include -I/repo/Pass_GPL/asuswrt/release/src-ra-openwrt-4210/router/email-3.1.3/dlib/include -I../dlib/include -DEMAIL_VERSION='"3.1.3"' -DCOMPILE_DATE='"10/31/2010-01:13:35PM_EDT"' -DEMAIL_DIR='"/etc/email"' -Wall -W  -L/repo/Pass_GPL/asuswrt/release/src-ra-openwrt-4210/router/mipsel-musl/stage/usr/lib -L/repo/Pass_GPL/asuswrt/release/src-ra-openwrt-4210/router/nt_center/lib -L/repo/Pass_GPL/asuswrt/release/src-ra-openwrt-4210/router/sqlite/.libs conftest.c -lcrypto -lcrypto -lssl -lm   -lnt -lsqlite3 -lpthread -lcrypto -lssl  >&5
conftest.c:80:6: warning: conflicting types for built-in function 'sqrt'
 char sqrt ();
      ^
configure:6157: $? = 0
configure:6175: result: yes
configure:6095: checking for strcasecmp
configure:6151: /opt/lede-toolchain-ramips-mt7621_gcc-5.4.0_musl-1.1.24.Linux-x86_64/toolchain-mipsel_24kc_gcc-5.4.0_musl-1.1.24/bin/mipsel-openwrt-linux-musl-gcc -o conftest -Os -Wall -I/repo/Pass_GPL/asuswrt/release/src-ra-openwrt-4210/router/mipsel-musl/stage/usr/include -I/repo/Pass_GPL/asuswrt/release/src-ra-openwrt-4210/router/nt_center/lib -I/repo/Pass_GPL/asuswrt/release/src-ra-openwrt-4210/router/sqlite -DRTCONFIG_NOTIFICATION_CENTER -Wall -W -DUSE_GNU_STRFTIME -I/repo/Pass_GPL/asuswrt/release/src-ra-openwrt-4210/router/email-3.1.3 -I/repo/Pass_GPL/asuswrt/release/src-ra-openwrt-4210/router/email-3.1.3/src -I/repo/Pass_GPL/asuswrt/release/src-ra-openwrt-4210/router/email-3.1.3/include -I../include -I/repo/Pass_GPL/asuswrt/release/src-ra-openwrt-4210/router/email-3.1.3/dlib/include -I../dlib/include -DEMAIL_VERSION='"3.1.3"' -DCOMPILE_DATE='"10/31/2010-01:13:35PM_EDT"' -DEMAIL_DIR='"/etc/email"' -Wall -W  -L/repo/Pass_GPL/asuswrt/release/src-ra-openwrt-4210/router/mipsel-musl/stage/usr/lib -L/repo/Pass_GPL/asuswrt/release/src-ra-openwrt-4210/router/nt_center/lib -L/repo/Pass_GPL/asuswrt/release/src-ra-openwrt-4210/router/sqlite/.libs conftest.c -lcrypto -lcrypto -lssl -lm   -lnt -lsqlite3 -lpthread -lcrypto -lssl  >&5
conftest.c:81:6: warning: conflicting types for built-in function 'strcasecmp'
 char strcasecmp ();
      ^
configure:6157: $? = 0
configure:6175: result: yes
configure:6095: checking for strchr
configure:6151: /opt/lede-toolchain-ramips-mt7621_gcc-5.4.0_musl-1.1.24.Linux-x86_64/toolchain-mipsel_24kc_gcc-5.4.0_musl-1.1.24/bin/mipsel-openwrt-linux-musl-gcc -o conftest -Os -Wall -I/repo/Pass_GPL/asuswrt/release/src-ra-openwrt-4210/router/mipsel-musl/stage/usr/include -I/repo/Pass_GPL/asuswrt/release/src-ra-openwrt-4210/router/nt_center/lib -I/repo/Pass_GPL/asuswrt/release/src-ra-openwrt-4210/router/sqlite -DRTCONFIG_NOTIFICATION_CENTER -Wall -W -DUSE_GNU_STRFTIME -I/repo/Pass_GPL/asuswrt/release/src-ra-openwrt-4210/router/email-3.1.3 -I/repo/Pass_GPL/asuswrt/release/src-ra-openwrt-4210/router/email-3.1.3/src -I/repo/Pass_GPL/asuswrt/release/src-ra-openwrt-4210/router/email-3.1.3/include -I../include -I/repo/Pass_GPL/asuswrt/release/src-ra-openwrt-4210/router/email-3.1.3/dlib/include -I../dlib/include -DEMAIL_VERSION='"3.1.3"' -DCOMPILE_DATE='"10/31/2010-01:13:35PM_EDT"' -DEMAIL_DIR='"/etc/email"' -Wall -W  -L/repo/Pass_GPL/asuswrt/release/src-ra-openwrt-4210/router/mipsel-musl/stage/usr/lib -L/repo/Pass_GPL/asuswrt/release/src-ra-openwrt-4210/router/nt_center/lib -L/repo/Pass_GPL/asuswrt/release/src-ra-openwrt-4210/router/sqlite/.libs conftest.c -lcrypto -lcrypto -lssl -lm   -lnt -lsqlite3 -lpthread -lcrypto -lssl  >&5
conftest.c:82:6: warning: conflicting types for built-in function 'strchr'
 char strchr ();
      ^
configure:6157: $? = 0
configure:6175: result: yes
configure:6095: checking for strerror
configure:6151: /opt/lede-toolchain-ramips-mt7621_gcc-5.4.0_musl-1.1.24.Linux-x86_64/toolchain-mipsel_24kc_gcc-5.4.0_musl-1.1.24/bin/mipsel-openwrt-linux-musl-gcc -o conftest -Os -Wall -I/repo/Pass_GPL/asuswrt/release/src-ra-openwrt-4210/router/mipsel-musl/stage/usr/include -I/repo/Pass_GPL/asuswrt/release/src-ra-openwrt-4210/router/nt_center/lib -I/repo/Pass_GPL/asuswrt/release/src-ra-openwrt-4210/router/sqlite -DRTCONFIG_NOTIFICATION_CENTER -Wall -W -DUSE_GNU_STRFTIME -I/repo/Pass_GPL/asuswrt/release/src-ra-openwrt-4210/router/email-3.1.3 -I/repo/Pass_GPL/asuswrt/release/src-ra-openwrt-4210/router/email-3.1.3/src -I/repo/Pass_GPL/asuswrt/release/src-ra-openwrt-4210/router/email-3.1.3/include -I../include -I/repo/Pass_GPL/asuswrt/release/src-ra-openwrt-4210/router/email-3.1.3/dlib/include -I../dlib/include -DEMAIL_VERSION='"3.1.3"' -DCOMPILE_DATE='"10/31/2010-01:13:35PM_EDT"' -DEMAIL_DIR='"/etc/email"' -Wall -W  -L/repo/Pass_GPL/asuswrt/release/src-ra-openwrt-4210/router/mipsel-musl/stage/usr/lib -L/repo/Pass_GPL/asuswrt/release/src-ra-openwrt-4210/router/nt_center/lib -L/repo/Pass_GPL/asuswrt/release/src-ra-openwrt-4210/router/sqlite/.libs conftest.c -lcrypto -lcrypto -lssl -lm   -lnt -lsqlite3 -lpthread -lcrypto -lssl  >&5
configure:6157: $? = 0
configure:6175: result: yes
configure:6095: checking for strrchr
configure:6151: /opt/lede-toolchain-ramips-mt7621_gcc-5.4.0_musl-1.1.24.Linux-x86_64/toolchain-mipsel_24kc_gcc-5.4.0_musl-1.1.24/bin/mipsel-openwrt-linux-musl-gcc -o conftest -Os -Wall -I/repo/Pass_GPL/asuswrt/release/src-ra-openwrt-4210/router/mipsel-musl/stage/usr/include -I/repo/Pass_GPL/asuswrt/release/src-ra-openwrt-4210/router/nt_center/lib -I/repo/Pass_GPL/asuswrt/release/src-ra-openwrt-4210/router/sqlite -DRTCONFIG_NOTIFICATION_CENTER -Wall -W -DUSE_GNU_STRFTIME -I/repo/Pass_GPL/asuswrt/release/src-ra-openwrt-4210/router/email-3.1.3 -I/repo/Pass_GPL/asuswrt/release/src-ra-openwrt-4210/router/email-3.1.3/src -I/repo/Pass_GPL/asuswrt/release/src-ra-openwrt-4210/router/email-3.1.3/include -I../include -I/repo/Pass_GPL/asuswrt/release/src-ra-openwrt-4210/router/email-3.1.3/dlib/include -I../dlib/include -DEMAIL_VERSION='"3.1.3"' -DCOMPILE_DATE='"10/31/2010-01:13:35PM_EDT"' -DEMAIL_DIR='"/etc/email"' -Wall -W  -L/repo/Pass_GPL/asuswrt/release/src-ra-openwrt-4210/router/mipsel-musl/stage/usr/lib -L/repo/Pass_GPL/asuswrt/release/src-ra-openwrt-4210/router/nt_center/lib -L/repo/Pass_GPL/asuswrt/release/src-ra-openwrt-4210/router/sqlite/.libs conftest.c -lcrypto -lcrypto -lssl -lm   -lnt -lsqlite3 -lpthread -lcrypto -lssl  >&5
conftest.c:84:6: warning: conflicting types for built-in function 'strrchr'
 char strrchr ();
      ^
configure:6157: $? = 0
configure:6175: result: yes
configure:6095: checking for uname
configure:6151: /opt/lede-toolchain-ramips-mt7621_gcc-5.4.0_musl-1.1.24.Linux-x86_64/toolchain-mipsel_24kc_gcc-5.4.0_musl-1.1.24/bin/mipsel-openwrt-linux-musl-gcc -o conftest -Os -Wall -I/repo/Pass_GPL/asuswrt/release/src-ra-openwrt-4210/router/mipsel-musl/stage/usr/include -I/repo/Pass_GPL/asuswrt/release/src-ra-openwrt-4210/router/nt_center/lib -I/repo/Pass_GPL/asuswrt/release/src-ra-openwrt-4210/router/sqlite -DRTCONFIG_NOTIFICATION_CENTER -Wall -W -DUSE_GNU_STRFTIME -I/repo/Pass_GPL/asuswrt/release/src-ra-openwrt-4210/router/email-3.1.3 -I/repo/Pass_GPL/asuswrt/release/src-ra-openwrt-4210/router/email-3.1.3/src -I/repo/Pass_GPL/asuswrt/release/src-ra-openwrt-4210/router/email-3.1.3/include -I../include -I/repo/Pass_GPL/asuswrt/release/src-ra-openwrt-4210/router/email-3.1.3/dlib/include -I../dlib/include -DEMAIL_VERSION='"3.1.3"' -DCOMPILE_DATE='"10/31/2010-01:13:35PM_EDT"' -DEMAIL_DIR='"/etc/email"' -Wall -W  -L/repo/Pass_GPL/asuswrt/release/src-ra-openwrt-4210/router/mipsel-musl/stage/usr/lib -L/repo/Pass_GPL/asuswrt/release/src-ra-openwrt-4210/router/nt_center/lib -L/repo/Pass_GPL/asuswrt/release/src-ra-openwrt-4210/router/sqlite/.libs conftest.c -lcrypto -lcrypto -lssl -lm   -lnt -lsqlite3 -lpthread -lcrypto -lssl  >&5
configure:6157: $? = 0
configure:6175: result: yes
configure:6290: creating ./config.status

## ---------------------- ##
## Running config.status. ##
## ---------------------- ##

This file was extended by dlib config.status 1.0, which was
generated by GNU Autoconf 2.61.  Invocation command line was

  CONFIG_FILES    = 
  CONFIG_HEADERS  = 
  CONFIG_LINKS    = 
  CONFIG_COMMANDS = 
  $ ./config.status 

on 820a0eb7ac91

config.status:592: creating Makefile
config.status:592: creating include/config.h

## ---------------- ##
## Cache variables. ##
## ---------------- ##

ac_cv_c_compiler_gnu=yes
ac_cv_env_CC_set=set
ac_cv_env_CC_value=/opt/lede-toolchain-ramips-mt7621_gcc-5.4.0_musl-1.1.24.Linux-x86_64/toolchain-mipsel_24kc_gcc-5.4.0_musl-1.1.24/bin/mipsel-openwrt-linux-musl-gcc
ac_cv_env_CFLAGS_set=set
ac_cv_env_CFLAGS_value='-Os -Wall -I/repo/Pass_GPL/asuswrt/release/src-ra-openwrt-4210/router/mipsel-musl/stage/usr/include -I/repo/Pass_GPL/asuswrt/release/src-ra-openwrt-4210/router/nt_center/lib -I/repo/Pass_GPL/asuswrt/release/src-ra-openwrt-4210/router/sqlite -DRTCONFIG_NOTIFICATION_CENTER -Wall -W -DUSE_GNU_STRFTIME -I/repo/Pass_GPL/asuswrt/release/src-ra-openwrt-4210/router/email-3.1.3 -I/repo/Pass_GPL/asuswrt/release/src-ra-openwrt-4210/router/email-3.1.3/src -I/repo/Pass_GPL/asuswrt/release/src-ra-openwrt-4210/router/email-3.1.3/include -I../include -I/repo/Pass_GPL/asuswrt/release/src-ra-openwrt-4210/router/email-3.1.3/dlib/include -I../dlib/include -DEMAIL_VERSION='\''"3.1.3"'\'' -DCOMPILE_DATE='\''"10/31/2010-01:13:35PM_EDT"'\'' -DEMAIL_DIR='\''"/etc/email"'\'''
ac_cv_env_CPPFLAGS_set=
ac_cv_env_CPPFLAGS_value=
ac_cv_env_CPP_set=
ac_cv_env_CPP_value=
ac_cv_env_LDFLAGS_set=set
ac_cv_env_LDFLAGS_value='-L/repo/Pass_GPL/asuswrt/release/src-ra-openwrt-4210/router/mipsel-musl/stage/usr/lib -L/repo/Pass_GPL/asuswrt/release/src-ra-openwrt-4210/router/nt_center/lib -L/repo/Pass_GPL/asuswrt/release/src-ra-openwrt-4210/router/sqlite/.libs'
ac_cv_env_LIBS_set=set
ac_cv_env_LIBS_value='  -lnt -lsqlite3 -lpthread -lcrypto -lssl '
ac_cv_env_build_alias_set=
ac_cv_env_build_alias_value=
ac_cv_env_host_alias_set=
ac_cv_env_host_alias_value=
ac_cv_env_target_alias_set=
ac_cv_env_target_alias_value=
ac_cv_func__doprnt=no
ac_cv_func_fork=yes
ac_cv_func_fork_works=yes
ac_cv_func_gethostbyname=yes
ac_cv_func_gethostname=yes
ac_cv_func_getpass=yes
ac_cv_func_gettimeofday=yes
ac_cv_func_lstat_dereferences_slashed_symlink=no
ac_cv_func_malloc_0_nonnull=no
ac_cv_func_memset=yes
ac_cv_func_putenv=yes
ac_cv_func_realloc_0_nonnull=no
ac_cv_func_socket=yes
ac_cv_func_sqrt=yes
ac_cv_func_stat_empty_string_bug=yes
ac_cv_func_strcasecmp=yes
ac_cv_func_strchr=yes
ac_cv_func_strerror=yes
ac_cv_func_strftime=yes
ac_cv_func_strrchr=yes
ac_cv_func_uname=yes
ac_cv_func_vfork=yes
ac_cv_func_vfork_works=yes
ac_cv_func_vprintf=yes
ac_cv_header_arpa_inet_h=yes
ac_cv_header_fcntl_h=yes
ac_cv_header_inttypes_h=yes
ac_cv_header_libintl_h=yes
ac_cv_header_memory_h=yes
ac_cv_header_netdb_h=yes
ac_cv_header_netinet_in_h=yes
ac_cv_header_stdc=yes
ac_cv_header_stdint_h=yes
ac_cv_header_stdlib_h=yes
ac_cv_header_string_h=yes
ac_cv_header_strings_h=yes
ac_cv_header_sys_ioctl_h=yes
ac_cv_header_sys_socket_h=yes
ac_cv_header_sys_stat_h=yes
ac_cv_header_sys_time_h=yes
ac_cv_header_sys_types_h=yes
ac_cv_header_sys_wait_h=yes
ac_cv_header_termios_h=yes
ac_cv_header_time=yes
ac_cv_header_unistd_h=yes
ac_cv_header_vfork_h=no
ac_cv_lib_crypto_RAND_seed=yes
ac_cv_lib_crypto_X509_free=yes
ac_cv_lib_m_sqrt=yes
ac_cv_lib_nsl_gethostbyname=no
ac_cv_lib_socket_socket=no
ac_cv_lib_ssl_SSL_new=yes
ac_cv_objext=o
ac_cv_path_EGREP='/bin/grep -E'
ac_cv_path_GREP=/bin/grep
ac_cv_prog_CPP='/opt/lede-toolchain-ramips-mt7621_gcc-5.4.0_musl-1.1.24.Linux-x86_64/toolchain-mipsel_24kc_gcc-5.4.0_musl-1.1.24/bin/mipsel-openwrt-linux-musl-gcc -E'
ac_cv_prog_ac_ct_CC=/opt/lede-toolchain-ramips-mt7621_gcc-5.4.0_musl-1.1.24.Linux-x86_64/toolchain-mipsel_24kc_gcc-5.4.0_musl-1.1.24/bin/mipsel-openwrt-linux-musl-gcc
ac_cv_prog_cc_c89=
ac_cv_prog_cc_g=yes
ac_cv_prog_gcc_traditional=no
ac_cv_prog_make_make_set=yes
ac_cv_struct_tm=time.h
ac_cv_sys_file_offset_bits=no
ac_cv_sys_largefile_CC=no
ac_cv_type_pid_t=yes
ac_cv_type_signal=void

## ----------------- ##
## Output variables. ##
## ----------------- ##

CC='/opt/lede-toolchain-ramips-mt7621_gcc-5.4.0_musl-1.1.24.Linux-x86_64/toolchain-mipsel_24kc_gcc-5.4.0_musl-1.1.24/bin/mipsel-openwrt-linux-musl-gcc'
CFLAGS='-Os -Wall -I/repo/Pass_GPL/asuswrt/release/src-ra-openwrt-4210/router/mipsel-musl/stage/usr/include -I/repo/Pass_GPL/asuswrt/release/src-ra-openwrt-4210/router/nt_center/lib -I/repo/Pass_GPL/asuswrt/release/src-ra-openwrt-4210/router/sqlite -DRTCONFIG_NOTIFICATION_CENTER -Wall -W -DUSE_GNU_STRFTIME -I/repo/Pass_GPL/asuswrt/release/src-ra-openwrt-4210/router/email-3.1.3 -I/repo/Pass_GPL/asuswrt/release/src-ra-openwrt-4210/router/email-3.1.3/src -I/repo/Pass_GPL/asuswrt/release/src-ra-openwrt-4210/router/email-3.1.3/include -I../include -I/repo/Pass_GPL/asuswrt/release/src-ra-openwrt-4210/router/email-3.1.3/dlib/include -I../dlib/include -DEMAIL_VERSION='\''"3.1.3"'\'' -DCOMPILE_DATE='\''"10/31/2010-01:13:35PM_EDT"'\'' -DEMAIL_DIR='\''"/etc/email"'\'' -Wall -W -I/repo/Pass_GPL/asuswrt/release/src-ra-openwrt-4210/router/email-3.1.3/dlib -I/repo/Pass_GPL/asuswrt/release/src-ra-openwrt-4210/router/email-3.1.3/dlib/src -I/repo/Pass_GPL/asuswrt/release/src-ra-openwrt-4210/router/email-3.1.3/dlib/include -I../include '
CPP='/opt/lede-toolchain-ramips-mt7621_gcc-5.4.0_musl-1.1.24.Linux-x86_64/toolchain-mipsel_24kc_gcc-5.4.0_musl-1.1.24/bin/mipsel-openwrt-linux-musl-gcc -E'
CPPFLAGS=''
DEFS='-DHAVE_CONFIG_H'
ECHO_C=''
ECHO_N='-n'
ECHO_T=''
EGREP='/bin/grep -E'
EXEEXT=''
GREP='/bin/grep'
LDFLAGS='-L/repo/Pass_GPL/asuswrt/release/src-ra-openwrt-4210/router/mipsel-musl/stage/usr/lib -L/repo/Pass_GPL/asuswrt/release/src-ra-openwrt-4210/router/nt_center/lib -L/repo/Pass_GPL/asuswrt/release/src-ra-openwrt-4210/router/sqlite/.libs'
LIBOBJS=' ${LIBOBJDIR}malloc$U.o ${LIBOBJDIR}realloc$U.o ${LIBOBJDIR}lstat$U.o ${LIBOBJDIR}stat$U.o'
LIBS='-lcrypto -lcrypto -lssl -lm   -lnt -lsqlite3 -lpthread -lcrypto -lssl '
LTLIBOBJS=' ${LIBOBJDIR}malloc$U.lo ${LIBOBJDIR}realloc$U.lo ${LIBOBJDIR}lstat$U.lo ${LIBOBJDIR}stat$U.lo'
OBJEXT='o'
PACKAGE_BUGREPORT='<deanjones@cleancode.org>'
PACKAGE_NAME='dlib'
PACKAGE_STRING='dlib 1.0'
PACKAGE_TARNAME='dlib'
PACKAGE_VERSION='1.0'
PATH_SEPARATOR=':'
SET_MAKE=''
SHELL='/bin/sh'
ac_ct_CC='/opt/lede-toolchain-ramips-mt7621_gcc-5.4.0_musl-1.1.24.Linux-x86_64/toolchain-mipsel_24kc_gcc-5.4.0_musl-1.1.24/bin/mipsel-openwrt-linux-musl-gcc'
bindir='${exec_prefix}/bin'
build_alias=''
datadir='${datarootdir}'
datarootdir='${prefix}/share'
docdir='${datarootdir}/doc/${PACKAGE_TARNAME}'
dvidir='${docdir}'
exec_prefix='${prefix}'
host_alias=''
htmldir='${docdir}'
includedir='${prefix}/include'
infodir='${datarootdir}/info'
libdir='${exec_prefix}/lib'
libexecdir='${exec_prefix}/libexec'
localedir='${datarootdir}/locale'
localstatedir='${prefix}/var'
mandir='${datarootdir}/man'
oldincludedir='/usr/include'
pdfdir='${docdir}'
prefix='/usr/local'
program_transform_name='s,x,x,'
psdir='${docdir}'
sbindir='${exec_prefix}/sbin'
sharedstatedir='${prefix}/com'
sysconfdir='${prefix}/etc'
target_alias=''

## ----------- ##
## confdefs.h. ##
## ----------- ##

#define PACKAGE_NAME "dlib"
#define PACKAGE_TARNAME "dlib"
#define PACKAGE_VERSION "1.0"
#define PACKAGE_STRING "dlib 1.0"
#define PACKAGE_BUGREPORT "<deanjones@cleancode.org>"
#define HAVE_LIBM 1
#define HAVE_LIBSSL 1
#define HAVE_LIBCRYPTO 1
#define HAVE_LIBCRYPTO 1
#define STDC_HEADERS 1
#define HAVE_SYS_WAIT_H 1
#define HAVE_SYS_TYPES_H 1
#define HAVE_SYS_STAT_H 1
#define HAVE_STDLIB_H 1
#define HAVE_STRING_H 1
#define HAVE_MEMORY_H 1
#define HAVE_STRINGS_H 1
#define HAVE_INTTYPES_H 1
#define HAVE_STDINT_H 1
#define HAVE_UNISTD_H 1
#define HAVE_ARPA_INET_H 1
#define HAVE_FCNTL_H 1
#define HAVE_LIBINTL_H 1
#define HAVE_NETDB_H 1
#define HAVE_NETINET_IN_H 1
#define HAVE_STDLIB_H 1
#define HAVE_STRING_H 1
#define HAVE_STRINGS_H 1
#define HAVE_SYS_IOCTL_H 1
#define HAVE_SYS_SOCKET_H 1
#define HAVE_SYS_TIME_H 1
#define HAVE_TERMIOS_H 1
#define HAVE_UNISTD_H 1
#define TIME_WITH_SYS_TIME 1
#define HAVE_FORK 1
#define HAVE_VFORK 1
#define HAVE_WORKING_VFORK 1
#define HAVE_WORKING_FORK 1
#define HAVE_STDLIB_H 1
#define HAVE_MALLOC 0
#define HAVE_STDLIB_H 1
#define HAVE_REALLOC 0
#define realloc rpl_realloc
#define RETSIGTYPE void
#define HAVE_STAT_EMPTY_STRING_BUG 1
#define HAVE_STRFTIME 1
#define HAVE_VPRINTF 1
#define HAVE_GETHOSTBYNAME 1
#define HAVE_GETHOSTNAME 1
#define HAVE_GETPASS 1
#define HAVE_GETTIMEOFDAY 1
#define HAVE_MEMSET 1
#define HAVE_PUTENV 1
#define HAVE_SOCKET 1
#define HAVE_SQRT 1
#define HAVE_STRCASECMP 1
#define HAVE_STRCHR 1
#define HAVE_STRERROR 1
#define HAVE_STRRCHR 1
#define HAVE_UNAME 1

configure: exit 0
