This file contains any messages produced by compilers while
running configure, to aid debugging if configure makes a mistake.

It was created by ntfs-3g configure 2016.2.22, which was
generated by GNU Autoconf 2.69.  Invocation command line was

  $ ./configure --host=mipsel-linux --build=x86_64-linux-gnu --enable-shared=no --enable-static=no --disable-library --disable-ldconfig --disable-mount-helper --with-fuse=internal --disable-posix-acls --disable-nfconv --disable-dependency-tracking

## --------- ##
## Platform. ##
## --------- ##

hostname = 820a0eb7ac91
uname -m = x86_64
uname -r = 6.8.0-137-generic
uname -s = Linux
uname -v = #137-Ubuntu SMP PREEMPT_DYNAMIC Fri Jul 17 20:28:23 UTC 2026

/usr/bin/uname -p = unknown
/bin/uname -X     = unknown

/bin/arch              = unknown
/usr/bin/arch -k       = unknown
/usr/convex/getsysinfo = unknown
/usr/bin/hostinfo      = unknown
/bin/machine           = unknown
/usr/bin/oslevel       = unknown
/bin/universe          = unknown

PATH: /repo/Pass_GPL/asuswrt/release/tools
PATH: /repo/Pass_GPL/asuswrt/release/src-ra-openwrt-4210/ctools
PATH: /repo/Pass_GPL/asuswrt/release/tools
PATH: /repo/Pass_GPL/asuswrt/release/src-ra-openwrt-4210/ctools
PATH: /repo/Pass_GPL/asuswrt/release/tools
PATH: /repo/Pass_GPL/asuswrt/release/src-ra-openwrt-4210/ctools
PATH: /usr/local/sbin
PATH: /usr/local/bin
PATH: /usr/sbin
PATH: /usr/bin
PATH: /sbin
PATH: /bin
PATH: /home/asuswrt/bin
PATH: /home/asuswrt/mybash
PATH: /opt/buildroot-gcc342/bin
PATH: /opt/buildroot-gcc463/bin
PATH: /opt/brcm/hndtools-mipsel-linux/bin
PATH: /opt/brcm/hndtools-mipsel-uclibc/bin
PATH: /opt/projects/hnd/tools/linux/hndtools-arm-linux-2.6.36-uclibc-4.5.3/bin
PATH: /opt/projects/hnd/tools/linux/hndtools-arm-linux-2.6.36-uclibc-4.5.3/arm-linux/bin
PATH: /opt/projects/hnd/tools/linux/hndtools-arm-linux-2.6.36-uclibc-4.5.3/usr/bin
PATH: /opt/toolchains/crosstools-arm-gcc-5.3-linux-4.1-glibc-2.22-binutils-2.25/usr/bin
PATH: /opt/toolchains/crosstools-aarch64-gcc-5.3-linux-4.1-glibc-2.22-binutils-2.25/usr/bin
PATH: /opt/toolchains/crosstools-arm-gcc-9.2-linux-4.19-glibc-2.30-binutils-2.32/usr/lib
PATH: /opt/toolchains/crosstools-aarch64-gcc-9.2-linux-4.19-glibc-2.30-binutils-2.32/bin
PATH: /opt/toolchains/crosstools-arm-gcc-10.3-linux-4.19-glibc-2.32-binutils-2.36.1/bin
PATH: /opt/toolchains/crosstools-aarch64-gcc-10.3-linux-4.19-glibc-2.32-binutils-2.36.1/bin
PATH: /opt/openwrt-gcc463.arm/bin
PATH: /opt/openwrt-gcc463.mips.mesh/bin
PATH: /opt/openwrt-gcc520_musl.aarch64/bin
PATH: /opt/openwrt-gcc840_musl.aarch64/bin


## ----------- ##
## Core tests. ##
## ----------- ##

configure:2502: checking build system type
configure:2516: result: x86_64-pc-linux-gnu
configure:2536: checking host system type
configure:2549: result: mipsel-unknown-linux-gnu
configure:2569: checking target system type
configure:2582: result: mipsel-unknown-linux-gnu
configure:2626: checking for a BSD-compatible install
configure:2694: result: /usr/bin/install -c
configure:2705: checking whether build environment is sane
configure:2760: result: yes
configure:2819: checking for mipsel-linux-strip
configure:2846: result: /opt/lede-toolchain-ramips-mt7621_gcc-5.4.0_musl-1.1.24.Linux-x86_64/toolchain-mipsel_24kc_gcc-5.4.0_musl-1.1.24/bin/mipsel-openwrt-linux-musl-strip -R .note -R .comment
configure:2911: checking for a thread-safe mkdir -p
configure:2950: result: /bin/mkdir -p
configure:2957: checking for gawk
configure:2973: found /usr/bin/gawk
configure:2984: result: gawk
configure:2995: checking whether make sets $(MAKE)
configure:3017: result: yes
configure:3046: checking whether make supports nested variables
configure:3063: result: yes
configure:3193: checking whether to enable maintainer-specific portions of Makefiles
configure:3202: result: no
configure:3402: checking for style of include used by make
configure:3430: result: GNU
configure:3461: checking for mipsel-linux-gcc
configure:3488: result: /opt/lede-toolchain-ramips-mt7621_gcc-5.4.0_musl-1.1.24.Linux-x86_64/toolchain-mipsel_24kc_gcc-5.4.0_musl-1.1.24/bin/mipsel-openwrt-linux-musl-gcc
configure:3757: checking for C compiler version
configure:3766: /opt/lede-toolchain-ramips-mt7621_gcc-5.4.0_musl-1.1.24.Linux-x86_64/toolchain-mipsel_24kc_gcc-5.4.0_musl-1.1.24/bin/mipsel-openwrt-linux-musl-gcc --version >&5
mipsel-openwrt-linux-musl-gcc.bin (LEDE GCC 5.4.0 unknown) 5.4.0
Copyright (C) 2015 Free Software Foundation, Inc.
This is free software; see the source for copying conditions.  There is NO
warranty; not even for MERCHANTABILITY or FITNESS FOR A PARTICULAR PURPOSE.

configure:3777: $? = 0
configure:3766: /opt/lede-toolchain-ramips-mt7621_gcc-5.4.0_musl-1.1.24.Linux-x86_64/toolchain-mipsel_24kc_gcc-5.4.0_musl-1.1.24/bin/mipsel-openwrt-linux-musl-gcc -v >&5
Reading specs from /opt/lede-toolchain-ramips-mt7621_gcc-5.4.0_musl-1.1.24.Linux-x86_64/toolchain-mipsel_24kc_gcc-5.4.0_musl-1.1.24/bin/../lib/gcc/mipsel-openwrt-linux-musl/5.4.0/specs
COLLECT_GCC=mipsel-openwrt-linux-musl-gcc.bin
COLLECT_LTO_WRAPPER=/opt/lede-toolchain-ramips-mt7621_gcc-5.4.0_musl-1.1.24.Linux-x86_64/toolchain-mipsel_24kc_gcc-5.4.0_musl-1.1.24/bin/../libexec/gcc/mipsel-openwrt-linux-musl/5.4.0/lto-wrapper
Target: mipsel-openwrt-linux-musl
Configured with: /data2/heidi_wen/SW4_git/OpenWRT_4210_20230308/mtk-openwrt-lede-4.2.1.0/build_dir/toolchain-mipsel_24kc_gcc-5.4.0_musl-1.1.24/gcc-5.4.0/configure --with-bugurl=http://www.lede-project.org/bugs/ --with-pkgversion='LEDE GCC 5.4.0 unknown' --prefix=/data2/heidi_wen/SW4_git/OpenWRT_4210_20230308/mtk-openwrt-lede-4.2.1.0/staging_dir/toolchain-mipsel_24kc_gcc-5.4.0_musl-1.1.24 --build=x86_64-linux-gnu --host=x86_64-linux-gnu --target=mipsel-openwrt-linux-musl --with-gnu-ld --enable-target-optspace --disable-libgomp --disable-libmudflap --disable-multilib --disable-libmpx --disable-nls --without-isl --without-cloog --with-host-libstdcxx=-lstdc++ --with-float=soft --with-gmp=/data2/heidi_wen/SW4_git/OpenWRT_4210_20230308/mtk-openwrt-lede-4.2.1.0/staging_dir/host --with-mpfr=/data2/heidi_wen/SW4_git/OpenWRT_4210_20230308/mtk-openwrt-lede-4.2.1.0/staging_dir/host --with-mpc=/data2/heidi_wen/SW4_git/OpenWRT_4210_20230308/mtk-openwrt-lede-4.2.1.0/staging_dir/host --disable-decimal-float --with-mips-plt --with-diagnostics-color=auto-if-env --disable-libssp --enable-__cxa_atexit --with-headers=/data2/heidi_wen/SW4_git/OpenWRT_4210_20230308/mtk-openwrt-lede-4.2.1.0/staging_dir/toolchain-mipsel_24kc_gcc-5.4.0_musl-1.1.24/include --disable-libsanitizer --enable-languages=c,c++ --enable-shared --enable-threads --with-slibdir=/data2/heidi_wen/SW4_git/OpenWRT_4210_20230308/mtk-openwrt-lede-4.2.1.0/staging_dir/toolchain-mipsel_24kc_gcc-5.4.0_musl-1.1.24/lib --enable-lto --with-libelf=/data2/heidi_wen/SW4_git/OpenWRT_4210_20230308/mtk-openwrt-lede-4.2.1.0/staging_dir/host
Thread model: posix
gcc version 5.4.0 (LEDE GCC 5.4.0 unknown) 
COMPILER_PATH=/opt/lede-toolchain-ramips-mt7621_gcc-5.4.0_musl-1.1.24.Linux-x86_64/toolchain-mipsel_24kc_gcc-5.4.0_musl-1.1.24/bin/../libexec/gcc/mipsel-openwrt-linux-musl/5.4.0/:/opt/lede-toolchain-ramips-mt7621_gcc-5.4.0_musl-1.1.24.Linux-x86_64/toolchain-mipsel_24kc_gcc-5.4.0_musl-1.1.24/bin/../libexec/gcc/:/opt/lede-toolchain-ramips-mt7621_gcc-5.4.0_musl-1.1.24.Linux-x86_64/toolchain-mipsel_24kc_gcc-5.4.0_musl-1.1.24/bin/../lib/gcc/mipsel-openwrt-linux-musl/5.4.0/../../../../mipsel-openwrt-linux-musl/bin/
LIBRARY_PATH=/opt/lede-toolchain-ramips-mt7621_gcc-5.4.0_musl-1.1.24.Linux-x86_64/toolchain-mipsel_24kc_gcc-5.4.0_musl-1.1.24/bin/../lib/gcc/mipsel-openwrt-linux-musl/5.4.0/:/opt/lede-toolchain-ramips-mt7621_gcc-5.4.0_musl-1.1.24.Linux-x86_64/toolchain-mipsel_24kc_gcc-5.4.0_musl-1.1.24/bin/../lib/gcc/:/opt/lede-toolchain-ramips-mt7621_gcc-5.4.0_musl-1.1.24.Linux-x86_64/toolchain-mipsel_24kc_gcc-5.4.0_musl-1.1.24/bin/../lib/gcc/mipsel-openwrt-linux-musl/5.4.0/../../../../mipsel-openwrt-linux-musl/lib/
COLLECT_GCC_OPTIONS='-v' '-msoft-float' '-mllsc' '-mplt' '-mno-shared' '-EL' '-mabi=32'
... rest of stderr output deleted ...
configure:3777: $? = 1
configure:3766: /opt/lede-toolchain-ramips-mt7621_gcc-5.4.0_musl-1.1.24.Linux-x86_64/toolchain-mipsel_24kc_gcc-5.4.0_musl-1.1.24/bin/mipsel-openwrt-linux-musl-gcc -V >&5
mipsel-openwrt-linux-musl-gcc.bin: error: unrecognized command line option '-V'
configure:3777: $? = 1
configure:3766: /opt/lede-toolchain-ramips-mt7621_gcc-5.4.0_musl-1.1.24.Linux-x86_64/toolchain-mipsel_24kc_gcc-5.4.0_musl-1.1.24/bin/mipsel-openwrt-linux-musl-gcc -qversion >&5
mipsel-openwrt-linux-musl-gcc.bin: error: unrecognized command line option '-qversion'
configure:3777: $? = 1
configure:3797: checking whether the C compiler works
configure:3819: /opt/lede-toolchain-ramips-mt7621_gcc-5.4.0_musl-1.1.24.Linux-x86_64/toolchain-mipsel_24kc_gcc-5.4.0_musl-1.1.24/bin/mipsel-openwrt-linux-musl-gcc -Os -Wall -DLINUX26 -DCONFIG_RALINK -DMUSL_LIBC -DDEBUG_NOISY -DDEBUG_RCTEST -D_GNU_SOURCE -D__UAPI_DEF_ETHHDR -DRALINK_DBDC_MODE -pipe -funit-at-a-time -Wno-pointer-sign -mtune=mips32 -mips32 -DLINUX_KERNEL_VERSION=263366 --sysroot=/opt/lede-toolchain-ramips-mt7621_gcc-5.4.0_musl-1.1.24.Linux-x86_64/toolchain-mipsel_24kc_gcc-5.4.0_musl-1.1.24  -ffunction-sections -fdata-sections  -ffunction-sections -fdata-sections -Wl,--gc-sections -fPIC -ldl conftest.c  >&5
configure:3823: $? = 0
configure:3871: result: yes
configure:3874: checking for C compiler default output file name
configure:3876: result: a.out
configure:3882: checking for suffix of executables
configure:3889: /opt/lede-toolchain-ramips-mt7621_gcc-5.4.0_musl-1.1.24.Linux-x86_64/toolchain-mipsel_24kc_gcc-5.4.0_musl-1.1.24/bin/mipsel-openwrt-linux-musl-gcc -o conftest -Os -Wall -DLINUX26 -DCONFIG_RALINK -DMUSL_LIBC -DDEBUG_NOISY -DDEBUG_RCTEST -D_GNU_SOURCE -D__UAPI_DEF_ETHHDR -DRALINK_DBDC_MODE -pipe -funit-at-a-time -Wno-pointer-sign -mtune=mips32 -mips32 -DLINUX_KERNEL_VERSION=263366 --sysroot=/opt/lede-toolchain-ramips-mt7621_gcc-5.4.0_musl-1.1.24.Linux-x86_64/toolchain-mipsel_24kc_gcc-5.4.0_musl-1.1.24  -ffunction-sections -fdata-sections  -ffunction-sections -fdata-sections -Wl,--gc-sections -fPIC -ldl conftest.c  >&5
configure:3893: $? = 0
configure:3915: result: 
configure:3937: checking whether we are cross compiling
configure:3975: result: yes
configure:3980: checking for suffix of object files
configure:4002: /opt/lede-toolchain-ramips-mt7621_gcc-5.4.0_musl-1.1.24.Linux-x86_64/toolchain-mipsel_24kc_gcc-5.4.0_musl-1.1.24/bin/mipsel-openwrt-linux-musl-gcc -c -Os -Wall -DLINUX26 -DCONFIG_RALINK -DMUSL_LIBC -DDEBUG_NOISY -DDEBUG_RCTEST -D_GNU_SOURCE -D__UAPI_DEF_ETHHDR -DRALINK_DBDC_MODE -pipe -funit-at-a-time -Wno-pointer-sign -mtune=mips32 -mips32 -DLINUX_KERNEL_VERSION=263366 --sysroot=/opt/lede-toolchain-ramips-mt7621_gcc-5.4.0_musl-1.1.24.Linux-x86_64/toolchain-mipsel_24kc_gcc-5.4.0_musl-1.1.24  -ffunction-sections -fdata-sections  conftest.c >&5
configure:4006: $? = 0
configure:4027: result: o
configure:4031: checking whether we are using the GNU C compiler
configure:4050: /opt/lede-toolchain-ramips-mt7621_gcc-5.4.0_musl-1.1.24.Linux-x86_64/toolchain-mipsel_24kc_gcc-5.4.0_musl-1.1.24/bin/mipsel-openwrt-linux-musl-gcc -c -Os -Wall -DLINUX26 -DCONFIG_RALINK -DMUSL_LIBC -DDEBUG_NOISY -DDEBUG_RCTEST -D_GNU_SOURCE -D__UAPI_DEF_ETHHDR -DRALINK_DBDC_MODE -pipe -funit-at-a-time -Wno-pointer-sign -mtune=mips32 -mips32 -DLINUX_KERNEL_VERSION=263366 --sysroot=/opt/lede-toolchain-ramips-mt7621_gcc-5.4.0_musl-1.1.24.Linux-x86_64/toolchain-mipsel_24kc_gcc-5.4.0_musl-1.1.24  -ffunction-sections -fdata-sections  conftest.c >&5
configure:4050: $? = 0
configure:4059: result: yes
configure:4068: checking whether /opt/lede-toolchain-ramips-mt7621_gcc-5.4.0_musl-1.1.24.Linux-x86_64/toolchain-mipsel_24kc_gcc-5.4.0_musl-1.1.24/bin/mipsel-openwrt-linux-musl-gcc accepts -g
configure:4088: /opt/lede-toolchain-ramips-mt7621_gcc-5.4.0_musl-1.1.24.Linux-x86_64/toolchain-mipsel_24kc_gcc-5.4.0_musl-1.1.24/bin/mipsel-openwrt-linux-musl-gcc -c -g  conftest.c >&5
configure:4088: $? = 0
configure:4129: result: yes
configure:4146: checking for /opt/lede-toolchain-ramips-mt7621_gcc-5.4.0_musl-1.1.24.Linux-x86_64/toolchain-mipsel_24kc_gcc-5.4.0_musl-1.1.24/bin/mipsel-openwrt-linux-musl-gcc option to accept ISO C89
configure:4209: /opt/lede-toolchain-ramips-mt7621_gcc-5.4.0_musl-1.1.24.Linux-x86_64/toolchain-mipsel_24kc_gcc-5.4.0_musl-1.1.24/bin/mipsel-openwrt-linux-musl-gcc  -c -Os -Wall -DLINUX26 -DCONFIG_RALINK -DMUSL_LIBC -DDEBUG_NOISY -DDEBUG_RCTEST -D_GNU_SOURCE -D__UAPI_DEF_ETHHDR -DRALINK_DBDC_MODE -pipe -funit-at-a-time -Wno-pointer-sign -mtune=mips32 -mips32 -DLINUX_KERNEL_VERSION=263366 --sysroot=/opt/lede-toolchain-ramips-mt7621_gcc-5.4.0_musl-1.1.24.Linux-x86_64/toolchain-mipsel_24kc_gcc-5.4.0_musl-1.1.24  -ffunction-sections -fdata-sections  conftest.c >&5
configure:4209: $? = 0
configure:4222: result: none needed
configure:4247: checking whether /opt/lede-toolchain-ramips-mt7621_gcc-5.4.0_musl-1.1.24.Linux-x86_64/toolchain-mipsel_24kc_gcc-5.4.0_musl-1.1.24/bin/mipsel-openwrt-linux-musl-gcc understands -c and -o together
configure:4269: /opt/lede-toolchain-ramips-mt7621_gcc-5.4.0_musl-1.1.24.Linux-x86_64/toolchain-mipsel_24kc_gcc-5.4.0_musl-1.1.24/bin/mipsel-openwrt-linux-musl-gcc -c conftest.c -o conftest2.o
configure:4272: $? = 0
configure:4269: /opt/lede-toolchain-ramips-mt7621_gcc-5.4.0_musl-1.1.24.Linux-x86_64/toolchain-mipsel_24kc_gcc-5.4.0_musl-1.1.24/bin/mipsel-openwrt-linux-musl-gcc -c conftest.c -o conftest2.o
configure:4272: $? = 0
configure:4284: result: yes
configure:4303: checking dependency style of /opt/lede-toolchain-ramips-mt7621_gcc-5.4.0_musl-1.1.24.Linux-x86_64/toolchain-mipsel_24kc_gcc-5.4.0_musl-1.1.24/bin/mipsel-openwrt-linux-musl-gcc
configure:4414: result: none
configure:4435: checking how to run the C preprocessor
configure:4466: /opt/lede-toolchain-ramips-mt7621_gcc-5.4.0_musl-1.1.24.Linux-x86_64/toolchain-mipsel_24kc_gcc-5.4.0_musl-1.1.24/bin/mipsel-openwrt-linux-musl-gcc -E  conftest.c
configure:4466: $? = 0
configure:4480: /opt/lede-toolchain-ramips-mt7621_gcc-5.4.0_musl-1.1.24.Linux-x86_64/toolchain-mipsel_24kc_gcc-5.4.0_musl-1.1.24/bin/mipsel-openwrt-linux-musl-gcc -E  conftest.c
conftest.c:11:28: fatal error: ac_nonexistent.h: No such file or directory
compilation terminated.
configure:4480: $? = 1
configure: failed program was:
| /* confdefs.h */
| #define PACKAGE_NAME "ntfs-3g"
| #define PACKAGE_TARNAME "ntfs-3g"
| #define PACKAGE_VERSION "2016.2.22"
| #define PACKAGE_STRING "ntfs-3g 2016.2.22"
| #define PACKAGE_BUGREPORT "ntfs-3g-devel@lists.sf.net"
| #define PACKAGE_URL ""
| #define PACKAGE "ntfs-3g"
| #define VERSION "2016.2.22"
| /* end confdefs.h.  */
| #include <ac_nonexistent.h>
configure:4505: result: /opt/lede-toolchain-ramips-mt7621_gcc-5.4.0_musl-1.1.24.Linux-x86_64/toolchain-mipsel_24kc_gcc-5.4.0_musl-1.1.24/bin/mipsel-openwrt-linux-musl-gcc -E
configure:4525: /opt/lede-toolchain-ramips-mt7621_gcc-5.4.0_musl-1.1.24.Linux-x86_64/toolchain-mipsel_24kc_gcc-5.4.0_musl-1.1.24/bin/mipsel-openwrt-linux-musl-gcc -E  conftest.c
configure:4525: $? = 0
configure:4539: /opt/lede-toolchain-ramips-mt7621_gcc-5.4.0_musl-1.1.24.Linux-x86_64/toolchain-mipsel_24kc_gcc-5.4.0_musl-1.1.24/bin/mipsel-openwrt-linux-musl-gcc -E  conftest.c
conftest.c:11:28: fatal error: ac_nonexistent.h: No such file or directory
compilation terminated.
configure:4539: $? = 1
configure: failed program was:
| /* confdefs.h */
| #define PACKAGE_NAME "ntfs-3g"
| #define PACKAGE_TARNAME "ntfs-3g"
| #define PACKAGE_VERSION "2016.2.22"
| #define PACKAGE_STRING "ntfs-3g 2016.2.22"
| #define PACKAGE_BUGREPORT "ntfs-3g-devel@lists.sf.net"
| #define PACKAGE_URL ""
| #define PACKAGE "ntfs-3g"
| #define VERSION "2016.2.22"
| /* end confdefs.h.  */
| #include <ac_nonexistent.h>
configure:4568: checking for grep that handles long lines and -e
configure:4626: result: /bin/grep
configure:4631: checking for egrep
configure:4693: result: /bin/grep -E
configure:4698: checking for ANSI C header files
configure:4718: /opt/lede-toolchain-ramips-mt7621_gcc-5.4.0_musl-1.1.24.Linux-x86_64/toolchain-mipsel_24kc_gcc-5.4.0_musl-1.1.24/bin/mipsel-openwrt-linux-musl-gcc -c -Os -Wall -DLINUX26 -DCONFIG_RALINK -DMUSL_LIBC -DDEBUG_NOISY -DDEBUG_RCTEST -D_GNU_SOURCE -D__UAPI_DEF_ETHHDR -DRALINK_DBDC_MODE -pipe -funit-at-a-time -Wno-pointer-sign -mtune=mips32 -mips32 -DLINUX_KERNEL_VERSION=263366 --sysroot=/opt/lede-toolchain-ramips-mt7621_gcc-5.4.0_musl-1.1.24.Linux-x86_64/toolchain-mipsel_24kc_gcc-5.4.0_musl-1.1.24  -ffunction-sections -fdata-sections  conftest.c >&5
configure:4718: $? = 0
configure:4802: result: yes
configure:4815: checking for sys/types.h
configure:4815: /opt/lede-toolchain-ramips-mt7621_gcc-5.4.0_musl-1.1.24.Linux-x86_64/toolchain-mipsel_24kc_gcc-5.4.0_musl-1.1.24/bin/mipsel-openwrt-linux-musl-gcc -c -Os -Wall -DLINUX26 -DCONFIG_RALINK -DMUSL_LIBC -DDEBUG_NOISY -DDEBUG_RCTEST -D_GNU_SOURCE -D__UAPI_DEF_ETHHDR -DRALINK_DBDC_MODE -pipe -funit-at-a-time -Wno-pointer-sign -mtune=mips32 -mips32 -DLINUX_KERNEL_VERSION=263366 --sysroot=/opt/lede-toolchain-ramips-mt7621_gcc-5.4.0_musl-1.1.24.Linux-x86_64/toolchain-mipsel_24kc_gcc-5.4.0_musl-1.1.24  -ffunction-sections -fdata-sections  conftest.c >&5
configure:4815: $? = 0
configure:4815: result: yes
configure:4815: checking for sys/stat.h
configure:4815: /opt/lede-toolchain-ramips-mt7621_gcc-5.4.0_musl-1.1.24.Linux-x86_64/toolchain-mipsel_24kc_gcc-5.4.0_musl-1.1.24/bin/mipsel-openwrt-linux-musl-gcc -c -Os -Wall -DLINUX26 -DCONFIG_RALINK -DMUSL_LIBC -DDEBUG_NOISY -DDEBUG_RCTEST -D_GNU_SOURCE -D__UAPI_DEF_ETHHDR -DRALINK_DBDC_MODE -pipe -funit-at-a-time -Wno-pointer-sign -mtune=mips32 -mips32 -DLINUX_KERNEL_VERSION=263366 --sysroot=/opt/lede-toolchain-ramips-mt7621_gcc-5.4.0_musl-1.1.24.Linux-x86_64/toolchain-mipsel_24kc_gcc-5.4.0_musl-1.1.24  -ffunction-sections -fdata-sections  conftest.c >&5
configure:4815: $? = 0
configure:4815: result: yes
configure:4815: checking for stdlib.h
configure:4815: /opt/lede-toolchain-ramips-mt7621_gcc-5.4.0_musl-1.1.24.Linux-x86_64/toolchain-mipsel_24kc_gcc-5.4.0_musl-1.1.24/bin/mipsel-openwrt-linux-musl-gcc -c -Os -Wall -DLINUX26 -DCONFIG_RALINK -DMUSL_LIBC -DDEBUG_NOISY -DDEBUG_RCTEST -D_GNU_SOURCE -D__UAPI_DEF_ETHHDR -DRALINK_DBDC_MODE -pipe -funit-at-a-time -Wno-pointer-sign -mtune=mips32 -mips32 -DLINUX_KERNEL_VERSION=263366 --sysroot=/opt/lede-toolchain-ramips-mt7621_gcc-5.4.0_musl-1.1.24.Linux-x86_64/toolchain-mipsel_24kc_gcc-5.4.0_musl-1.1.24  -ffunction-sections -fdata-sections  conftest.c >&5
configure:4815: $? = 0
configure:4815: result: yes
configure:4815: checking for string.h
configure:4815: /opt/lede-toolchain-ramips-mt7621_gcc-5.4.0_musl-1.1.24.Linux-x86_64/toolchain-mipsel_24kc_gcc-5.4.0_musl-1.1.24/bin/mipsel-openwrt-linux-musl-gcc -c -Os -Wall -DLINUX26 -DCONFIG_RALINK -DMUSL_LIBC -DDEBUG_NOISY -DDEBUG_RCTEST -D_GNU_SOURCE -D__UAPI_DEF_ETHHDR -DRALINK_DBDC_MODE -pipe -funit-at-a-time -Wno-pointer-sign -mtune=mips32 -mips32 -DLINUX_KERNEL_VERSION=263366 --sysroot=/opt/lede-toolchain-ramips-mt7621_gcc-5.4.0_musl-1.1.24.Linux-x86_64/toolchain-mipsel_24kc_gcc-5.4.0_musl-1.1.24  -ffunction-sections -fdata-sections  conftest.c >&5
configure:4815: $? = 0
configure:4815: result: yes
configure:4815: checking for memory.h
configure:4815: /opt/lede-toolchain-ramips-mt7621_gcc-5.4.0_musl-1.1.24.Linux-x86_64/toolchain-mipsel_24kc_gcc-5.4.0_musl-1.1.24/bin/mipsel-openwrt-linux-musl-gcc -c -Os -Wall -DLINUX26 -DCONFIG_RALINK -DMUSL_LIBC -DDEBUG_NOISY -DDEBUG_RCTEST -D_GNU_SOURCE -D__UAPI_DEF_ETHHDR -DRALINK_DBDC_MODE -pipe -funit-at-a-time -Wno-pointer-sign -mtune=mips32 -mips32 -DLINUX_KERNEL_VERSION=263366 --sysroot=/opt/lede-toolchain-ramips-mt7621_gcc-5.4.0_musl-1.1.24.Linux-x86_64/toolchain-mipsel_24kc_gcc-5.4.0_musl-1.1.24  -ffunction-sections -fdata-sections  conftest.c >&5
configure:4815: $? = 0
configure:4815: result: yes
configure:4815: checking for strings.h
configure:4815: /opt/lede-toolchain-ramips-mt7621_gcc-5.4.0_musl-1.1.24.Linux-x86_64/toolchain-mipsel_24kc_gcc-5.4.0_musl-1.1.24/bin/mipsel-openwrt-linux-musl-gcc -c -Os -Wall -DLINUX26 -DCONFIG_RALINK -DMUSL_LIBC -DDEBUG_NOISY -DDEBUG_RCTEST -D_GNU_SOURCE -D__UAPI_DEF_ETHHDR -DRALINK_DBDC_MODE -pipe -funit-at-a-time -Wno-pointer-sign -mtune=mips32 -mips32 -DLINUX_KERNEL_VERSION=263366 --sysroot=/opt/lede-toolchain-ramips-mt7621_gcc-5.4.0_musl-1.1.24.Linux-x86_64/toolchain-mipsel_24kc_gcc-5.4.0_musl-1.1.24  -ffunction-sections -fdata-sections  conftest.c >&5
configure:4815: $? = 0
configure:4815: result: yes
configure:4815: checking for inttypes.h
configure:4815: /opt/lede-toolchain-ramips-mt7621_gcc-5.4.0_musl-1.1.24.Linux-x86_64/toolchain-mipsel_24kc_gcc-5.4.0_musl-1.1.24/bin/mipsel-openwrt-linux-musl-gcc -c -Os -Wall -DLINUX26 -DCONFIG_RALINK -DMUSL_LIBC -DDEBUG_NOISY -DDEBUG_RCTEST -D_GNU_SOURCE -D__UAPI_DEF_ETHHDR -DRALINK_DBDC_MODE -pipe -funit-at-a-time -Wno-pointer-sign -mtune=mips32 -mips32 -DLINUX_KERNEL_VERSION=263366 --sysroot=/opt/lede-toolchain-ramips-mt7621_gcc-5.4.0_musl-1.1.24.Linux-x86_64/toolchain-mipsel_24kc_gcc-5.4.0_musl-1.1.24  -ffunction-sections -fdata-sections  conftest.c >&5
configure:4815: $? = 0
configure:4815: result: yes
configure:4815: checking for stdint.h
configure:4815: /opt/lede-toolchain-ramips-mt7621_gcc-5.4.0_musl-1.1.24.Linux-x86_64/toolchain-mipsel_24kc_gcc-5.4.0_musl-1.1.24/bin/mipsel-openwrt-linux-musl-gcc -c -Os -Wall -DLINUX26 -DCONFIG_RALINK -DMUSL_LIBC -DDEBUG_NOISY -DDEBUG_RCTEST -D_GNU_SOURCE -D__UAPI_DEF_ETHHDR -DRALINK_DBDC_MODE -pipe -funit-at-a-time -Wno-pointer-sign -mtune=mips32 -mips32 -DLINUX_KERNEL_VERSION=263366 --sysroot=/opt/lede-toolchain-ramips-mt7621_gcc-5.4.0_musl-1.1.24.Linux-x86_64/toolchain-mipsel_24kc_gcc-5.4.0_musl-1.1.24  -ffunction-sections -fdata-sections  conftest.c >&5
configure:4815: $? = 0
configure:4815: result: yes
configure:4815: checking for unistd.h
configure:4815: /opt/lede-toolchain-ramips-mt7621_gcc-5.4.0_musl-1.1.24.Linux-x86_64/toolchain-mipsel_24kc_gcc-5.4.0_musl-1.1.24/bin/mipsel-openwrt-linux-musl-gcc -c -Os -Wall -DLINUX26 -DCONFIG_RALINK -DMUSL_LIBC -DDEBUG_NOISY -DDEBUG_RCTEST -D_GNU_SOURCE -D__UAPI_DEF_ETHHDR -DRALINK_DBDC_MODE -pipe -funit-at-a-time -Wno-pointer-sign -mtune=mips32 -mips32 -DLINUX_KERNEL_VERSION=263366 --sysroot=/opt/lede-toolchain-ramips-mt7621_gcc-5.4.0_musl-1.1.24.Linux-x86_64/toolchain-mipsel_24kc_gcc-5.4.0_musl-1.1.24  -ffunction-sections -fdata-sections  conftest.c >&5
configure:4815: $? = 0
configure:4815: result: yes
configure:4828: checking minix/config.h usability
configure:4828: /opt/lede-toolchain-ramips-mt7621_gcc-5.4.0_musl-1.1.24.Linux-x86_64/toolchain-mipsel_24kc_gcc-5.4.0_musl-1.1.24/bin/mipsel-openwrt-linux-musl-gcc -c -Os -Wall -DLINUX26 -DCONFIG_RALINK -DMUSL_LIBC -DDEBUG_NOISY -DDEBUG_RCTEST -D_GNU_SOURCE -D__UAPI_DEF_ETHHDR -DRALINK_DBDC_MODE -pipe -funit-at-a-time -Wno-pointer-sign -mtune=mips32 -mips32 -DLINUX_KERNEL_VERSION=263366 --sysroot=/opt/lede-toolchain-ramips-mt7621_gcc-5.4.0_musl-1.1.24.Linux-x86_64/toolchain-mipsel_24kc_gcc-5.4.0_musl-1.1.24  -ffunction-sections -fdata-sections  conftest.c >&5
conftest.c:54:26: fatal error: minix/config.h: No such file or directory
compilation terminated.
configure:4828: $? = 1
configure: failed program was:
| /* confdefs.h */
| #define PACKAGE_NAME "ntfs-3g"
| #define PACKAGE_TARNAME "ntfs-3g"
| #define PACKAGE_VERSION "2016.2.22"
| #define PACKAGE_STRING "ntfs-3g 2016.2.22"
| #define PACKAGE_BUGREPORT "ntfs-3g-devel@lists.sf.net"
| #define PACKAGE_URL ""
| #define PACKAGE "ntfs-3g"
| #define VERSION "2016.2.22"
| #define STDC_HEADERS 1
| #define HAVE_SYS_TYPES_H 1
| #define HAVE_SYS_STAT_H 1
| #define HAVE_STDLIB_H 1
| #define HAVE_STRING_H 1
| #define HAVE_MEMORY_H 1
| #define HAVE_STRINGS_H 1
| #define HAVE_INTTYPES_H 1
| #define HAVE_STDINT_H 1
| #define HAVE_UNISTD_H 1
| /* end confdefs.h.  */
| #include <stdio.h>
| #ifdef HAVE_SYS_TYPES_H
| # include <sys/types.h>
| #endif
| #ifdef HAVE_SYS_STAT_H
| # include <sys/stat.h>
| #endif
| #ifdef STDC_HEADERS
| # include <stdlib.h>
| # include <stddef.h>
| #else
| # ifdef HAVE_STDLIB_H
| #  include <stdlib.h>
| # endif
| #endif
| #ifdef HAVE_STRING_H
| # if !defined STDC_HEADERS && defined HAVE_MEMORY_H
| #  include <memory.h>
| # endif
| # include <string.h>
| #endif
| #ifdef HAVE_STRINGS_H
| # include <strings.h>
| #endif
| #ifdef HAVE_INTTYPES_H
| # include <inttypes.h>
| #endif
| #ifdef HAVE_STDINT_H
| # include <stdint.h>
| #endif
| #ifdef HAVE_UNISTD_H
| # include <unistd.h>
| #endif
| #include <minix/config.h>
configure:4828: result: no
configure:4828: checking minix/config.h presence
configure:4828: /opt/lede-toolchain-ramips-mt7621_gcc-5.4.0_musl-1.1.24.Linux-x86_64/toolchain-mipsel_24kc_gcc-5.4.0_musl-1.1.24/bin/mipsel-openwrt-linux-musl-gcc -E  conftest.c
conftest.c:21:26: fatal error: minix/config.h: No such file or directory
compilation terminated.
configure:4828: $? = 1
configure: failed program was:
| /* confdefs.h */
| #define PACKAGE_NAME "ntfs-3g"
| #define PACKAGE_TARNAME "ntfs-3g"
| #define PACKAGE_VERSION "2016.2.22"
| #define PACKAGE_STRING "ntfs-3g 2016.2.22"
| #define PACKAGE_BUGREPORT "ntfs-3g-devel@lists.sf.net"
| #define PACKAGE_URL ""
| #define PACKAGE "ntfs-3g"
| #define VERSION "2016.2.22"
| #define STDC_HEADERS 1
| #define HAVE_SYS_TYPES_H 1
| #define HAVE_SYS_STAT_H 1
| #define HAVE_STDLIB_H 1
| #define HAVE_STRING_H 1
| #define HAVE_MEMORY_H 1
| #define HAVE_STRINGS_H 1
| #define HAVE_INTTYPES_H 1
| #define HAVE_STDINT_H 1
| #define HAVE_UNISTD_H 1
| /* end confdefs.h.  */
| #include <minix/config.h>
configure:4828: result: no
configure:4828: checking for minix/config.h
configure:4828: result: no
configure:4849: checking whether it is safe to define __EXTENSIONS__
configure:4867: /opt/lede-toolchain-ramips-mt7621_gcc-5.4.0_musl-1.1.24.Linux-x86_64/toolchain-mipsel_24kc_gcc-5.4.0_musl-1.1.24/bin/mipsel-openwrt-linux-musl-gcc -c -Os -Wall -DLINUX26 -DCONFIG_RALINK -DMUSL_LIBC -DDEBUG_NOISY -DDEBUG_RCTEST -D_GNU_SOURCE -D__UAPI_DEF_ETHHDR -DRALINK_DBDC_MODE -pipe -funit-at-a-time -Wno-pointer-sign -mtune=mips32 -mips32 -DLINUX_KERNEL_VERSION=263366 --sysroot=/opt/lede-toolchain-ramips-mt7621_gcc-5.4.0_musl-1.1.24.Linux-x86_64/toolchain-mipsel_24kc_gcc-5.4.0_musl-1.1.24  -ffunction-sections -fdata-sections  conftest.c >&5
configure:4867: $? = 0
configure:4874: result: yes
configure:4901: checking for mipsel-linux-gcc
configure:4928: result: /opt/lede-toolchain-ramips-mt7621_gcc-5.4.0_musl-1.1.24.Linux-x86_64/toolchain-mipsel_24kc_gcc-5.4.0_musl-1.1.24/bin/mipsel-openwrt-linux-musl-gcc
configure:5003: checking for C compiler version
configure:5012: /opt/lede-toolchain-ramips-mt7621_gcc-5.4.0_musl-1.1.24.Linux-x86_64/toolchain-mipsel_24kc_gcc-5.4.0_musl-1.1.24/bin/mipsel-openwrt-linux-musl-gcc --version >&5
mipsel-openwrt-linux-musl-gcc.bin (LEDE GCC 5.4.0 unknown) 5.4.0
Copyright (C) 2015 Free Software Foundation, Inc.
This is free software; see the source for copying conditions.  There is NO
warranty; not even for MERCHANTABILITY or FITNESS FOR A PARTICULAR PURPOSE.

configure:5023: $? = 0
configure:5012: /opt/lede-toolchain-ramips-mt7621_gcc-5.4.0_musl-1.1.24.Linux-x86_64/toolchain-mipsel_24kc_gcc-5.4.0_musl-1.1.24/bin/mipsel-openwrt-linux-musl-gcc -v >&5
Reading specs from /opt/lede-toolchain-ramips-mt7621_gcc-5.4.0_musl-1.1.24.Linux-x86_64/toolchain-mipsel_24kc_gcc-5.4.0_musl-1.1.24/bin/../lib/gcc/mipsel-openwrt-linux-musl/5.4.0/specs
COLLECT_GCC=mipsel-openwrt-linux-musl-gcc.bin
COLLECT_LTO_WRAPPER=/opt/lede-toolchain-ramips-mt7621_gcc-5.4.0_musl-1.1.24.Linux-x86_64/toolchain-mipsel_24kc_gcc-5.4.0_musl-1.1.24/bin/../libexec/gcc/mipsel-openwrt-linux-musl/5.4.0/lto-wrapper
Target: mipsel-openwrt-linux-musl
Configured with: /data2/heidi_wen/SW4_git/OpenWRT_4210_20230308/mtk-openwrt-lede-4.2.1.0/build_dir/toolchain-mipsel_24kc_gcc-5.4.0_musl-1.1.24/gcc-5.4.0/configure --with-bugurl=http://www.lede-project.org/bugs/ --with-pkgversion='LEDE GCC 5.4.0 unknown' --prefix=/data2/heidi_wen/SW4_git/OpenWRT_4210_20230308/mtk-openwrt-lede-4.2.1.0/staging_dir/toolchain-mipsel_24kc_gcc-5.4.0_musl-1.1.24 --build=x86_64-linux-gnu --host=x86_64-linux-gnu --target=mipsel-openwrt-linux-musl --with-gnu-ld --enable-target-optspace --disable-libgomp --disable-libmudflap --disable-multilib --disable-libmpx --disable-nls --without-isl --without-cloog --with-host-libstdcxx=-lstdc++ --with-float=soft --with-gmp=/data2/heidi_wen/SW4_git/OpenWRT_4210_20230308/mtk-openwrt-lede-4.2.1.0/staging_dir/host --with-mpfr=/data2/heidi_wen/SW4_git/OpenWRT_4210_20230308/mtk-openwrt-lede-4.2.1.0/staging_dir/host --with-mpc=/data2/heidi_wen/SW4_git/OpenWRT_4210_20230308/mtk-openwrt-lede-4.2.1.0/staging_dir/host --disable-decimal-float --with-mips-plt --with-diagnostics-color=auto-if-env --disable-libssp --enable-__cxa_atexit --with-headers=/data2/heidi_wen/SW4_git/OpenWRT_4210_20230308/mtk-openwrt-lede-4.2.1.0/staging_dir/toolchain-mipsel_24kc_gcc-5.4.0_musl-1.1.24/include --disable-libsanitizer --enable-languages=c,c++ --enable-shared --enable-threads --with-slibdir=/data2/heidi_wen/SW4_git/OpenWRT_4210_20230308/mtk-openwrt-lede-4.2.1.0/staging_dir/toolchain-mipsel_24kc_gcc-5.4.0_musl-1.1.24/lib --enable-lto --with-libelf=/data2/heidi_wen/SW4_git/OpenWRT_4210_20230308/mtk-openwrt-lede-4.2.1.0/staging_dir/host
Thread model: posix
gcc version 5.4.0 (LEDE GCC 5.4.0 unknown) 
COMPILER_PATH=/opt/lede-toolchain-ramips-mt7621_gcc-5.4.0_musl-1.1.24.Linux-x86_64/toolchain-mipsel_24kc_gcc-5.4.0_musl-1.1.24/bin/../libexec/gcc/mipsel-openwrt-linux-musl/5.4.0/:/opt/lede-toolchain-ramips-mt7621_gcc-5.4.0_musl-1.1.24.Linux-x86_64/toolchain-mipsel_24kc_gcc-5.4.0_musl-1.1.24/bin/../libexec/gcc/:/opt/lede-toolchain-ramips-mt7621_gcc-5.4.0_musl-1.1.24.Linux-x86_64/toolchain-mipsel_24kc_gcc-5.4.0_musl-1.1.24/bin/../lib/gcc/mipsel-openwrt-linux-musl/5.4.0/../../../../mipsel-openwrt-linux-musl/bin/
LIBRARY_PATH=/opt/lede-toolchain-ramips-mt7621_gcc-5.4.0_musl-1.1.24.Linux-x86_64/toolchain-mipsel_24kc_gcc-5.4.0_musl-1.1.24/bin/../lib/gcc/mipsel-openwrt-linux-musl/5.4.0/:/opt/lede-toolchain-ramips-mt7621_gcc-5.4.0_musl-1.1.24.Linux-x86_64/toolchain-mipsel_24kc_gcc-5.4.0_musl-1.1.24/bin/../lib/gcc/:/opt/lede-toolchain-ramips-mt7621_gcc-5.4.0_musl-1.1.24.Linux-x86_64/toolchain-mipsel_24kc_gcc-5.4.0_musl-1.1.24/bin/../lib/gcc/mipsel-openwrt-linux-musl/5.4.0/../../../../mipsel-openwrt-linux-musl/lib/
COLLECT_GCC_OPTIONS='-v' '-msoft-float' '-mllsc' '-mplt' '-mno-shared' '-EL' '-mabi=32'
... rest of stderr output deleted ...
configure:5023: $? = 1
configure:5012: /opt/lede-toolchain-ramips-mt7621_gcc-5.4.0_musl-1.1.24.Linux-x86_64/toolchain-mipsel_24kc_gcc-5.4.0_musl-1.1.24/bin/mipsel-openwrt-linux-musl-gcc -V >&5
mipsel-openwrt-linux-musl-gcc.bin: error: unrecognized command line option '-V'
configure:5023: $? = 1
configure:5012: /opt/lede-toolchain-ramips-mt7621_gcc-5.4.0_musl-1.1.24.Linux-x86_64/toolchain-mipsel_24kc_gcc-5.4.0_musl-1.1.24/bin/mipsel-openwrt-linux-musl-gcc -qversion >&5
mipsel-openwrt-linux-musl-gcc.bin: error: unrecognized command line option '-qversion'
configure:5023: $? = 1
configure:5027: checking whether we are using the GNU C compiler
configure:5055: result: yes
configure:5064: checking whether /opt/lede-toolchain-ramips-mt7621_gcc-5.4.0_musl-1.1.24.Linux-x86_64/toolchain-mipsel_24kc_gcc-5.4.0_musl-1.1.24/bin/mipsel-openwrt-linux-musl-gcc accepts -g
configure:5125: result: yes
configure:5142: checking for /opt/lede-toolchain-ramips-mt7621_gcc-5.4.0_musl-1.1.24.Linux-x86_64/toolchain-mipsel_24kc_gcc-5.4.0_musl-1.1.24/bin/mipsel-openwrt-linux-musl-gcc option to accept ISO C89
configure:5218: result: none needed
configure:5243: checking whether /opt/lede-toolchain-ramips-mt7621_gcc-5.4.0_musl-1.1.24.Linux-x86_64/toolchain-mipsel_24kc_gcc-5.4.0_musl-1.1.24/bin/mipsel-openwrt-linux-musl-gcc understands -c and -o together
configure:5280: result: yes
configure:5299: checking dependency style of /opt/lede-toolchain-ramips-mt7621_gcc-5.4.0_musl-1.1.24.Linux-x86_64/toolchain-mipsel_24kc_gcc-5.4.0_musl-1.1.24/bin/mipsel-openwrt-linux-musl-gcc
configure:5410: result: none
configure:5425: checking whether ln -s works
configure:5429: result: yes
configure:5484: checking how to print strings
configure:5511: result: printf
configure:5532: checking for a sed that does not truncate output
configure:5596: result: /bin/sed
configure:5614: checking for fgrep
configure:5676: result: /bin/grep -F
configure:5711: checking for ld used by /opt/lede-toolchain-ramips-mt7621_gcc-5.4.0_musl-1.1.24.Linux-x86_64/toolchain-mipsel_24kc_gcc-5.4.0_musl-1.1.24/bin/mipsel-openwrt-linux-musl-gcc
configure:5778: result: /opt/lede-toolchain-ramips-mt7621_gcc-5.4.0_musl-1.1.24.Linux-x86_64/toolchain-mipsel_24kc_gcc-5.4.0_musl-1.1.24/bin/mipsel-openwrt-linux-musl-ld
configure:5785: checking if the linker (/opt/lede-toolchain-ramips-mt7621_gcc-5.4.0_musl-1.1.24.Linux-x86_64/toolchain-mipsel_24kc_gcc-5.4.0_musl-1.1.24/bin/mipsel-openwrt-linux-musl-ld) is GNU ld
configure:5800: result: yes
configure:5812: checking for BSD- or MS-compatible name lister (nm)
configure:5861: result: /opt/lede-toolchain-ramips-mt7621_gcc-5.4.0_musl-1.1.24.Linux-x86_64/toolchain-mipsel_24kc_gcc-5.4.0_musl-1.1.24/bin/mipsel-openwrt-linux-musl-nm
configure:5991: checking the name lister (/opt/lede-toolchain-ramips-mt7621_gcc-5.4.0_musl-1.1.24.Linux-x86_64/toolchain-mipsel_24kc_gcc-5.4.0_musl-1.1.24/bin/mipsel-openwrt-linux-musl-nm) interface
configure:5998: /opt/lede-toolchain-ramips-mt7621_gcc-5.4.0_musl-1.1.24.Linux-x86_64/toolchain-mipsel_24kc_gcc-5.4.0_musl-1.1.24/bin/mipsel-openwrt-linux-musl-gcc -c -Os -Wall -DLINUX26 -DCONFIG_RALINK -DMUSL_LIBC -DDEBUG_NOISY -DDEBUG_RCTEST -D_GNU_SOURCE -D__UAPI_DEF_ETHHDR -DRALINK_DBDC_MODE -pipe -funit-at-a-time -Wno-pointer-sign -mtune=mips32 -mips32 -DLINUX_KERNEL_VERSION=263366 --sysroot=/opt/lede-toolchain-ramips-mt7621_gcc-5.4.0_musl-1.1.24.Linux-x86_64/toolchain-mipsel_24kc_gcc-5.4.0_musl-1.1.24  -ffunction-sections -fdata-sections  conftest.c >&5
configure:6001: /opt/lede-toolchain-ramips-mt7621_gcc-5.4.0_musl-1.1.24.Linux-x86_64/toolchain-mipsel_24kc_gcc-5.4.0_musl-1.1.24/bin/mipsel-openwrt-linux-musl-nm "conftest.o"
configure:6004: output
00000000 B some_variable
configure:6011: result: BSD nm
configure:6015: checking the maximum length of command line arguments
configure:6145: result: 1572864
configure:6162: checking whether the shell understands some XSI constructs
configure:6172: result: yes
configure:6176: checking whether the shell understands "+="
configure:6182: result: yes
configure:6217: checking how to convert x86_64-pc-linux-gnu file names to mipsel-unknown-linux-gnu format
configure:6257: result: func_convert_file_noop
configure:6264: checking how to convert x86_64-pc-linux-gnu file names to toolchain format
configure:6284: result: func_convert_file_noop
configure:6291: checking for /opt/lede-toolchain-ramips-mt7621_gcc-5.4.0_musl-1.1.24.Linux-x86_64/toolchain-mipsel_24kc_gcc-5.4.0_musl-1.1.24/bin/mipsel-openwrt-linux-musl-ld option to reload object files
configure:6298: result: -r
configure:6332: checking for mipsel-linux-objdump
configure:6359: result: /opt/lede-toolchain-ramips-mt7621_gcc-5.4.0_musl-1.1.24.Linux-x86_64/toolchain-mipsel_24kc_gcc-5.4.0_musl-1.1.24/bin/mipsel-openwrt-linux-musl-objdump
configure:6431: checking how to recognize dependent libraries
configure:6633: result: pass_all
configure:6678: checking for mipsel-linux-dlltool
configure:6708: result: no
configure:6718: checking for dlltool
configure:6748: result: no
configure:6778: checking how to associate runtime and link libraries
configure:6805: result: printf %s\n
configure:6821: checking for mipsel-linux-ar
configure:6848: result: /opt/lede-toolchain-ramips-mt7621_gcc-5.4.0_musl-1.1.24.Linux-x86_64/toolchain-mipsel_24kc_gcc-5.4.0_musl-1.1.24/bin/mipsel-openwrt-linux-musl-ar
configure:6929: checking for archiver @FILE support
configure:6946: /opt/lede-toolchain-ramips-mt7621_gcc-5.4.0_musl-1.1.24.Linux-x86_64/toolchain-mipsel_24kc_gcc-5.4.0_musl-1.1.24/bin/mipsel-openwrt-linux-musl-gcc -c -Os -Wall -DLINUX26 -DCONFIG_RALINK -DMUSL_LIBC -DDEBUG_NOISY -DDEBUG_RCTEST -D_GNU_SOURCE -D__UAPI_DEF_ETHHDR -DRALINK_DBDC_MODE -pipe -funit-at-a-time -Wno-pointer-sign -mtune=mips32 -mips32 -DLINUX_KERNEL_VERSION=263366 --sysroot=/opt/lede-toolchain-ramips-mt7621_gcc-5.4.0_musl-1.1.24.Linux-x86_64/toolchain-mipsel_24kc_gcc-5.4.0_musl-1.1.24  -ffunction-sections -fdata-sections  conftest.c >&5
configure:6946: $? = 0
configure:6949: /opt/lede-toolchain-ramips-mt7621_gcc-5.4.0_musl-1.1.24.Linux-x86_64/toolchain-mipsel_24kc_gcc-5.4.0_musl-1.1.24/bin/mipsel-openwrt-linux-musl-ar cru libconftest.a @conftest.lst >&5
/opt/lede-toolchain-ramips-mt7621_gcc-5.4.0_musl-1.1.24.Linux-x86_64/toolchain-mipsel_24kc_gcc-5.4.0_musl-1.1.24/bin/mipsel-openwrt-linux-musl-ar: `u' modifier ignored since `D' is the default (see `U')
configure:6952: $? = 0
configure:6957: /opt/lede-toolchain-ramips-mt7621_gcc-5.4.0_musl-1.1.24.Linux-x86_64/toolchain-mipsel_24kc_gcc-5.4.0_musl-1.1.24/bin/mipsel-openwrt-linux-musl-ar cru libconftest.a @conftest.lst >&5
/opt/lede-toolchain-ramips-mt7621_gcc-5.4.0_musl-1.1.24.Linux-x86_64/toolchain-mipsel_24kc_gcc-5.4.0_musl-1.1.24/bin/mipsel-openwrt-linux-musl-ar: `u' modifier ignored since `D' is the default (see `U')
/opt/lede-toolchain-ramips-mt7621_gcc-5.4.0_musl-1.1.24.Linux-x86_64/toolchain-mipsel_24kc_gcc-5.4.0_musl-1.1.24/bin/mipsel-openwrt-linux-musl-ar: conftest.o: No such file or directory
configure:6960: $? = 1
configure:6972: result: @
configure:6990: checking for mipsel-linux-strip
configure:7017: result: /opt/lede-toolchain-ramips-mt7621_gcc-5.4.0_musl-1.1.24.Linux-x86_64/toolchain-mipsel_24kc_gcc-5.4.0_musl-1.1.24/bin/mipsel-openwrt-linux-musl-strip -R .note -R .comment
configure:7089: checking for mipsel-linux-ranlib
configure:7116: result: /opt/lede-toolchain-ramips-mt7621_gcc-5.4.0_musl-1.1.24.Linux-x86_64/toolchain-mipsel_24kc_gcc-5.4.0_musl-1.1.24/bin/mipsel-openwrt-linux-musl-ranlib
configure:7258: checking command to parse /opt/lede-toolchain-ramips-mt7621_gcc-5.4.0_musl-1.1.24.Linux-x86_64/toolchain-mipsel_24kc_gcc-5.4.0_musl-1.1.24/bin/mipsel-openwrt-linux-musl-nm output from /opt/lede-toolchain-ramips-mt7621_gcc-5.4.0_musl-1.1.24.Linux-x86_64/toolchain-mipsel_24kc_gcc-5.4.0_musl-1.1.24/bin/mipsel-openwrt-linux-musl-gcc object
configure:7378: /opt/lede-toolchain-ramips-mt7621_gcc-5.4.0_musl-1.1.24.Linux-x86_64/toolchain-mipsel_24kc_gcc-5.4.0_musl-1.1.24/bin/mipsel-openwrt-linux-musl-gcc -c -Os -Wall -DLINUX26 -DCONFIG_RALINK -DMUSL_LIBC -DDEBUG_NOISY -DDEBUG_RCTEST -D_GNU_SOURCE -D__UAPI_DEF_ETHHDR -DRALINK_DBDC_MODE -pipe -funit-at-a-time -Wno-pointer-sign -mtune=mips32 -mips32 -DLINUX_KERNEL_VERSION=263366 --sysroot=/opt/lede-toolchain-ramips-mt7621_gcc-5.4.0_musl-1.1.24.Linux-x86_64/toolchain-mipsel_24kc_gcc-5.4.0_musl-1.1.24  -ffunction-sections -fdata-sections  conftest.c >&5
configure:7381: $? = 0
configure:7385: /opt/lede-toolchain-ramips-mt7621_gcc-5.4.0_musl-1.1.24.Linux-x86_64/toolchain-mipsel_24kc_gcc-5.4.0_musl-1.1.24/bin/mipsel-openwrt-linux-musl-nm conftest.o \| sed -n -e 's/^.*[ ]\([ABCDGIRSTW][ABCDGIRSTW]*\)[ ][ ]*\([_A-Za-z][_A-Za-z0-9]*\)$/\1 \2 \2/p' | sed '/ __gnu_lto/d' \> conftest.nm
configure:7388: $? = 0
configure:7454: /opt/lede-toolchain-ramips-mt7621_gcc-5.4.0_musl-1.1.24.Linux-x86_64/toolchain-mipsel_24kc_gcc-5.4.0_musl-1.1.24/bin/mipsel-openwrt-linux-musl-gcc -o conftest -Os -Wall -DLINUX26 -DCONFIG_RALINK -DMUSL_LIBC -DDEBUG_NOISY -DDEBUG_RCTEST -D_GNU_SOURCE -D__UAPI_DEF_ETHHDR -DRALINK_DBDC_MODE -pipe -funit-at-a-time -Wno-pointer-sign -mtune=mips32 -mips32 -DLINUX_KERNEL_VERSION=263366 --sysroot=/opt/lede-toolchain-ramips-mt7621_gcc-5.4.0_musl-1.1.24.Linux-x86_64/toolchain-mipsel_24kc_gcc-5.4.0_musl-1.1.24  -ffunction-sections -fdata-sections  -ffunction-sections -fdata-sections -Wl,--gc-sections -fPIC -ldl conftest.c conftstm.o >&5
configure:7457: $? = 0
configure:7495: result: ok
configure:7532: checking for sysroot
configure:7562: result: no
configure:7784: checking for mipsel-linux-mt
configure:7814: result: no
configure:7824: checking for mt
configure:7854: result: no
configure:7874: checking if : is a manifest tool
configure:7880: : '-?'
configure:7888: result: no
configure:8527: checking for dlfcn.h
configure:8527: /opt/lede-toolchain-ramips-mt7621_gcc-5.4.0_musl-1.1.24.Linux-x86_64/toolchain-mipsel_24kc_gcc-5.4.0_musl-1.1.24/bin/mipsel-openwrt-linux-musl-gcc -c -Os -Wall -DLINUX26 -DCONFIG_RALINK -DMUSL_LIBC -DDEBUG_NOISY -DDEBUG_RCTEST -D_GNU_SOURCE -D__UAPI_DEF_ETHHDR -DRALINK_DBDC_MODE -pipe -funit-at-a-time -Wno-pointer-sign -mtune=mips32 -mips32 -DLINUX_KERNEL_VERSION=263366 --sysroot=/opt/lede-toolchain-ramips-mt7621_gcc-5.4.0_musl-1.1.24.Linux-x86_64/toolchain-mipsel_24kc_gcc-5.4.0_musl-1.1.24  -ffunction-sections -fdata-sections  conftest.c >&5
configure:8527: $? = 0
configure:8527: result: yes
configure:8733: checking for objdir
configure:8748: result: .libs
configure:9019: checking if /opt/lede-toolchain-ramips-mt7621_gcc-5.4.0_musl-1.1.24.Linux-x86_64/toolchain-mipsel_24kc_gcc-5.4.0_musl-1.1.24/bin/mipsel-openwrt-linux-musl-gcc supports -fno-rtti -fno-exceptions
configure:9037: /opt/lede-toolchain-ramips-mt7621_gcc-5.4.0_musl-1.1.24.Linux-x86_64/toolchain-mipsel_24kc_gcc-5.4.0_musl-1.1.24/bin/mipsel-openwrt-linux-musl-gcc -c -Os -Wall -DLINUX26 -DCONFIG_RALINK -DMUSL_LIBC -DDEBUG_NOISY -DDEBUG_RCTEST -D_GNU_SOURCE -D__UAPI_DEF_ETHHDR -DRALINK_DBDC_MODE -pipe -funit-at-a-time -Wno-pointer-sign -mtune=mips32 -mips32 -DLINUX_KERNEL_VERSION=263366 --sysroot=/opt/lede-toolchain-ramips-mt7621_gcc-5.4.0_musl-1.1.24.Linux-x86_64/toolchain-mipsel_24kc_gcc-5.4.0_musl-1.1.24  -ffunction-sections -fdata-sections  -fno-rtti -fno-exceptions conftest.c >&5
cc1: warning: command line option '-fno-rtti' is valid for C++/ObjC++ but not for C
configure:9041: $? = 0
configure:9054: result: no
configure:9381: checking for /opt/lede-toolchain-ramips-mt7621_gcc-5.4.0_musl-1.1.24.Linux-x86_64/toolchain-mipsel_24kc_gcc-5.4.0_musl-1.1.24/bin/mipsel-openwrt-linux-musl-gcc option to produce PIC
configure:9388: result: -fPIC -DPIC
configure:9396: checking if /opt/lede-toolchain-ramips-mt7621_gcc-5.4.0_musl-1.1.24.Linux-x86_64/toolchain-mipsel_24kc_gcc-5.4.0_musl-1.1.24/bin/mipsel-openwrt-linux-musl-gcc PIC flag -fPIC -DPIC works
configure:9414: /opt/lede-toolchain-ramips-mt7621_gcc-5.4.0_musl-1.1.24.Linux-x86_64/toolchain-mipsel_24kc_gcc-5.4.0_musl-1.1.24/bin/mipsel-openwrt-linux-musl-gcc -c -Os -Wall -DLINUX26 -DCONFIG_RALINK -DMUSL_LIBC -DDEBUG_NOISY -DDEBUG_RCTEST -D_GNU_SOURCE -D__UAPI_DEF_ETHHDR -DRALINK_DBDC_MODE -pipe -funit-at-a-time -Wno-pointer-sign -mtune=mips32 -mips32 -DLINUX_KERNEL_VERSION=263366 --sysroot=/opt/lede-toolchain-ramips-mt7621_gcc-5.4.0_musl-1.1.24.Linux-x86_64/toolchain-mipsel_24kc_gcc-5.4.0_musl-1.1.24  -ffunction-sections -fdata-sections  -fPIC -DPIC -DPIC conftest.c >&5
configure:9418: $? = 0
configure:9431: result: yes
configure:9460: checking if /opt/lede-toolchain-ramips-mt7621_gcc-5.4.0_musl-1.1.24.Linux-x86_64/toolchain-mipsel_24kc_gcc-5.4.0_musl-1.1.24/bin/mipsel-openwrt-linux-musl-gcc static flag -static works
configure:9488: result: yes
configure:9503: checking if /opt/lede-toolchain-ramips-mt7621_gcc-5.4.0_musl-1.1.24.Linux-x86_64/toolchain-mipsel_24kc_gcc-5.4.0_musl-1.1.24/bin/mipsel-openwrt-linux-musl-gcc supports -c -o file.o
configure:9524: /opt/lede-toolchain-ramips-mt7621_gcc-5.4.0_musl-1.1.24.Linux-x86_64/toolchain-mipsel_24kc_gcc-5.4.0_musl-1.1.24/bin/mipsel-openwrt-linux-musl-gcc -c -Os -Wall -DLINUX26 -DCONFIG_RALINK -DMUSL_LIBC -DDEBUG_NOISY -DDEBUG_RCTEST -D_GNU_SOURCE -D__UAPI_DEF_ETHHDR -DRALINK_DBDC_MODE -pipe -funit-at-a-time -Wno-pointer-sign -mtune=mips32 -mips32 -DLINUX_KERNEL_VERSION=263366 --sysroot=/opt/lede-toolchain-ramips-mt7621_gcc-5.4.0_musl-1.1.24.Linux-x86_64/toolchain-mipsel_24kc_gcc-5.4.0_musl-1.1.24  -ffunction-sections -fdata-sections  -o out/conftest2.o conftest.c >&5
configure:9528: $? = 0
configure:9550: result: yes
configure:9558: checking if /opt/lede-toolchain-ramips-mt7621_gcc-5.4.0_musl-1.1.24.Linux-x86_64/toolchain-mipsel_24kc_gcc-5.4.0_musl-1.1.24/bin/mipsel-openwrt-linux-musl-gcc supports -c -o file.o
configure:9605: result: yes
configure:9638: checking whether the /opt/lede-toolchain-ramips-mt7621_gcc-5.4.0_musl-1.1.24.Linux-x86_64/toolchain-mipsel_24kc_gcc-5.4.0_musl-1.1.24/bin/mipsel-openwrt-linux-musl-gcc linker (/opt/lede-toolchain-ramips-mt7621_gcc-5.4.0_musl-1.1.24.Linux-x86_64/toolchain-mipsel_24kc_gcc-5.4.0_musl-1.1.24/bin/mipsel-openwrt-linux-musl-ld) supports shared libraries
configure:10791: result: yes
configure:11031: checking dynamic linker characteristics
configure:11542: /opt/lede-toolchain-ramips-mt7621_gcc-5.4.0_musl-1.1.24.Linux-x86_64/toolchain-mipsel_24kc_gcc-5.4.0_musl-1.1.24/bin/mipsel-openwrt-linux-musl-gcc -o conftest -Os -Wall -DLINUX26 -DCONFIG_RALINK -DMUSL_LIBC -DDEBUG_NOISY -DDEBUG_RCTEST -D_GNU_SOURCE -D__UAPI_DEF_ETHHDR -DRALINK_DBDC_MODE -pipe -funit-at-a-time -Wno-pointer-sign -mtune=mips32 -mips32 -DLINUX_KERNEL_VERSION=263366 --sysroot=/opt/lede-toolchain-ramips-mt7621_gcc-5.4.0_musl-1.1.24.Linux-x86_64/toolchain-mipsel_24kc_gcc-5.4.0_musl-1.1.24  -ffunction-sections -fdata-sections  -ffunction-sections -fdata-sections -Wl,--gc-sections -fPIC -ldl -Wl,-rpath -Wl,/foo conftest.c  >&5
configure:11542: $? = 0
configure:11768: result: GNU/Linux ld.so
configure:11875: checking how to hardcode library paths into programs
configure:11900: result: immediate
configure:12440: checking whether stripping libraries is possible
configure:12445: result: yes
configure:12480: checking if libtool supports shared libraries
configure:12482: result: yes
configure:12485: checking whether to build shared libraries
configure:12506: result: no
configure:12509: checking whether to build static libraries
configure:12513: result: yes
configure:12563: checking for mipsel-linux-pkg-config
configure:12596: result: no
configure:12606: checking for pkg-config
configure:12624: found /usr/bin/pkg-config
configure:12636: result: /usr/bin/pkg-config
configure:12648: WARNING: using cross tools not prefixed with host triplet
configure:12661: checking pkg-config is at least version 0.9.0
configure:12664: result: yes
configure:12675: checking for mv
configure:12693: found /bin/mv
configure:12705: result: /bin/mv
configure:12715: checking for rm
configure:12733: found /bin/rm
configure:12745: result: /bin/rm
configure:12755: checking for sed
configure:12785: result: /bin/sed
configure:12796: checking for ldconfig
configure:12814: found /sbin/ldconfig
configure:12827: result: /sbin/ldconfig
configure:12837: checking Windows OS
configure:12849: result: no
configure:12856: checking fuse compatibility
configure:12880: result: internal
configure:12910: checking for pthread_create in -lpthread
configure:12935: /opt/lede-toolchain-ramips-mt7621_gcc-5.4.0_musl-1.1.24.Linux-x86_64/toolchain-mipsel_24kc_gcc-5.4.0_musl-1.1.24/bin/mipsel-openwrt-linux-musl-gcc -o conftest -Os -Wall -DLINUX26 -DCONFIG_RALINK -DMUSL_LIBC -DDEBUG_NOISY -DDEBUG_RCTEST -D_GNU_SOURCE -D__UAPI_DEF_ETHHDR -DRALINK_DBDC_MODE -pipe -funit-at-a-time -Wno-pointer-sign -mtune=mips32 -mips32 -DLINUX_KERNEL_VERSION=263366 --sysroot=/opt/lede-toolchain-ramips-mt7621_gcc-5.4.0_musl-1.1.24.Linux-x86_64/toolchain-mipsel_24kc_gcc-5.4.0_musl-1.1.24  -ffunction-sections -fdata-sections  -ffunction-sections -fdata-sections -Wl,--gc-sections -fPIC -ldl conftest.c -lpthread   >&5
configure:12935: $? = 0
configure:12944: result: yes
configure:12961: checking Solaris OS
configure:12978: /opt/lede-toolchain-ramips-mt7621_gcc-5.4.0_musl-1.1.24.Linux-x86_64/toolchain-mipsel_24kc_gcc-5.4.0_musl-1.1.24/bin/mipsel-openwrt-linux-musl-gcc -c -Os -Wall -DLINUX26 -DCONFIG_RALINK -DMUSL_LIBC -DDEBUG_NOISY -DDEBUG_RCTEST -D_GNU_SOURCE -D__UAPI_DEF_ETHHDR -DRALINK_DBDC_MODE -pipe -funit-at-a-time -Wno-pointer-sign -mtune=mips32 -mips32 -DLINUX_KERNEL_VERSION=263366 --sysroot=/opt/lede-toolchain-ramips-mt7621_gcc-5.4.0_musl-1.1.24.Linux-x86_64/toolchain-mipsel_24kc_gcc-5.4.0_musl-1.1.24  -ffunction-sections -fdata-sections  conftest.c >&5
conftest.c:32:6: error: #error "Not a Solaris system."
     #error "Not a Solaris system."
      ^
configure:12978: $? = 1
configure: failed program was:
| /* confdefs.h */
| #define PACKAGE_NAME "ntfs-3g"
| #define PACKAGE_TARNAME "ntfs-3g"
| #define PACKAGE_VERSION "2016.2.22"
| #define PACKAGE_STRING "ntfs-3g 2016.2.22"
| #define PACKAGE_BUGREPORT "ntfs-3g-devel@lists.sf.net"
| #define PACKAGE_URL ""
| #define PACKAGE "ntfs-3g"
| #define VERSION "2016.2.22"
| #define STDC_HEADERS 1
| #define HAVE_SYS_TYPES_H 1
| #define HAVE_SYS_STAT_H 1
| #define HAVE_STDLIB_H 1
| #define HAVE_STRING_H 1
| #define HAVE_MEMORY_H 1
| #define HAVE_STRINGS_H 1
| #define HAVE_INTTYPES_H 1
| #define HAVE_STDINT_H 1
| #define HAVE_UNISTD_H 1
| #define __EXTENSIONS__ 1
| #define _ALL_SOURCE 1
| #define _GNU_SOURCE 1
| #define _POSIX_PTHREAD_SEMANTICS 1
| #define _TANDEM_SOURCE 1
| #define HAVE_DLFCN_H 1
| #define LT_OBJDIR ".libs/"
| #define _REENTRANT 1
| #define FUSE_INTERNAL 1
| /* end confdefs.h.  */
| 
| 			#if !((defined(sun) || defined(__sun)) && (defined(__SVR4) || defined(__svr4__)))
| 				#error "Not a Solaris system."
| 				#endif
| 
| 
configure:12987: result: no
configure:13488: checking uuid/uuid.h usability
configure:13488: /opt/lede-toolchain-ramips-mt7621_gcc-5.4.0_musl-1.1.24.Linux-x86_64/toolchain-mipsel_24kc_gcc-5.4.0_musl-1.1.24/bin/mipsel-openwrt-linux-musl-gcc -c -Os -Wall -DLINUX26 -DCONFIG_RALINK -DMUSL_LIBC -DDEBUG_NOISY -DDEBUG_RCTEST -D_GNU_SOURCE -D__UAPI_DEF_ETHHDR -DRALINK_DBDC_MODE -pipe -funit-at-a-time -Wno-pointer-sign -mtune=mips32 -mips32 -DLINUX_KERNEL_VERSION=263366 --sysroot=/opt/lede-toolchain-ramips-mt7621_gcc-5.4.0_musl-1.1.24.Linux-x86_64/toolchain-mipsel_24kc_gcc-5.4.0_musl-1.1.24  -ffunction-sections -fdata-sections  conftest.c >&5
conftest.c:63:23: fatal error: uuid/uuid.h: No such file or directory
compilation terminated.
configure:13488: $? = 1
configure: failed program was:
| /* confdefs.h */
| #define PACKAGE_NAME "ntfs-3g"
| #define PACKAGE_TARNAME "ntfs-3g"
| #define PACKAGE_VERSION "2016.2.22"
| #define PACKAGE_STRING "ntfs-3g 2016.2.22"
| #define PACKAGE_BUGREPORT "ntfs-3g-devel@lists.sf.net"
| #define PACKAGE_URL ""
| #define PACKAGE "ntfs-3g"
| #define VERSION "2016.2.22"
| #define STDC_HEADERS 1
| #define HAVE_SYS_TYPES_H 1
| #define HAVE_SYS_STAT_H 1
| #define HAVE_STDLIB_H 1
| #define HAVE_STRING_H 1
| #define HAVE_MEMORY_H 1
| #define HAVE_STRINGS_H 1
| #define HAVE_INTTYPES_H 1
| #define HAVE_STDINT_H 1
| #define HAVE_UNISTD_H 1
| #define __EXTENSIONS__ 1
| #define _ALL_SOURCE 1
| #define _GNU_SOURCE 1
| #define _POSIX_PTHREAD_SEMANTICS 1
| #define _TANDEM_SOURCE 1
| #define HAVE_DLFCN_H 1
| #define LT_OBJDIR ".libs/"
| #define _REENTRANT 1
| #define FUSE_INTERNAL 1
| /* end confdefs.h.  */
| #include <stdio.h>
| #ifdef HAVE_SYS_TYPES_H
| # include <sys/types.h>
| #endif
| #ifdef HAVE_SYS_STAT_H
| # include <sys/stat.h>
| #endif
| #ifdef STDC_HEADERS
| # include <stdlib.h>
| # include <stddef.h>
| #else
| # ifdef HAVE_STDLIB_H
| #  include <stdlib.h>
| # endif
| #endif
| #ifdef HAVE_STRING_H
| # if !defined STDC_HEADERS && defined HAVE_MEMORY_H
| #  include <memory.h>
| # endif
| # include <string.h>
| #endif
| #ifdef HAVE_STRINGS_H
| # include <strings.h>
| #endif
| #ifdef HAVE_INTTYPES_H
| # include <inttypes.h>
| #endif
| #ifdef HAVE_STDINT_H
| # include <stdint.h>
| #endif
| #ifdef HAVE_UNISTD_H
| # include <unistd.h>
| #endif
| #include <uuid/uuid.h>
configure:13488: result: no
configure:13488: checking uuid/uuid.h presence
configure:13488: /opt/lede-toolchain-ramips-mt7621_gcc-5.4.0_musl-1.1.24.Linux-x86_64/toolchain-mipsel_24kc_gcc-5.4.0_musl-1.1.24/bin/mipsel-openwrt-linux-musl-gcc -E  conftest.c
conftest.c:30:23: fatal error: uuid/uuid.h: No such file or directory
compilation terminated.
configure:13488: $? = 1
configure: failed program was:
| /* confdefs.h */
| #define PACKAGE_NAME "ntfs-3g"
| #define PACKAGE_TARNAME "ntfs-3g"
| #define PACKAGE_VERSION "2016.2.22"
| #define PACKAGE_STRING "ntfs-3g 2016.2.22"
| #define PACKAGE_BUGREPORT "ntfs-3g-devel@lists.sf.net"
| #define PACKAGE_URL ""
| #define PACKAGE "ntfs-3g"
| #define VERSION "2016.2.22"
| #define STDC_HEADERS 1
| #define HAVE_SYS_TYPES_H 1
| #define HAVE_SYS_STAT_H 1
| #define HAVE_STDLIB_H 1
| #define HAVE_STRING_H 1
| #define HAVE_MEMORY_H 1
| #define HAVE_STRINGS_H 1
| #define HAVE_INTTYPES_H 1
| #define HAVE_STDINT_H 1
| #define HAVE_UNISTD_H 1
| #define __EXTENSIONS__ 1
| #define _ALL_SOURCE 1
| #define _GNU_SOURCE 1
| #define _POSIX_PTHREAD_SEMANTICS 1
| #define _TANDEM_SOURCE 1
| #define HAVE_DLFCN_H 1
| #define LT_OBJDIR ".libs/"
| #define _REENTRANT 1
| #define FUSE_INTERNAL 1
| /* end confdefs.h.  */
| #include <uuid/uuid.h>
configure:13488: result: no
configure:13488: checking for uuid/uuid.h
configure:13488: result: no
configure:13493: WARNING: ntfsprogs DCE compliant UUID generation code requires the uuid library.
configure:13598: checking hd.h usability
configure:13598: /opt/lede-toolchain-ramips-mt7621_gcc-5.4.0_musl-1.1.24.Linux-x86_64/toolchain-mipsel_24kc_gcc-5.4.0_musl-1.1.24/bin/mipsel-openwrt-linux-musl-gcc -c -Os -Wall -DLINUX26 -DCONFIG_RALINK -DMUSL_LIBC -DDEBUG_NOISY -DDEBUG_RCTEST -D_GNU_SOURCE -D__UAPI_DEF_ETHHDR -DRALINK_DBDC_MODE -pipe -funit-at-a-time -Wno-pointer-sign -mtune=mips32 -mips32 -DLINUX_KERNEL_VERSION=263366 --sysroot=/opt/lede-toolchain-ramips-mt7621_gcc-5.4.0_musl-1.1.24.Linux-x86_64/toolchain-mipsel_24kc_gcc-5.4.0_musl-1.1.24  -ffunction-sections -fdata-sections  conftest.c >&5
conftest.c:63:16: fatal error: hd.h: No such file or directory
compilation terminated.
configure:13598: $? = 1
configure: failed program was:
| /* confdefs.h */
| #define PACKAGE_NAME "ntfs-3g"
| #define PACKAGE_TARNAME "ntfs-3g"
| #define PACKAGE_VERSION "2016.2.22"
| #define PACKAGE_STRING "ntfs-3g 2016.2.22"
| #define PACKAGE_BUGREPORT "ntfs-3g-devel@lists.sf.net"
| #define PACKAGE_URL ""
| #define PACKAGE "ntfs-3g"
| #define VERSION "2016.2.22"
| #define STDC_HEADERS 1
| #define HAVE_SYS_TYPES_H 1
| #define HAVE_SYS_STAT_H 1
| #define HAVE_STDLIB_H 1
| #define HAVE_STRING_H 1
| #define HAVE_MEMORY_H 1
| #define HAVE_STRINGS_H 1
| #define HAVE_INTTYPES_H 1
| #define HAVE_STDINT_H 1
| #define HAVE_UNISTD_H 1
| #define __EXTENSIONS__ 1
| #define _ALL_SOURCE 1
| #define _GNU_SOURCE 1
| #define _POSIX_PTHREAD_SEMANTICS 1
| #define _TANDEM_SOURCE 1
| #define HAVE_DLFCN_H 1
| #define LT_OBJDIR ".libs/"
| #define _REENTRANT 1
| #define FUSE_INTERNAL 1
| /* end confdefs.h.  */
| #include <stdio.h>
| #ifdef HAVE_SYS_TYPES_H
| # include <sys/types.h>
| #endif
| #ifdef HAVE_SYS_STAT_H
| # include <sys/stat.h>
| #endif
| #ifdef STDC_HEADERS
| # include <stdlib.h>
| # include <stddef.h>
| #else
| # ifdef HAVE_STDLIB_H
| #  include <stdlib.h>
| # endif
| #endif
| #ifdef HAVE_STRING_H
| # if !defined STDC_HEADERS && defined HAVE_MEMORY_H
| #  include <memory.h>
| # endif
| # include <string.h>
| #endif
| #ifdef HAVE_STRINGS_H
| # include <strings.h>
| #endif
| #ifdef HAVE_INTTYPES_H
| # include <inttypes.h>
| #endif
| #ifdef HAVE_STDINT_H
| # include <stdint.h>
| #endif
| #ifdef HAVE_UNISTD_H
| # include <unistd.h>
| #endif
| #include <hd.h>
configure:13598: result: no
configure:13598: checking hd.h presence
configure:13598: /opt/lede-toolchain-ramips-mt7621_gcc-5.4.0_musl-1.1.24.Linux-x86_64/toolchain-mipsel_24kc_gcc-5.4.0_musl-1.1.24/bin/mipsel-openwrt-linux-musl-gcc -E  conftest.c
conftest.c:30:16: fatal error: hd.h: No such file or directory
compilation terminated.
configure:13598: $? = 1
configure: failed program was:
| /* confdefs.h */
| #define PACKAGE_NAME "ntfs-3g"
| #define PACKAGE_TARNAME "ntfs-3g"
| #define PACKAGE_VERSION "2016.2.22"
| #define PACKAGE_STRING "ntfs-3g 2016.2.22"
| #define PACKAGE_BUGREPORT "ntfs-3g-devel@lists.sf.net"
| #define PACKAGE_URL ""
| #define PACKAGE "ntfs-3g"
| #define VERSION "2016.2.22"
| #define STDC_HEADERS 1
| #define HAVE_SYS_TYPES_H 1
| #define HAVE_SYS_STAT_H 1
| #define HAVE_STDLIB_H 1
| #define HAVE_STRING_H 1
| #define HAVE_MEMORY_H 1
| #define HAVE_STRINGS_H 1
| #define HAVE_INTTYPES_H 1
| #define HAVE_STDINT_H 1
| #define HAVE_UNISTD_H 1
| #define __EXTENSIONS__ 1
| #define _ALL_SOURCE 1
| #define _GNU_SOURCE 1
| #define _POSIX_PTHREAD_SEMANTICS 1
| #define _TANDEM_SOURCE 1
| #define HAVE_DLFCN_H 1
| #define LT_OBJDIR ".libs/"
| #define _REENTRANT 1
| #define FUSE_INTERNAL 1
| /* end confdefs.h.  */
| #include <hd.h>
configure:13598: result: no
configure:13598: checking for hd.h
configure:13598: result: no
configure:13648: WARNING: ntfsprogs Windows compliant geometry code requires the hd library.
configure:13656: checking for ANSI C header files
configure:13760: result: yes
configure:13778: checking ctype.h usability
configure:13778: /opt/lede-toolchain-ramips-mt7621_gcc-5.4.0_musl-1.1.24.Linux-x86_64/toolchain-mipsel_24kc_gcc-5.4.0_musl-1.1.24/bin/mipsel-openwrt-linux-musl-gcc -c -Os -Wall -DLINUX26 -DCONFIG_RALINK -DMUSL_LIBC -DDEBUG_NOISY -DDEBUG_RCTEST -D_GNU_SOURCE -D__UAPI_DEF_ETHHDR -DRALINK_DBDC_MODE -pipe -funit-at-a-time -Wno-pointer-sign -mtune=mips32 -mips32 -DLINUX_KERNEL_VERSION=263366 --sysroot=/opt/lede-toolchain-ramips-mt7621_gcc-5.4.0_musl-1.1.24.Linux-x86_64/toolchain-mipsel_24kc_gcc-5.4.0_musl-1.1.24  -ffunction-sections -fdata-sections  conftest.c >&5
configure:13778: $? = 0
configure:13778: result: yes
configure:13778: checking ctype.h presence
configure:13778: /opt/lede-toolchain-ramips-mt7621_gcc-5.4.0_musl-1.1.24.Linux-x86_64/toolchain-mipsel_24kc_gcc-5.4.0_musl-1.1.24/bin/mipsel-openwrt-linux-musl-gcc -E  conftest.c
configure:13778: $? = 0
configure:13778: result: yes
configure:13778: checking for ctype.h
configure:13778: result: yes
configure:13778: checking fcntl.h usability
configure:13778: /opt/lede-toolchain-ramips-mt7621_gcc-5.4.0_musl-1.1.24.Linux-x86_64/toolchain-mipsel_24kc_gcc-5.4.0_musl-1.1.24/bin/mipsel-openwrt-linux-musl-gcc -c -Os -Wall -DLINUX26 -DCONFIG_RALINK -DMUSL_LIBC -DDEBUG_NOISY -DDEBUG_RCTEST -D_GNU_SOURCE -D__UAPI_DEF_ETHHDR -DRALINK_DBDC_MODE -pipe -funit-at-a-time -Wno-pointer-sign -mtune=mips32 -mips32 -DLINUX_KERNEL_VERSION=263366 --sysroot=/opt/lede-toolchain-ramips-mt7621_gcc-5.4.0_musl-1.1.24.Linux-x86_64/toolchain-mipsel_24kc_gcc-5.4.0_musl-1.1.24  -ffunction-sections -fdata-sections  conftest.c >&5
configure:13778: $? = 0
configure:13778: result: yes
configure:13778: checking fcntl.h presence
configure:13778: /opt/lede-toolchain-ramips-mt7621_gcc-5.4.0_musl-1.1.24.Linux-x86_64/toolchain-mipsel_24kc_gcc-5.4.0_musl-1.1.24/bin/mipsel-openwrt-linux-musl-gcc -E  conftest.c
configure:13778: $? = 0
configure:13778: result: yes
configure:13778: checking for fcntl.h
configure:13778: result: yes
configure:13778: checking libgen.h usability
configure:13778: /opt/lede-toolchain-ramips-mt7621_gcc-5.4.0_musl-1.1.24.Linux-x86_64/toolchain-mipsel_24kc_gcc-5.4.0_musl-1.1.24/bin/mipsel-openwrt-linux-musl-gcc -c -Os -Wall -DLINUX26 -DCONFIG_RALINK -DMUSL_LIBC -DDEBUG_NOISY -DDEBUG_RCTEST -D_GNU_SOURCE -D__UAPI_DEF_ETHHDR -DRALINK_DBDC_MODE -pipe -funit-at-a-time -Wno-pointer-sign -mtune=mips32 -mips32 -DLINUX_KERNEL_VERSION=263366 --sysroot=/opt/lede-toolchain-ramips-mt7621_gcc-5.4.0_musl-1.1.24.Linux-x86_64/toolchain-mipsel_24kc_gcc-5.4.0_musl-1.1.24  -ffunction-sections -fdata-sections  conftest.c >&5
configure:13778: $? = 0
configure:13778: result: yes
configure:13778: checking libgen.h presence
configure:13778: /opt/lede-toolchain-ramips-mt7621_gcc-5.4.0_musl-1.1.24.Linux-x86_64/toolchain-mipsel_24kc_gcc-5.4.0_musl-1.1.24/bin/mipsel-openwrt-linux-musl-gcc -E  conftest.c
configure:13778: $? = 0
configure:13778: result: yes
configure:13778: checking for libgen.h
configure:13778: result: yes
configure:13778: checking libintl.h usability
configure:13778: /opt/lede-toolchain-ramips-mt7621_gcc-5.4.0_musl-1.1.24.Linux-x86_64/toolchain-mipsel_24kc_gcc-5.4.0_musl-1.1.24/bin/mipsel-openwrt-linux-musl-gcc -c -Os -Wall -DLINUX26 -DCONFIG_RALINK -DMUSL_LIBC -DDEBUG_NOISY -DDEBUG_RCTEST -D_GNU_SOURCE -D__UAPI_DEF_ETHHDR -DRALINK_DBDC_MODE -pipe -funit-at-a-time -Wno-pointer-sign -mtune=mips32 -mips32 -DLINUX_KERNEL_VERSION=263366 --sysroot=/opt/lede-toolchain-ramips-mt7621_gcc-5.4.0_musl-1.1.24.Linux-x86_64/toolchain-mipsel_24kc_gcc-5.4.0_musl-1.1.24  -ffunction-sections -fdata-sections  conftest.c >&5
configure:13778: $? = 0
configure:13778: result: yes
configure:13778: checking libintl.h presence
configure:13778: /opt/lede-toolchain-ramips-mt7621_gcc-5.4.0_musl-1.1.24.Linux-x86_64/toolchain-mipsel_24kc_gcc-5.4.0_musl-1.1.24/bin/mipsel-openwrt-linux-musl-gcc -E  conftest.c
configure:13778: $? = 0
configure:13778: result: yes
configure:13778: checking for libintl.h
configure:13778: result: yes
configure:13778: checking limits.h usability
configure:13778: /opt/lede-toolchain-ramips-mt7621_gcc-5.4.0_musl-1.1.24.Linux-x86_64/toolchain-mipsel_24kc_gcc-5.4.0_musl-1.1.24/bin/mipsel-openwrt-linux-musl-gcc -c -Os -Wall -DLINUX26 -DCONFIG_RALINK -DMUSL_LIBC -DDEBUG_NOISY -DDEBUG_RCTEST -D_GNU_SOURCE -D__UAPI_DEF_ETHHDR -DRALINK_DBDC_MODE -pipe -funit-at-a-time -Wno-pointer-sign -mtune=mips32 -mips32 -DLINUX_KERNEL_VERSION=263366 --sysroot=/opt/lede-toolchain-ramips-mt7621_gcc-5.4.0_musl-1.1.24.Linux-x86_64/toolchain-mipsel_24kc_gcc-5.4.0_musl-1.1.24  -ffunction-sections -fdata-sections  conftest.c >&5
configure:13778: $? = 0
configure:13778: result: yes
configure:13778: checking limits.h presence
configure:13778: /opt/lede-toolchain-ramips-mt7621_gcc-5.4.0_musl-1.1.24.Linux-x86_64/toolchain-mipsel_24kc_gcc-5.4.0_musl-1.1.24/bin/mipsel-openwrt-linux-musl-gcc -E  conftest.c
configure:13778: $? = 0
configure:13778: result: yes
configure:13778: checking for limits.h
configure:13778: result: yes
configure:13778: checking locale.h usability
configure:13778: /opt/lede-toolchain-ramips-mt7621_gcc-5.4.0_musl-1.1.24.Linux-x86_64/toolchain-mipsel_24kc_gcc-5.4.0_musl-1.1.24/bin/mipsel-openwrt-linux-musl-gcc -c -Os -Wall -DLINUX26 -DCONFIG_RALINK -DMUSL_LIBC -DDEBUG_NOISY -DDEBUG_RCTEST -D_GNU_SOURCE -D__UAPI_DEF_ETHHDR -DRALINK_DBDC_MODE -pipe -funit-at-a-time -Wno-pointer-sign -mtune=mips32 -mips32 -DLINUX_KERNEL_VERSION=263366 --sysroot=/opt/lede-toolchain-ramips-mt7621_gcc-5.4.0_musl-1.1.24.Linux-x86_64/toolchain-mipsel_24kc_gcc-5.4.0_musl-1.1.24  -ffunction-sections -fdata-sections  conftest.c >&5
configure:13778: $? = 0
configure:13778: result: yes
configure:13778: checking locale.h presence
configure:13778: /opt/lede-toolchain-ramips-mt7621_gcc-5.4.0_musl-1.1.24.Linux-x86_64/toolchain-mipsel_24kc_gcc-5.4.0_musl-1.1.24/bin/mipsel-openwrt-linux-musl-gcc -E  conftest.c
configure:13778: $? = 0
configure:13778: result: yes
configure:13778: checking for locale.h
configure:13778: result: yes
configure:13778: checking mntent.h usability
configure:13778: /opt/lede-toolchain-ramips-mt7621_gcc-5.4.0_musl-1.1.24.Linux-x86_64/toolchain-mipsel_24kc_gcc-5.4.0_musl-1.1.24/bin/mipsel-openwrt-linux-musl-gcc -c -Os -Wall -DLINUX26 -DCONFIG_RALINK -DMUSL_LIBC -DDEBUG_NOISY -DDEBUG_RCTEST -D_GNU_SOURCE -D__UAPI_DEF_ETHHDR -DRALINK_DBDC_MODE -pipe -funit-at-a-time -Wno-pointer-sign -mtune=mips32 -mips32 -DLINUX_KERNEL_VERSION=263366 --sysroot=/opt/lede-toolchain-ramips-mt7621_gcc-5.4.0_musl-1.1.24.Linux-x86_64/toolchain-mipsel_24kc_gcc-5.4.0_musl-1.1.24  -ffunction-sections -fdata-sections  conftest.c >&5
configure:13778: $? = 0
configure:13778: result: yes
configure:13778: checking mntent.h presence
configure:13778: /opt/lede-toolchain-ramips-mt7621_gcc-5.4.0_musl-1.1.24.Linux-x86_64/toolchain-mipsel_24kc_gcc-5.4.0_musl-1.1.24/bin/mipsel-openwrt-linux-musl-gcc -E  conftest.c
configure:13778: $? = 0
configure:13778: result: yes
configure:13778: checking for mntent.h
configure:13778: result: yes
configure:13778: checking stddef.h usability
configure:13778: /opt/lede-toolchain-ramips-mt7621_gcc-5.4.0_musl-1.1.24.Linux-x86_64/toolchain-mipsel_24kc_gcc-5.4.0_musl-1.1.24/bin/mipsel-openwrt-linux-musl-gcc -c -Os -Wall -DLINUX26 -DCONFIG_RALINK -DMUSL_LIBC -DDEBUG_NOISY -DDEBUG_RCTEST -D_GNU_SOURCE -D__UAPI_DEF_ETHHDR -DRALINK_DBDC_MODE -pipe -funit-at-a-time -Wno-pointer-sign -mtune=mips32 -mips32 -DLINUX_KERNEL_VERSION=263366 --sysroot=/opt/lede-toolchain-ramips-mt7621_gcc-5.4.0_musl-1.1.24.Linux-x86_64/toolchain-mipsel_24kc_gcc-5.4.0_musl-1.1.24  -ffunction-sections -fdata-sections  conftest.c >&5
configure:13778: $? = 0
configure:13778: result: yes
configure:13778: checking stddef.h presence
configure:13778: /opt/lede-toolchain-ramips-mt7621_gcc-5.4.0_musl-1.1.24.Linux-x86_64/toolchain-mipsel_24kc_gcc-5.4.0_musl-1.1.24/bin/mipsel-openwrt-linux-musl-gcc -E  conftest.c
configure:13778: $? = 0
configure:13778: result: yes
configure:13778: checking for stddef.h
configure:13778: result: yes
configure:13778: checking for stdint.h
configure:13778: result: yes
configure:13778: checking for stdlib.h
configure:13778: result: yes
configure:13778: checking stdio.h usability
configure:13778: /opt/lede-toolchain-ramips-mt7621_gcc-5.4.0_musl-1.1.24.Linux-x86_64/toolchain-mipsel_24kc_gcc-5.4.0_musl-1.1.24/bin/mipsel-openwrt-linux-musl-gcc -c -Os -Wall -DLINUX26 -DCONFIG_RALINK -DMUSL_LIBC -DDEBUG_NOISY -DDEBUG_RCTEST -D_GNU_SOURCE -D__UAPI_DEF_ETHHDR -DRALINK_DBDC_MODE -pipe -funit-at-a-time -Wno-pointer-sign -mtune=mips32 -mips32 -DLINUX_KERNEL_VERSION=263366 --sysroot=/opt/lede-toolchain-ramips-mt7621_gcc-5.4.0_musl-1.1.24.Linux-x86_64/toolchain-mipsel_24kc_gcc-5.4.0_musl-1.1.24  -ffunction-sections -fdata-sections  conftest.c >&5
configure:13778: $? = 0
configure:13778: result: yes
configure:13778: checking stdio.h presence
configure:13778: /opt/lede-toolchain-ramips-mt7621_gcc-5.4.0_musl-1.1.24.Linux-x86_64/toolchain-mipsel_24kc_gcc-5.4.0_musl-1.1.24/bin/mipsel-openwrt-linux-musl-gcc -E  conftest.c
configure:13778: $? = 0
configure:13778: result: yes
configure:13778: checking for stdio.h
configure:13778: result: yes
configure:13778: checking stdarg.h usability
configure:13778: /opt/lede-toolchain-ramips-mt7621_gcc-5.4.0_musl-1.1.24.Linux-x86_64/toolchain-mipsel_24kc_gcc-5.4.0_musl-1.1.24/bin/mipsel-openwrt-linux-musl-gcc -c -Os -Wall -DLINUX26 -DCONFIG_RALINK -DMUSL_LIBC -DDEBUG_NOISY -DDEBUG_RCTEST -D_GNU_SOURCE -D__UAPI_DEF_ETHHDR -DRALINK_DBDC_MODE -pipe -funit-at-a-time -Wno-pointer-sign -mtune=mips32 -mips32 -DLINUX_KERNEL_VERSION=263366 --sysroot=/opt/lede-toolchain-ramips-mt7621_gcc-5.4.0_musl-1.1.24.Linux-x86_64/toolchain-mipsel_24kc_gcc-5.4.0_musl-1.1.24  -ffunction-sections -fdata-sections  conftest.c >&5
configure:13778: $? = 0
configure:13778: result: yes
configure:13778: checking stdarg.h presence
configure:13778: /opt/lede-toolchain-ramips-mt7621_gcc-5.4.0_musl-1.1.24.Linux-x86_64/toolchain-mipsel_24kc_gcc-5.4.0_musl-1.1.24/bin/mipsel-openwrt-linux-musl-gcc -E  conftest.c
configure:13778: $? = 0
configure:13778: result: yes
configure:13778: checking for stdarg.h
configure:13778: result: yes
configure:13778: checking for string.h
configure:13778: result: yes
configure:13778: checking for strings.h
configure:13778: result: yes
configure:13778: checking errno.h usability
configure:13778: /opt/lede-toolchain-ramips-mt7621_gcc-5.4.0_musl-1.1.24.Linux-x86_64/toolchain-mipsel_24kc_gcc-5.4.0_musl-1.1.24/bin/mipsel-openwrt-linux-musl-gcc -c -Os -Wall -DLINUX26 -DCONFIG_RALINK -DMUSL_LIBC -DDEBUG_NOISY -DDEBUG_RCTEST -D_GNU_SOURCE -D__UAPI_DEF_ETHHDR -DRALINK_DBDC_MODE -pipe -funit-at-a-time -Wno-pointer-sign -mtune=mips32 -mips32 -DLINUX_KERNEL_VERSION=263366 --sysroot=/opt/lede-toolchain-ramips-mt7621_gcc-5.4.0_musl-1.1.24.Linux-x86_64/toolchain-mipsel_24kc_gcc-5.4.0_musl-1.1.24  -ffunction-sections -fdata-sections  conftest.c >&5
configure:13778: $? = 0
configure:13778: result: yes
configure:13778: checking errno.h presence
configure:13778: /opt/lede-toolchain-ramips-mt7621_gcc-5.4.0_musl-1.1.24.Linux-x86_64/toolchain-mipsel_24kc_gcc-5.4.0_musl-1.1.24/bin/mipsel-openwrt-linux-musl-gcc -E  conftest.c
configure:13778: $? = 0
configure:13778: result: yes
configure:13778: checking for errno.h
configure:13778: result: yes
configure:13778: checking time.h usability
configure:13778: /opt/lede-toolchain-ramips-mt7621_gcc-5.4.0_musl-1.1.24.Linux-x86_64/toolchain-mipsel_24kc_gcc-5.4.0_musl-1.1.24/bin/mipsel-openwrt-linux-musl-gcc -c -Os -Wall -DLINUX26 -DCONFIG_RALINK -DMUSL_LIBC -DDEBUG_NOISY -DDEBUG_RCTEST -D_GNU_SOURCE -D__UAPI_DEF_ETHHDR -DRALINK_DBDC_MODE -pipe -funit-at-a-time -Wno-pointer-sign -mtune=mips32 -mips32 -DLINUX_KERNEL_VERSION=263366 --sysroot=/opt/lede-toolchain-ramips-mt7621_gcc-5.4.0_musl-1.1.24.Linux-x86_64/toolchain-mipsel_24kc_gcc-5.4.0_musl-1.1.24  -ffunction-sections -fdata-sections  conftest.c >&5
configure:13778: $? = 0
configure:13778: result: yes
configure:13778: checking time.h presence
configure:13778: /opt/lede-toolchain-ramips-mt7621_gcc-5.4.0_musl-1.1.24.Linux-x86_64/toolchain-mipsel_24kc_gcc-5.4.0_musl-1.1.24/bin/mipsel-openwrt-linux-musl-gcc -E  conftest.c
configure:13778: $? = 0
configure:13778: result: yes
configure:13778: checking for time.h
configure:13778: result: yes
configure:13778: checking for unistd.h
configure:13778: result: yes
configure:13778: checking utime.h usability
configure:13778: /opt/lede-toolchain-ramips-mt7621_gcc-5.4.0_musl-1.1.24.Linux-x86_64/toolchain-mipsel_24kc_gcc-5.4.0_musl-1.1.24/bin/mipsel-openwrt-linux-musl-gcc -c -Os -Wall -DLINUX26 -DCONFIG_RALINK -DMUSL_LIBC -DDEBUG_NOISY -DDEBUG_RCTEST -D_GNU_SOURCE -D__UAPI_DEF_ETHHDR -DRALINK_DBDC_MODE -pipe -funit-at-a-time -Wno-pointer-sign -mtune=mips32 -mips32 -DLINUX_KERNEL_VERSION=263366 --sysroot=/opt/lede-toolchain-ramips-mt7621_gcc-5.4.0_musl-1.1.24.Linux-x86_64/toolchain-mipsel_24kc_gcc-5.4.0_musl-1.1.24  -ffunction-sections -fdata-sections  conftest.c >&5
configure:13778: $? = 0
configure:13778: result: yes
configure:13778: checking utime.h presence
configure:13778: /opt/lede-toolchain-ramips-mt7621_gcc-5.4.0_musl-1.1.24.Linux-x86_64/toolchain-mipsel_24kc_gcc-5.4.0_musl-1.1.24/bin/mipsel-openwrt-linux-musl-gcc -E  conftest.c
configure:13778: $? = 0
configure:13778: result: yes
configure:13778: checking for utime.h
configure:13778: result: yes
configure:13778: checking wchar.h usability
configure:13778: /opt/lede-toolchain-ramips-mt7621_gcc-5.4.0_musl-1.1.24.Linux-x86_64/toolchain-mipsel_24kc_gcc-5.4.0_musl-1.1.24/bin/mipsel-openwrt-linux-musl-gcc -c -Os -Wall -DLINUX26 -DCONFIG_RALINK -DMUSL_LIBC -DDEBUG_NOISY -DDEBUG_RCTEST -D_GNU_SOURCE -D__UAPI_DEF_ETHHDR -DRALINK_DBDC_MODE -pipe -funit-at-a-time -Wno-pointer-sign -mtune=mips32 -mips32 -DLINUX_KERNEL_VERSION=263366 --sysroot=/opt/lede-toolchain-ramips-mt7621_gcc-5.4.0_musl-1.1.24.Linux-x86_64/toolchain-mipsel_24kc_gcc-5.4.0_musl-1.1.24  -ffunction-sections -fdata-sections  conftest.c >&5
configure:13778: $? = 0
configure:13778: result: yes
configure:13778: checking wchar.h presence
configure:13778: /opt/lede-toolchain-ramips-mt7621_gcc-5.4.0_musl-1.1.24.Linux-x86_64/toolchain-mipsel_24kc_gcc-5.4.0_musl-1.1.24/bin/mipsel-openwrt-linux-musl-gcc -E  conftest.c
configure:13778: $? = 0
configure:13778: result: yes
configure:13778: checking for wchar.h
configure:13778: result: yes
configure:13778: checking getopt.h usability
configure:13778: /opt/lede-toolchain-ramips-mt7621_gcc-5.4.0_musl-1.1.24.Linux-x86_64/toolchain-mipsel_24kc_gcc-5.4.0_musl-1.1.24/bin/mipsel-openwrt-linux-musl-gcc -c -Os -Wall -DLINUX26 -DCONFIG_RALINK -DMUSL_LIBC -DDEBUG_NOISY -DDEBUG_RCTEST -D_GNU_SOURCE -D__UAPI_DEF_ETHHDR -DRALINK_DBDC_MODE -pipe -funit-at-a-time -Wno-pointer-sign -mtune=mips32 -mips32 -DLINUX_KERNEL_VERSION=263366 --sysroot=/opt/lede-toolchain-ramips-mt7621_gcc-5.4.0_musl-1.1.24.Linux-x86_64/toolchain-mipsel_24kc_gcc-5.4.0_musl-1.1.24  -ffunction-sections -fdata-sections  conftest.c >&5
configure:13778: $? = 0
configure:13778: result: yes
configure:13778: checking getopt.h presence
configure:13778: /opt/lede-toolchain-ramips-mt7621_gcc-5.4.0_musl-1.1.24.Linux-x86_64/toolchain-mipsel_24kc_gcc-5.4.0_musl-1.1.24/bin/mipsel-openwrt-linux-musl-gcc -E  conftest.c
configure:13778: $? = 0
configure:13778: result: yes
configure:13778: checking for getopt.h
configure:13778: result: yes
configure:13778: checking features.h usability
configure:13778: /opt/lede-toolchain-ramips-mt7621_gcc-5.4.0_musl-1.1.24.Linux-x86_64/toolchain-mipsel_24kc_gcc-5.4.0_musl-1.1.24/bin/mipsel-openwrt-linux-musl-gcc -c -Os -Wall -DLINUX26 -DCONFIG_RALINK -DMUSL_LIBC -DDEBUG_NOISY -DDEBUG_RCTEST -D_GNU_SOURCE -D__UAPI_DEF_ETHHDR -DRALINK_DBDC_MODE -pipe -funit-at-a-time -Wno-pointer-sign -mtune=mips32 -mips32 -DLINUX_KERNEL_VERSION=263366 --sysroot=/opt/lede-toolchain-ramips-mt7621_gcc-5.4.0_musl-1.1.24.Linux-x86_64/toolchain-mipsel_24kc_gcc-5.4.0_musl-1.1.24  -ffunction-sections -fdata-sections  conftest.c >&5
configure:13778: $? = 0
configure:13778: result: yes
configure:13778: checking features.h presence
configure:13778: /opt/lede-toolchain-ramips-mt7621_gcc-5.4.0_musl-1.1.24.Linux-x86_64/toolchain-mipsel_24kc_gcc-5.4.0_musl-1.1.24/bin/mipsel-openwrt-linux-musl-gcc -E  conftest.c
configure:13778: $? = 0
configure:13778: result: yes
configure:13778: checking for features.h
configure:13778: result: yes
configure:13778: checking regex.h usability
configure:13778: /opt/lede-toolchain-ramips-mt7621_gcc-5.4.0_musl-1.1.24.Linux-x86_64/toolchain-mipsel_24kc_gcc-5.4.0_musl-1.1.24/bin/mipsel-openwrt-linux-musl-gcc -c -Os -Wall -DLINUX26 -DCONFIG_RALINK -DMUSL_LIBC -DDEBUG_NOISY -DDEBUG_RCTEST -D_GNU_SOURCE -D__UAPI_DEF_ETHHDR -DRALINK_DBDC_MODE -pipe -funit-at-a-time -Wno-pointer-sign -mtune=mips32 -mips32 -DLINUX_KERNEL_VERSION=263366 --sysroot=/opt/lede-toolchain-ramips-mt7621_gcc-5.4.0_musl-1.1.24.Linux-x86_64/toolchain-mipsel_24kc_gcc-5.4.0_musl-1.1.24  -ffunction-sections -fdata-sections  conftest.c >&5
configure:13778: $? = 0
configure:13778: result: yes
configure:13778: checking regex.h presence
configure:13778: /opt/lede-toolchain-ramips-mt7621_gcc-5.4.0_musl-1.1.24.Linux-x86_64/toolchain-mipsel_24kc_gcc-5.4.0_musl-1.1.24/bin/mipsel-openwrt-linux-musl-gcc -E  conftest.c
configure:13778: $? = 0
configure:13778: result: yes
configure:13778: checking for regex.h
configure:13778: result: yes
configure:13778: checking endian.h usability
configure:13778: /opt/lede-toolchain-ramips-mt7621_gcc-5.4.0_musl-1.1.24.Linux-x86_64/toolchain-mipsel_24kc_gcc-5.4.0_musl-1.1.24/bin/mipsel-openwrt-linux-musl-gcc -c -Os -Wall -DLINUX26 -DCONFIG_RALINK -DMUSL_LIBC -DDEBUG_NOISY -DDEBUG_RCTEST -D_GNU_SOURCE -D__UAPI_DEF_ETHHDR -DRALINK_DBDC_MODE -pipe -funit-at-a-time -Wno-pointer-sign -mtune=mips32 -mips32 -DLINUX_KERNEL_VERSION=263366 --sysroot=/opt/lede-toolchain-ramips-mt7621_gcc-5.4.0_musl-1.1.24.Linux-x86_64/toolchain-mipsel_24kc_gcc-5.4.0_musl-1.1.24  -ffunction-sections -fdata-sections  conftest.c >&5
configure:13778: $? = 0
configure:13778: result: yes
configure:13778: checking endian.h presence
configure:13778: /opt/lede-toolchain-ramips-mt7621_gcc-5.4.0_musl-1.1.24.Linux-x86_64/toolchain-mipsel_24kc_gcc-5.4.0_musl-1.1.24/bin/mipsel-openwrt-linux-musl-gcc -E  conftest.c
configure:13778: $? = 0
configure:13778: result: yes
configure:13778: checking for endian.h
configure:13778: result: yes
configure:13778: checking byteswap.h usability
configure:13778: /opt/lede-toolchain-ramips-mt7621_gcc-5.4.0_musl-1.1.24.Linux-x86_64/toolchain-mipsel_24kc_gcc-5.4.0_musl-1.1.24/bin/mipsel-openwrt-linux-musl-gcc -c -Os -Wall -DLINUX26 -DCONFIG_RALINK -DMUSL_LIBC -DDEBUG_NOISY -DDEBUG_RCTEST -D_GNU_SOURCE -D__UAPI_DEF_ETHHDR -DRALINK_DBDC_MODE -pipe -funit-at-a-time -Wno-pointer-sign -mtune=mips32 -mips32 -DLINUX_KERNEL_VERSION=263366 --sysroot=/opt/lede-toolchain-ramips-mt7621_gcc-5.4.0_musl-1.1.24.Linux-x86_64/toolchain-mipsel_24kc_gcc-5.4.0_musl-1.1.24  -ffunction-sections -fdata-sections  conftest.c >&5
configure:13778: $? = 0
configure:13778: result: yes
configure:13778: checking byteswap.h presence
configure:13778: /opt/lede-toolchain-ramips-mt7621_gcc-5.4.0_musl-1.1.24.Linux-x86_64/toolchain-mipsel_24kc_gcc-5.4.0_musl-1.1.24/bin/mipsel-openwrt-linux-musl-gcc -E  conftest.c
configure:13778: $? = 0
configure:13778: result: yes
configure:13778: checking for byteswap.h
configure:13778: result: yes
configure:13778: checking sys/byteorder.h usability
configure:13778: /opt/lede-toolchain-ramips-mt7621_gcc-5.4.0_musl-1.1.24.Linux-x86_64/toolchain-mipsel_24kc_gcc-5.4.0_musl-1.1.24/bin/mipsel-openwrt-linux-musl-gcc -c -Os -Wall -DLINUX26 -DCONFIG_RALINK -DMUSL_LIBC -DDEBUG_NOISY -DDEBUG_RCTEST -D_GNU_SOURCE -D__UAPI_DEF_ETHHDR -DRALINK_DBDC_MODE -pipe -funit-at-a-time -Wno-pointer-sign -mtune=mips32 -mips32 -DLINUX_KERNEL_VERSION=263366 --sysroot=/opt/lede-toolchain-ramips-mt7621_gcc-5.4.0_musl-1.1.24.Linux-x86_64/toolchain-mipsel_24kc_gcc-5.4.0_musl-1.1.24  -ffunction-sections -fdata-sections  conftest.c >&5
conftest.c:88:27: fatal error: sys/byteorder.h: No such file or directory
compilation terminated.
configure:13778: $? = 1
configure: failed program was:
| /* confdefs.h */
| #define PACKAGE_NAME "ntfs-3g"
| #define PACKAGE_TARNAME "ntfs-3g"
| #define PACKAGE_VERSION "2016.2.22"
| #define PACKAGE_STRING "ntfs-3g 2016.2.22"
| #define PACKAGE_BUGREPORT "ntfs-3g-devel@lists.sf.net"
| #define PACKAGE_URL ""
| #define PACKAGE "ntfs-3g"
| #define VERSION "2016.2.22"
| #define STDC_HEADERS 1
| #define HAVE_SYS_TYPES_H 1
| #define HAVE_SYS_STAT_H 1
| #define HAVE_STDLIB_H 1
| #define HAVE_STRING_H 1
| #define HAVE_MEMORY_H 1
| #define HAVE_STRINGS_H 1
| #define HAVE_INTTYPES_H 1
| #define HAVE_STDINT_H 1
| #define HAVE_UNISTD_H 1
| #define __EXTENSIONS__ 1
| #define _ALL_SOURCE 1
| #define _GNU_SOURCE 1
| #define _POSIX_PTHREAD_SEMANTICS 1
| #define _TANDEM_SOURCE 1
| #define HAVE_DLFCN_H 1
| #define LT_OBJDIR ".libs/"
| #define _REENTRANT 1
| #define FUSE_INTERNAL 1
| #define STDC_HEADERS 1
| #define HAVE_CTYPE_H 1
| #define HAVE_FCNTL_H 1
| #define HAVE_LIBGEN_H 1
| #define HAVE_LIBINTL_H 1
| #define HAVE_LIMITS_H 1
| #define HAVE_LOCALE_H 1
| #define HAVE_MNTENT_H 1
| #define HAVE_STDDEF_H 1
| #define HAVE_STDINT_H 1
| #define HAVE_STDLIB_H 1
| #define HAVE_STDIO_H 1
| #define HAVE_STDARG_H 1
| #define HAVE_STRING_H 1
| #define HAVE_STRINGS_H 1
| #define HAVE_ERRNO_H 1
| #define HAVE_TIME_H 1
| #define HAVE_UNISTD_H 1
| #define HAVE_UTIME_H 1
| #define HAVE_WCHAR_H 1
| #define HAVE_GETOPT_H 1
| #define HAVE_FEATURES_H 1
| #define HAVE_REGEX_H 1
| #define HAVE_ENDIAN_H 1
| #define HAVE_BYTESWAP_H 1
| /* end confdefs.h.  */
| #include <stdio.h>
| #ifdef HAVE_SYS_TYPES_H
| # include <sys/types.h>
| #endif
| #ifdef HAVE_SYS_STAT_H
| # include <sys/stat.h>
| #endif
| #ifdef STDC_HEADERS
| # include <stdlib.h>
| # include <stddef.h>
| #else
| # ifdef HAVE_STDLIB_H
| #  include <stdlib.h>
| # endif
| #endif
| #ifdef HAVE_STRING_H
| # if !defined STDC_HEADERS && defined HAVE_MEMORY_H
| #  include <memory.h>
| # endif
| # include <string.h>
| #endif
| #ifdef HAVE_STRINGS_H
| # include <strings.h>
| #endif
| #ifdef HAVE_INTTYPES_H
| # include <inttypes.h>
| #endif
| #ifdef HAVE_STDINT_H
| # include <stdint.h>
| #endif
| #ifdef HAVE_UNISTD_H
| # include <unistd.h>
| #endif
| #include <sys/byteorder.h>
configure:13778: result: no
configure:13778: checking sys/byteorder.h presence
configure:13778: /opt/lede-toolchain-ramips-mt7621_gcc-5.4.0_musl-1.1.24.Linux-x86_64/toolchain-mipsel_24kc_gcc-5.4.0_musl-1.1.24/bin/mipsel-openwrt-linux-musl-gcc -E  conftest.c
conftest.c:55:27: fatal error: sys/byteorder.h: No such file or directory
compilation terminated.
configure:13778: $? = 1
configure: failed program was:
| /* confdefs.h */
| #define PACKAGE_NAME "ntfs-3g"
| #define PACKAGE_TARNAME "ntfs-3g"
| #define PACKAGE_VERSION "2016.2.22"
| #define PACKAGE_STRING "ntfs-3g 2016.2.22"
| #define PACKAGE_BUGREPORT "ntfs-3g-devel@lists.sf.net"
| #define PACKAGE_URL ""
| #define PACKAGE "ntfs-3g"
| #define VERSION "2016.2.22"
| #define STDC_HEADERS 1
| #define HAVE_SYS_TYPES_H 1
| #define HAVE_SYS_STAT_H 1
| #define HAVE_STDLIB_H 1
| #define HAVE_STRING_H 1
| #define HAVE_MEMORY_H 1
| #define HAVE_STRINGS_H 1
| #define HAVE_INTTYPES_H 1
| #define HAVE_STDINT_H 1
| #define HAVE_UNISTD_H 1
| #define __EXTENSIONS__ 1
| #define _ALL_SOURCE 1
| #define _GNU_SOURCE 1
| #define _POSIX_PTHREAD_SEMANTICS 1
| #define _TANDEM_SOURCE 1
| #define HAVE_DLFCN_H 1
| #define LT_OBJDIR ".libs/"
| #define _REENTRANT 1
| #define FUSE_INTERNAL 1
| #define STDC_HEADERS 1
| #define HAVE_CTYPE_H 1
| #define HAVE_FCNTL_H 1
| #define HAVE_LIBGEN_H 1
| #define HAVE_LIBINTL_H 1
| #define HAVE_LIMITS_H 1
| #define HAVE_LOCALE_H 1
| #define HAVE_MNTENT_H 1
| #define HAVE_STDDEF_H 1
| #define HAVE_STDINT_H 1
| #define HAVE_STDLIB_H 1
| #define HAVE_STDIO_H 1
| #define HAVE_STDARG_H 1
| #define HAVE_STRING_H 1
| #define HAVE_STRINGS_H 1
| #define HAVE_ERRNO_H 1
| #define HAVE_TIME_H 1
| #define HAVE_UNISTD_H 1
| #define HAVE_UTIME_H 1
| #define HAVE_WCHAR_H 1
| #define HAVE_GETOPT_H 1
| #define HAVE_FEATURES_H 1
| #define HAVE_REGEX_H 1
| #define HAVE_ENDIAN_H 1
| #define HAVE_BYTESWAP_H 1
| /* end confdefs.h.  */
| #include <sys/byteorder.h>
configure:13778: result: no
configure:13778: checking for sys/byteorder.h
configure:13778: result: no
configure:13778: checking sys/disk.h usability
configure:13778: /opt/lede-toolchain-ramips-mt7621_gcc-5.4.0_musl-1.1.24.Linux-x86_64/toolchain-mipsel_24kc_gcc-5.4.0_musl-1.1.24/bin/mipsel-openwrt-linux-musl-gcc -c -Os -Wall -DLINUX26 -DCONFIG_RALINK -DMUSL_LIBC -DDEBUG_NOISY -DDEBUG_RCTEST -D_GNU_SOURCE -D__UAPI_DEF_ETHHDR -DRALINK_DBDC_MODE -pipe -funit-at-a-time -Wno-pointer-sign -mtune=mips32 -mips32 -DLINUX_KERNEL_VERSION=263366 --sysroot=/opt/lede-toolchain-ramips-mt7621_gcc-5.4.0_musl-1.1.24.Linux-x86_64/toolchain-mipsel_24kc_gcc-5.4.0_musl-1.1.24  -ffunction-sections -fdata-sections  conftest.c >&5
conftest.c:88:22: fatal error: sys/disk.h: No such file or directory
compilation terminated.
configure:13778: $? = 1
configure: failed program was:
| /* confdefs.h */
| #define PACKAGE_NAME "ntfs-3g"
| #define PACKAGE_TARNAME "ntfs-3g"
| #define PACKAGE_VERSION "2016.2.22"
| #define PACKAGE_STRING "ntfs-3g 2016.2.22"
| #define PACKAGE_BUGREPORT "ntfs-3g-devel@lists.sf.net"
| #define PACKAGE_URL ""
| #define PACKAGE "ntfs-3g"
| #define VERSION "2016.2.22"
| #define STDC_HEADERS 1
| #define HAVE_SYS_TYPES_H 1
| #define HAVE_SYS_STAT_H 1
| #define HAVE_STDLIB_H 1
| #define HAVE_STRING_H 1
| #define HAVE_MEMORY_H 1
| #define HAVE_STRINGS_H 1
| #define HAVE_INTTYPES_H 1
| #define HAVE_STDINT_H 1
| #define HAVE_UNISTD_H 1
| #define __EXTENSIONS__ 1
| #define _ALL_SOURCE 1
| #define _GNU_SOURCE 1
| #define _POSIX_PTHREAD_SEMANTICS 1
| #define _TANDEM_SOURCE 1
| #define HAVE_DLFCN_H 1
| #define LT_OBJDIR ".libs/"
| #define _REENTRANT 1
| #define FUSE_INTERNAL 1
| #define STDC_HEADERS 1
| #define HAVE_CTYPE_H 1
| #define HAVE_FCNTL_H 1
| #define HAVE_LIBGEN_H 1
| #define HAVE_LIBINTL_H 1
| #define HAVE_LIMITS_H 1
| #define HAVE_LOCALE_H 1
| #define HAVE_MNTENT_H 1
| #define HAVE_STDDEF_H 1
| #define HAVE_STDINT_H 1
| #define HAVE_STDLIB_H 1
| #define HAVE_STDIO_H 1
| #define HAVE_STDARG_H 1
| #define HAVE_STRING_H 1
| #define HAVE_STRINGS_H 1
| #define HAVE_ERRNO_H 1
| #define HAVE_TIME_H 1
| #define HAVE_UNISTD_H 1
| #define HAVE_UTIME_H 1
| #define HAVE_WCHAR_H 1
| #define HAVE_GETOPT_H 1
| #define HAVE_FEATURES_H 1
| #define HAVE_REGEX_H 1
| #define HAVE_ENDIAN_H 1
| #define HAVE_BYTESWAP_H 1
| /* end confdefs.h.  */
| #include <stdio.h>
| #ifdef HAVE_SYS_TYPES_H
| # include <sys/types.h>
| #endif
| #ifdef HAVE_SYS_STAT_H
| # include <sys/stat.h>
| #endif
| #ifdef STDC_HEADERS
| # include <stdlib.h>
| # include <stddef.h>
| #else
| # ifdef HAVE_STDLIB_H
| #  include <stdlib.h>
| # endif
| #endif
| #ifdef HAVE_STRING_H
| # if !defined STDC_HEADERS && defined HAVE_MEMORY_H
| #  include <memory.h>
| # endif
| # include <string.h>
| #endif
| #ifdef HAVE_STRINGS_H
| # include <strings.h>
| #endif
| #ifdef HAVE_INTTYPES_H
| # include <inttypes.h>
| #endif
| #ifdef HAVE_STDINT_H
| # include <stdint.h>
| #endif
| #ifdef HAVE_UNISTD_H
| # include <unistd.h>
| #endif
| #include <sys/disk.h>
configure:13778: result: no
configure:13778: checking sys/disk.h presence
configure:13778: /opt/lede-toolchain-ramips-mt7621_gcc-5.4.0_musl-1.1.24.Linux-x86_64/toolchain-mipsel_24kc_gcc-5.4.0_musl-1.1.24/bin/mipsel-openwrt-linux-musl-gcc -E  conftest.c
conftest.c:55:22: fatal error: sys/disk.h: No such file or directory
compilation terminated.
configure:13778: $? = 1
configure: failed program was:
| /* confdefs.h */
| #define PACKAGE_NAME "ntfs-3g"
| #define PACKAGE_TARNAME "ntfs-3g"
| #define PACKAGE_VERSION "2016.2.22"
| #define PACKAGE_STRING "ntfs-3g 2016.2.22"
| #define PACKAGE_BUGREPORT "ntfs-3g-devel@lists.sf.net"
| #define PACKAGE_URL ""
| #define PACKAGE "ntfs-3g"
| #define VERSION "2016.2.22"
| #define STDC_HEADERS 1
| #define HAVE_SYS_TYPES_H 1
| #define HAVE_SYS_STAT_H 1
| #define HAVE_STDLIB_H 1
| #define HAVE_STRING_H 1
| #define HAVE_MEMORY_H 1
| #define HAVE_STRINGS_H 1
| #define HAVE_INTTYPES_H 1
| #define HAVE_STDINT_H 1
| #define HAVE_UNISTD_H 1
| #define __EXTENSIONS__ 1
| #define _ALL_SOURCE 1
| #define _GNU_SOURCE 1
| #define _POSIX_PTHREAD_SEMANTICS 1
| #define _TANDEM_SOURCE 1
| #define HAVE_DLFCN_H 1
| #define LT_OBJDIR ".libs/"
| #define _REENTRANT 1
| #define FUSE_INTERNAL 1
| #define STDC_HEADERS 1
| #define HAVE_CTYPE_H 1
| #define HAVE_FCNTL_H 1
| #define HAVE_LIBGEN_H 1
| #define HAVE_LIBINTL_H 1
| #define HAVE_LIMITS_H 1
| #define HAVE_LOCALE_H 1
| #define HAVE_MNTENT_H 1
| #define HAVE_STDDEF_H 1
| #define HAVE_STDINT_H 1
| #define HAVE_STDLIB_H 1
| #define HAVE_STDIO_H 1
| #define HAVE_STDARG_H 1
| #define HAVE_STRING_H 1
| #define HAVE_STRINGS_H 1
| #define HAVE_ERRNO_H 1
| #define HAVE_TIME_H 1
| #define HAVE_UNISTD_H 1
| #define HAVE_UTIME_H 1
| #define HAVE_WCHAR_H 1
| #define HAVE_GETOPT_H 1
| #define HAVE_FEATURES_H 1
| #define HAVE_REGEX_H 1
| #define HAVE_ENDIAN_H 1
| #define HAVE_BYTESWAP_H 1
| /* end confdefs.h.  */
| #include <sys/disk.h>
configure:13778: result: no
configure:13778: checking for sys/disk.h
configure:13778: result: no
configure:13778: checking sys/endian.h usability
configure:13778: /opt/lede-toolchain-ramips-mt7621_gcc-5.4.0_musl-1.1.24.Linux-x86_64/toolchain-mipsel_24kc_gcc-5.4.0_musl-1.1.24/bin/mipsel-openwrt-linux-musl-gcc -c -Os -Wall -DLINUX26 -DCONFIG_RALINK -DMUSL_LIBC -DDEBUG_NOISY -DDEBUG_RCTEST -D_GNU_SOURCE -D__UAPI_DEF_ETHHDR -DRALINK_DBDC_MODE -pipe -funit-at-a-time -Wno-pointer-sign -mtune=mips32 -mips32 -DLINUX_KERNEL_VERSION=263366 --sysroot=/opt/lede-toolchain-ramips-mt7621_gcc-5.4.0_musl-1.1.24.Linux-x86_64/toolchain-mipsel_24kc_gcc-5.4.0_musl-1.1.24  -ffunction-sections -fdata-sections  conftest.c >&5
conftest.c:88:24: fatal error: sys/endian.h: No such file or directory
compilation terminated.
configure:13778: $? = 1
configure: failed program was:
| /* confdefs.h */
| #define PACKAGE_NAME "ntfs-3g"
| #define PACKAGE_TARNAME "ntfs-3g"
| #define PACKAGE_VERSION "2016.2.22"
| #define PACKAGE_STRING "ntfs-3g 2016.2.22"
| #define PACKAGE_BUGREPORT "ntfs-3g-devel@lists.sf.net"
| #define PACKAGE_URL ""
| #define PACKAGE "ntfs-3g"
| #define VERSION "2016.2.22"
| #define STDC_HEADERS 1
| #define HAVE_SYS_TYPES_H 1
| #define HAVE_SYS_STAT_H 1
| #define HAVE_STDLIB_H 1
| #define HAVE_STRING_H 1
| #define HAVE_MEMORY_H 1
| #define HAVE_STRINGS_H 1
| #define HAVE_INTTYPES_H 1
| #define HAVE_STDINT_H 1
| #define HAVE_UNISTD_H 1
| #define __EXTENSIONS__ 1
| #define _ALL_SOURCE 1
| #define _GNU_SOURCE 1
| #define _POSIX_PTHREAD_SEMANTICS 1
| #define _TANDEM_SOURCE 1
| #define HAVE_DLFCN_H 1
| #define LT_OBJDIR ".libs/"
| #define _REENTRANT 1
| #define FUSE_INTERNAL 1
| #define STDC_HEADERS 1
| #define HAVE_CTYPE_H 1
| #define HAVE_FCNTL_H 1
| #define HAVE_LIBGEN_H 1
| #define HAVE_LIBINTL_H 1
| #define HAVE_LIMITS_H 1
| #define HAVE_LOCALE_H 1
| #define HAVE_MNTENT_H 1
| #define HAVE_STDDEF_H 1
| #define HAVE_STDINT_H 1
| #define HAVE_STDLIB_H 1
| #define HAVE_STDIO_H 1
| #define HAVE_STDARG_H 1
| #define HAVE_STRING_H 1
| #define HAVE_STRINGS_H 1
| #define HAVE_ERRNO_H 1
| #define HAVE_TIME_H 1
| #define HAVE_UNISTD_H 1
| #define HAVE_UTIME_H 1
| #define HAVE_WCHAR_H 1
| #define HAVE_GETOPT_H 1
| #define HAVE_FEATURES_H 1
| #define HAVE_REGEX_H 1
| #define HAVE_ENDIAN_H 1
| #define HAVE_BYTESWAP_H 1
| /* end confdefs.h.  */
| #include <stdio.h>
| #ifdef HAVE_SYS_TYPES_H
| # include <sys/types.h>
| #endif
| #ifdef HAVE_SYS_STAT_H
| # include <sys/stat.h>
| #endif
| #ifdef STDC_HEADERS
| # include <stdlib.h>
| # include <stddef.h>
| #else
| # ifdef HAVE_STDLIB_H
| #  include <stdlib.h>
| # endif
| #endif
| #ifdef HAVE_STRING_H
| # if !defined STDC_HEADERS && defined HAVE_MEMORY_H
| #  include <memory.h>
| # endif
| # include <string.h>
| #endif
| #ifdef HAVE_STRINGS_H
| # include <strings.h>
| #endif
| #ifdef HAVE_INTTYPES_H
| # include <inttypes.h>
| #endif
| #ifdef HAVE_STDINT_H
| # include <stdint.h>
| #endif
| #ifdef HAVE_UNISTD_H
| # include <unistd.h>
| #endif
| #include <sys/endian.h>
configure:13778: result: no
configure:13778: checking sys/endian.h presence
configure:13778: /opt/lede-toolchain-ramips-mt7621_gcc-5.4.0_musl-1.1.24.Linux-x86_64/toolchain-mipsel_24kc_gcc-5.4.0_musl-1.1.24/bin/mipsel-openwrt-linux-musl-gcc -E  conftest.c
conftest.c:55:24: fatal error: sys/endian.h: No such file or directory
compilation terminated.
configure:13778: $? = 1
configure: failed program was:
| /* confdefs.h */
| #define PACKAGE_NAME "ntfs-3g"
| #define PACKAGE_TARNAME "ntfs-3g"
| #define PACKAGE_VERSION "2016.2.22"
| #define PACKAGE_STRING "ntfs-3g 2016.2.22"
| #define PACKAGE_BUGREPORT "ntfs-3g-devel@lists.sf.net"
| #define PACKAGE_URL ""
| #define PACKAGE "ntfs-3g"
| #define VERSION "2016.2.22"
| #define STDC_HEADERS 1
| #define HAVE_SYS_TYPES_H 1
| #define HAVE_SYS_STAT_H 1
| #define HAVE_STDLIB_H 1
| #define HAVE_STRING_H 1
| #define HAVE_MEMORY_H 1
| #define HAVE_STRINGS_H 1
| #define HAVE_INTTYPES_H 1
| #define HAVE_STDINT_H 1
| #define HAVE_UNISTD_H 1
| #define __EXTENSIONS__ 1
| #define _ALL_SOURCE 1
| #define _GNU_SOURCE 1
| #define _POSIX_PTHREAD_SEMANTICS 1
| #define _TANDEM_SOURCE 1
| #define HAVE_DLFCN_H 1
| #define LT_OBJDIR ".libs/"
| #define _REENTRANT 1
| #define FUSE_INTERNAL 1
| #define STDC_HEADERS 1
| #define HAVE_CTYPE_H 1
| #define HAVE_FCNTL_H 1
| #define HAVE_LIBGEN_H 1
| #define HAVE_LIBINTL_H 1
| #define HAVE_LIMITS_H 1
| #define HAVE_LOCALE_H 1
| #define HAVE_MNTENT_H 1
| #define HAVE_STDDEF_H 1
| #define HAVE_STDINT_H 1
| #define HAVE_STDLIB_H 1
| #define HAVE_STDIO_H 1
| #define HAVE_STDARG_H 1
| #define HAVE_STRING_H 1
| #define HAVE_STRINGS_H 1
| #define HAVE_ERRNO_H 1
| #define HAVE_TIME_H 1
| #define HAVE_UNISTD_H 1
| #define HAVE_UTIME_H 1
| #define HAVE_WCHAR_H 1
| #define HAVE_GETOPT_H 1
| #define HAVE_FEATURES_H 1
| #define HAVE_REGEX_H 1
| #define HAVE_ENDIAN_H 1
| #define HAVE_BYTESWAP_H 1
| /* end confdefs.h.  */
| #include <sys/endian.h>
configure:13778: result: no
configure:13778: checking for sys/endian.h
configure:13778: result: no
configure:13778: checking sys/param.h usability
configure:13778: /opt/lede-toolchain-ramips-mt7621_gcc-5.4.0_musl-1.1.24.Linux-x86_64/toolchain-mipsel_24kc_gcc-5.4.0_musl-1.1.24/bin/mipsel-openwrt-linux-musl-gcc -c -Os -Wall -DLINUX26 -DCONFIG_RALINK -DMUSL_LIBC -DDEBUG_NOISY -DDEBUG_RCTEST -D_GNU_SOURCE -D__UAPI_DEF_ETHHDR -DRALINK_DBDC_MODE -pipe -funit-at-a-time -Wno-pointer-sign -mtune=mips32 -mips32 -DLINUX_KERNEL_VERSION=263366 --sysroot=/opt/lede-toolchain-ramips-mt7621_gcc-5.4.0_musl-1.1.24.Linux-x86_64/toolchain-mipsel_24kc_gcc-5.4.0_musl-1.1.24  -ffunction-sections -fdata-sections  conftest.c >&5
configure:13778: $? = 0
configure:13778: result: yes
configure:13778: checking sys/param.h presence
configure:13778: /opt/lede-toolchain-ramips-mt7621_gcc-5.4.0_musl-1.1.24.Linux-x86_64/toolchain-mipsel_24kc_gcc-5.4.0_musl-1.1.24/bin/mipsel-openwrt-linux-musl-gcc -E  conftest.c
configure:13778: $? = 0
configure:13778: result: yes
configure:13778: checking for sys/param.h
configure:13778: result: yes
configure:13778: checking sys/ioctl.h usability
configure:13778: /opt/lede-toolchain-ramips-mt7621_gcc-5.4.0_musl-1.1.24.Linux-x86_64/toolchain-mipsel_24kc_gcc-5.4.0_musl-1.1.24/bin/mipsel-openwrt-linux-musl-gcc -c -Os -Wall -DLINUX26 -DCONFIG_RALINK -DMUSL_LIBC -DDEBUG_NOISY -DDEBUG_RCTEST -D_GNU_SOURCE -D__UAPI_DEF_ETHHDR -DRALINK_DBDC_MODE -pipe -funit-at-a-time -Wno-pointer-sign -mtune=mips32 -mips32 -DLINUX_KERNEL_VERSION=263366 --sysroot=/opt/lede-toolchain-ramips-mt7621_gcc-5.4.0_musl-1.1.24.Linux-x86_64/toolchain-mipsel_24kc_gcc-5.4.0_musl-1.1.24  -ffunction-sections -fdata-sections  conftest.c >&5
configure:13778: $? = 0
configure:13778: result: yes
configure:13778: checking sys/ioctl.h presence
configure:13778: /opt/lede-toolchain-ramips-mt7621_gcc-5.4.0_musl-1.1.24.Linux-x86_64/toolchain-mipsel_24kc_gcc-5.4.0_musl-1.1.24/bin/mipsel-openwrt-linux-musl-gcc -E  conftest.c
configure:13778: $? = 0
configure:13778: result: yes
configure:13778: checking for sys/ioctl.h
configure:13778: result: yes
configure:13778: checking sys/mkdev.h usability
configure:13778: /opt/lede-toolchain-ramips-mt7621_gcc-5.4.0_musl-1.1.24.Linux-x86_64/toolchain-mipsel_24kc_gcc-5.4.0_musl-1.1.24/bin/mipsel-openwrt-linux-musl-gcc -c -Os -Wall -DLINUX26 -DCONFIG_RALINK -DMUSL_LIBC -DDEBUG_NOISY -DDEBUG_RCTEST -D_GNU_SOURCE -D__UAPI_DEF_ETHHDR -DRALINK_DBDC_MODE -pipe -funit-at-a-time -Wno-pointer-sign -mtune=mips32 -mips32 -DLINUX_KERNEL_VERSION=263366 --sysroot=/opt/lede-toolchain-ramips-mt7621_gcc-5.4.0_musl-1.1.24.Linux-x86_64/toolchain-mipsel_24kc_gcc-5.4.0_musl-1.1.24  -ffunction-sections -fdata-sections  conftest.c >&5
conftest.c:90:23: fatal error: sys/mkdev.h: No such file or directory
compilation terminated.
configure:13778: $? = 1
configure: failed program was:
| /* confdefs.h */
| #define PACKAGE_NAME "ntfs-3g"
| #define PACKAGE_TARNAME "ntfs-3g"
| #define PACKAGE_VERSION "2016.2.22"
| #define PACKAGE_STRING "ntfs-3g 2016.2.22"
| #define PACKAGE_BUGREPORT "ntfs-3g-devel@lists.sf.net"
| #define PACKAGE_URL ""
| #define PACKAGE "ntfs-3g"
| #define VERSION "2016.2.22"
| #define STDC_HEADERS 1
| #define HAVE_SYS_TYPES_H 1
| #define HAVE_SYS_STAT_H 1
| #define HAVE_STDLIB_H 1
| #define HAVE_STRING_H 1
| #define HAVE_MEMORY_H 1
| #define HAVE_STRINGS_H 1
| #define HAVE_INTTYPES_H 1
| #define HAVE_STDINT_H 1
| #define HAVE_UNISTD_H 1
| #define __EXTENSIONS__ 1
| #define _ALL_SOURCE 1
| #define _GNU_SOURCE 1
| #define _POSIX_PTHREAD_SEMANTICS 1
| #define _TANDEM_SOURCE 1
| #define HAVE_DLFCN_H 1
| #define LT_OBJDIR ".libs/"
| #define _REENTRANT 1
| #define FUSE_INTERNAL 1
| #define STDC_HEADERS 1
| #define HAVE_CTYPE_H 1
| #define HAVE_FCNTL_H 1
| #define HAVE_LIBGEN_H 1
| #define HAVE_LIBINTL_H 1
| #define HAVE_LIMITS_H 1
| #define HAVE_LOCALE_H 1
| #define HAVE_MNTENT_H 1
| #define HAVE_STDDEF_H 1
| #define HAVE_STDINT_H 1
| #define HAVE_STDLIB_H 1
| #define HAVE_STDIO_H 1
| #define HAVE_STDARG_H 1
| #define HAVE_STRING_H 1
| #define HAVE_STRINGS_H 1
| #define HAVE_ERRNO_H 1
| #define HAVE_TIME_H 1
| #define HAVE_UNISTD_H 1
| #define HAVE_UTIME_H 1
| #define HAVE_WCHAR_H 1
| #define HAVE_GETOPT_H 1
| #define HAVE_FEATURES_H 1
| #define HAVE_REGEX_H 1
| #define HAVE_ENDIAN_H 1
| #define HAVE_BYTESWAP_H 1
| #define HAVE_SYS_PARAM_H 1
| #define HAVE_SYS_IOCTL_H 1
| /* end confdefs.h.  */
| #include <stdio.h>
| #ifdef HAVE_SYS_TYPES_H
| # include <sys/types.h>
| #endif
| #ifdef HAVE_SYS_STAT_H
| # include <sys/stat.h>
| #endif
| #ifdef STDC_HEADERS
| # include <stdlib.h>
| # include <stddef.h>
| #else
| # ifdef HAVE_STDLIB_H
| #  include <stdlib.h>
| # endif
| #endif
| #ifdef HAVE_STRING_H
| # if !defined STDC_HEADERS && defined HAVE_MEMORY_H
| #  include <memory.h>
| # endif
| # include <string.h>
| #endif
| #ifdef HAVE_STRINGS_H
| # include <strings.h>
| #endif
| #ifdef HAVE_INTTYPES_H
| # include <inttypes.h>
| #endif
| #ifdef HAVE_STDINT_H
| # include <stdint.h>
| #endif
| #ifdef HAVE_UNISTD_H
| # include <unistd.h>
| #endif
| #include <sys/mkdev.h>
configure:13778: result: no
configure:13778: checking sys/mkdev.h presence
configure:13778: /opt/lede-toolchain-ramips-mt7621_gcc-5.4.0_musl-1.1.24.Linux-x86_64/toolchain-mipsel_24kc_gcc-5.4.0_musl-1.1.24/bin/mipsel-openwrt-linux-musl-gcc -E  conftest.c
conftest.c:57:23: fatal error: sys/mkdev.h: No such file or directory
compilation terminated.
configure:13778: $? = 1
configure: failed program was:
| /* confdefs.h */
| #define PACKAGE_NAME "ntfs-3g"
| #define PACKAGE_TARNAME "ntfs-3g"
| #define PACKAGE_VERSION "2016.2.22"
| #define PACKAGE_STRING "ntfs-3g 2016.2.22"
| #define PACKAGE_BUGREPORT "ntfs-3g-devel@lists.sf.net"
| #define PACKAGE_URL ""
| #define PACKAGE "ntfs-3g"
| #define VERSION "2016.2.22"
| #define STDC_HEADERS 1
| #define HAVE_SYS_TYPES_H 1
| #define HAVE_SYS_STAT_H 1
| #define HAVE_STDLIB_H 1
| #define HAVE_STRING_H 1
| #define HAVE_MEMORY_H 1
| #define HAVE_STRINGS_H 1
| #define HAVE_INTTYPES_H 1
| #define HAVE_STDINT_H 1
| #define HAVE_UNISTD_H 1
| #define __EXTENSIONS__ 1
| #define _ALL_SOURCE 1
| #define _GNU_SOURCE 1
| #define _POSIX_PTHREAD_SEMANTICS 1
| #define _TANDEM_SOURCE 1
| #define HAVE_DLFCN_H 1
| #define LT_OBJDIR ".libs/"
| #define _REENTRANT 1
| #define FUSE_INTERNAL 1
| #define STDC_HEADERS 1
| #define HAVE_CTYPE_H 1
| #define HAVE_FCNTL_H 1
| #define HAVE_LIBGEN_H 1
| #define HAVE_LIBINTL_H 1
| #define HAVE_LIMITS_H 1
| #define HAVE_LOCALE_H 1
| #define HAVE_MNTENT_H 1
| #define HAVE_STDDEF_H 1
| #define HAVE_STDINT_H 1
| #define HAVE_STDLIB_H 1
| #define HAVE_STDIO_H 1
| #define HAVE_STDARG_H 1
| #define HAVE_STRING_H 1
| #define HAVE_STRINGS_H 1
| #define HAVE_ERRNO_H 1
| #define HAVE_TIME_H 1
| #define HAVE_UNISTD_H 1
| #define HAVE_UTIME_H 1
| #define HAVE_WCHAR_H 1
| #define HAVE_GETOPT_H 1
| #define HAVE_FEATURES_H 1
| #define HAVE_REGEX_H 1
| #define HAVE_ENDIAN_H 1
| #define HAVE_BYTESWAP_H 1
| #define HAVE_SYS_PARAM_H 1
| #define HAVE_SYS_IOCTL_H 1
| /* end confdefs.h.  */
| #include <sys/mkdev.h>
configure:13778: result: no
configure:13778: checking for sys/mkdev.h
configure:13778: result: no
configure:13778: checking sys/mount.h usability
configure:13778: /opt/lede-toolchain-ramips-mt7621_gcc-5.4.0_musl-1.1.24.Linux-x86_64/toolchain-mipsel_24kc_gcc-5.4.0_musl-1.1.24/bin/mipsel-openwrt-linux-musl-gcc -c -Os -Wall -DLINUX26 -DCONFIG_RALINK -DMUSL_LIBC -DDEBUG_NOISY -DDEBUG_RCTEST -D_GNU_SOURCE -D__UAPI_DEF_ETHHDR -DRALINK_DBDC_MODE -pipe -funit-at-a-time -Wno-pointer-sign -mtune=mips32 -mips32 -DLINUX_KERNEL_VERSION=263366 --sysroot=/opt/lede-toolchain-ramips-mt7621_gcc-5.4.0_musl-1.1.24.Linux-x86_64/toolchain-mipsel_24kc_gcc-5.4.0_musl-1.1.24  -ffunction-sections -fdata-sections  conftest.c >&5
configure:13778: $? = 0
configure:13778: result: yes
configure:13778: checking sys/mount.h presence
configure:13778: /opt/lede-toolchain-ramips-mt7621_gcc-5.4.0_musl-1.1.24.Linux-x86_64/toolchain-mipsel_24kc_gcc-5.4.0_musl-1.1.24/bin/mipsel-openwrt-linux-musl-gcc -E  conftest.c
configure:13778: $? = 0
configure:13778: result: yes
configure:13778: checking for sys/mount.h
configure:13778: result: yes
configure:13778: checking for sys/stat.h
configure:13778: result: yes
configure:13778: checking for sys/types.h
configure:13778: result: yes
configure:13778: checking sys/vfs.h usability
configure:13778: /opt/lede-toolchain-ramips-mt7621_gcc-5.4.0_musl-1.1.24.Linux-x86_64/toolchain-mipsel_24kc_gcc-5.4.0_musl-1.1.24/bin/mipsel-openwrt-linux-musl-gcc -c -Os -Wall -DLINUX26 -DCONFIG_RALINK -DMUSL_LIBC -DDEBUG_NOISY -DDEBUG_RCTEST -D_GNU_SOURCE -D__UAPI_DEF_ETHHDR -DRALINK_DBDC_MODE -pipe -funit-at-a-time -Wno-pointer-sign -mtune=mips32 -mips32 -DLINUX_KERNEL_VERSION=263366 --sysroot=/opt/lede-toolchain-ramips-mt7621_gcc-5.4.0_musl-1.1.24.Linux-x86_64/toolchain-mipsel_24kc_gcc-5.4.0_musl-1.1.24  -ffunction-sections -fdata-sections  conftest.c >&5
configure:13778: $? = 0
configure:13778: result: yes
configure:13778: checking sys/vfs.h presence
configure:13778: /opt/lede-toolchain-ramips-mt7621_gcc-5.4.0_musl-1.1.24.Linux-x86_64/toolchain-mipsel_24kc_gcc-5.4.0_musl-1.1.24/bin/mipsel-openwrt-linux-musl-gcc -E  conftest.c
configure:13778: $? = 0
configure:13778: result: yes
configure:13778: checking for sys/vfs.h
configure:13778: result: yes
configure:13778: checking sys/statvfs.h usability
configure:13778: /opt/lede-toolchain-ramips-mt7621_gcc-5.4.0_musl-1.1.24.Linux-x86_64/toolchain-mipsel_24kc_gcc-5.4.0_musl-1.1.24/bin/mipsel-openwrt-linux-musl-gcc -c -Os -Wall -DLINUX26 -DCONFIG_RALINK -DMUSL_LIBC -DDEBUG_NOISY -DDEBUG_RCTEST -D_GNU_SOURCE -D__UAPI_DEF_ETHHDR -DRALINK_DBDC_MODE -pipe -funit-at-a-time -Wno-pointer-sign -mtune=mips32 -mips32 -DLINUX_KERNEL_VERSION=263366 --sysroot=/opt/lede-toolchain-ramips-mt7621_gcc-5.4.0_musl-1.1.24.Linux-x86_64/toolchain-mipsel_24kc_gcc-5.4.0_musl-1.1.24  -ffunction-sections -fdata-sections  conftest.c >&5
configure:13778: $? = 0
configure:13778: result: yes
configure:13778: checking sys/statvfs.h presence
configure:13778: /opt/lede-toolchain-ramips-mt7621_gcc-5.4.0_musl-1.1.24.Linux-x86_64/toolchain-mipsel_24kc_gcc-5.4.0_musl-1.1.24/bin/mipsel-openwrt-linux-musl-gcc -E  conftest.c
configure:13778: $? = 0
configure:13778: result: yes
configure:13778: checking for sys/statvfs.h
configure:13778: result: yes
configure:13778: checking sys/sysmacros.h usability
configure:13778: /opt/lede-toolchain-ramips-mt7621_gcc-5.4.0_musl-1.1.24.Linux-x86_64/toolchain-mipsel_24kc_gcc-5.4.0_musl-1.1.24/bin/mipsel-openwrt-linux-musl-gcc -c -Os -Wall -DLINUX26 -DCONFIG_RALINK -DMUSL_LIBC -DDEBUG_NOISY -DDEBUG_RCTEST -D_GNU_SOURCE -D__UAPI_DEF_ETHHDR -DRALINK_DBDC_MODE -pipe -funit-at-a-time -Wno-pointer-sign -mtune=mips32 -mips32 -DLINUX_KERNEL_VERSION=263366 --sysroot=/opt/lede-toolchain-ramips-mt7621_gcc-5.4.0_musl-1.1.24.Linux-x86_64/toolchain-mipsel_24kc_gcc-5.4.0_musl-1.1.24  -ffunction-sections -fdata-sections  conftest.c >&5
configure:13778: $? = 0
configure:13778: result: yes
configure:13778: checking sys/sysmacros.h presence
configure:13778: /opt/lede-toolchain-ramips-mt7621_gcc-5.4.0_musl-1.1.24.Linux-x86_64/toolchain-mipsel_24kc_gcc-5.4.0_musl-1.1.24/bin/mipsel-openwrt-linux-musl-gcc -E  conftest.c
configure:13778: $? = 0
configure:13778: result: yes
configure:13778: checking for sys/sysmacros.h
configure:13778: result: yes
configure:13778: checking linux/major.h usability
configure:13778: /opt/lede-toolchain-ramips-mt7621_gcc-5.4.0_musl-1.1.24.Linux-x86_64/toolchain-mipsel_24kc_gcc-5.4.0_musl-1.1.24/bin/mipsel-openwrt-linux-musl-gcc -c -Os -Wall -DLINUX26 -DCONFIG_RALINK -DMUSL_LIBC -DDEBUG_NOISY -DDEBUG_RCTEST -D_GNU_SOURCE -D__UAPI_DEF_ETHHDR -DRALINK_DBDC_MODE -pipe -funit-at-a-time -Wno-pointer-sign -mtune=mips32 -mips32 -DLINUX_KERNEL_VERSION=263366 --sysroot=/opt/lede-toolchain-ramips-mt7621_gcc-5.4.0_musl-1.1.24.Linux-x86_64/toolchain-mipsel_24kc_gcc-5.4.0_musl-1.1.24  -ffunction-sections -fdata-sections  conftest.c >&5
configure:13778: $? = 0
configure:13778: result: yes
configure:13778: checking linux/major.h presence
configure:13778: /opt/lede-toolchain-ramips-mt7621_gcc-5.4.0_musl-1.1.24.Linux-x86_64/toolchain-mipsel_24kc_gcc-5.4.0_musl-1.1.24/bin/mipsel-openwrt-linux-musl-gcc -E  conftest.c
configure:13778: $? = 0
configure:13778: result: yes
configure:13778: checking for linux/major.h
configure:13778: result: yes
configure:13778: checking linux/fd.h usability
configure:13778: /opt/lede-toolchain-ramips-mt7621_gcc-5.4.0_musl-1.1.24.Linux-x86_64/toolchain-mipsel_24kc_gcc-5.4.0_musl-1.1.24/bin/mipsel-openwrt-linux-musl-gcc -c -Os -Wall -DLINUX26 -DCONFIG_RALINK -DMUSL_LIBC -DDEBUG_NOISY -DDEBUG_RCTEST -D_GNU_SOURCE -D__UAPI_DEF_ETHHDR -DRALINK_DBDC_MODE -pipe -funit-at-a-time -Wno-pointer-sign -mtune=mips32 -mips32 -DLINUX_KERNEL_VERSION=263366 --sysroot=/opt/lede-toolchain-ramips-mt7621_gcc-5.4.0_musl-1.1.24.Linux-x86_64/toolchain-mipsel_24kc_gcc-5.4.0_musl-1.1.24  -ffunction-sections -fdata-sections  conftest.c >&5
configure:13778: $? = 0
configure:13778: result: yes
configure:13778: checking linux/fd.h presence
configure:13778: /opt/lede-toolchain-ramips-mt7621_gcc-5.4.0_musl-1.1.24.Linux-x86_64/toolchain-mipsel_24kc_gcc-5.4.0_musl-1.1.24/bin/mipsel-openwrt-linux-musl-gcc -E  conftest.c
configure:13778: $? = 0
configure:13778: result: yes
configure:13778: checking for linux/fd.h
configure:13778: result: yes
configure:13778: checking linux/fs.h usability
configure:13778: /opt/lede-toolchain-ramips-mt7621_gcc-5.4.0_musl-1.1.24.Linux-x86_64/toolchain-mipsel_24kc_gcc-5.4.0_musl-1.1.24/bin/mipsel-openwrt-linux-musl-gcc -c -Os -Wall -DLINUX26 -DCONFIG_RALINK -DMUSL_LIBC -DDEBUG_NOISY -DDEBUG_RCTEST -D_GNU_SOURCE -D__UAPI_DEF_ETHHDR -DRALINK_DBDC_MODE -pipe -funit-at-a-time -Wno-pointer-sign -mtune=mips32 -mips32 -DLINUX_KERNEL_VERSION=263366 --sysroot=/opt/lede-toolchain-ramips-mt7621_gcc-5.4.0_musl-1.1.24.Linux-x86_64/toolchain-mipsel_24kc_gcc-5.4.0_musl-1.1.24  -ffunction-sections -fdata-sections  conftest.c >&5
configure:13778: $? = 0
configure:13778: result: yes
configure:13778: checking linux/fs.h presence
configure:13778: /opt/lede-toolchain-ramips-mt7621_gcc-5.4.0_musl-1.1.24.Linux-x86_64/toolchain-mipsel_24kc_gcc-5.4.0_musl-1.1.24/bin/mipsel-openwrt-linux-musl-gcc -E  conftest.c
configure:13778: $? = 0
configure:13778: result: yes
configure:13778: checking for linux/fs.h
configure:13778: result: yes
configure:13778: checking for inttypes.h
configure:13778: result: yes
configure:13778: checking linux/hdreg.h usability
configure:13778: /opt/lede-toolchain-ramips-mt7621_gcc-5.4.0_musl-1.1.24.Linux-x86_64/toolchain-mipsel_24kc_gcc-5.4.0_musl-1.1.24/bin/mipsel-openwrt-linux-musl-gcc -c -Os -Wall -DLINUX26 -DCONFIG_RALINK -DMUSL_LIBC -DDEBUG_NOISY -DDEBUG_RCTEST -D_GNU_SOURCE -D__UAPI_DEF_ETHHDR -DRALINK_DBDC_MODE -pipe -funit-at-a-time -Wno-pointer-sign -mtune=mips32 -mips32 -DLINUX_KERNEL_VERSION=263366 --sysroot=/opt/lede-toolchain-ramips-mt7621_gcc-5.4.0_musl-1.1.24.Linux-x86_64/toolchain-mipsel_24kc_gcc-5.4.0_musl-1.1.24  -ffunction-sections -fdata-sections  conftest.c >&5
configure:13778: $? = 0
configure:13778: result: yes
configure:13778: checking linux/hdreg.h presence
configure:13778: /opt/lede-toolchain-ramips-mt7621_gcc-5.4.0_musl-1.1.24.Linux-x86_64/toolchain-mipsel_24kc_gcc-5.4.0_musl-1.1.24/bin/mipsel-openwrt-linux-musl-gcc -E  conftest.c
configure:13778: $? = 0
configure:13778: result: yes
configure:13778: checking for linux/hdreg.h
configure:13778: result: yes
configure:13778: checking machine/endian.h usability
configure:13778: /opt/lede-toolchain-ramips-mt7621_gcc-5.4.0_musl-1.1.24.Linux-x86_64/toolchain-mipsel_24kc_gcc-5.4.0_musl-1.1.24/bin/mipsel-openwrt-linux-musl-gcc -c -Os -Wall -DLINUX26 -DCONFIG_RALINK -DMUSL_LIBC -DDEBUG_NOISY -DDEBUG_RCTEST -D_GNU_SOURCE -D__UAPI_DEF_ETHHDR -DRALINK_DBDC_MODE -pipe -funit-at-a-time -Wno-pointer-sign -mtune=mips32 -mips32 -DLINUX_KERNEL_VERSION=263366 --sysroot=/opt/lede-toolchain-ramips-mt7621_gcc-5.4.0_musl-1.1.24.Linux-x86_64/toolchain-mipsel_24kc_gcc-5.4.0_musl-1.1.24  -ffunction-sections -fdata-sections  conftest.c >&5
conftest.c:101:28: fatal error: machine/endian.h: No such file or directory
compilation terminated.
configure:13778: $? = 1
configure: failed program was:
| /* confdefs.h */
| #define PACKAGE_NAME "ntfs-3g"
| #define PACKAGE_TARNAME "ntfs-3g"
| #define PACKAGE_VERSION "2016.2.22"
| #define PACKAGE_STRING "ntfs-3g 2016.2.22"
| #define PACKAGE_BUGREPORT "ntfs-3g-devel@lists.sf.net"
| #define PACKAGE_URL ""
| #define PACKAGE "ntfs-3g"
| #define VERSION "2016.2.22"
| #define STDC_HEADERS 1
| #define HAVE_SYS_TYPES_H 1
| #define HAVE_SYS_STAT_H 1
| #define HAVE_STDLIB_H 1
| #define HAVE_STRING_H 1
| #define HAVE_MEMORY_H 1
| #define HAVE_STRINGS_H 1
| #define HAVE_INTTYPES_H 1
| #define HAVE_STDINT_H 1
| #define HAVE_UNISTD_H 1
| #define __EXTENSIONS__ 1
| #define _ALL_SOURCE 1
| #define _GNU_SOURCE 1
| #define _POSIX_PTHREAD_SEMANTICS 1
| #define _TANDEM_SOURCE 1
| #define HAVE_DLFCN_H 1
| #define LT_OBJDIR ".libs/"
| #define _REENTRANT 1
| #define FUSE_INTERNAL 1
| #define STDC_HEADERS 1
| #define HAVE_CTYPE_H 1
| #define HAVE_FCNTL_H 1
| #define HAVE_LIBGEN_H 1
| #define HAVE_LIBINTL_H 1
| #define HAVE_LIMITS_H 1
| #define HAVE_LOCALE_H 1
| #define HAVE_MNTENT_H 1
| #define HAVE_STDDEF_H 1
| #define HAVE_STDINT_H 1
| #define HAVE_STDLIB_H 1
| #define HAVE_STDIO_H 1
| #define HAVE_STDARG_H 1
| #define HAVE_STRING_H 1
| #define HAVE_STRINGS_H 1
| #define HAVE_ERRNO_H 1
| #define HAVE_TIME_H 1
| #define HAVE_UNISTD_H 1
| #define HAVE_UTIME_H 1
| #define HAVE_WCHAR_H 1
| #define HAVE_GETOPT_H 1
| #define HAVE_FEATURES_H 1
| #define HAVE_REGEX_H 1
| #define HAVE_ENDIAN_H 1
| #define HAVE_BYTESWAP_H 1
| #define HAVE_SYS_PARAM_H 1
| #define HAVE_SYS_IOCTL_H 1
| #define HAVE_SYS_MOUNT_H 1
| #define HAVE_SYS_STAT_H 1
| #define HAVE_SYS_TYPES_H 1
| #define HAVE_SYS_VFS_H 1
| #define HAVE_SYS_STATVFS_H 1
| #define HAVE_SYS_SYSMACROS_H 1
| #define HAVE_LINUX_MAJOR_H 1
| #define HAVE_LINUX_FD_H 1
| #define HAVE_LINUX_FS_H 1
| #define HAVE_INTTYPES_H 1
| #define HAVE_LINUX_HDREG_H 1
| /* end confdefs.h.  */
| #include <stdio.h>
| #ifdef HAVE_SYS_TYPES_H
| # include <sys/types.h>
| #endif
| #ifdef HAVE_SYS_STAT_H
| # include <sys/stat.h>
| #endif
| #ifdef STDC_HEADERS
| # include <stdlib.h>
| # include <stddef.h>
| #else
| # ifdef HAVE_STDLIB_H
| #  include <stdlib.h>
| # endif
| #endif
| #ifdef HAVE_STRING_H
| # if !defined STDC_HEADERS && defined HAVE_MEMORY_H
| #  include <memory.h>
| # endif
| # include <string.h>
| #endif
| #ifdef HAVE_STRINGS_H
| # include <strings.h>
| #endif
| #ifdef HAVE_INTTYPES_H
| # include <inttypes.h>
| #endif
| #ifdef HAVE_STDINT_H
| # include <stdint.h>
| #endif
| #ifdef HAVE_UNISTD_H
| # include <unistd.h>
| #endif
| #include <machine/endian.h>
configure:13778: result: no
configure:13778: checking machine/endian.h presence
configure:13778: /opt/lede-toolchain-ramips-mt7621_gcc-5.4.0_musl-1.1.24.Linux-x86_64/toolchain-mipsel_24kc_gcc-5.4.0_musl-1.1.24/bin/mipsel-openwrt-linux-musl-gcc -E  conftest.c
conftest.c:68:28: fatal error: machine/endian.h: No such file or directory
compilation terminated.
configure:13778: $? = 1
configure: failed program was:
| /* confdefs.h */
| #define PACKAGE_NAME "ntfs-3g"
| #define PACKAGE_TARNAME "ntfs-3g"
| #define PACKAGE_VERSION "2016.2.22"
| #define PACKAGE_STRING "ntfs-3g 2016.2.22"
| #define PACKAGE_BUGREPORT "ntfs-3g-devel@lists.sf.net"
| #define PACKAGE_URL ""
| #define PACKAGE "ntfs-3g"
| #define VERSION "2016.2.22"
| #define STDC_HEADERS 1
| #define HAVE_SYS_TYPES_H 1
| #define HAVE_SYS_STAT_H 1
| #define HAVE_STDLIB_H 1
| #define HAVE_STRING_H 1
| #define HAVE_MEMORY_H 1
| #define HAVE_STRINGS_H 1
| #define HAVE_INTTYPES_H 1
| #define HAVE_STDINT_H 1
| #define HAVE_UNISTD_H 1
| #define __EXTENSIONS__ 1
| #define _ALL_SOURCE 1
| #define _GNU_SOURCE 1
| #define _POSIX_PTHREAD_SEMANTICS 1
| #define _TANDEM_SOURCE 1
| #define HAVE_DLFCN_H 1
| #define LT_OBJDIR ".libs/"
| #define _REENTRANT 1
| #define FUSE_INTERNAL 1
| #define STDC_HEADERS 1
| #define HAVE_CTYPE_H 1
| #define HAVE_FCNTL_H 1
| #define HAVE_LIBGEN_H 1
| #define HAVE_LIBINTL_H 1
| #define HAVE_LIMITS_H 1
| #define HAVE_LOCALE_H 1
| #define HAVE_MNTENT_H 1
| #define HAVE_STDDEF_H 1
| #define HAVE_STDINT_H 1
| #define HAVE_STDLIB_H 1
| #define HAVE_STDIO_H 1
| #define HAVE_STDARG_H 1
| #define HAVE_STRING_H 1
| #define HAVE_STRINGS_H 1
| #define HAVE_ERRNO_H 1
| #define HAVE_TIME_H 1
| #define HAVE_UNISTD_H 1
| #define HAVE_UTIME_H 1
| #define HAVE_WCHAR_H 1
| #define HAVE_GETOPT_H 1
| #define HAVE_FEATURES_H 1
| #define HAVE_REGEX_H 1
| #define HAVE_ENDIAN_H 1
| #define HAVE_BYTESWAP_H 1
| #define HAVE_SYS_PARAM_H 1
| #define HAVE_SYS_IOCTL_H 1
| #define HAVE_SYS_MOUNT_H 1
| #define HAVE_SYS_STAT_H 1
| #define HAVE_SYS_TYPES_H 1
| #define HAVE_SYS_VFS_H 1
| #define HAVE_SYS_STATVFS_H 1
| #define HAVE_SYS_SYSMACROS_H 1
| #define HAVE_LINUX_MAJOR_H 1
| #define HAVE_LINUX_FD_H 1
| #define HAVE_LINUX_FS_H 1
| #define HAVE_INTTYPES_H 1
| #define HAVE_LINUX_HDREG_H 1
| /* end confdefs.h.  */
| #include <machine/endian.h>
configure:13778: result: no
configure:13778: checking for machine/endian.h
configure:13778: result: no
configure:13778: checking windows.h usability
configure:13778: /opt/lede-toolchain-ramips-mt7621_gcc-5.4.0_musl-1.1.24.Linux-x86_64/toolchain-mipsel_24kc_gcc-5.4.0_musl-1.1.24/bin/mipsel-openwrt-linux-musl-gcc -c -Os -Wall -DLINUX26 -DCONFIG_RALINK -DMUSL_LIBC -DDEBUG_NOISY -DDEBUG_RCTEST -D_GNU_SOURCE -D__UAPI_DEF_ETHHDR -DRALINK_DBDC_MODE -pipe -funit-at-a-time -Wno-pointer-sign -mtune=mips32 -mips32 -DLINUX_KERNEL_VERSION=263366 --sysroot=/opt/lede-toolchain-ramips-mt7621_gcc-5.4.0_musl-1.1.24.Linux-x86_64/toolchain-mipsel_24kc_gcc-5.4.0_musl-1.1.24  -ffunction-sections -fdata-sections  conftest.c >&5
conftest.c:101:21: fatal error: windows.h: No such file or directory
compilation terminated.
configure:13778: $? = 1
configure: failed program was:
| /* confdefs.h */
| #define PACKAGE_NAME "ntfs-3g"
| #define PACKAGE_TARNAME "ntfs-3g"
| #define PACKAGE_VERSION "2016.2.22"
| #define PACKAGE_STRING "ntfs-3g 2016.2.22"
| #define PACKAGE_BUGREPORT "ntfs-3g-devel@lists.sf.net"
| #define PACKAGE_URL ""
| #define PACKAGE "ntfs-3g"
| #define VERSION "2016.2.22"
| #define STDC_HEADERS 1
| #define HAVE_SYS_TYPES_H 1
| #define HAVE_SYS_STAT_H 1
| #define HAVE_STDLIB_H 1
| #define HAVE_STRING_H 1
| #define HAVE_MEMORY_H 1
| #define HAVE_STRINGS_H 1
| #define HAVE_INTTYPES_H 1
| #define HAVE_STDINT_H 1
| #define HAVE_UNISTD_H 1
| #define __EXTENSIONS__ 1
| #define _ALL_SOURCE 1
| #define _GNU_SOURCE 1
| #define _POSIX_PTHREAD_SEMANTICS 1
| #define _TANDEM_SOURCE 1
| #define HAVE_DLFCN_H 1
| #define LT_OBJDIR ".libs/"
| #define _REENTRANT 1
| #define FUSE_INTERNAL 1
| #define STDC_HEADERS 1
| #define HAVE_CTYPE_H 1
| #define HAVE_FCNTL_H 1
| #define HAVE_LIBGEN_H 1
| #define HAVE_LIBINTL_H 1
| #define HAVE_LIMITS_H 1
| #define HAVE_LOCALE_H 1
| #define HAVE_MNTENT_H 1
| #define HAVE_STDDEF_H 1
| #define HAVE_STDINT_H 1
| #define HAVE_STDLIB_H 1
| #define HAVE_STDIO_H 1
| #define HAVE_STDARG_H 1
| #define HAVE_STRING_H 1
| #define HAVE_STRINGS_H 1
| #define HAVE_ERRNO_H 1
| #define HAVE_TIME_H 1
| #define HAVE_UNISTD_H 1
| #define HAVE_UTIME_H 1
| #define HAVE_WCHAR_H 1
| #define HAVE_GETOPT_H 1
| #define HAVE_FEATURES_H 1
| #define HAVE_REGEX_H 1
| #define HAVE_ENDIAN_H 1
| #define HAVE_BYTESWAP_H 1
| #define HAVE_SYS_PARAM_H 1
| #define HAVE_SYS_IOCTL_H 1
| #define HAVE_SYS_MOUNT_H 1
| #define HAVE_SYS_STAT_H 1
| #define HAVE_SYS_TYPES_H 1
| #define HAVE_SYS_VFS_H 1
| #define HAVE_SYS_STATVFS_H 1
| #define HAVE_SYS_SYSMACROS_H 1
| #define HAVE_LINUX_MAJOR_H 1
| #define HAVE_LINUX_FD_H 1
| #define HAVE_LINUX_FS_H 1
| #define HAVE_INTTYPES_H 1
| #define HAVE_LINUX_HDREG_H 1
| /* end confdefs.h.  */
| #include <stdio.h>
| #ifdef HAVE_SYS_TYPES_H
| # include <sys/types.h>
| #endif
| #ifdef HAVE_SYS_STAT_H
| # include <sys/stat.h>
| #endif
| #ifdef STDC_HEADERS
| # include <stdlib.h>
| # include <stddef.h>
| #else
| # ifdef HAVE_STDLIB_H
| #  include <stdlib.h>
| # endif
| #endif
| #ifdef HAVE_STRING_H
| # if !defined STDC_HEADERS && defined HAVE_MEMORY_H
| #  include <memory.h>
| # endif
| # include <string.h>
| #endif
| #ifdef HAVE_STRINGS_H
| # include <strings.h>
| #endif
| #ifdef HAVE_INTTYPES_H
| # include <inttypes.h>
| #endif
| #ifdef HAVE_STDINT_H
| # include <stdint.h>
| #endif
| #ifdef HAVE_UNISTD_H
| # include <unistd.h>
| #endif
| #include <windows.h>
configure:13778: result: no
configure:13778: checking windows.h presence
configure:13778: /opt/lede-toolchain-ramips-mt7621_gcc-5.4.0_musl-1.1.24.Linux-x86_64/toolchain-mipsel_24kc_gcc-5.4.0_musl-1.1.24/bin/mipsel-openwrt-linux-musl-gcc -E  conftest.c
conftest.c:68:21: fatal error: windows.h: No such file or directory
compilation terminated.
configure:13778: $? = 1
configure: failed program was:
| /* confdefs.h */
| #define PACKAGE_NAME "ntfs-3g"
| #define PACKAGE_TARNAME "ntfs-3g"
| #define PACKAGE_VERSION "2016.2.22"
| #define PACKAGE_STRING "ntfs-3g 2016.2.22"
| #define PACKAGE_BUGREPORT "ntfs-3g-devel@lists.sf.net"
| #define PACKAGE_URL ""
| #define PACKAGE "ntfs-3g"
| #define VERSION "2016.2.22"
| #define STDC_HEADERS 1
| #define HAVE_SYS_TYPES_H 1
| #define HAVE_SYS_STAT_H 1
| #define HAVE_STDLIB_H 1
| #define HAVE_STRING_H 1
| #define HAVE_MEMORY_H 1
| #define HAVE_STRINGS_H 1
| #define HAVE_INTTYPES_H 1
| #define HAVE_STDINT_H 1
| #define HAVE_UNISTD_H 1
| #define __EXTENSIONS__ 1
| #define _ALL_SOURCE 1
| #define _GNU_SOURCE 1
| #define _POSIX_PTHREAD_SEMANTICS 1
| #define _TANDEM_SOURCE 1
| #define HAVE_DLFCN_H 1
| #define LT_OBJDIR ".libs/"
| #define _REENTRANT 1
| #define FUSE_INTERNAL 1
| #define STDC_HEADERS 1
| #define HAVE_CTYPE_H 1
| #define HAVE_FCNTL_H 1
| #define HAVE_LIBGEN_H 1
| #define HAVE_LIBINTL_H 1
| #define HAVE_LIMITS_H 1
| #define HAVE_LOCALE_H 1
| #define HAVE_MNTENT_H 1
| #define HAVE_STDDEF_H 1
| #define HAVE_STDINT_H 1
| #define HAVE_STDLIB_H 1
| #define HAVE_STDIO_H 1
| #define HAVE_STDARG_H 1
| #define HAVE_STRING_H 1
| #define HAVE_STRINGS_H 1
| #define HAVE_ERRNO_H 1
| #define HAVE_TIME_H 1
| #define HAVE_UNISTD_H 1
| #define HAVE_UTIME_H 1
| #define HAVE_WCHAR_H 1
| #define HAVE_GETOPT_H 1
| #define HAVE_FEATURES_H 1
| #define HAVE_REGEX_H 1
| #define HAVE_ENDIAN_H 1
| #define HAVE_BYTESWAP_H 1
| #define HAVE_SYS_PARAM_H 1
| #define HAVE_SYS_IOCTL_H 1
| #define HAVE_SYS_MOUNT_H 1
| #define HAVE_SYS_STAT_H 1
| #define HAVE_SYS_TYPES_H 1
| #define HAVE_SYS_VFS_H 1
| #define HAVE_SYS_STATVFS_H 1
| #define HAVE_SYS_SYSMACROS_H 1
| #define HAVE_LINUX_MAJOR_H 1
| #define HAVE_LINUX_FD_H 1
| #define HAVE_LINUX_FS_H 1
| #define HAVE_INTTYPES_H 1
| #define HAVE_LINUX_HDREG_H 1
| /* end confdefs.h.  */
| #include <windows.h>
configure:13778: result: no
configure:13778: checking for windows.h
configure:13778: result: no
configure:13778: checking syslog.h usability
configure:13778: /opt/lede-toolchain-ramips-mt7621_gcc-5.4.0_musl-1.1.24.Linux-x86_64/toolchain-mipsel_24kc_gcc-5.4.0_musl-1.1.24/bin/mipsel-openwrt-linux-musl-gcc -c -Os -Wall -DLINUX26 -DCONFIG_RALINK -DMUSL_LIBC -DDEBUG_NOISY -DDEBUG_RCTEST -D_GNU_SOURCE -D__UAPI_DEF_ETHHDR -DRALINK_DBDC_MODE -pipe -funit-at-a-time -Wno-pointer-sign -mtune=mips32 -mips32 -DLINUX_KERNEL_VERSION=263366 --sysroot=/opt/lede-toolchain-ramips-mt7621_gcc-5.4.0_musl-1.1.24.Linux-x86_64/toolchain-mipsel_24kc_gcc-5.4.0_musl-1.1.24  -ffunction-sections -fdata-sections  conftest.c >&5
configure:13778: $? = 0
configure:13778: result: yes
configure:13778: checking syslog.h presence
configure:13778: /opt/lede-toolchain-ramips-mt7621_gcc-5.4.0_musl-1.1.24.Linux-x86_64/toolchain-mipsel_24kc_gcc-5.4.0_musl-1.1.24/bin/mipsel-openwrt-linux-musl-gcc -E  conftest.c
configure:13778: $? = 0
configure:13778: result: yes
configure:13778: checking for syslog.h
configure:13778: result: yes
configure:13778: checking pwd.h usability
configure:13778: /opt/lede-toolchain-ramips-mt7621_gcc-5.4.0_musl-1.1.24.Linux-x86_64/toolchain-mipsel_24kc_gcc-5.4.0_musl-1.1.24/bin/mipsel-openwrt-linux-musl-gcc -c -Os -Wall -DLINUX26 -DCONFIG_RALINK -DMUSL_LIBC -DDEBUG_NOISY -DDEBUG_RCTEST -D_GNU_SOURCE -D__UAPI_DEF_ETHHDR -DRALINK_DBDC_MODE -pipe -funit-at-a-time -Wno-pointer-sign -mtune=mips32 -mips32 -DLINUX_KERNEL_VERSION=263366 --sysroot=/opt/lede-toolchain-ramips-mt7621_gcc-5.4.0_musl-1.1.24.Linux-x86_64/toolchain-mipsel_24kc_gcc-5.4.0_musl-1.1.24  -ffunction-sections -fdata-sections  conftest.c >&5
configure:13778: $? = 0
configure:13778: result: yes
configure:13778: checking pwd.h presence
configure:13778: /opt/lede-toolchain-ramips-mt7621_gcc-5.4.0_musl-1.1.24.Linux-x86_64/toolchain-mipsel_24kc_gcc-5.4.0_musl-1.1.24/bin/mipsel-openwrt-linux-musl-gcc -E  conftest.c
configure:13778: $? = 0
configure:13778: result: yes
configure:13778: checking for pwd.h
configure:13778: result: yes
configure:13778: checking malloc.h usability
configure:13778: /opt/lede-toolchain-ramips-mt7621_gcc-5.4.0_musl-1.1.24.Linux-x86_64/toolchain-mipsel_24kc_gcc-5.4.0_musl-1.1.24/bin/mipsel-openwrt-linux-musl-gcc -c -Os -Wall -DLINUX26 -DCONFIG_RALINK -DMUSL_LIBC -DDEBUG_NOISY -DDEBUG_RCTEST -D_GNU_SOURCE -D__UAPI_DEF_ETHHDR -DRALINK_DBDC_MODE -pipe -funit-at-a-time -Wno-pointer-sign -mtune=mips32 -mips32 -DLINUX_KERNEL_VERSION=263366 --sysroot=/opt/lede-toolchain-ramips-mt7621_gcc-5.4.0_musl-1.1.24.Linux-x86_64/toolchain-mipsel_24kc_gcc-5.4.0_musl-1.1.24  -ffunction-sections -fdata-sections  conftest.c >&5
configure:13778: $? = 0
configure:13778: result: yes
configure:13778: checking malloc.h presence
configure:13778: /opt/lede-toolchain-ramips-mt7621_gcc-5.4.0_musl-1.1.24.Linux-x86_64/toolchain-mipsel_24kc_gcc-5.4.0_musl-1.1.24/bin/mipsel-openwrt-linux-musl-gcc -E  conftest.c
configure:13778: $? = 0
configure:13778: result: yes
configure:13778: checking for malloc.h
configure:13778: result: yes
configure:13790: checking for stdbool.h that conforms to C99
configure:13857: /opt/lede-toolchain-ramips-mt7621_gcc-5.4.0_musl-1.1.24.Linux-x86_64/toolchain-mipsel_24kc_gcc-5.4.0_musl-1.1.24/bin/mipsel-openwrt-linux-musl-gcc -c -Os -Wall -DLINUX26 -DCONFIG_RALINK -DMUSL_LIBC -DDEBUG_NOISY -DDEBUG_RCTEST -D_GNU_SOURCE -D__UAPI_DEF_ETHHDR -DRALINK_DBDC_MODE -pipe -funit-at-a-time -Wno-pointer-sign -mtune=mips32 -mips32 -DLINUX_KERNEL_VERSION=263366 --sysroot=/opt/lede-toolchain-ramips-mt7621_gcc-5.4.0_musl-1.1.24.Linux-x86_64/toolchain-mipsel_24kc_gcc-5.4.0_musl-1.1.24  -ffunction-sections -fdata-sections  conftest.c >&5
conftest.c: In function 'main':
conftest.c:120:14: warning: the address of 's' will always evaluate as 'true' [-Waddress]
              bool e = &s;
              ^
conftest.c:124:22: warning: the address of 'a' will always evaluate as 'true' [-Waddress]
              return (!a + !b + !c + !d + !e + !f + !g + !h + !i + !!j + !k + !!l
                      ^
conftest.c:124:27: warning: the address of 'b' will always evaluate as 'true' [-Waddress]
              return (!a + !b + !c + !d + !e + !f + !g + !h + !i + !!j + !k + !!l
                           ^
conftest.c:124:32: warning: the address of 'c' will always evaluate as 'true' [-Waddress]
              return (!a + !b + !c + !d + !e + !f + !g + !h + !i + !!j + !k + !!l
                                ^
conftest.c:124:37: warning: the address of 'd' will always evaluate as 'true' [-Waddress]
              return (!a + !b + !c + !d + !e + !f + !g + !h + !i + !!j + !k + !!l
                                     ^
conftest.c:124:47: warning: the address of 'f' will always evaluate as 'true' [-Waddress]
              return (!a + !b + !c + !d + !e + !f + !g + !h + !i + !!j + !k + !!l
                                               ^
conftest.c:124:52: warning: the address of 'g' will always evaluate as 'true' [-Waddress]
              return (!a + !b + !c + !d + !e + !f + !g + !h + !i + !!j + !k + !!l
                                                    ^
conftest.c:124:57: warning: the address of 'h' will always evaluate as 'true' [-Waddress]
              return (!a + !b + !c + !d + !e + !f + !g + !h + !i + !!j + !k + !!l
                                                         ^
conftest.c:124:62: warning: the address of 'i' will always evaluate as 'true' [-Waddress]
              return (!a + !b + !c + !d + !e + !f + !g + !h + !i + !!j + !k + !!l
                                                              ^
conftest.c:125:29: warning: the address of 'n' will always evaluate as 'true' [-Waddress]
                             ^
conftest.c:125:34: warning: the address of 'o' will always evaluate as 'true' [-Waddress]
                                  ^
conftest.c:125:39: warning: the address of 'p' will always evaluate as 'true' [-Waddress]
                                       ^
configure:13857: $? = 0
configure:13864: result: yes
configure:13866: checking for _Bool
configure:13866: /opt/lede-toolchain-ramips-mt7621_gcc-5.4.0_musl-1.1.24.Linux-x86_64/toolchain-mipsel_24kc_gcc-5.4.0_musl-1.1.24/bin/mipsel-openwrt-linux-musl-gcc -c -Os -Wall -DLINUX26 -DCONFIG_RALINK -DMUSL_LIBC -DDEBUG_NOISY -DDEBUG_RCTEST -D_GNU_SOURCE -D__UAPI_DEF_ETHHDR -DRALINK_DBDC_MODE -pipe -funit-at-a-time -Wno-pointer-sign -mtune=mips32 -mips32 -DLINUX_KERNEL_VERSION=263366 --sysroot=/opt/lede-toolchain-ramips-mt7621_gcc-5.4.0_musl-1.1.24.Linux-x86_64/toolchain-mipsel_24kc_gcc-5.4.0_musl-1.1.24  -ffunction-sections -fdata-sections  conftest.c >&5
configure:13866: $? = 0
configure:13866: /opt/lede-toolchain-ramips-mt7621_gcc-5.4.0_musl-1.1.24.Linux-x86_64/toolchain-mipsel_24kc_gcc-5.4.0_musl-1.1.24/bin/mipsel-openwrt-linux-musl-gcc -c -Os -Wall -DLINUX26 -DCONFIG_RALINK -DMUSL_LIBC -DDEBUG_NOISY -DDEBUG_RCTEST -D_GNU_SOURCE -D__UAPI_DEF_ETHHDR -DRALINK_DBDC_MODE -pipe -funit-at-a-time -Wno-pointer-sign -mtune=mips32 -mips32 -DLINUX_KERNEL_VERSION=263366 --sysroot=/opt/lede-toolchain-ramips-mt7621_gcc-5.4.0_musl-1.1.24.Linux-x86_64/toolchain-mipsel_24kc_gcc-5.4.0_musl-1.1.24  -ffunction-sections -fdata-sections  conftest.c >&5
conftest.c: In function 'main':
conftest.c:107:20: error: expected expression before ')' token
 if (sizeof ((_Bool)))
                    ^
configure:13866: $? = 1
configure: failed program was:
| /* confdefs.h */
| #define PACKAGE_NAME "ntfs-3g"
| #define PACKAGE_TARNAME "ntfs-3g"
| #define PACKAGE_VERSION "2016.2.22"
| #define PACKAGE_STRING "ntfs-3g 2016.2.22"
| #define PACKAGE_BUGREPORT "ntfs-3g-devel@lists.sf.net"
| #define PACKAGE_URL ""
| #define PACKAGE "ntfs-3g"
| #define VERSION "2016.2.22"
| #define STDC_HEADERS 1
| #define HAVE_SYS_TYPES_H 1
| #define HAVE_SYS_STAT_H 1
| #define HAVE_STDLIB_H 1
| #define HAVE_STRING_H 1
| #define HAVE_MEMORY_H 1
| #define HAVE_STRINGS_H 1
| #define HAVE_INTTYPES_H 1
| #define HAVE_STDINT_H 1
| #define HAVE_UNISTD_H 1
| #define __EXTENSIONS__ 1
| #define _ALL_SOURCE 1
| #define _GNU_SOURCE 1
| #define _POSIX_PTHREAD_SEMANTICS 1
| #define _TANDEM_SOURCE 1
| #define HAVE_DLFCN_H 1
| #define LT_OBJDIR ".libs/"
| #define _REENTRANT 1
| #define FUSE_INTERNAL 1
| #define STDC_HEADERS 1
| #define HAVE_CTYPE_H 1
| #define HAVE_FCNTL_H 1
| #define HAVE_LIBGEN_H 1
| #define HAVE_LIBINTL_H 1
| #define HAVE_LIMITS_H 1
| #define HAVE_LOCALE_H 1
| #define HAVE_MNTENT_H 1
| #define HAVE_STDDEF_H 1
| #define HAVE_STDINT_H 1
| #define HAVE_STDLIB_H 1
| #define HAVE_STDIO_H 1
| #define HAVE_STDARG_H 1
| #define HAVE_STRING_H 1
| #define HAVE_STRINGS_H 1
| #define HAVE_ERRNO_H 1
| #define HAVE_TIME_H 1
| #define HAVE_UNISTD_H 1
| #define HAVE_UTIME_H 1
| #define HAVE_WCHAR_H 1
| #define HAVE_GETOPT_H 1
| #define HAVE_FEATURES_H 1
| #define HAVE_REGEX_H 1
| #define HAVE_ENDIAN_H 1
| #define HAVE_BYTESWAP_H 1
| #define HAVE_SYS_PARAM_H 1
| #define HAVE_SYS_IOCTL_H 1
| #define HAVE_SYS_MOUNT_H 1
| #define HAVE_SYS_STAT_H 1
| #define HAVE_SYS_TYPES_H 1
| #define HAVE_SYS_VFS_H 1
| #define HAVE_SYS_STATVFS_H 1
| #define HAVE_SYS_SYSMACROS_H 1
| #define HAVE_LINUX_MAJOR_H 1
| #define HAVE_LINUX_FD_H 1
| #define HAVE_LINUX_FS_H 1
| #define HAVE_INTTYPES_H 1
| #define HAVE_LINUX_HDREG_H 1
| #define HAVE_SYSLOG_H 1
| #define HAVE_PWD_H 1
| #define HAVE_MALLOC_H 1
| /* end confdefs.h.  */
| #include <stdio.h>
| #ifdef HAVE_SYS_TYPES_H
| # include <sys/types.h>
| #endif
| #ifdef HAVE_SYS_STAT_H
| # include <sys/stat.h>
| #endif
| #ifdef STDC_HEADERS
| # include <stdlib.h>
| # include <stddef.h>
| #else
| # ifdef HAVE_STDLIB_H
| #  include <stdlib.h>
| # endif
| #endif
| #ifdef HAVE_STRING_H
| # if !defined STDC_HEADERS && defined HAVE_MEMORY_H
| #  include <memory.h>
| # endif
| # include <string.h>
| #endif
| #ifdef HAVE_STRINGS_H
| # include <strings.h>
| #endif
| #ifdef HAVE_INTTYPES_H
| # include <inttypes.h>
| #endif
| #ifdef HAVE_STDINT_H
| # include <stdint.h>
| #endif
| #ifdef HAVE_UNISTD_H
| # include <unistd.h>
| #endif
| int
| main ()
| {
| if (sizeof ((_Bool)))
| 	    return 0;
|   ;
|   return 0;
| }
configure:13866: result: yes
configure:13883: checking whether byte ordering is bigendian
configure:13898: /opt/lede-toolchain-ramips-mt7621_gcc-5.4.0_musl-1.1.24.Linux-x86_64/toolchain-mipsel_24kc_gcc-5.4.0_musl-1.1.24/bin/mipsel-openwrt-linux-musl-gcc -c -Os -Wall -DLINUX26 -DCONFIG_RALINK -DMUSL_LIBC -DDEBUG_NOISY -DDEBUG_RCTEST -D_GNU_SOURCE -D__UAPI_DEF_ETHHDR -DRALINK_DBDC_MODE -pipe -funit-at-a-time -Wno-pointer-sign -mtune=mips32 -mips32 -DLINUX_KERNEL_VERSION=263366 --sysroot=/opt/lede-toolchain-ramips-mt7621_gcc-5.4.0_musl-1.1.24.Linux-x86_64/toolchain-mipsel_24kc_gcc-5.4.0_musl-1.1.24  -ffunction-sections -fdata-sections  conftest.c >&5
conftest.c:74:9: error: unknown type name 'not'
         not a universal capable compiler
         ^
conftest.c:74:15: error: expected '=', ',', ';', 'asm' or '__attribute__' before 'universal'
         not a universal capable compiler
               ^
conftest.c:74:15: error: unknown type name 'universal'
configure:13898: $? = 1
configure: failed program was:
| /* confdefs.h */
| #define PACKAGE_NAME "ntfs-3g"
| #define PACKAGE_TARNAME "ntfs-3g"
| #define PACKAGE_VERSION "2016.2.22"
| #define PACKAGE_STRING "ntfs-3g 2016.2.22"
| #define PACKAGE_BUGREPORT "ntfs-3g-devel@lists.sf.net"
| #define PACKAGE_URL ""
| #define PACKAGE "ntfs-3g"
| #define VERSION "2016.2.22"
| #define STDC_HEADERS 1
| #define HAVE_SYS_TYPES_H 1
| #define HAVE_SYS_STAT_H 1
| #define HAVE_STDLIB_H 1
| #define HAVE_STRING_H 1
| #define HAVE_MEMORY_H 1
| #define HAVE_STRINGS_H 1
| #define HAVE_INTTYPES_H 1
| #define HAVE_STDINT_H 1
| #define HAVE_UNISTD_H 1
| #define __EXTENSIONS__ 1
| #define _ALL_SOURCE 1
| #define _GNU_SOURCE 1
| #define _POSIX_PTHREAD_SEMANTICS 1
| #define _TANDEM_SOURCE 1
| #define HAVE_DLFCN_H 1
| #define LT_OBJDIR ".libs/"
| #define _REENTRANT 1
| #define FUSE_INTERNAL 1
| #define STDC_HEADERS 1
| #define HAVE_CTYPE_H 1
| #define HAVE_FCNTL_H 1
| #define HAVE_LIBGEN_H 1
| #define HAVE_LIBINTL_H 1
| #define HAVE_LIMITS_H 1
| #define HAVE_LOCALE_H 1
| #define HAVE_MNTENT_H 1
| #define HAVE_STDDEF_H 1
| #define HAVE_STDINT_H 1
| #define HAVE_STDLIB_H 1
| #define HAVE_STDIO_H 1
| #define HAVE_STDARG_H 1
| #define HAVE_STRING_H 1
| #define HAVE_STRINGS_H 1
| #define HAVE_ERRNO_H 1
| #define HAVE_TIME_H 1
| #define HAVE_UNISTD_H 1
| #define HAVE_UTIME_H 1
| #define HAVE_WCHAR_H 1
| #define HAVE_GETOPT_H 1
| #define HAVE_FEATURES_H 1
| #define HAVE_REGEX_H 1
| #define HAVE_ENDIAN_H 1
| #define HAVE_BYTESWAP_H 1
| #define HAVE_SYS_PARAM_H 1
| #define HAVE_SYS_IOCTL_H 1
| #define HAVE_SYS_MOUNT_H 1
| #define HAVE_SYS_STAT_H 1
| #define HAVE_SYS_TYPES_H 1
| #define HAVE_SYS_VFS_H 1
| #define HAVE_SYS_STATVFS_H 1
| #define HAVE_SYS_SYSMACROS_H 1
| #define HAVE_LINUX_MAJOR_H 1
| #define HAVE_LINUX_FD_H 1
| #define HAVE_LINUX_FS_H 1
| #define HAVE_INTTYPES_H 1
| #define HAVE_LINUX_HDREG_H 1
| #define HAVE_SYSLOG_H 1
| #define HAVE_PWD_H 1
| #define HAVE_MALLOC_H 1
| #define HAVE__BOOL 1
| #define HAVE_STDBOOL_H 1
| /* end confdefs.h.  */
| #ifndef __APPLE_CC__
| 	       not a universal capable compiler
| 	     #endif
| 	     typedef int dummy;
| 
configure:13943: /opt/lede-toolchain-ramips-mt7621_gcc-5.4.0_musl-1.1.24.Linux-x86_64/toolchain-mipsel_24kc_gcc-5.4.0_musl-1.1.24/bin/mipsel-openwrt-linux-musl-gcc -c -Os -Wall -DLINUX26 -DCONFIG_RALINK -DMUSL_LIBC -DDEBUG_NOISY -DDEBUG_RCTEST -D_GNU_SOURCE -D__UAPI_DEF_ETHHDR -DRALINK_DBDC_MODE -pipe -funit-at-a-time -Wno-pointer-sign -mtune=mips32 -mips32 -DLINUX_KERNEL_VERSION=263366 --sysroot=/opt/lede-toolchain-ramips-mt7621_gcc-5.4.0_musl-1.1.24.Linux-x86_64/toolchain-mipsel_24kc_gcc-5.4.0_musl-1.1.24  -ffunction-sections -fdata-sections  conftest.c >&5
configure:13943: $? = 0
configure:13961: /opt/lede-toolchain-ramips-mt7621_gcc-5.4.0_musl-1.1.24.Linux-x86_64/toolchain-mipsel_24kc_gcc-5.4.0_musl-1.1.24/bin/mipsel-openwrt-linux-musl-gcc -c -Os -Wall -DLINUX26 -DCONFIG_RALINK -DMUSL_LIBC -DDEBUG_NOISY -DDEBUG_RCTEST -D_GNU_SOURCE -D__UAPI_DEF_ETHHDR -DRALINK_DBDC_MODE -pipe -funit-at-a-time -Wno-pointer-sign -mtune=mips32 -mips32 -DLINUX_KERNEL_VERSION=263366 --sysroot=/opt/lede-toolchain-ramips-mt7621_gcc-5.4.0_musl-1.1.24.Linux-x86_64/toolchain-mipsel_24kc_gcc-5.4.0_musl-1.1.24  -ffunction-sections -fdata-sections  conftest.c >&5
conftest.c: In function 'main':
conftest.c:80:4: error: unknown type name 'not'
    not big endian
    ^
conftest.c:80:12: error: expected '=', ',', ';', 'asm' or '__attribute__' before 'endian'
    not big endian
            ^
configure:13961: $? = 1
configure: failed program was:
| /* confdefs.h */
| #define PACKAGE_NAME "ntfs-3g"
| #define PACKAGE_TARNAME "ntfs-3g"
| #define PACKAGE_VERSION "2016.2.22"
| #define PACKAGE_STRING "ntfs-3g 2016.2.22"
| #define PACKAGE_BUGREPORT "ntfs-3g-devel@lists.sf.net"
| #define PACKAGE_URL ""
| #define PACKAGE "ntfs-3g"
| #define VERSION "2016.2.22"
| #define STDC_HEADERS 1
| #define HAVE_SYS_TYPES_H 1
| #define HAVE_SYS_STAT_H 1
| #define HAVE_STDLIB_H 1
| #define HAVE_STRING_H 1
| #define HAVE_MEMORY_H 1
| #define HAVE_STRINGS_H 1
| #define HAVE_INTTYPES_H 1
| #define HAVE_STDINT_H 1
| #define HAVE_UNISTD_H 1
| #define __EXTENSIONS__ 1
| #define _ALL_SOURCE 1
| #define _GNU_SOURCE 1
| #define _POSIX_PTHREAD_SEMANTICS 1
| #define _TANDEM_SOURCE 1
| #define HAVE_DLFCN_H 1
| #define LT_OBJDIR ".libs/"
| #define _REENTRANT 1
| #define FUSE_INTERNAL 1
| #define STDC_HEADERS 1
| #define HAVE_CTYPE_H 1
| #define HAVE_FCNTL_H 1
| #define HAVE_LIBGEN_H 1
| #define HAVE_LIBINTL_H 1
| #define HAVE_LIMITS_H 1
| #define HAVE_LOCALE_H 1
| #define HAVE_MNTENT_H 1
| #define HAVE_STDDEF_H 1
| #define HAVE_STDINT_H 1
| #define HAVE_STDLIB_H 1
| #define HAVE_STDIO_H 1
| #define HAVE_STDARG_H 1
| #define HAVE_STRING_H 1
| #define HAVE_STRINGS_H 1
| #define HAVE_ERRNO_H 1
| #define HAVE_TIME_H 1
| #define HAVE_UNISTD_H 1
| #define HAVE_UTIME_H 1
| #define HAVE_WCHAR_H 1
| #define HAVE_GETOPT_H 1
| #define HAVE_FEATURES_H 1
| #define HAVE_REGEX_H 1
| #define HAVE_ENDIAN_H 1
| #define HAVE_BYTESWAP_H 1
| #define HAVE_SYS_PARAM_H 1
| #define HAVE_SYS_IOCTL_H 1
| #define HAVE_SYS_MOUNT_H 1
| #define HAVE_SYS_STAT_H 1
| #define HAVE_SYS_TYPES_H 1
| #define HAVE_SYS_VFS_H 1
| #define HAVE_SYS_STATVFS_H 1
| #define HAVE_SYS_SYSMACROS_H 1
| #define HAVE_LINUX_MAJOR_H 1
| #define HAVE_LINUX_FD_H 1
| #define HAVE_LINUX_FS_H 1
| #define HAVE_INTTYPES_H 1
| #define HAVE_LINUX_HDREG_H 1
| #define HAVE_SYSLOG_H 1
| #define HAVE_PWD_H 1
| #define HAVE_MALLOC_H 1
| #define HAVE__BOOL 1
| #define HAVE_STDBOOL_H 1
| /* end confdefs.h.  */
| #include <sys/types.h>
| 		#include <sys/param.h>
| 
| int
| main ()
| {
| #if BYTE_ORDER != BIG_ENDIAN
| 		 not big endian
| 		#endif
| 
|   ;
|   return 0;
| }
configure:14089: result: no
configure:14112: checking for an ANSI C-conforming const
configure:14178: /opt/lede-toolchain-ramips-mt7621_gcc-5.4.0_musl-1.1.24.Linux-x86_64/toolchain-mipsel_24kc_gcc-5.4.0_musl-1.1.24/bin/mipsel-openwrt-linux-musl-gcc -c -Os -Wall -DLINUX26 -DCONFIG_RALINK -DMUSL_LIBC -DDEBUG_NOISY -DDEBUG_RCTEST -D_GNU_SOURCE -D__UAPI_DEF_ETHHDR -DRALINK_DBDC_MODE -pipe -funit-at-a-time -Wno-pointer-sign -mtune=mips32 -mips32 -DLINUX_KERNEL_VERSION=263366 --sysroot=/opt/lede-toolchain-ramips-mt7621_gcc-5.4.0_musl-1.1.24.Linux-x86_64/toolchain-mipsel_24kc_gcc-5.4.0_musl-1.1.24  -ffunction-sections -fdata-sections  conftest.c >&5
configure:14178: $? = 0
configure:14185: result: yes
configure:14193: checking for inline
configure:14209: /opt/lede-toolchain-ramips-mt7621_gcc-5.4.0_musl-1.1.24.Linux-x86_64/toolchain-mipsel_24kc_gcc-5.4.0_musl-1.1.24/bin/mipsel-openwrt-linux-musl-gcc -c -Os -Wall -DLINUX26 -DCONFIG_RALINK -DMUSL_LIBC -DDEBUG_NOISY -DDEBUG_RCTEST -D_GNU_SOURCE -D__UAPI_DEF_ETHHDR -DRALINK_DBDC_MODE -pipe -funit-at-a-time -Wno-pointer-sign -mtune=mips32 -mips32 -DLINUX_KERNEL_VERSION=263366 --sysroot=/opt/lede-toolchain-ramips-mt7621_gcc-5.4.0_musl-1.1.24.Linux-x86_64/toolchain-mipsel_24kc_gcc-5.4.0_musl-1.1.24  -ffunction-sections -fdata-sections  conftest.c >&5
configure:14209: $? = 0
configure:14217: result: inline
configure:14235: checking for off_t
configure:14235: /opt/lede-toolchain-ramips-mt7621_gcc-5.4.0_musl-1.1.24.Linux-x86_64/toolchain-mipsel_24kc_gcc-5.4.0_musl-1.1.24/bin/mipsel-openwrt-linux-musl-gcc -c -Os -Wall -DLINUX26 -DCONFIG_RALINK -DMUSL_LIBC -DDEBUG_NOISY -DDEBUG_RCTEST -D_GNU_SOURCE -D__UAPI_DEF_ETHHDR -DRALINK_DBDC_MODE -pipe -funit-at-a-time -Wno-pointer-sign -mtune=mips32 -mips32 -DLINUX_KERNEL_VERSION=263366 --sysroot=/opt/lede-toolchain-ramips-mt7621_gcc-5.4.0_musl-1.1.24.Linux-x86_64/toolchain-mipsel_24kc_gcc-5.4.0_musl-1.1.24  -ffunction-sections -fdata-sections  conftest.c >&5
configure:14235: $? = 0
configure:14235: /opt/lede-toolchain-ramips-mt7621_gcc-5.4.0_musl-1.1.24.Linux-x86_64/toolchain-mipsel_24kc_gcc-5.4.0_musl-1.1.24/bin/mipsel-openwrt-linux-musl-gcc -c -Os -Wall -DLINUX26 -DCONFIG_RALINK -DMUSL_LIBC -DDEBUG_NOISY -DDEBUG_RCTEST -D_GNU_SOURCE -D__UAPI_DEF_ETHHDR -DRALINK_DBDC_MODE -pipe -funit-at-a-time -Wno-pointer-sign -mtune=mips32 -mips32 -DLINUX_KERNEL_VERSION=263366 --sysroot=/opt/lede-toolchain-ramips-mt7621_gcc-5.4.0_musl-1.1.24.Linux-x86_64/toolchain-mipsel_24kc_gcc-5.4.0_musl-1.1.24  -ffunction-sections -fdata-sections  conftest.c >&5
conftest.c: In function 'main':
conftest.c:110:20: error: expected expression before ')' token
 if (sizeof ((off_t)))
                    ^
configure:14235: $? = 1
configure: failed program was:
| /* confdefs.h */
| #define PACKAGE_NAME "ntfs-3g"
| #define PACKAGE_TARNAME "ntfs-3g"
| #define PACKAGE_VERSION "2016.2.22"
| #define PACKAGE_STRING "ntfs-3g 2016.2.22"
| #define PACKAGE_BUGREPORT "ntfs-3g-devel@lists.sf.net"
| #define PACKAGE_URL ""
| #define PACKAGE "ntfs-3g"
| #define VERSION "2016.2.22"
| #define STDC_HEADERS 1
| #define HAVE_SYS_TYPES_H 1
| #define HAVE_SYS_STAT_H 1
| #define HAVE_STDLIB_H 1
| #define HAVE_STRING_H 1
| #define HAVE_MEMORY_H 1
| #define HAVE_STRINGS_H 1
| #define HAVE_INTTYPES_H 1
| #define HAVE_STDINT_H 1
| #define HAVE_UNISTD_H 1
| #define __EXTENSIONS__ 1
| #define _ALL_SOURCE 1
| #define _GNU_SOURCE 1
| #define _POSIX_PTHREAD_SEMANTICS 1
| #define _TANDEM_SOURCE 1
| #define HAVE_DLFCN_H 1
| #define LT_OBJDIR ".libs/"
| #define _REENTRANT 1
| #define FUSE_INTERNAL 1
| #define STDC_HEADERS 1
| #define HAVE_CTYPE_H 1
| #define HAVE_FCNTL_H 1
| #define HAVE_LIBGEN_H 1
| #define HAVE_LIBINTL_H 1
| #define HAVE_LIMITS_H 1
| #define HAVE_LOCALE_H 1
| #define HAVE_MNTENT_H 1
| #define HAVE_STDDEF_H 1
| #define HAVE_STDINT_H 1
| #define HAVE_STDLIB_H 1
| #define HAVE_STDIO_H 1
| #define HAVE_STDARG_H 1
| #define HAVE_STRING_H 1
| #define HAVE_STRINGS_H 1
| #define HAVE_ERRNO_H 1
| #define HAVE_TIME_H 1
| #define HAVE_UNISTD_H 1
| #define HAVE_UTIME_H 1
| #define HAVE_WCHAR_H 1
| #define HAVE_GETOPT_H 1
| #define HAVE_FEATURES_H 1
| #define HAVE_REGEX_H 1
| #define HAVE_ENDIAN_H 1
| #define HAVE_BYTESWAP_H 1
| #define HAVE_SYS_PARAM_H 1
| #define HAVE_SYS_IOCTL_H 1
| #define HAVE_SYS_MOUNT_H 1
| #define HAVE_SYS_STAT_H 1
| #define HAVE_SYS_TYPES_H 1
| #define HAVE_SYS_VFS_H 1
| #define HAVE_SYS_STATVFS_H 1
| #define HAVE_SYS_SYSMACROS_H 1
| #define HAVE_LINUX_MAJOR_H 1
| #define HAVE_LINUX_FD_H 1
| #define HAVE_LINUX_FS_H 1
| #define HAVE_INTTYPES_H 1
| #define HAVE_LINUX_HDREG_H 1
| #define HAVE_SYSLOG_H 1
| #define HAVE_PWD_H 1
| #define HAVE_MALLOC_H 1
| #define HAVE__BOOL 1
| #define HAVE_STDBOOL_H 1
| #define WORDS_LITTLEENDIAN 1
| /* end confdefs.h.  */
| #include <stdio.h>
| #ifdef HAVE_SYS_TYPES_H
| # include <sys/types.h>
| #endif
| #ifdef HAVE_SYS_STAT_H
| # include <sys/stat.h>
| #endif
| #ifdef STDC_HEADERS
| # include <stdlib.h>
| # include <stddef.h>
| #else
| # ifdef HAVE_STDLIB_H
| #  include <stdlib.h>
| # endif
| #endif
| #ifdef HAVE_STRING_H
| # if !defined STDC_HEADERS && defined HAVE_MEMORY_H
| #  include <memory.h>
| # endif
| # include <string.h>
| #endif
| #ifdef HAVE_STRINGS_H
| # include <strings.h>
| #endif
| #ifdef HAVE_INTTYPES_H
| # include <inttypes.h>
| #endif
| #ifdef HAVE_STDINT_H
| # include <stdint.h>
| #endif
| #ifdef HAVE_UNISTD_H
| # include <unistd.h>
| #endif
| int
| main ()
| {
| if (sizeof ((off_t)))
| 	    return 0;
|   ;
|   return 0;
| }
configure:14235: result: yes
configure:14246: checking for size_t
configure:14246: /opt/lede-toolchain-ramips-mt7621_gcc-5.4.0_musl-1.1.24.Linux-x86_64/toolchain-mipsel_24kc_gcc-5.4.0_musl-1.1.24/bin/mipsel-openwrt-linux-musl-gcc -c -Os -Wall -DLINUX26 -DCONFIG_RALINK -DMUSL_LIBC -DDEBUG_NOISY -DDEBUG_RCTEST -D_GNU_SOURCE -D__UAPI_DEF_ETHHDR -DRALINK_DBDC_MODE -pipe -funit-at-a-time -Wno-pointer-sign -mtune=mips32 -mips32 -DLINUX_KERNEL_VERSION=263366 --sysroot=/opt/lede-toolchain-ramips-mt7621_gcc-5.4.0_musl-1.1.24.Linux-x86_64/toolchain-mipsel_24kc_gcc-5.4.0_musl-1.1.24  -ffunction-sections -fdata-sections  conftest.c >&5
configure:14246: $? = 0
configure:14246: /opt/lede-toolchain-ramips-mt7621_gcc-5.4.0_musl-1.1.24.Linux-x86_64/toolchain-mipsel_24kc_gcc-5.4.0_musl-1.1.24/bin/mipsel-openwrt-linux-musl-gcc -c -Os -Wall -DLINUX26 -DCONFIG_RALINK -DMUSL_LIBC -DDEBUG_NOISY -DDEBUG_RCTEST -D_GNU_SOURCE -D__UAPI_DEF_ETHHDR -DRALINK_DBDC_MODE -pipe -funit-at-a-time -Wno-pointer-sign -mtune=mips32 -mips32 -DLINUX_KERNEL_VERSION=263366 --sysroot=/opt/lede-toolchain-ramips-mt7621_gcc-5.4.0_musl-1.1.24.Linux-x86_64/toolchain-mipsel_24kc_gcc-5.4.0_musl-1.1.24  -ffunction-sections -fdata-sections  conftest.c >&5
conftest.c: In function 'main':
conftest.c:110:21: error: expected expression before ')' token
 if (sizeof ((size_t)))
                     ^
configure:14246: $? = 1
configure: failed program was:
| /* confdefs.h */
| #define PACKAGE_NAME "ntfs-3g"
| #define PACKAGE_TARNAME "ntfs-3g"
| #define PACKAGE_VERSION "2016.2.22"
| #define PACKAGE_STRING "ntfs-3g 2016.2.22"
| #define PACKAGE_BUGREPORT "ntfs-3g-devel@lists.sf.net"
| #define PACKAGE_URL ""
| #define PACKAGE "ntfs-3g"
| #define VERSION "2016.2.22"
| #define STDC_HEADERS 1
| #define HAVE_SYS_TYPES_H 1
| #define HAVE_SYS_STAT_H 1
| #define HAVE_STDLIB_H 1
| #define HAVE_STRING_H 1
| #define HAVE_MEMORY_H 1
| #define HAVE_STRINGS_H 1
| #define HAVE_INTTYPES_H 1
| #define HAVE_STDINT_H 1
| #define HAVE_UNISTD_H 1
| #define __EXTENSIONS__ 1
| #define _ALL_SOURCE 1
| #define _GNU_SOURCE 1
| #define _POSIX_PTHREAD_SEMANTICS 1
| #define _TANDEM_SOURCE 1
| #define HAVE_DLFCN_H 1
| #define LT_OBJDIR ".libs/"
| #define _REENTRANT 1
| #define FUSE_INTERNAL 1
| #define STDC_HEADERS 1
| #define HAVE_CTYPE_H 1
| #define HAVE_FCNTL_H 1
| #define HAVE_LIBGEN_H 1
| #define HAVE_LIBINTL_H 1
| #define HAVE_LIMITS_H 1
| #define HAVE_LOCALE_H 1
| #define HAVE_MNTENT_H 1
| #define HAVE_STDDEF_H 1
| #define HAVE_STDINT_H 1
| #define HAVE_STDLIB_H 1
| #define HAVE_STDIO_H 1
| #define HAVE_STDARG_H 1
| #define HAVE_STRING_H 1
| #define HAVE_STRINGS_H 1
| #define HAVE_ERRNO_H 1
| #define HAVE_TIME_H 1
| #define HAVE_UNISTD_H 1
| #define HAVE_UTIME_H 1
| #define HAVE_WCHAR_H 1
| #define HAVE_GETOPT_H 1
| #define HAVE_FEATURES_H 1
| #define HAVE_REGEX_H 1
| #define HAVE_ENDIAN_H 1
| #define HAVE_BYTESWAP_H 1
| #define HAVE_SYS_PARAM_H 1
| #define HAVE_SYS_IOCTL_H 1
| #define HAVE_SYS_MOUNT_H 1
| #define HAVE_SYS_STAT_H 1
| #define HAVE_SYS_TYPES_H 1
| #define HAVE_SYS_VFS_H 1
| #define HAVE_SYS_STATVFS_H 1
| #define HAVE_SYS_SYSMACROS_H 1
| #define HAVE_LINUX_MAJOR_H 1
| #define HAVE_LINUX_FD_H 1
| #define HAVE_LINUX_FS_H 1
| #define HAVE_INTTYPES_H 1
| #define HAVE_LINUX_HDREG_H 1
| #define HAVE_SYSLOG_H 1
| #define HAVE_PWD_H 1
| #define HAVE_MALLOC_H 1
| #define HAVE__BOOL 1
| #define HAVE_STDBOOL_H 1
| #define WORDS_LITTLEENDIAN 1
| /* end confdefs.h.  */
| #include <stdio.h>
| #ifdef HAVE_SYS_TYPES_H
| # include <sys/types.h>
| #endif
| #ifdef HAVE_SYS_STAT_H
| # include <sys/stat.h>
| #endif
| #ifdef STDC_HEADERS
| # include <stdlib.h>
| # include <stddef.h>
| #else
| # ifdef HAVE_STDLIB_H
| #  include <stdlib.h>
| # endif
| #endif
| #ifdef HAVE_STRING_H
| # if !defined STDC_HEADERS && defined HAVE_MEMORY_H
| #  include <memory.h>
| # endif
| # include <string.h>
| #endif
| #ifdef HAVE_STRINGS_H
| # include <strings.h>
| #endif
| #ifdef HAVE_INTTYPES_H
| # include <inttypes.h>
| #endif
| #ifdef HAVE_STDINT_H
| # include <stdint.h>
| #endif
| #ifdef HAVE_UNISTD_H
| # include <unistd.h>
| #endif
| int
| main ()
| {
| if (sizeof ((size_t)))
| 	    return 0;
|   ;
|   return 0;
| }
configure:14246: result: yes
configure:14257: checking for struct stat.st_blocks
configure:14257: /opt/lede-toolchain-ramips-mt7621_gcc-5.4.0_musl-1.1.24.Linux-x86_64/toolchain-mipsel_24kc_gcc-5.4.0_musl-1.1.24/bin/mipsel-openwrt-linux-musl-gcc -c -Os -Wall -DLINUX26 -DCONFIG_RALINK -DMUSL_LIBC -DDEBUG_NOISY -DDEBUG_RCTEST -D_GNU_SOURCE -D__UAPI_DEF_ETHHDR -DRALINK_DBDC_MODE -pipe -funit-at-a-time -Wno-pointer-sign -mtune=mips32 -mips32 -DLINUX_KERNEL_VERSION=263366 --sysroot=/opt/lede-toolchain-ramips-mt7621_gcc-5.4.0_musl-1.1.24.Linux-x86_64/toolchain-mipsel_24kc_gcc-5.4.0_musl-1.1.24  -ffunction-sections -fdata-sections  conftest.c >&5
configure:14257: $? = 0
configure:14257: result: yes
configure:14277: checking for struct stat.st_rdev
configure:14277: /opt/lede-toolchain-ramips-mt7621_gcc-5.4.0_musl-1.1.24.Linux-x86_64/toolchain-mipsel_24kc_gcc-5.4.0_musl-1.1.24/bin/mipsel-openwrt-linux-musl-gcc -c -Os -Wall -DLINUX26 -DCONFIG_RALINK -DMUSL_LIBC -DDEBUG_NOISY -DDEBUG_RCTEST -D_GNU_SOURCE -D__UAPI_DEF_ETHHDR -DRALINK_DBDC_MODE -pipe -funit-at-a-time -Wno-pointer-sign -mtune=mips32 -mips32 -DLINUX_KERNEL_VERSION=263366 --sysroot=/opt/lede-toolchain-ramips-mt7621_gcc-5.4.0_musl-1.1.24.Linux-x86_64/toolchain-mipsel_24kc_gcc-5.4.0_musl-1.1.24  -ffunction-sections -fdata-sections  conftest.c >&5
configure:14277: $? = 0
configure:14277: result: yes
configure:14287: checking for struct stat.st_atim
configure:14287: /opt/lede-toolchain-ramips-mt7621_gcc-5.4.0_musl-1.1.24.Linux-x86_64/toolchain-mipsel_24kc_gcc-5.4.0_musl-1.1.24/bin/mipsel-openwrt-linux-musl-gcc -c -Os -Wall -DLINUX26 -DCONFIG_RALINK -DMUSL_LIBC -DDEBUG_NOISY -DDEBUG_RCTEST -D_GNU_SOURCE -D__UAPI_DEF_ETHHDR -DRALINK_DBDC_MODE -pipe -funit-at-a-time -Wno-pointer-sign -mtune=mips32 -mips32 -DLINUX_KERNEL_VERSION=263366 --sysroot=/opt/lede-toolchain-ramips-mt7621_gcc-5.4.0_musl-1.1.24.Linux-x86_64/toolchain-mipsel_24kc_gcc-5.4.0_musl-1.1.24  -ffunction-sections -fdata-sections  conftest.c >&5
conftest.c: In function 'main':
conftest.c:114:5: error: used struct type value where scalar is required
 if (ac_aggr.st_atim)
     ^
conftest.c:113:20: warning: variable 'ac_aggr' set but not used [-Wunused-but-set-variable]
 static struct stat ac_aggr;
                    ^
configure:14287: $? = 1
configure: failed program was:
| /* confdefs.h */
| #define PACKAGE_NAME "ntfs-3g"
| #define PACKAGE_TARNAME "ntfs-3g"
| #define PACKAGE_VERSION "2016.2.22"
| #define PACKAGE_STRING "ntfs-3g 2016.2.22"
| #define PACKAGE_BUGREPORT "ntfs-3g-devel@lists.sf.net"
| #define PACKAGE_URL ""
| #define PACKAGE "ntfs-3g"
| #define VERSION "2016.2.22"
| #define STDC_HEADERS 1
| #define HAVE_SYS_TYPES_H 1
| #define HAVE_SYS_STAT_H 1
| #define HAVE_STDLIB_H 1
| #define HAVE_STRING_H 1
| #define HAVE_MEMORY_H 1
| #define HAVE_STRINGS_H 1
| #define HAVE_INTTYPES_H 1
| #define HAVE_STDINT_H 1
| #define HAVE_UNISTD_H 1
| #define __EXTENSIONS__ 1
| #define _ALL_SOURCE 1
| #define _GNU_SOURCE 1
| #define _POSIX_PTHREAD_SEMANTICS 1
| #define _TANDEM_SOURCE 1
| #define HAVE_DLFCN_H 1
| #define LT_OBJDIR ".libs/"
| #define _REENTRANT 1
| #define FUSE_INTERNAL 1
| #define STDC_HEADERS 1
| #define HAVE_CTYPE_H 1
| #define HAVE_FCNTL_H 1
| #define HAVE_LIBGEN_H 1
| #define HAVE_LIBINTL_H 1
| #define HAVE_LIMITS_H 1
| #define HAVE_LOCALE_H 1
| #define HAVE_MNTENT_H 1
| #define HAVE_STDDEF_H 1
| #define HAVE_STDINT_H 1
| #define HAVE_STDLIB_H 1
| #define HAVE_STDIO_H 1
| #define HAVE_STDARG_H 1
| #define HAVE_STRING_H 1
| #define HAVE_STRINGS_H 1
| #define HAVE_ERRNO_H 1
| #define HAVE_TIME_H 1
| #define HAVE_UNISTD_H 1
| #define HAVE_UTIME_H 1
| #define HAVE_WCHAR_H 1
| #define HAVE_GETOPT_H 1
| #define HAVE_FEATURES_H 1
| #define HAVE_REGEX_H 1
| #define HAVE_ENDIAN_H 1
| #define HAVE_BYTESWAP_H 1
| #define HAVE_SYS_PARAM_H 1
| #define HAVE_SYS_IOCTL_H 1
| #define HAVE_SYS_MOUNT_H 1
| #define HAVE_SYS_STAT_H 1
| #define HAVE_SYS_TYPES_H 1
| #define HAVE_SYS_VFS_H 1
| #define HAVE_SYS_STATVFS_H 1
| #define HAVE_SYS_SYSMACROS_H 1
| #define HAVE_LINUX_MAJOR_H 1
| #define HAVE_LINUX_FD_H 1
| #define HAVE_LINUX_FS_H 1
| #define HAVE_INTTYPES_H 1
| #define HAVE_LINUX_HDREG_H 1
| #define HAVE_SYSLOG_H 1
| #define HAVE_PWD_H 1
| #define HAVE_MALLOC_H 1
| #define HAVE__BOOL 1
| #define HAVE_STDBOOL_H 1
| #define WORDS_LITTLEENDIAN 1
| #define HAVE_STRUCT_STAT_ST_BLOCKS 1
| #define HAVE_ST_BLOCKS 1
| #define HAVE_STRUCT_STAT_ST_RDEV 1
| /* end confdefs.h.  */
| #include <stdio.h>
| #ifdef HAVE_SYS_TYPES_H
| # include <sys/types.h>
| #endif
| #ifdef HAVE_SYS_STAT_H
| # include <sys/stat.h>
| #endif
| #ifdef STDC_HEADERS
| # include <stdlib.h>
| # include <stddef.h>
| #else
| # ifdef HAVE_STDLIB_H
| #  include <stdlib.h>
| # endif
| #endif
| #ifdef HAVE_STRING_H
| # if !defined STDC_HEADERS && defined HAVE_MEMORY_H
| #  include <memory.h>
| # endif
| # include <string.h>
| #endif
| #ifdef HAVE_STRINGS_H
| # include <strings.h>
| #endif
| #ifdef HAVE_INTTYPES_H
| # include <inttypes.h>
| #endif
| #ifdef HAVE_STDINT_H
| # include <stdint.h>
| #endif
| #ifdef HAVE_UNISTD_H
| # include <unistd.h>
| #endif
| int
| main ()
| {
| static struct stat ac_aggr;
| if (ac_aggr.st_atim)
| return 0;
|   ;
|   return 0;
| }
configure:14287: /opt/lede-toolchain-ramips-mt7621_gcc-5.4.0_musl-1.1.24.Linux-x86_64/toolchain-mipsel_24kc_gcc-5.4.0_musl-1.1.24/bin/mipsel-openwrt-linux-musl-gcc -c -Os -Wall -DLINUX26 -DCONFIG_RALINK -DMUSL_LIBC -DDEBUG_NOISY -DDEBUG_RCTEST -D_GNU_SOURCE -D__UAPI_DEF_ETHHDR -DRALINK_DBDC_MODE -pipe -funit-at-a-time -Wno-pointer-sign -mtune=mips32 -mips32 -DLINUX_KERNEL_VERSION=263366 --sysroot=/opt/lede-toolchain-ramips-mt7621_gcc-5.4.0_musl-1.1.24.Linux-x86_64/toolchain-mipsel_24kc_gcc-5.4.0_musl-1.1.24  -ffunction-sections -fdata-sections  conftest.c >&5
configure:14287: $? = 0
configure:14287: result: yes
configure:14297: checking for struct stat.st_atimespec
configure:14297: /opt/lede-toolchain-ramips-mt7621_gcc-5.4.0_musl-1.1.24.Linux-x86_64/toolchain-mipsel_24kc_gcc-5.4.0_musl-1.1.24/bin/mipsel-openwrt-linux-musl-gcc -c -Os -Wall -DLINUX26 -DCONFIG_RALINK -DMUSL_LIBC -DDEBUG_NOISY -DDEBUG_RCTEST -D_GNU_SOURCE -D__UAPI_DEF_ETHHDR -DRALINK_DBDC_MODE -pipe -funit-at-a-time -Wno-pointer-sign -mtune=mips32 -mips32 -DLINUX_KERNEL_VERSION=263366 --sysroot=/opt/lede-toolchain-ramips-mt7621_gcc-5.4.0_musl-1.1.24.Linux-x86_64/toolchain-mipsel_24kc_gcc-5.4.0_musl-1.1.24  -ffunction-sections -fdata-sections  conftest.c >&5
conftest.c: In function 'main':
conftest.c:115:12: error: 'struct stat' has no member named 'st_atimespec'
 if (ac_aggr.st_atimespec)
            ^
conftest.c:114:20: warning: variable 'ac_aggr' set but not used [-Wunused-but-set-variable]
 static struct stat ac_aggr;
                    ^
configure:14297: $? = 1
configure: failed program was:
| /* confdefs.h */
| #define PACKAGE_NAME "ntfs-3g"
| #define PACKAGE_TARNAME "ntfs-3g"
| #define PACKAGE_VERSION "2016.2.22"
| #define PACKAGE_STRING "ntfs-3g 2016.2.22"
| #define PACKAGE_BUGREPORT "ntfs-3g-devel@lists.sf.net"
| #define PACKAGE_URL ""
| #define PACKAGE "ntfs-3g"
| #define VERSION "2016.2.22"
| #define STDC_HEADERS 1
| #define HAVE_SYS_TYPES_H 1
| #define HAVE_SYS_STAT_H 1
| #define HAVE_STDLIB_H 1
| #define HAVE_STRING_H 1
| #define HAVE_MEMORY_H 1
| #define HAVE_STRINGS_H 1
| #define HAVE_INTTYPES_H 1
| #define HAVE_STDINT_H 1
| #define HAVE_UNISTD_H 1
| #define __EXTENSIONS__ 1
| #define _ALL_SOURCE 1
| #define _GNU_SOURCE 1
| #define _POSIX_PTHREAD_SEMANTICS 1
| #define _TANDEM_SOURCE 1
| #define HAVE_DLFCN_H 1
| #define LT_OBJDIR ".libs/"
| #define _REENTRANT 1
| #define FUSE_INTERNAL 1
| #define STDC_HEADERS 1
| #define HAVE_CTYPE_H 1
| #define HAVE_FCNTL_H 1
| #define HAVE_LIBGEN_H 1
| #define HAVE_LIBINTL_H 1
| #define HAVE_LIMITS_H 1
| #define HAVE_LOCALE_H 1
| #define HAVE_MNTENT_H 1
| #define HAVE_STDDEF_H 1
| #define HAVE_STDINT_H 1
| #define HAVE_STDLIB_H 1
| #define HAVE_STDIO_H 1
| #define HAVE_STDARG_H 1
| #define HAVE_STRING_H 1
| #define HAVE_STRINGS_H 1
| #define HAVE_ERRNO_H 1
| #define HAVE_TIME_H 1
| #define HAVE_UNISTD_H 1
| #define HAVE_UTIME_H 1
| #define HAVE_WCHAR_H 1
| #define HAVE_GETOPT_H 1
| #define HAVE_FEATURES_H 1
| #define HAVE_REGEX_H 1
| #define HAVE_ENDIAN_H 1
| #define HAVE_BYTESWAP_H 1
| #define HAVE_SYS_PARAM_H 1
| #define HAVE_SYS_IOCTL_H 1
| #define HAVE_SYS_MOUNT_H 1
| #define HAVE_SYS_STAT_H 1
| #define HAVE_SYS_TYPES_H 1
| #define HAVE_SYS_VFS_H 1
| #define HAVE_SYS_STATVFS_H 1
| #define HAVE_SYS_SYSMACROS_H 1
| #define HAVE_LINUX_MAJOR_H 1
| #define HAVE_LINUX_FD_H 1
| #define HAVE_LINUX_FS_H 1
| #define HAVE_INTTYPES_H 1
| #define HAVE_LINUX_HDREG_H 1
| #define HAVE_SYSLOG_H 1
| #define HAVE_PWD_H 1
| #define HAVE_MALLOC_H 1
| #define HAVE__BOOL 1
| #define HAVE_STDBOOL_H 1
| #define WORDS_LITTLEENDIAN 1
| #define HAVE_STRUCT_STAT_ST_BLOCKS 1
| #define HAVE_ST_BLOCKS 1
| #define HAVE_STRUCT_STAT_ST_RDEV 1
| #define HAVE_STRUCT_STAT_ST_ATIM 1
| /* end confdefs.h.  */
| #include <stdio.h>
| #ifdef HAVE_SYS_TYPES_H
| # include <sys/types.h>
| #endif
| #ifdef HAVE_SYS_STAT_H
| # include <sys/stat.h>
| #endif
| #ifdef STDC_HEADERS
| # include <stdlib.h>
| # include <stddef.h>
| #else
| # ifdef HAVE_STDLIB_H
| #  include <stdlib.h>
| # endif
| #endif
| #ifdef HAVE_STRING_H
| # if !defined STDC_HEADERS && defined HAVE_MEMORY_H
| #  include <memory.h>
| # endif
| # include <string.h>
| #endif
| #ifdef HAVE_STRINGS_H
| # include <strings.h>
| #endif
| #ifdef HAVE_INTTYPES_H
| # include <inttypes.h>
| #endif
| #ifdef HAVE_STDINT_H
| # include <stdint.h>
| #endif
| #ifdef HAVE_UNISTD_H
| # include <unistd.h>
| #endif
| int
| main ()
| {
| static struct stat ac_aggr;
| if (ac_aggr.st_atimespec)
| return 0;
|   ;
|   return 0;
| }
configure:14297: /opt/lede-toolchain-ramips-mt7621_gcc-5.4.0_musl-1.1.24.Linux-x86_64/toolchain-mipsel_24kc_gcc-5.4.0_musl-1.1.24/bin/mipsel-openwrt-linux-musl-gcc -c -Os -Wall -DLINUX26 -DCONFIG_RALINK -DMUSL_LIBC -DDEBUG_NOISY -DDEBUG_RCTEST -D_GNU_SOURCE -D__UAPI_DEF_ETHHDR -DRALINK_DBDC_MODE -pipe -funit-at-a-time -Wno-pointer-sign -mtune=mips32 -mips32 -DLINUX_KERNEL_VERSION=263366 --sysroot=/opt/lede-toolchain-ramips-mt7621_gcc-5.4.0_musl-1.1.24.Linux-x86_64/toolchain-mipsel_24kc_gcc-5.4.0_musl-1.1.24  -ffunction-sections -fdata-sections  conftest.c >&5
conftest.c: In function 'main':
conftest.c:115:19: error: 'struct stat' has no member named 'st_atimespec'
 if (sizeof ac_aggr.st_atimespec)
                   ^
conftest.c:114:20: warning: variable 'ac_aggr' set but not used [-Wunused-but-set-variable]
 static struct stat ac_aggr;
                    ^
configure:14297: $? = 1
configure: failed program was:
| /* confdefs.h */
| #define PACKAGE_NAME "ntfs-3g"
| #define PACKAGE_TARNAME "ntfs-3g"
| #define PACKAGE_VERSION "2016.2.22"
| #define PACKAGE_STRING "ntfs-3g 2016.2.22"
| #define PACKAGE_BUGREPORT "ntfs-3g-devel@lists.sf.net"
| #define PACKAGE_URL ""
| #define PACKAGE "ntfs-3g"
| #define VERSION "2016.2.22"
| #define STDC_HEADERS 1
| #define HAVE_SYS_TYPES_H 1
| #define HAVE_SYS_STAT_H 1
| #define HAVE_STDLIB_H 1
| #define HAVE_STRING_H 1
| #define HAVE_MEMORY_H 1
| #define HAVE_STRINGS_H 1
| #define HAVE_INTTYPES_H 1
| #define HAVE_STDINT_H 1
| #define HAVE_UNISTD_H 1
| #define __EXTENSIONS__ 1
| #define _ALL_SOURCE 1
| #define _GNU_SOURCE 1
| #define _POSIX_PTHREAD_SEMANTICS 1
| #define _TANDEM_SOURCE 1
| #define HAVE_DLFCN_H 1
| #define LT_OBJDIR ".libs/"
| #define _REENTRANT 1
| #define FUSE_INTERNAL 1
| #define STDC_HEADERS 1
| #define HAVE_CTYPE_H 1
| #define HAVE_FCNTL_H 1
| #define HAVE_LIBGEN_H 1
| #define HAVE_LIBINTL_H 1
| #define HAVE_LIMITS_H 1
| #define HAVE_LOCALE_H 1
| #define HAVE_MNTENT_H 1
| #define HAVE_STDDEF_H 1
| #define HAVE_STDINT_H 1
| #define HAVE_STDLIB_H 1
| #define HAVE_STDIO_H 1
| #define HAVE_STDARG_H 1
| #define HAVE_STRING_H 1
| #define HAVE_STRINGS_H 1
| #define HAVE_ERRNO_H 1
| #define HAVE_TIME_H 1
| #define HAVE_UNISTD_H 1
| #define HAVE_UTIME_H 1
| #define HAVE_WCHAR_H 1
| #define HAVE_GETOPT_H 1
| #define HAVE_FEATURES_H 1
| #define HAVE_REGEX_H 1
| #define HAVE_ENDIAN_H 1
| #define HAVE_BYTESWAP_H 1
| #define HAVE_SYS_PARAM_H 1
| #define HAVE_SYS_IOCTL_H 1
| #define HAVE_SYS_MOUNT_H 1
| #define HAVE_SYS_STAT_H 1
| #define HAVE_SYS_TYPES_H 1
| #define HAVE_SYS_VFS_H 1
| #define HAVE_SYS_STATVFS_H 1
| #define HAVE_SYS_SYSMACROS_H 1
| #define HAVE_LINUX_MAJOR_H 1
| #define HAVE_LINUX_FD_H 1
| #define HAVE_LINUX_FS_H 1
| #define HAVE_INTTYPES_H 1
| #define HAVE_LINUX_HDREG_H 1
| #define HAVE_SYSLOG_H 1
| #define HAVE_PWD_H 1
| #define HAVE_MALLOC_H 1
| #define HAVE__BOOL 1
| #define HAVE_STDBOOL_H 1
| #define WORDS_LITTLEENDIAN 1
| #define HAVE_STRUCT_STAT_ST_BLOCKS 1
| #define HAVE_ST_BLOCKS 1
| #define HAVE_STRUCT_STAT_ST_RDEV 1
| #define HAVE_STRUCT_STAT_ST_ATIM 1
| /* end confdefs.h.  */
| #include <stdio.h>
| #ifdef HAVE_SYS_TYPES_H
| # include <sys/types.h>
| #endif
| #ifdef HAVE_SYS_STAT_H
| # include <sys/stat.h>
| #endif
| #ifdef STDC_HEADERS
| # include <stdlib.h>
| # include <stddef.h>
| #else
| # ifdef HAVE_STDLIB_H
| #  include <stdlib.h>
| # endif
| #endif
| #ifdef HAVE_STRING_H
| # if !defined STDC_HEADERS && defined HAVE_MEMORY_H
| #  include <memory.h>
| # endif
| # include <string.h>
| #endif
| #ifdef HAVE_STRINGS_H
| # include <strings.h>
| #endif
| #ifdef HAVE_INTTYPES_H
| # include <inttypes.h>
| #endif
| #ifdef HAVE_STDINT_H
| # include <stdint.h>
| #endif
| #ifdef HAVE_UNISTD_H
| # include <unistd.h>
| #endif
| int
| main ()
| {
| static struct stat ac_aggr;
| if (sizeof ac_aggr.st_atimespec)
| return 0;
|   ;
|   return 0;
| }
configure:14297: result: no
configure:14307: checking for struct stat.st_atimensec
configure:14307: /opt/lede-toolchain-ramips-mt7621_gcc-5.4.0_musl-1.1.24.Linux-x86_64/toolchain-mipsel_24kc_gcc-5.4.0_musl-1.1.24/bin/mipsel-openwrt-linux-musl-gcc -c -Os -Wall -DLINUX26 -DCONFIG_RALINK -DMUSL_LIBC -DDEBUG_NOISY -DDEBUG_RCTEST -D_GNU_SOURCE -D__UAPI_DEF_ETHHDR -DRALINK_DBDC_MODE -pipe -funit-at-a-time -Wno-pointer-sign -mtune=mips32 -mips32 -DLINUX_KERNEL_VERSION=263366 --sysroot=/opt/lede-toolchain-ramips-mt7621_gcc-5.4.0_musl-1.1.24.Linux-x86_64/toolchain-mipsel_24kc_gcc-5.4.0_musl-1.1.24  -ffunction-sections -fdata-sections  conftest.c >&5
conftest.c: In function 'main':
conftest.c:115:12: error: 'struct stat' has no member named 'st_atimensec'
 if (ac_aggr.st_atimensec)
            ^
conftest.c:114:20: warning: variable 'ac_aggr' set but not used [-Wunused-but-set-variable]
 static struct stat ac_aggr;
                    ^
configure:14307: $? = 1
configure: failed program was:
| /* confdefs.h */
| #define PACKAGE_NAME "ntfs-3g"
| #define PACKAGE_TARNAME "ntfs-3g"
| #define PACKAGE_VERSION "2016.2.22"
| #define PACKAGE_STRING "ntfs-3g 2016.2.22"
| #define PACKAGE_BUGREPORT "ntfs-3g-devel@lists.sf.net"
| #define PACKAGE_URL ""
| #define PACKAGE "ntfs-3g"
| #define VERSION "2016.2.22"
| #define STDC_HEADERS 1
| #define HAVE_SYS_TYPES_H 1
| #define HAVE_SYS_STAT_H 1
| #define HAVE_STDLIB_H 1
| #define HAVE_STRING_H 1
| #define HAVE_MEMORY_H 1
| #define HAVE_STRINGS_H 1
| #define HAVE_INTTYPES_H 1
| #define HAVE_STDINT_H 1
| #define HAVE_UNISTD_H 1
| #define __EXTENSIONS__ 1
| #define _ALL_SOURCE 1
| #define _GNU_SOURCE 1
| #define _POSIX_PTHREAD_SEMANTICS 1
| #define _TANDEM_SOURCE 1
| #define HAVE_DLFCN_H 1
| #define LT_OBJDIR ".libs/"
| #define _REENTRANT 1
| #define FUSE_INTERNAL 1
| #define STDC_HEADERS 1
| #define HAVE_CTYPE_H 1
| #define HAVE_FCNTL_H 1
| #define HAVE_LIBGEN_H 1
| #define HAVE_LIBINTL_H 1
| #define HAVE_LIMITS_H 1
| #define HAVE_LOCALE_H 1
| #define HAVE_MNTENT_H 1
| #define HAVE_STDDEF_H 1
| #define HAVE_STDINT_H 1
| #define HAVE_STDLIB_H 1
| #define HAVE_STDIO_H 1
| #define HAVE_STDARG_H 1
| #define HAVE_STRING_H 1
| #define HAVE_STRINGS_H 1
| #define HAVE_ERRNO_H 1
| #define HAVE_TIME_H 1
| #define HAVE_UNISTD_H 1
| #define HAVE_UTIME_H 1
| #define HAVE_WCHAR_H 1
| #define HAVE_GETOPT_H 1
| #define HAVE_FEATURES_H 1
| #define HAVE_REGEX_H 1
| #define HAVE_ENDIAN_H 1
| #define HAVE_BYTESWAP_H 1
| #define HAVE_SYS_PARAM_H 1
| #define HAVE_SYS_IOCTL_H 1
| #define HAVE_SYS_MOUNT_H 1
| #define HAVE_SYS_STAT_H 1
| #define HAVE_SYS_TYPES_H 1
| #define HAVE_SYS_VFS_H 1
| #define HAVE_SYS_STATVFS_H 1
| #define HAVE_SYS_SYSMACROS_H 1
| #define HAVE_LINUX_MAJOR_H 1
| #define HAVE_LINUX_FD_H 1
| #define HAVE_LINUX_FS_H 1
| #define HAVE_INTTYPES_H 1
| #define HAVE_LINUX_HDREG_H 1
| #define HAVE_SYSLOG_H 1
| #define HAVE_PWD_H 1
| #define HAVE_MALLOC_H 1
| #define HAVE__BOOL 1
| #define HAVE_STDBOOL_H 1
| #define WORDS_LITTLEENDIAN 1
| #define HAVE_STRUCT_STAT_ST_BLOCKS 1
| #define HAVE_ST_BLOCKS 1
| #define HAVE_STRUCT_STAT_ST_RDEV 1
| #define HAVE_STRUCT_STAT_ST_ATIM 1
| /* end confdefs.h.  */
| #include <stdio.h>
| #ifdef HAVE_SYS_TYPES_H
| # include <sys/types.h>
| #endif
| #ifdef HAVE_SYS_STAT_H
| # include <sys/stat.h>
| #endif
| #ifdef STDC_HEADERS
| # include <stdlib.h>
| # include <stddef.h>
| #else
| # ifdef HAVE_STDLIB_H
| #  include <stdlib.h>
| # endif
| #endif
| #ifdef HAVE_STRING_H
| # if !defined STDC_HEADERS && defined HAVE_MEMORY_H
| #  include <memory.h>
| # endif
| # include <string.h>
| #endif
| #ifdef HAVE_STRINGS_H
| # include <strings.h>
| #endif
| #ifdef HAVE_INTTYPES_H
| # include <inttypes.h>
| #endif
| #ifdef HAVE_STDINT_H
| # include <stdint.h>
| #endif
| #ifdef HAVE_UNISTD_H
| # include <unistd.h>
| #endif
| int
| main ()
| {
| static struct stat ac_aggr;
| if (ac_aggr.st_atimensec)
| return 0;
|   ;
|   return 0;
| }
configure:14307: /opt/lede-toolchain-ramips-mt7621_gcc-5.4.0_musl-1.1.24.Linux-x86_64/toolchain-mipsel_24kc_gcc-5.4.0_musl-1.1.24/bin/mipsel-openwrt-linux-musl-gcc -c -Os -Wall -DLINUX26 -DCONFIG_RALINK -DMUSL_LIBC -DDEBUG_NOISY -DDEBUG_RCTEST -D_GNU_SOURCE -D__UAPI_DEF_ETHHDR -DRALINK_DBDC_MODE -pipe -funit-at-a-time -Wno-pointer-sign -mtune=mips32 -mips32 -DLINUX_KERNEL_VERSION=263366 --sysroot=/opt/lede-toolchain-ramips-mt7621_gcc-5.4.0_musl-1.1.24.Linux-x86_64/toolchain-mipsel_24kc_gcc-5.4.0_musl-1.1.24  -ffunction-sections -fdata-sections  conftest.c >&5
conftest.c: In function 'main':
conftest.c:115:19: error: 'struct stat' has no member named 'st_atimensec'
 if (sizeof ac_aggr.st_atimensec)
                   ^
conftest.c:114:20: warning: variable 'ac_aggr' set but not used [-Wunused-but-set-variable]
 static struct stat ac_aggr;
                    ^
configure:14307: $? = 1
configure: failed program was:
| /* confdefs.h */
| #define PACKAGE_NAME "ntfs-3g"
| #define PACKAGE_TARNAME "ntfs-3g"
| #define PACKAGE_VERSION "2016.2.22"
| #define PACKAGE_STRING "ntfs-3g 2016.2.22"
| #define PACKAGE_BUGREPORT "ntfs-3g-devel@lists.sf.net"
| #define PACKAGE_URL ""
| #define PACKAGE "ntfs-3g"
| #define VERSION "2016.2.22"
| #define STDC_HEADERS 1
| #define HAVE_SYS_TYPES_H 1
| #define HAVE_SYS_STAT_H 1
| #define HAVE_STDLIB_H 1
| #define HAVE_STRING_H 1
| #define HAVE_MEMORY_H 1
| #define HAVE_STRINGS_H 1
| #define HAVE_INTTYPES_H 1
| #define HAVE_STDINT_H 1
| #define HAVE_UNISTD_H 1
| #define __EXTENSIONS__ 1
| #define _ALL_SOURCE 1
| #define _GNU_SOURCE 1
| #define _POSIX_PTHREAD_SEMANTICS 1
| #define _TANDEM_SOURCE 1
| #define HAVE_DLFCN_H 1
| #define LT_OBJDIR ".libs/"
| #define _REENTRANT 1
| #define FUSE_INTERNAL 1
| #define STDC_HEADERS 1
| #define HAVE_CTYPE_H 1
| #define HAVE_FCNTL_H 1
| #define HAVE_LIBGEN_H 1
| #define HAVE_LIBINTL_H 1
| #define HAVE_LIMITS_H 1
| #define HAVE_LOCALE_H 1
| #define HAVE_MNTENT_H 1
| #define HAVE_STDDEF_H 1
| #define HAVE_STDINT_H 1
| #define HAVE_STDLIB_H 1
| #define HAVE_STDIO_H 1
| #define HAVE_STDARG_H 1
| #define HAVE_STRING_H 1
| #define HAVE_STRINGS_H 1
| #define HAVE_ERRNO_H 1
| #define HAVE_TIME_H 1
| #define HAVE_UNISTD_H 1
| #define HAVE_UTIME_H 1
| #define HAVE_WCHAR_H 1
| #define HAVE_GETOPT_H 1
| #define HAVE_FEATURES_H 1
| #define HAVE_REGEX_H 1
| #define HAVE_ENDIAN_H 1
| #define HAVE_BYTESWAP_H 1
| #define HAVE_SYS_PARAM_H 1
| #define HAVE_SYS_IOCTL_H 1
| #define HAVE_SYS_MOUNT_H 1
| #define HAVE_SYS_STAT_H 1
| #define HAVE_SYS_TYPES_H 1
| #define HAVE_SYS_VFS_H 1
| #define HAVE_SYS_STATVFS_H 1
| #define HAVE_SYS_SYSMACROS_H 1
| #define HAVE_LINUX_MAJOR_H 1
| #define HAVE_LINUX_FD_H 1
| #define HAVE_LINUX_FS_H 1
| #define HAVE_INTTYPES_H 1
| #define HAVE_LINUX_HDREG_H 1
| #define HAVE_SYSLOG_H 1
| #define HAVE_PWD_H 1
| #define HAVE_MALLOC_H 1
| #define HAVE__BOOL 1
| #define HAVE_STDBOOL_H 1
| #define WORDS_LITTLEENDIAN 1
| #define HAVE_STRUCT_STAT_ST_BLOCKS 1
| #define HAVE_ST_BLOCKS 1
| #define HAVE_STRUCT_STAT_ST_RDEV 1
| #define HAVE_STRUCT_STAT_ST_ATIM 1
| /* end confdefs.h.  */
| #include <stdio.h>
| #ifdef HAVE_SYS_TYPES_H
| # include <sys/types.h>
| #endif
| #ifdef HAVE_SYS_STAT_H
| # include <sys/stat.h>
| #endif
| #ifdef STDC_HEADERS
| # include <stdlib.h>
| # include <stddef.h>
| #else
| # ifdef HAVE_STDLIB_H
| #  include <stdlib.h>
| # endif
| #endif
| #ifdef HAVE_STRING_H
| # if !defined STDC_HEADERS && defined HAVE_MEMORY_H
| #  include <memory.h>
| # endif
| # include <string.h>
| #endif
| #ifdef HAVE_STRINGS_H
| # include <strings.h>
| #endif
| #ifdef HAVE_INTTYPES_H
| # include <inttypes.h>
| #endif
| #ifdef HAVE_STDINT_H
| # include <stdint.h>
| #endif
| #ifdef HAVE_UNISTD_H
| # include <unistd.h>
| #endif
| int
| main ()
| {
| static struct stat ac_aggr;
| if (sizeof ac_aggr.st_atimensec)
| return 0;
|   ;
|   return 0;
| }
configure:14307: result: no
configure:14343: checking for library containing getmntent
configure:14374: /opt/lede-toolchain-ramips-mt7621_gcc-5.4.0_musl-1.1.24.Linux-x86_64/toolchain-mipsel_24kc_gcc-5.4.0_musl-1.1.24/bin/mipsel-openwrt-linux-musl-gcc -o conftest -Os -Wall -DLINUX26 -DCONFIG_RALINK -DMUSL_LIBC -DDEBUG_NOISY -DDEBUG_RCTEST -D_GNU_SOURCE -D__UAPI_DEF_ETHHDR -DRALINK_DBDC_MODE -pipe -funit-at-a-time -Wno-pointer-sign -mtune=mips32 -mips32 -DLINUX_KERNEL_VERSION=263366 --sysroot=/opt/lede-toolchain-ramips-mt7621_gcc-5.4.0_musl-1.1.24.Linux-x86_64/toolchain-mipsel_24kc_gcc-5.4.0_musl-1.1.24  -ffunction-sections -fdata-sections  -ffunction-sections -fdata-sections -Wl,--gc-sections -fPIC -ldl conftest.c  >&5
configure:14374: $? = 0
configure:14391: result: none required
configure:14406: checking whether mbrtowc and mbstate_t are properly declared
configure:14426: /opt/lede-toolchain-ramips-mt7621_gcc-5.4.0_musl-1.1.24.Linux-x86_64/toolchain-mipsel_24kc_gcc-5.4.0_musl-1.1.24/bin/mipsel-openwrt-linux-musl-gcc -o conftest -Os -Wall -DLINUX26 -DCONFIG_RALINK -DMUSL_LIBC -DDEBUG_NOISY -DDEBUG_RCTEST -D_GNU_SOURCE -D__UAPI_DEF_ETHHDR -DRALINK_DBDC_MODE -pipe -funit-at-a-time -Wno-pointer-sign -mtune=mips32 -mips32 -DLINUX_KERNEL_VERSION=263366 --sysroot=/opt/lede-toolchain-ramips-mt7621_gcc-5.4.0_musl-1.1.24.Linux-x86_64/toolchain-mipsel_24kc_gcc-5.4.0_musl-1.1.24  -ffunction-sections -fdata-sections  -ffunction-sections -fdata-sections -Wl,--gc-sections -fPIC -ldl conftest.c  >&5
configure:14426: $? = 0
configure:14434: result: yes
configure:14442: checking for working memcmp
configure:14495: result: no
configure:14504: checking whether lstat correctly handles trailing slash
configure:14547: result: no
configure:14566: checking whether stat accepts an empty string
configure:14596: result: yes
configure:14614: checking for strftime
configure:14614: /opt/lede-toolchain-ramips-mt7621_gcc-5.4.0_musl-1.1.24.Linux-x86_64/toolchain-mipsel_24kc_gcc-5.4.0_musl-1.1.24/bin/mipsel-openwrt-linux-musl-gcc -o conftest -Os -Wall -DLINUX26 -DCONFIG_RALINK -DMUSL_LIBC -DDEBUG_NOISY -DDEBUG_RCTEST -D_GNU_SOURCE -D__UAPI_DEF_ETHHDR -DRALINK_DBDC_MODE -pipe -funit-at-a-time -Wno-pointer-sign -mtune=mips32 -mips32 -DLINUX_KERNEL_VERSION=263366 --sysroot=/opt/lede-toolchain-ramips-mt7621_gcc-5.4.0_musl-1.1.24.Linux-x86_64/toolchain-mipsel_24kc_gcc-5.4.0_musl-1.1.24  -ffunction-sections -fdata-sections  -ffunction-sections -fdata-sections -Wl,--gc-sections -fPIC -ldl conftest.c  >&5
conftest.c:104:6: warning: conflicting types for built-in function 'strftime'
 char strftime ();
      ^
configure:14614: $? = 0
configure:14614: result: yes
configure:14673: checking for utime.h
configure:14673: result: yes
configure:14687: checking whether utime accepts a null argument
configure:14726: result: guessing yes
configure:14738: checking for vprintf
configure:14738: /opt/lede-toolchain-ramips-mt7621_gcc-5.4.0_musl-1.1.24.Linux-x86_64/toolchain-mipsel_24kc_gcc-5.4.0_musl-1.1.24/bin/mipsel-openwrt-linux-musl-gcc -o conftest -Os -Wall -DLINUX26 -DCONFIG_RALINK -DMUSL_LIBC -DDEBUG_NOISY -DDEBUG_RCTEST -D_GNU_SOURCE -D__UAPI_DEF_ETHHDR -DRALINK_DBDC_MODE -pipe -funit-at-a-time -Wno-pointer-sign -mtune=mips32 -mips32 -DLINUX_KERNEL_VERSION=263366 --sysroot=/opt/lede-toolchain-ramips-mt7621_gcc-5.4.0_musl-1.1.24.Linux-x86_64/toolchain-mipsel_24kc_gcc-5.4.0_musl-1.1.24  -ffunction-sections -fdata-sections  -ffunction-sections -fdata-sections -Wl,--gc-sections -fPIC -ldl conftest.c  >&5
conftest.c:107:6: warning: conflicting types for built-in function 'vprintf'
 char vprintf ();
      ^
configure:14738: $? = 0
configure:14738: result: yes
configure:14744: checking for _doprnt
configure:14744: /opt/lede-toolchain-ramips-mt7621_gcc-5.4.0_musl-1.1.24.Linux-x86_64/toolchain-mipsel_24kc_gcc-5.4.0_musl-1.1.24/bin/mipsel-openwrt-linux-musl-gcc -o conftest -Os -Wall -DLINUX26 -DCONFIG_RALINK -DMUSL_LIBC -DDEBUG_NOISY -DDEBUG_RCTEST -D_GNU_SOURCE -D__UAPI_DEF_ETHHDR -DRALINK_DBDC_MODE -pipe -funit-at-a-time -Wno-pointer-sign -mtune=mips32 -mips32 -DLINUX_KERNEL_VERSION=263366 --sysroot=/opt/lede-toolchain-ramips-mt7621_gcc-5.4.0_musl-1.1.24.Linux-x86_64/toolchain-mipsel_24kc_gcc-5.4.0_musl-1.1.24  -ffunction-sections -fdata-sections  -ffunction-sections -fdata-sections -Wl,--gc-sections -fPIC -ldl conftest.c  >&5
/tmp/ccIjjkdL.o: In function `main':
conftest.c:(.text.startup.main+0x10): undefined reference to `_doprnt'
conftest.c:(.text.startup.main+0x1c): undefined reference to `_doprnt'
collect2: error: ld returned 1 exit status
configure:14744: $? = 1
configure: failed program was:
| /* confdefs.h */
| #define PACKAGE_NAME "ntfs-3g"
| #define PACKAGE_TARNAME "ntfs-3g"
| #define PACKAGE_VERSION "2016.2.22"
| #define PACKAGE_STRING "ntfs-3g 2016.2.22"
| #define PACKAGE_BUGREPORT "ntfs-3g-devel@lists.sf.net"
| #define PACKAGE_URL ""
| #define PACKAGE "ntfs-3g"
| #define VERSION "2016.2.22"
| #define STDC_HEADERS 1
| #define HAVE_SYS_TYPES_H 1
| #define HAVE_SYS_STAT_H 1
| #define HAVE_STDLIB_H 1
| #define HAVE_STRING_H 1
| #define HAVE_MEMORY_H 1
| #define HAVE_STRINGS_H 1
| #define HAVE_INTTYPES_H 1
| #define HAVE_STDINT_H 1
| #define HAVE_UNISTD_H 1
| #define __EXTENSIONS__ 1
| #define _ALL_SOURCE 1
| #define _GNU_SOURCE 1
| #define _POSIX_PTHREAD_SEMANTICS 1
| #define _TANDEM_SOURCE 1
| #define HAVE_DLFCN_H 1
| #define LT_OBJDIR ".libs/"
| #define _REENTRANT 1
| #define FUSE_INTERNAL 1
| #define STDC_HEADERS 1
| #define HAVE_CTYPE_H 1
| #define HAVE_FCNTL_H 1
| #define HAVE_LIBGEN_H 1
| #define HAVE_LIBINTL_H 1
| #define HAVE_LIMITS_H 1
| #define HAVE_LOCALE_H 1
| #define HAVE_MNTENT_H 1
| #define HAVE_STDDEF_H 1
| #define HAVE_STDINT_H 1
| #define HAVE_STDLIB_H 1
| #define HAVE_STDIO_H 1
| #define HAVE_STDARG_H 1
| #define HAVE_STRING_H 1
| #define HAVE_STRINGS_H 1
| #define HAVE_ERRNO_H 1
| #define HAVE_TIME_H 1
| #define HAVE_UNISTD_H 1
| #define HAVE_UTIME_H 1
| #define HAVE_WCHAR_H 1
| #define HAVE_GETOPT_H 1
| #define HAVE_FEATURES_H 1
| #define HAVE_REGEX_H 1
| #define HAVE_ENDIAN_H 1
| #define HAVE_BYTESWAP_H 1
| #define HAVE_SYS_PARAM_H 1
| #define HAVE_SYS_IOCTL_H 1
| #define HAVE_SYS_MOUNT_H 1
| #define HAVE_SYS_STAT_H 1
| #define HAVE_SYS_TYPES_H 1
| #define HAVE_SYS_VFS_H 1
| #define HAVE_SYS_STATVFS_H 1
| #define HAVE_SYS_SYSMACROS_H 1
| #define HAVE_LINUX_MAJOR_H 1
| #define HAVE_LINUX_FD_H 1
| #define HAVE_LINUX_FS_H 1
| #define HAVE_INTTYPES_H 1
| #define HAVE_LINUX_HDREG_H 1
| #define HAVE_SYSLOG_H 1
| #define HAVE_PWD_H 1
| #define HAVE_MALLOC_H 1
| #define HAVE__BOOL 1
| #define HAVE_STDBOOL_H 1
| #define WORDS_LITTLEENDIAN 1
| #define HAVE_STRUCT_STAT_ST_BLOCKS 1
| #define HAVE_ST_BLOCKS 1
| #define HAVE_STRUCT_STAT_ST_RDEV 1
| #define HAVE_STRUCT_STAT_ST_ATIM 1
| #define HAVE_GETMNTENT 1
| #define HAVE_MBRTOWC 1
| #define HAVE_STAT_EMPTY_STRING_BUG 1
| #define HAVE_STRFTIME 1
| #define HAVE_UTIME_H 1
| #define HAVE_UTIME_NULL 1
| #define HAVE_VPRINTF 1
| /* end confdefs.h.  */
| /* Define _doprnt to an innocuous variant, in case <limits.h> declares _doprnt.
|    For example, HP-UX 11i <limits.h> declares gettimeofday.  */
| #define _doprnt innocuous__doprnt
| 
| /* System header to define __stub macros and hopefully few prototypes,
|     which can conflict with char _doprnt (); below.
|     Prefer <limits.h> to <assert.h> if __STDC__ is defined, since
|     <limits.h> exists even on freestanding compilers.  */
| 
| #ifdef __STDC__
| # include <limits.h>
| #else
| # include <assert.h>
| #endif
| 
| #undef _doprnt
| 
| /* Override any GCC internal prototype to avoid an error.
|    Use char because int might match the return type of a GCC
|    builtin and then its argument prototype would still apply.  */
| #ifdef __cplusplus
| extern "C"
| #endif
| char _doprnt ();
| /* The GNU C library defines this for functions which it implements
|     to always fail with ENOSYS.  Some functions are actually named
|     something starting with __ and the normal name is an alias.  */
| #if defined __stub__doprnt || defined __stub____doprnt
| choke me
| #endif
| 
| int
| main ()
| {
| return _doprnt ();
|   ;
|   return 0;
| }
configure:14744: result: no
configure:14763: checking for atexit
configure:14763: /opt/lede-toolchain-ramips-mt7621_gcc-5.4.0_musl-1.1.24.Linux-x86_64/toolchain-mipsel_24kc_gcc-5.4.0_musl-1.1.24/bin/mipsel-openwrt-linux-musl-gcc -o conftest -Os -Wall -DLINUX26 -DCONFIG_RALINK -DMUSL_LIBC -DDEBUG_NOISY -DDEBUG_RCTEST -D_GNU_SOURCE -D__UAPI_DEF_ETHHDR -DRALINK_DBDC_MODE -pipe -funit-at-a-time -Wno-pointer-sign -mtune=mips32 -mips32 -DLINUX_KERNEL_VERSION=263366 --sysroot=/opt/lede-toolchain-ramips-mt7621_gcc-5.4.0_musl-1.1.24.Linux-x86_64/toolchain-mipsel_24kc_gcc-5.4.0_musl-1.1.24  -ffunction-sections -fdata-sections  -ffunction-sections -fdata-sections -Wl,--gc-sections -fPIC -ldl conftest.c  >&5
configure:14763: $? = 0
configure:14763: result: yes
configure:14763: checking for basename
configure:14763: /opt/lede-toolchain-ramips-mt7621_gcc-5.4.0_musl-1.1.24.Linux-x86_64/toolchain-mipsel_24kc_gcc-5.4.0_musl-1.1.24/bin/mipsel-openwrt-linux-musl-gcc -o conftest -Os -Wall -DLINUX26 -DCONFIG_RALINK -DMUSL_LIBC -DDEBUG_NOISY -DDEBUG_RCTEST -D_GNU_SOURCE -D__UAPI_DEF_ETHHDR -DRALINK_DBDC_MODE -pipe -funit-at-a-time -Wno-pointer-sign -mtune=mips32 -mips32 -DLINUX_KERNEL_VERSION=263366 --sysroot=/opt/lede-toolchain-ramips-mt7621_gcc-5.4.0_musl-1.1.24.Linux-x86_64/toolchain-mipsel_24kc_gcc-5.4.0_musl-1.1.24  -ffunction-sections -fdata-sections  -ffunction-sections -fdata-sections -Wl,--gc-sections -fPIC -ldl conftest.c  >&5
configure:14763: $? = 0
configure:14763: result: yes
configure:14763: checking for daemon
configure:14763: /opt/lede-toolchain-ramips-mt7621_gcc-5.4.0_musl-1.1.24.Linux-x86_64/toolchain-mipsel_24kc_gcc-5.4.0_musl-1.1.24/bin/mipsel-openwrt-linux-musl-gcc -o conftest -Os -Wall -DLINUX26 -DCONFIG_RALINK -DMUSL_LIBC -DDEBUG_NOISY -DDEBUG_RCTEST -D_GNU_SOURCE -D__UAPI_DEF_ETHHDR -DRALINK_DBDC_MODE -pipe -funit-at-a-time -Wno-pointer-sign -mtune=mips32 -mips32 -DLINUX_KERNEL_VERSION=263366 --sysroot=/opt/lede-toolchain-ramips-mt7621_gcc-5.4.0_musl-1.1.24.Linux-x86_64/toolchain-mipsel_24kc_gcc-5.4.0_musl-1.1.24  -ffunction-sections -fdata-sections  -ffunction-sections -fdata-sections -Wl,--gc-sections -fPIC -ldl conftest.c  >&5
configure:14763: $? = 0
configure:14763: result: yes
configure:14763: checking for dup2
configure:14763: /opt/lede-toolchain-ramips-mt7621_gcc-5.4.0_musl-1.1.24.Linux-x86_64/toolchain-mipsel_24kc_gcc-5.4.0_musl-1.1.24/bin/mipsel-openwrt-linux-musl-gcc -o conftest -Os -Wall -DLINUX26 -DCONFIG_RALINK -DMUSL_LIBC -DDEBUG_NOISY -DDEBUG_RCTEST -D_GNU_SOURCE -D__UAPI_DEF_ETHHDR -DRALINK_DBDC_MODE -pipe -funit-at-a-time -Wno-pointer-sign -mtune=mips32 -mips32 -DLINUX_KERNEL_VERSION=263366 --sysroot=/opt/lede-toolchain-ramips-mt7621_gcc-5.4.0_musl-1.1.24.Linux-x86_64/toolchain-mipsel_24kc_gcc-5.4.0_musl-1.1.24  -ffunction-sections -fdata-sections  -ffunction-sections -fdata-sections -Wl,--gc-sections -fPIC -ldl conftest.c  >&5
configure:14763: $? = 0
configure:14763: result: yes
configure:14763: checking for fdatasync
configure:14763: /opt/lede-toolchain-ramips-mt7621_gcc-5.4.0_musl-1.1.24.Linux-x86_64/toolchain-mipsel_24kc_gcc-5.4.0_musl-1.1.24/bin/mipsel-openwrt-linux-musl-gcc -o conftest -Os -Wall -DLINUX26 -DCONFIG_RALINK -DMUSL_LIBC -DDEBUG_NOISY -DDEBUG_RCTEST -D_GNU_SOURCE -D__UAPI_DEF_ETHHDR -DRALINK_DBDC_MODE -pipe -funit-at-a-time -Wno-pointer-sign -mtune=mips32 -mips32 -DLINUX_KERNEL_VERSION=263366 --sysroot=/opt/lede-toolchain-ramips-mt7621_gcc-5.4.0_musl-1.1.24.Linux-x86_64/toolchain-mipsel_24kc_gcc-5.4.0_musl-1.1.24  -ffunction-sections -fdata-sections  -ffunction-sections -fdata-sections -Wl,--gc-sections -fPIC -ldl conftest.c  >&5
configure:14763: $? = 0
configure:14763: result: yes
configure:14763: checking for ffs
configure:14763: /opt/lede-toolchain-ramips-mt7621_gcc-5.4.0_musl-1.1.24.Linux-x86_64/toolchain-mipsel_24kc_gcc-5.4.0_musl-1.1.24/bin/mipsel-openwrt-linux-musl-gcc -o conftest -Os -Wall -DLINUX26 -DCONFIG_RALINK -DMUSL_LIBC -DDEBUG_NOISY -DDEBUG_RCTEST -D_GNU_SOURCE -D__UAPI_DEF_ETHHDR -DRALINK_DBDC_MODE -pipe -funit-at-a-time -Wno-pointer-sign -mtune=mips32 -mips32 -DLINUX_KERNEL_VERSION=263366 --sysroot=/opt/lede-toolchain-ramips-mt7621_gcc-5.4.0_musl-1.1.24.Linux-x86_64/toolchain-mipsel_24kc_gcc-5.4.0_musl-1.1.24  -ffunction-sections -fdata-sections  -ffunction-sections -fdata-sections -Wl,--gc-sections -fPIC -ldl conftest.c  >&5
conftest.c:113:6: warning: conflicting types for built-in function 'ffs'
 char ffs ();
      ^
configure:14763: $? = 0
configure:14763: result: yes
configure:14763: checking for getopt_long
configure:14763: /opt/lede-toolchain-ramips-mt7621_gcc-5.4.0_musl-1.1.24.Linux-x86_64/toolchain-mipsel_24kc_gcc-5.4.0_musl-1.1.24/bin/mipsel-openwrt-linux-musl-gcc -o conftest -Os -Wall -DLINUX26 -DCONFIG_RALINK -DMUSL_LIBC -DDEBUG_NOISY -DDEBUG_RCTEST -D_GNU_SOURCE -D__UAPI_DEF_ETHHDR -DRALINK_DBDC_MODE -pipe -funit-at-a-time -Wno-pointer-sign -mtune=mips32 -mips32 -DLINUX_KERNEL_VERSION=263366 --sysroot=/opt/lede-toolchain-ramips-mt7621_gcc-5.4.0_musl-1.1.24.Linux-x86_64/toolchain-mipsel_24kc_gcc-5.4.0_musl-1.1.24  -ffunction-sections -fdata-sections  -ffunction-sections -fdata-sections -Wl,--gc-sections -fPIC -ldl conftest.c  >&5
configure:14763: $? = 0
configure:14763: result: yes
configure:14763: checking for hasmntopt
configure:14763: /opt/lede-toolchain-ramips-mt7621_gcc-5.4.0_musl-1.1.24.Linux-x86_64/toolchain-mipsel_24kc_gcc-5.4.0_musl-1.1.24/bin/mipsel-openwrt-linux-musl-gcc -o conftest -Os -Wall -DLINUX26 -DCONFIG_RALINK -DMUSL_LIBC -DDEBUG_NOISY -DDEBUG_RCTEST -D_GNU_SOURCE -D__UAPI_DEF_ETHHDR -DRALINK_DBDC_MODE -pipe -funit-at-a-time -Wno-pointer-sign -mtune=mips32 -mips32 -DLINUX_KERNEL_VERSION=263366 --sysroot=/opt/lede-toolchain-ramips-mt7621_gcc-5.4.0_musl-1.1.24.Linux-x86_64/toolchain-mipsel_24kc_gcc-5.4.0_musl-1.1.24  -ffunction-sections -fdata-sections  -ffunction-sections -fdata-sections -Wl,--gc-sections -fPIC -ldl conftest.c  >&5
configure:14763: $? = 0
configure:14763: result: yes
configure:14763: checking for mbsinit
configure:14763: /opt/lede-toolchain-ramips-mt7621_gcc-5.4.0_musl-1.1.24.Linux-x86_64/toolchain-mipsel_24kc_gcc-5.4.0_musl-1.1.24/bin/mipsel-openwrt-linux-musl-gcc -o conftest -Os -Wall -DLINUX26 -DCONFIG_RALINK -DMUSL_LIBC -DDEBUG_NOISY -DDEBUG_RCTEST -D_GNU_SOURCE -D__UAPI_DEF_ETHHDR -DRALINK_DBDC_MODE -pipe -funit-at-a-time -Wno-pointer-sign -mtune=mips32 -mips32 -DLINUX_KERNEL_VERSION=263366 --sysroot=/opt/lede-toolchain-ramips-mt7621_gcc-5.4.0_musl-1.1.24.Linux-x86_64/toolchain-mipsel_24kc_gcc-5.4.0_musl-1.1.24  -ffunction-sections -fdata-sections  -ffunction-sections -fdata-sections -Wl,--gc-sections -fPIC -ldl conftest.c  >&5
configure:14763: $? = 0
configure:14763: result: yes
configure:14763: checking for memmove
configure:14763: /opt/lede-toolchain-ramips-mt7621_gcc-5.4.0_musl-1.1.24.Linux-x86_64/toolchain-mipsel_24kc_gcc-5.4.0_musl-1.1.24/bin/mipsel-openwrt-linux-musl-gcc -o conftest -Os -Wall -DLINUX26 -DCONFIG_RALINK -DMUSL_LIBC -DDEBUG_NOISY -DDEBUG_RCTEST -D_GNU_SOURCE -D__UAPI_DEF_ETHHDR -DRALINK_DBDC_MODE -pipe -funit-at-a-time -Wno-pointer-sign -mtune=mips32 -mips32 -DLINUX_KERNEL_VERSION=263366 --sysroot=/opt/lede-toolchain-ramips-mt7621_gcc-5.4.0_musl-1.1.24.Linux-x86_64/toolchain-mipsel_24kc_gcc-5.4.0_musl-1.1.24  -ffunction-sections -fdata-sections  -ffunction-sections -fdata-sections -Wl,--gc-sections -fPIC -ldl conftest.c  >&5
conftest.c:117:6: warning: conflicting types for built-in function 'memmove'
 char memmove ();
      ^
configure:14763: $? = 0
configure:14763: result: yes
configure:14763: checking for memset
configure:14763: /opt/lede-toolchain-ramips-mt7621_gcc-5.4.0_musl-1.1.24.Linux-x86_64/toolchain-mipsel_24kc_gcc-5.4.0_musl-1.1.24/bin/mipsel-openwrt-linux-musl-gcc -o conftest -Os -Wall -DLINUX26 -DCONFIG_RALINK -DMUSL_LIBC -DDEBUG_NOISY -DDEBUG_RCTEST -D_GNU_SOURCE -D__UAPI_DEF_ETHHDR -DRALINK_DBDC_MODE -pipe -funit-at-a-time -Wno-pointer-sign -mtune=mips32 -mips32 -DLINUX_KERNEL_VERSION=263366 --sysroot=/opt/lede-toolchain-ramips-mt7621_gcc-5.4.0_musl-1.1.24.Linux-x86_64/toolchain-mipsel_24kc_gcc-5.4.0_musl-1.1.24  -ffunction-sections -fdata-sections  -ffunction-sections -fdata-sections -Wl,--gc-sections -fPIC -ldl conftest.c  >&5
conftest.c:118:6: warning: conflicting types for built-in function 'memset'
 char memset ();
      ^
configure:14763: $? = 0
configure:14763: result: yes
configure:14763: checking for realpath
configure:14763: /opt/lede-toolchain-ramips-mt7621_gcc-5.4.0_musl-1.1.24.Linux-x86_64/toolchain-mipsel_24kc_gcc-5.4.0_musl-1.1.24/bin/mipsel-openwrt-linux-musl-gcc -o conftest -Os -Wall -DLINUX26 -DCONFIG_RALINK -DMUSL_LIBC -DDEBUG_NOISY -DDEBUG_RCTEST -D_GNU_SOURCE -D__UAPI_DEF_ETHHDR -DRALINK_DBDC_MODE -pipe -funit-at-a-time -Wno-pointer-sign -mtune=mips32 -mips32 -DLINUX_KERNEL_VERSION=263366 --sysroot=/opt/lede-toolchain-ramips-mt7621_gcc-5.4.0_musl-1.1.24.Linux-x86_64/toolchain-mipsel_24kc_gcc-5.4.0_musl-1.1.24  -ffunction-sections -fdata-sections  -ffunction-sections -fdata-sections -Wl,--gc-sections -fPIC -ldl conftest.c  >&5
configure:14763: $? = 0
configure:14763: result: yes
configure:14763: checking for regcomp
configure:14763: /opt/lede-toolchain-ramips-mt7621_gcc-5.4.0_musl-1.1.24.Linux-x86_64/toolchain-mipsel_24kc_gcc-5.4.0_musl-1.1.24/bin/mipsel-openwrt-linux-musl-gcc -o conftest -Os -Wall -DLINUX26 -DCONFIG_RALINK -DMUSL_LIBC -DDEBUG_NOISY -DDEBUG_RCTEST -D_GNU_SOURCE -D__UAPI_DEF_ETHHDR -DRALINK_DBDC_MODE -pipe -funit-at-a-time -Wno-pointer-sign -mtune=mips32 -mips32 -DLINUX_KERNEL_VERSION=263366 --sysroot=/opt/lede-toolchain-ramips-mt7621_gcc-5.4.0_musl-1.1.24.Linux-x86_64/toolchain-mipsel_24kc_gcc-5.4.0_musl-1.1.24  -ffunction-sections -fdata-sections  -ffunction-sections -fdata-sections -Wl,--gc-sections -fPIC -ldl conftest.c  >&5
configure:14763: $? = 0
configure:14763: result: yes
configure:14763: checking for setlocale
configure:14763: /opt/lede-toolchain-ramips-mt7621_gcc-5.4.0_musl-1.1.24.Linux-x86_64/toolchain-mipsel_24kc_gcc-5.4.0_musl-1.1.24/bin/mipsel-openwrt-linux-musl-gcc -o conftest -Os -Wall -DLINUX26 -DCONFIG_RALINK -DMUSL_LIBC -DDEBUG_NOISY -DDEBUG_RCTEST -D_GNU_SOURCE -D__UAPI_DEF_ETHHDR -DRALINK_DBDC_MODE -pipe -funit-at-a-time -Wno-pointer-sign -mtune=mips32 -mips32 -DLINUX_KERNEL_VERSION=263366 --sysroot=/opt/lede-toolchain-ramips-mt7621_gcc-5.4.0_musl-1.1.24.Linux-x86_64/toolchain-mipsel_24kc_gcc-5.4.0_musl-1.1.24  -ffunction-sections -fdata-sections  -ffunction-sections -fdata-sections -Wl,--gc-sections -fPIC -ldl conftest.c  >&5
configure:14763: $? = 0
configure:14763: result: yes
configure:14763: checking for setxattr
configure:14763: /opt/lede-toolchain-ramips-mt7621_gcc-5.4.0_musl-1.1.24.Linux-x86_64/toolchain-mipsel_24kc_gcc-5.4.0_musl-1.1.24/bin/mipsel-openwrt-linux-musl-gcc -o conftest -Os -Wall -DLINUX26 -DCONFIG_RALINK -DMUSL_LIBC -DDEBUG_NOISY -DDEBUG_RCTEST -D_GNU_SOURCE -D__UAPI_DEF_ETHHDR -DRALINK_DBDC_MODE -pipe -funit-at-a-time -Wno-pointer-sign -mtune=mips32 -mips32 -DLINUX_KERNEL_VERSION=263366 --sysroot=/opt/lede-toolchain-ramips-mt7621_gcc-5.4.0_musl-1.1.24.Linux-x86_64/toolchain-mipsel_24kc_gcc-5.4.0_musl-1.1.24  -ffunction-sections -fdata-sections  -ffunction-sections -fdata-sections -Wl,--gc-sections -fPIC -ldl conftest.c  >&5
configure:14763: $? = 0
configure:14763: result: yes
configure:14763: checking for strcasecmp
configure:14763: /opt/lede-toolchain-ramips-mt7621_gcc-5.4.0_musl-1.1.24.Linux-x86_64/toolchain-mipsel_24kc_gcc-5.4.0_musl-1.1.24/bin/mipsel-openwrt-linux-musl-gcc -o conftest -Os -Wall -DLINUX26 -DCONFIG_RALINK -DMUSL_LIBC -DDEBUG_NOISY -DDEBUG_RCTEST -D_GNU_SOURCE -D__UAPI_DEF_ETHHDR -DRALINK_DBDC_MODE -pipe -funit-at-a-time -Wno-pointer-sign -mtune=mips32 -mips32 -DLINUX_KERNEL_VERSION=263366 --sysroot=/opt/lede-toolchain-ramips-mt7621_gcc-5.4.0_musl-1.1.24.Linux-x86_64/toolchain-mipsel_24kc_gcc-5.4.0_musl-1.1.24  -ffunction-sections -fdata-sections  -ffunction-sections -fdata-sections -Wl,--gc-sections -fPIC -ldl conftest.c  >&5
conftest.c:123:6: warning: conflicting types for built-in function 'strcasecmp'
 char strcasecmp ();
      ^
configure:14763: $? = 0
configure:14763: result: yes
configure:14763: checking for strchr
configure:14763: /opt/lede-toolchain-ramips-mt7621_gcc-5.4.0_musl-1.1.24.Linux-x86_64/toolchain-mipsel_24kc_gcc-5.4.0_musl-1.1.24/bin/mipsel-openwrt-linux-musl-gcc -o conftest -Os -Wall -DLINUX26 -DCONFIG_RALINK -DMUSL_LIBC -DDEBUG_NOISY -DDEBUG_RCTEST -D_GNU_SOURCE -D__UAPI_DEF_ETHHDR -DRALINK_DBDC_MODE -pipe -funit-at-a-time -Wno-pointer-sign -mtune=mips32 -mips32 -DLINUX_KERNEL_VERSION=263366 --sysroot=/opt/lede-toolchain-ramips-mt7621_gcc-5.4.0_musl-1.1.24.Linux-x86_64/toolchain-mipsel_24kc_gcc-5.4.0_musl-1.1.24  -ffunction-sections -fdata-sections  -ffunction-sections -fdata-sections -Wl,--gc-sections -fPIC -ldl conftest.c  >&5
conftest.c:124:6: warning: conflicting types for built-in function 'strchr'
 char strchr ();
      ^
configure:14763: $? = 0
configure:14763: result: yes
configure:14763: checking for strdup
configure:14763: /opt/lede-toolchain-ramips-mt7621_gcc-5.4.0_musl-1.1.24.Linux-x86_64/toolchain-mipsel_24kc_gcc-5.4.0_musl-1.1.24/bin/mipsel-openwrt-linux-musl-gcc -o conftest -Os -Wall -DLINUX26 -DCONFIG_RALINK -DMUSL_LIBC -DDEBUG_NOISY -DDEBUG_RCTEST -D_GNU_SOURCE -D__UAPI_DEF_ETHHDR -DRALINK_DBDC_MODE -pipe -funit-at-a-time -Wno-pointer-sign -mtune=mips32 -mips32 -DLINUX_KERNEL_VERSION=263366 --sysroot=/opt/lede-toolchain-ramips-mt7621_gcc-5.4.0_musl-1.1.24.Linux-x86_64/toolchain-mipsel_24kc_gcc-5.4.0_musl-1.1.24  -ffunction-sections -fdata-sections  -ffunction-sections -fdata-sections -Wl,--gc-sections -fPIC -ldl conftest.c  >&5
conftest.c:125:6: warning: conflicting types for built-in function 'strdup'
 char strdup ();
      ^
configure:14763: $? = 0
configure:14763: result: yes
configure:14763: checking for strerror
configure:14763: /opt/lede-toolchain-ramips-mt7621_gcc-5.4.0_musl-1.1.24.Linux-x86_64/toolchain-mipsel_24kc_gcc-5.4.0_musl-1.1.24/bin/mipsel-openwrt-linux-musl-gcc -o conftest -Os -Wall -DLINUX26 -DCONFIG_RALINK -DMUSL_LIBC -DDEBUG_NOISY -DDEBUG_RCTEST -D_GNU_SOURCE -D__UAPI_DEF_ETHHDR -DRALINK_DBDC_MODE -pipe -funit-at-a-time -Wno-pointer-sign -mtune=mips32 -mips32 -DLINUX_KERNEL_VERSION=263366 --sysroot=/opt/lede-toolchain-ramips-mt7621_gcc-5.4.0_musl-1.1.24.Linux-x86_64/toolchain-mipsel_24kc_gcc-5.4.0_musl-1.1.24  -ffunction-sections -fdata-sections  -ffunction-sections -fdata-sections -Wl,--gc-sections -fPIC -ldl conftest.c  >&5
configure:14763: $? = 0
configure:14763: result: yes
configure:14763: checking for strnlen
configure:14763: /opt/lede-toolchain-ramips-mt7621_gcc-5.4.0_musl-1.1.24.Linux-x86_64/toolchain-mipsel_24kc_gcc-5.4.0_musl-1.1.24/bin/mipsel-openwrt-linux-musl-gcc -o conftest -Os -Wall -DLINUX26 -DCONFIG_RALINK -DMUSL_LIBC -DDEBUG_NOISY -DDEBUG_RCTEST -D_GNU_SOURCE -D__UAPI_DEF_ETHHDR -DRALINK_DBDC_MODE -pipe -funit-at-a-time -Wno-pointer-sign -mtune=mips32 -mips32 -DLINUX_KERNEL_VERSION=263366 --sysroot=/opt/lede-toolchain-ramips-mt7621_gcc-5.4.0_musl-1.1.24.Linux-x86_64/toolchain-mipsel_24kc_gcc-5.4.0_musl-1.1.24  -ffunction-sections -fdata-sections  -ffunction-sections -fdata-sections -Wl,--gc-sections -fPIC -ldl conftest.c  >&5
configure:14763: $? = 0
configure:14763: result: yes
configure:14763: checking for strsep
configure:14763: /opt/lede-toolchain-ramips-mt7621_gcc-5.4.0_musl-1.1.24.Linux-x86_64/toolchain-mipsel_24kc_gcc-5.4.0_musl-1.1.24/bin/mipsel-openwrt-linux-musl-gcc -o conftest -Os -Wall -DLINUX26 -DCONFIG_RALINK -DMUSL_LIBC -DDEBUG_NOISY -DDEBUG_RCTEST -D_GNU_SOURCE -D__UAPI_DEF_ETHHDR -DRALINK_DBDC_MODE -pipe -funit-at-a-time -Wno-pointer-sign -mtune=mips32 -mips32 -DLINUX_KERNEL_VERSION=263366 --sysroot=/opt/lede-toolchain-ramips-mt7621_gcc-5.4.0_musl-1.1.24.Linux-x86_64/toolchain-mipsel_24kc_gcc-5.4.0_musl-1.1.24  -ffunction-sections -fdata-sections  -ffunction-sections -fdata-sections -Wl,--gc-sections -fPIC -ldl conftest.c  >&5
configure:14763: $? = 0
configure:14763: result: yes
configure:14763: checking for strtol
configure:14763: /opt/lede-toolchain-ramips-mt7621_gcc-5.4.0_musl-1.1.24.Linux-x86_64/toolchain-mipsel_24kc_gcc-5.4.0_musl-1.1.24/bin/mipsel-openwrt-linux-musl-gcc -o conftest -Os -Wall -DLINUX26 -DCONFIG_RALINK -DMUSL_LIBC -DDEBUG_NOISY -DDEBUG_RCTEST -D_GNU_SOURCE -D__UAPI_DEF_ETHHDR -DRALINK_DBDC_MODE -pipe -funit-at-a-time -Wno-pointer-sign -mtune=mips32 -mips32 -DLINUX_KERNEL_VERSION=263366 --sysroot=/opt/lede-toolchain-ramips-mt7621_gcc-5.4.0_musl-1.1.24.Linux-x86_64/toolchain-mipsel_24kc_gcc-5.4.0_musl-1.1.24  -ffunction-sections -fdata-sections  -ffunction-sections -fdata-sections -Wl,--gc-sections -fPIC -ldl conftest.c  >&5
configure:14763: $? = 0
configure:14763: result: yes
configure:14763: checking for strtoul
configure:14763: /opt/lede-toolchain-ramips-mt7621_gcc-5.4.0_musl-1.1.24.Linux-x86_64/toolchain-mipsel_24kc_gcc-5.4.0_musl-1.1.24/bin/mipsel-openwrt-linux-musl-gcc -o conftest -Os -Wall -DLINUX26 -DCONFIG_RALINK -DMUSL_LIBC -DDEBUG_NOISY -DDEBUG_RCTEST -D_GNU_SOURCE -D__UAPI_DEF_ETHHDR -DRALINK_DBDC_MODE -pipe -funit-at-a-time -Wno-pointer-sign -mtune=mips32 -mips32 -DLINUX_KERNEL_VERSION=263366 --sysroot=/opt/lede-toolchain-ramips-mt7621_gcc-5.4.0_musl-1.1.24.Linux-x86_64/toolchain-mipsel_24kc_gcc-5.4.0_musl-1.1.24  -ffunction-sections -fdata-sections  -ffunction-sections -fdata-sections -Wl,--gc-sections -fPIC -ldl conftest.c  >&5
configure:14763: $? = 0
configure:14763: result: yes
configure:14763: checking for sysconf
configure:14763: /opt/lede-toolchain-ramips-mt7621_gcc-5.4.0_musl-1.1.24.Linux-x86_64/toolchain-mipsel_24kc_gcc-5.4.0_musl-1.1.24/bin/mipsel-openwrt-linux-musl-gcc -o conftest -Os -Wall -DLINUX26 -DCONFIG_RALINK -DMUSL_LIBC -DDEBUG_NOISY -DDEBUG_RCTEST -D_GNU_SOURCE -D__UAPI_DEF_ETHHDR -DRALINK_DBDC_MODE -pipe -funit-at-a-time -Wno-pointer-sign -mtune=mips32 -mips32 -DLINUX_KERNEL_VERSION=263366 --sysroot=/opt/lede-toolchain-ramips-mt7621_gcc-5.4.0_musl-1.1.24.Linux-x86_64/toolchain-mipsel_24kc_gcc-5.4.0_musl-1.1.24  -ffunction-sections -fdata-sections  -ffunction-sections -fdata-sections -Wl,--gc-sections -fPIC -ldl conftest.c  >&5
configure:14763: $? = 0
configure:14763: result: yes
configure:14763: checking for utime
configure:14763: /opt/lede-toolchain-ramips-mt7621_gcc-5.4.0_musl-1.1.24.Linux-x86_64/toolchain-mipsel_24kc_gcc-5.4.0_musl-1.1.24/bin/mipsel-openwrt-linux-musl-gcc -o conftest -Os -Wall -DLINUX26 -DCONFIG_RALINK -DMUSL_LIBC -DDEBUG_NOISY -DDEBUG_RCTEST -D_GNU_SOURCE -D__UAPI_DEF_ETHHDR -DRALINK_DBDC_MODE -pipe -funit-at-a-time -Wno-pointer-sign -mtune=mips32 -mips32 -DLINUX_KERNEL_VERSION=263366 --sysroot=/opt/lede-toolchain-ramips-mt7621_gcc-5.4.0_musl-1.1.24.Linux-x86_64/toolchain-mipsel_24kc_gcc-5.4.0_musl-1.1.24  -ffunction-sections -fdata-sections  -ffunction-sections -fdata-sections -Wl,--gc-sections -fPIC -ldl conftest.c  >&5
configure:14763: $? = 0
configure:14763: result: yes
configure:14763: checking for utimensat
configure:14763: /opt/lede-toolchain-ramips-mt7621_gcc-5.4.0_musl-1.1.24.Linux-x86_64/toolchain-mipsel_24kc_gcc-5.4.0_musl-1.1.24/bin/mipsel-openwrt-linux-musl-gcc -o conftest -Os -Wall -DLINUX26 -DCONFIG_RALINK -DMUSL_LIBC -DDEBUG_NOISY -DDEBUG_RCTEST -D_GNU_SOURCE -D__UAPI_DEF_ETHHDR -DRALINK_DBDC_MODE -pipe -funit-at-a-time -Wno-pointer-sign -mtune=mips32 -mips32 -DLINUX_KERNEL_VERSION=263366 --sysroot=/opt/lede-toolchain-ramips-mt7621_gcc-5.4.0_musl-1.1.24.Linux-x86_64/toolchain-mipsel_24kc_gcc-5.4.0_musl-1.1.24  -ffunction-sections -fdata-sections  -ffunction-sections -fdata-sections -Wl,--gc-sections -fPIC -ldl conftest.c  >&5
configure:14763: $? = 0
configure:14763: result: yes
configure:14763: checking for gettimeofday
configure:14763: /opt/lede-toolchain-ramips-mt7621_gcc-5.4.0_musl-1.1.24.Linux-x86_64/toolchain-mipsel_24kc_gcc-5.4.0_musl-1.1.24/bin/mipsel-openwrt-linux-musl-gcc -o conftest -Os -Wall -DLINUX26 -DCONFIG_RALINK -DMUSL_LIBC -DDEBUG_NOISY -DDEBUG_RCTEST -D_GNU_SOURCE -D__UAPI_DEF_ETHHDR -DRALINK_DBDC_MODE -pipe -funit-at-a-time -Wno-pointer-sign -mtune=mips32 -mips32 -DLINUX_KERNEL_VERSION=263366 --sysroot=/opt/lede-toolchain-ramips-mt7621_gcc-5.4.0_musl-1.1.24.Linux-x86_64/toolchain-mipsel_24kc_gcc-5.4.0_musl-1.1.24  -ffunction-sections -fdata-sections  -ffunction-sections -fdata-sections -Wl,--gc-sections -fPIC -ldl conftest.c  >&5
configure:14763: $? = 0
configure:14763: result: yes
configure:14763: checking for clock_gettime
configure:14763: /opt/lede-toolchain-ramips-mt7621_gcc-5.4.0_musl-1.1.24.Linux-x86_64/toolchain-mipsel_24kc_gcc-5.4.0_musl-1.1.24/bin/mipsel-openwrt-linux-musl-gcc -o conftest -Os -Wall -DLINUX26 -DCONFIG_RALINK -DMUSL_LIBC -DDEBUG_NOISY -DDEBUG_RCTEST -D_GNU_SOURCE -D__UAPI_DEF_ETHHDR -DRALINK_DBDC_MODE -pipe -funit-at-a-time -Wno-pointer-sign -mtune=mips32 -mips32 -DLINUX_KERNEL_VERSION=263366 --sysroot=/opt/lede-toolchain-ramips-mt7621_gcc-5.4.0_musl-1.1.24.Linux-x86_64/toolchain-mipsel_24kc_gcc-5.4.0_musl-1.1.24  -ffunction-sections -fdata-sections  -ffunction-sections -fdata-sections -Wl,--gc-sections -fPIC -ldl conftest.c  >&5
configure:14763: $? = 0
configure:14763: result: yes
configure:14763: checking for fork
configure:14763: /opt/lede-toolchain-ramips-mt7621_gcc-5.4.0_musl-1.1.24.Linux-x86_64/toolchain-mipsel_24kc_gcc-5.4.0_musl-1.1.24/bin/mipsel-openwrt-linux-musl-gcc -o conftest -Os -Wall -DLINUX26 -DCONFIG_RALINK -DMUSL_LIBC -DDEBUG_NOISY -DDEBUG_RCTEST -D_GNU_SOURCE -D__UAPI_DEF_ETHHDR -DRALINK_DBDC_MODE -pipe -funit-at-a-time -Wno-pointer-sign -mtune=mips32 -mips32 -DLINUX_KERNEL_VERSION=263366 --sysroot=/opt/lede-toolchain-ramips-mt7621_gcc-5.4.0_musl-1.1.24.Linux-x86_64/toolchain-mipsel_24kc_gcc-5.4.0_musl-1.1.24  -ffunction-sections -fdata-sections  -ffunction-sections -fdata-sections -Wl,--gc-sections -fPIC -ldl conftest.c  >&5
conftest.c:136:6: warning: conflicting types for built-in function 'fork'
 char fork ();
      ^
configure:14763: $? = 0
configure:14763: result: yes
configure:14763: checking for memcpy
configure:14763: /opt/lede-toolchain-ramips-mt7621_gcc-5.4.0_musl-1.1.24.Linux-x86_64/toolchain-mipsel_24kc_gcc-5.4.0_musl-1.1.24/bin/mipsel-openwrt-linux-musl-gcc -o conftest -Os -Wall -DLINUX26 -DCONFIG_RALINK -DMUSL_LIBC -DDEBUG_NOISY -DDEBUG_RCTEST -D_GNU_SOURCE -D__UAPI_DEF_ETHHDR -DRALINK_DBDC_MODE -pipe -funit-at-a-time -Wno-pointer-sign -mtune=mips32 -mips32 -DLINUX_KERNEL_VERSION=263366 --sysroot=/opt/lede-toolchain-ramips-mt7621_gcc-5.4.0_musl-1.1.24.Linux-x86_64/toolchain-mipsel_24kc_gcc-5.4.0_musl-1.1.24  -ffunction-sections -fdata-sections  -ffunction-sections -fdata-sections -Wl,--gc-sections -fPIC -ldl conftest.c  >&5
conftest.c:137:6: warning: conflicting types for built-in function 'memcpy'
 char memcpy ();
      ^
configure:14763: $? = 0
configure:14763: result: yes
configure:14763: checking for random
configure:14763: /opt/lede-toolchain-ramips-mt7621_gcc-5.4.0_musl-1.1.24.Linux-x86_64/toolchain-mipsel_24kc_gcc-5.4.0_musl-1.1.24/bin/mipsel-openwrt-linux-musl-gcc -o conftest -Os -Wall -DLINUX26 -DCONFIG_RALINK -DMUSL_LIBC -DDEBUG_NOISY -DDEBUG_RCTEST -D_GNU_SOURCE -D__UAPI_DEF_ETHHDR -DRALINK_DBDC_MODE -pipe -funit-at-a-time -Wno-pointer-sign -mtune=mips32 -mips32 -DLINUX_KERNEL_VERSION=263366 --sysroot=/opt/lede-toolchain-ramips-mt7621_gcc-5.4.0_musl-1.1.24.Linux-x86_64/toolchain-mipsel_24kc_gcc-5.4.0_musl-1.1.24  -ffunction-sections -fdata-sections  -ffunction-sections -fdata-sections -Wl,--gc-sections -fPIC -ldl conftest.c  >&5
configure:14763: $? = 0
configure:14763: result: yes
configure:14763: checking for snprintf
configure:14763: /opt/lede-toolchain-ramips-mt7621_gcc-5.4.0_musl-1.1.24.Linux-x86_64/toolchain-mipsel_24kc_gcc-5.4.0_musl-1.1.24/bin/mipsel-openwrt-linux-musl-gcc -o conftest -Os -Wall -DLINUX26 -DCONFIG_RALINK -DMUSL_LIBC -DDEBUG_NOISY -DDEBUG_RCTEST -D_GNU_SOURCE -D__UAPI_DEF_ETHHDR -DRALINK_DBDC_MODE -pipe -funit-at-a-time -Wno-pointer-sign -mtune=mips32 -mips32 -DLINUX_KERNEL_VERSION=263366 --sysroot=/opt/lede-toolchain-ramips-mt7621_gcc-5.4.0_musl-1.1.24.Linux-x86_64/toolchain-mipsel_24kc_gcc-5.4.0_musl-1.1.24  -ffunction-sections -fdata-sections  -ffunction-sections -fdata-sections -Wl,--gc-sections -fPIC -ldl conftest.c  >&5
conftest.c:139:6: warning: conflicting types for built-in function 'snprintf'
 char snprintf ();
      ^
configure:14763: $? = 0
configure:14763: result: yes
configure:14779: checking for special C compiler options needed for large files
configure:14824: result: no
configure:14830: checking for _FILE_OFFSET_BITS value needed for large files
configure:14855: /opt/lede-toolchain-ramips-mt7621_gcc-5.4.0_musl-1.1.24.Linux-x86_64/toolchain-mipsel_24kc_gcc-5.4.0_musl-1.1.24/bin/mipsel-openwrt-linux-musl-gcc -c -Os -Wall -DLINUX26 -DCONFIG_RALINK -DMUSL_LIBC -DDEBUG_NOISY -DDEBUG_RCTEST -D_GNU_SOURCE -D__UAPI_DEF_ETHHDR -DRALINK_DBDC_MODE -pipe -funit-at-a-time -Wno-pointer-sign -mtune=mips32 -mips32 -DLINUX_KERNEL_VERSION=263366 --sysroot=/opt/lede-toolchain-ramips-mt7621_gcc-5.4.0_musl-1.1.24.Linux-x86_64/toolchain-mipsel_24kc_gcc-5.4.0_musl-1.1.24  -ffunction-sections -fdata-sections  conftest.c >&5
configure:14855: $? = 0
configure:14887: result: no
configure:15266: checking that generated files are newer than configure
configure:15272: result: done
configure:15356: creating ./config.status

## ---------------------- ##
## Running config.status. ##
## ---------------------- ##

This file was extended by ntfs-3g config.status 2016.2.22, which was
generated by GNU Autoconf 2.69.  Invocation command line was

  CONFIG_FILES    = 
  CONFIG_HEADERS  = 
  CONFIG_LINKS    = 
  CONFIG_COMMANDS = 
  $ ./config.status 

on 820a0eb7ac91

config.status:1275: creating Makefile
config.status:1275: creating include/Makefile
config.status:1275: creating include/fuse-lite/Makefile
config.status:1275: creating include/ntfs-3g/Makefile
config.status:1275: creating libfuse-lite/Makefile
config.status:1275: creating libntfs-3g/Makefile
config.status:1275: creating libntfs-3g/libntfs-3g.pc
config.status:1275: creating libntfs-3g/libntfs-3g.script.so
config.status:1275: creating ntfsprogs/Makefile
config.status:1275: creating ntfsprogs/mkntfs.8
config.status:1275: creating ntfsprogs/ntfscat.8
config.status:1275: creating ntfsprogs/ntfsclone.8
config.status:1275: creating ntfsprogs/ntfscluster.8
config.status:1275: creating ntfsprogs/ntfscmp.8
config.status:1275: creating ntfsprogs/ntfscp.8
config.status:1275: creating ntfsprogs/ntfsfix.8
config.status:1275: creating ntfsprogs/ntfsinfo.8
config.status:1275: creating ntfsprogs/ntfslabel.8
config.status:1275: creating ntfsprogs/ntfsls.8
config.status:1275: creating ntfsprogs/ntfsprogs.8
config.status:1275: creating ntfsprogs/ntfsresize.8
config.status:1275: creating ntfsprogs/ntfsundelete.8
config.status:1275: creating ntfsprogs/ntfsdecrypt.8
config.status:1275: creating ntfsprogs/ntfswipe.8
config.status:1275: creating ntfsprogs/ntfstruncate.8
config.status:1275: creating ntfsprogs/ntfsfallocate.8
config.status:1275: creating ntfsprogs/ntfsrecover.8
config.status:1275: creating src/Makefile
config.status:1275: creating src/ntfs-3g.8
config.status:1275: creating src/ntfs-3g.probe.8
config.status:1275: creating src/ntfs-3g.usermap.8
config.status:1275: creating src/ntfs-3g.secaudit.8
config.status:1275: creating config.h
config.status:1504: executing depfiles commands
config.status:1504: executing libtool commands

## ---------------- ##
## Cache variables. ##
## ---------------- ##

ac_cv_build=x86_64-pc-linux-gnu
ac_cv_c_bigendian=no
ac_cv_c_compiler_gnu=yes
ac_cv_c_const=yes
ac_cv_c_inline=inline
ac_cv_env_CC_set=set
ac_cv_env_CC_value=/opt/lede-toolchain-ramips-mt7621_gcc-5.4.0_musl-1.1.24.Linux-x86_64/toolchain-mipsel_24kc_gcc-5.4.0_musl-1.1.24/bin/mipsel-openwrt-linux-musl-gcc
ac_cv_env_CFLAGS_set=set
ac_cv_env_CFLAGS_value='-Os -Wall -DLINUX26 -DCONFIG_RALINK -DMUSL_LIBC -DDEBUG_NOISY -DDEBUG_RCTEST -D_GNU_SOURCE -D__UAPI_DEF_ETHHDR -DRALINK_DBDC_MODE -pipe -funit-at-a-time -Wno-pointer-sign -mtune=mips32 -mips32 -DLINUX_KERNEL_VERSION=263366 --sysroot=/opt/lede-toolchain-ramips-mt7621_gcc-5.4.0_musl-1.1.24.Linux-x86_64/toolchain-mipsel_24kc_gcc-5.4.0_musl-1.1.24  -ffunction-sections -fdata-sections'
ac_cv_env_CPPFLAGS_set=
ac_cv_env_CPPFLAGS_value=
ac_cv_env_CPP_set=
ac_cv_env_CPP_value=
ac_cv_env_FUSE_MODULE_CFLAGS_set=
ac_cv_env_FUSE_MODULE_CFLAGS_value=
ac_cv_env_FUSE_MODULE_LIBS_set=
ac_cv_env_FUSE_MODULE_LIBS_value=
ac_cv_env_GNUTLS_CFLAGS_set=
ac_cv_env_GNUTLS_CFLAGS_value=
ac_cv_env_GNUTLS_LIBS_set=
ac_cv_env_GNUTLS_LIBS_value=
ac_cv_env_LDCONFIG_set=
ac_cv_env_LDCONFIG_value=
ac_cv_env_LDFLAGS_set=set
ac_cv_env_LDFLAGS_value='-ffunction-sections -fdata-sections -Wl,--gc-sections -fPIC -ldl'
ac_cv_env_LIBS_set=
ac_cv_env_LIBS_value=
ac_cv_env_PKG_CONFIG_LIBDIR_set=set
ac_cv_env_PKG_CONFIG_LIBDIR_value=/repo/Pass_GPL/asuswrt/release/src-ra-openwrt-4210/router/mipsel-musl/stage/usr/lib/pkgconfig:/repo/Pass_GPL/asuswrt/release/src-ra-openwrt-4210/router/mipsel-musl/stage/usr/local/lib/pkgconfig:/repo/Pass_GPL/asuswrt/release/src-ra-openwrt-4210/router/mipsel-musl/stage/etc/lib/pkgconfig
ac_cv_env_PKG_CONFIG_PATH_set=set
ac_cv_env_PKG_CONFIG_PATH_value=/repo/Pass_GPL/asuswrt/release/src-ra-openwrt-4210/router/mipsel-musl/stage/usr/lib/pkgconfig:/repo/Pass_GPL/asuswrt/release/src-ra-openwrt-4210/router/mipsel-musl/stage/etc/lib/pkgconfig
ac_cv_env_PKG_CONFIG_set=
ac_cv_env_PKG_CONFIG_value=
ac_cv_env_build_alias_set=set
ac_cv_env_build_alias_value=x86_64-linux-gnu
ac_cv_env_host_alias_set=set
ac_cv_env_host_alias_value=mipsel-linux
ac_cv_env_target_alias_set=
ac_cv_env_target_alias_value=
ac_cv_func__doprnt=no
ac_cv_func_atexit=yes
ac_cv_func_basename=yes
ac_cv_func_clock_gettime=yes
ac_cv_func_daemon=yes
ac_cv_func_dup2=yes
ac_cv_func_fdatasync=yes
ac_cv_func_ffs=yes
ac_cv_func_fork=yes
ac_cv_func_getmntent=yes
ac_cv_func_getopt_long=yes
ac_cv_func_gettimeofday=yes
ac_cv_func_hasmntopt=yes
ac_cv_func_lstat_dereferences_slashed_symlink=no
ac_cv_func_mbrtowc=yes
ac_cv_func_mbsinit=yes
ac_cv_func_memcmp_working=no
ac_cv_func_memcpy=yes
ac_cv_func_memmove=yes
ac_cv_func_memset=yes
ac_cv_func_random=yes
ac_cv_func_realpath=yes
ac_cv_func_regcomp=yes
ac_cv_func_setlocale=yes
ac_cv_func_setxattr=yes
ac_cv_func_snprintf=yes
ac_cv_func_stat_empty_string_bug=yes
ac_cv_func_strcasecmp=yes
ac_cv_func_strchr=yes
ac_cv_func_strdup=yes
ac_cv_func_strerror=yes
ac_cv_func_strftime=yes
ac_cv_func_strnlen=yes
ac_cv_func_strsep=yes
ac_cv_func_strtol=yes
ac_cv_func_strtoul=yes
ac_cv_func_sysconf=yes
ac_cv_func_utime=yes
ac_cv_func_utime_null=yes
ac_cv_func_utimensat=yes
ac_cv_func_vprintf=yes
ac_cv_header_byteswap_h=yes
ac_cv_header_ctype_h=yes
ac_cv_header_dlfcn_h=yes
ac_cv_header_endian_h=yes
ac_cv_header_errno_h=yes
ac_cv_header_fcntl_h=yes
ac_cv_header_features_h=yes
ac_cv_header_getopt_h=yes
ac_cv_header_hd_h=no
ac_cv_header_inttypes_h=yes
ac_cv_header_libgen_h=yes
ac_cv_header_libintl_h=yes
ac_cv_header_limits_h=yes
ac_cv_header_linux_fd_h=yes
ac_cv_header_linux_fs_h=yes
ac_cv_header_linux_hdreg_h=yes
ac_cv_header_linux_major_h=yes
ac_cv_header_locale_h=yes
ac_cv_header_machine_endian_h=no
ac_cv_header_malloc_h=yes
ac_cv_header_memory_h=yes
ac_cv_header_minix_config_h=no
ac_cv_header_mntent_h=yes
ac_cv_header_pwd_h=yes
ac_cv_header_regex_h=yes
ac_cv_header_stdarg_h=yes
ac_cv_header_stdbool_h=yes
ac_cv_header_stdc=yes
ac_cv_header_stddef_h=yes
ac_cv_header_stdint_h=yes
ac_cv_header_stdio_h=yes
ac_cv_header_stdlib_h=yes
ac_cv_header_string_h=yes
ac_cv_header_strings_h=yes
ac_cv_header_sys_byteorder_h=no
ac_cv_header_sys_disk_h=no
ac_cv_header_sys_endian_h=no
ac_cv_header_sys_ioctl_h=yes
ac_cv_header_sys_mkdev_h=no
ac_cv_header_sys_mount_h=yes
ac_cv_header_sys_param_h=yes
ac_cv_header_sys_stat_h=yes
ac_cv_header_sys_statvfs_h=yes
ac_cv_header_sys_sysmacros_h=yes
ac_cv_header_sys_types_h=yes
ac_cv_header_sys_vfs_h=yes
ac_cv_header_syslog_h=yes
ac_cv_header_time_h=yes
ac_cv_header_unistd_h=yes
ac_cv_header_utime_h=yes
ac_cv_header_uuid_uuid_h=no
ac_cv_header_wchar_h=yes
ac_cv_header_windows_h=no
ac_cv_host=mipsel-unknown-linux-gnu
ac_cv_lib_pthread_pthread_create=yes
ac_cv_member_struct_stat_st_atim=yes
ac_cv_member_struct_stat_st_atimensec=no
ac_cv_member_struct_stat_st_atimespec=no
ac_cv_member_struct_stat_st_blocks=yes
ac_cv_member_struct_stat_st_rdev=yes
ac_cv_objext=o
ac_cv_path_EGREP='/bin/grep -E'
ac_cv_path_FGREP='/bin/grep -F'
ac_cv_path_GREP=/bin/grep
ac_cv_path_LDCONFIG=/sbin/ldconfig
ac_cv_path_MV=/bin/mv
ac_cv_path_RM=/bin/rm
ac_cv_path_SED=/bin/sed
ac_cv_path_ac_pt_PKG_CONFIG=/usr/bin/pkg-config
ac_cv_path_install='/usr/bin/install -c'
ac_cv_path_mkdir=/bin/mkdir
ac_cv_prog_AR=/opt/lede-toolchain-ramips-mt7621_gcc-5.4.0_musl-1.1.24.Linux-x86_64/toolchain-mipsel_24kc_gcc-5.4.0_musl-1.1.24/bin/mipsel-openwrt-linux-musl-ar
ac_cv_prog_AWK=gawk
ac_cv_prog_CC=/opt/lede-toolchain-ramips-mt7621_gcc-5.4.0_musl-1.1.24.Linux-x86_64/toolchain-mipsel_24kc_gcc-5.4.0_musl-1.1.24/bin/mipsel-openwrt-linux-musl-gcc
ac_cv_prog_CPP='/opt/lede-toolchain-ramips-mt7621_gcc-5.4.0_musl-1.1.24.Linux-x86_64/toolchain-mipsel_24kc_gcc-5.4.0_musl-1.1.24/bin/mipsel-openwrt-linux-musl-gcc -E'
ac_cv_prog_OBJDUMP=/opt/lede-toolchain-ramips-mt7621_gcc-5.4.0_musl-1.1.24.Linux-x86_64/toolchain-mipsel_24kc_gcc-5.4.0_musl-1.1.24/bin/mipsel-openwrt-linux-musl-objdump
ac_cv_prog_RANLIB=/opt/lede-toolchain-ramips-mt7621_gcc-5.4.0_musl-1.1.24.Linux-x86_64/toolchain-mipsel_24kc_gcc-5.4.0_musl-1.1.24/bin/mipsel-openwrt-linux-musl-ranlib
ac_cv_prog_STRIP='/opt/lede-toolchain-ramips-mt7621_gcc-5.4.0_musl-1.1.24.Linux-x86_64/toolchain-mipsel_24kc_gcc-5.4.0_musl-1.1.24/bin/mipsel-openwrt-linux-musl-strip -R .note -R .comment'
ac_cv_prog_cc_c89=
ac_cv_prog_cc_g=yes
ac_cv_prog_make_make_set=yes
ac_cv_safe_to_define___extensions__=yes
ac_cv_search_getmntent='none required'
ac_cv_sys_file_offset_bits=no
ac_cv_sys_largefile_CC=no
ac_cv_target=mipsel-unknown-linux-gnu
ac_cv_type__Bool=yes
ac_cv_type_off_t=yes
ac_cv_type_size_t=yes
am_cv_CC_dependencies_compiler_type=none
am_cv_make_support_nested_variables=yes
am_cv_prog_cc_c_o=yes
lt_cv_ar_at_file=@
lt_cv_deplibs_check_method=pass_all
lt_cv_file_magic_cmd='$MAGIC_CMD'
lt_cv_file_magic_test_file=
lt_cv_ld_reload_flag=-r
lt_cv_nm_interface='BSD nm'
lt_cv_objdir=.libs
lt_cv_path_LD=/opt/lede-toolchain-ramips-mt7621_gcc-5.4.0_musl-1.1.24.Linux-x86_64/toolchain-mipsel_24kc_gcc-5.4.0_musl-1.1.24/bin/mipsel-openwrt-linux-musl-ld
lt_cv_path_NM=/opt/lede-toolchain-ramips-mt7621_gcc-5.4.0_musl-1.1.24.Linux-x86_64/toolchain-mipsel_24kc_gcc-5.4.0_musl-1.1.24/bin/mipsel-openwrt-linux-musl-nm
lt_cv_path_mainfest_tool=no
lt_cv_prog_compiler_c_o=yes
lt_cv_prog_compiler_pic='-fPIC -DPIC'
lt_cv_prog_compiler_pic_works=yes
lt_cv_prog_compiler_rtti_exceptions=no
lt_cv_prog_compiler_static_works=yes
lt_cv_prog_gnu_ld=yes
lt_cv_sharedlib_from_linklib_cmd='printf %s\n'
lt_cv_shlibpath_overrides_runpath=no
lt_cv_sys_global_symbol_pipe='sed -n -e '\''s/^.*[	 ]\([ABCDGIRSTW][ABCDGIRSTW]*\)[	 ][	 ]*\([_A-Za-z][_A-Za-z0-9]*\)$/\1 \2 \2/p'\'' | sed '\''/ __gnu_lto/d'\'''
lt_cv_sys_global_symbol_to_c_name_address='sed -n -e '\''s/^: \([^ ]*\)[ ]*$/  {\"\1\", (void *) 0},/p'\'' -e '\''s/^[ABCDGIRSTW]* \([^ ]*\) \([^ ]*\)$/  {"\2", (void *) \&\2},/p'\'''
lt_cv_sys_global_symbol_to_c_name_address_lib_prefix='sed -n -e '\''s/^: \([^ ]*\)[ ]*$/  {\"\1\", (void *) 0},/p'\'' -e '\''s/^[ABCDGIRSTW]* \([^ ]*\) \(lib[^ ]*\)$/  {"\2", (void *) \&\2},/p'\'' -e '\''s/^[ABCDGIRSTW]* \([^ ]*\) \([^ ]*\)$/  {"lib\2", (void *) \&\2},/p'\'''
lt_cv_sys_global_symbol_to_cdecl='sed -n -e '\''s/^T .* \(.*\)$/extern int \1();/p'\'' -e '\''s/^[ABCDGIRSTW]* .* \(.*\)$/extern char \1;/p'\'''
lt_cv_sys_max_cmd_len=1572864
lt_cv_to_host_file_cmd=func_convert_file_noop
lt_cv_to_tool_file_cmd=func_convert_file_noop

## ----------------- ##
## Output variables. ##
## ----------------- ##

ACLOCAL='${SHELL} /repo/Pass_GPL/asuswrt/release/src/router/ntfs-3g-2016.2.22/missing aclocal-1.14'
AMDEPBACKSLASH=''
AMDEP_FALSE=''
AMDEP_TRUE='#'
AMTAR='$${TAR-tar}'
AM_BACKSLASH='\'
AM_DEFAULT_V='$(AM_DEFAULT_VERBOSITY)'
AM_DEFAULT_VERBOSITY='1'
AM_V='$(V)'
AR='/opt/lede-toolchain-ramips-mt7621_gcc-5.4.0_musl-1.1.24.Linux-x86_64/toolchain-mipsel_24kc_gcc-5.4.0_musl-1.1.24/bin/mipsel-openwrt-linux-musl-ar'
AUTOCONF='${SHELL} /repo/Pass_GPL/asuswrt/release/src/router/ntfs-3g-2016.2.22/missing autoconf'
AUTOHEADER='${SHELL} /repo/Pass_GPL/asuswrt/release/src/router/ntfs-3g-2016.2.22/missing autoheader'
AUTOMAKE='${SHELL} /repo/Pass_GPL/asuswrt/release/src/router/ntfs-3g-2016.2.22/missing automake-1.14'
AWK='gawk'
CC='/opt/lede-toolchain-ramips-mt7621_gcc-5.4.0_musl-1.1.24.Linux-x86_64/toolchain-mipsel_24kc_gcc-5.4.0_musl-1.1.24/bin/mipsel-openwrt-linux-musl-gcc'
CCDEPMODE='depmode=none'
CFLAGS='-Os -Wall -DLINUX26 -DCONFIG_RALINK -DMUSL_LIBC -DDEBUG_NOISY -DDEBUG_RCTEST -D_GNU_SOURCE -D__UAPI_DEF_ETHHDR -DRALINK_DBDC_MODE -pipe -funit-at-a-time -Wno-pointer-sign -mtune=mips32 -mips32 -DLINUX_KERNEL_VERSION=263366 --sysroot=/opt/lede-toolchain-ramips-mt7621_gcc-5.4.0_musl-1.1.24.Linux-x86_64/toolchain-mipsel_24kc_gcc-5.4.0_musl-1.1.24  -ffunction-sections -fdata-sections -Wall'
CPP='/opt/lede-toolchain-ramips-mt7621_gcc-5.4.0_musl-1.1.24.Linux-x86_64/toolchain-mipsel_24kc_gcc-5.4.0_musl-1.1.24/bin/mipsel-openwrt-linux-musl-gcc -E'
CPPFLAGS=''
CYGPATH_W='echo'
DEFS='-DHAVE_CONFIG_H'
DEPDIR='.deps'
DLLTOOL='false'
DSYMUTIL=''
DUMPBIN=''
ECHO_C=''
ECHO_N='-n'
ECHO_T=''
EGREP='/bin/grep -E'
ENABLE_CRYPTO_FALSE=''
ENABLE_CRYPTO_TRUE='#'
ENABLE_EXTRAS_FALSE=''
ENABLE_EXTRAS_TRUE='#'
ENABLE_MOUNT_HELPER_FALSE=''
ENABLE_MOUNT_HELPER_TRUE='#'
ENABLE_NTFSPROGS_FALSE='#'
ENABLE_NTFSPROGS_TRUE=''
ENABLE_NTFS_3G_FALSE='#'
ENABLE_NTFS_3G_TRUE=''
ENABLE_QUARANTINED_FALSE=''
ENABLE_QUARANTINED_TRUE='#'
EXEEXT=''
FGREP='/bin/grep -F'
FUSE_INTERNAL_FALSE='#'
FUSE_INTERNAL_TRUE=''
FUSE_MODULE_CFLAGS=''
FUSE_MODULE_LIBS=''
GENERATE_LDSCRIPT_FALSE=''
GENERATE_LDSCRIPT_TRUE='#'
GNUTLS_CFLAGS=''
GNUTLS_LIBS=''
GREP='/bin/grep'
INSTALL_DATA='${INSTALL} -m 644'
INSTALL_LIBRARY_FALSE=''
INSTALL_LIBRARY_TRUE='#'
INSTALL_PROGRAM='${INSTALL}'
INSTALL_SCRIPT='${INSTALL}'
INSTALL_STRIP_PROGRAM='$(install_sh) -c -s'
LD='/opt/lede-toolchain-ramips-mt7621_gcc-5.4.0_musl-1.1.24.Linux-x86_64/toolchain-mipsel_24kc_gcc-5.4.0_musl-1.1.24/bin/mipsel-openwrt-linux-musl-ld'
LDCONFIG='/sbin/ldconfig'
LDFLAGS='-ffunction-sections -fdata-sections -Wl,--gc-sections -fPIC -ldl'
LIBFUSE_LITE_CFLAGS=''
LIBFUSE_LITE_LIBS=' -lpthread'
LIBGCRYPT_CFLAGS=''
LIBGCRYPT_CONFIG=''
LIBGCRYPT_LIBS=''
LIBNTFS_3G_VERSION='87'
LIBNTFS_CPPFLAGS=''
LIBNTFS_LIBS=''
LIBOBJS=' ${LIBOBJDIR}memcmp$U.o ${LIBOBJDIR}lstat$U.o ${LIBOBJDIR}stat$U.o'
LIBS=''
LIBTOOL='$(SHELL) $(top_builddir)/libtool'
LIPO=''
LN_S='ln -s'
LTLIBOBJS=' ${LIBOBJDIR}memcmp$U.lo ${LIBOBJDIR}lstat$U.lo ${LIBOBJDIR}stat$U.lo'
MAINT='#'
MAINTAINER_MODE_FALSE=''
MAINTAINER_MODE_TRUE='#'
MAKEINFO='${SHELL} /repo/Pass_GPL/asuswrt/release/src/router/ntfs-3g-2016.2.22/missing makeinfo'
MANIFEST_TOOL=':'
MKDIR_P='/bin/mkdir -p'
MKNTFS_CPPFLAGS=''
MKNTFS_LIBS=''
MV='/bin/mv'
NM='/opt/lede-toolchain-ramips-mt7621_gcc-5.4.0_musl-1.1.24.Linux-x86_64/toolchain-mipsel_24kc_gcc-5.4.0_musl-1.1.24/bin/mipsel-openwrt-linux-musl-nm'
NMEDIT=''
NTFSPROGS_STATIC_LIBS=''
NTFS_DEVICE_DEFAULT_IO_OPS_FALSE='#'
NTFS_DEVICE_DEFAULT_IO_OPS_TRUE=''
OBJDUMP='/opt/lede-toolchain-ramips-mt7621_gcc-5.4.0_musl-1.1.24.Linux-x86_64/toolchain-mipsel_24kc_gcc-5.4.0_musl-1.1.24/bin/mipsel-openwrt-linux-musl-objdump'
OBJEXT='o'
OTOOL64=''
OTOOL=''
OUTPUT_FORMAT=''
PACKAGE='ntfs-3g'
PACKAGE_BUGREPORT='ntfs-3g-devel@lists.sf.net'
PACKAGE_NAME='ntfs-3g'
PACKAGE_STRING='ntfs-3g 2016.2.22'
PACKAGE_TARNAME='ntfs-3g'
PACKAGE_URL=''
PACKAGE_VERSION='2016.2.22'
PATH_SEPARATOR=':'
PKG_CONFIG='/usr/bin/pkg-config'
PKG_CONFIG_LIBDIR='/repo/Pass_GPL/asuswrt/release/src-ra-openwrt-4210/router/mipsel-musl/stage/usr/lib/pkgconfig:/repo/Pass_GPL/asuswrt/release/src-ra-openwrt-4210/router/mipsel-musl/stage/usr/local/lib/pkgconfig:/repo/Pass_GPL/asuswrt/release/src-ra-openwrt-4210/router/mipsel-musl/stage/etc/lib/pkgconfig'
PKG_CONFIG_PATH='/repo/Pass_GPL/asuswrt/release/src-ra-openwrt-4210/router/mipsel-musl/stage/usr/lib/pkgconfig:/repo/Pass_GPL/asuswrt/release/src-ra-openwrt-4210/router/mipsel-musl/stage/etc/lib/pkgconfig'
RANLIB='/opt/lede-toolchain-ramips-mt7621_gcc-5.4.0_musl-1.1.24.Linux-x86_64/toolchain-mipsel_24kc_gcc-5.4.0_musl-1.1.24/bin/mipsel-openwrt-linux-musl-ranlib'
REALLYSTATIC_FALSE=''
REALLYSTATIC_TRUE='#'
RM='/bin/rm'
RUN_LDCONFIG_FALSE=''
RUN_LDCONFIG_TRUE='#'
SED='/bin/sed'
SET_MAKE=''
SHELL='/bin/sh'
STRIP='/opt/lede-toolchain-ramips-mt7621_gcc-5.4.0_musl-1.1.24.Linux-x86_64/toolchain-mipsel_24kc_gcc-5.4.0_musl-1.1.24/bin/mipsel-openwrt-linux-musl-strip -R .note -R .comment'
VERSION='2016.2.22'
WINDOWS_FALSE=''
WINDOWS_TRUE='#'
ac_ct_AR=''
ac_ct_CC=''
ac_ct_DUMPBIN=''
all_includes=' '
all_libraries=' '
am__EXEEXT_FALSE=''
am__EXEEXT_TRUE='#'
am__fastdepCC_FALSE=''
am__fastdepCC_TRUE='#'
am__include='include'
am__isrc=''
am__leading_dot='.'
am__nodep=''
am__quote=''
am__tar='$${TAR-tar} chof - "$$tardir"'
am__untar='$${TAR-tar} xf -'
bindir='${exec_prefix}/bin'
build='x86_64-pc-linux-gnu'
build_alias='x86_64-linux-gnu'
build_cpu='x86_64'
build_os='linux-gnu'
build_vendor='pc'
datadir='${datarootdir}'
datarootdir='${prefix}/share'
docdir='${datarootdir}/doc/${PACKAGE_TARNAME}'
dvidir='${docdir}'
exec_prefix='${prefix}'
host='mipsel-unknown-linux-gnu'
host_alias='mipsel-linux'
host_cpu='mipsel'
host_os='linux-gnu'
host_vendor='unknown'
htmldir='${docdir}'
includedir='${prefix}/include'
infodir='${datarootdir}/info'
install_sh='${SHELL} /repo/Pass_GPL/asuswrt/release/src/router/ntfs-3g-2016.2.22/install-sh'
libdir='${exec_prefix}/lib'
libexecdir='${exec_prefix}/libexec'
localedir='${datarootdir}/locale'
localstatedir='${prefix}/var'
mandir='${datarootdir}/man'
mkdir_p='$(MKDIR_P)'
ntfs3gincludedir='$(includedir)/ntfs-3g'
oldincludedir='/usr/include'
pdfdir='${docdir}'
pkgconfigdir='$(libdir)/pkgconfig'
prefix='/usr/local'
program_transform_name='s,x,x,'
psdir='${docdir}'
rootbindir='/bin'
rootlibdir='/lib'
rootsbindir='/sbin'
sbindir='${exec_prefix}/sbin'
sharedstatedir='${prefix}/com'
sysconfdir='${prefix}/etc'
target='mipsel-unknown-linux-gnu'
target_alias=''
target_cpu='mipsel'
target_os='linux-gnu'
target_vendor='unknown'

## ----------- ##
## confdefs.h. ##
## ----------- ##

/* confdefs.h */
#define PACKAGE_NAME "ntfs-3g"
#define PACKAGE_TARNAME "ntfs-3g"
#define PACKAGE_VERSION "2016.2.22"
#define PACKAGE_STRING "ntfs-3g 2016.2.22"
#define PACKAGE_BUGREPORT "ntfs-3g-devel@lists.sf.net"
#define PACKAGE_URL ""
#define PACKAGE "ntfs-3g"
#define VERSION "2016.2.22"
#define STDC_HEADERS 1
#define HAVE_SYS_TYPES_H 1
#define HAVE_SYS_STAT_H 1
#define HAVE_STDLIB_H 1
#define HAVE_STRING_H 1
#define HAVE_MEMORY_H 1
#define HAVE_STRINGS_H 1
#define HAVE_INTTYPES_H 1
#define HAVE_STDINT_H 1
#define HAVE_UNISTD_H 1
#define __EXTENSIONS__ 1
#define _ALL_SOURCE 1
#define _GNU_SOURCE 1
#define _POSIX_PTHREAD_SEMANTICS 1
#define _TANDEM_SOURCE 1
#define HAVE_DLFCN_H 1
#define LT_OBJDIR ".libs/"
#define _REENTRANT 1
#define FUSE_INTERNAL 1
#define STDC_HEADERS 1
#define HAVE_CTYPE_H 1
#define HAVE_FCNTL_H 1
#define HAVE_LIBGEN_H 1
#define HAVE_LIBINTL_H 1
#define HAVE_LIMITS_H 1
#define HAVE_LOCALE_H 1
#define HAVE_MNTENT_H 1
#define HAVE_STDDEF_H 1
#define HAVE_STDINT_H 1
#define HAVE_STDLIB_H 1
#define HAVE_STDIO_H 1
#define HAVE_STDARG_H 1
#define HAVE_STRING_H 1
#define HAVE_STRINGS_H 1
#define HAVE_ERRNO_H 1
#define HAVE_TIME_H 1
#define HAVE_UNISTD_H 1
#define HAVE_UTIME_H 1
#define HAVE_WCHAR_H 1
#define HAVE_GETOPT_H 1
#define HAVE_FEATURES_H 1
#define HAVE_REGEX_H 1
#define HAVE_ENDIAN_H 1
#define HAVE_BYTESWAP_H 1
#define HAVE_SYS_PARAM_H 1
#define HAVE_SYS_IOCTL_H 1
#define HAVE_SYS_MOUNT_H 1
#define HAVE_SYS_STAT_H 1
#define HAVE_SYS_TYPES_H 1
#define HAVE_SYS_VFS_H 1
#define HAVE_SYS_STATVFS_H 1
#define HAVE_SYS_SYSMACROS_H 1
#define HAVE_LINUX_MAJOR_H 1
#define HAVE_LINUX_FD_H 1
#define HAVE_LINUX_FS_H 1
#define HAVE_INTTYPES_H 1
#define HAVE_LINUX_HDREG_H 1
#define HAVE_SYSLOG_H 1
#define HAVE_PWD_H 1
#define HAVE_MALLOC_H 1
#define HAVE__BOOL 1
#define HAVE_STDBOOL_H 1
#define WORDS_LITTLEENDIAN 1
#define HAVE_STRUCT_STAT_ST_BLOCKS 1
#define HAVE_ST_BLOCKS 1
#define HAVE_STRUCT_STAT_ST_RDEV 1
#define HAVE_STRUCT_STAT_ST_ATIM 1
#define HAVE_GETMNTENT 1
#define HAVE_MBRTOWC 1
#define HAVE_STAT_EMPTY_STRING_BUG 1
#define HAVE_STRFTIME 1
#define HAVE_UTIME_H 1
#define HAVE_UTIME_NULL 1
#define HAVE_VPRINTF 1
#define HAVE_ATEXIT 1
#define HAVE_BASENAME 1
#define HAVE_DAEMON 1
#define HAVE_DUP2 1
#define HAVE_FDATASYNC 1
#define HAVE_FFS 1
#define HAVE_GETOPT_LONG 1
#define HAVE_HASMNTOPT 1
#define HAVE_MBSINIT 1
#define HAVE_MEMMOVE 1
#define HAVE_MEMSET 1
#define HAVE_REALPATH 1
#define HAVE_REGCOMP 1
#define HAVE_SETLOCALE 1
#define HAVE_SETXATTR 1
#define HAVE_STRCASECMP 1
#define HAVE_STRCHR 1
#define HAVE_STRDUP 1
#define HAVE_STRERROR 1
#define HAVE_STRNLEN 1
#define HAVE_STRSEP 1
#define HAVE_STRTOL 1
#define HAVE_STRTOUL 1
#define HAVE_SYSCONF 1
#define HAVE_UTIME 1
#define HAVE_UTIMENSAT 1
#define HAVE_GETTIMEOFDAY 1
#define HAVE_CLOCK_GETTIME 1
#define HAVE_FORK 1
#define HAVE_MEMCPY 1
#define HAVE_RANDOM 1
#define HAVE_SNPRINTF 1

configure: exit 0
