This file contains any messages produced by compilers while
running configure, to aid debugging if configure makes a mistake.

It was created by OpenVPN configure 2.4.12, which was
generated by GNU Autoconf 2.69.  Invocation command line was

  $ ./configure --host=mipsel-linux --build=x86_64-linux-gnu --prefix=/usr --bindir=/usr/sbin --libdir=/usr/lib --disable-debug --enable-management --disable-small --disable-selinux --disable-socks --enable-password-save --enable-plugin-auth-pam ac_cv_lib_resolv_gethostbyname=no

## --------- ##
## Platform. ##
## --------- ##

hostname = 820a0eb7ac91
uname -m = x86_64
uname -r = 6.8.0-137-generic
uname -s = Linux
uname -v = #137-Ubuntu SMP PREEMPT_DYNAMIC Fri Jul 17 20:28:23 UTC 2026

/usr/bin/uname -p = unknown
/bin/uname -X     = unknown

/bin/arch              = unknown
/usr/bin/arch -k       = unknown
/usr/convex/getsysinfo = unknown
/usr/bin/hostinfo      = unknown
/bin/machine           = unknown
/usr/bin/oslevel       = unknown
/bin/universe          = unknown

PATH: /repo/Pass_GPL/asuswrt/release/tools
PATH: /repo/Pass_GPL/asuswrt/release/src-ra-openwrt-4210/ctools
PATH: /repo/Pass_GPL/asuswrt/release/tools
PATH: /repo/Pass_GPL/asuswrt/release/src-ra-openwrt-4210/ctools
PATH: /repo/Pass_GPL/asuswrt/release/tools
PATH: /repo/Pass_GPL/asuswrt/release/src-ra-openwrt-4210/ctools
PATH: /usr/local/sbin
PATH: /usr/local/bin
PATH: /usr/sbin
PATH: /usr/bin
PATH: /sbin
PATH: /bin
PATH: /home/asuswrt/bin
PATH: /home/asuswrt/mybash
PATH: /opt/buildroot-gcc342/bin
PATH: /opt/buildroot-gcc463/bin
PATH: /opt/brcm/hndtools-mipsel-linux/bin
PATH: /opt/brcm/hndtools-mipsel-uclibc/bin
PATH: /opt/projects/hnd/tools/linux/hndtools-arm-linux-2.6.36-uclibc-4.5.3/bin
PATH: /opt/projects/hnd/tools/linux/hndtools-arm-linux-2.6.36-uclibc-4.5.3/arm-linux/bin
PATH: /opt/projects/hnd/tools/linux/hndtools-arm-linux-2.6.36-uclibc-4.5.3/usr/bin
PATH: /opt/toolchains/crosstools-arm-gcc-5.3-linux-4.1-glibc-2.22-binutils-2.25/usr/bin
PATH: /opt/toolchains/crosstools-aarch64-gcc-5.3-linux-4.1-glibc-2.22-binutils-2.25/usr/bin
PATH: /opt/toolchains/crosstools-arm-gcc-9.2-linux-4.19-glibc-2.30-binutils-2.32/usr/lib
PATH: /opt/toolchains/crosstools-aarch64-gcc-9.2-linux-4.19-glibc-2.30-binutils-2.32/bin
PATH: /opt/toolchains/crosstools-arm-gcc-10.3-linux-4.19-glibc-2.32-binutils-2.36.1/bin
PATH: /opt/toolchains/crosstools-aarch64-gcc-10.3-linux-4.19-glibc-2.32-binutils-2.36.1/bin
PATH: /opt/openwrt-gcc463.arm/bin
PATH: /opt/openwrt-gcc463.mips.mesh/bin
PATH: /opt/openwrt-gcc520_musl.aarch64/bin
PATH: /opt/openwrt-gcc840_musl.aarch64/bin


## ----------- ##
## Core tests. ##
## ----------- ##

configure:3023: checking for a BSD-compatible install
configure:3091: result: /usr/bin/install -c
configure:3102: checking whether build environment is sane
configure:3157: result: yes
configure:3216: checking for mipsel-linux-strip
configure:3243: result: /opt/lede-toolchain-ramips-mt7621_gcc-5.4.0_musl-1.1.24.Linux-x86_64/toolchain-mipsel_24kc_gcc-5.4.0_musl-1.1.24/bin/mipsel-openwrt-linux-musl-strip -R .note -R .comment
configure:3308: checking for a thread-safe mkdir -p
configure:3347: result: /bin/mkdir -p
configure:3354: checking for gawk
configure:3370: found /usr/bin/gawk
configure:3381: result: gawk
configure:3392: checking whether make sets $(MAKE)
configure:3414: result: yes
configure:3443: checking whether make supports nested variables
configure:3460: result: yes
configure:3589: checking build system type
configure:3603: result: x86_64-pc-linux-gnu
configure:3623: checking host system type
configure:3636: result: mipsel-unknown-linux-gnu
configure:3668: checking for style of include used by make
configure:3696: result: GNU
configure:3727: checking for mipsel-linux-gcc
configure:3754: result: /opt/lede-toolchain-ramips-mt7621_gcc-5.4.0_musl-1.1.24.Linux-x86_64/toolchain-mipsel_24kc_gcc-5.4.0_musl-1.1.24/bin/mipsel-openwrt-linux-musl-gcc
configure:4023: checking for C compiler version
configure:4032: /opt/lede-toolchain-ramips-mt7621_gcc-5.4.0_musl-1.1.24.Linux-x86_64/toolchain-mipsel_24kc_gcc-5.4.0_musl-1.1.24/bin/mipsel-openwrt-linux-musl-gcc --version >&5
mipsel-openwrt-linux-musl-gcc.bin (LEDE GCC 5.4.0 unknown) 5.4.0
Copyright (C) 2015 Free Software Foundation, Inc.
This is free software; see the source for copying conditions.  There is NO
warranty; not even for MERCHANTABILITY or FITNESS FOR A PARTICULAR PURPOSE.

configure:4043: $? = 0
configure:4032: /opt/lede-toolchain-ramips-mt7621_gcc-5.4.0_musl-1.1.24.Linux-x86_64/toolchain-mipsel_24kc_gcc-5.4.0_musl-1.1.24/bin/mipsel-openwrt-linux-musl-gcc -v >&5
Reading specs from /opt/lede-toolchain-ramips-mt7621_gcc-5.4.0_musl-1.1.24.Linux-x86_64/toolchain-mipsel_24kc_gcc-5.4.0_musl-1.1.24/bin/../lib/gcc/mipsel-openwrt-linux-musl/5.4.0/specs
COLLECT_GCC=mipsel-openwrt-linux-musl-gcc.bin
COLLECT_LTO_WRAPPER=/opt/lede-toolchain-ramips-mt7621_gcc-5.4.0_musl-1.1.24.Linux-x86_64/toolchain-mipsel_24kc_gcc-5.4.0_musl-1.1.24/bin/../libexec/gcc/mipsel-openwrt-linux-musl/5.4.0/lto-wrapper
Target: mipsel-openwrt-linux-musl
Configured with: /data2/heidi_wen/SW4_git/OpenWRT_4210_20230308/mtk-openwrt-lede-4.2.1.0/build_dir/toolchain-mipsel_24kc_gcc-5.4.0_musl-1.1.24/gcc-5.4.0/configure --with-bugurl=http://www.lede-project.org/bugs/ --with-pkgversion='LEDE GCC 5.4.0 unknown' --prefix=/data2/heidi_wen/SW4_git/OpenWRT_4210_20230308/mtk-openwrt-lede-4.2.1.0/staging_dir/toolchain-mipsel_24kc_gcc-5.4.0_musl-1.1.24 --build=x86_64-linux-gnu --host=x86_64-linux-gnu --target=mipsel-openwrt-linux-musl --with-gnu-ld --enable-target-optspace --disable-libgomp --disable-libmudflap --disable-multilib --disable-libmpx --disable-nls --without-isl --without-cloog --with-host-libstdcxx=-lstdc++ --with-float=soft --with-gmp=/data2/heidi_wen/SW4_git/OpenWRT_4210_20230308/mtk-openwrt-lede-4.2.1.0/staging_dir/host --with-mpfr=/data2/heidi_wen/SW4_git/OpenWRT_4210_20230308/mtk-openwrt-lede-4.2.1.0/staging_dir/host --with-mpc=/data2/heidi_wen/SW4_git/OpenWRT_4210_20230308/mtk-openwrt-lede-4.2.1.0/staging_dir/host --disable-decimal-float --with-mips-plt --with-diagnostics-color=auto-if-env --disable-libssp --enable-__cxa_atexit --with-headers=/data2/heidi_wen/SW4_git/OpenWRT_4210_20230308/mtk-openwrt-lede-4.2.1.0/staging_dir/toolchain-mipsel_24kc_gcc-5.4.0_musl-1.1.24/include --disable-libsanitizer --enable-languages=c,c++ --enable-shared --enable-threads --with-slibdir=/data2/heidi_wen/SW4_git/OpenWRT_4210_20230308/mtk-openwrt-lede-4.2.1.0/staging_dir/toolchain-mipsel_24kc_gcc-5.4.0_musl-1.1.24/lib --enable-lto --with-libelf=/data2/heidi_wen/SW4_git/OpenWRT_4210_20230308/mtk-openwrt-lede-4.2.1.0/staging_dir/host
Thread model: posix
gcc version 5.4.0 (LEDE GCC 5.4.0 unknown) 
COMPILER_PATH=/opt/lede-toolchain-ramips-mt7621_gcc-5.4.0_musl-1.1.24.Linux-x86_64/toolchain-mipsel_24kc_gcc-5.4.0_musl-1.1.24/bin/../libexec/gcc/mipsel-openwrt-linux-musl/5.4.0/:/opt/lede-toolchain-ramips-mt7621_gcc-5.4.0_musl-1.1.24.Linux-x86_64/toolchain-mipsel_24kc_gcc-5.4.0_musl-1.1.24/bin/../libexec/gcc/:/opt/lede-toolchain-ramips-mt7621_gcc-5.4.0_musl-1.1.24.Linux-x86_64/toolchain-mipsel_24kc_gcc-5.4.0_musl-1.1.24/bin/../lib/gcc/mipsel-openwrt-linux-musl/5.4.0/../../../../mipsel-openwrt-linux-musl/bin/
LIBRARY_PATH=/opt/lede-toolchain-ramips-mt7621_gcc-5.4.0_musl-1.1.24.Linux-x86_64/toolchain-mipsel_24kc_gcc-5.4.0_musl-1.1.24/bin/../lib/gcc/mipsel-openwrt-linux-musl/5.4.0/:/opt/lede-toolchain-ramips-mt7621_gcc-5.4.0_musl-1.1.24.Linux-x86_64/toolchain-mipsel_24kc_gcc-5.4.0_musl-1.1.24/bin/../lib/gcc/:/opt/lede-toolchain-ramips-mt7621_gcc-5.4.0_musl-1.1.24.Linux-x86_64/toolchain-mipsel_24kc_gcc-5.4.0_musl-1.1.24/bin/../lib/gcc/mipsel-openwrt-linux-musl/5.4.0/../../../../mipsel-openwrt-linux-musl/lib/
COLLECT_GCC_OPTIONS='-v' '-msoft-float' '-mllsc' '-mplt' '-mno-shared' '-EL' '-mabi=32'
... rest of stderr output deleted ...
configure:4043: $? = 1
configure:4032: /opt/lede-toolchain-ramips-mt7621_gcc-5.4.0_musl-1.1.24.Linux-x86_64/toolchain-mipsel_24kc_gcc-5.4.0_musl-1.1.24/bin/mipsel-openwrt-linux-musl-gcc -V >&5
mipsel-openwrt-linux-musl-gcc.bin: error: unrecognized command line option '-V'
configure:4043: $? = 1
configure:4032: /opt/lede-toolchain-ramips-mt7621_gcc-5.4.0_musl-1.1.24.Linux-x86_64/toolchain-mipsel_24kc_gcc-5.4.0_musl-1.1.24/bin/mipsel-openwrt-linux-musl-gcc -qversion >&5
mipsel-openwrt-linux-musl-gcc.bin: error: unrecognized command line option '-qversion'
configure:4043: $? = 1
configure:4063: checking whether the C compiler works
configure:4085: /opt/lede-toolchain-ramips-mt7621_gcc-5.4.0_musl-1.1.24.Linux-x86_64/toolchain-mipsel_24kc_gcc-5.4.0_musl-1.1.24/bin/mipsel-openwrt-linux-musl-gcc -Os -Wall -DLINUX26 -DCONFIG_RALINK -DMUSL_LIBC -DDEBUG_NOISY -DDEBUG_RCTEST -D_GNU_SOURCE -D__UAPI_DEF_ETHHDR -DRALINK_DBDC_MODE -pipe -funit-at-a-time -Wno-pointer-sign -mtune=mips32 -mips32 -DLINUX_KERNEL_VERSION=263366 --sysroot=/opt/lede-toolchain-ramips-mt7621_gcc-5.4.0_musl-1.1.24.Linux-x86_64/toolchain-mipsel_24kc_gcc-5.4.0_musl-1.1.24  -ffunction-sections -fdata-sections -std=gnu99 		-DASUSWRT  --sysroot=/opt/lede-toolchain-ramips-mt7621_gcc-5.4.0_musl-1.1.24.Linux-x86_64/toolchain-mipsel_24kc_gcc-5.4.0_musl-1.1.24 -ffunction-sections -fdata-sections 		-Wl,--gc-sections 		-lpthread -ldl 		-L/repo/Pass_GPL/asuswrt/release/src-ra-openwrt-4210/router/zlib -lz conftest.c  >&5
configure:4089: $? = 0
configure:4137: result: yes
configure:4140: checking for C compiler default output file name
configure:4142: result: a.out
configure:4148: checking for suffix of executables
configure:4155: /opt/lede-toolchain-ramips-mt7621_gcc-5.4.0_musl-1.1.24.Linux-x86_64/toolchain-mipsel_24kc_gcc-5.4.0_musl-1.1.24/bin/mipsel-openwrt-linux-musl-gcc -o conftest -Os -Wall -DLINUX26 -DCONFIG_RALINK -DMUSL_LIBC -DDEBUG_NOISY -DDEBUG_RCTEST -D_GNU_SOURCE -D__UAPI_DEF_ETHHDR -DRALINK_DBDC_MODE -pipe -funit-at-a-time -Wno-pointer-sign -mtune=mips32 -mips32 -DLINUX_KERNEL_VERSION=263366 --sysroot=/opt/lede-toolchain-ramips-mt7621_gcc-5.4.0_musl-1.1.24.Linux-x86_64/toolchain-mipsel_24kc_gcc-5.4.0_musl-1.1.24  -ffunction-sections -fdata-sections -std=gnu99 		-DASUSWRT  --sysroot=/opt/lede-toolchain-ramips-mt7621_gcc-5.4.0_musl-1.1.24.Linux-x86_64/toolchain-mipsel_24kc_gcc-5.4.0_musl-1.1.24 -ffunction-sections -fdata-sections 		-Wl,--gc-sections 		-lpthread -ldl 		-L/repo/Pass_GPL/asuswrt/release/src-ra-openwrt-4210/router/zlib -lz conftest.c  >&5
configure:4159: $? = 0
configure:4181: result: 
configure:4203: checking whether we are cross compiling
configure:4241: result: yes
configure:4246: checking for suffix of object files
configure:4268: /opt/lede-toolchain-ramips-mt7621_gcc-5.4.0_musl-1.1.24.Linux-x86_64/toolchain-mipsel_24kc_gcc-5.4.0_musl-1.1.24/bin/mipsel-openwrt-linux-musl-gcc -c -Os -Wall -DLINUX26 -DCONFIG_RALINK -DMUSL_LIBC -DDEBUG_NOISY -DDEBUG_RCTEST -D_GNU_SOURCE -D__UAPI_DEF_ETHHDR -DRALINK_DBDC_MODE -pipe -funit-at-a-time -Wno-pointer-sign -mtune=mips32 -mips32 -DLINUX_KERNEL_VERSION=263366 --sysroot=/opt/lede-toolchain-ramips-mt7621_gcc-5.4.0_musl-1.1.24.Linux-x86_64/toolchain-mipsel_24kc_gcc-5.4.0_musl-1.1.24  -ffunction-sections -fdata-sections -std=gnu99 		-DASUSWRT  conftest.c >&5
configure:4272: $? = 0
configure:4293: result: o
configure:4297: checking whether we are using the GNU C compiler
configure:4316: /opt/lede-toolchain-ramips-mt7621_gcc-5.4.0_musl-1.1.24.Linux-x86_64/toolchain-mipsel_24kc_gcc-5.4.0_musl-1.1.24/bin/mipsel-openwrt-linux-musl-gcc -c -Os -Wall -DLINUX26 -DCONFIG_RALINK -DMUSL_LIBC -DDEBUG_NOISY -DDEBUG_RCTEST -D_GNU_SOURCE -D__UAPI_DEF_ETHHDR -DRALINK_DBDC_MODE -pipe -funit-at-a-time -Wno-pointer-sign -mtune=mips32 -mips32 -DLINUX_KERNEL_VERSION=263366 --sysroot=/opt/lede-toolchain-ramips-mt7621_gcc-5.4.0_musl-1.1.24.Linux-x86_64/toolchain-mipsel_24kc_gcc-5.4.0_musl-1.1.24  -ffunction-sections -fdata-sections -std=gnu99 		-DASUSWRT  conftest.c >&5
configure:4316: $? = 0
configure:4325: result: yes
configure:4334: checking whether /opt/lede-toolchain-ramips-mt7621_gcc-5.4.0_musl-1.1.24.Linux-x86_64/toolchain-mipsel_24kc_gcc-5.4.0_musl-1.1.24/bin/mipsel-openwrt-linux-musl-gcc accepts -g
configure:4354: /opt/lede-toolchain-ramips-mt7621_gcc-5.4.0_musl-1.1.24.Linux-x86_64/toolchain-mipsel_24kc_gcc-5.4.0_musl-1.1.24/bin/mipsel-openwrt-linux-musl-gcc -c -g  conftest.c >&5
configure:4354: $? = 0
configure:4395: result: yes
configure:4412: checking for /opt/lede-toolchain-ramips-mt7621_gcc-5.4.0_musl-1.1.24.Linux-x86_64/toolchain-mipsel_24kc_gcc-5.4.0_musl-1.1.24/bin/mipsel-openwrt-linux-musl-gcc option to accept ISO C89
configure:4475: /opt/lede-toolchain-ramips-mt7621_gcc-5.4.0_musl-1.1.24.Linux-x86_64/toolchain-mipsel_24kc_gcc-5.4.0_musl-1.1.24/bin/mipsel-openwrt-linux-musl-gcc  -c -Os -Wall -DLINUX26 -DCONFIG_RALINK -DMUSL_LIBC -DDEBUG_NOISY -DDEBUG_RCTEST -D_GNU_SOURCE -D__UAPI_DEF_ETHHDR -DRALINK_DBDC_MODE -pipe -funit-at-a-time -Wno-pointer-sign -mtune=mips32 -mips32 -DLINUX_KERNEL_VERSION=263366 --sysroot=/opt/lede-toolchain-ramips-mt7621_gcc-5.4.0_musl-1.1.24.Linux-x86_64/toolchain-mipsel_24kc_gcc-5.4.0_musl-1.1.24  -ffunction-sections -fdata-sections -std=gnu99 		-DASUSWRT  conftest.c >&5
configure:4475: $? = 0
configure:4488: result: none needed
configure:4513: checking whether /opt/lede-toolchain-ramips-mt7621_gcc-5.4.0_musl-1.1.24.Linux-x86_64/toolchain-mipsel_24kc_gcc-5.4.0_musl-1.1.24/bin/mipsel-openwrt-linux-musl-gcc understands -c and -o together
configure:4535: /opt/lede-toolchain-ramips-mt7621_gcc-5.4.0_musl-1.1.24.Linux-x86_64/toolchain-mipsel_24kc_gcc-5.4.0_musl-1.1.24/bin/mipsel-openwrt-linux-musl-gcc -c conftest.c -o conftest2.o
configure:4538: $? = 0
configure:4535: /opt/lede-toolchain-ramips-mt7621_gcc-5.4.0_musl-1.1.24.Linux-x86_64/toolchain-mipsel_24kc_gcc-5.4.0_musl-1.1.24/bin/mipsel-openwrt-linux-musl-gcc -c conftest.c -o conftest2.o
configure:4538: $? = 0
configure:4550: result: yes
configure:4569: checking dependency style of /opt/lede-toolchain-ramips-mt7621_gcc-5.4.0_musl-1.1.24.Linux-x86_64/toolchain-mipsel_24kc_gcc-5.4.0_musl-1.1.24/bin/mipsel-openwrt-linux-musl-gcc
configure:4680: result: gcc3
configure:4701: checking how to run the C preprocessor
configure:4732: /opt/lede-toolchain-ramips-mt7621_gcc-5.4.0_musl-1.1.24.Linux-x86_64/toolchain-mipsel_24kc_gcc-5.4.0_musl-1.1.24/bin/mipsel-openwrt-linux-musl-gcc -E  conftest.c
configure:4732: $? = 0
configure:4746: /opt/lede-toolchain-ramips-mt7621_gcc-5.4.0_musl-1.1.24.Linux-x86_64/toolchain-mipsel_24kc_gcc-5.4.0_musl-1.1.24/bin/mipsel-openwrt-linux-musl-gcc -E  conftest.c
conftest.c:15:28: fatal error: ac_nonexistent.h: No such file or directory
compilation terminated.
configure:4746: $? = 1
configure: failed program was:
| /* confdefs.h */
| #define PACKAGE_NAME "OpenVPN"
| #define PACKAGE_TARNAME "openvpn"
| #define PACKAGE_VERSION "2.4.12"
| #define PACKAGE_STRING "OpenVPN 2.4.12"
| #define PACKAGE_BUGREPORT "openvpn-users@lists.sourceforge.net"
| #define PACKAGE_URL ""
| #define OPENVPN_VERSION_RESOURCE 2,4,12,0
| #define OPENVPN_VERSION_MAJOR 2
| #define OPENVPN_VERSION_MINOR 4
| #define OPENVPN_VERSION_PATCH ".12"
| #define PACKAGE "openvpn"
| #define VERSION "2.4.12"
| /* end confdefs.h.  */
| #include <ac_nonexistent.h>
configure:4771: result: /opt/lede-toolchain-ramips-mt7621_gcc-5.4.0_musl-1.1.24.Linux-x86_64/toolchain-mipsel_24kc_gcc-5.4.0_musl-1.1.24/bin/mipsel-openwrt-linux-musl-gcc -E
configure:4791: /opt/lede-toolchain-ramips-mt7621_gcc-5.4.0_musl-1.1.24.Linux-x86_64/toolchain-mipsel_24kc_gcc-5.4.0_musl-1.1.24/bin/mipsel-openwrt-linux-musl-gcc -E  conftest.c
configure:4791: $? = 0
configure:4805: /opt/lede-toolchain-ramips-mt7621_gcc-5.4.0_musl-1.1.24.Linux-x86_64/toolchain-mipsel_24kc_gcc-5.4.0_musl-1.1.24/bin/mipsel-openwrt-linux-musl-gcc -E  conftest.c
conftest.c:15:28: fatal error: ac_nonexistent.h: No such file or directory
compilation terminated.
configure:4805: $? = 1
configure: failed program was:
| /* confdefs.h */
| #define PACKAGE_NAME "OpenVPN"
| #define PACKAGE_TARNAME "openvpn"
| #define PACKAGE_VERSION "2.4.12"
| #define PACKAGE_STRING "OpenVPN 2.4.12"
| #define PACKAGE_BUGREPORT "openvpn-users@lists.sourceforge.net"
| #define PACKAGE_URL ""
| #define OPENVPN_VERSION_RESOURCE 2,4,12,0
| #define OPENVPN_VERSION_MAJOR 2
| #define OPENVPN_VERSION_MINOR 4
| #define OPENVPN_VERSION_PATCH ".12"
| #define PACKAGE "openvpn"
| #define VERSION "2.4.12"
| /* end confdefs.h.  */
| #include <ac_nonexistent.h>
configure:4834: checking for grep that handles long lines and -e
configure:4892: result: /bin/grep
configure:4897: checking for egrep
configure:4959: result: /bin/grep -E
configure:4964: checking for ANSI C header files
configure:4984: /opt/lede-toolchain-ramips-mt7621_gcc-5.4.0_musl-1.1.24.Linux-x86_64/toolchain-mipsel_24kc_gcc-5.4.0_musl-1.1.24/bin/mipsel-openwrt-linux-musl-gcc -c -Os -Wall -DLINUX26 -DCONFIG_RALINK -DMUSL_LIBC -DDEBUG_NOISY -DDEBUG_RCTEST -D_GNU_SOURCE -D__UAPI_DEF_ETHHDR -DRALINK_DBDC_MODE -pipe -funit-at-a-time -Wno-pointer-sign -mtune=mips32 -mips32 -DLINUX_KERNEL_VERSION=263366 --sysroot=/opt/lede-toolchain-ramips-mt7621_gcc-5.4.0_musl-1.1.24.Linux-x86_64/toolchain-mipsel_24kc_gcc-5.4.0_musl-1.1.24  -ffunction-sections -fdata-sections -std=gnu99 		-DASUSWRT  conftest.c >&5
configure:4984: $? = 0
configure:5068: result: yes
configure:5081: checking for sys/types.h
configure:5081: /opt/lede-toolchain-ramips-mt7621_gcc-5.4.0_musl-1.1.24.Linux-x86_64/toolchain-mipsel_24kc_gcc-5.4.0_musl-1.1.24/bin/mipsel-openwrt-linux-musl-gcc -c -Os -Wall -DLINUX26 -DCONFIG_RALINK -DMUSL_LIBC -DDEBUG_NOISY -DDEBUG_RCTEST -D_GNU_SOURCE -D__UAPI_DEF_ETHHDR -DRALINK_DBDC_MODE -pipe -funit-at-a-time -Wno-pointer-sign -mtune=mips32 -mips32 -DLINUX_KERNEL_VERSION=263366 --sysroot=/opt/lede-toolchain-ramips-mt7621_gcc-5.4.0_musl-1.1.24.Linux-x86_64/toolchain-mipsel_24kc_gcc-5.4.0_musl-1.1.24  -ffunction-sections -fdata-sections -std=gnu99 		-DASUSWRT  conftest.c >&5
configure:5081: $? = 0
configure:5081: result: yes
configure:5081: checking for sys/stat.h
configure:5081: /opt/lede-toolchain-ramips-mt7621_gcc-5.4.0_musl-1.1.24.Linux-x86_64/toolchain-mipsel_24kc_gcc-5.4.0_musl-1.1.24/bin/mipsel-openwrt-linux-musl-gcc -c -Os -Wall -DLINUX26 -DCONFIG_RALINK -DMUSL_LIBC -DDEBUG_NOISY -DDEBUG_RCTEST -D_GNU_SOURCE -D__UAPI_DEF_ETHHDR -DRALINK_DBDC_MODE -pipe -funit-at-a-time -Wno-pointer-sign -mtune=mips32 -mips32 -DLINUX_KERNEL_VERSION=263366 --sysroot=/opt/lede-toolchain-ramips-mt7621_gcc-5.4.0_musl-1.1.24.Linux-x86_64/toolchain-mipsel_24kc_gcc-5.4.0_musl-1.1.24  -ffunction-sections -fdata-sections -std=gnu99 		-DASUSWRT  conftest.c >&5
configure:5081: $? = 0
configure:5081: result: yes
configure:5081: checking for stdlib.h
configure:5081: /opt/lede-toolchain-ramips-mt7621_gcc-5.4.0_musl-1.1.24.Linux-x86_64/toolchain-mipsel_24kc_gcc-5.4.0_musl-1.1.24/bin/mipsel-openwrt-linux-musl-gcc -c -Os -Wall -DLINUX26 -DCONFIG_RALINK -DMUSL_LIBC -DDEBUG_NOISY -DDEBUG_RCTEST -D_GNU_SOURCE -D__UAPI_DEF_ETHHDR -DRALINK_DBDC_MODE -pipe -funit-at-a-time -Wno-pointer-sign -mtune=mips32 -mips32 -DLINUX_KERNEL_VERSION=263366 --sysroot=/opt/lede-toolchain-ramips-mt7621_gcc-5.4.0_musl-1.1.24.Linux-x86_64/toolchain-mipsel_24kc_gcc-5.4.0_musl-1.1.24  -ffunction-sections -fdata-sections -std=gnu99 		-DASUSWRT  conftest.c >&5
configure:5081: $? = 0
configure:5081: result: yes
configure:5081: checking for string.h
configure:5081: /opt/lede-toolchain-ramips-mt7621_gcc-5.4.0_musl-1.1.24.Linux-x86_64/toolchain-mipsel_24kc_gcc-5.4.0_musl-1.1.24/bin/mipsel-openwrt-linux-musl-gcc -c -Os -Wall -DLINUX26 -DCONFIG_RALINK -DMUSL_LIBC -DDEBUG_NOISY -DDEBUG_RCTEST -D_GNU_SOURCE -D__UAPI_DEF_ETHHDR -DRALINK_DBDC_MODE -pipe -funit-at-a-time -Wno-pointer-sign -mtune=mips32 -mips32 -DLINUX_KERNEL_VERSION=263366 --sysroot=/opt/lede-toolchain-ramips-mt7621_gcc-5.4.0_musl-1.1.24.Linux-x86_64/toolchain-mipsel_24kc_gcc-5.4.0_musl-1.1.24  -ffunction-sections -fdata-sections -std=gnu99 		-DASUSWRT  conftest.c >&5
configure:5081: $? = 0
configure:5081: result: yes
configure:5081: checking for memory.h
configure:5081: /opt/lede-toolchain-ramips-mt7621_gcc-5.4.0_musl-1.1.24.Linux-x86_64/toolchain-mipsel_24kc_gcc-5.4.0_musl-1.1.24/bin/mipsel-openwrt-linux-musl-gcc -c -Os -Wall -DLINUX26 -DCONFIG_RALINK -DMUSL_LIBC -DDEBUG_NOISY -DDEBUG_RCTEST -D_GNU_SOURCE -D__UAPI_DEF_ETHHDR -DRALINK_DBDC_MODE -pipe -funit-at-a-time -Wno-pointer-sign -mtune=mips32 -mips32 -DLINUX_KERNEL_VERSION=263366 --sysroot=/opt/lede-toolchain-ramips-mt7621_gcc-5.4.0_musl-1.1.24.Linux-x86_64/toolchain-mipsel_24kc_gcc-5.4.0_musl-1.1.24  -ffunction-sections -fdata-sections -std=gnu99 		-DASUSWRT  conftest.c >&5
configure:5081: $? = 0
configure:5081: result: yes
configure:5081: checking for strings.h
configure:5081: /opt/lede-toolchain-ramips-mt7621_gcc-5.4.0_musl-1.1.24.Linux-x86_64/toolchain-mipsel_24kc_gcc-5.4.0_musl-1.1.24/bin/mipsel-openwrt-linux-musl-gcc -c -Os -Wall -DLINUX26 -DCONFIG_RALINK -DMUSL_LIBC -DDEBUG_NOISY -DDEBUG_RCTEST -D_GNU_SOURCE -D__UAPI_DEF_ETHHDR -DRALINK_DBDC_MODE -pipe -funit-at-a-time -Wno-pointer-sign -mtune=mips32 -mips32 -DLINUX_KERNEL_VERSION=263366 --sysroot=/opt/lede-toolchain-ramips-mt7621_gcc-5.4.0_musl-1.1.24.Linux-x86_64/toolchain-mipsel_24kc_gcc-5.4.0_musl-1.1.24  -ffunction-sections -fdata-sections -std=gnu99 		-DASUSWRT  conftest.c >&5
configure:5081: $? = 0
configure:5081: result: yes
configure:5081: checking for inttypes.h
configure:5081: /opt/lede-toolchain-ramips-mt7621_gcc-5.4.0_musl-1.1.24.Linux-x86_64/toolchain-mipsel_24kc_gcc-5.4.0_musl-1.1.24/bin/mipsel-openwrt-linux-musl-gcc -c -Os -Wall -DLINUX26 -DCONFIG_RALINK -DMUSL_LIBC -DDEBUG_NOISY -DDEBUG_RCTEST -D_GNU_SOURCE -D__UAPI_DEF_ETHHDR -DRALINK_DBDC_MODE -pipe -funit-at-a-time -Wno-pointer-sign -mtune=mips32 -mips32 -DLINUX_KERNEL_VERSION=263366 --sysroot=/opt/lede-toolchain-ramips-mt7621_gcc-5.4.0_musl-1.1.24.Linux-x86_64/toolchain-mipsel_24kc_gcc-5.4.0_musl-1.1.24  -ffunction-sections -fdata-sections -std=gnu99 		-DASUSWRT  conftest.c >&5
configure:5081: $? = 0
configure:5081: result: yes
configure:5081: checking for stdint.h
configure:5081: /opt/lede-toolchain-ramips-mt7621_gcc-5.4.0_musl-1.1.24.Linux-x86_64/toolchain-mipsel_24kc_gcc-5.4.0_musl-1.1.24/bin/mipsel-openwrt-linux-musl-gcc -c -Os -Wall -DLINUX26 -DCONFIG_RALINK -DMUSL_LIBC -DDEBUG_NOISY -DDEBUG_RCTEST -D_GNU_SOURCE -D__UAPI_DEF_ETHHDR -DRALINK_DBDC_MODE -pipe -funit-at-a-time -Wno-pointer-sign -mtune=mips32 -mips32 -DLINUX_KERNEL_VERSION=263366 --sysroot=/opt/lede-toolchain-ramips-mt7621_gcc-5.4.0_musl-1.1.24.Linux-x86_64/toolchain-mipsel_24kc_gcc-5.4.0_musl-1.1.24  -ffunction-sections -fdata-sections -std=gnu99 		-DASUSWRT  conftest.c >&5
configure:5081: $? = 0
configure:5081: result: yes
configure:5081: checking for unistd.h
configure:5081: /opt/lede-toolchain-ramips-mt7621_gcc-5.4.0_musl-1.1.24.Linux-x86_64/toolchain-mipsel_24kc_gcc-5.4.0_musl-1.1.24/bin/mipsel-openwrt-linux-musl-gcc -c -Os -Wall -DLINUX26 -DCONFIG_RALINK -DMUSL_LIBC -DDEBUG_NOISY -DDEBUG_RCTEST -D_GNU_SOURCE -D__UAPI_DEF_ETHHDR -DRALINK_DBDC_MODE -pipe -funit-at-a-time -Wno-pointer-sign -mtune=mips32 -mips32 -DLINUX_KERNEL_VERSION=263366 --sysroot=/opt/lede-toolchain-ramips-mt7621_gcc-5.4.0_musl-1.1.24.Linux-x86_64/toolchain-mipsel_24kc_gcc-5.4.0_musl-1.1.24  -ffunction-sections -fdata-sections -std=gnu99 		-DASUSWRT  conftest.c >&5
configure:5081: $? = 0
configure:5081: result: yes
configure:5094: checking minix/config.h usability
configure:5094: /opt/lede-toolchain-ramips-mt7621_gcc-5.4.0_musl-1.1.24.Linux-x86_64/toolchain-mipsel_24kc_gcc-5.4.0_musl-1.1.24/bin/mipsel-openwrt-linux-musl-gcc -c -Os -Wall -DLINUX26 -DCONFIG_RALINK -DMUSL_LIBC -DDEBUG_NOISY -DDEBUG_RCTEST -D_GNU_SOURCE -D__UAPI_DEF_ETHHDR -DRALINK_DBDC_MODE -pipe -funit-at-a-time -Wno-pointer-sign -mtune=mips32 -mips32 -DLINUX_KERNEL_VERSION=263366 --sysroot=/opt/lede-toolchain-ramips-mt7621_gcc-5.4.0_musl-1.1.24.Linux-x86_64/toolchain-mipsel_24kc_gcc-5.4.0_musl-1.1.24  -ffunction-sections -fdata-sections -std=gnu99 		-DASUSWRT  conftest.c >&5
conftest.c:58:26: fatal error: minix/config.h: No such file or directory
compilation terminated.
configure:5094: $? = 1
configure: failed program was:
| /* confdefs.h */
| #define PACKAGE_NAME "OpenVPN"
| #define PACKAGE_TARNAME "openvpn"
| #define PACKAGE_VERSION "2.4.12"
| #define PACKAGE_STRING "OpenVPN 2.4.12"
| #define PACKAGE_BUGREPORT "openvpn-users@lists.sourceforge.net"
| #define PACKAGE_URL ""
| #define OPENVPN_VERSION_RESOURCE 2,4,12,0
| #define OPENVPN_VERSION_MAJOR 2
| #define OPENVPN_VERSION_MINOR 4
| #define OPENVPN_VERSION_PATCH ".12"
| #define PACKAGE "openvpn"
| #define VERSION "2.4.12"
| #define STDC_HEADERS 1
| #define HAVE_SYS_TYPES_H 1
| #define HAVE_SYS_STAT_H 1
| #define HAVE_STDLIB_H 1
| #define HAVE_STRING_H 1
| #define HAVE_MEMORY_H 1
| #define HAVE_STRINGS_H 1
| #define HAVE_INTTYPES_H 1
| #define HAVE_STDINT_H 1
| #define HAVE_UNISTD_H 1
| /* end confdefs.h.  */
| #include <stdio.h>
| #ifdef HAVE_SYS_TYPES_H
| # include <sys/types.h>
| #endif
| #ifdef HAVE_SYS_STAT_H
| # include <sys/stat.h>
| #endif
| #ifdef STDC_HEADERS
| # include <stdlib.h>
| # include <stddef.h>
| #else
| # ifdef HAVE_STDLIB_H
| #  include <stdlib.h>
| # endif
| #endif
| #ifdef HAVE_STRING_H
| # if !defined STDC_HEADERS && defined HAVE_MEMORY_H
| #  include <memory.h>
| # endif
| # include <string.h>
| #endif
| #ifdef HAVE_STRINGS_H
| # include <strings.h>
| #endif
| #ifdef HAVE_INTTYPES_H
| # include <inttypes.h>
| #endif
| #ifdef HAVE_STDINT_H
| # include <stdint.h>
| #endif
| #ifdef HAVE_UNISTD_H
| # include <unistd.h>
| #endif
| #include <minix/config.h>
configure:5094: result: no
configure:5094: checking minix/config.h presence
configure:5094: /opt/lede-toolchain-ramips-mt7621_gcc-5.4.0_musl-1.1.24.Linux-x86_64/toolchain-mipsel_24kc_gcc-5.4.0_musl-1.1.24/bin/mipsel-openwrt-linux-musl-gcc -E  conftest.c
conftest.c:25:26: fatal error: minix/config.h: No such file or directory
compilation terminated.
configure:5094: $? = 1
configure: failed program was:
| /* confdefs.h */
| #define PACKAGE_NAME "OpenVPN"
| #define PACKAGE_TARNAME "openvpn"
| #define PACKAGE_VERSION "2.4.12"
| #define PACKAGE_STRING "OpenVPN 2.4.12"
| #define PACKAGE_BUGREPORT "openvpn-users@lists.sourceforge.net"
| #define PACKAGE_URL ""
| #define OPENVPN_VERSION_RESOURCE 2,4,12,0
| #define OPENVPN_VERSION_MAJOR 2
| #define OPENVPN_VERSION_MINOR 4
| #define OPENVPN_VERSION_PATCH ".12"
| #define PACKAGE "openvpn"
| #define VERSION "2.4.12"
| #define STDC_HEADERS 1
| #define HAVE_SYS_TYPES_H 1
| #define HAVE_SYS_STAT_H 1
| #define HAVE_STDLIB_H 1
| #define HAVE_STRING_H 1
| #define HAVE_MEMORY_H 1
| #define HAVE_STRINGS_H 1
| #define HAVE_INTTYPES_H 1
| #define HAVE_STDINT_H 1
| #define HAVE_UNISTD_H 1
| /* end confdefs.h.  */
| #include <minix/config.h>
configure:5094: result: no
configure:5094: checking for minix/config.h
configure:5094: result: no
configure:5115: checking whether it is safe to define __EXTENSIONS__
configure:5133: /opt/lede-toolchain-ramips-mt7621_gcc-5.4.0_musl-1.1.24.Linux-x86_64/toolchain-mipsel_24kc_gcc-5.4.0_musl-1.1.24/bin/mipsel-openwrt-linux-musl-gcc -c -Os -Wall -DLINUX26 -DCONFIG_RALINK -DMUSL_LIBC -DDEBUG_NOISY -DDEBUG_RCTEST -D_GNU_SOURCE -D__UAPI_DEF_ETHHDR -DRALINK_DBDC_MODE -pipe -funit-at-a-time -Wno-pointer-sign -mtune=mips32 -mips32 -DLINUX_KERNEL_VERSION=263366 --sysroot=/opt/lede-toolchain-ramips-mt7621_gcc-5.4.0_musl-1.1.24.Linux-x86_64/toolchain-mipsel_24kc_gcc-5.4.0_musl-1.1.24  -ffunction-sections -fdata-sections -std=gnu99 		-DASUSWRT  conftest.c >&5
configure:5133: $? = 0
configure:5140: result: yes
configure:5593: checking for mipsel-linux-pkg-config
configure:5626: result: no
configure:5636: checking for pkg-config
configure:5654: found /usr/bin/pkg-config
configure:5666: result: /usr/bin/pkg-config
configure:5678: WARNING: using cross tools not prefixed with host triplet
configure:5691: checking pkg-config is at least version 0.9.0
configure:5694: result: yes
configure:5707: checking how to run the C preprocessor
configure:5777: result: /opt/lede-toolchain-ramips-mt7621_gcc-5.4.0_musl-1.1.24.Linux-x86_64/toolchain-mipsel_24kc_gcc-5.4.0_musl-1.1.24/bin/mipsel-openwrt-linux-musl-gcc -E
configure:5797: /opt/lede-toolchain-ramips-mt7621_gcc-5.4.0_musl-1.1.24.Linux-x86_64/toolchain-mipsel_24kc_gcc-5.4.0_musl-1.1.24/bin/mipsel-openwrt-linux-musl-gcc -E  conftest.c
configure:5797: $? = 0
configure:5811: /opt/lede-toolchain-ramips-mt7621_gcc-5.4.0_musl-1.1.24.Linux-x86_64/toolchain-mipsel_24kc_gcc-5.4.0_musl-1.1.24/bin/mipsel-openwrt-linux-musl-gcc -E  conftest.c
conftest.c:33:28: fatal error: ac_nonexistent.h: No such file or directory
compilation terminated.
configure:5811: $? = 1
configure: failed program was:
| /* confdefs.h */
| #define PACKAGE_NAME "OpenVPN"
| #define PACKAGE_TARNAME "openvpn"
| #define PACKAGE_VERSION "2.4.12"
| #define PACKAGE_STRING "OpenVPN 2.4.12"
| #define PACKAGE_BUGREPORT "openvpn-users@lists.sourceforge.net"
| #define PACKAGE_URL ""
| #define OPENVPN_VERSION_RESOURCE 2,4,12,0
| #define OPENVPN_VERSION_MAJOR 2
| #define OPENVPN_VERSION_MINOR 4
| #define OPENVPN_VERSION_PATCH ".12"
| #define PACKAGE "openvpn"
| #define VERSION "2.4.12"
| #define STDC_HEADERS 1
| #define HAVE_SYS_TYPES_H 1
| #define HAVE_SYS_STAT_H 1
| #define HAVE_STDLIB_H 1
| #define HAVE_STRING_H 1
| #define HAVE_MEMORY_H 1
| #define HAVE_STRINGS_H 1
| #define HAVE_INTTYPES_H 1
| #define HAVE_STDINT_H 1
| #define HAVE_UNISTD_H 1
| #define __EXTENSIONS__ 1
| #define _ALL_SOURCE 1
| #define _GNU_SOURCE 1
| #define _POSIX_PTHREAD_SEMANTICS 1
| #define _TANDEM_SOURCE 1
| #define TARGET_ALIAS "mipsel-unknown-linux-gnu"
| #define TARGET_LINUX 1
| #define TARGET_PREFIX "L"
| /* end confdefs.h.  */
| #include <ac_nonexistent.h>
configure:5840: checking whether ln -s works
configure:5844: result: yes
configure:5851: checking for a sed that does not truncate output
configure:5915: result: /bin/sed
configure:5920: checking whether make sets $(MAKE)
configure:5942: result: yes
configure:5965: checking for ifconfig
configure:5996: result: /sbin/ifconfig
configure:6011: checking for route
configure:6042: result: /sbin/route
configure:6057: checking for ip
configure:6088: result: /usr/sbin/ip
configure:6103: checking for systemd-ask-password
configure:6137: result: no
configure:6149: checking for netstat
configure:6180: result: no
configure:6193: checking for man2html
configure:6223: result: no
configure:6235: checking for git
configure:6251: found /usr/bin/git
configure:6262: result: git
configure:6350: checking how to print strings
configure:6377: result: printf
configure:6398: checking for a sed that does not truncate output
configure:6462: result: /bin/sed
configure:6480: checking for fgrep
configure:6542: result: /bin/grep -F
configure:6577: checking for ld used by /opt/lede-toolchain-ramips-mt7621_gcc-5.4.0_musl-1.1.24.Linux-x86_64/toolchain-mipsel_24kc_gcc-5.4.0_musl-1.1.24/bin/mipsel-openwrt-linux-musl-gcc
configure:6644: result: /opt/lede-toolchain-ramips-mt7621_gcc-5.4.0_musl-1.1.24.Linux-x86_64/toolchain-mipsel_24kc_gcc-5.4.0_musl-1.1.24/bin/mipsel-openwrt-linux-musl-ld
configure:6651: checking if the linker (/opt/lede-toolchain-ramips-mt7621_gcc-5.4.0_musl-1.1.24.Linux-x86_64/toolchain-mipsel_24kc_gcc-5.4.0_musl-1.1.24/bin/mipsel-openwrt-linux-musl-ld) is GNU ld
configure:6666: result: yes
configure:6678: checking for BSD- or MS-compatible name lister (nm)
configure:6732: result: /opt/lede-toolchain-ramips-mt7621_gcc-5.4.0_musl-1.1.24.Linux-x86_64/toolchain-mipsel_24kc_gcc-5.4.0_musl-1.1.24/bin/mipsel-openwrt-linux-musl-nm
configure:6862: checking the name lister (/opt/lede-toolchain-ramips-mt7621_gcc-5.4.0_musl-1.1.24.Linux-x86_64/toolchain-mipsel_24kc_gcc-5.4.0_musl-1.1.24/bin/mipsel-openwrt-linux-musl-nm) interface
configure:6869: /opt/lede-toolchain-ramips-mt7621_gcc-5.4.0_musl-1.1.24.Linux-x86_64/toolchain-mipsel_24kc_gcc-5.4.0_musl-1.1.24/bin/mipsel-openwrt-linux-musl-gcc -c -Os -Wall -DLINUX26 -DCONFIG_RALINK -DMUSL_LIBC -DDEBUG_NOISY -DDEBUG_RCTEST -D_GNU_SOURCE -D__UAPI_DEF_ETHHDR -DRALINK_DBDC_MODE -pipe -funit-at-a-time -Wno-pointer-sign -mtune=mips32 -mips32 -DLINUX_KERNEL_VERSION=263366 --sysroot=/opt/lede-toolchain-ramips-mt7621_gcc-5.4.0_musl-1.1.24.Linux-x86_64/toolchain-mipsel_24kc_gcc-5.4.0_musl-1.1.24  -ffunction-sections -fdata-sections -std=gnu99 		-DASUSWRT  conftest.c >&5
configure:6872: /opt/lede-toolchain-ramips-mt7621_gcc-5.4.0_musl-1.1.24.Linux-x86_64/toolchain-mipsel_24kc_gcc-5.4.0_musl-1.1.24/bin/mipsel-openwrt-linux-musl-nm "conftest.o"
configure:6875: output
00000000 B some_variable
configure:6882: result: BSD nm
configure:6886: checking the maximum length of command line arguments
configure:7017: result: 1572864
configure:7065: checking how to convert x86_64-pc-linux-gnu file names to mipsel-unknown-linux-gnu format
configure:7105: result: func_convert_file_noop
configure:7112: checking how to convert x86_64-pc-linux-gnu file names to toolchain format
configure:7132: result: func_convert_file_noop
configure:7139: checking for /opt/lede-toolchain-ramips-mt7621_gcc-5.4.0_musl-1.1.24.Linux-x86_64/toolchain-mipsel_24kc_gcc-5.4.0_musl-1.1.24/bin/mipsel-openwrt-linux-musl-ld option to reload object files
configure:7146: result: -r
configure:7180: checking for mipsel-linux-objdump
configure:7207: result: /opt/lede-toolchain-ramips-mt7621_gcc-5.4.0_musl-1.1.24.Linux-x86_64/toolchain-mipsel_24kc_gcc-5.4.0_musl-1.1.24/bin/mipsel-openwrt-linux-musl-objdump
configure:7276: checking how to recognize dependent libraries
configure:7476: result: pass_all
configure:7521: checking for mipsel-linux-dlltool
configure:7551: result: no
configure:7561: checking for dlltool
configure:7591: result: no
configure:7618: checking how to associate runtime and link libraries
configure:7645: result: printf %s\n
configure:7661: checking for mipsel-linux-ar
configure:7688: result: /opt/lede-toolchain-ramips-mt7621_gcc-5.4.0_musl-1.1.24.Linux-x86_64/toolchain-mipsel_24kc_gcc-5.4.0_musl-1.1.24/bin/mipsel-openwrt-linux-musl-ar
configure:7769: checking for archiver @FILE support
configure:7786: /opt/lede-toolchain-ramips-mt7621_gcc-5.4.0_musl-1.1.24.Linux-x86_64/toolchain-mipsel_24kc_gcc-5.4.0_musl-1.1.24/bin/mipsel-openwrt-linux-musl-gcc -c -Os -Wall -DLINUX26 -DCONFIG_RALINK -DMUSL_LIBC -DDEBUG_NOISY -DDEBUG_RCTEST -D_GNU_SOURCE -D__UAPI_DEF_ETHHDR -DRALINK_DBDC_MODE -pipe -funit-at-a-time -Wno-pointer-sign -mtune=mips32 -mips32 -DLINUX_KERNEL_VERSION=263366 --sysroot=/opt/lede-toolchain-ramips-mt7621_gcc-5.4.0_musl-1.1.24.Linux-x86_64/toolchain-mipsel_24kc_gcc-5.4.0_musl-1.1.24  -ffunction-sections -fdata-sections -std=gnu99 		-DASUSWRT  conftest.c >&5
configure:7786: $? = 0
configure:7789: /opt/lede-toolchain-ramips-mt7621_gcc-5.4.0_musl-1.1.24.Linux-x86_64/toolchain-mipsel_24kc_gcc-5.4.0_musl-1.1.24/bin/mipsel-openwrt-linux-musl-ar cru libconftest.a @conftest.lst >&5
/opt/lede-toolchain-ramips-mt7621_gcc-5.4.0_musl-1.1.24.Linux-x86_64/toolchain-mipsel_24kc_gcc-5.4.0_musl-1.1.24/bin/mipsel-openwrt-linux-musl-ar: `u' modifier ignored since `D' is the default (see `U')
configure:7792: $? = 0
configure:7797: /opt/lede-toolchain-ramips-mt7621_gcc-5.4.0_musl-1.1.24.Linux-x86_64/toolchain-mipsel_24kc_gcc-5.4.0_musl-1.1.24/bin/mipsel-openwrt-linux-musl-ar cru libconftest.a @conftest.lst >&5
/opt/lede-toolchain-ramips-mt7621_gcc-5.4.0_musl-1.1.24.Linux-x86_64/toolchain-mipsel_24kc_gcc-5.4.0_musl-1.1.24/bin/mipsel-openwrt-linux-musl-ar: `u' modifier ignored since `D' is the default (see `U')
/opt/lede-toolchain-ramips-mt7621_gcc-5.4.0_musl-1.1.24.Linux-x86_64/toolchain-mipsel_24kc_gcc-5.4.0_musl-1.1.24/bin/mipsel-openwrt-linux-musl-ar: conftest.o: No such file or directory
configure:7800: $? = 1
configure:7812: result: @
configure:7830: checking for mipsel-linux-strip
configure:7857: result: /opt/lede-toolchain-ramips-mt7621_gcc-5.4.0_musl-1.1.24.Linux-x86_64/toolchain-mipsel_24kc_gcc-5.4.0_musl-1.1.24/bin/mipsel-openwrt-linux-musl-strip -R .note -R .comment
configure:7929: checking for mipsel-linux-ranlib
configure:7956: result: /opt/lede-toolchain-ramips-mt7621_gcc-5.4.0_musl-1.1.24.Linux-x86_64/toolchain-mipsel_24kc_gcc-5.4.0_musl-1.1.24/bin/mipsel-openwrt-linux-musl-ranlib
configure:8098: checking command to parse /opt/lede-toolchain-ramips-mt7621_gcc-5.4.0_musl-1.1.24.Linux-x86_64/toolchain-mipsel_24kc_gcc-5.4.0_musl-1.1.24/bin/mipsel-openwrt-linux-musl-nm output from /opt/lede-toolchain-ramips-mt7621_gcc-5.4.0_musl-1.1.24.Linux-x86_64/toolchain-mipsel_24kc_gcc-5.4.0_musl-1.1.24/bin/mipsel-openwrt-linux-musl-gcc object
configure:8251: /opt/lede-toolchain-ramips-mt7621_gcc-5.4.0_musl-1.1.24.Linux-x86_64/toolchain-mipsel_24kc_gcc-5.4.0_musl-1.1.24/bin/mipsel-openwrt-linux-musl-gcc -c -Os -Wall -DLINUX26 -DCONFIG_RALINK -DMUSL_LIBC -DDEBUG_NOISY -DDEBUG_RCTEST -D_GNU_SOURCE -D__UAPI_DEF_ETHHDR -DRALINK_DBDC_MODE -pipe -funit-at-a-time -Wno-pointer-sign -mtune=mips32 -mips32 -DLINUX_KERNEL_VERSION=263366 --sysroot=/opt/lede-toolchain-ramips-mt7621_gcc-5.4.0_musl-1.1.24.Linux-x86_64/toolchain-mipsel_24kc_gcc-5.4.0_musl-1.1.24  -ffunction-sections -fdata-sections -std=gnu99 		-DASUSWRT  conftest.c >&5
configure:8254: $? = 0
configure:8258: /opt/lede-toolchain-ramips-mt7621_gcc-5.4.0_musl-1.1.24.Linux-x86_64/toolchain-mipsel_24kc_gcc-5.4.0_musl-1.1.24/bin/mipsel-openwrt-linux-musl-nm conftest.o \| sed -n -e 's/^.*[ ]\([ABCDGIRSTW][ABCDGIRSTW]*\)[ ][ ]*\([_A-Za-z][_A-Za-z0-9]*\)$/\1 \2 \2/p' | sed '/ __gnu_lto/d' \> conftest.nm
configure:8261: $? = 0
configure:8327: /opt/lede-toolchain-ramips-mt7621_gcc-5.4.0_musl-1.1.24.Linux-x86_64/toolchain-mipsel_24kc_gcc-5.4.0_musl-1.1.24/bin/mipsel-openwrt-linux-musl-gcc -o conftest -Os -Wall -DLINUX26 -DCONFIG_RALINK -DMUSL_LIBC -DDEBUG_NOISY -DDEBUG_RCTEST -D_GNU_SOURCE -D__UAPI_DEF_ETHHDR -DRALINK_DBDC_MODE -pipe -funit-at-a-time -Wno-pointer-sign -mtune=mips32 -mips32 -DLINUX_KERNEL_VERSION=263366 --sysroot=/opt/lede-toolchain-ramips-mt7621_gcc-5.4.0_musl-1.1.24.Linux-x86_64/toolchain-mipsel_24kc_gcc-5.4.0_musl-1.1.24  -ffunction-sections -fdata-sections -std=gnu99 		-DASUSWRT  --sysroot=/opt/lede-toolchain-ramips-mt7621_gcc-5.4.0_musl-1.1.24.Linux-x86_64/toolchain-mipsel_24kc_gcc-5.4.0_musl-1.1.24 -ffunction-sections -fdata-sections 		-Wl,--gc-sections 		-lpthread -ldl 		-L/repo/Pass_GPL/asuswrt/release/src-ra-openwrt-4210/router/zlib -lz conftest.c conftstm.o >&5
configure:8330: $? = 0
configure:8368: result: ok
configure:8415: checking for sysroot
configure:8445: result: no
configure:8452: checking for a working dd
configure:8490: result: /bin/dd
configure:8494: checking how to truncate binary pipes
configure:8509: result: /bin/dd bs=4096 count=1
configure:8798: checking for mipsel-linux-mt
configure:8828: result: no
configure:8838: checking for mt
configure:8868: result: no
configure:8888: checking if : is a manifest tool
configure:8894: : '-?'
configure:8902: result: no
configure:9576: checking for dlfcn.h
configure:9576: /opt/lede-toolchain-ramips-mt7621_gcc-5.4.0_musl-1.1.24.Linux-x86_64/toolchain-mipsel_24kc_gcc-5.4.0_musl-1.1.24/bin/mipsel-openwrt-linux-musl-gcc -c -Os -Wall -DLINUX26 -DCONFIG_RALINK -DMUSL_LIBC -DDEBUG_NOISY -DDEBUG_RCTEST -D_GNU_SOURCE -D__UAPI_DEF_ETHHDR -DRALINK_DBDC_MODE -pipe -funit-at-a-time -Wno-pointer-sign -mtune=mips32 -mips32 -DLINUX_KERNEL_VERSION=263366 --sysroot=/opt/lede-toolchain-ramips-mt7621_gcc-5.4.0_musl-1.1.24.Linux-x86_64/toolchain-mipsel_24kc_gcc-5.4.0_musl-1.1.24  -ffunction-sections -fdata-sections -std=gnu99 		-DASUSWRT  conftest.c >&5
configure:9576: $? = 0
configure:9576: result: yes
configure:10130: checking for objdir
configure:10145: result: .libs
configure:10409: checking if /opt/lede-toolchain-ramips-mt7621_gcc-5.4.0_musl-1.1.24.Linux-x86_64/toolchain-mipsel_24kc_gcc-5.4.0_musl-1.1.24/bin/mipsel-openwrt-linux-musl-gcc supports -fno-rtti -fno-exceptions
configure:10427: /opt/lede-toolchain-ramips-mt7621_gcc-5.4.0_musl-1.1.24.Linux-x86_64/toolchain-mipsel_24kc_gcc-5.4.0_musl-1.1.24/bin/mipsel-openwrt-linux-musl-gcc -c -Os -Wall -DLINUX26 -DCONFIG_RALINK -DMUSL_LIBC -DDEBUG_NOISY -DDEBUG_RCTEST -D_GNU_SOURCE -D__UAPI_DEF_ETHHDR -DRALINK_DBDC_MODE -pipe -funit-at-a-time -Wno-pointer-sign -mtune=mips32 -mips32 -DLINUX_KERNEL_VERSION=263366 --sysroot=/opt/lede-toolchain-ramips-mt7621_gcc-5.4.0_musl-1.1.24.Linux-x86_64/toolchain-mipsel_24kc_gcc-5.4.0_musl-1.1.24  -ffunction-sections -fdata-sections -std=gnu99 		-DASUSWRT  -fno-rtti -fno-exceptions conftest.c >&5
cc1: warning: command line option '-fno-rtti' is valid for C++/ObjC++ but not for C
configure:10431: $? = 0
configure:10444: result: no
configure:10802: checking for /opt/lede-toolchain-ramips-mt7621_gcc-5.4.0_musl-1.1.24.Linux-x86_64/toolchain-mipsel_24kc_gcc-5.4.0_musl-1.1.24/bin/mipsel-openwrt-linux-musl-gcc option to produce PIC
configure:10809: result: -fPIC -DPIC
configure:10817: checking if /opt/lede-toolchain-ramips-mt7621_gcc-5.4.0_musl-1.1.24.Linux-x86_64/toolchain-mipsel_24kc_gcc-5.4.0_musl-1.1.24/bin/mipsel-openwrt-linux-musl-gcc PIC flag -fPIC -DPIC works
configure:10835: /opt/lede-toolchain-ramips-mt7621_gcc-5.4.0_musl-1.1.24.Linux-x86_64/toolchain-mipsel_24kc_gcc-5.4.0_musl-1.1.24/bin/mipsel-openwrt-linux-musl-gcc -c -Os -Wall -DLINUX26 -DCONFIG_RALINK -DMUSL_LIBC -DDEBUG_NOISY -DDEBUG_RCTEST -D_GNU_SOURCE -D__UAPI_DEF_ETHHDR -DRALINK_DBDC_MODE -pipe -funit-at-a-time -Wno-pointer-sign -mtune=mips32 -mips32 -DLINUX_KERNEL_VERSION=263366 --sysroot=/opt/lede-toolchain-ramips-mt7621_gcc-5.4.0_musl-1.1.24.Linux-x86_64/toolchain-mipsel_24kc_gcc-5.4.0_musl-1.1.24  -ffunction-sections -fdata-sections -std=gnu99 		-DASUSWRT  -fPIC -DPIC -DPIC conftest.c >&5
configure:10839: $? = 0
configure:10852: result: yes
configure:10881: checking if /opt/lede-toolchain-ramips-mt7621_gcc-5.4.0_musl-1.1.24.Linux-x86_64/toolchain-mipsel_24kc_gcc-5.4.0_musl-1.1.24/bin/mipsel-openwrt-linux-musl-gcc static flag -static works
configure:10909: result: yes
configure:10924: checking if /opt/lede-toolchain-ramips-mt7621_gcc-5.4.0_musl-1.1.24.Linux-x86_64/toolchain-mipsel_24kc_gcc-5.4.0_musl-1.1.24/bin/mipsel-openwrt-linux-musl-gcc supports -c -o file.o
configure:10945: /opt/lede-toolchain-ramips-mt7621_gcc-5.4.0_musl-1.1.24.Linux-x86_64/toolchain-mipsel_24kc_gcc-5.4.0_musl-1.1.24/bin/mipsel-openwrt-linux-musl-gcc -c -Os -Wall -DLINUX26 -DCONFIG_RALINK -DMUSL_LIBC -DDEBUG_NOISY -DDEBUG_RCTEST -D_GNU_SOURCE -D__UAPI_DEF_ETHHDR -DRALINK_DBDC_MODE -pipe -funit-at-a-time -Wno-pointer-sign -mtune=mips32 -mips32 -DLINUX_KERNEL_VERSION=263366 --sysroot=/opt/lede-toolchain-ramips-mt7621_gcc-5.4.0_musl-1.1.24.Linux-x86_64/toolchain-mipsel_24kc_gcc-5.4.0_musl-1.1.24  -ffunction-sections -fdata-sections -std=gnu99 		-DASUSWRT  -o out/conftest2.o conftest.c >&5
configure:10949: $? = 0
configure:10971: result: yes
configure:10979: checking if /opt/lede-toolchain-ramips-mt7621_gcc-5.4.0_musl-1.1.24.Linux-x86_64/toolchain-mipsel_24kc_gcc-5.4.0_musl-1.1.24/bin/mipsel-openwrt-linux-musl-gcc supports -c -o file.o
configure:11026: result: yes
configure:11059: checking whether the /opt/lede-toolchain-ramips-mt7621_gcc-5.4.0_musl-1.1.24.Linux-x86_64/toolchain-mipsel_24kc_gcc-5.4.0_musl-1.1.24/bin/mipsel-openwrt-linux-musl-gcc linker (/opt/lede-toolchain-ramips-mt7621_gcc-5.4.0_musl-1.1.24.Linux-x86_64/toolchain-mipsel_24kc_gcc-5.4.0_musl-1.1.24/bin/mipsel-openwrt-linux-musl-ld) supports shared libraries
configure:12322: result: yes
configure:12359: checking whether -lc should be explicitly linked in
configure:12367: /opt/lede-toolchain-ramips-mt7621_gcc-5.4.0_musl-1.1.24.Linux-x86_64/toolchain-mipsel_24kc_gcc-5.4.0_musl-1.1.24/bin/mipsel-openwrt-linux-musl-gcc -c -Os -Wall -DLINUX26 -DCONFIG_RALINK -DMUSL_LIBC -DDEBUG_NOISY -DDEBUG_RCTEST -D_GNU_SOURCE -D__UAPI_DEF_ETHHDR -DRALINK_DBDC_MODE -pipe -funit-at-a-time -Wno-pointer-sign -mtune=mips32 -mips32 -DLINUX_KERNEL_VERSION=263366 --sysroot=/opt/lede-toolchain-ramips-mt7621_gcc-5.4.0_musl-1.1.24.Linux-x86_64/toolchain-mipsel_24kc_gcc-5.4.0_musl-1.1.24  -ffunction-sections -fdata-sections -std=gnu99 		-DASUSWRT  conftest.c >&5
configure:12370: $? = 0
configure:12385: /opt/lede-toolchain-ramips-mt7621_gcc-5.4.0_musl-1.1.24.Linux-x86_64/toolchain-mipsel_24kc_gcc-5.4.0_musl-1.1.24/bin/mipsel-openwrt-linux-musl-gcc -shared  -fPIC -DPIC conftest.o  -v -Wl,-soname -Wl,conftest -o conftest 2\>\&1 \| /bin/grep  -lc  \>/dev/null 2\>\&1
configure:12388: $? = 0
configure:12402: result: no
configure:12562: checking dynamic linker characteristics
configure:13143: /opt/lede-toolchain-ramips-mt7621_gcc-5.4.0_musl-1.1.24.Linux-x86_64/toolchain-mipsel_24kc_gcc-5.4.0_musl-1.1.24/bin/mipsel-openwrt-linux-musl-gcc -o conftest -Os -Wall -DLINUX26 -DCONFIG_RALINK -DMUSL_LIBC -DDEBUG_NOISY -DDEBUG_RCTEST -D_GNU_SOURCE -D__UAPI_DEF_ETHHDR -DRALINK_DBDC_MODE -pipe -funit-at-a-time -Wno-pointer-sign -mtune=mips32 -mips32 -DLINUX_KERNEL_VERSION=263366 --sysroot=/opt/lede-toolchain-ramips-mt7621_gcc-5.4.0_musl-1.1.24.Linux-x86_64/toolchain-mipsel_24kc_gcc-5.4.0_musl-1.1.24  -ffunction-sections -fdata-sections -std=gnu99 		-DASUSWRT  --sysroot=/opt/lede-toolchain-ramips-mt7621_gcc-5.4.0_musl-1.1.24.Linux-x86_64/toolchain-mipsel_24kc_gcc-5.4.0_musl-1.1.24 -ffunction-sections -fdata-sections 		-Wl,--gc-sections 		-lpthread -ldl 		-L/repo/Pass_GPL/asuswrt/release/src-ra-openwrt-4210/router/zlib -lz -Wl,-rpath -Wl,/foo conftest.c  >&5
configure:13143: $? = 0
configure:13392: result: GNU/Linux ld.so
configure:13514: checking how to hardcode library paths into programs
configure:13539: result: immediate
configure:14087: checking whether stripping libraries is possible
configure:14092: result: yes
configure:14127: checking if libtool supports shared libraries
configure:14129: result: yes
configure:14132: checking whether to build shared libraries
configure:14157: result: yes
configure:14160: checking whether to build static libraries
configure:14164: result: yes
configure:14204: checking for mipsel-linux-windres
configure:14234: result: no
configure:14244: checking for windres
configure:14274: result: no
configure:14373: checking for an ANSI C-conforming const
configure:14439: /opt/lede-toolchain-ramips-mt7621_gcc-5.4.0_musl-1.1.24.Linux-x86_64/toolchain-mipsel_24kc_gcc-5.4.0_musl-1.1.24/bin/mipsel-openwrt-linux-musl-gcc -c -Os -Wall -DLINUX26 -DCONFIG_RALINK -DMUSL_LIBC -DDEBUG_NOISY -DDEBUG_RCTEST -D_GNU_SOURCE -D__UAPI_DEF_ETHHDR -DRALINK_DBDC_MODE -pipe -funit-at-a-time -Wno-pointer-sign -mtune=mips32 -mips32 -DLINUX_KERNEL_VERSION=263366 --sysroot=/opt/lede-toolchain-ramips-mt7621_gcc-5.4.0_musl-1.1.24.Linux-x86_64/toolchain-mipsel_24kc_gcc-5.4.0_musl-1.1.24  -ffunction-sections -fdata-sections -std=gnu99 		-DASUSWRT  conftest.c >&5
configure:14439: $? = 0
configure:14446: result: yes
configure:14454: checking for inline
configure:14470: /opt/lede-toolchain-ramips-mt7621_gcc-5.4.0_musl-1.1.24.Linux-x86_64/toolchain-mipsel_24kc_gcc-5.4.0_musl-1.1.24/bin/mipsel-openwrt-linux-musl-gcc -c -Os -Wall -DLINUX26 -DCONFIG_RALINK -DMUSL_LIBC -DDEBUG_NOISY -DDEBUG_RCTEST -D_GNU_SOURCE -D__UAPI_DEF_ETHHDR -DRALINK_DBDC_MODE -pipe -funit-at-a-time -Wno-pointer-sign -mtune=mips32 -mips32 -DLINUX_KERNEL_VERSION=263366 --sysroot=/opt/lede-toolchain-ramips-mt7621_gcc-5.4.0_musl-1.1.24.Linux-x86_64/toolchain-mipsel_24kc_gcc-5.4.0_musl-1.1.24  -ffunction-sections -fdata-sections -std=gnu99 		-DASUSWRT  conftest.c >&5
configure:14470: $? = 0
configure:14478: result: inline
configure:14496: checking for working volatile
configure:14515: /opt/lede-toolchain-ramips-mt7621_gcc-5.4.0_musl-1.1.24.Linux-x86_64/toolchain-mipsel_24kc_gcc-5.4.0_musl-1.1.24/bin/mipsel-openwrt-linux-musl-gcc -c -Os -Wall -DLINUX26 -DCONFIG_RALINK -DMUSL_LIBC -DDEBUG_NOISY -DDEBUG_RCTEST -D_GNU_SOURCE -D__UAPI_DEF_ETHHDR -DRALINK_DBDC_MODE -pipe -funit-at-a-time -Wno-pointer-sign -mtune=mips32 -mips32 -DLINUX_KERNEL_VERSION=263366 --sysroot=/opt/lede-toolchain-ramips-mt7621_gcc-5.4.0_musl-1.1.24.Linux-x86_64/toolchain-mipsel_24kc_gcc-5.4.0_musl-1.1.24  -ffunction-sections -fdata-sections -std=gnu99 		-DASUSWRT  conftest.c >&5
configure:14515: $? = 0
configure:14522: result: yes
configure:14530: checking for off_t
configure:14530: /opt/lede-toolchain-ramips-mt7621_gcc-5.4.0_musl-1.1.24.Linux-x86_64/toolchain-mipsel_24kc_gcc-5.4.0_musl-1.1.24/bin/mipsel-openwrt-linux-musl-gcc -c -Os -Wall -DLINUX26 -DCONFIG_RALINK -DMUSL_LIBC -DDEBUG_NOISY -DDEBUG_RCTEST -D_GNU_SOURCE -D__UAPI_DEF_ETHHDR -DRALINK_DBDC_MODE -pipe -funit-at-a-time -Wno-pointer-sign -mtune=mips32 -mips32 -DLINUX_KERNEL_VERSION=263366 --sysroot=/opt/lede-toolchain-ramips-mt7621_gcc-5.4.0_musl-1.1.24.Linux-x86_64/toolchain-mipsel_24kc_gcc-5.4.0_musl-1.1.24  -ffunction-sections -fdata-sections -std=gnu99 		-DASUSWRT  conftest.c >&5
configure:14530: $? = 0
configure:14530: /opt/lede-toolchain-ramips-mt7621_gcc-5.4.0_musl-1.1.24.Linux-x86_64/toolchain-mipsel_24kc_gcc-5.4.0_musl-1.1.24/bin/mipsel-openwrt-linux-musl-gcc -c -Os -Wall -DLINUX26 -DCONFIG_RALINK -DMUSL_LIBC -DDEBUG_NOISY -DDEBUG_RCTEST -D_GNU_SOURCE -D__UAPI_DEF_ETHHDR -DRALINK_DBDC_MODE -pipe -funit-at-a-time -Wno-pointer-sign -mtune=mips32 -mips32 -DLINUX_KERNEL_VERSION=263366 --sysroot=/opt/lede-toolchain-ramips-mt7621_gcc-5.4.0_musl-1.1.24.Linux-x86_64/toolchain-mipsel_24kc_gcc-5.4.0_musl-1.1.24  -ffunction-sections -fdata-sections -std=gnu99 		-DASUSWRT  conftest.c >&5
conftest.c: In function 'main':
conftest.c:75:20: error: expected expression before ')' token
 if (sizeof ((off_t)))
                    ^
configure:14530: $? = 1
configure: failed program was:
| /* confdefs.h */
| #define PACKAGE_NAME "OpenVPN"
| #define PACKAGE_TARNAME "openvpn"
| #define PACKAGE_VERSION "2.4.12"
| #define PACKAGE_STRING "OpenVPN 2.4.12"
| #define PACKAGE_BUGREPORT "openvpn-users@lists.sourceforge.net"
| #define PACKAGE_URL ""
| #define OPENVPN_VERSION_RESOURCE 2,4,12,0
| #define OPENVPN_VERSION_MAJOR 2
| #define OPENVPN_VERSION_MINOR 4
| #define OPENVPN_VERSION_PATCH ".12"
| #define PACKAGE "openvpn"
| #define VERSION "2.4.12"
| #define STDC_HEADERS 1
| #define HAVE_SYS_TYPES_H 1
| #define HAVE_SYS_STAT_H 1
| #define HAVE_STDLIB_H 1
| #define HAVE_STRING_H 1
| #define HAVE_MEMORY_H 1
| #define HAVE_STRINGS_H 1
| #define HAVE_INTTYPES_H 1
| #define HAVE_STDINT_H 1
| #define HAVE_UNISTD_H 1
| #define __EXTENSIONS__ 1
| #define _ALL_SOURCE 1
| #define _GNU_SOURCE 1
| #define _POSIX_PTHREAD_SEMANTICS 1
| #define _TANDEM_SOURCE 1
| #define TARGET_ALIAS "mipsel-unknown-linux-gnu"
| #define TARGET_LINUX 1
| #define TARGET_PREFIX "L"
| #define IFCONFIG_PATH "/sbin/ifconfig"
| #define IPROUTE_PATH "/usr/sbin/ip"
| #define ROUTE_PATH "/sbin/route"
| #define SYSTEMD_ASK_PASSWORD_PATH ""
| #define HAVE_DLFCN_H 1
| #define LT_OBJDIR ".libs/"
| /* end confdefs.h.  */
| #include <stdio.h>
| #ifdef HAVE_SYS_TYPES_H
| # include <sys/types.h>
| #endif
| #ifdef HAVE_SYS_STAT_H
| # include <sys/stat.h>
| #endif
| #ifdef STDC_HEADERS
| # include <stdlib.h>
| # include <stddef.h>
| #else
| # ifdef HAVE_STDLIB_H
| #  include <stdlib.h>
| # endif
| #endif
| #ifdef HAVE_STRING_H
| # if !defined STDC_HEADERS && defined HAVE_MEMORY_H
| #  include <memory.h>
| # endif
| # include <string.h>
| #endif
| #ifdef HAVE_STRINGS_H
| # include <strings.h>
| #endif
| #ifdef HAVE_INTTYPES_H
| # include <inttypes.h>
| #endif
| #ifdef HAVE_STDINT_H
| # include <stdint.h>
| #endif
| #ifdef HAVE_UNISTD_H
| # include <unistd.h>
| #endif
| int
| main ()
| {
| if (sizeof ((off_t)))
| 	    return 0;
|   ;
|   return 0;
| }
configure:14530: result: yes
configure:14541: checking for pid_t
configure:14541: /opt/lede-toolchain-ramips-mt7621_gcc-5.4.0_musl-1.1.24.Linux-x86_64/toolchain-mipsel_24kc_gcc-5.4.0_musl-1.1.24/bin/mipsel-openwrt-linux-musl-gcc -c -Os -Wall -DLINUX26 -DCONFIG_RALINK -DMUSL_LIBC -DDEBUG_NOISY -DDEBUG_RCTEST -D_GNU_SOURCE -D__UAPI_DEF_ETHHDR -DRALINK_DBDC_MODE -pipe -funit-at-a-time -Wno-pointer-sign -mtune=mips32 -mips32 -DLINUX_KERNEL_VERSION=263366 --sysroot=/opt/lede-toolchain-ramips-mt7621_gcc-5.4.0_musl-1.1.24.Linux-x86_64/toolchain-mipsel_24kc_gcc-5.4.0_musl-1.1.24  -ffunction-sections -fdata-sections -std=gnu99 		-DASUSWRT  conftest.c >&5
configure:14541: $? = 0
configure:14541: /opt/lede-toolchain-ramips-mt7621_gcc-5.4.0_musl-1.1.24.Linux-x86_64/toolchain-mipsel_24kc_gcc-5.4.0_musl-1.1.24/bin/mipsel-openwrt-linux-musl-gcc -c -Os -Wall -DLINUX26 -DCONFIG_RALINK -DMUSL_LIBC -DDEBUG_NOISY -DDEBUG_RCTEST -D_GNU_SOURCE -D__UAPI_DEF_ETHHDR -DRALINK_DBDC_MODE -pipe -funit-at-a-time -Wno-pointer-sign -mtune=mips32 -mips32 -DLINUX_KERNEL_VERSION=263366 --sysroot=/opt/lede-toolchain-ramips-mt7621_gcc-5.4.0_musl-1.1.24.Linux-x86_64/toolchain-mipsel_24kc_gcc-5.4.0_musl-1.1.24  -ffunction-sections -fdata-sections -std=gnu99 		-DASUSWRT  conftest.c >&5
conftest.c: In function 'main':
conftest.c:75:20: error: expected expression before ')' token
 if (sizeof ((pid_t)))
                    ^
configure:14541: $? = 1
configure: failed program was:
| /* confdefs.h */
| #define PACKAGE_NAME "OpenVPN"
| #define PACKAGE_TARNAME "openvpn"
| #define PACKAGE_VERSION "2.4.12"
| #define PACKAGE_STRING "OpenVPN 2.4.12"
| #define PACKAGE_BUGREPORT "openvpn-users@lists.sourceforge.net"
| #define PACKAGE_URL ""
| #define OPENVPN_VERSION_RESOURCE 2,4,12,0
| #define OPENVPN_VERSION_MAJOR 2
| #define OPENVPN_VERSION_MINOR 4
| #define OPENVPN_VERSION_PATCH ".12"
| #define PACKAGE "openvpn"
| #define VERSION "2.4.12"
| #define STDC_HEADERS 1
| #define HAVE_SYS_TYPES_H 1
| #define HAVE_SYS_STAT_H 1
| #define HAVE_STDLIB_H 1
| #define HAVE_STRING_H 1
| #define HAVE_MEMORY_H 1
| #define HAVE_STRINGS_H 1
| #define HAVE_INTTYPES_H 1
| #define HAVE_STDINT_H 1
| #define HAVE_UNISTD_H 1
| #define __EXTENSIONS__ 1
| #define _ALL_SOURCE 1
| #define _GNU_SOURCE 1
| #define _POSIX_PTHREAD_SEMANTICS 1
| #define _TANDEM_SOURCE 1
| #define TARGET_ALIAS "mipsel-unknown-linux-gnu"
| #define TARGET_LINUX 1
| #define TARGET_PREFIX "L"
| #define IFCONFIG_PATH "/sbin/ifconfig"
| #define IPROUTE_PATH "/usr/sbin/ip"
| #define ROUTE_PATH "/sbin/route"
| #define SYSTEMD_ASK_PASSWORD_PATH ""
| #define HAVE_DLFCN_H 1
| #define LT_OBJDIR ".libs/"
| /* end confdefs.h.  */
| #include <stdio.h>
| #ifdef HAVE_SYS_TYPES_H
| # include <sys/types.h>
| #endif
| #ifdef HAVE_SYS_STAT_H
| # include <sys/stat.h>
| #endif
| #ifdef STDC_HEADERS
| # include <stdlib.h>
| # include <stddef.h>
| #else
| # ifdef HAVE_STDLIB_H
| #  include <stdlib.h>
| # endif
| #endif
| #ifdef HAVE_STRING_H
| # if !defined STDC_HEADERS && defined HAVE_MEMORY_H
| #  include <memory.h>
| # endif
| # include <string.h>
| #endif
| #ifdef HAVE_STRINGS_H
| # include <strings.h>
| #endif
| #ifdef HAVE_INTTYPES_H
| # include <inttypes.h>
| #endif
| #ifdef HAVE_STDINT_H
| # include <stdint.h>
| #endif
| #ifdef HAVE_UNISTD_H
| # include <unistd.h>
| #endif
| int
| main ()
| {
| if (sizeof ((pid_t)))
| 	    return 0;
|   ;
|   return 0;
| }
configure:14541: result: yes
configure:14552: checking for size_t
configure:14552: /opt/lede-toolchain-ramips-mt7621_gcc-5.4.0_musl-1.1.24.Linux-x86_64/toolchain-mipsel_24kc_gcc-5.4.0_musl-1.1.24/bin/mipsel-openwrt-linux-musl-gcc -c -Os -Wall -DLINUX26 -DCONFIG_RALINK -DMUSL_LIBC -DDEBUG_NOISY -DDEBUG_RCTEST -D_GNU_SOURCE -D__UAPI_DEF_ETHHDR -DRALINK_DBDC_MODE -pipe -funit-at-a-time -Wno-pointer-sign -mtune=mips32 -mips32 -DLINUX_KERNEL_VERSION=263366 --sysroot=/opt/lede-toolchain-ramips-mt7621_gcc-5.4.0_musl-1.1.24.Linux-x86_64/toolchain-mipsel_24kc_gcc-5.4.0_musl-1.1.24  -ffunction-sections -fdata-sections -std=gnu99 		-DASUSWRT  conftest.c >&5
configure:14552: $? = 0
configure:14552: /opt/lede-toolchain-ramips-mt7621_gcc-5.4.0_musl-1.1.24.Linux-x86_64/toolchain-mipsel_24kc_gcc-5.4.0_musl-1.1.24/bin/mipsel-openwrt-linux-musl-gcc -c -Os -Wall -DLINUX26 -DCONFIG_RALINK -DMUSL_LIBC -DDEBUG_NOISY -DDEBUG_RCTEST -D_GNU_SOURCE -D__UAPI_DEF_ETHHDR -DRALINK_DBDC_MODE -pipe -funit-at-a-time -Wno-pointer-sign -mtune=mips32 -mips32 -DLINUX_KERNEL_VERSION=263366 --sysroot=/opt/lede-toolchain-ramips-mt7621_gcc-5.4.0_musl-1.1.24.Linux-x86_64/toolchain-mipsel_24kc_gcc-5.4.0_musl-1.1.24  -ffunction-sections -fdata-sections -std=gnu99 		-DASUSWRT  conftest.c >&5
conftest.c: In function 'main':
conftest.c:75:21: error: expected expression before ')' token
 if (sizeof ((size_t)))
                     ^
configure:14552: $? = 1
configure: failed program was:
| /* confdefs.h */
| #define PACKAGE_NAME "OpenVPN"
| #define PACKAGE_TARNAME "openvpn"
| #define PACKAGE_VERSION "2.4.12"
| #define PACKAGE_STRING "OpenVPN 2.4.12"
| #define PACKAGE_BUGREPORT "openvpn-users@lists.sourceforge.net"
| #define PACKAGE_URL ""
| #define OPENVPN_VERSION_RESOURCE 2,4,12,0
| #define OPENVPN_VERSION_MAJOR 2
| #define OPENVPN_VERSION_MINOR 4
| #define OPENVPN_VERSION_PATCH ".12"
| #define PACKAGE "openvpn"
| #define VERSION "2.4.12"
| #define STDC_HEADERS 1
| #define HAVE_SYS_TYPES_H 1
| #define HAVE_SYS_STAT_H 1
| #define HAVE_STDLIB_H 1
| #define HAVE_STRING_H 1
| #define HAVE_MEMORY_H 1
| #define HAVE_STRINGS_H 1
| #define HAVE_INTTYPES_H 1
| #define HAVE_STDINT_H 1
| #define HAVE_UNISTD_H 1
| #define __EXTENSIONS__ 1
| #define _ALL_SOURCE 1
| #define _GNU_SOURCE 1
| #define _POSIX_PTHREAD_SEMANTICS 1
| #define _TANDEM_SOURCE 1
| #define TARGET_ALIAS "mipsel-unknown-linux-gnu"
| #define TARGET_LINUX 1
| #define TARGET_PREFIX "L"
| #define IFCONFIG_PATH "/sbin/ifconfig"
| #define IPROUTE_PATH "/usr/sbin/ip"
| #define ROUTE_PATH "/sbin/route"
| #define SYSTEMD_ASK_PASSWORD_PATH ""
| #define HAVE_DLFCN_H 1
| #define LT_OBJDIR ".libs/"
| /* end confdefs.h.  */
| #include <stdio.h>
| #ifdef HAVE_SYS_TYPES_H
| # include <sys/types.h>
| #endif
| #ifdef HAVE_SYS_STAT_H
| # include <sys/stat.h>
| #endif
| #ifdef STDC_HEADERS
| # include <stdlib.h>
| # include <stddef.h>
| #else
| # ifdef HAVE_STDLIB_H
| #  include <stdlib.h>
| # endif
| #endif
| #ifdef HAVE_STRING_H
| # if !defined STDC_HEADERS && defined HAVE_MEMORY_H
| #  include <memory.h>
| # endif
| # include <string.h>
| #endif
| #ifdef HAVE_STRINGS_H
| # include <strings.h>
| #endif
| #ifdef HAVE_INTTYPES_H
| # include <inttypes.h>
| #endif
| #ifdef HAVE_STDINT_H
| # include <stdint.h>
| #endif
| #ifdef HAVE_UNISTD_H
| # include <unistd.h>
| #endif
| int
| main ()
| {
| if (sizeof ((size_t)))
| 	    return 0;
|   ;
|   return 0;
| }
configure:14552: result: yes
configure:14563: checking for uid_t in sys/types.h
configure:14582: result: yes
configure:14593: checking for int8_t
configure:14593: /opt/lede-toolchain-ramips-mt7621_gcc-5.4.0_musl-1.1.24.Linux-x86_64/toolchain-mipsel_24kc_gcc-5.4.0_musl-1.1.24/bin/mipsel-openwrt-linux-musl-gcc -c -Os -Wall -DLINUX26 -DCONFIG_RALINK -DMUSL_LIBC -DDEBUG_NOISY -DDEBUG_RCTEST -D_GNU_SOURCE -D__UAPI_DEF_ETHHDR -DRALINK_DBDC_MODE -pipe -funit-at-a-time -Wno-pointer-sign -mtune=mips32 -mips32 -DLINUX_KERNEL_VERSION=263366 --sysroot=/opt/lede-toolchain-ramips-mt7621_gcc-5.4.0_musl-1.1.24.Linux-x86_64/toolchain-mipsel_24kc_gcc-5.4.0_musl-1.1.24  -ffunction-sections -fdata-sections -std=gnu99 		-DASUSWRT  conftest.c >&5
configure:14593: $? = 0
configure:14593: /opt/lede-toolchain-ramips-mt7621_gcc-5.4.0_musl-1.1.24.Linux-x86_64/toolchain-mipsel_24kc_gcc-5.4.0_musl-1.1.24/bin/mipsel-openwrt-linux-musl-gcc -c -Os -Wall -DLINUX26 -DCONFIG_RALINK -DMUSL_LIBC -DDEBUG_NOISY -DDEBUG_RCTEST -D_GNU_SOURCE -D__UAPI_DEF_ETHHDR -DRALINK_DBDC_MODE -pipe -funit-at-a-time -Wno-pointer-sign -mtune=mips32 -mips32 -DLINUX_KERNEL_VERSION=263366 --sysroot=/opt/lede-toolchain-ramips-mt7621_gcc-5.4.0_musl-1.1.24.Linux-x86_64/toolchain-mipsel_24kc_gcc-5.4.0_musl-1.1.24  -ffunction-sections -fdata-sections -std=gnu99 		-DASUSWRT  conftest.c >&5
conftest.c: In function 'main':
conftest.c:76:12: error: size of array 'test_array' is negative
 static int test_array [1 - 2 * !((int8_t) (((((int8_t) 1 << N) << N) - 1) * 2 + 1)
            ^
configure:14593: $? = 1
configure: failed program was:
| /* confdefs.h */
| #define PACKAGE_NAME "OpenVPN"
| #define PACKAGE_TARNAME "openvpn"
| #define PACKAGE_VERSION "2.4.12"
| #define PACKAGE_STRING "OpenVPN 2.4.12"
| #define PACKAGE_BUGREPORT "openvpn-users@lists.sourceforge.net"
| #define PACKAGE_URL ""
| #define OPENVPN_VERSION_RESOURCE 2,4,12,0
| #define OPENVPN_VERSION_MAJOR 2
| #define OPENVPN_VERSION_MINOR 4
| #define OPENVPN_VERSION_PATCH ".12"
| #define PACKAGE "openvpn"
| #define VERSION "2.4.12"
| #define STDC_HEADERS 1
| #define HAVE_SYS_TYPES_H 1
| #define HAVE_SYS_STAT_H 1
| #define HAVE_STDLIB_H 1
| #define HAVE_STRING_H 1
| #define HAVE_MEMORY_H 1
| #define HAVE_STRINGS_H 1
| #define HAVE_INTTYPES_H 1
| #define HAVE_STDINT_H 1
| #define HAVE_UNISTD_H 1
| #define __EXTENSIONS__ 1
| #define _ALL_SOURCE 1
| #define _GNU_SOURCE 1
| #define _POSIX_PTHREAD_SEMANTICS 1
| #define _TANDEM_SOURCE 1
| #define TARGET_ALIAS "mipsel-unknown-linux-gnu"
| #define TARGET_LINUX 1
| #define TARGET_PREFIX "L"
| #define IFCONFIG_PATH "/sbin/ifconfig"
| #define IPROUTE_PATH "/usr/sbin/ip"
| #define ROUTE_PATH "/sbin/route"
| #define SYSTEMD_ASK_PASSWORD_PATH ""
| #define HAVE_DLFCN_H 1
| #define LT_OBJDIR ".libs/"
| /* end confdefs.h.  */
| #include <stdio.h>
| #ifdef HAVE_SYS_TYPES_H
| # include <sys/types.h>
| #endif
| #ifdef HAVE_SYS_STAT_H
| # include <sys/stat.h>
| #endif
| #ifdef STDC_HEADERS
| # include <stdlib.h>
| # include <stddef.h>
| #else
| # ifdef HAVE_STDLIB_H
| #  include <stdlib.h>
| # endif
| #endif
| #ifdef HAVE_STRING_H
| # if !defined STDC_HEADERS && defined HAVE_MEMORY_H
| #  include <memory.h>
| # endif
| # include <string.h>
| #endif
| #ifdef HAVE_STRINGS_H
| # include <strings.h>
| #endif
| #ifdef HAVE_INTTYPES_H
| # include <inttypes.h>
| #endif
| #ifdef HAVE_STDINT_H
| # include <stdint.h>
| #endif
| #ifdef HAVE_UNISTD_H
| # include <unistd.h>
| #endif
| 	        enum { N = 8 / 2 - 1 };
| int
| main ()
| {
| static int test_array [1 - 2 * !((int8_t) (((((int8_t) 1 << N) << N) - 1) * 2 + 1)
| 		 < (int8_t) (((((int8_t) 1 << N) << N) - 1) * 2 + 2))];
| test_array [0] = 0;
| return test_array [0];
| 
|   ;
|   return 0;
| }
configure:14593: result: yes
configure:14604: checking for int16_t
configure:14604: /opt/lede-toolchain-ramips-mt7621_gcc-5.4.0_musl-1.1.24.Linux-x86_64/toolchain-mipsel_24kc_gcc-5.4.0_musl-1.1.24/bin/mipsel-openwrt-linux-musl-gcc -c -Os -Wall -DLINUX26 -DCONFIG_RALINK -DMUSL_LIBC -DDEBUG_NOISY -DDEBUG_RCTEST -D_GNU_SOURCE -D__UAPI_DEF_ETHHDR -DRALINK_DBDC_MODE -pipe -funit-at-a-time -Wno-pointer-sign -mtune=mips32 -mips32 -DLINUX_KERNEL_VERSION=263366 --sysroot=/opt/lede-toolchain-ramips-mt7621_gcc-5.4.0_musl-1.1.24.Linux-x86_64/toolchain-mipsel_24kc_gcc-5.4.0_musl-1.1.24  -ffunction-sections -fdata-sections -std=gnu99 		-DASUSWRT  conftest.c >&5
configure:14604: $? = 0
configure:14604: /opt/lede-toolchain-ramips-mt7621_gcc-5.4.0_musl-1.1.24.Linux-x86_64/toolchain-mipsel_24kc_gcc-5.4.0_musl-1.1.24/bin/mipsel-openwrt-linux-musl-gcc -c -Os -Wall -DLINUX26 -DCONFIG_RALINK -DMUSL_LIBC -DDEBUG_NOISY -DDEBUG_RCTEST -D_GNU_SOURCE -D__UAPI_DEF_ETHHDR -DRALINK_DBDC_MODE -pipe -funit-at-a-time -Wno-pointer-sign -mtune=mips32 -mips32 -DLINUX_KERNEL_VERSION=263366 --sysroot=/opt/lede-toolchain-ramips-mt7621_gcc-5.4.0_musl-1.1.24.Linux-x86_64/toolchain-mipsel_24kc_gcc-5.4.0_musl-1.1.24  -ffunction-sections -fdata-sections -std=gnu99 		-DASUSWRT  conftest.c >&5
conftest.c: In function 'main':
conftest.c:76:12: error: size of array 'test_array' is negative
 static int test_array [1 - 2 * !((int16_t) (((((int16_t) 1 << N) << N) - 1) * 2 + 1)
            ^
configure:14604: $? = 1
configure: failed program was:
| /* confdefs.h */
| #define PACKAGE_NAME "OpenVPN"
| #define PACKAGE_TARNAME "openvpn"
| #define PACKAGE_VERSION "2.4.12"
| #define PACKAGE_STRING "OpenVPN 2.4.12"
| #define PACKAGE_BUGREPORT "openvpn-users@lists.sourceforge.net"
| #define PACKAGE_URL ""
| #define OPENVPN_VERSION_RESOURCE 2,4,12,0
| #define OPENVPN_VERSION_MAJOR 2
| #define OPENVPN_VERSION_MINOR 4
| #define OPENVPN_VERSION_PATCH ".12"
| #define PACKAGE "openvpn"
| #define VERSION "2.4.12"
| #define STDC_HEADERS 1
| #define HAVE_SYS_TYPES_H 1
| #define HAVE_SYS_STAT_H 1
| #define HAVE_STDLIB_H 1
| #define HAVE_STRING_H 1
| #define HAVE_MEMORY_H 1
| #define HAVE_STRINGS_H 1
| #define HAVE_INTTYPES_H 1
| #define HAVE_STDINT_H 1
| #define HAVE_UNISTD_H 1
| #define __EXTENSIONS__ 1
| #define _ALL_SOURCE 1
| #define _GNU_SOURCE 1
| #define _POSIX_PTHREAD_SEMANTICS 1
| #define _TANDEM_SOURCE 1
| #define TARGET_ALIAS "mipsel-unknown-linux-gnu"
| #define TARGET_LINUX 1
| #define TARGET_PREFIX "L"
| #define IFCONFIG_PATH "/sbin/ifconfig"
| #define IPROUTE_PATH "/usr/sbin/ip"
| #define ROUTE_PATH "/sbin/route"
| #define SYSTEMD_ASK_PASSWORD_PATH ""
| #define HAVE_DLFCN_H 1
| #define LT_OBJDIR ".libs/"
| /* end confdefs.h.  */
| #include <stdio.h>
| #ifdef HAVE_SYS_TYPES_H
| # include <sys/types.h>
| #endif
| #ifdef HAVE_SYS_STAT_H
| # include <sys/stat.h>
| #endif
| #ifdef STDC_HEADERS
| # include <stdlib.h>
| # include <stddef.h>
| #else
| # ifdef HAVE_STDLIB_H
| #  include <stdlib.h>
| # endif
| #endif
| #ifdef HAVE_STRING_H
| # if !defined STDC_HEADERS && defined HAVE_MEMORY_H
| #  include <memory.h>
| # endif
| # include <string.h>
| #endif
| #ifdef HAVE_STRINGS_H
| # include <strings.h>
| #endif
| #ifdef HAVE_INTTYPES_H
| # include <inttypes.h>
| #endif
| #ifdef HAVE_STDINT_H
| # include <stdint.h>
| #endif
| #ifdef HAVE_UNISTD_H
| # include <unistd.h>
| #endif
| 	        enum { N = 16 / 2 - 1 };
| int
| main ()
| {
| static int test_array [1 - 2 * !((int16_t) (((((int16_t) 1 << N) << N) - 1) * 2 + 1)
| 		 < (int16_t) (((((int16_t) 1 << N) << N) - 1) * 2 + 2))];
| test_array [0] = 0;
| return test_array [0];
| 
|   ;
|   return 0;
| }
configure:14604: result: yes
configure:14615: checking for int32_t
configure:14615: /opt/lede-toolchain-ramips-mt7621_gcc-5.4.0_musl-1.1.24.Linux-x86_64/toolchain-mipsel_24kc_gcc-5.4.0_musl-1.1.24/bin/mipsel-openwrt-linux-musl-gcc -c -Os -Wall -DLINUX26 -DCONFIG_RALINK -DMUSL_LIBC -DDEBUG_NOISY -DDEBUG_RCTEST -D_GNU_SOURCE -D__UAPI_DEF_ETHHDR -DRALINK_DBDC_MODE -pipe -funit-at-a-time -Wno-pointer-sign -mtune=mips32 -mips32 -DLINUX_KERNEL_VERSION=263366 --sysroot=/opt/lede-toolchain-ramips-mt7621_gcc-5.4.0_musl-1.1.24.Linux-x86_64/toolchain-mipsel_24kc_gcc-5.4.0_musl-1.1.24  -ffunction-sections -fdata-sections -std=gnu99 		-DASUSWRT  conftest.c >&5
configure:14615: $? = 0
configure:14615: /opt/lede-toolchain-ramips-mt7621_gcc-5.4.0_musl-1.1.24.Linux-x86_64/toolchain-mipsel_24kc_gcc-5.4.0_musl-1.1.24/bin/mipsel-openwrt-linux-musl-gcc -c -Os -Wall -DLINUX26 -DCONFIG_RALINK -DMUSL_LIBC -DDEBUG_NOISY -DDEBUG_RCTEST -D_GNU_SOURCE -D__UAPI_DEF_ETHHDR -DRALINK_DBDC_MODE -pipe -funit-at-a-time -Wno-pointer-sign -mtune=mips32 -mips32 -DLINUX_KERNEL_VERSION=263366 --sysroot=/opt/lede-toolchain-ramips-mt7621_gcc-5.4.0_musl-1.1.24.Linux-x86_64/toolchain-mipsel_24kc_gcc-5.4.0_musl-1.1.24  -ffunction-sections -fdata-sections -std=gnu99 		-DASUSWRT  conftest.c >&5
conftest.c: In function 'main':
conftest.c:77:53: warning: integer overflow in expression [-Woverflow]
    < (int32_t) (((((int32_t) 1 << N) << N) - 1) * 2 + 2))];
                                                     ^
conftest.c:76:12: error: storage size of 'test_array' isn't constant
 static int test_array [1 - 2 * !((int32_t) (((((int32_t) 1 << N) << N) - 1) * 2 + 1)
            ^
conftest.c:76:12: warning: unused variable 'test_array' [-Wunused-variable]
configure:14615: $? = 1
configure: failed program was:
| /* confdefs.h */
| #define PACKAGE_NAME "OpenVPN"
| #define PACKAGE_TARNAME "openvpn"
| #define PACKAGE_VERSION "2.4.12"
| #define PACKAGE_STRING "OpenVPN 2.4.12"
| #define PACKAGE_BUGREPORT "openvpn-users@lists.sourceforge.net"
| #define PACKAGE_URL ""
| #define OPENVPN_VERSION_RESOURCE 2,4,12,0
| #define OPENVPN_VERSION_MAJOR 2
| #define OPENVPN_VERSION_MINOR 4
| #define OPENVPN_VERSION_PATCH ".12"
| #define PACKAGE "openvpn"
| #define VERSION "2.4.12"
| #define STDC_HEADERS 1
| #define HAVE_SYS_TYPES_H 1
| #define HAVE_SYS_STAT_H 1
| #define HAVE_STDLIB_H 1
| #define HAVE_STRING_H 1
| #define HAVE_MEMORY_H 1
| #define HAVE_STRINGS_H 1
| #define HAVE_INTTYPES_H 1
| #define HAVE_STDINT_H 1
| #define HAVE_UNISTD_H 1
| #define __EXTENSIONS__ 1
| #define _ALL_SOURCE 1
| #define _GNU_SOURCE 1
| #define _POSIX_PTHREAD_SEMANTICS 1
| #define _TANDEM_SOURCE 1
| #define TARGET_ALIAS "mipsel-unknown-linux-gnu"
| #define TARGET_LINUX 1
| #define TARGET_PREFIX "L"
| #define IFCONFIG_PATH "/sbin/ifconfig"
| #define IPROUTE_PATH "/usr/sbin/ip"
| #define ROUTE_PATH "/sbin/route"
| #define SYSTEMD_ASK_PASSWORD_PATH ""
| #define HAVE_DLFCN_H 1
| #define LT_OBJDIR ".libs/"
| /* end confdefs.h.  */
| #include <stdio.h>
| #ifdef HAVE_SYS_TYPES_H
| # include <sys/types.h>
| #endif
| #ifdef HAVE_SYS_STAT_H
| # include <sys/stat.h>
| #endif
| #ifdef STDC_HEADERS
| # include <stdlib.h>
| # include <stddef.h>
| #else
| # ifdef HAVE_STDLIB_H
| #  include <stdlib.h>
| # endif
| #endif
| #ifdef HAVE_STRING_H
| # if !defined STDC_HEADERS && defined HAVE_MEMORY_H
| #  include <memory.h>
| # endif
| # include <string.h>
| #endif
| #ifdef HAVE_STRINGS_H
| # include <strings.h>
| #endif
| #ifdef HAVE_INTTYPES_H
| # include <inttypes.h>
| #endif
| #ifdef HAVE_STDINT_H
| # include <stdint.h>
| #endif
| #ifdef HAVE_UNISTD_H
| # include <unistd.h>
| #endif
| 	        enum { N = 32 / 2 - 1 };
| int
| main ()
| {
| static int test_array [1 - 2 * !((int32_t) (((((int32_t) 1 << N) << N) - 1) * 2 + 1)
| 		 < (int32_t) (((((int32_t) 1 << N) << N) - 1) * 2 + 2))];
| test_array [0] = 0;
| return test_array [0];
| 
|   ;
|   return 0;
| }
configure:14615: result: yes
configure:14626: checking for int64_t
configure:14626: /opt/lede-toolchain-ramips-mt7621_gcc-5.4.0_musl-1.1.24.Linux-x86_64/toolchain-mipsel_24kc_gcc-5.4.0_musl-1.1.24/bin/mipsel-openwrt-linux-musl-gcc -c -Os -Wall -DLINUX26 -DCONFIG_RALINK -DMUSL_LIBC -DDEBUG_NOISY -DDEBUG_RCTEST -D_GNU_SOURCE -D__UAPI_DEF_ETHHDR -DRALINK_DBDC_MODE -pipe -funit-at-a-time -Wno-pointer-sign -mtune=mips32 -mips32 -DLINUX_KERNEL_VERSION=263366 --sysroot=/opt/lede-toolchain-ramips-mt7621_gcc-5.4.0_musl-1.1.24.Linux-x86_64/toolchain-mipsel_24kc_gcc-5.4.0_musl-1.1.24  -ffunction-sections -fdata-sections -std=gnu99 		-DASUSWRT  conftest.c >&5
configure:14626: $? = 0
configure:14626: /opt/lede-toolchain-ramips-mt7621_gcc-5.4.0_musl-1.1.24.Linux-x86_64/toolchain-mipsel_24kc_gcc-5.4.0_musl-1.1.24/bin/mipsel-openwrt-linux-musl-gcc -c -Os -Wall -DLINUX26 -DCONFIG_RALINK -DMUSL_LIBC -DDEBUG_NOISY -DDEBUG_RCTEST -D_GNU_SOURCE -D__UAPI_DEF_ETHHDR -DRALINK_DBDC_MODE -pipe -funit-at-a-time -Wno-pointer-sign -mtune=mips32 -mips32 -DLINUX_KERNEL_VERSION=263366 --sysroot=/opt/lede-toolchain-ramips-mt7621_gcc-5.4.0_musl-1.1.24.Linux-x86_64/toolchain-mipsel_24kc_gcc-5.4.0_musl-1.1.24  -ffunction-sections -fdata-sections -std=gnu99 		-DASUSWRT  conftest.c >&5
conftest.c: In function 'main':
conftest.c:77:53: warning: integer overflow in expression [-Woverflow]
    < (int64_t) (((((int64_t) 1 << N) << N) - 1) * 2 + 2))];
                                                     ^
conftest.c:76:12: error: storage size of 'test_array' isn't constant
 static int test_array [1 - 2 * !((int64_t) (((((int64_t) 1 << N) << N) - 1) * 2 + 1)
            ^
conftest.c:76:12: warning: unused variable 'test_array' [-Wunused-variable]
configure:14626: $? = 1
configure: failed program was:
| /* confdefs.h */
| #define PACKAGE_NAME "OpenVPN"
| #define PACKAGE_TARNAME "openvpn"
| #define PACKAGE_VERSION "2.4.12"
| #define PACKAGE_STRING "OpenVPN 2.4.12"
| #define PACKAGE_BUGREPORT "openvpn-users@lists.sourceforge.net"
| #define PACKAGE_URL ""
| #define OPENVPN_VERSION_RESOURCE 2,4,12,0
| #define OPENVPN_VERSION_MAJOR 2
| #define OPENVPN_VERSION_MINOR 4
| #define OPENVPN_VERSION_PATCH ".12"
| #define PACKAGE "openvpn"
| #define VERSION "2.4.12"
| #define STDC_HEADERS 1
| #define HAVE_SYS_TYPES_H 1
| #define HAVE_SYS_STAT_H 1
| #define HAVE_STDLIB_H 1
| #define HAVE_STRING_H 1
| #define HAVE_MEMORY_H 1
| #define HAVE_STRINGS_H 1
| #define HAVE_INTTYPES_H 1
| #define HAVE_STDINT_H 1
| #define HAVE_UNISTD_H 1
| #define __EXTENSIONS__ 1
| #define _ALL_SOURCE 1
| #define _GNU_SOURCE 1
| #define _POSIX_PTHREAD_SEMANTICS 1
| #define _TANDEM_SOURCE 1
| #define TARGET_ALIAS "mipsel-unknown-linux-gnu"
| #define TARGET_LINUX 1
| #define TARGET_PREFIX "L"
| #define IFCONFIG_PATH "/sbin/ifconfig"
| #define IPROUTE_PATH "/usr/sbin/ip"
| #define ROUTE_PATH "/sbin/route"
| #define SYSTEMD_ASK_PASSWORD_PATH ""
| #define HAVE_DLFCN_H 1
| #define LT_OBJDIR ".libs/"
| /* end confdefs.h.  */
| #include <stdio.h>
| #ifdef HAVE_SYS_TYPES_H
| # include <sys/types.h>
| #endif
| #ifdef HAVE_SYS_STAT_H
| # include <sys/stat.h>
| #endif
| #ifdef STDC_HEADERS
| # include <stdlib.h>
| # include <stddef.h>
| #else
| # ifdef HAVE_STDLIB_H
| #  include <stdlib.h>
| # endif
| #endif
| #ifdef HAVE_STRING_H
| # if !defined STDC_HEADERS && defined HAVE_MEMORY_H
| #  include <memory.h>
| # endif
| # include <string.h>
| #endif
| #ifdef HAVE_STRINGS_H
| # include <strings.h>
| #endif
| #ifdef HAVE_INTTYPES_H
| # include <inttypes.h>
| #endif
| #ifdef HAVE_STDINT_H
| # include <stdint.h>
| #endif
| #ifdef HAVE_UNISTD_H
| # include <unistd.h>
| #endif
| 	        enum { N = 64 / 2 - 1 };
| int
| main ()
| {
| static int test_array [1 - 2 * !((int64_t) (((((int64_t) 1 << N) << N) - 1) * 2 + 1)
| 		 < (int64_t) (((((int64_t) 1 << N) << N) - 1) * 2 + 2))];
| test_array [0] = 0;
| return test_array [0];
| 
|   ;
|   return 0;
| }
configure:14626: result: yes
configure:14637: checking for uint8_t
configure:14637: /opt/lede-toolchain-ramips-mt7621_gcc-5.4.0_musl-1.1.24.Linux-x86_64/toolchain-mipsel_24kc_gcc-5.4.0_musl-1.1.24/bin/mipsel-openwrt-linux-musl-gcc -c -Os -Wall -DLINUX26 -DCONFIG_RALINK -DMUSL_LIBC -DDEBUG_NOISY -DDEBUG_RCTEST -D_GNU_SOURCE -D__UAPI_DEF_ETHHDR -DRALINK_DBDC_MODE -pipe -funit-at-a-time -Wno-pointer-sign -mtune=mips32 -mips32 -DLINUX_KERNEL_VERSION=263366 --sysroot=/opt/lede-toolchain-ramips-mt7621_gcc-5.4.0_musl-1.1.24.Linux-x86_64/toolchain-mipsel_24kc_gcc-5.4.0_musl-1.1.24  -ffunction-sections -fdata-sections -std=gnu99 		-DASUSWRT  conftest.c >&5
configure:14637: $? = 0
configure:14637: result: yes
configure:14651: checking for uint16_t
configure:14651: /opt/lede-toolchain-ramips-mt7621_gcc-5.4.0_musl-1.1.24.Linux-x86_64/toolchain-mipsel_24kc_gcc-5.4.0_musl-1.1.24/bin/mipsel-openwrt-linux-musl-gcc -c -Os -Wall -DLINUX26 -DCONFIG_RALINK -DMUSL_LIBC -DDEBUG_NOISY -DDEBUG_RCTEST -D_GNU_SOURCE -D__UAPI_DEF_ETHHDR -DRALINK_DBDC_MODE -pipe -funit-at-a-time -Wno-pointer-sign -mtune=mips32 -mips32 -DLINUX_KERNEL_VERSION=263366 --sysroot=/opt/lede-toolchain-ramips-mt7621_gcc-5.4.0_musl-1.1.24.Linux-x86_64/toolchain-mipsel_24kc_gcc-5.4.0_musl-1.1.24  -ffunction-sections -fdata-sections -std=gnu99 		-DASUSWRT  conftest.c >&5
configure:14651: $? = 0
configure:14651: result: yes
configure:14663: checking for uint32_t
configure:14663: /opt/lede-toolchain-ramips-mt7621_gcc-5.4.0_musl-1.1.24.Linux-x86_64/toolchain-mipsel_24kc_gcc-5.4.0_musl-1.1.24/bin/mipsel-openwrt-linux-musl-gcc -c -Os -Wall -DLINUX26 -DCONFIG_RALINK -DMUSL_LIBC -DDEBUG_NOISY -DDEBUG_RCTEST -D_GNU_SOURCE -D__UAPI_DEF_ETHHDR -DRALINK_DBDC_MODE -pipe -funit-at-a-time -Wno-pointer-sign -mtune=mips32 -mips32 -DLINUX_KERNEL_VERSION=263366 --sysroot=/opt/lede-toolchain-ramips-mt7621_gcc-5.4.0_musl-1.1.24.Linux-x86_64/toolchain-mipsel_24kc_gcc-5.4.0_musl-1.1.24  -ffunction-sections -fdata-sections -std=gnu99 		-DASUSWRT  conftest.c >&5
configure:14663: $? = 0
configure:14663: result: yes
configure:14677: checking for uint64_t
configure:14677: /opt/lede-toolchain-ramips-mt7621_gcc-5.4.0_musl-1.1.24.Linux-x86_64/toolchain-mipsel_24kc_gcc-5.4.0_musl-1.1.24/bin/mipsel-openwrt-linux-musl-gcc -c -Os -Wall -DLINUX26 -DCONFIG_RALINK -DMUSL_LIBC -DDEBUG_NOISY -DDEBUG_RCTEST -D_GNU_SOURCE -D__UAPI_DEF_ETHHDR -DRALINK_DBDC_MODE -pipe -funit-at-a-time -Wno-pointer-sign -mtune=mips32 -mips32 -DLINUX_KERNEL_VERSION=263366 --sysroot=/opt/lede-toolchain-ramips-mt7621_gcc-5.4.0_musl-1.1.24.Linux-x86_64/toolchain-mipsel_24kc_gcc-5.4.0_musl-1.1.24  -ffunction-sections -fdata-sections -std=gnu99 		-DASUSWRT  conftest.c >&5
configure:14677: $? = 0
configure:14677: result: yes
configure:14691: checking return type of signal handlers
configure:14709: /opt/lede-toolchain-ramips-mt7621_gcc-5.4.0_musl-1.1.24.Linux-x86_64/toolchain-mipsel_24kc_gcc-5.4.0_musl-1.1.24/bin/mipsel-openwrt-linux-musl-gcc -c -Os -Wall -DLINUX26 -DCONFIG_RALINK -DMUSL_LIBC -DDEBUG_NOISY -DDEBUG_RCTEST -D_GNU_SOURCE -D__UAPI_DEF_ETHHDR -DRALINK_DBDC_MODE -pipe -funit-at-a-time -Wno-pointer-sign -mtune=mips32 -mips32 -DLINUX_KERNEL_VERSION=263366 --sysroot=/opt/lede-toolchain-ramips-mt7621_gcc-5.4.0_musl-1.1.24.Linux-x86_64/toolchain-mipsel_24kc_gcc-5.4.0_musl-1.1.24  -ffunction-sections -fdata-sections -std=gnu99 		-DASUSWRT  conftest.c >&5
conftest.c: In function 'main':
conftest.c:45:9: error: void value not ignored as it ought to be
 return *(signal (0, 0)) (0) == 1;
         ^
configure:14709: $? = 1
configure: failed program was:
| /* confdefs.h */
| #define PACKAGE_NAME "OpenVPN"
| #define PACKAGE_TARNAME "openvpn"
| #define PACKAGE_VERSION "2.4.12"
| #define PACKAGE_STRING "OpenVPN 2.4.12"
| #define PACKAGE_BUGREPORT "openvpn-users@lists.sourceforge.net"
| #define PACKAGE_URL ""
| #define OPENVPN_VERSION_RESOURCE 2,4,12,0
| #define OPENVPN_VERSION_MAJOR 2
| #define OPENVPN_VERSION_MINOR 4
| #define OPENVPN_VERSION_PATCH ".12"
| #define PACKAGE "openvpn"
| #define VERSION "2.4.12"
| #define STDC_HEADERS 1
| #define HAVE_SYS_TYPES_H 1
| #define HAVE_SYS_STAT_H 1
| #define HAVE_STDLIB_H 1
| #define HAVE_STRING_H 1
| #define HAVE_MEMORY_H 1
| #define HAVE_STRINGS_H 1
| #define HAVE_INTTYPES_H 1
| #define HAVE_STDINT_H 1
| #define HAVE_UNISTD_H 1
| #define __EXTENSIONS__ 1
| #define _ALL_SOURCE 1
| #define _GNU_SOURCE 1
| #define _POSIX_PTHREAD_SEMANTICS 1
| #define _TANDEM_SOURCE 1
| #define TARGET_ALIAS "mipsel-unknown-linux-gnu"
| #define TARGET_LINUX 1
| #define TARGET_PREFIX "L"
| #define IFCONFIG_PATH "/sbin/ifconfig"
| #define IPROUTE_PATH "/usr/sbin/ip"
| #define ROUTE_PATH "/sbin/route"
| #define SYSTEMD_ASK_PASSWORD_PATH ""
| #define HAVE_DLFCN_H 1
| #define LT_OBJDIR ".libs/"
| /* end confdefs.h.  */
| #include <sys/types.h>
| #include <signal.h>
| 
| int
| main ()
| {
| return *(signal (0, 0)) (0) == 1;
|   ;
|   return 0;
| }
configure:14716: result: void
configure:14724: checking for ISO C 1999 vararg macro support
configure:14746: /opt/lede-toolchain-ramips-mt7621_gcc-5.4.0_musl-1.1.24.Linux-x86_64/toolchain-mipsel_24kc_gcc-5.4.0_musl-1.1.24/bin/mipsel-openwrt-linux-musl-gcc -c -Os -Wall -DLINUX26 -DCONFIG_RALINK -DMUSL_LIBC -DDEBUG_NOISY -DDEBUG_RCTEST -D_GNU_SOURCE -D__UAPI_DEF_ETHHDR -DRALINK_DBDC_MODE -pipe -funit-at-a-time -Wno-pointer-sign -mtune=mips32 -mips32 -DLINUX_KERNEL_VERSION=263366 --sysroot=/opt/lede-toolchain-ramips-mt7621_gcc-5.4.0_musl-1.1.24.Linux-x86_64/toolchain-mipsel_24kc_gcc-5.4.0_musl-1.1.24  -ffunction-sections -fdata-sections -std=gnu99 		-DASUSWRT  conftest.c >&5
conftest.c: In function 'main':
conftest.c:48:5: warning: unused variable 'i' [-Wunused-variable]
 int i = macro(1, 2, 3);
     ^
configure:14746: $? = 0
configure:14755: result: yes
configure:14763: checking for GNU GCC vararg macro support
configure:14785: /opt/lede-toolchain-ramips-mt7621_gcc-5.4.0_musl-1.1.24.Linux-x86_64/toolchain-mipsel_24kc_gcc-5.4.0_musl-1.1.24/bin/mipsel-openwrt-linux-musl-gcc -c -Os -Wall -DLINUX26 -DCONFIG_RALINK -DMUSL_LIBC -DDEBUG_NOISY -DDEBUG_RCTEST -D_GNU_SOURCE -D__UAPI_DEF_ETHHDR -DRALINK_DBDC_MODE -pipe -funit-at-a-time -Wno-pointer-sign -mtune=mips32 -mips32 -DLINUX_KERNEL_VERSION=263366 --sysroot=/opt/lede-toolchain-ramips-mt7621_gcc-5.4.0_musl-1.1.24.Linux-x86_64/toolchain-mipsel_24kc_gcc-5.4.0_musl-1.1.24  -ffunction-sections -fdata-sections -std=gnu99 		-DASUSWRT  conftest.c >&5
conftest.c: In function 'main':
conftest.c:49:5: warning: unused variable 'i' [-Wunused-variable]
 int i = macro(1, 2, 3);
     ^
configure:14785: $? = 0
configure:14794: result: yes
configure:14803: checking for socklen_t
configure:14803: /opt/lede-toolchain-ramips-mt7621_gcc-5.4.0_musl-1.1.24.Linux-x86_64/toolchain-mipsel_24kc_gcc-5.4.0_musl-1.1.24/bin/mipsel-openwrt-linux-musl-gcc -c -Os -Wall -DLINUX26 -DCONFIG_RALINK -DMUSL_LIBC -DDEBUG_NOISY -DDEBUG_RCTEST -D_GNU_SOURCE -D__UAPI_DEF_ETHHDR -DRALINK_DBDC_MODE -pipe -funit-at-a-time -Wno-pointer-sign -mtune=mips32 -mips32 -DLINUX_KERNEL_VERSION=263366 --sysroot=/opt/lede-toolchain-ramips-mt7621_gcc-5.4.0_musl-1.1.24.Linux-x86_64/toolchain-mipsel_24kc_gcc-5.4.0_musl-1.1.24  -ffunction-sections -fdata-sections -std=gnu99 		-DASUSWRT  conftest.c >&5
configure:14803: $? = 0
configure:14803: /opt/lede-toolchain-ramips-mt7621_gcc-5.4.0_musl-1.1.24.Linux-x86_64/toolchain-mipsel_24kc_gcc-5.4.0_musl-1.1.24/bin/mipsel-openwrt-linux-musl-gcc -c -Os -Wall -DLINUX26 -DCONFIG_RALINK -DMUSL_LIBC -DDEBUG_NOISY -DDEBUG_RCTEST -D_GNU_SOURCE -D__UAPI_DEF_ETHHDR -DRALINK_DBDC_MODE -pipe -funit-at-a-time -Wno-pointer-sign -mtune=mips32 -mips32 -DLINUX_KERNEL_VERSION=263366 --sysroot=/opt/lede-toolchain-ramips-mt7621_gcc-5.4.0_musl-1.1.24.Linux-x86_64/toolchain-mipsel_24kc_gcc-5.4.0_musl-1.1.24  -ffunction-sections -fdata-sections -std=gnu99 		-DASUSWRT  conftest.c >&5
conftest.c: In function 'main':
conftest.c:55:24: error: expected expression before ')' token
 if (sizeof ((socklen_t)))
                        ^
configure:14803: $? = 1
configure: failed program was:
| /* confdefs.h */
| #define PACKAGE_NAME "OpenVPN"
| #define PACKAGE_TARNAME "openvpn"
| #define PACKAGE_VERSION "2.4.12"
| #define PACKAGE_STRING "OpenVPN 2.4.12"
| #define PACKAGE_BUGREPORT "openvpn-users@lists.sourceforge.net"
| #define PACKAGE_URL ""
| #define OPENVPN_VERSION_RESOURCE 2,4,12,0
| #define OPENVPN_VERSION_MAJOR 2
| #define OPENVPN_VERSION_MINOR 4
| #define OPENVPN_VERSION_PATCH ".12"
| #define PACKAGE "openvpn"
| #define VERSION "2.4.12"
| #define STDC_HEADERS 1
| #define HAVE_SYS_TYPES_H 1
| #define HAVE_SYS_STAT_H 1
| #define HAVE_STDLIB_H 1
| #define HAVE_STRING_H 1
| #define HAVE_MEMORY_H 1
| #define HAVE_STRINGS_H 1
| #define HAVE_INTTYPES_H 1
| #define HAVE_STDINT_H 1
| #define HAVE_UNISTD_H 1
| #define __EXTENSIONS__ 1
| #define _ALL_SOURCE 1
| #define _GNU_SOURCE 1
| #define _POSIX_PTHREAD_SEMANTICS 1
| #define _TANDEM_SOURCE 1
| #define TARGET_ALIAS "mipsel-unknown-linux-gnu"
| #define TARGET_LINUX 1
| #define TARGET_PREFIX "L"
| #define IFCONFIG_PATH "/sbin/ifconfig"
| #define IPROUTE_PATH "/usr/sbin/ip"
| #define ROUTE_PATH "/sbin/route"
| #define SYSTEMD_ASK_PASSWORD_PATH ""
| #define HAVE_DLFCN_H 1
| #define LT_OBJDIR ".libs/"
| #define RETSIGTYPE void
| #define HAVE_CPP_VARARG_MACRO_ISO 1
| #define HAVE_CPP_VARARG_MACRO_GCC 1
| /* end confdefs.h.  */
| 
| #include <sys/types.h>
| #ifdef _WIN32
| #include <ws2tcpip.h>
| #else
| #include <sys/socket.h>
| #endif
| 
| 
| 
| int
| main ()
| {
| if (sizeof ((socklen_t)))
| 	    return 0;
|   ;
|   return 0;
| }
configure:14803: result: yes
configure:14880: checking for C compiler empty array size
configure:14899: /opt/lede-toolchain-ramips-mt7621_gcc-5.4.0_musl-1.1.24.Linux-x86_64/toolchain-mipsel_24kc_gcc-5.4.0_musl-1.1.24/bin/mipsel-openwrt-linux-musl-gcc -c -Os -Wall -DLINUX26 -DCONFIG_RALINK -DMUSL_LIBC -DDEBUG_NOISY -DDEBUG_RCTEST -D_GNU_SOURCE -D__UAPI_DEF_ETHHDR -DRALINK_DBDC_MODE -pipe -funit-at-a-time -Wno-pointer-sign -mtune=mips32 -mips32 -DLINUX_KERNEL_VERSION=263366 --sysroot=/opt/lede-toolchain-ramips-mt7621_gcc-5.4.0_musl-1.1.24.Linux-x86_64/toolchain-mipsel_24kc_gcc-5.4.0_musl-1.1.24  -ffunction-sections -fdata-sections -std=gnu99 		-DASUSWRT  conftest.c >&5
conftest.c: In function 'main':
conftest.c:47:33: warning: unused variable 'mystruct' [-Wunused-variable]
 struct { int foo; int bar[0]; } mystruct;
                                 ^
configure:14899: $? = 0
configure:14928: result: 0
configure:14938: checking size of unsigned int
configure:14943: /opt/lede-toolchain-ramips-mt7621_gcc-5.4.0_musl-1.1.24.Linux-x86_64/toolchain-mipsel_24kc_gcc-5.4.0_musl-1.1.24/bin/mipsel-openwrt-linux-musl-gcc -c -Os -Wall -DLINUX26 -DCONFIG_RALINK -DMUSL_LIBC -DDEBUG_NOISY -DDEBUG_RCTEST -D_GNU_SOURCE -D__UAPI_DEF_ETHHDR -DRALINK_DBDC_MODE -pipe -funit-at-a-time -Wno-pointer-sign -mtune=mips32 -mips32 -DLINUX_KERNEL_VERSION=263366 --sysroot=/opt/lede-toolchain-ramips-mt7621_gcc-5.4.0_musl-1.1.24.Linux-x86_64/toolchain-mipsel_24kc_gcc-5.4.0_musl-1.1.24  -ffunction-sections -fdata-sections -std=gnu99 		-DASUSWRT  conftest.c >&5
configure:14943: $? = 0
configure:14943: /opt/lede-toolchain-ramips-mt7621_gcc-5.4.0_musl-1.1.24.Linux-x86_64/toolchain-mipsel_24kc_gcc-5.4.0_musl-1.1.24/bin/mipsel-openwrt-linux-musl-gcc -c -Os -Wall -DLINUX26 -DCONFIG_RALINK -DMUSL_LIBC -DDEBUG_NOISY -DDEBUG_RCTEST -D_GNU_SOURCE -D__UAPI_DEF_ETHHDR -DRALINK_DBDC_MODE -pipe -funit-at-a-time -Wno-pointer-sign -mtune=mips32 -mips32 -DLINUX_KERNEL_VERSION=263366 --sysroot=/opt/lede-toolchain-ramips-mt7621_gcc-5.4.0_musl-1.1.24.Linux-x86_64/toolchain-mipsel_24kc_gcc-5.4.0_musl-1.1.24  -ffunction-sections -fdata-sections -std=gnu99 		-DASUSWRT  conftest.c >&5
conftest.c: In function 'main':
conftest.c:79:12: error: size of array 'test_array' is negative
 static int test_array [1 - 2 * !(((long int) (sizeof (unsigned int))) <= 0)];
            ^
configure:14943: $? = 1
configure: failed program was:
| /* confdefs.h */
| #define PACKAGE_NAME "OpenVPN"
| #define PACKAGE_TARNAME "openvpn"
| #define PACKAGE_VERSION "2.4.12"
| #define PACKAGE_STRING "OpenVPN 2.4.12"
| #define PACKAGE_BUGREPORT "openvpn-users@lists.sourceforge.net"
| #define PACKAGE_URL ""
| #define OPENVPN_VERSION_RESOURCE 2,4,12,0
| #define OPENVPN_VERSION_MAJOR 2
| #define OPENVPN_VERSION_MINOR 4
| #define OPENVPN_VERSION_PATCH ".12"
| #define PACKAGE "openvpn"
| #define VERSION "2.4.12"
| #define STDC_HEADERS 1
| #define HAVE_SYS_TYPES_H 1
| #define HAVE_SYS_STAT_H 1
| #define HAVE_STDLIB_H 1
| #define HAVE_STRING_H 1
| #define HAVE_MEMORY_H 1
| #define HAVE_STRINGS_H 1
| #define HAVE_INTTYPES_H 1
| #define HAVE_STDINT_H 1
| #define HAVE_UNISTD_H 1
| #define __EXTENSIONS__ 1
| #define _ALL_SOURCE 1
| #define _GNU_SOURCE 1
| #define _POSIX_PTHREAD_SEMANTICS 1
| #define _TANDEM_SOURCE 1
| #define TARGET_ALIAS "mipsel-unknown-linux-gnu"
| #define TARGET_LINUX 1
| #define TARGET_PREFIX "L"
| #define IFCONFIG_PATH "/sbin/ifconfig"
| #define IPROUTE_PATH "/usr/sbin/ip"
| #define ROUTE_PATH "/sbin/route"
| #define SYSTEMD_ASK_PASSWORD_PATH ""
| #define HAVE_DLFCN_H 1
| #define LT_OBJDIR ".libs/"
| #define RETSIGTYPE void
| #define HAVE_CPP_VARARG_MACRO_ISO 1
| #define HAVE_CPP_VARARG_MACRO_GCC 1
| #define EMPTY_ARRAY_SIZE 0
| /* end confdefs.h.  */
| #include <stdio.h>
| #ifdef HAVE_SYS_TYPES_H
| # include <sys/types.h>
| #endif
| #ifdef HAVE_SYS_STAT_H
| # include <sys/stat.h>
| #endif
| #ifdef STDC_HEADERS
| # include <stdlib.h>
| # include <stddef.h>
| #else
| # ifdef HAVE_STDLIB_H
| #  include <stdlib.h>
| # endif
| #endif
| #ifdef HAVE_STRING_H
| # if !defined STDC_HEADERS && defined HAVE_MEMORY_H
| #  include <memory.h>
| # endif
| # include <string.h>
| #endif
| #ifdef HAVE_STRINGS_H
| # include <strings.h>
| #endif
| #ifdef HAVE_INTTYPES_H
| # include <inttypes.h>
| #endif
| #ifdef HAVE_STDINT_H
| # include <stdint.h>
| #endif
| #ifdef HAVE_UNISTD_H
| # include <unistd.h>
| #endif
| int
| main ()
| {
| static int test_array [1 - 2 * !(((long int) (sizeof (unsigned int))) <= 0)];
| test_array [0] = 0;
| return test_array [0];
| 
|   ;
|   return 0;
| }
configure:14943: /opt/lede-toolchain-ramips-mt7621_gcc-5.4.0_musl-1.1.24.Linux-x86_64/toolchain-mipsel_24kc_gcc-5.4.0_musl-1.1.24/bin/mipsel-openwrt-linux-musl-gcc -c -Os -Wall -DLINUX26 -DCONFIG_RALINK -DMUSL_LIBC -DDEBUG_NOISY -DDEBUG_RCTEST -D_GNU_SOURCE -D__UAPI_DEF_ETHHDR -DRALINK_DBDC_MODE -pipe -funit-at-a-time -Wno-pointer-sign -mtune=mips32 -mips32 -DLINUX_KERNEL_VERSION=263366 --sysroot=/opt/lede-toolchain-ramips-mt7621_gcc-5.4.0_musl-1.1.24.Linux-x86_64/toolchain-mipsel_24kc_gcc-5.4.0_musl-1.1.24  -ffunction-sections -fdata-sections -std=gnu99 		-DASUSWRT  conftest.c >&5
conftest.c: In function 'main':
conftest.c:79:12: error: size of array 'test_array' is negative
 static int test_array [1 - 2 * !(((long int) (sizeof (unsigned int))) <= 1)];
            ^
configure:14943: $? = 1
configure: failed program was:
| /* confdefs.h */
| #define PACKAGE_NAME "OpenVPN"
| #define PACKAGE_TARNAME "openvpn"
| #define PACKAGE_VERSION "2.4.12"
| #define PACKAGE_STRING "OpenVPN 2.4.12"
| #define PACKAGE_BUGREPORT "openvpn-users@lists.sourceforge.net"
| #define PACKAGE_URL ""
| #define OPENVPN_VERSION_RESOURCE 2,4,12,0
| #define OPENVPN_VERSION_MAJOR 2
| #define OPENVPN_VERSION_MINOR 4
| #define OPENVPN_VERSION_PATCH ".12"
| #define PACKAGE "openvpn"
| #define VERSION "2.4.12"
| #define STDC_HEADERS 1
| #define HAVE_SYS_TYPES_H 1
| #define HAVE_SYS_STAT_H 1
| #define HAVE_STDLIB_H 1
| #define HAVE_STRING_H 1
| #define HAVE_MEMORY_H 1
| #define HAVE_STRINGS_H 1
| #define HAVE_INTTYPES_H 1
| #define HAVE_STDINT_H 1
| #define HAVE_UNISTD_H 1
| #define __EXTENSIONS__ 1
| #define _ALL_SOURCE 1
| #define _GNU_SOURCE 1
| #define _POSIX_PTHREAD_SEMANTICS 1
| #define _TANDEM_SOURCE 1
| #define TARGET_ALIAS "mipsel-unknown-linux-gnu"
| #define TARGET_LINUX 1
| #define TARGET_PREFIX "L"
| #define IFCONFIG_PATH "/sbin/ifconfig"
| #define IPROUTE_PATH "/usr/sbin/ip"
| #define ROUTE_PATH "/sbin/route"
| #define SYSTEMD_ASK_PASSWORD_PATH ""
| #define HAVE_DLFCN_H 1
| #define LT_OBJDIR ".libs/"
| #define RETSIGTYPE void
| #define HAVE_CPP_VARARG_MACRO_ISO 1
| #define HAVE_CPP_VARARG_MACRO_GCC 1
| #define EMPTY_ARRAY_SIZE 0
| /* end confdefs.h.  */
| #include <stdio.h>
| #ifdef HAVE_SYS_TYPES_H
| # include <sys/types.h>
| #endif
| #ifdef HAVE_SYS_STAT_H
| # include <sys/stat.h>
| #endif
| #ifdef STDC_HEADERS
| # include <stdlib.h>
| # include <stddef.h>
| #else
| # ifdef HAVE_STDLIB_H
| #  include <stdlib.h>
| # endif
| #endif
| #ifdef HAVE_STRING_H
| # if !defined STDC_HEADERS && defined HAVE_MEMORY_H
| #  include <memory.h>
| # endif
| # include <string.h>
| #endif
| #ifdef HAVE_STRINGS_H
| # include <strings.h>
| #endif
| #ifdef HAVE_INTTYPES_H
| # include <inttypes.h>
| #endif
| #ifdef HAVE_STDINT_H
| # include <stdint.h>
| #endif
| #ifdef HAVE_UNISTD_H
| # include <unistd.h>
| #endif
| int
| main ()
| {
| static int test_array [1 - 2 * !(((long int) (sizeof (unsigned int))) <= 1)];
| test_array [0] = 0;
| return test_array [0];
| 
|   ;
|   return 0;
| }
configure:14943: /opt/lede-toolchain-ramips-mt7621_gcc-5.4.0_musl-1.1.24.Linux-x86_64/toolchain-mipsel_24kc_gcc-5.4.0_musl-1.1.24/bin/mipsel-openwrt-linux-musl-gcc -c -Os -Wall -DLINUX26 -DCONFIG_RALINK -DMUSL_LIBC -DDEBUG_NOISY -DDEBUG_RCTEST -D_GNU_SOURCE -D__UAPI_DEF_ETHHDR -DRALINK_DBDC_MODE -pipe -funit-at-a-time -Wno-pointer-sign -mtune=mips32 -mips32 -DLINUX_KERNEL_VERSION=263366 --sysroot=/opt/lede-toolchain-ramips-mt7621_gcc-5.4.0_musl-1.1.24.Linux-x86_64/toolchain-mipsel_24kc_gcc-5.4.0_musl-1.1.24  -ffunction-sections -fdata-sections -std=gnu99 		-DASUSWRT  conftest.c >&5
conftest.c: In function 'main':
conftest.c:79:12: error: size of array 'test_array' is negative
 static int test_array [1 - 2 * !(((long int) (sizeof (unsigned int))) <= 3)];
            ^
configure:14943: $? = 1
configure: failed program was:
| /* confdefs.h */
| #define PACKAGE_NAME "OpenVPN"
| #define PACKAGE_TARNAME "openvpn"
| #define PACKAGE_VERSION "2.4.12"
| #define PACKAGE_STRING "OpenVPN 2.4.12"
| #define PACKAGE_BUGREPORT "openvpn-users@lists.sourceforge.net"
| #define PACKAGE_URL ""
| #define OPENVPN_VERSION_RESOURCE 2,4,12,0
| #define OPENVPN_VERSION_MAJOR 2
| #define OPENVPN_VERSION_MINOR 4
| #define OPENVPN_VERSION_PATCH ".12"
| #define PACKAGE "openvpn"
| #define VERSION "2.4.12"
| #define STDC_HEADERS 1
| #define HAVE_SYS_TYPES_H 1
| #define HAVE_SYS_STAT_H 1
| #define HAVE_STDLIB_H 1
| #define HAVE_STRING_H 1
| #define HAVE_MEMORY_H 1
| #define HAVE_STRINGS_H 1
| #define HAVE_INTTYPES_H 1
| #define HAVE_STDINT_H 1
| #define HAVE_UNISTD_H 1
| #define __EXTENSIONS__ 1
| #define _ALL_SOURCE 1
| #define _GNU_SOURCE 1
| #define _POSIX_PTHREAD_SEMANTICS 1
| #define _TANDEM_SOURCE 1
| #define TARGET_ALIAS "mipsel-unknown-linux-gnu"
| #define TARGET_LINUX 1
| #define TARGET_PREFIX "L"
| #define IFCONFIG_PATH "/sbin/ifconfig"
| #define IPROUTE_PATH "/usr/sbin/ip"
| #define ROUTE_PATH "/sbin/route"
| #define SYSTEMD_ASK_PASSWORD_PATH ""
| #define HAVE_DLFCN_H 1
| #define LT_OBJDIR ".libs/"
| #define RETSIGTYPE void
| #define HAVE_CPP_VARARG_MACRO_ISO 1
| #define HAVE_CPP_VARARG_MACRO_GCC 1
| #define EMPTY_ARRAY_SIZE 0
| /* end confdefs.h.  */
| #include <stdio.h>
| #ifdef HAVE_SYS_TYPES_H
| # include <sys/types.h>
| #endif
| #ifdef HAVE_SYS_STAT_H
| # include <sys/stat.h>
| #endif
| #ifdef STDC_HEADERS
| # include <stdlib.h>
| # include <stddef.h>
| #else
| # ifdef HAVE_STDLIB_H
| #  include <stdlib.h>
| # endif
| #endif
| #ifdef HAVE_STRING_H
| # if !defined STDC_HEADERS && defined HAVE_MEMORY_H
| #  include <memory.h>
| # endif
| # include <string.h>
| #endif
| #ifdef HAVE_STRINGS_H
| # include <strings.h>
| #endif
| #ifdef HAVE_INTTYPES_H
| # include <inttypes.h>
| #endif
| #ifdef HAVE_STDINT_H
| # include <stdint.h>
| #endif
| #ifdef HAVE_UNISTD_H
| # include <unistd.h>
| #endif
| int
| main ()
| {
| static int test_array [1 - 2 * !(((long int) (sizeof (unsigned int))) <= 3)];
| test_array [0] = 0;
| return test_array [0];
| 
|   ;
|   return 0;
| }
configure:14943: /opt/lede-toolchain-ramips-mt7621_gcc-5.4.0_musl-1.1.24.Linux-x86_64/toolchain-mipsel_24kc_gcc-5.4.0_musl-1.1.24/bin/mipsel-openwrt-linux-musl-gcc -c -Os -Wall -DLINUX26 -DCONFIG_RALINK -DMUSL_LIBC -DDEBUG_NOISY -DDEBUG_RCTEST -D_GNU_SOURCE -D__UAPI_DEF_ETHHDR -DRALINK_DBDC_MODE -pipe -funit-at-a-time -Wno-pointer-sign -mtune=mips32 -mips32 -DLINUX_KERNEL_VERSION=263366 --sysroot=/opt/lede-toolchain-ramips-mt7621_gcc-5.4.0_musl-1.1.24.Linux-x86_64/toolchain-mipsel_24kc_gcc-5.4.0_musl-1.1.24  -ffunction-sections -fdata-sections -std=gnu99 		-DASUSWRT  conftest.c >&5
configure:14943: $? = 0
configure:14943: /opt/lede-toolchain-ramips-mt7621_gcc-5.4.0_musl-1.1.24.Linux-x86_64/toolchain-mipsel_24kc_gcc-5.4.0_musl-1.1.24/bin/mipsel-openwrt-linux-musl-gcc -c -Os -Wall -DLINUX26 -DCONFIG_RALINK -DMUSL_LIBC -DDEBUG_NOISY -DDEBUG_RCTEST -D_GNU_SOURCE -D__UAPI_DEF_ETHHDR -DRALINK_DBDC_MODE -pipe -funit-at-a-time -Wno-pointer-sign -mtune=mips32 -mips32 -DLINUX_KERNEL_VERSION=263366 --sysroot=/opt/lede-toolchain-ramips-mt7621_gcc-5.4.0_musl-1.1.24.Linux-x86_64/toolchain-mipsel_24kc_gcc-5.4.0_musl-1.1.24  -ffunction-sections -fdata-sections -std=gnu99 		-DASUSWRT  conftest.c >&5
configure:14943: $? = 0
configure:14943: /opt/lede-toolchain-ramips-mt7621_gcc-5.4.0_musl-1.1.24.Linux-x86_64/toolchain-mipsel_24kc_gcc-5.4.0_musl-1.1.24/bin/mipsel-openwrt-linux-musl-gcc -c -Os -Wall -DLINUX26 -DCONFIG_RALINK -DMUSL_LIBC -DDEBUG_NOISY -DDEBUG_RCTEST -D_GNU_SOURCE -D__UAPI_DEF_ETHHDR -DRALINK_DBDC_MODE -pipe -funit-at-a-time -Wno-pointer-sign -mtune=mips32 -mips32 -DLINUX_KERNEL_VERSION=263366 --sysroot=/opt/lede-toolchain-ramips-mt7621_gcc-5.4.0_musl-1.1.24.Linux-x86_64/toolchain-mipsel_24kc_gcc-5.4.0_musl-1.1.24  -ffunction-sections -fdata-sections -std=gnu99 		-DASUSWRT  conftest.c >&5
configure:14943: $? = 0
configure:14957: result: 4
configure:14971: checking size of unsigned long
configure:14976: /opt/lede-toolchain-ramips-mt7621_gcc-5.4.0_musl-1.1.24.Linux-x86_64/toolchain-mipsel_24kc_gcc-5.4.0_musl-1.1.24/bin/mipsel-openwrt-linux-musl-gcc -c -Os -Wall -DLINUX26 -DCONFIG_RALINK -DMUSL_LIBC -DDEBUG_NOISY -DDEBUG_RCTEST -D_GNU_SOURCE -D__UAPI_DEF_ETHHDR -DRALINK_DBDC_MODE -pipe -funit-at-a-time -Wno-pointer-sign -mtune=mips32 -mips32 -DLINUX_KERNEL_VERSION=263366 --sysroot=/opt/lede-toolchain-ramips-mt7621_gcc-5.4.0_musl-1.1.24.Linux-x86_64/toolchain-mipsel_24kc_gcc-5.4.0_musl-1.1.24  -ffunction-sections -fdata-sections -std=gnu99 		-DASUSWRT  conftest.c >&5
configure:14976: $? = 0
configure:14976: /opt/lede-toolchain-ramips-mt7621_gcc-5.4.0_musl-1.1.24.Linux-x86_64/toolchain-mipsel_24kc_gcc-5.4.0_musl-1.1.24/bin/mipsel-openwrt-linux-musl-gcc -c -Os -Wall -DLINUX26 -DCONFIG_RALINK -DMUSL_LIBC -DDEBUG_NOISY -DDEBUG_RCTEST -D_GNU_SOURCE -D__UAPI_DEF_ETHHDR -DRALINK_DBDC_MODE -pipe -funit-at-a-time -Wno-pointer-sign -mtune=mips32 -mips32 -DLINUX_KERNEL_VERSION=263366 --sysroot=/opt/lede-toolchain-ramips-mt7621_gcc-5.4.0_musl-1.1.24.Linux-x86_64/toolchain-mipsel_24kc_gcc-5.4.0_musl-1.1.24  -ffunction-sections -fdata-sections -std=gnu99 		-DASUSWRT  conftest.c >&5
conftest.c: In function 'main':
conftest.c:80:12: error: size of array 'test_array' is negative
 static int test_array [1 - 2 * !(((long int) (sizeof (unsigned long))) <= 0)];
            ^
configure:14976: $? = 1
configure: failed program was:
| /* confdefs.h */
| #define PACKAGE_NAME "OpenVPN"
| #define PACKAGE_TARNAME "openvpn"
| #define PACKAGE_VERSION "2.4.12"
| #define PACKAGE_STRING "OpenVPN 2.4.12"
| #define PACKAGE_BUGREPORT "openvpn-users@lists.sourceforge.net"
| #define PACKAGE_URL ""
| #define OPENVPN_VERSION_RESOURCE 2,4,12,0
| #define OPENVPN_VERSION_MAJOR 2
| #define OPENVPN_VERSION_MINOR 4
| #define OPENVPN_VERSION_PATCH ".12"
| #define PACKAGE "openvpn"
| #define VERSION "2.4.12"
| #define STDC_HEADERS 1
| #define HAVE_SYS_TYPES_H 1
| #define HAVE_SYS_STAT_H 1
| #define HAVE_STDLIB_H 1
| #define HAVE_STRING_H 1
| #define HAVE_MEMORY_H 1
| #define HAVE_STRINGS_H 1
| #define HAVE_INTTYPES_H 1
| #define HAVE_STDINT_H 1
| #define HAVE_UNISTD_H 1
| #define __EXTENSIONS__ 1
| #define _ALL_SOURCE 1
| #define _GNU_SOURCE 1
| #define _POSIX_PTHREAD_SEMANTICS 1
| #define _TANDEM_SOURCE 1
| #define TARGET_ALIAS "mipsel-unknown-linux-gnu"
| #define TARGET_LINUX 1
| #define TARGET_PREFIX "L"
| #define IFCONFIG_PATH "/sbin/ifconfig"
| #define IPROUTE_PATH "/usr/sbin/ip"
| #define ROUTE_PATH "/sbin/route"
| #define SYSTEMD_ASK_PASSWORD_PATH ""
| #define HAVE_DLFCN_H 1
| #define LT_OBJDIR ".libs/"
| #define RETSIGTYPE void
| #define HAVE_CPP_VARARG_MACRO_ISO 1
| #define HAVE_CPP_VARARG_MACRO_GCC 1
| #define EMPTY_ARRAY_SIZE 0
| #define SIZEOF_UNSIGNED_INT 4
| /* end confdefs.h.  */
| #include <stdio.h>
| #ifdef HAVE_SYS_TYPES_H
| # include <sys/types.h>
| #endif
| #ifdef HAVE_SYS_STAT_H
| # include <sys/stat.h>
| #endif
| #ifdef STDC_HEADERS
| # include <stdlib.h>
| # include <stddef.h>
| #else
| # ifdef HAVE_STDLIB_H
| #  include <stdlib.h>
| # endif
| #endif
| #ifdef HAVE_STRING_H
| # if !defined STDC_HEADERS && defined HAVE_MEMORY_H
| #  include <memory.h>
| # endif
| # include <string.h>
| #endif
| #ifdef HAVE_STRINGS_H
| # include <strings.h>
| #endif
| #ifdef HAVE_INTTYPES_H
| # include <inttypes.h>
| #endif
| #ifdef HAVE_STDINT_H
| # include <stdint.h>
| #endif
| #ifdef HAVE_UNISTD_H
| # include <unistd.h>
| #endif
| int
| main ()
| {
| static int test_array [1 - 2 * !(((long int) (sizeof (unsigned long))) <= 0)];
| test_array [0] = 0;
| return test_array [0];
| 
|   ;
|   return 0;
| }
configure:14976: /opt/lede-toolchain-ramips-mt7621_gcc-5.4.0_musl-1.1.24.Linux-x86_64/toolchain-mipsel_24kc_gcc-5.4.0_musl-1.1.24/bin/mipsel-openwrt-linux-musl-gcc -c -Os -Wall -DLINUX26 -DCONFIG_RALINK -DMUSL_LIBC -DDEBUG_NOISY -DDEBUG_RCTEST -D_GNU_SOURCE -D__UAPI_DEF_ETHHDR -DRALINK_DBDC_MODE -pipe -funit-at-a-time -Wno-pointer-sign -mtune=mips32 -mips32 -DLINUX_KERNEL_VERSION=263366 --sysroot=/opt/lede-toolchain-ramips-mt7621_gcc-5.4.0_musl-1.1.24.Linux-x86_64/toolchain-mipsel_24kc_gcc-5.4.0_musl-1.1.24  -ffunction-sections -fdata-sections -std=gnu99 		-DASUSWRT  conftest.c >&5
conftest.c: In function 'main':
conftest.c:80:12: error: size of array 'test_array' is negative
 static int test_array [1 - 2 * !(((long int) (sizeof (unsigned long))) <= 1)];
            ^
configure:14976: $? = 1
configure: failed program was:
| /* confdefs.h */
| #define PACKAGE_NAME "OpenVPN"
| #define PACKAGE_TARNAME "openvpn"
| #define PACKAGE_VERSION "2.4.12"
| #define PACKAGE_STRING "OpenVPN 2.4.12"
| #define PACKAGE_BUGREPORT "openvpn-users@lists.sourceforge.net"
| #define PACKAGE_URL ""
| #define OPENVPN_VERSION_RESOURCE 2,4,12,0
| #define OPENVPN_VERSION_MAJOR 2
| #define OPENVPN_VERSION_MINOR 4
| #define OPENVPN_VERSION_PATCH ".12"
| #define PACKAGE "openvpn"
| #define VERSION "2.4.12"
| #define STDC_HEADERS 1
| #define HAVE_SYS_TYPES_H 1
| #define HAVE_SYS_STAT_H 1
| #define HAVE_STDLIB_H 1
| #define HAVE_STRING_H 1
| #define HAVE_MEMORY_H 1
| #define HAVE_STRINGS_H 1
| #define HAVE_INTTYPES_H 1
| #define HAVE_STDINT_H 1
| #define HAVE_UNISTD_H 1
| #define __EXTENSIONS__ 1
| #define _ALL_SOURCE 1
| #define _GNU_SOURCE 1
| #define _POSIX_PTHREAD_SEMANTICS 1
| #define _TANDEM_SOURCE 1
| #define TARGET_ALIAS "mipsel-unknown-linux-gnu"
| #define TARGET_LINUX 1
| #define TARGET_PREFIX "L"
| #define IFCONFIG_PATH "/sbin/ifconfig"
| #define IPROUTE_PATH "/usr/sbin/ip"
| #define ROUTE_PATH "/sbin/route"
| #define SYSTEMD_ASK_PASSWORD_PATH ""
| #define HAVE_DLFCN_H 1
| #define LT_OBJDIR ".libs/"
| #define RETSIGTYPE void
| #define HAVE_CPP_VARARG_MACRO_ISO 1
| #define HAVE_CPP_VARARG_MACRO_GCC 1
| #define EMPTY_ARRAY_SIZE 0
| #define SIZEOF_UNSIGNED_INT 4
| /* end confdefs.h.  */
| #include <stdio.h>
| #ifdef HAVE_SYS_TYPES_H
| # include <sys/types.h>
| #endif
| #ifdef HAVE_SYS_STAT_H
| # include <sys/stat.h>
| #endif
| #ifdef STDC_HEADERS
| # include <stdlib.h>
| # include <stddef.h>
| #else
| # ifdef HAVE_STDLIB_H
| #  include <stdlib.h>
| # endif
| #endif
| #ifdef HAVE_STRING_H
| # if !defined STDC_HEADERS && defined HAVE_MEMORY_H
| #  include <memory.h>
| # endif
| # include <string.h>
| #endif
| #ifdef HAVE_STRINGS_H
| # include <strings.h>
| #endif
| #ifdef HAVE_INTTYPES_H
| # include <inttypes.h>
| #endif
| #ifdef HAVE_STDINT_H
| # include <stdint.h>
| #endif
| #ifdef HAVE_UNISTD_H
| # include <unistd.h>
| #endif
| int
| main ()
| {
| static int test_array [1 - 2 * !(((long int) (sizeof (unsigned long))) <= 1)];
| test_array [0] = 0;
| return test_array [0];
| 
|   ;
|   return 0;
| }
configure:14976: /opt/lede-toolchain-ramips-mt7621_gcc-5.4.0_musl-1.1.24.Linux-x86_64/toolchain-mipsel_24kc_gcc-5.4.0_musl-1.1.24/bin/mipsel-openwrt-linux-musl-gcc -c -Os -Wall -DLINUX26 -DCONFIG_RALINK -DMUSL_LIBC -DDEBUG_NOISY -DDEBUG_RCTEST -D_GNU_SOURCE -D__UAPI_DEF_ETHHDR -DRALINK_DBDC_MODE -pipe -funit-at-a-time -Wno-pointer-sign -mtune=mips32 -mips32 -DLINUX_KERNEL_VERSION=263366 --sysroot=/opt/lede-toolchain-ramips-mt7621_gcc-5.4.0_musl-1.1.24.Linux-x86_64/toolchain-mipsel_24kc_gcc-5.4.0_musl-1.1.24  -ffunction-sections -fdata-sections -std=gnu99 		-DASUSWRT  conftest.c >&5
conftest.c: In function 'main':
conftest.c:80:12: error: size of array 'test_array' is negative
 static int test_array [1 - 2 * !(((long int) (sizeof (unsigned long))) <= 3)];
            ^
configure:14976: $? = 1
configure: failed program was:
| /* confdefs.h */
| #define PACKAGE_NAME "OpenVPN"
| #define PACKAGE_TARNAME "openvpn"
| #define PACKAGE_VERSION "2.4.12"
| #define PACKAGE_STRING "OpenVPN 2.4.12"
| #define PACKAGE_BUGREPORT "openvpn-users@lists.sourceforge.net"
| #define PACKAGE_URL ""
| #define OPENVPN_VERSION_RESOURCE 2,4,12,0
| #define OPENVPN_VERSION_MAJOR 2
| #define OPENVPN_VERSION_MINOR 4
| #define OPENVPN_VERSION_PATCH ".12"
| #define PACKAGE "openvpn"
| #define VERSION "2.4.12"
| #define STDC_HEADERS 1
| #define HAVE_SYS_TYPES_H 1
| #define HAVE_SYS_STAT_H 1
| #define HAVE_STDLIB_H 1
| #define HAVE_STRING_H 1
| #define HAVE_MEMORY_H 1
| #define HAVE_STRINGS_H 1
| #define HAVE_INTTYPES_H 1
| #define HAVE_STDINT_H 1
| #define HAVE_UNISTD_H 1
| #define __EXTENSIONS__ 1
| #define _ALL_SOURCE 1
| #define _GNU_SOURCE 1
| #define _POSIX_PTHREAD_SEMANTICS 1
| #define _TANDEM_SOURCE 1
| #define TARGET_ALIAS "mipsel-unknown-linux-gnu"
| #define TARGET_LINUX 1
| #define TARGET_PREFIX "L"
| #define IFCONFIG_PATH "/sbin/ifconfig"
| #define IPROUTE_PATH "/usr/sbin/ip"
| #define ROUTE_PATH "/sbin/route"
| #define SYSTEMD_ASK_PASSWORD_PATH ""
| #define HAVE_DLFCN_H 1
| #define LT_OBJDIR ".libs/"
| #define RETSIGTYPE void
| #define HAVE_CPP_VARARG_MACRO_ISO 1
| #define HAVE_CPP_VARARG_MACRO_GCC 1
| #define EMPTY_ARRAY_SIZE 0
| #define SIZEOF_UNSIGNED_INT 4
| /* end confdefs.h.  */
| #include <stdio.h>
| #ifdef HAVE_SYS_TYPES_H
| # include <sys/types.h>
| #endif
| #ifdef HAVE_SYS_STAT_H
| # include <sys/stat.h>
| #endif
| #ifdef STDC_HEADERS
| # include <stdlib.h>
| # include <stddef.h>
| #else
| # ifdef HAVE_STDLIB_H
| #  include <stdlib.h>
| # endif
| #endif
| #ifdef HAVE_STRING_H
| # if !defined STDC_HEADERS && defined HAVE_MEMORY_H
| #  include <memory.h>
| # endif
| # include <string.h>
| #endif
| #ifdef HAVE_STRINGS_H
| # include <strings.h>
| #endif
| #ifdef HAVE_INTTYPES_H
| # include <inttypes.h>
| #endif
| #ifdef HAVE_STDINT_H
| # include <stdint.h>
| #endif
| #ifdef HAVE_UNISTD_H
| # include <unistd.h>
| #endif
| int
| main ()
| {
| static int test_array [1 - 2 * !(((long int) (sizeof (unsigned long))) <= 3)];
| test_array [0] = 0;
| return test_array [0];
| 
|   ;
|   return 0;
| }
configure:14976: /opt/lede-toolchain-ramips-mt7621_gcc-5.4.0_musl-1.1.24.Linux-x86_64/toolchain-mipsel_24kc_gcc-5.4.0_musl-1.1.24/bin/mipsel-openwrt-linux-musl-gcc -c -Os -Wall -DLINUX26 -DCONFIG_RALINK -DMUSL_LIBC -DDEBUG_NOISY -DDEBUG_RCTEST -D_GNU_SOURCE -D__UAPI_DEF_ETHHDR -DRALINK_DBDC_MODE -pipe -funit-at-a-time -Wno-pointer-sign -mtune=mips32 -mips32 -DLINUX_KERNEL_VERSION=263366 --sysroot=/opt/lede-toolchain-ramips-mt7621_gcc-5.4.0_musl-1.1.24.Linux-x86_64/toolchain-mipsel_24kc_gcc-5.4.0_musl-1.1.24  -ffunction-sections -fdata-sections -std=gnu99 		-DASUSWRT  conftest.c >&5
configure:14976: $? = 0
configure:14976: /opt/lede-toolchain-ramips-mt7621_gcc-5.4.0_musl-1.1.24.Linux-x86_64/toolchain-mipsel_24kc_gcc-5.4.0_musl-1.1.24/bin/mipsel-openwrt-linux-musl-gcc -c -Os -Wall -DLINUX26 -DCONFIG_RALINK -DMUSL_LIBC -DDEBUG_NOISY -DDEBUG_RCTEST -D_GNU_SOURCE -D__UAPI_DEF_ETHHDR -DRALINK_DBDC_MODE -pipe -funit-at-a-time -Wno-pointer-sign -mtune=mips32 -mips32 -DLINUX_KERNEL_VERSION=263366 --sysroot=/opt/lede-toolchain-ramips-mt7621_gcc-5.4.0_musl-1.1.24.Linux-x86_64/toolchain-mipsel_24kc_gcc-5.4.0_musl-1.1.24  -ffunction-sections -fdata-sections -std=gnu99 		-DASUSWRT  conftest.c >&5
configure:14976: $? = 0
configure:14976: /opt/lede-toolchain-ramips-mt7621_gcc-5.4.0_musl-1.1.24.Linux-x86_64/toolchain-mipsel_24kc_gcc-5.4.0_musl-1.1.24/bin/mipsel-openwrt-linux-musl-gcc -c -Os -Wall -DLINUX26 -DCONFIG_RALINK -DMUSL_LIBC -DDEBUG_NOISY -DDEBUG_RCTEST -D_GNU_SOURCE -D__UAPI_DEF_ETHHDR -DRALINK_DBDC_MODE -pipe -funit-at-a-time -Wno-pointer-sign -mtune=mips32 -mips32 -DLINUX_KERNEL_VERSION=263366 --sysroot=/opt/lede-toolchain-ramips-mt7621_gcc-5.4.0_musl-1.1.24.Linux-x86_64/toolchain-mipsel_24kc_gcc-5.4.0_musl-1.1.24  -ffunction-sections -fdata-sections -std=gnu99 		-DASUSWRT  conftest.c >&5
configure:14976: $? = 0
configure:14990: result: 4
configure:15012: checking stdio.h usability
configure:15012: /opt/lede-toolchain-ramips-mt7621_gcc-5.4.0_musl-1.1.24.Linux-x86_64/toolchain-mipsel_24kc_gcc-5.4.0_musl-1.1.24/bin/mipsel-openwrt-linux-musl-gcc -c -Os -Wall -DLINUX26 -DCONFIG_RALINK -DMUSL_LIBC -DDEBUG_NOISY -DDEBUG_RCTEST -D_GNU_SOURCE -D__UAPI_DEF_ETHHDR -DRALINK_DBDC_MODE -pipe -funit-at-a-time -Wno-pointer-sign -mtune=mips32 -mips32 -DLINUX_KERNEL_VERSION=263366 --sysroot=/opt/lede-toolchain-ramips-mt7621_gcc-5.4.0_musl-1.1.24.Linux-x86_64/toolchain-mipsel_24kc_gcc-5.4.0_musl-1.1.24  -ffunction-sections -fdata-sections -std=gnu99 		-DASUSWRT  conftest.c >&5
configure:15012: $? = 0
configure:15012: result: yes
configure:15012: checking stdio.h presence
configure:15012: /opt/lede-toolchain-ramips-mt7621_gcc-5.4.0_musl-1.1.24.Linux-x86_64/toolchain-mipsel_24kc_gcc-5.4.0_musl-1.1.24/bin/mipsel-openwrt-linux-musl-gcc -E  conftest.c
configure:15012: $? = 0
configure:15012: result: yes
configure:15012: checking for stdio.h
configure:15012: result: yes
configure:15012: checking stdarg.h usability
configure:15012: /opt/lede-toolchain-ramips-mt7621_gcc-5.4.0_musl-1.1.24.Linux-x86_64/toolchain-mipsel_24kc_gcc-5.4.0_musl-1.1.24/bin/mipsel-openwrt-linux-musl-gcc -c -Os -Wall -DLINUX26 -DCONFIG_RALINK -DMUSL_LIBC -DDEBUG_NOISY -DDEBUG_RCTEST -D_GNU_SOURCE -D__UAPI_DEF_ETHHDR -DRALINK_DBDC_MODE -pipe -funit-at-a-time -Wno-pointer-sign -mtune=mips32 -mips32 -DLINUX_KERNEL_VERSION=263366 --sysroot=/opt/lede-toolchain-ramips-mt7621_gcc-5.4.0_musl-1.1.24.Linux-x86_64/toolchain-mipsel_24kc_gcc-5.4.0_musl-1.1.24  -ffunction-sections -fdata-sections -std=gnu99 		-DASUSWRT  conftest.c >&5
configure:15012: $? = 0
configure:15012: result: yes
configure:15012: checking stdarg.h presence
configure:15012: /opt/lede-toolchain-ramips-mt7621_gcc-5.4.0_musl-1.1.24.Linux-x86_64/toolchain-mipsel_24kc_gcc-5.4.0_musl-1.1.24/bin/mipsel-openwrt-linux-musl-gcc -E  conftest.c
configure:15012: $? = 0
configure:15012: result: yes
configure:15012: checking for stdarg.h
configure:15012: result: yes
configure:15012: checking limits.h usability
configure:15012: /opt/lede-toolchain-ramips-mt7621_gcc-5.4.0_musl-1.1.24.Linux-x86_64/toolchain-mipsel_24kc_gcc-5.4.0_musl-1.1.24/bin/mipsel-openwrt-linux-musl-gcc -c -Os -Wall -DLINUX26 -DCONFIG_RALINK -DMUSL_LIBC -DDEBUG_NOISY -DDEBUG_RCTEST -D_GNU_SOURCE -D__UAPI_DEF_ETHHDR -DRALINK_DBDC_MODE -pipe -funit-at-a-time -Wno-pointer-sign -mtune=mips32 -mips32 -DLINUX_KERNEL_VERSION=263366 --sysroot=/opt/lede-toolchain-ramips-mt7621_gcc-5.4.0_musl-1.1.24.Linux-x86_64/toolchain-mipsel_24kc_gcc-5.4.0_musl-1.1.24  -ffunction-sections -fdata-sections -std=gnu99 		-DASUSWRT  conftest.c >&5
configure:15012: $? = 0
configure:15012: result: yes
configure:15012: checking limits.h presence
configure:15012: /opt/lede-toolchain-ramips-mt7621_gcc-5.4.0_musl-1.1.24.Linux-x86_64/toolchain-mipsel_24kc_gcc-5.4.0_musl-1.1.24/bin/mipsel-openwrt-linux-musl-gcc -E  conftest.c
configure:15012: $? = 0
configure:15012: result: yes
configure:15012: checking for limits.h
configure:15012: result: yes
configure:15012: checking time.h usability
configure:15012: /opt/lede-toolchain-ramips-mt7621_gcc-5.4.0_musl-1.1.24.Linux-x86_64/toolchain-mipsel_24kc_gcc-5.4.0_musl-1.1.24/bin/mipsel-openwrt-linux-musl-gcc -c -Os -Wall -DLINUX26 -DCONFIG_RALINK -DMUSL_LIBC -DDEBUG_NOISY -DDEBUG_RCTEST -D_GNU_SOURCE -D__UAPI_DEF_ETHHDR -DRALINK_DBDC_MODE -pipe -funit-at-a-time -Wno-pointer-sign -mtune=mips32 -mips32 -DLINUX_KERNEL_VERSION=263366 --sysroot=/opt/lede-toolchain-ramips-mt7621_gcc-5.4.0_musl-1.1.24.Linux-x86_64/toolchain-mipsel_24kc_gcc-5.4.0_musl-1.1.24  -ffunction-sections -fdata-sections -std=gnu99 		-DASUSWRT  conftest.c >&5
configure:15012: $? = 0
configure:15012: result: yes
configure:15012: checking time.h presence
configure:15012: /opt/lede-toolchain-ramips-mt7621_gcc-5.4.0_musl-1.1.24.Linux-x86_64/toolchain-mipsel_24kc_gcc-5.4.0_musl-1.1.24/bin/mipsel-openwrt-linux-musl-gcc -E  conftest.c
configure:15012: $? = 0
configure:15012: result: yes
configure:15012: checking for time.h
configure:15012: result: yes
configure:15012: checking errno.h usability
configure:15012: /opt/lede-toolchain-ramips-mt7621_gcc-5.4.0_musl-1.1.24.Linux-x86_64/toolchain-mipsel_24kc_gcc-5.4.0_musl-1.1.24/bin/mipsel-openwrt-linux-musl-gcc -c -Os -Wall -DLINUX26 -DCONFIG_RALINK -DMUSL_LIBC -DDEBUG_NOISY -DDEBUG_RCTEST -D_GNU_SOURCE -D__UAPI_DEF_ETHHDR -DRALINK_DBDC_MODE -pipe -funit-at-a-time -Wno-pointer-sign -mtune=mips32 -mips32 -DLINUX_KERNEL_VERSION=263366 --sysroot=/opt/lede-toolchain-ramips-mt7621_gcc-5.4.0_musl-1.1.24.Linux-x86_64/toolchain-mipsel_24kc_gcc-5.4.0_musl-1.1.24  -ffunction-sections -fdata-sections -std=gnu99 		-DASUSWRT  conftest.c >&5
configure:15012: $? = 0
configure:15012: result: yes
configure:15012: checking errno.h presence
configure:15012: /opt/lede-toolchain-ramips-mt7621_gcc-5.4.0_musl-1.1.24.Linux-x86_64/toolchain-mipsel_24kc_gcc-5.4.0_musl-1.1.24/bin/mipsel-openwrt-linux-musl-gcc -E  conftest.c
configure:15012: $? = 0
configure:15012: result: yes
configure:15012: checking for errno.h
configure:15012: result: yes
configure:15012: checking fcntl.h usability
configure:15012: /opt/lede-toolchain-ramips-mt7621_gcc-5.4.0_musl-1.1.24.Linux-x86_64/toolchain-mipsel_24kc_gcc-5.4.0_musl-1.1.24/bin/mipsel-openwrt-linux-musl-gcc -c -Os -Wall -DLINUX26 -DCONFIG_RALINK -DMUSL_LIBC -DDEBUG_NOISY -DDEBUG_RCTEST -D_GNU_SOURCE -D__UAPI_DEF_ETHHDR -DRALINK_DBDC_MODE -pipe -funit-at-a-time -Wno-pointer-sign -mtune=mips32 -mips32 -DLINUX_KERNEL_VERSION=263366 --sysroot=/opt/lede-toolchain-ramips-mt7621_gcc-5.4.0_musl-1.1.24.Linux-x86_64/toolchain-mipsel_24kc_gcc-5.4.0_musl-1.1.24  -ffunction-sections -fdata-sections -std=gnu99 		-DASUSWRT  conftest.c >&5
configure:15012: $? = 0
configure:15012: result: yes
configure:15012: checking fcntl.h presence
configure:15012: /opt/lede-toolchain-ramips-mt7621_gcc-5.4.0_musl-1.1.24.Linux-x86_64/toolchain-mipsel_24kc_gcc-5.4.0_musl-1.1.24/bin/mipsel-openwrt-linux-musl-gcc -E  conftest.c
configure:15012: $? = 0
configure:15012: result: yes
configure:15012: checking for fcntl.h
configure:15012: result: yes
configure:15012: checking io.h usability
configure:15012: /opt/lede-toolchain-ramips-mt7621_gcc-5.4.0_musl-1.1.24.Linux-x86_64/toolchain-mipsel_24kc_gcc-5.4.0_musl-1.1.24/bin/mipsel-openwrt-linux-musl-gcc -c -Os -Wall -DLINUX26 -DCONFIG_RALINK -DMUSL_LIBC -DDEBUG_NOISY -DDEBUG_RCTEST -D_GNU_SOURCE -D__UAPI_DEF_ETHHDR -DRALINK_DBDC_MODE -pipe -funit-at-a-time -Wno-pointer-sign -mtune=mips32 -mips32 -DLINUX_KERNEL_VERSION=263366 --sysroot=/opt/lede-toolchain-ramips-mt7621_gcc-5.4.0_musl-1.1.24.Linux-x86_64/toolchain-mipsel_24kc_gcc-5.4.0_musl-1.1.24  -ffunction-sections -fdata-sections -std=gnu99 		-DASUSWRT  conftest.c >&5
conftest.c:84:16: fatal error: io.h: No such file or directory
compilation terminated.
configure:15012: $? = 1
configure: failed program was:
| /* confdefs.h */
| #define PACKAGE_NAME "OpenVPN"
| #define PACKAGE_TARNAME "openvpn"
| #define PACKAGE_VERSION "2.4.12"
| #define PACKAGE_STRING "OpenVPN 2.4.12"
| #define PACKAGE_BUGREPORT "openvpn-users@lists.sourceforge.net"
| #define PACKAGE_URL ""
| #define OPENVPN_VERSION_RESOURCE 2,4,12,0
| #define OPENVPN_VERSION_MAJOR 2
| #define OPENVPN_VERSION_MINOR 4
| #define OPENVPN_VERSION_PATCH ".12"
| #define PACKAGE "openvpn"
| #define VERSION "2.4.12"
| #define STDC_HEADERS 1
| #define HAVE_SYS_TYPES_H 1
| #define HAVE_SYS_STAT_H 1
| #define HAVE_STDLIB_H 1
| #define HAVE_STRING_H 1
| #define HAVE_MEMORY_H 1
| #define HAVE_STRINGS_H 1
| #define HAVE_INTTYPES_H 1
| #define HAVE_STDINT_H 1
| #define HAVE_UNISTD_H 1
| #define __EXTENSIONS__ 1
| #define _ALL_SOURCE 1
| #define _GNU_SOURCE 1
| #define _POSIX_PTHREAD_SEMANTICS 1
| #define _TANDEM_SOURCE 1
| #define TARGET_ALIAS "mipsel-unknown-linux-gnu"
| #define TARGET_LINUX 1
| #define TARGET_PREFIX "L"
| #define IFCONFIG_PATH "/sbin/ifconfig"
| #define IPROUTE_PATH "/usr/sbin/ip"
| #define ROUTE_PATH "/sbin/route"
| #define SYSTEMD_ASK_PASSWORD_PATH ""
| #define HAVE_DLFCN_H 1
| #define LT_OBJDIR ".libs/"
| #define RETSIGTYPE void
| #define HAVE_CPP_VARARG_MACRO_ISO 1
| #define HAVE_CPP_VARARG_MACRO_GCC 1
| #define EMPTY_ARRAY_SIZE 0
| #define SIZEOF_UNSIGNED_INT 4
| #define SIZEOF_UNSIGNED_LONG 4
| #define HAVE_STDIO_H 1
| #define HAVE_STDARG_H 1
| #define HAVE_LIMITS_H 1
| #define HAVE_TIME_H 1
| #define HAVE_ERRNO_H 1
| #define HAVE_FCNTL_H 1
| /* end confdefs.h.  */
| #include <stdio.h>
| #ifdef HAVE_SYS_TYPES_H
| # include <sys/types.h>
| #endif
| #ifdef HAVE_SYS_STAT_H
| # include <sys/stat.h>
| #endif
| #ifdef STDC_HEADERS
| # include <stdlib.h>
| # include <stddef.h>
| #else
| # ifdef HAVE_STDLIB_H
| #  include <stdlib.h>
| # endif
| #endif
| #ifdef HAVE_STRING_H
| # if !defined STDC_HEADERS && defined HAVE_MEMORY_H
| #  include <memory.h>
| # endif
| # include <string.h>
| #endif
| #ifdef HAVE_STRINGS_H
| # include <strings.h>
| #endif
| #ifdef HAVE_INTTYPES_H
| # include <inttypes.h>
| #endif
| #ifdef HAVE_STDINT_H
| # include <stdint.h>
| #endif
| #ifdef HAVE_UNISTD_H
| # include <unistd.h>
| #endif
| #include <io.h>
configure:15012: result: no
configure:15012: checking io.h presence
configure:15012: /opt/lede-toolchain-ramips-mt7621_gcc-5.4.0_musl-1.1.24.Linux-x86_64/toolchain-mipsel_24kc_gcc-5.4.0_musl-1.1.24/bin/mipsel-openwrt-linux-musl-gcc -E  conftest.c
conftest.c:51:16: fatal error: io.h: No such file or directory
compilation terminated.
configure:15012: $? = 1
configure: failed program was:
| /* confdefs.h */
| #define PACKAGE_NAME "OpenVPN"
| #define PACKAGE_TARNAME "openvpn"
| #define PACKAGE_VERSION "2.4.12"
| #define PACKAGE_STRING "OpenVPN 2.4.12"
| #define PACKAGE_BUGREPORT "openvpn-users@lists.sourceforge.net"
| #define PACKAGE_URL ""
| #define OPENVPN_VERSION_RESOURCE 2,4,12,0
| #define OPENVPN_VERSION_MAJOR 2
| #define OPENVPN_VERSION_MINOR 4
| #define OPENVPN_VERSION_PATCH ".12"
| #define PACKAGE "openvpn"
| #define VERSION "2.4.12"
| #define STDC_HEADERS 1
| #define HAVE_SYS_TYPES_H 1
| #define HAVE_SYS_STAT_H 1
| #define HAVE_STDLIB_H 1
| #define HAVE_STRING_H 1
| #define HAVE_MEMORY_H 1
| #define HAVE_STRINGS_H 1
| #define HAVE_INTTYPES_H 1
| #define HAVE_STDINT_H 1
| #define HAVE_UNISTD_H 1
| #define __EXTENSIONS__ 1
| #define _ALL_SOURCE 1
| #define _GNU_SOURCE 1
| #define _POSIX_PTHREAD_SEMANTICS 1
| #define _TANDEM_SOURCE 1
| #define TARGET_ALIAS "mipsel-unknown-linux-gnu"
| #define TARGET_LINUX 1
| #define TARGET_PREFIX "L"
| #define IFCONFIG_PATH "/sbin/ifconfig"
| #define IPROUTE_PATH "/usr/sbin/ip"
| #define ROUTE_PATH "/sbin/route"
| #define SYSTEMD_ASK_PASSWORD_PATH ""
| #define HAVE_DLFCN_H 1
| #define LT_OBJDIR ".libs/"
| #define RETSIGTYPE void
| #define HAVE_CPP_VARARG_MACRO_ISO 1
| #define HAVE_CPP_VARARG_MACRO_GCC 1
| #define EMPTY_ARRAY_SIZE 0
| #define SIZEOF_UNSIGNED_INT 4
| #define SIZEOF_UNSIGNED_LONG 4
| #define HAVE_STDIO_H 1
| #define HAVE_STDARG_H 1
| #define HAVE_LIMITS_H 1
| #define HAVE_TIME_H 1
| #define HAVE_ERRNO_H 1
| #define HAVE_FCNTL_H 1
| /* end confdefs.h.  */
| #include <io.h>
configure:15012: result: no
configure:15012: checking for io.h
configure:15012: result: no
configure:15012: checking direct.h usability
configure:15012: /opt/lede-toolchain-ramips-mt7621_gcc-5.4.0_musl-1.1.24.Linux-x86_64/toolchain-mipsel_24kc_gcc-5.4.0_musl-1.1.24/bin/mipsel-openwrt-linux-musl-gcc -c -Os -Wall -DLINUX26 -DCONFIG_RALINK -DMUSL_LIBC -DDEBUG_NOISY -DDEBUG_RCTEST -D_GNU_SOURCE -D__UAPI_DEF_ETHHDR -DRALINK_DBDC_MODE -pipe -funit-at-a-time -Wno-pointer-sign -mtune=mips32 -mips32 -DLINUX_KERNEL_VERSION=263366 --sysroot=/opt/lede-toolchain-ramips-mt7621_gcc-5.4.0_musl-1.1.24.Linux-x86_64/toolchain-mipsel_24kc_gcc-5.4.0_musl-1.1.24  -ffunction-sections -fdata-sections -std=gnu99 		-DASUSWRT  conftest.c >&5
conftest.c:84:20: fatal error: direct.h: No such file or directory
compilation terminated.
configure:15012: $? = 1
configure: failed program was:
| /* confdefs.h */
| #define PACKAGE_NAME "OpenVPN"
| #define PACKAGE_TARNAME "openvpn"
| #define PACKAGE_VERSION "2.4.12"
| #define PACKAGE_STRING "OpenVPN 2.4.12"
| #define PACKAGE_BUGREPORT "openvpn-users@lists.sourceforge.net"
| #define PACKAGE_URL ""
| #define OPENVPN_VERSION_RESOURCE 2,4,12,0
| #define OPENVPN_VERSION_MAJOR 2
| #define OPENVPN_VERSION_MINOR 4
| #define OPENVPN_VERSION_PATCH ".12"
| #define PACKAGE "openvpn"
| #define VERSION "2.4.12"
| #define STDC_HEADERS 1
| #define HAVE_SYS_TYPES_H 1
| #define HAVE_SYS_STAT_H 1
| #define HAVE_STDLIB_H 1
| #define HAVE_STRING_H 1
| #define HAVE_MEMORY_H 1
| #define HAVE_STRINGS_H 1
| #define HAVE_INTTYPES_H 1
| #define HAVE_STDINT_H 1
| #define HAVE_UNISTD_H 1
| #define __EXTENSIONS__ 1
| #define _ALL_SOURCE 1
| #define _GNU_SOURCE 1
| #define _POSIX_PTHREAD_SEMANTICS 1
| #define _TANDEM_SOURCE 1
| #define TARGET_ALIAS "mipsel-unknown-linux-gnu"
| #define TARGET_LINUX 1
| #define TARGET_PREFIX "L"
| #define IFCONFIG_PATH "/sbin/ifconfig"
| #define IPROUTE_PATH "/usr/sbin/ip"
| #define ROUTE_PATH "/sbin/route"
| #define SYSTEMD_ASK_PASSWORD_PATH ""
| #define HAVE_DLFCN_H 1
| #define LT_OBJDIR ".libs/"
| #define RETSIGTYPE void
| #define HAVE_CPP_VARARG_MACRO_ISO 1
| #define HAVE_CPP_VARARG_MACRO_GCC 1
| #define EMPTY_ARRAY_SIZE 0
| #define SIZEOF_UNSIGNED_INT 4
| #define SIZEOF_UNSIGNED_LONG 4
| #define HAVE_STDIO_H 1
| #define HAVE_STDARG_H 1
| #define HAVE_LIMITS_H 1
| #define HAVE_TIME_H 1
| #define HAVE_ERRNO_H 1
| #define HAVE_FCNTL_H 1
| /* end confdefs.h.  */
| #include <stdio.h>
| #ifdef HAVE_SYS_TYPES_H
| # include <sys/types.h>
| #endif
| #ifdef HAVE_SYS_STAT_H
| # include <sys/stat.h>
| #endif
| #ifdef STDC_HEADERS
| # include <stdlib.h>
| # include <stddef.h>
| #else
| # ifdef HAVE_STDLIB_H
| #  include <stdlib.h>
| # endif
| #endif
| #ifdef HAVE_STRING_H
| # if !defined STDC_HEADERS && defined HAVE_MEMORY_H
| #  include <memory.h>
| # endif
| # include <string.h>
| #endif
| #ifdef HAVE_STRINGS_H
| # include <strings.h>
| #endif
| #ifdef HAVE_INTTYPES_H
| # include <inttypes.h>
| #endif
| #ifdef HAVE_STDINT_H
| # include <stdint.h>
| #endif
| #ifdef HAVE_UNISTD_H
| # include <unistd.h>
| #endif
| #include <direct.h>
configure:15012: result: no
configure:15012: checking direct.h presence
configure:15012: /opt/lede-toolchain-ramips-mt7621_gcc-5.4.0_musl-1.1.24.Linux-x86_64/toolchain-mipsel_24kc_gcc-5.4.0_musl-1.1.24/bin/mipsel-openwrt-linux-musl-gcc -E  conftest.c
conftest.c:51:20: fatal error: direct.h: No such file or directory
compilation terminated.
configure:15012: $? = 1
configure: failed program was:
| /* confdefs.h */
| #define PACKAGE_NAME "OpenVPN"
| #define PACKAGE_TARNAME "openvpn"
| #define PACKAGE_VERSION "2.4.12"
| #define PACKAGE_STRING "OpenVPN 2.4.12"
| #define PACKAGE_BUGREPORT "openvpn-users@lists.sourceforge.net"
| #define PACKAGE_URL ""
| #define OPENVPN_VERSION_RESOURCE 2,4,12,0
| #define OPENVPN_VERSION_MAJOR 2
| #define OPENVPN_VERSION_MINOR 4
| #define OPENVPN_VERSION_PATCH ".12"
| #define PACKAGE "openvpn"
| #define VERSION "2.4.12"
| #define STDC_HEADERS 1
| #define HAVE_SYS_TYPES_H 1
| #define HAVE_SYS_STAT_H 1
| #define HAVE_STDLIB_H 1
| #define HAVE_STRING_H 1
| #define HAVE_MEMORY_H 1
| #define HAVE_STRINGS_H 1
| #define HAVE_INTTYPES_H 1
| #define HAVE_STDINT_H 1
| #define HAVE_UNISTD_H 1
| #define __EXTENSIONS__ 1
| #define _ALL_SOURCE 1
| #define _GNU_SOURCE 1
| #define _POSIX_PTHREAD_SEMANTICS 1
| #define _TANDEM_SOURCE 1
| #define TARGET_ALIAS "mipsel-unknown-linux-gnu"
| #define TARGET_LINUX 1
| #define TARGET_PREFIX "L"
| #define IFCONFIG_PATH "/sbin/ifconfig"
| #define IPROUTE_PATH "/usr/sbin/ip"
| #define ROUTE_PATH "/sbin/route"
| #define SYSTEMD_ASK_PASSWORD_PATH ""
| #define HAVE_DLFCN_H 1
| #define LT_OBJDIR ".libs/"
| #define RETSIGTYPE void
| #define HAVE_CPP_VARARG_MACRO_ISO 1
| #define HAVE_CPP_VARARG_MACRO_GCC 1
| #define EMPTY_ARRAY_SIZE 0
| #define SIZEOF_UNSIGNED_INT 4
| #define SIZEOF_UNSIGNED_LONG 4
| #define HAVE_STDIO_H 1
| #define HAVE_STDARG_H 1
| #define HAVE_LIMITS_H 1
| #define HAVE_TIME_H 1
| #define HAVE_ERRNO_H 1
| #define HAVE_FCNTL_H 1
| /* end confdefs.h.  */
| #include <direct.h>
configure:15012: result: no
configure:15012: checking for direct.h
configure:15012: result: no
configure:15012: checking ctype.h usability
configure:15012: /opt/lede-toolchain-ramips-mt7621_gcc-5.4.0_musl-1.1.24.Linux-x86_64/toolchain-mipsel_24kc_gcc-5.4.0_musl-1.1.24/bin/mipsel-openwrt-linux-musl-gcc -c -Os -Wall -DLINUX26 -DCONFIG_RALINK -DMUSL_LIBC -DDEBUG_NOISY -DDEBUG_RCTEST -D_GNU_SOURCE -D__UAPI_DEF_ETHHDR -DRALINK_DBDC_MODE -pipe -funit-at-a-time -Wno-pointer-sign -mtune=mips32 -mips32 -DLINUX_KERNEL_VERSION=263366 --sysroot=/opt/lede-toolchain-ramips-mt7621_gcc-5.4.0_musl-1.1.24.Linux-x86_64/toolchain-mipsel_24kc_gcc-5.4.0_musl-1.1.24  -ffunction-sections -fdata-sections -std=gnu99 		-DASUSWRT  conftest.c >&5
configure:15012: $? = 0
configure:15012: result: yes
configure:15012: checking ctype.h presence
configure:15012: /opt/lede-toolchain-ramips-mt7621_gcc-5.4.0_musl-1.1.24.Linux-x86_64/toolchain-mipsel_24kc_gcc-5.4.0_musl-1.1.24/bin/mipsel-openwrt-linux-musl-gcc -E  conftest.c
configure:15012: $? = 0
configure:15012: result: yes
configure:15012: checking for ctype.h
configure:15012: result: yes
configure:15012: checking for sys/types.h
configure:15012: result: yes
configure:15012: checking sys/socket.h usability
configure:15012: /opt/lede-toolchain-ramips-mt7621_gcc-5.4.0_musl-1.1.24.Linux-x86_64/toolchain-mipsel_24kc_gcc-5.4.0_musl-1.1.24/bin/mipsel-openwrt-linux-musl-gcc -c -Os -Wall -DLINUX26 -DCONFIG_RALINK -DMUSL_LIBC -DDEBUG_NOISY -DDEBUG_RCTEST -D_GNU_SOURCE -D__UAPI_DEF_ETHHDR -DRALINK_DBDC_MODE -pipe -funit-at-a-time -Wno-pointer-sign -mtune=mips32 -mips32 -DLINUX_KERNEL_VERSION=263366 --sysroot=/opt/lede-toolchain-ramips-mt7621_gcc-5.4.0_musl-1.1.24.Linux-x86_64/toolchain-mipsel_24kc_gcc-5.4.0_musl-1.1.24  -ffunction-sections -fdata-sections -std=gnu99 		-DASUSWRT  conftest.c >&5
configure:15012: $? = 0
configure:15012: result: yes
configure:15012: checking sys/socket.h presence
configure:15012: /opt/lede-toolchain-ramips-mt7621_gcc-5.4.0_musl-1.1.24.Linux-x86_64/toolchain-mipsel_24kc_gcc-5.4.0_musl-1.1.24/bin/mipsel-openwrt-linux-musl-gcc -E  conftest.c
configure:15012: $? = 0
configure:15012: result: yes
configure:15012: checking for sys/socket.h
configure:15012: result: yes
configure:15012: checking signal.h usability
configure:15012: /opt/lede-toolchain-ramips-mt7621_gcc-5.4.0_musl-1.1.24.Linux-x86_64/toolchain-mipsel_24kc_gcc-5.4.0_musl-1.1.24/bin/mipsel-openwrt-linux-musl-gcc -c -Os -Wall -DLINUX26 -DCONFIG_RALINK -DMUSL_LIBC -DDEBUG_NOISY -DDEBUG_RCTEST -D_GNU_SOURCE -D__UAPI_DEF_ETHHDR -DRALINK_DBDC_MODE -pipe -funit-at-a-time -Wno-pointer-sign -mtune=mips32 -mips32 -DLINUX_KERNEL_VERSION=263366 --sysroot=/opt/lede-toolchain-ramips-mt7621_gcc-5.4.0_musl-1.1.24.Linux-x86_64/toolchain-mipsel_24kc_gcc-5.4.0_musl-1.1.24  -ffunction-sections -fdata-sections -std=gnu99 		-DASUSWRT  conftest.c >&5
configure:15012: $? = 0
configure:15012: result: yes
configure:15012: checking signal.h presence
configure:15012: /opt/lede-toolchain-ramips-mt7621_gcc-5.4.0_musl-1.1.24.Linux-x86_64/toolchain-mipsel_24kc_gcc-5.4.0_musl-1.1.24/bin/mipsel-openwrt-linux-musl-gcc -E  conftest.c
configure:15012: $? = 0
configure:15012: result: yes
configure:15012: checking for signal.h
configure:15012: result: yes
configure:15012: checking for unistd.h
configure:15012: result: yes
configure:15012: checking for dlfcn.h
configure:15012: result: yes
configure:15012: checking netinet/in.h usability
configure:15012: /opt/lede-toolchain-ramips-mt7621_gcc-5.4.0_musl-1.1.24.Linux-x86_64/toolchain-mipsel_24kc_gcc-5.4.0_musl-1.1.24/bin/mipsel-openwrt-linux-musl-gcc -c -Os -Wall -DLINUX26 -DCONFIG_RALINK -DMUSL_LIBC -DDEBUG_NOISY -DDEBUG_RCTEST -D_GNU_SOURCE -D__UAPI_DEF_ETHHDR -DRALINK_DBDC_MODE -pipe -funit-at-a-time -Wno-pointer-sign -mtune=mips32 -mips32 -DLINUX_KERNEL_VERSION=263366 --sysroot=/opt/lede-toolchain-ramips-mt7621_gcc-5.4.0_musl-1.1.24.Linux-x86_64/toolchain-mipsel_24kc_gcc-5.4.0_musl-1.1.24  -ffunction-sections -fdata-sections -std=gnu99 		-DASUSWRT  conftest.c >&5
configure:15012: $? = 0
configure:15012: result: yes
configure:15012: checking netinet/in.h presence
configure:15012: /opt/lede-toolchain-ramips-mt7621_gcc-5.4.0_musl-1.1.24.Linux-x86_64/toolchain-mipsel_24kc_gcc-5.4.0_musl-1.1.24/bin/mipsel-openwrt-linux-musl-gcc -E  conftest.c
configure:15012: $? = 0
configure:15012: result: yes
configure:15012: checking for netinet/in.h
configure:15012: result: yes
configure:15012: checking netinet/in_systm.h usability
configure:15012: /opt/lede-toolchain-ramips-mt7621_gcc-5.4.0_musl-1.1.24.Linux-x86_64/toolchain-mipsel_24kc_gcc-5.4.0_musl-1.1.24/bin/mipsel-openwrt-linux-musl-gcc -c -Os -Wall -DLINUX26 -DCONFIG_RALINK -DMUSL_LIBC -DDEBUG_NOISY -DDEBUG_RCTEST -D_GNU_SOURCE -D__UAPI_DEF_ETHHDR -DRALINK_DBDC_MODE -pipe -funit-at-a-time -Wno-pointer-sign -mtune=mips32 -mips32 -DLINUX_KERNEL_VERSION=263366 --sysroot=/opt/lede-toolchain-ramips-mt7621_gcc-5.4.0_musl-1.1.24.Linux-x86_64/toolchain-mipsel_24kc_gcc-5.4.0_musl-1.1.24  -ffunction-sections -fdata-sections -std=gnu99 		-DASUSWRT  conftest.c >&5
configure:15012: $? = 0
configure:15012: result: yes
configure:15012: checking netinet/in_systm.h presence
configure:15012: /opt/lede-toolchain-ramips-mt7621_gcc-5.4.0_musl-1.1.24.Linux-x86_64/toolchain-mipsel_24kc_gcc-5.4.0_musl-1.1.24/bin/mipsel-openwrt-linux-musl-gcc -E  conftest.c
configure:15012: $? = 0
configure:15012: result: yes
configure:15012: checking for netinet/in_systm.h
configure:15012: result: yes
configure:15012: checking netinet/tcp.h usability
configure:15012: /opt/lede-toolchain-ramips-mt7621_gcc-5.4.0_musl-1.1.24.Linux-x86_64/toolchain-mipsel_24kc_gcc-5.4.0_musl-1.1.24/bin/mipsel-openwrt-linux-musl-gcc -c -Os -Wall -DLINUX26 -DCONFIG_RALINK -DMUSL_LIBC -DDEBUG_NOISY -DDEBUG_RCTEST -D_GNU_SOURCE -D__UAPI_DEF_ETHHDR -DRALINK_DBDC_MODE -pipe -funit-at-a-time -Wno-pointer-sign -mtune=mips32 -mips32 -DLINUX_KERNEL_VERSION=263366 --sysroot=/opt/lede-toolchain-ramips-mt7621_gcc-5.4.0_musl-1.1.24.Linux-x86_64/toolchain-mipsel_24kc_gcc-5.4.0_musl-1.1.24  -ffunction-sections -fdata-sections -std=gnu99 		-DASUSWRT  conftest.c >&5
configure:15012: $? = 0
configure:15012: result: yes
configure:15012: checking netinet/tcp.h presence
configure:15012: /opt/lede-toolchain-ramips-mt7621_gcc-5.4.0_musl-1.1.24.Linux-x86_64/toolchain-mipsel_24kc_gcc-5.4.0_musl-1.1.24/bin/mipsel-openwrt-linux-musl-gcc -E  conftest.c
configure:15012: $? = 0
configure:15012: result: yes
configure:15012: checking for netinet/tcp.h
configure:15012: result: yes
configure:15012: checking arpa/inet.h usability
configure:15012: /opt/lede-toolchain-ramips-mt7621_gcc-5.4.0_musl-1.1.24.Linux-x86_64/toolchain-mipsel_24kc_gcc-5.4.0_musl-1.1.24/bin/mipsel-openwrt-linux-musl-gcc -c -Os -Wall -DLINUX26 -DCONFIG_RALINK -DMUSL_LIBC -DDEBUG_NOISY -DDEBUG_RCTEST -D_GNU_SOURCE -D__UAPI_DEF_ETHHDR -DRALINK_DBDC_MODE -pipe -funit-at-a-time -Wno-pointer-sign -mtune=mips32 -mips32 -DLINUX_KERNEL_VERSION=263366 --sysroot=/opt/lede-toolchain-ramips-mt7621_gcc-5.4.0_musl-1.1.24.Linux-x86_64/toolchain-mipsel_24kc_gcc-5.4.0_musl-1.1.24  -ffunction-sections -fdata-sections -std=gnu99 		-DASUSWRT  conftest.c >&5
configure:15012: $? = 0
configure:15012: result: yes
configure:15012: checking arpa/inet.h presence
configure:15012: /opt/lede-toolchain-ramips-mt7621_gcc-5.4.0_musl-1.1.24.Linux-x86_64/toolchain-mipsel_24kc_gcc-5.4.0_musl-1.1.24/bin/mipsel-openwrt-linux-musl-gcc -E  conftest.c
configure:15012: $? = 0
configure:15012: result: yes
configure:15012: checking for arpa/inet.h
configure:15012: result: yes
configure:15012: checking netdb.h usability
configure:15012: /opt/lede-toolchain-ramips-mt7621_gcc-5.4.0_musl-1.1.24.Linux-x86_64/toolchain-mipsel_24kc_gcc-5.4.0_musl-1.1.24/bin/mipsel-openwrt-linux-musl-gcc -c -Os -Wall -DLINUX26 -DCONFIG_RALINK -DMUSL_LIBC -DDEBUG_NOISY -DDEBUG_RCTEST -D_GNU_SOURCE -D__UAPI_DEF_ETHHDR -DRALINK_DBDC_MODE -pipe -funit-at-a-time -Wno-pointer-sign -mtune=mips32 -mips32 -DLINUX_KERNEL_VERSION=263366 --sysroot=/opt/lede-toolchain-ramips-mt7621_gcc-5.4.0_musl-1.1.24.Linux-x86_64/toolchain-mipsel_24kc_gcc-5.4.0_musl-1.1.24  -ffunction-sections -fdata-sections -std=gnu99 		-DASUSWRT  conftest.c >&5
configure:15012: $? = 0
configure:15012: result: yes
configure:15012: checking netdb.h presence
configure:15012: /opt/lede-toolchain-ramips-mt7621_gcc-5.4.0_musl-1.1.24.Linux-x86_64/toolchain-mipsel_24kc_gcc-5.4.0_musl-1.1.24/bin/mipsel-openwrt-linux-musl-gcc -E  conftest.c
configure:15012: $? = 0
configure:15012: result: yes
configure:15012: checking for netdb.h
configure:15012: result: yes
configure:15012: checking windows.h usability
configure:15012: /opt/lede-toolchain-ramips-mt7621_gcc-5.4.0_musl-1.1.24.Linux-x86_64/toolchain-mipsel_24kc_gcc-5.4.0_musl-1.1.24/bin/mipsel-openwrt-linux-musl-gcc -c -Os -Wall -DLINUX26 -DCONFIG_RALINK -DMUSL_LIBC -DDEBUG_NOISY -DDEBUG_RCTEST -D_GNU_SOURCE -D__UAPI_DEF_ETHHDR -DRALINK_DBDC_MODE -pipe -funit-at-a-time -Wno-pointer-sign -mtune=mips32 -mips32 -DLINUX_KERNEL_VERSION=263366 --sysroot=/opt/lede-toolchain-ramips-mt7621_gcc-5.4.0_musl-1.1.24.Linux-x86_64/toolchain-mipsel_24kc_gcc-5.4.0_musl-1.1.24  -ffunction-sections -fdata-sections -std=gnu99 		-DASUSWRT  conftest.c >&5
conftest.c:95:21: fatal error: windows.h: No such file or directory
compilation terminated.
configure:15012: $? = 1
configure: failed program was:
| /* confdefs.h */
| #define PACKAGE_NAME "OpenVPN"
| #define PACKAGE_TARNAME "openvpn"
| #define PACKAGE_VERSION "2.4.12"
| #define PACKAGE_STRING "OpenVPN 2.4.12"
| #define PACKAGE_BUGREPORT "openvpn-users@lists.sourceforge.net"
| #define PACKAGE_URL ""
| #define OPENVPN_VERSION_RESOURCE 2,4,12,0
| #define OPENVPN_VERSION_MAJOR 2
| #define OPENVPN_VERSION_MINOR 4
| #define OPENVPN_VERSION_PATCH ".12"
| #define PACKAGE "openvpn"
| #define VERSION "2.4.12"
| #define STDC_HEADERS 1
| #define HAVE_SYS_TYPES_H 1
| #define HAVE_SYS_STAT_H 1
| #define HAVE_STDLIB_H 1
| #define HAVE_STRING_H 1
| #define HAVE_MEMORY_H 1
| #define HAVE_STRINGS_H 1
| #define HAVE_INTTYPES_H 1
| #define HAVE_STDINT_H 1
| #define HAVE_UNISTD_H 1
| #define __EXTENSIONS__ 1
| #define _ALL_SOURCE 1
| #define _GNU_SOURCE 1
| #define _POSIX_PTHREAD_SEMANTICS 1
| #define _TANDEM_SOURCE 1
| #define TARGET_ALIAS "mipsel-unknown-linux-gnu"
| #define TARGET_LINUX 1
| #define TARGET_PREFIX "L"
| #define IFCONFIG_PATH "/sbin/ifconfig"
| #define IPROUTE_PATH "/usr/sbin/ip"
| #define ROUTE_PATH "/sbin/route"
| #define SYSTEMD_ASK_PASSWORD_PATH ""
| #define HAVE_DLFCN_H 1
| #define LT_OBJDIR ".libs/"
| #define RETSIGTYPE void
| #define HAVE_CPP_VARARG_MACRO_ISO 1
| #define HAVE_CPP_VARARG_MACRO_GCC 1
| #define EMPTY_ARRAY_SIZE 0
| #define SIZEOF_UNSIGNED_INT 4
| #define SIZEOF_UNSIGNED_LONG 4
| #define HAVE_STDIO_H 1
| #define HAVE_STDARG_H 1
| #define HAVE_LIMITS_H 1
| #define HAVE_TIME_H 1
| #define HAVE_ERRNO_H 1
| #define HAVE_FCNTL_H 1
| #define HAVE_CTYPE_H 1
| #define HAVE_SYS_TYPES_H 1
| #define HAVE_SYS_SOCKET_H 1
| #define HAVE_SIGNAL_H 1
| #define HAVE_UNISTD_H 1
| #define HAVE_DLFCN_H 1
| #define HAVE_NETINET_IN_H 1
| #define HAVE_NETINET_IN_SYSTM_H 1
| #define HAVE_NETINET_TCP_H 1
| #define HAVE_ARPA_INET_H 1
| #define HAVE_NETDB_H 1
| /* end confdefs.h.  */
| #include <stdio.h>
| #ifdef HAVE_SYS_TYPES_H
| # include <sys/types.h>
| #endif
| #ifdef HAVE_SYS_STAT_H
| # include <sys/stat.h>
| #endif
| #ifdef STDC_HEADERS
| # include <stdlib.h>
| # include <stddef.h>
| #else
| # ifdef HAVE_STDLIB_H
| #  include <stdlib.h>
| # endif
| #endif
| #ifdef HAVE_STRING_H
| # if !defined STDC_HEADERS && defined HAVE_MEMORY_H
| #  include <memory.h>
| # endif
| # include <string.h>
| #endif
| #ifdef HAVE_STRINGS_H
| # include <strings.h>
| #endif
| #ifdef HAVE_INTTYPES_H
| # include <inttypes.h>
| #endif
| #ifdef HAVE_STDINT_H
| # include <stdint.h>
| #endif
| #ifdef HAVE_UNISTD_H
| # include <unistd.h>
| #endif
| #include <windows.h>
configure:15012: result: no
configure:15012: checking windows.h presence
configure:15012: /opt/lede-toolchain-ramips-mt7621_gcc-5.4.0_musl-1.1.24.Linux-x86_64/toolchain-mipsel_24kc_gcc-5.4.0_musl-1.1.24/bin/mipsel-openwrt-linux-musl-gcc -E  conftest.c
conftest.c:62:21: fatal error: windows.h: No such file or directory
compilation terminated.
configure:15012: $? = 1
configure: failed program was:
| /* confdefs.h */
| #define PACKAGE_NAME "OpenVPN"
| #define PACKAGE_TARNAME "openvpn"
| #define PACKAGE_VERSION "2.4.12"
| #define PACKAGE_STRING "OpenVPN 2.4.12"
| #define PACKAGE_BUGREPORT "openvpn-users@lists.sourceforge.net"
| #define PACKAGE_URL ""
| #define OPENVPN_VERSION_RESOURCE 2,4,12,0
| #define OPENVPN_VERSION_MAJOR 2
| #define OPENVPN_VERSION_MINOR 4
| #define OPENVPN_VERSION_PATCH ".12"
| #define PACKAGE "openvpn"
| #define VERSION "2.4.12"
| #define STDC_HEADERS 1
| #define HAVE_SYS_TYPES_H 1
| #define HAVE_SYS_STAT_H 1
| #define HAVE_STDLIB_H 1
| #define HAVE_STRING_H 1
| #define HAVE_MEMORY_H 1
| #define HAVE_STRINGS_H 1
| #define HAVE_INTTYPES_H 1
| #define HAVE_STDINT_H 1
| #define HAVE_UNISTD_H 1
| #define __EXTENSIONS__ 1
| #define _ALL_SOURCE 1
| #define _GNU_SOURCE 1
| #define _POSIX_PTHREAD_SEMANTICS 1
| #define _TANDEM_SOURCE 1
| #define TARGET_ALIAS "mipsel-unknown-linux-gnu"
| #define TARGET_LINUX 1
| #define TARGET_PREFIX "L"
| #define IFCONFIG_PATH "/sbin/ifconfig"
| #define IPROUTE_PATH "/usr/sbin/ip"
| #define ROUTE_PATH "/sbin/route"
| #define SYSTEMD_ASK_PASSWORD_PATH ""
| #define HAVE_DLFCN_H 1
| #define LT_OBJDIR ".libs/"
| #define RETSIGTYPE void
| #define HAVE_CPP_VARARG_MACRO_ISO 1
| #define HAVE_CPP_VARARG_MACRO_GCC 1
| #define EMPTY_ARRAY_SIZE 0
| #define SIZEOF_UNSIGNED_INT 4
| #define SIZEOF_UNSIGNED_LONG 4
| #define HAVE_STDIO_H 1
| #define HAVE_STDARG_H 1
| #define HAVE_LIMITS_H 1
| #define HAVE_TIME_H 1
| #define HAVE_ERRNO_H 1
| #define HAVE_FCNTL_H 1
| #define HAVE_CTYPE_H 1
| #define HAVE_SYS_TYPES_H 1
| #define HAVE_SYS_SOCKET_H 1
| #define HAVE_SIGNAL_H 1
| #define HAVE_UNISTD_H 1
| #define HAVE_DLFCN_H 1
| #define HAVE_NETINET_IN_H 1
| #define HAVE_NETINET_IN_SYSTM_H 1
| #define HAVE_NETINET_TCP_H 1
| #define HAVE_ARPA_INET_H 1
| #define HAVE_NETDB_H 1
| /* end confdefs.h.  */
| #include <windows.h>
configure:15012: result: no
configure:15012: checking for windows.h
configure:15012: result: no
configure:15012: checking winsock2.h usability
configure:15012: /opt/lede-toolchain-ramips-mt7621_gcc-5.4.0_musl-1.1.24.Linux-x86_64/toolchain-mipsel_24kc_gcc-5.4.0_musl-1.1.24/bin/mipsel-openwrt-linux-musl-gcc -c -Os -Wall -DLINUX26 -DCONFIG_RALINK -DMUSL_LIBC -DDEBUG_NOISY -DDEBUG_RCTEST -D_GNU_SOURCE -D__UAPI_DEF_ETHHDR -DRALINK_DBDC_MODE -pipe -funit-at-a-time -Wno-pointer-sign -mtune=mips32 -mips32 -DLINUX_KERNEL_VERSION=263366 --sysroot=/opt/lede-toolchain-ramips-mt7621_gcc-5.4.0_musl-1.1.24.Linux-x86_64/toolchain-mipsel_24kc_gcc-5.4.0_musl-1.1.24  -ffunction-sections -fdata-sections -std=gnu99 		-DASUSWRT  conftest.c >&5
conftest.c:95:22: fatal error: winsock2.h: No such file or directory
compilation terminated.
configure:15012: $? = 1
configure: failed program was:
| /* confdefs.h */
| #define PACKAGE_NAME "OpenVPN"
| #define PACKAGE_TARNAME "openvpn"
| #define PACKAGE_VERSION "2.4.12"
| #define PACKAGE_STRING "OpenVPN 2.4.12"
| #define PACKAGE_BUGREPORT "openvpn-users@lists.sourceforge.net"
| #define PACKAGE_URL ""
| #define OPENVPN_VERSION_RESOURCE 2,4,12,0
| #define OPENVPN_VERSION_MAJOR 2
| #define OPENVPN_VERSION_MINOR 4
| #define OPENVPN_VERSION_PATCH ".12"
| #define PACKAGE "openvpn"
| #define VERSION "2.4.12"
| #define STDC_HEADERS 1
| #define HAVE_SYS_TYPES_H 1
| #define HAVE_SYS_STAT_H 1
| #define HAVE_STDLIB_H 1
| #define HAVE_STRING_H 1
| #define HAVE_MEMORY_H 1
| #define HAVE_STRINGS_H 1
| #define HAVE_INTTYPES_H 1
| #define HAVE_STDINT_H 1
| #define HAVE_UNISTD_H 1
| #define __EXTENSIONS__ 1
| #define _ALL_SOURCE 1
| #define _GNU_SOURCE 1
| #define _POSIX_PTHREAD_SEMANTICS 1
| #define _TANDEM_SOURCE 1
| #define TARGET_ALIAS "mipsel-unknown-linux-gnu"
| #define TARGET_LINUX 1
| #define TARGET_PREFIX "L"
| #define IFCONFIG_PATH "/sbin/ifconfig"
| #define IPROUTE_PATH "/usr/sbin/ip"
| #define ROUTE_PATH "/sbin/route"
| #define SYSTEMD_ASK_PASSWORD_PATH ""
| #define HAVE_DLFCN_H 1
| #define LT_OBJDIR ".libs/"
| #define RETSIGTYPE void
| #define HAVE_CPP_VARARG_MACRO_ISO 1
| #define HAVE_CPP_VARARG_MACRO_GCC 1
| #define EMPTY_ARRAY_SIZE 0
| #define SIZEOF_UNSIGNED_INT 4
| #define SIZEOF_UNSIGNED_LONG 4
| #define HAVE_STDIO_H 1
| #define HAVE_STDARG_H 1
| #define HAVE_LIMITS_H 1
| #define HAVE_TIME_H 1
| #define HAVE_ERRNO_H 1
| #define HAVE_FCNTL_H 1
| #define HAVE_CTYPE_H 1
| #define HAVE_SYS_TYPES_H 1
| #define HAVE_SYS_SOCKET_H 1
| #define HAVE_SIGNAL_H 1
| #define HAVE_UNISTD_H 1
| #define HAVE_DLFCN_H 1
| #define HAVE_NETINET_IN_H 1
| #define HAVE_NETINET_IN_SYSTM_H 1
| #define HAVE_NETINET_TCP_H 1
| #define HAVE_ARPA_INET_H 1
| #define HAVE_NETDB_H 1
| /* end confdefs.h.  */
| #include <stdio.h>
| #ifdef HAVE_SYS_TYPES_H
| # include <sys/types.h>
| #endif
| #ifdef HAVE_SYS_STAT_H
| # include <sys/stat.h>
| #endif
| #ifdef STDC_HEADERS
| # include <stdlib.h>
| # include <stddef.h>
| #else
| # ifdef HAVE_STDLIB_H
| #  include <stdlib.h>
| # endif
| #endif
| #ifdef HAVE_STRING_H
| # if !defined STDC_HEADERS && defined HAVE_MEMORY_H
| #  include <memory.h>
| # endif
| # include <string.h>
| #endif
| #ifdef HAVE_STRINGS_H
| # include <strings.h>
| #endif
| #ifdef HAVE_INTTYPES_H
| # include <inttypes.h>
| #endif
| #ifdef HAVE_STDINT_H
| # include <stdint.h>
| #endif
| #ifdef HAVE_UNISTD_H
| # include <unistd.h>
| #endif
| #include <winsock2.h>
configure:15012: result: no
configure:15012: checking winsock2.h presence
configure:15012: /opt/lede-toolchain-ramips-mt7621_gcc-5.4.0_musl-1.1.24.Linux-x86_64/toolchain-mipsel_24kc_gcc-5.4.0_musl-1.1.24/bin/mipsel-openwrt-linux-musl-gcc -E  conftest.c
conftest.c:62:22: fatal error: winsock2.h: No such file or directory
compilation terminated.
configure:15012: $? = 1
configure: failed program was:
| /* confdefs.h */
| #define PACKAGE_NAME "OpenVPN"
| #define PACKAGE_TARNAME "openvpn"
| #define PACKAGE_VERSION "2.4.12"
| #define PACKAGE_STRING "OpenVPN 2.4.12"
| #define PACKAGE_BUGREPORT "openvpn-users@lists.sourceforge.net"
| #define PACKAGE_URL ""
| #define OPENVPN_VERSION_RESOURCE 2,4,12,0
| #define OPENVPN_VERSION_MAJOR 2
| #define OPENVPN_VERSION_MINOR 4
| #define OPENVPN_VERSION_PATCH ".12"
| #define PACKAGE "openvpn"
| #define VERSION "2.4.12"
| #define STDC_HEADERS 1
| #define HAVE_SYS_TYPES_H 1
| #define HAVE_SYS_STAT_H 1
| #define HAVE_STDLIB_H 1
| #define HAVE_STRING_H 1
| #define HAVE_MEMORY_H 1
| #define HAVE_STRINGS_H 1
| #define HAVE_INTTYPES_H 1
| #define HAVE_STDINT_H 1
| #define HAVE_UNISTD_H 1
| #define __EXTENSIONS__ 1
| #define _ALL_SOURCE 1
| #define _GNU_SOURCE 1
| #define _POSIX_PTHREAD_SEMANTICS 1
| #define _TANDEM_SOURCE 1
| #define TARGET_ALIAS "mipsel-unknown-linux-gnu"
| #define TARGET_LINUX 1
| #define TARGET_PREFIX "L"
| #define IFCONFIG_PATH "/sbin/ifconfig"
| #define IPROUTE_PATH "/usr/sbin/ip"
| #define ROUTE_PATH "/sbin/route"
| #define SYSTEMD_ASK_PASSWORD_PATH ""
| #define HAVE_DLFCN_H 1
| #define LT_OBJDIR ".libs/"
| #define RETSIGTYPE void
| #define HAVE_CPP_VARARG_MACRO_ISO 1
| #define HAVE_CPP_VARARG_MACRO_GCC 1
| #define EMPTY_ARRAY_SIZE 0
| #define SIZEOF_UNSIGNED_INT 4
| #define SIZEOF_UNSIGNED_LONG 4
| #define HAVE_STDIO_H 1
| #define HAVE_STDARG_H 1
| #define HAVE_LIMITS_H 1
| #define HAVE_TIME_H 1
| #define HAVE_ERRNO_H 1
| #define HAVE_FCNTL_H 1
| #define HAVE_CTYPE_H 1
| #define HAVE_SYS_TYPES_H 1
| #define HAVE_SYS_SOCKET_H 1
| #define HAVE_SIGNAL_H 1
| #define HAVE_UNISTD_H 1
| #define HAVE_DLFCN_H 1
| #define HAVE_NETINET_IN_H 1
| #define HAVE_NETINET_IN_SYSTM_H 1
| #define HAVE_NETINET_TCP_H 1
| #define HAVE_ARPA_INET_H 1
| #define HAVE_NETDB_H 1
| /* end confdefs.h.  */
| #include <winsock2.h>
configure:15012: result: no
configure:15012: checking for winsock2.h
configure:15012: result: no
configure:15012: checking ws2tcpip.h usability
configure:15012: /opt/lede-toolchain-ramips-mt7621_gcc-5.4.0_musl-1.1.24.Linux-x86_64/toolchain-mipsel_24kc_gcc-5.4.0_musl-1.1.24/bin/mipsel-openwrt-linux-musl-gcc -c -Os -Wall -DLINUX26 -DCONFIG_RALINK -DMUSL_LIBC -DDEBUG_NOISY -DDEBUG_RCTEST -D_GNU_SOURCE -D__UAPI_DEF_ETHHDR -DRALINK_DBDC_MODE -pipe -funit-at-a-time -Wno-pointer-sign -mtune=mips32 -mips32 -DLINUX_KERNEL_VERSION=263366 --sysroot=/opt/lede-toolchain-ramips-mt7621_gcc-5.4.0_musl-1.1.24.Linux-x86_64/toolchain-mipsel_24kc_gcc-5.4.0_musl-1.1.24  -ffunction-sections -fdata-sections -std=gnu99 		-DASUSWRT  conftest.c >&5
conftest.c:95:22: fatal error: ws2tcpip.h: No such file or directory
compilation terminated.
configure:15012: $? = 1
configure: failed program was:
| /* confdefs.h */
| #define PACKAGE_NAME "OpenVPN"
| #define PACKAGE_TARNAME "openvpn"
| #define PACKAGE_VERSION "2.4.12"
| #define PACKAGE_STRING "OpenVPN 2.4.12"
| #define PACKAGE_BUGREPORT "openvpn-users@lists.sourceforge.net"
| #define PACKAGE_URL ""
| #define OPENVPN_VERSION_RESOURCE 2,4,12,0
| #define OPENVPN_VERSION_MAJOR 2
| #define OPENVPN_VERSION_MINOR 4
| #define OPENVPN_VERSION_PATCH ".12"
| #define PACKAGE "openvpn"
| #define VERSION "2.4.12"
| #define STDC_HEADERS 1
| #define HAVE_SYS_TYPES_H 1
| #define HAVE_SYS_STAT_H 1
| #define HAVE_STDLIB_H 1
| #define HAVE_STRING_H 1
| #define HAVE_MEMORY_H 1
| #define HAVE_STRINGS_H 1
| #define HAVE_INTTYPES_H 1
| #define HAVE_STDINT_H 1
| #define HAVE_UNISTD_H 1
| #define __EXTENSIONS__ 1
| #define _ALL_SOURCE 1
| #define _GNU_SOURCE 1
| #define _POSIX_PTHREAD_SEMANTICS 1
| #define _TANDEM_SOURCE 1
| #define TARGET_ALIAS "mipsel-unknown-linux-gnu"
| #define TARGET_LINUX 1
| #define TARGET_PREFIX "L"
| #define IFCONFIG_PATH "/sbin/ifconfig"
| #define IPROUTE_PATH "/usr/sbin/ip"
| #define ROUTE_PATH "/sbin/route"
| #define SYSTEMD_ASK_PASSWORD_PATH ""
| #define HAVE_DLFCN_H 1
| #define LT_OBJDIR ".libs/"
| #define RETSIGTYPE void
| #define HAVE_CPP_VARARG_MACRO_ISO 1
| #define HAVE_CPP_VARARG_MACRO_GCC 1
| #define EMPTY_ARRAY_SIZE 0
| #define SIZEOF_UNSIGNED_INT 4
| #define SIZEOF_UNSIGNED_LONG 4
| #define HAVE_STDIO_H 1
| #define HAVE_STDARG_H 1
| #define HAVE_LIMITS_H 1
| #define HAVE_TIME_H 1
| #define HAVE_ERRNO_H 1
| #define HAVE_FCNTL_H 1
| #define HAVE_CTYPE_H 1
| #define HAVE_SYS_TYPES_H 1
| #define HAVE_SYS_SOCKET_H 1
| #define HAVE_SIGNAL_H 1
| #define HAVE_UNISTD_H 1
| #define HAVE_DLFCN_H 1
| #define HAVE_NETINET_IN_H 1
| #define HAVE_NETINET_IN_SYSTM_H 1
| #define HAVE_NETINET_TCP_H 1
| #define HAVE_ARPA_INET_H 1
| #define HAVE_NETDB_H 1
| /* end confdefs.h.  */
| #include <stdio.h>
| #ifdef HAVE_SYS_TYPES_H
| # include <sys/types.h>
| #endif
| #ifdef HAVE_SYS_STAT_H
| # include <sys/stat.h>
| #endif
| #ifdef STDC_HEADERS
| # include <stdlib.h>
| # include <stddef.h>
| #else
| # ifdef HAVE_STDLIB_H
| #  include <stdlib.h>
| # endif
| #endif
| #ifdef HAVE_STRING_H
| # if !defined STDC_HEADERS && defined HAVE_MEMORY_H
| #  include <memory.h>
| # endif
| # include <string.h>
| #endif
| #ifdef HAVE_STRINGS_H
| # include <strings.h>
| #endif
| #ifdef HAVE_INTTYPES_H
| # include <inttypes.h>
| #endif
| #ifdef HAVE_STDINT_H
| # include <stdint.h>
| #endif
| #ifdef HAVE_UNISTD_H
| # include <unistd.h>
| #endif
| #include <ws2tcpip.h>
configure:15012: result: no
configure:15012: checking ws2tcpip.h presence
configure:15012: /opt/lede-toolchain-ramips-mt7621_gcc-5.4.0_musl-1.1.24.Linux-x86_64/toolchain-mipsel_24kc_gcc-5.4.0_musl-1.1.24/bin/mipsel-openwrt-linux-musl-gcc -E  conftest.c
conftest.c:62:22: fatal error: ws2tcpip.h: No such file or directory
compilation terminated.
configure:15012: $? = 1
configure: failed program was:
| /* confdefs.h */
| #define PACKAGE_NAME "OpenVPN"
| #define PACKAGE_TARNAME "openvpn"
| #define PACKAGE_VERSION "2.4.12"
| #define PACKAGE_STRING "OpenVPN 2.4.12"
| #define PACKAGE_BUGREPORT "openvpn-users@lists.sourceforge.net"
| #define PACKAGE_URL ""
| #define OPENVPN_VERSION_RESOURCE 2,4,12,0
| #define OPENVPN_VERSION_MAJOR 2
| #define OPENVPN_VERSION_MINOR 4
| #define OPENVPN_VERSION_PATCH ".12"
| #define PACKAGE "openvpn"
| #define VERSION "2.4.12"
| #define STDC_HEADERS 1
| #define HAVE_SYS_TYPES_H 1
| #define HAVE_SYS_STAT_H 1
| #define HAVE_STDLIB_H 1
| #define HAVE_STRING_H 1
| #define HAVE_MEMORY_H 1
| #define HAVE_STRINGS_H 1
| #define HAVE_INTTYPES_H 1
| #define HAVE_STDINT_H 1
| #define HAVE_UNISTD_H 1
| #define __EXTENSIONS__ 1
| #define _ALL_SOURCE 1
| #define _GNU_SOURCE 1
| #define _POSIX_PTHREAD_SEMANTICS 1
| #define _TANDEM_SOURCE 1
| #define TARGET_ALIAS "mipsel-unknown-linux-gnu"
| #define TARGET_LINUX 1
| #define TARGET_PREFIX "L"
| #define IFCONFIG_PATH "/sbin/ifconfig"
| #define IPROUTE_PATH "/usr/sbin/ip"
| #define ROUTE_PATH "/sbin/route"
| #define SYSTEMD_ASK_PASSWORD_PATH ""
| #define HAVE_DLFCN_H 1
| #define LT_OBJDIR ".libs/"
| #define RETSIGTYPE void
| #define HAVE_CPP_VARARG_MACRO_ISO 1
| #define HAVE_CPP_VARARG_MACRO_GCC 1
| #define EMPTY_ARRAY_SIZE 0
| #define SIZEOF_UNSIGNED_INT 4
| #define SIZEOF_UNSIGNED_LONG 4
| #define HAVE_STDIO_H 1
| #define HAVE_STDARG_H 1
| #define HAVE_LIMITS_H 1
| #define HAVE_TIME_H 1
| #define HAVE_ERRNO_H 1
| #define HAVE_FCNTL_H 1
| #define HAVE_CTYPE_H 1
| #define HAVE_SYS_TYPES_H 1
| #define HAVE_SYS_SOCKET_H 1
| #define HAVE_SIGNAL_H 1
| #define HAVE_UNISTD_H 1
| #define HAVE_DLFCN_H 1
| #define HAVE_NETINET_IN_H 1
| #define HAVE_NETINET_IN_SYSTM_H 1
| #define HAVE_NETINET_TCP_H 1
| #define HAVE_ARPA_INET_H 1
| #define HAVE_NETDB_H 1
| /* end confdefs.h.  */
| #include <ws2tcpip.h>
configure:15012: result: no
configure:15012: checking for ws2tcpip.h
configure:15012: result: no
configure:15012: checking versionhelpers.h usability
configure:15012: /opt/lede-toolchain-ramips-mt7621_gcc-5.4.0_musl-1.1.24.Linux-x86_64/toolchain-mipsel_24kc_gcc-5.4.0_musl-1.1.24/bin/mipsel-openwrt-linux-musl-gcc -c -Os -Wall -DLINUX26 -DCONFIG_RALINK -DMUSL_LIBC -DDEBUG_NOISY -DDEBUG_RCTEST -D_GNU_SOURCE -D__UAPI_DEF_ETHHDR -DRALINK_DBDC_MODE -pipe -funit-at-a-time -Wno-pointer-sign -mtune=mips32 -mips32 -DLINUX_KERNEL_VERSION=263366 --sysroot=/opt/lede-toolchain-ramips-mt7621_gcc-5.4.0_musl-1.1.24.Linux-x86_64/toolchain-mipsel_24kc_gcc-5.4.0_musl-1.1.24  -ffunction-sections -fdata-sections -std=gnu99 		-DASUSWRT  conftest.c >&5
conftest.c:95:28: fatal error: versionhelpers.h: No such file or directory
compilation terminated.
configure:15012: $? = 1
configure: failed program was:
| /* confdefs.h */
| #define PACKAGE_NAME "OpenVPN"
| #define PACKAGE_TARNAME "openvpn"
| #define PACKAGE_VERSION "2.4.12"
| #define PACKAGE_STRING "OpenVPN 2.4.12"
| #define PACKAGE_BUGREPORT "openvpn-users@lists.sourceforge.net"
| #define PACKAGE_URL ""
| #define OPENVPN_VERSION_RESOURCE 2,4,12,0
| #define OPENVPN_VERSION_MAJOR 2
| #define OPENVPN_VERSION_MINOR 4
| #define OPENVPN_VERSION_PATCH ".12"
| #define PACKAGE "openvpn"
| #define VERSION "2.4.12"
| #define STDC_HEADERS 1
| #define HAVE_SYS_TYPES_H 1
| #define HAVE_SYS_STAT_H 1
| #define HAVE_STDLIB_H 1
| #define HAVE_STRING_H 1
| #define HAVE_MEMORY_H 1
| #define HAVE_STRINGS_H 1
| #define HAVE_INTTYPES_H 1
| #define HAVE_STDINT_H 1
| #define HAVE_UNISTD_H 1
| #define __EXTENSIONS__ 1
| #define _ALL_SOURCE 1
| #define _GNU_SOURCE 1
| #define _POSIX_PTHREAD_SEMANTICS 1
| #define _TANDEM_SOURCE 1
| #define TARGET_ALIAS "mipsel-unknown-linux-gnu"
| #define TARGET_LINUX 1
| #define TARGET_PREFIX "L"
| #define IFCONFIG_PATH "/sbin/ifconfig"
| #define IPROUTE_PATH "/usr/sbin/ip"
| #define ROUTE_PATH "/sbin/route"
| #define SYSTEMD_ASK_PASSWORD_PATH ""
| #define HAVE_DLFCN_H 1
| #define LT_OBJDIR ".libs/"
| #define RETSIGTYPE void
| #define HAVE_CPP_VARARG_MACRO_ISO 1
| #define HAVE_CPP_VARARG_MACRO_GCC 1
| #define EMPTY_ARRAY_SIZE 0
| #define SIZEOF_UNSIGNED_INT 4
| #define SIZEOF_UNSIGNED_LONG 4
| #define HAVE_STDIO_H 1
| #define HAVE_STDARG_H 1
| #define HAVE_LIMITS_H 1
| #define HAVE_TIME_H 1
| #define HAVE_ERRNO_H 1
| #define HAVE_FCNTL_H 1
| #define HAVE_CTYPE_H 1
| #define HAVE_SYS_TYPES_H 1
| #define HAVE_SYS_SOCKET_H 1
| #define HAVE_SIGNAL_H 1
| #define HAVE_UNISTD_H 1
| #define HAVE_DLFCN_H 1
| #define HAVE_NETINET_IN_H 1
| #define HAVE_NETINET_IN_SYSTM_H 1
| #define HAVE_NETINET_TCP_H 1
| #define HAVE_ARPA_INET_H 1
| #define HAVE_NETDB_H 1
| /* end confdefs.h.  */
| #include <stdio.h>
| #ifdef HAVE_SYS_TYPES_H
| # include <sys/types.h>
| #endif
| #ifdef HAVE_SYS_STAT_H
| # include <sys/stat.h>
| #endif
| #ifdef STDC_HEADERS
| # include <stdlib.h>
| # include <stddef.h>
| #else
| # ifdef HAVE_STDLIB_H
| #  include <stdlib.h>
| # endif
| #endif
| #ifdef HAVE_STRING_H
| # if !defined STDC_HEADERS && defined HAVE_MEMORY_H
| #  include <memory.h>
| # endif
| # include <string.h>
| #endif
| #ifdef HAVE_STRINGS_H
| # include <strings.h>
| #endif
| #ifdef HAVE_INTTYPES_H
| # include <inttypes.h>
| #endif
| #ifdef HAVE_STDINT_H
| # include <stdint.h>
| #endif
| #ifdef HAVE_UNISTD_H
| # include <unistd.h>
| #endif
| #include <versionhelpers.h>
configure:15012: result: no
configure:15012: checking versionhelpers.h presence
configure:15012: /opt/lede-toolchain-ramips-mt7621_gcc-5.4.0_musl-1.1.24.Linux-x86_64/toolchain-mipsel_24kc_gcc-5.4.0_musl-1.1.24/bin/mipsel-openwrt-linux-musl-gcc -E  conftest.c
conftest.c:62:28: fatal error: versionhelpers.h: No such file or directory
compilation terminated.
configure:15012: $? = 1
configure: failed program was:
| /* confdefs.h */
| #define PACKAGE_NAME "OpenVPN"
| #define PACKAGE_TARNAME "openvpn"
| #define PACKAGE_VERSION "2.4.12"
| #define PACKAGE_STRING "OpenVPN 2.4.12"
| #define PACKAGE_BUGREPORT "openvpn-users@lists.sourceforge.net"
| #define PACKAGE_URL ""
| #define OPENVPN_VERSION_RESOURCE 2,4,12,0
| #define OPENVPN_VERSION_MAJOR 2
| #define OPENVPN_VERSION_MINOR 4
| #define OPENVPN_VERSION_PATCH ".12"
| #define PACKAGE "openvpn"
| #define VERSION "2.4.12"
| #define STDC_HEADERS 1
| #define HAVE_SYS_TYPES_H 1
| #define HAVE_SYS_STAT_H 1
| #define HAVE_STDLIB_H 1
| #define HAVE_STRING_H 1
| #define HAVE_MEMORY_H 1
| #define HAVE_STRINGS_H 1
| #define HAVE_INTTYPES_H 1
| #define HAVE_STDINT_H 1
| #define HAVE_UNISTD_H 1
| #define __EXTENSIONS__ 1
| #define _ALL_SOURCE 1
| #define _GNU_SOURCE 1
| #define _POSIX_PTHREAD_SEMANTICS 1
| #define _TANDEM_SOURCE 1
| #define TARGET_ALIAS "mipsel-unknown-linux-gnu"
| #define TARGET_LINUX 1
| #define TARGET_PREFIX "L"
| #define IFCONFIG_PATH "/sbin/ifconfig"
| #define IPROUTE_PATH "/usr/sbin/ip"
| #define ROUTE_PATH "/sbin/route"
| #define SYSTEMD_ASK_PASSWORD_PATH ""
| #define HAVE_DLFCN_H 1
| #define LT_OBJDIR ".libs/"
| #define RETSIGTYPE void
| #define HAVE_CPP_VARARG_MACRO_ISO 1
| #define HAVE_CPP_VARARG_MACRO_GCC 1
| #define EMPTY_ARRAY_SIZE 0
| #define SIZEOF_UNSIGNED_INT 4
| #define SIZEOF_UNSIGNED_LONG 4
| #define HAVE_STDIO_H 1
| #define HAVE_STDARG_H 1
| #define HAVE_LIMITS_H 1
| #define HAVE_TIME_H 1
| #define HAVE_ERRNO_H 1
| #define HAVE_FCNTL_H 1
| #define HAVE_CTYPE_H 1
| #define HAVE_SYS_TYPES_H 1
| #define HAVE_SYS_SOCKET_H 1
| #define HAVE_SIGNAL_H 1
| #define HAVE_UNISTD_H 1
| #define HAVE_DLFCN_H 1
| #define HAVE_NETINET_IN_H 1
| #define HAVE_NETINET_IN_SYSTM_H 1
| #define HAVE_NETINET_TCP_H 1
| #define HAVE_ARPA_INET_H 1
| #define HAVE_NETDB_H 1
| /* end confdefs.h.  */
| #include <versionhelpers.h>
configure:15012: result: no
configure:15012: checking for versionhelpers.h
configure:15012: result: no
configure:15032: checking sys/time.h usability
configure:15032: /opt/lede-toolchain-ramips-mt7621_gcc-5.4.0_musl-1.1.24.Linux-x86_64/toolchain-mipsel_24kc_gcc-5.4.0_musl-1.1.24/bin/mipsel-openwrt-linux-musl-gcc -c -Os -Wall -DLINUX26 -DCONFIG_RALINK -DMUSL_LIBC -DDEBUG_NOISY -DDEBUG_RCTEST -D_GNU_SOURCE -D__UAPI_DEF_ETHHDR -DRALINK_DBDC_MODE -pipe -funit-at-a-time -Wno-pointer-sign -mtune=mips32 -mips32 -DLINUX_KERNEL_VERSION=263366 --sysroot=/opt/lede-toolchain-ramips-mt7621_gcc-5.4.0_musl-1.1.24.Linux-x86_64/toolchain-mipsel_24kc_gcc-5.4.0_musl-1.1.24  -ffunction-sections -fdata-sections -std=gnu99 		-DASUSWRT  conftest.c >&5
configure:15032: $? = 0
configure:15032: result: yes
configure:15032: checking sys/time.h presence
configure:15032: /opt/lede-toolchain-ramips-mt7621_gcc-5.4.0_musl-1.1.24.Linux-x86_64/toolchain-mipsel_24kc_gcc-5.4.0_musl-1.1.24/bin/mipsel-openwrt-linux-musl-gcc -E  conftest.c
configure:15032: $? = 0
configure:15032: result: yes
configure:15032: checking for sys/time.h
configure:15032: result: yes
configure:15032: checking sys/ioctl.h usability
configure:15032: /opt/lede-toolchain-ramips-mt7621_gcc-5.4.0_musl-1.1.24.Linux-x86_64/toolchain-mipsel_24kc_gcc-5.4.0_musl-1.1.24/bin/mipsel-openwrt-linux-musl-gcc -c -Os -Wall -DLINUX26 -DCONFIG_RALINK -DMUSL_LIBC -DDEBUG_NOISY -DDEBUG_RCTEST -D_GNU_SOURCE -D__UAPI_DEF_ETHHDR -DRALINK_DBDC_MODE -pipe -funit-at-a-time -Wno-pointer-sign -mtune=mips32 -mips32 -DLINUX_KERNEL_VERSION=263366 --sysroot=/opt/lede-toolchain-ramips-mt7621_gcc-5.4.0_musl-1.1.24.Linux-x86_64/toolchain-mipsel_24kc_gcc-5.4.0_musl-1.1.24  -ffunction-sections -fdata-sections -std=gnu99 		-DASUSWRT  conftest.c >&5
configure:15032: $? = 0
configure:15032: result: yes
configure:15032: checking sys/ioctl.h presence
configure:15032: /opt/lede-toolchain-ramips-mt7621_gcc-5.4.0_musl-1.1.24.Linux-x86_64/toolchain-mipsel_24kc_gcc-5.4.0_musl-1.1.24/bin/mipsel-openwrt-linux-musl-gcc -E  conftest.c
configure:15032: $? = 0
configure:15032: result: yes
configure:15032: checking for sys/ioctl.h
configure:15032: result: yes
configure:15032: checking for sys/stat.h
configure:15032: result: yes
configure:15032: checking sys/mman.h usability
configure:15032: /opt/lede-toolchain-ramips-mt7621_gcc-5.4.0_musl-1.1.24.Linux-x86_64/toolchain-mipsel_24kc_gcc-5.4.0_musl-1.1.24/bin/mipsel-openwrt-linux-musl-gcc -c -Os -Wall -DLINUX26 -DCONFIG_RALINK -DMUSL_LIBC -DDEBUG_NOISY -DDEBUG_RCTEST -D_GNU_SOURCE -D__UAPI_DEF_ETHHDR -DRALINK_DBDC_MODE -pipe -funit-at-a-time -Wno-pointer-sign -mtune=mips32 -mips32 -DLINUX_KERNEL_VERSION=263366 --sysroot=/opt/lede-toolchain-ramips-mt7621_gcc-5.4.0_musl-1.1.24.Linux-x86_64/toolchain-mipsel_24kc_gcc-5.4.0_musl-1.1.24  -ffunction-sections -fdata-sections -std=gnu99 		-DASUSWRT  conftest.c >&5
configure:15032: $? = 0
configure:15032: result: yes
configure:15032: checking sys/mman.h presence
configure:15032: /opt/lede-toolchain-ramips-mt7621_gcc-5.4.0_musl-1.1.24.Linux-x86_64/toolchain-mipsel_24kc_gcc-5.4.0_musl-1.1.24/bin/mipsel-openwrt-linux-musl-gcc -E  conftest.c
configure:15032: $? = 0
configure:15032: result: yes
configure:15032: checking for sys/mman.h
configure:15032: result: yes
configure:15032: checking sys/file.h usability
configure:15032: /opt/lede-toolchain-ramips-mt7621_gcc-5.4.0_musl-1.1.24.Linux-x86_64/toolchain-mipsel_24kc_gcc-5.4.0_musl-1.1.24/bin/mipsel-openwrt-linux-musl-gcc -c -Os -Wall -DLINUX26 -DCONFIG_RALINK -DMUSL_LIBC -DDEBUG_NOISY -DDEBUG_RCTEST -D_GNU_SOURCE -D__UAPI_DEF_ETHHDR -DRALINK_DBDC_MODE -pipe -funit-at-a-time -Wno-pointer-sign -mtune=mips32 -mips32 -DLINUX_KERNEL_VERSION=263366 --sysroot=/opt/lede-toolchain-ramips-mt7621_gcc-5.4.0_musl-1.1.24.Linux-x86_64/toolchain-mipsel_24kc_gcc-5.4.0_musl-1.1.24  -ffunction-sections -fdata-sections -std=gnu99 		-DASUSWRT  conftest.c >&5
configure:15032: $? = 0
configure:15032: result: yes
configure:15032: checking sys/file.h presence
configure:15032: /opt/lede-toolchain-ramips-mt7621_gcc-5.4.0_musl-1.1.24.Linux-x86_64/toolchain-mipsel_24kc_gcc-5.4.0_musl-1.1.24/bin/mipsel-openwrt-linux-musl-gcc -E  conftest.c
configure:15032: $? = 0
configure:15032: result: yes
configure:15032: checking for sys/file.h
configure:15032: result: yes
configure:15032: checking sys/wait.h usability
configure:15032: /opt/lede-toolchain-ramips-mt7621_gcc-5.4.0_musl-1.1.24.Linux-x86_64/toolchain-mipsel_24kc_gcc-5.4.0_musl-1.1.24/bin/mipsel-openwrt-linux-musl-gcc -c -Os -Wall -DLINUX26 -DCONFIG_RALINK -DMUSL_LIBC -DDEBUG_NOISY -DDEBUG_RCTEST -D_GNU_SOURCE -D__UAPI_DEF_ETHHDR -DRALINK_DBDC_MODE -pipe -funit-at-a-time -Wno-pointer-sign -mtune=mips32 -mips32 -DLINUX_KERNEL_VERSION=263366 --sysroot=/opt/lede-toolchain-ramips-mt7621_gcc-5.4.0_musl-1.1.24.Linux-x86_64/toolchain-mipsel_24kc_gcc-5.4.0_musl-1.1.24  -ffunction-sections -fdata-sections -std=gnu99 		-DASUSWRT  conftest.c >&5
configure:15032: $? = 0
configure:15032: result: yes
configure:15032: checking sys/wait.h presence
configure:15032: /opt/lede-toolchain-ramips-mt7621_gcc-5.4.0_musl-1.1.24.Linux-x86_64/toolchain-mipsel_24kc_gcc-5.4.0_musl-1.1.24/bin/mipsel-openwrt-linux-musl-gcc -E  conftest.c
configure:15032: $? = 0
configure:15032: result: yes
configure:15032: checking for sys/wait.h
configure:15032: result: yes
configure:15032: checking for unistd.h
configure:15032: result: yes
configure:15032: checking for signal.h
configure:15032: result: yes
configure:15032: checking libgen.h usability
configure:15032: /opt/lede-toolchain-ramips-mt7621_gcc-5.4.0_musl-1.1.24.Linux-x86_64/toolchain-mipsel_24kc_gcc-5.4.0_musl-1.1.24/bin/mipsel-openwrt-linux-musl-gcc -c -Os -Wall -DLINUX26 -DCONFIG_RALINK -DMUSL_LIBC -DDEBUG_NOISY -DDEBUG_RCTEST -D_GNU_SOURCE -D__UAPI_DEF_ETHHDR -DRALINK_DBDC_MODE -pipe -funit-at-a-time -Wno-pointer-sign -mtune=mips32 -mips32 -DLINUX_KERNEL_VERSION=263366 --sysroot=/opt/lede-toolchain-ramips-mt7621_gcc-5.4.0_musl-1.1.24.Linux-x86_64/toolchain-mipsel_24kc_gcc-5.4.0_musl-1.1.24  -ffunction-sections -fdata-sections -std=gnu99 		-DASUSWRT  conftest.c >&5
configure:15032: $? = 0
configure:15032: result: yes
configure:15032: checking libgen.h presence
configure:15032: /opt/lede-toolchain-ramips-mt7621_gcc-5.4.0_musl-1.1.24.Linux-x86_64/toolchain-mipsel_24kc_gcc-5.4.0_musl-1.1.24/bin/mipsel-openwrt-linux-musl-gcc -E  conftest.c
configure:15032: $? = 0
configure:15032: result: yes
configure:15032: checking for libgen.h
configure:15032: result: yes
configure:15032: checking stropts.h usability
configure:15032: /opt/lede-toolchain-ramips-mt7621_gcc-5.4.0_musl-1.1.24.Linux-x86_64/toolchain-mipsel_24kc_gcc-5.4.0_musl-1.1.24/bin/mipsel-openwrt-linux-musl-gcc -c -Os -Wall -DLINUX26 -DCONFIG_RALINK -DMUSL_LIBC -DDEBUG_NOISY -DDEBUG_RCTEST -D_GNU_SOURCE -D__UAPI_DEF_ETHHDR -DRALINK_DBDC_MODE -pipe -funit-at-a-time -Wno-pointer-sign -mtune=mips32 -mips32 -DLINUX_KERNEL_VERSION=263366 --sysroot=/opt/lede-toolchain-ramips-mt7621_gcc-5.4.0_musl-1.1.24.Linux-x86_64/toolchain-mipsel_24kc_gcc-5.4.0_musl-1.1.24  -ffunction-sections -fdata-sections -std=gnu99 		-DASUSWRT  conftest.c >&5
configure:15032: $? = 0
configure:15032: result: yes
configure:15032: checking stropts.h presence
configure:15032: /opt/lede-toolchain-ramips-mt7621_gcc-5.4.0_musl-1.1.24.Linux-x86_64/toolchain-mipsel_24kc_gcc-5.4.0_musl-1.1.24/bin/mipsel-openwrt-linux-musl-gcc -E  conftest.c
configure:15032: $? = 0
configure:15032: result: yes
configure:15032: checking for stropts.h
configure:15032: result: yes
configure:15032: checking syslog.h usability
configure:15032: /opt/lede-toolchain-ramips-mt7621_gcc-5.4.0_musl-1.1.24.Linux-x86_64/toolchain-mipsel_24kc_gcc-5.4.0_musl-1.1.24/bin/mipsel-openwrt-linux-musl-gcc -c -Os -Wall -DLINUX26 -DCONFIG_RALINK -DMUSL_LIBC -DDEBUG_NOISY -DDEBUG_RCTEST -D_GNU_SOURCE -D__UAPI_DEF_ETHHDR -DRALINK_DBDC_MODE -pipe -funit-at-a-time -Wno-pointer-sign -mtune=mips32 -mips32 -DLINUX_KERNEL_VERSION=263366 --sysroot=/opt/lede-toolchain-ramips-mt7621_gcc-5.4.0_musl-1.1.24.Linux-x86_64/toolchain-mipsel_24kc_gcc-5.4.0_musl-1.1.24  -ffunction-sections -fdata-sections -std=gnu99 		-DASUSWRT  conftest.c >&5
configure:15032: $? = 0
configure:15032: result: yes
configure:15032: checking syslog.h presence
configure:15032: /opt/lede-toolchain-ramips-mt7621_gcc-5.4.0_musl-1.1.24.Linux-x86_64/toolchain-mipsel_24kc_gcc-5.4.0_musl-1.1.24/bin/mipsel-openwrt-linux-musl-gcc -E  conftest.c
configure:15032: $? = 0
configure:15032: result: yes
configure:15032: checking for syslog.h
configure:15032: result: yes
configure:15032: checking pwd.h usability
configure:15032: /opt/lede-toolchain-ramips-mt7621_gcc-5.4.0_musl-1.1.24.Linux-x86_64/toolchain-mipsel_24kc_gcc-5.4.0_musl-1.1.24/bin/mipsel-openwrt-linux-musl-gcc -c -Os -Wall -DLINUX26 -DCONFIG_RALINK -DMUSL_LIBC -DDEBUG_NOISY -DDEBUG_RCTEST -D_GNU_SOURCE -D__UAPI_DEF_ETHHDR -DRALINK_DBDC_MODE -pipe -funit-at-a-time -Wno-pointer-sign -mtune=mips32 -mips32 -DLINUX_KERNEL_VERSION=263366 --sysroot=/opt/lede-toolchain-ramips-mt7621_gcc-5.4.0_musl-1.1.24.Linux-x86_64/toolchain-mipsel_24kc_gcc-5.4.0_musl-1.1.24  -ffunction-sections -fdata-sections -std=gnu99 		-DASUSWRT  conftest.c >&5
configure:15032: $? = 0
configure:15032: result: yes
configure:15032: checking pwd.h presence
configure:15032: /opt/lede-toolchain-ramips-mt7621_gcc-5.4.0_musl-1.1.24.Linux-x86_64/toolchain-mipsel_24kc_gcc-5.4.0_musl-1.1.24/bin/mipsel-openwrt-linux-musl-gcc -E  conftest.c
configure:15032: $? = 0
configure:15032: result: yes
configure:15032: checking for pwd.h
configure:15032: result: yes
configure:15032: checking grp.h usability
configure:15032: /opt/lede-toolchain-ramips-mt7621_gcc-5.4.0_musl-1.1.24.Linux-x86_64/toolchain-mipsel_24kc_gcc-5.4.0_musl-1.1.24/bin/mipsel-openwrt-linux-musl-gcc -c -Os -Wall -DLINUX26 -DCONFIG_RALINK -DMUSL_LIBC -DDEBUG_NOISY -DDEBUG_RCTEST -D_GNU_SOURCE -D__UAPI_DEF_ETHHDR -DRALINK_DBDC_MODE -pipe -funit-at-a-time -Wno-pointer-sign -mtune=mips32 -mips32 -DLINUX_KERNEL_VERSION=263366 --sysroot=/opt/lede-toolchain-ramips-mt7621_gcc-5.4.0_musl-1.1.24.Linux-x86_64/toolchain-mipsel_24kc_gcc-5.4.0_musl-1.1.24  -ffunction-sections -fdata-sections -std=gnu99 		-DASUSWRT  conftest.c >&5
configure:15032: $? = 0
configure:15032: result: yes
configure:15032: checking grp.h presence
configure:15032: /opt/lede-toolchain-ramips-mt7621_gcc-5.4.0_musl-1.1.24.Linux-x86_64/toolchain-mipsel_24kc_gcc-5.4.0_musl-1.1.24/bin/mipsel-openwrt-linux-musl-gcc -E  conftest.c
configure:15032: $? = 0
configure:15032: result: yes
configure:15032: checking for grp.h
configure:15032: result: yes
configure:15032: checking sys/sockio.h usability
configure:15032: /opt/lede-toolchain-ramips-mt7621_gcc-5.4.0_musl-1.1.24.Linux-x86_64/toolchain-mipsel_24kc_gcc-5.4.0_musl-1.1.24/bin/mipsel-openwrt-linux-musl-gcc -c -Os -Wall -DLINUX26 -DCONFIG_RALINK -DMUSL_LIBC -DDEBUG_NOISY -DDEBUG_RCTEST -D_GNU_SOURCE -D__UAPI_DEF_ETHHDR -DRALINK_DBDC_MODE -pipe -funit-at-a-time -Wno-pointer-sign -mtune=mips32 -mips32 -DLINUX_KERNEL_VERSION=263366 --sysroot=/opt/lede-toolchain-ramips-mt7621_gcc-5.4.0_musl-1.1.24.Linux-x86_64/toolchain-mipsel_24kc_gcc-5.4.0_musl-1.1.24  -ffunction-sections -fdata-sections -std=gnu99 		-DASUSWRT  conftest.c >&5
conftest.c:108:24: fatal error: sys/sockio.h: No such file or directory
compilation terminated.
configure:15032: $? = 1
configure: failed program was:
| /* confdefs.h */
| #define PACKAGE_NAME "OpenVPN"
| #define PACKAGE_TARNAME "openvpn"
| #define PACKAGE_VERSION "2.4.12"
| #define PACKAGE_STRING "OpenVPN 2.4.12"
| #define PACKAGE_BUGREPORT "openvpn-users@lists.sourceforge.net"
| #define PACKAGE_URL ""
| #define OPENVPN_VERSION_RESOURCE 2,4,12,0
| #define OPENVPN_VERSION_MAJOR 2
| #define OPENVPN_VERSION_MINOR 4
| #define OPENVPN_VERSION_PATCH ".12"
| #define PACKAGE "openvpn"
| #define VERSION "2.4.12"
| #define STDC_HEADERS 1
| #define HAVE_SYS_TYPES_H 1
| #define HAVE_SYS_STAT_H 1
| #define HAVE_STDLIB_H 1
| #define HAVE_STRING_H 1
| #define HAVE_MEMORY_H 1
| #define HAVE_STRINGS_H 1
| #define HAVE_INTTYPES_H 1
| #define HAVE_STDINT_H 1
| #define HAVE_UNISTD_H 1
| #define __EXTENSIONS__ 1
| #define _ALL_SOURCE 1
| #define _GNU_SOURCE 1
| #define _POSIX_PTHREAD_SEMANTICS 1
| #define _TANDEM_SOURCE 1
| #define TARGET_ALIAS "mipsel-unknown-linux-gnu"
| #define TARGET_LINUX 1
| #define TARGET_PREFIX "L"
| #define IFCONFIG_PATH "/sbin/ifconfig"
| #define IPROUTE_PATH "/usr/sbin/ip"
| #define ROUTE_PATH "/sbin/route"
| #define SYSTEMD_ASK_PASSWORD_PATH ""
| #define HAVE_DLFCN_H 1
| #define LT_OBJDIR ".libs/"
| #define RETSIGTYPE void
| #define HAVE_CPP_VARARG_MACRO_ISO 1
| #define HAVE_CPP_VARARG_MACRO_GCC 1
| #define EMPTY_ARRAY_SIZE 0
| #define SIZEOF_UNSIGNED_INT 4
| #define SIZEOF_UNSIGNED_LONG 4
| #define HAVE_STDIO_H 1
| #define HAVE_STDARG_H 1
| #define HAVE_LIMITS_H 1
| #define HAVE_TIME_H 1
| #define HAVE_ERRNO_H 1
| #define HAVE_FCNTL_H 1
| #define HAVE_CTYPE_H 1
| #define HAVE_SYS_TYPES_H 1
| #define HAVE_SYS_SOCKET_H 1
| #define HAVE_SIGNAL_H 1
| #define HAVE_UNISTD_H 1
| #define HAVE_DLFCN_H 1
| #define HAVE_NETINET_IN_H 1
| #define HAVE_NETINET_IN_SYSTM_H 1
| #define HAVE_NETINET_TCP_H 1
| #define HAVE_ARPA_INET_H 1
| #define HAVE_NETDB_H 1
| #define HAVE_SYS_TIME_H 1
| #define HAVE_SYS_IOCTL_H 1
| #define HAVE_SYS_STAT_H 1
| #define HAVE_SYS_MMAN_H 1
| #define HAVE_SYS_FILE_H 1
| #define HAVE_SYS_WAIT_H 1
| #define HAVE_UNISTD_H 1
| #define HAVE_SIGNAL_H 1
| #define HAVE_LIBGEN_H 1
| #define HAVE_STROPTS_H 1
| #define HAVE_SYSLOG_H 1
| #define HAVE_PWD_H 1
| #define HAVE_GRP_H 1
| /* end confdefs.h.  */
| #include <stdio.h>
| #ifdef HAVE_SYS_TYPES_H
| # include <sys/types.h>
| #endif
| #ifdef HAVE_SYS_STAT_H
| # include <sys/stat.h>
| #endif
| #ifdef STDC_HEADERS
| # include <stdlib.h>
| # include <stddef.h>
| #else
| # ifdef HAVE_STDLIB_H
| #  include <stdlib.h>
| # endif
| #endif
| #ifdef HAVE_STRING_H
| # if !defined STDC_HEADERS && defined HAVE_MEMORY_H
| #  include <memory.h>
| # endif
| # include <string.h>
| #endif
| #ifdef HAVE_STRINGS_H
| # include <strings.h>
| #endif
| #ifdef HAVE_INTTYPES_H
| # include <inttypes.h>
| #endif
| #ifdef HAVE_STDINT_H
| # include <stdint.h>
| #endif
| #ifdef HAVE_UNISTD_H
| # include <unistd.h>
| #endif
| #include <sys/sockio.h>
configure:15032: result: no
configure:15032: checking sys/sockio.h presence
configure:15032: /opt/lede-toolchain-ramips-mt7621_gcc-5.4.0_musl-1.1.24.Linux-x86_64/toolchain-mipsel_24kc_gcc-5.4.0_musl-1.1.24/bin/mipsel-openwrt-linux-musl-gcc -E  conftest.c
conftest.c:75:24: fatal error: sys/sockio.h: No such file or directory
compilation terminated.
configure:15032: $? = 1
configure: failed program was:
| /* confdefs.h */
| #define PACKAGE_NAME "OpenVPN"
| #define PACKAGE_TARNAME "openvpn"
| #define PACKAGE_VERSION "2.4.12"
| #define PACKAGE_STRING "OpenVPN 2.4.12"
| #define PACKAGE_BUGREPORT "openvpn-users@lists.sourceforge.net"
| #define PACKAGE_URL ""
| #define OPENVPN_VERSION_RESOURCE 2,4,12,0
| #define OPENVPN_VERSION_MAJOR 2
| #define OPENVPN_VERSION_MINOR 4
| #define OPENVPN_VERSION_PATCH ".12"
| #define PACKAGE "openvpn"
| #define VERSION "2.4.12"
| #define STDC_HEADERS 1
| #define HAVE_SYS_TYPES_H 1
| #define HAVE_SYS_STAT_H 1
| #define HAVE_STDLIB_H 1
| #define HAVE_STRING_H 1
| #define HAVE_MEMORY_H 1
| #define HAVE_STRINGS_H 1
| #define HAVE_INTTYPES_H 1
| #define HAVE_STDINT_H 1
| #define HAVE_UNISTD_H 1
| #define __EXTENSIONS__ 1
| #define _ALL_SOURCE 1
| #define _GNU_SOURCE 1
| #define _POSIX_PTHREAD_SEMANTICS 1
| #define _TANDEM_SOURCE 1
| #define TARGET_ALIAS "mipsel-unknown-linux-gnu"
| #define TARGET_LINUX 1
| #define TARGET_PREFIX "L"
| #define IFCONFIG_PATH "/sbin/ifconfig"
| #define IPROUTE_PATH "/usr/sbin/ip"
| #define ROUTE_PATH "/sbin/route"
| #define SYSTEMD_ASK_PASSWORD_PATH ""
| #define HAVE_DLFCN_H 1
| #define LT_OBJDIR ".libs/"
| #define RETSIGTYPE void
| #define HAVE_CPP_VARARG_MACRO_ISO 1
| #define HAVE_CPP_VARARG_MACRO_GCC 1
| #define EMPTY_ARRAY_SIZE 0
| #define SIZEOF_UNSIGNED_INT 4
| #define SIZEOF_UNSIGNED_LONG 4
| #define HAVE_STDIO_H 1
| #define HAVE_STDARG_H 1
| #define HAVE_LIMITS_H 1
| #define HAVE_TIME_H 1
| #define HAVE_ERRNO_H 1
| #define HAVE_FCNTL_H 1
| #define HAVE_CTYPE_H 1
| #define HAVE_SYS_TYPES_H 1
| #define HAVE_SYS_SOCKET_H 1
| #define HAVE_SIGNAL_H 1
| #define HAVE_UNISTD_H 1
| #define HAVE_DLFCN_H 1
| #define HAVE_NETINET_IN_H 1
| #define HAVE_NETINET_IN_SYSTM_H 1
| #define HAVE_NETINET_TCP_H 1
| #define HAVE_ARPA_INET_H 1
| #define HAVE_NETDB_H 1
| #define HAVE_SYS_TIME_H 1
| #define HAVE_SYS_IOCTL_H 1
| #define HAVE_SYS_STAT_H 1
| #define HAVE_SYS_MMAN_H 1
| #define HAVE_SYS_FILE_H 1
| #define HAVE_SYS_WAIT_H 1
| #define HAVE_UNISTD_H 1
| #define HAVE_SIGNAL_H 1
| #define HAVE_LIBGEN_H 1
| #define HAVE_STROPTS_H 1
| #define HAVE_SYSLOG_H 1
| #define HAVE_PWD_H 1
| #define HAVE_GRP_H 1
| /* end confdefs.h.  */
| #include <sys/sockio.h>
configure:15032: result: no
configure:15032: checking for sys/sockio.h
configure:15032: result: no
configure:15032: checking sys/uio.h usability
configure:15032: /opt/lede-toolchain-ramips-mt7621_gcc-5.4.0_musl-1.1.24.Linux-x86_64/toolchain-mipsel_24kc_gcc-5.4.0_musl-1.1.24/bin/mipsel-openwrt-linux-musl-gcc -c -Os -Wall -DLINUX26 -DCONFIG_RALINK -DMUSL_LIBC -DDEBUG_NOISY -DDEBUG_RCTEST -D_GNU_SOURCE -D__UAPI_DEF_ETHHDR -DRALINK_DBDC_MODE -pipe -funit-at-a-time -Wno-pointer-sign -mtune=mips32 -mips32 -DLINUX_KERNEL_VERSION=263366 --sysroot=/opt/lede-toolchain-ramips-mt7621_gcc-5.4.0_musl-1.1.24.Linux-x86_64/toolchain-mipsel_24kc_gcc-5.4.0_musl-1.1.24  -ffunction-sections -fdata-sections -std=gnu99 		-DASUSWRT  conftest.c >&5
configure:15032: $? = 0
configure:15032: result: yes
configure:15032: checking sys/uio.h presence
configure:15032: /opt/lede-toolchain-ramips-mt7621_gcc-5.4.0_musl-1.1.24.Linux-x86_64/toolchain-mipsel_24kc_gcc-5.4.0_musl-1.1.24/bin/mipsel-openwrt-linux-musl-gcc -E  conftest.c
configure:15032: $? = 0
configure:15032: result: yes
configure:15032: checking for sys/uio.h
configure:15032: result: yes
configure:15032: checking linux/sockios.h usability
configure:15032: /opt/lede-toolchain-ramips-mt7621_gcc-5.4.0_musl-1.1.24.Linux-x86_64/toolchain-mipsel_24kc_gcc-5.4.0_musl-1.1.24/bin/mipsel-openwrt-linux-musl-gcc -c -Os -Wall -DLINUX26 -DCONFIG_RALINK -DMUSL_LIBC -DDEBUG_NOISY -DDEBUG_RCTEST -D_GNU_SOURCE -D__UAPI_DEF_ETHHDR -DRALINK_DBDC_MODE -pipe -funit-at-a-time -Wno-pointer-sign -mtune=mips32 -mips32 -DLINUX_KERNEL_VERSION=263366 --sysroot=/opt/lede-toolchain-ramips-mt7621_gcc-5.4.0_musl-1.1.24.Linux-x86_64/toolchain-mipsel_24kc_gcc-5.4.0_musl-1.1.24  -ffunction-sections -fdata-sections -std=gnu99 		-DASUSWRT  conftest.c >&5
configure:15032: $? = 0
configure:15032: result: yes
configure:15032: checking linux/sockios.h presence
configure:15032: /opt/lede-toolchain-ramips-mt7621_gcc-5.4.0_musl-1.1.24.Linux-x86_64/toolchain-mipsel_24kc_gcc-5.4.0_musl-1.1.24/bin/mipsel-openwrt-linux-musl-gcc -E  conftest.c
configure:15032: $? = 0
configure:15032: result: yes
configure:15032: checking for linux/sockios.h
configure:15032: result: yes
configure:15032: checking linux/types.h usability
configure:15032: /opt/lede-toolchain-ramips-mt7621_gcc-5.4.0_musl-1.1.24.Linux-x86_64/toolchain-mipsel_24kc_gcc-5.4.0_musl-1.1.24/bin/mipsel-openwrt-linux-musl-gcc -c -Os -Wall -DLINUX26 -DCONFIG_RALINK -DMUSL_LIBC -DDEBUG_NOISY -DDEBUG_RCTEST -D_GNU_SOURCE -D__UAPI_DEF_ETHHDR -DRALINK_DBDC_MODE -pipe -funit-at-a-time -Wno-pointer-sign -mtune=mips32 -mips32 -DLINUX_KERNEL_VERSION=263366 --sysroot=/opt/lede-toolchain-ramips-mt7621_gcc-5.4.0_musl-1.1.24.Linux-x86_64/toolchain-mipsel_24kc_gcc-5.4.0_musl-1.1.24  -ffunction-sections -fdata-sections -std=gnu99 		-DASUSWRT  conftest.c >&5
configure:15032: $? = 0
configure:15032: result: yes
configure:15032: checking linux/types.h presence
configure:15032: /opt/lede-toolchain-ramips-mt7621_gcc-5.4.0_musl-1.1.24.Linux-x86_64/toolchain-mipsel_24kc_gcc-5.4.0_musl-1.1.24/bin/mipsel-openwrt-linux-musl-gcc -E  conftest.c
configure:15032: $? = 0
configure:15032: result: yes
configure:15032: checking for linux/types.h
configure:15032: result: yes
configure:15032: checking linux/errqueue.h usability
configure:15032: /opt/lede-toolchain-ramips-mt7621_gcc-5.4.0_musl-1.1.24.Linux-x86_64/toolchain-mipsel_24kc_gcc-5.4.0_musl-1.1.24/bin/mipsel-openwrt-linux-musl-gcc -c -Os -Wall -DLINUX26 -DCONFIG_RALINK -DMUSL_LIBC -DDEBUG_NOISY -DDEBUG_RCTEST -D_GNU_SOURCE -D__UAPI_DEF_ETHHDR -DRALINK_DBDC_MODE -pipe -funit-at-a-time -Wno-pointer-sign -mtune=mips32 -mips32 -DLINUX_KERNEL_VERSION=263366 --sysroot=/opt/lede-toolchain-ramips-mt7621_gcc-5.4.0_musl-1.1.24.Linux-x86_64/toolchain-mipsel_24kc_gcc-5.4.0_musl-1.1.24  -ffunction-sections -fdata-sections -std=gnu99 		-DASUSWRT  conftest.c >&5
configure:15032: $? = 0
configure:15032: result: yes
configure:15032: checking linux/errqueue.h presence
configure:15032: /opt/lede-toolchain-ramips-mt7621_gcc-5.4.0_musl-1.1.24.Linux-x86_64/toolchain-mipsel_24kc_gcc-5.4.0_musl-1.1.24/bin/mipsel-openwrt-linux-musl-gcc -E  conftest.c
configure:15032: $? = 0
configure:15032: result: yes
configure:15032: checking for linux/errqueue.h
configure:15032: result: yes
configure:15032: checking sys/poll.h usability
configure:15032: /opt/lede-toolchain-ramips-mt7621_gcc-5.4.0_musl-1.1.24.Linux-x86_64/toolchain-mipsel_24kc_gcc-5.4.0_musl-1.1.24/bin/mipsel-openwrt-linux-musl-gcc -c -Os -Wall -DLINUX26 -DCONFIG_RALINK -DMUSL_LIBC -DDEBUG_NOISY -DDEBUG_RCTEST -D_GNU_SOURCE -D__UAPI_DEF_ETHHDR -DRALINK_DBDC_MODE -pipe -funit-at-a-time -Wno-pointer-sign -mtune=mips32 -mips32 -DLINUX_KERNEL_VERSION=263366 --sysroot=/opt/lede-toolchain-ramips-mt7621_gcc-5.4.0_musl-1.1.24.Linux-x86_64/toolchain-mipsel_24kc_gcc-5.4.0_musl-1.1.24  -ffunction-sections -fdata-sections -std=gnu99 		-DASUSWRT  conftest.c >&5
In file included from conftest.c:112:0:
/opt/lede-toolchain-ramips-mt7621_gcc-5.4.0_musl-1.1.24.Linux-x86_64/toolchain-mipsel_24kc_gcc-5.4.0_musl-1.1.24/include/sys/poll.h:1:2: warning: #warning redirecting incorrect #include <sys/poll.h> to <poll.h> [-Wcpp]
 #warning redirecting incorrect #include <sys/poll.h> to <poll.h>
  ^
configure:15032: $? = 0
configure:15032: result: yes
configure:15032: checking sys/poll.h presence
configure:15032: /opt/lede-toolchain-ramips-mt7621_gcc-5.4.0_musl-1.1.24.Linux-x86_64/toolchain-mipsel_24kc_gcc-5.4.0_musl-1.1.24/bin/mipsel-openwrt-linux-musl-gcc -E  conftest.c
In file included from conftest.c:79:0:
/opt/lede-toolchain-ramips-mt7621_gcc-5.4.0_musl-1.1.24.Linux-x86_64/toolchain-mipsel_24kc_gcc-5.4.0_musl-1.1.24/include/sys/poll.h:1:2: warning: #warning redirecting incorrect #include <sys/poll.h> to <poll.h> [-Wcpp]
 #warning redirecting incorrect #include <sys/poll.h> to <poll.h>
  ^
configure:15032: $? = 0
configure:15032: result: yes
configure:15032: checking for sys/poll.h
configure:15032: result: yes
configure:15032: checking sys/epoll.h usability
configure:15032: /opt/lede-toolchain-ramips-mt7621_gcc-5.4.0_musl-1.1.24.Linux-x86_64/toolchain-mipsel_24kc_gcc-5.4.0_musl-1.1.24/bin/mipsel-openwrt-linux-musl-gcc -c -Os -Wall -DLINUX26 -DCONFIG_RALINK -DMUSL_LIBC -DDEBUG_NOISY -DDEBUG_RCTEST -D_GNU_SOURCE -D__UAPI_DEF_ETHHDR -DRALINK_DBDC_MODE -pipe -funit-at-a-time -Wno-pointer-sign -mtune=mips32 -mips32 -DLINUX_KERNEL_VERSION=263366 --sysroot=/opt/lede-toolchain-ramips-mt7621_gcc-5.4.0_musl-1.1.24.Linux-x86_64/toolchain-mipsel_24kc_gcc-5.4.0_musl-1.1.24  -ffunction-sections -fdata-sections -std=gnu99 		-DASUSWRT  conftest.c >&5
configure:15032: $? = 0
configure:15032: result: yes
configure:15032: checking sys/epoll.h presence
configure:15032: /opt/lede-toolchain-ramips-mt7621_gcc-5.4.0_musl-1.1.24.Linux-x86_64/toolchain-mipsel_24kc_gcc-5.4.0_musl-1.1.24/bin/mipsel-openwrt-linux-musl-gcc -E  conftest.c
configure:15032: $? = 0
configure:15032: result: yes
configure:15032: checking for sys/epoll.h
configure:15032: result: yes
configure:15032: checking err.h usability
configure:15032: /opt/lede-toolchain-ramips-mt7621_gcc-5.4.0_musl-1.1.24.Linux-x86_64/toolchain-mipsel_24kc_gcc-5.4.0_musl-1.1.24/bin/mipsel-openwrt-linux-musl-gcc -c -Os -Wall -DLINUX26 -DCONFIG_RALINK -DMUSL_LIBC -DDEBUG_NOISY -DDEBUG_RCTEST -D_GNU_SOURCE -D__UAPI_DEF_ETHHDR -DRALINK_DBDC_MODE -pipe -funit-at-a-time -Wno-pointer-sign -mtune=mips32 -mips32 -DLINUX_KERNEL_VERSION=263366 --sysroot=/opt/lede-toolchain-ramips-mt7621_gcc-5.4.0_musl-1.1.24.Linux-x86_64/toolchain-mipsel_24kc_gcc-5.4.0_musl-1.1.24  -ffunction-sections -fdata-sections -std=gnu99 		-DASUSWRT  conftest.c >&5
configure:15032: $? = 0
configure:15032: result: yes
configure:15032: checking err.h presence
configure:15032: /opt/lede-toolchain-ramips-mt7621_gcc-5.4.0_musl-1.1.24.Linux-x86_64/toolchain-mipsel_24kc_gcc-5.4.0_musl-1.1.24/bin/mipsel-openwrt-linux-musl-gcc -E  conftest.c
configure:15032: $? = 0
configure:15032: result: yes
configure:15032: checking for err.h
configure:15032: result: yes
configure:15079: checking for net/if.h
configure:15079: /opt/lede-toolchain-ramips-mt7621_gcc-5.4.0_musl-1.1.24.Linux-x86_64/toolchain-mipsel_24kc_gcc-5.4.0_musl-1.1.24/bin/mipsel-openwrt-linux-musl-gcc -c -Os -Wall -DLINUX26 -DCONFIG_RALINK -DMUSL_LIBC -DDEBUG_NOISY -DDEBUG_RCTEST -D_GNU_SOURCE -D__UAPI_DEF_ETHHDR -DRALINK_DBDC_MODE -pipe -funit-at-a-time -Wno-pointer-sign -mtune=mips32 -mips32 -DLINUX_KERNEL_VERSION=263366 --sysroot=/opt/lede-toolchain-ramips-mt7621_gcc-5.4.0_musl-1.1.24.Linux-x86_64/toolchain-mipsel_24kc_gcc-5.4.0_musl-1.1.24  -ffunction-sections -fdata-sections -std=gnu99 		-DASUSWRT  conftest.c >&5
configure:15079: $? = 0
configure:15079: result: yes
configure:15079: checking for netinet/ip.h
configure:15079: /opt/lede-toolchain-ramips-mt7621_gcc-5.4.0_musl-1.1.24.Linux-x86_64/toolchain-mipsel_24kc_gcc-5.4.0_musl-1.1.24/bin/mipsel-openwrt-linux-musl-gcc -c -Os -Wall -DLINUX26 -DCONFIG_RALINK -DMUSL_LIBC -DDEBUG_NOISY -DDEBUG_RCTEST -D_GNU_SOURCE -D__UAPI_DEF_ETHHDR -DRALINK_DBDC_MODE -pipe -funit-at-a-time -Wno-pointer-sign -mtune=mips32 -mips32 -DLINUX_KERNEL_VERSION=263366 --sysroot=/opt/lede-toolchain-ramips-mt7621_gcc-5.4.0_musl-1.1.24.Linux-x86_64/toolchain-mipsel_24kc_gcc-5.4.0_musl-1.1.24  -ffunction-sections -fdata-sections -std=gnu99 		-DASUSWRT  conftest.c >&5
configure:15079: $? = 0
configure:15079: result: yes
configure:15079: checking for resolv.h
configure:15079: /opt/lede-toolchain-ramips-mt7621_gcc-5.4.0_musl-1.1.24.Linux-x86_64/toolchain-mipsel_24kc_gcc-5.4.0_musl-1.1.24/bin/mipsel-openwrt-linux-musl-gcc -c -Os -Wall -DLINUX26 -DCONFIG_RALINK -DMUSL_LIBC -DDEBUG_NOISY -DDEBUG_RCTEST -D_GNU_SOURCE -D__UAPI_DEF_ETHHDR -DRALINK_DBDC_MODE -pipe -funit-at-a-time -Wno-pointer-sign -mtune=mips32 -mips32 -DLINUX_KERNEL_VERSION=263366 --sysroot=/opt/lede-toolchain-ramips-mt7621_gcc-5.4.0_musl-1.1.24.Linux-x86_64/toolchain-mipsel_24kc_gcc-5.4.0_musl-1.1.24  -ffunction-sections -fdata-sections -std=gnu99 		-DASUSWRT  conftest.c >&5
configure:15079: $? = 0
configure:15079: result: yes
configure:15079: checking for sys/un.h
configure:15079: /opt/lede-toolchain-ramips-mt7621_gcc-5.4.0_musl-1.1.24.Linux-x86_64/toolchain-mipsel_24kc_gcc-5.4.0_musl-1.1.24/bin/mipsel-openwrt-linux-musl-gcc -c -Os -Wall -DLINUX26 -DCONFIG_RALINK -DMUSL_LIBC -DDEBUG_NOISY -DDEBUG_RCTEST -D_GNU_SOURCE -D__UAPI_DEF_ETHHDR -DRALINK_DBDC_MODE -pipe -funit-at-a-time -Wno-pointer-sign -mtune=mips32 -mips32 -DLINUX_KERNEL_VERSION=263366 --sysroot=/opt/lede-toolchain-ramips-mt7621_gcc-5.4.0_musl-1.1.24.Linux-x86_64/toolchain-mipsel_24kc_gcc-5.4.0_musl-1.1.24  -ffunction-sections -fdata-sections -std=gnu99 		-DASUSWRT  conftest.c >&5
configure:15079: $? = 0
configure:15079: result: yes
configure:15079: checking for net/if_utun.h
configure:15079: /opt/lede-toolchain-ramips-mt7621_gcc-5.4.0_musl-1.1.24.Linux-x86_64/toolchain-mipsel_24kc_gcc-5.4.0_musl-1.1.24/bin/mipsel-openwrt-linux-musl-gcc -c -Os -Wall -DLINUX26 -DCONFIG_RALINK -DMUSL_LIBC -DDEBUG_NOISY -DDEBUG_RCTEST -D_GNU_SOURCE -D__UAPI_DEF_ETHHDR -DRALINK_DBDC_MODE -pipe -funit-at-a-time -Wno-pointer-sign -mtune=mips32 -mips32 -DLINUX_KERNEL_VERSION=263366 --sysroot=/opt/lede-toolchain-ramips-mt7621_gcc-5.4.0_musl-1.1.24.Linux-x86_64/toolchain-mipsel_24kc_gcc-5.4.0_musl-1.1.24  -ffunction-sections -fdata-sections -std=gnu99 		-DASUSWRT  conftest.c >&5
conftest.c:120:25: fatal error: net/if_utun.h: No such file or directory
compilation terminated.
configure:15079: $? = 1
configure: failed program was:
| /* confdefs.h */
| #define PACKAGE_NAME "OpenVPN"
| #define PACKAGE_TARNAME "openvpn"
| #define PACKAGE_VERSION "2.4.12"
| #define PACKAGE_STRING "OpenVPN 2.4.12"
| #define PACKAGE_BUGREPORT "openvpn-users@lists.sourceforge.net"
| #define PACKAGE_URL ""
| #define OPENVPN_VERSION_RESOURCE 2,4,12,0
| #define OPENVPN_VERSION_MAJOR 2
| #define OPENVPN_VERSION_MINOR 4
| #define OPENVPN_VERSION_PATCH ".12"
| #define PACKAGE "openvpn"
| #define VERSION "2.4.12"
| #define STDC_HEADERS 1
| #define HAVE_SYS_TYPES_H 1
| #define HAVE_SYS_STAT_H 1
| #define HAVE_STDLIB_H 1
| #define HAVE_STRING_H 1
| #define HAVE_MEMORY_H 1
| #define HAVE_STRINGS_H 1
| #define HAVE_INTTYPES_H 1
| #define HAVE_STDINT_H 1
| #define HAVE_UNISTD_H 1
| #define __EXTENSIONS__ 1
| #define _ALL_SOURCE 1
| #define _GNU_SOURCE 1
| #define _POSIX_PTHREAD_SEMANTICS 1
| #define _TANDEM_SOURCE 1
| #define TARGET_ALIAS "mipsel-unknown-linux-gnu"
| #define TARGET_LINUX 1
| #define TARGET_PREFIX "L"
| #define IFCONFIG_PATH "/sbin/ifconfig"
| #define IPROUTE_PATH "/usr/sbin/ip"
| #define ROUTE_PATH "/sbin/route"
| #define SYSTEMD_ASK_PASSWORD_PATH ""
| #define HAVE_DLFCN_H 1
| #define LT_OBJDIR ".libs/"
| #define RETSIGTYPE void
| #define HAVE_CPP_VARARG_MACRO_ISO 1
| #define HAVE_CPP_VARARG_MACRO_GCC 1
| #define EMPTY_ARRAY_SIZE 0
| #define SIZEOF_UNSIGNED_INT 4
| #define SIZEOF_UNSIGNED_LONG 4
| #define HAVE_STDIO_H 1
| #define HAVE_STDARG_H 1
| #define HAVE_LIMITS_H 1
| #define HAVE_TIME_H 1
| #define HAVE_ERRNO_H 1
| #define HAVE_FCNTL_H 1
| #define HAVE_CTYPE_H 1
| #define HAVE_SYS_TYPES_H 1
| #define HAVE_SYS_SOCKET_H 1
| #define HAVE_SIGNAL_H 1
| #define HAVE_UNISTD_H 1
| #define HAVE_DLFCN_H 1
| #define HAVE_NETINET_IN_H 1
| #define HAVE_NETINET_IN_SYSTM_H 1
| #define HAVE_NETINET_TCP_H 1
| #define HAVE_ARPA_INET_H 1
| #define HAVE_NETDB_H 1
| #define HAVE_SYS_TIME_H 1
| #define HAVE_SYS_IOCTL_H 1
| #define HAVE_SYS_STAT_H 1
| #define HAVE_SYS_MMAN_H 1
| #define HAVE_SYS_FILE_H 1
| #define HAVE_SYS_WAIT_H 1
| #define HAVE_UNISTD_H 1
| #define HAVE_SIGNAL_H 1
| #define HAVE_LIBGEN_H 1
| #define HAVE_STROPTS_H 1
| #define HAVE_SYSLOG_H 1
| #define HAVE_PWD_H 1
| #define HAVE_GRP_H 1
| #define HAVE_SYS_UIO_H 1
| #define HAVE_LINUX_SOCKIOS_H 1
| #define HAVE_LINUX_TYPES_H 1
| #define HAVE_LINUX_ERRQUEUE_H 1
| #define HAVE_SYS_POLL_H 1
| #define HAVE_SYS_EPOLL_H 1
| #define HAVE_ERR_H 1
| #define HAVE_NET_IF_H 1
| #define HAVE_NETINET_IP_H 1
| #define HAVE_RESOLV_H 1
| #define HAVE_SYS_UN_H 1
| /* end confdefs.h.  */
| 
| #ifdef HAVE_STDLIB_H
| #include <stdlib.h>
| #endif
| #ifdef HAVE_SYS_TYPES_H
| #include <sys/types.h>
| #endif
| #ifdef HAVE_SYS_SOCKET_H
| #include <sys/socket.h>
| #endif
| #ifdef HAVE_NET_IF_H
| #include <net/if.h>
| #endif
| #ifdef HAVE_NETINET_IN_H
| #include <netinet/in.h>
| #endif
| #ifdef HAVE_WINDOWS_H
| #include <windows.h>
| #endif
| #ifdef HAVE_WINSOCK2_H
| #include <winsock2.h>
| #endif
| #ifdef HAVE_WS2TCPIP_H
| #include <ws2tcpip.h>
| #endif
| #ifdef HAVE_NETINET_IN_SYSTM_H
| #include <netinet/in_systm.h>
| #endif
| #ifdef HAVE_NETINET_IP_H
| #include <netinet/ip.h>
| #endif
| 
| 
| 
| #include <net/if_utun.h>
configure:15079: result: no
configure:15079: checking for sys/kern_control.h
configure:15079: /opt/lede-toolchain-ramips-mt7621_gcc-5.4.0_musl-1.1.24.Linux-x86_64/toolchain-mipsel_24kc_gcc-5.4.0_musl-1.1.24/bin/mipsel-openwrt-linux-musl-gcc -c -Os -Wall -DLINUX26 -DCONFIG_RALINK -DMUSL_LIBC -DDEBUG_NOISY -DDEBUG_RCTEST -D_GNU_SOURCE -D__UAPI_DEF_ETHHDR -DRALINK_DBDC_MODE -pipe -funit-at-a-time -Wno-pointer-sign -mtune=mips32 -mips32 -DLINUX_KERNEL_VERSION=263366 --sysroot=/opt/lede-toolchain-ramips-mt7621_gcc-5.4.0_musl-1.1.24.Linux-x86_64/toolchain-mipsel_24kc_gcc-5.4.0_musl-1.1.24  -ffunction-sections -fdata-sections -std=gnu99 		-DASUSWRT  conftest.c >&5
conftest.c:120:30: fatal error: sys/kern_control.h: No such file or directory
compilation terminated.
configure:15079: $? = 1
configure: failed program was:
| /* confdefs.h */
| #define PACKAGE_NAME "OpenVPN"
| #define PACKAGE_TARNAME "openvpn"
| #define PACKAGE_VERSION "2.4.12"
| #define PACKAGE_STRING "OpenVPN 2.4.12"
| #define PACKAGE_BUGREPORT "openvpn-users@lists.sourceforge.net"
| #define PACKAGE_URL ""
| #define OPENVPN_VERSION_RESOURCE 2,4,12,0
| #define OPENVPN_VERSION_MAJOR 2
| #define OPENVPN_VERSION_MINOR 4
| #define OPENVPN_VERSION_PATCH ".12"
| #define PACKAGE "openvpn"
| #define VERSION "2.4.12"
| #define STDC_HEADERS 1
| #define HAVE_SYS_TYPES_H 1
| #define HAVE_SYS_STAT_H 1
| #define HAVE_STDLIB_H 1
| #define HAVE_STRING_H 1
| #define HAVE_MEMORY_H 1
| #define HAVE_STRINGS_H 1
| #define HAVE_INTTYPES_H 1
| #define HAVE_STDINT_H 1
| #define HAVE_UNISTD_H 1
| #define __EXTENSIONS__ 1
| #define _ALL_SOURCE 1
| #define _GNU_SOURCE 1
| #define _POSIX_PTHREAD_SEMANTICS 1
| #define _TANDEM_SOURCE 1
| #define TARGET_ALIAS "mipsel-unknown-linux-gnu"
| #define TARGET_LINUX 1
| #define TARGET_PREFIX "L"
| #define IFCONFIG_PATH "/sbin/ifconfig"
| #define IPROUTE_PATH "/usr/sbin/ip"
| #define ROUTE_PATH "/sbin/route"
| #define SYSTEMD_ASK_PASSWORD_PATH ""
| #define HAVE_DLFCN_H 1
| #define LT_OBJDIR ".libs/"
| #define RETSIGTYPE void
| #define HAVE_CPP_VARARG_MACRO_ISO 1
| #define HAVE_CPP_VARARG_MACRO_GCC 1
| #define EMPTY_ARRAY_SIZE 0
| #define SIZEOF_UNSIGNED_INT 4
| #define SIZEOF_UNSIGNED_LONG 4
| #define HAVE_STDIO_H 1
| #define HAVE_STDARG_H 1
| #define HAVE_LIMITS_H 1
| #define HAVE_TIME_H 1
| #define HAVE_ERRNO_H 1
| #define HAVE_FCNTL_H 1
| #define HAVE_CTYPE_H 1
| #define HAVE_SYS_TYPES_H 1
| #define HAVE_SYS_SOCKET_H 1
| #define HAVE_SIGNAL_H 1
| #define HAVE_UNISTD_H 1
| #define HAVE_DLFCN_H 1
| #define HAVE_NETINET_IN_H 1
| #define HAVE_NETINET_IN_SYSTM_H 1
| #define HAVE_NETINET_TCP_H 1
| #define HAVE_ARPA_INET_H 1
| #define HAVE_NETDB_H 1
| #define HAVE_SYS_TIME_H 1
| #define HAVE_SYS_IOCTL_H 1
| #define HAVE_SYS_STAT_H 1
| #define HAVE_SYS_MMAN_H 1
| #define HAVE_SYS_FILE_H 1
| #define HAVE_SYS_WAIT_H 1
| #define HAVE_UNISTD_H 1
| #define HAVE_SIGNAL_H 1
| #define HAVE_LIBGEN_H 1
| #define HAVE_STROPTS_H 1
| #define HAVE_SYSLOG_H 1
| #define HAVE_PWD_H 1
| #define HAVE_GRP_H 1
| #define HAVE_SYS_UIO_H 1
| #define HAVE_LINUX_SOCKIOS_H 1
| #define HAVE_LINUX_TYPES_H 1
| #define HAVE_LINUX_ERRQUEUE_H 1
| #define HAVE_SYS_POLL_H 1
| #define HAVE_SYS_EPOLL_H 1
| #define HAVE_ERR_H 1
| #define HAVE_NET_IF_H 1
| #define HAVE_NETINET_IP_H 1
| #define HAVE_RESOLV_H 1
| #define HAVE_SYS_UN_H 1
| /* end confdefs.h.  */
| 
| #ifdef HAVE_STDLIB_H
| #include <stdlib.h>
| #endif
| #ifdef HAVE_SYS_TYPES_H
| #include <sys/types.h>
| #endif
| #ifdef HAVE_SYS_SOCKET_H
| #include <sys/socket.h>
| #endif
| #ifdef HAVE_NET_IF_H
| #include <net/if.h>
| #endif
| #ifdef HAVE_NETINET_IN_H
| #include <netinet/in.h>
| #endif
| #ifdef HAVE_WINDOWS_H
| #include <windows.h>
| #endif
| #ifdef HAVE_WINSOCK2_H
| #include <winsock2.h>
| #endif
| #ifdef HAVE_WS2TCPIP_H
| #include <ws2tcpip.h>
| #endif
| #ifdef HAVE_NETINET_IN_SYSTM_H
| #include <netinet/in_systm.h>
| #endif
| #ifdef HAVE_NETINET_IP_H
| #include <netinet/ip.h>
| #endif
| 
| 
| 
| #include <sys/kern_control.h>
configure:15079: result: no
configure:15092: checking for in_addr_t
configure:15092: /opt/lede-toolchain-ramips-mt7621_gcc-5.4.0_musl-1.1.24.Linux-x86_64/toolchain-mipsel_24kc_gcc-5.4.0_musl-1.1.24/bin/mipsel-openwrt-linux-musl-gcc -c -Os -Wall -DLINUX26 -DCONFIG_RALINK -DMUSL_LIBC -DDEBUG_NOISY -DDEBUG_RCTEST -D_GNU_SOURCE -D__UAPI_DEF_ETHHDR -DRALINK_DBDC_MODE -pipe -funit-at-a-time -Wno-pointer-sign -mtune=mips32 -mips32 -DLINUX_KERNEL_VERSION=263366 --sysroot=/opt/lede-toolchain-ramips-mt7621_gcc-5.4.0_musl-1.1.24.Linux-x86_64/toolchain-mipsel_24kc_gcc-5.4.0_musl-1.1.24  -ffunction-sections -fdata-sections -std=gnu99 		-DASUSWRT  conftest.c >&5
configure:15092: $? = 0
configure:15092: /opt/lede-toolchain-ramips-mt7621_gcc-5.4.0_musl-1.1.24.Linux-x86_64/toolchain-mipsel_24kc_gcc-5.4.0_musl-1.1.24/bin/mipsel-openwrt-linux-musl-gcc -c -Os -Wall -DLINUX26 -DCONFIG_RALINK -DMUSL_LIBC -DDEBUG_NOISY -DDEBUG_RCTEST -D_GNU_SOURCE -D__UAPI_DEF_ETHHDR -DRALINK_DBDC_MODE -pipe -funit-at-a-time -Wno-pointer-sign -mtune=mips32 -mips32 -DLINUX_KERNEL_VERSION=263366 --sysroot=/opt/lede-toolchain-ramips-mt7621_gcc-5.4.0_musl-1.1.24.Linux-x86_64/toolchain-mipsel_24kc_gcc-5.4.0_musl-1.1.24  -ffunction-sections -fdata-sections -std=gnu99 		-DASUSWRT  conftest.c >&5
conftest.c: In function 'main':
conftest.c:123:24: error: expected expression before ')' token
 if (sizeof ((in_addr_t)))
                        ^
configure:15092: $? = 1
configure: failed program was:
| /* confdefs.h */
| #define PACKAGE_NAME "OpenVPN"
| #define PACKAGE_TARNAME "openvpn"
| #define PACKAGE_VERSION "2.4.12"
| #define PACKAGE_STRING "OpenVPN 2.4.12"
| #define PACKAGE_BUGREPORT "openvpn-users@lists.sourceforge.net"
| #define PACKAGE_URL ""
| #define OPENVPN_VERSION_RESOURCE 2,4,12,0
| #define OPENVPN_VERSION_MAJOR 2
| #define OPENVPN_VERSION_MINOR 4
| #define OPENVPN_VERSION_PATCH ".12"
| #define PACKAGE "openvpn"
| #define VERSION "2.4.12"
| #define STDC_HEADERS 1
| #define HAVE_SYS_TYPES_H 1
| #define HAVE_SYS_STAT_H 1
| #define HAVE_STDLIB_H 1
| #define HAVE_STRING_H 1
| #define HAVE_MEMORY_H 1
| #define HAVE_STRINGS_H 1
| #define HAVE_INTTYPES_H 1
| #define HAVE_STDINT_H 1
| #define HAVE_UNISTD_H 1
| #define __EXTENSIONS__ 1
| #define _ALL_SOURCE 1
| #define _GNU_SOURCE 1
| #define _POSIX_PTHREAD_SEMANTICS 1
| #define _TANDEM_SOURCE 1
| #define TARGET_ALIAS "mipsel-unknown-linux-gnu"
| #define TARGET_LINUX 1
| #define TARGET_PREFIX "L"
| #define IFCONFIG_PATH "/sbin/ifconfig"
| #define IPROUTE_PATH "/usr/sbin/ip"
| #define ROUTE_PATH "/sbin/route"
| #define SYSTEMD_ASK_PASSWORD_PATH ""
| #define HAVE_DLFCN_H 1
| #define LT_OBJDIR ".libs/"
| #define RETSIGTYPE void
| #define HAVE_CPP_VARARG_MACRO_ISO 1
| #define HAVE_CPP_VARARG_MACRO_GCC 1
| #define EMPTY_ARRAY_SIZE 0
| #define SIZEOF_UNSIGNED_INT 4
| #define SIZEOF_UNSIGNED_LONG 4
| #define HAVE_STDIO_H 1
| #define HAVE_STDARG_H 1
| #define HAVE_LIMITS_H 1
| #define HAVE_TIME_H 1
| #define HAVE_ERRNO_H 1
| #define HAVE_FCNTL_H 1
| #define HAVE_CTYPE_H 1
| #define HAVE_SYS_TYPES_H 1
| #define HAVE_SYS_SOCKET_H 1
| #define HAVE_SIGNAL_H 1
| #define HAVE_UNISTD_H 1
| #define HAVE_DLFCN_H 1
| #define HAVE_NETINET_IN_H 1
| #define HAVE_NETINET_IN_SYSTM_H 1
| #define HAVE_NETINET_TCP_H 1
| #define HAVE_ARPA_INET_H 1
| #define HAVE_NETDB_H 1
| #define HAVE_SYS_TIME_H 1
| #define HAVE_SYS_IOCTL_H 1
| #define HAVE_SYS_STAT_H 1
| #define HAVE_SYS_MMAN_H 1
| #define HAVE_SYS_FILE_H 1
| #define HAVE_SYS_WAIT_H 1
| #define HAVE_UNISTD_H 1
| #define HAVE_SIGNAL_H 1
| #define HAVE_LIBGEN_H 1
| #define HAVE_STROPTS_H 1
| #define HAVE_SYSLOG_H 1
| #define HAVE_PWD_H 1
| #define HAVE_GRP_H 1
| #define HAVE_SYS_UIO_H 1
| #define HAVE_LINUX_SOCKIOS_H 1
| #define HAVE_LINUX_TYPES_H 1
| #define HAVE_LINUX_ERRQUEUE_H 1
| #define HAVE_SYS_POLL_H 1
| #define HAVE_SYS_EPOLL_H 1
| #define HAVE_ERR_H 1
| #define HAVE_NET_IF_H 1
| #define HAVE_NETINET_IP_H 1
| #define HAVE_RESOLV_H 1
| #define HAVE_SYS_UN_H 1
| /* end confdefs.h.  */
| 
| #ifdef HAVE_STDLIB_H
| #include <stdlib.h>
| #endif
| #ifdef HAVE_SYS_TYPES_H
| #include <sys/types.h>
| #endif
| #ifdef HAVE_SYS_SOCKET_H
| #include <sys/socket.h>
| #endif
| #ifdef HAVE_NET_IF_H
| #include <net/if.h>
| #endif
| #ifdef HAVE_NETINET_IN_H
| #include <netinet/in.h>
| #endif
| #ifdef HAVE_WINDOWS_H
| #include <windows.h>
| #endif
| #ifdef HAVE_WINSOCK2_H
| #include <winsock2.h>
| #endif
| #ifdef HAVE_WS2TCPIP_H
| #include <ws2tcpip.h>
| #endif
| #ifdef HAVE_NETINET_IN_SYSTM_H
| #include <netinet/in_systm.h>
| #endif
| #ifdef HAVE_NETINET_IP_H
| #include <netinet/ip.h>
| #endif
| 
| 
| 
| int
| main ()
| {
| if (sizeof ((in_addr_t)))
| 	    return 0;
|   ;
|   return 0;
| }
configure:15092: result: yes
configure:15108: checking for in_port_t
configure:15108: /opt/lede-toolchain-ramips-mt7621_gcc-5.4.0_musl-1.1.24.Linux-x86_64/toolchain-mipsel_24kc_gcc-5.4.0_musl-1.1.24/bin/mipsel-openwrt-linux-musl-gcc -c -Os -Wall -DLINUX26 -DCONFIG_RALINK -DMUSL_LIBC -DDEBUG_NOISY -DDEBUG_RCTEST -D_GNU_SOURCE -D__UAPI_DEF_ETHHDR -DRALINK_DBDC_MODE -pipe -funit-at-a-time -Wno-pointer-sign -mtune=mips32 -mips32 -DLINUX_KERNEL_VERSION=263366 --sysroot=/opt/lede-toolchain-ramips-mt7621_gcc-5.4.0_musl-1.1.24.Linux-x86_64/toolchain-mipsel_24kc_gcc-5.4.0_musl-1.1.24  -ffunction-sections -fdata-sections -std=gnu99 		-DASUSWRT  conftest.c >&5
configure:15108: $? = 0
configure:15108: /opt/lede-toolchain-ramips-mt7621_gcc-5.4.0_musl-1.1.24.Linux-x86_64/toolchain-mipsel_24kc_gcc-5.4.0_musl-1.1.24/bin/mipsel-openwrt-linux-musl-gcc -c -Os -Wall -DLINUX26 -DCONFIG_RALINK -DMUSL_LIBC -DDEBUG_NOISY -DDEBUG_RCTEST -D_GNU_SOURCE -D__UAPI_DEF_ETHHDR -DRALINK_DBDC_MODE -pipe -funit-at-a-time -Wno-pointer-sign -mtune=mips32 -mips32 -DLINUX_KERNEL_VERSION=263366 --sysroot=/opt/lede-toolchain-ramips-mt7621_gcc-5.4.0_musl-1.1.24.Linux-x86_64/toolchain-mipsel_24kc_gcc-5.4.0_musl-1.1.24  -ffunction-sections -fdata-sections -std=gnu99 		-DASUSWRT  conftest.c >&5
conftest.c: In function 'main':
conftest.c:124:24: error: expected expression before ')' token
 if (sizeof ((in_port_t)))
                        ^
configure:15108: $? = 1
configure: failed program was:
| /* confdefs.h */
| #define PACKAGE_NAME "OpenVPN"
| #define PACKAGE_TARNAME "openvpn"
| #define PACKAGE_VERSION "2.4.12"
| #define PACKAGE_STRING "OpenVPN 2.4.12"
| #define PACKAGE_BUGREPORT "openvpn-users@lists.sourceforge.net"
| #define PACKAGE_URL ""
| #define OPENVPN_VERSION_RESOURCE 2,4,12,0
| #define OPENVPN_VERSION_MAJOR 2
| #define OPENVPN_VERSION_MINOR 4
| #define OPENVPN_VERSION_PATCH ".12"
| #define PACKAGE "openvpn"
| #define VERSION "2.4.12"
| #define STDC_HEADERS 1
| #define HAVE_SYS_TYPES_H 1
| #define HAVE_SYS_STAT_H 1
| #define HAVE_STDLIB_H 1
| #define HAVE_STRING_H 1
| #define HAVE_MEMORY_H 1
| #define HAVE_STRINGS_H 1
| #define HAVE_INTTYPES_H 1
| #define HAVE_STDINT_H 1
| #define HAVE_UNISTD_H 1
| #define __EXTENSIONS__ 1
| #define _ALL_SOURCE 1
| #define _GNU_SOURCE 1
| #define _POSIX_PTHREAD_SEMANTICS 1
| #define _TANDEM_SOURCE 1
| #define TARGET_ALIAS "mipsel-unknown-linux-gnu"
| #define TARGET_LINUX 1
| #define TARGET_PREFIX "L"
| #define IFCONFIG_PATH "/sbin/ifconfig"
| #define IPROUTE_PATH "/usr/sbin/ip"
| #define ROUTE_PATH "/sbin/route"
| #define SYSTEMD_ASK_PASSWORD_PATH ""
| #define HAVE_DLFCN_H 1
| #define LT_OBJDIR ".libs/"
| #define RETSIGTYPE void
| #define HAVE_CPP_VARARG_MACRO_ISO 1
| #define HAVE_CPP_VARARG_MACRO_GCC 1
| #define EMPTY_ARRAY_SIZE 0
| #define SIZEOF_UNSIGNED_INT 4
| #define SIZEOF_UNSIGNED_LONG 4
| #define HAVE_STDIO_H 1
| #define HAVE_STDARG_H 1
| #define HAVE_LIMITS_H 1
| #define HAVE_TIME_H 1
| #define HAVE_ERRNO_H 1
| #define HAVE_FCNTL_H 1
| #define HAVE_CTYPE_H 1
| #define HAVE_SYS_TYPES_H 1
| #define HAVE_SYS_SOCKET_H 1
| #define HAVE_SIGNAL_H 1
| #define HAVE_UNISTD_H 1
| #define HAVE_DLFCN_H 1
| #define HAVE_NETINET_IN_H 1
| #define HAVE_NETINET_IN_SYSTM_H 1
| #define HAVE_NETINET_TCP_H 1
| #define HAVE_ARPA_INET_H 1
| #define HAVE_NETDB_H 1
| #define HAVE_SYS_TIME_H 1
| #define HAVE_SYS_IOCTL_H 1
| #define HAVE_SYS_STAT_H 1
| #define HAVE_SYS_MMAN_H 1
| #define HAVE_SYS_FILE_H 1
| #define HAVE_SYS_WAIT_H 1
| #define HAVE_UNISTD_H 1
| #define HAVE_SIGNAL_H 1
| #define HAVE_LIBGEN_H 1
| #define HAVE_STROPTS_H 1
| #define HAVE_SYSLOG_H 1
| #define HAVE_PWD_H 1
| #define HAVE_GRP_H 1
| #define HAVE_SYS_UIO_H 1
| #define HAVE_LINUX_SOCKIOS_H 1
| #define HAVE_LINUX_TYPES_H 1
| #define HAVE_LINUX_ERRQUEUE_H 1
| #define HAVE_SYS_POLL_H 1
| #define HAVE_SYS_EPOLL_H 1
| #define HAVE_ERR_H 1
| #define HAVE_NET_IF_H 1
| #define HAVE_NETINET_IP_H 1
| #define HAVE_RESOLV_H 1
| #define HAVE_SYS_UN_H 1
| #define HAVE_IN_ADDR_T 1
| /* end confdefs.h.  */
| 
| #ifdef HAVE_STDLIB_H
| #include <stdlib.h>
| #endif
| #ifdef HAVE_SYS_TYPES_H
| #include <sys/types.h>
| #endif
| #ifdef HAVE_SYS_SOCKET_H
| #include <sys/socket.h>
| #endif
| #ifdef HAVE_NET_IF_H
| #include <net/if.h>
| #endif
| #ifdef HAVE_NETINET_IN_H
| #include <netinet/in.h>
| #endif
| #ifdef HAVE_WINDOWS_H
| #include <windows.h>
| #endif
| #ifdef HAVE_WINSOCK2_H
| #include <winsock2.h>
| #endif
| #ifdef HAVE_WS2TCPIP_H
| #include <ws2tcpip.h>
| #endif
| #ifdef HAVE_NETINET_IN_SYSTM_H
| #include <netinet/in_systm.h>
| #endif
| #ifdef HAVE_NETINET_IP_H
| #include <netinet/ip.h>
| #endif
| 
| 
| 
| int
| main ()
| {
| if (sizeof ((in_port_t)))
| 	    return 0;
|   ;
|   return 0;
| }
configure:15108: result: yes
configure:15124: checking for struct iphdr
configure:15124: /opt/lede-toolchain-ramips-mt7621_gcc-5.4.0_musl-1.1.24.Linux-x86_64/toolchain-mipsel_24kc_gcc-5.4.0_musl-1.1.24/bin/mipsel-openwrt-linux-musl-gcc -c -Os -Wall -DLINUX26 -DCONFIG_RALINK -DMUSL_LIBC -DDEBUG_NOISY -DDEBUG_RCTEST -D_GNU_SOURCE -D__UAPI_DEF_ETHHDR -DRALINK_DBDC_MODE -pipe -funit-at-a-time -Wno-pointer-sign -mtune=mips32 -mips32 -DLINUX_KERNEL_VERSION=263366 --sysroot=/opt/lede-toolchain-ramips-mt7621_gcc-5.4.0_musl-1.1.24.Linux-x86_64/toolchain-mipsel_24kc_gcc-5.4.0_musl-1.1.24  -ffunction-sections -fdata-sections -std=gnu99 		-DASUSWRT  conftest.c >&5
configure:15124: $? = 0
configure:15124: /opt/lede-toolchain-ramips-mt7621_gcc-5.4.0_musl-1.1.24.Linux-x86_64/toolchain-mipsel_24kc_gcc-5.4.0_musl-1.1.24/bin/mipsel-openwrt-linux-musl-gcc -c -Os -Wall -DLINUX26 -DCONFIG_RALINK -DMUSL_LIBC -DDEBUG_NOISY -DDEBUG_RCTEST -D_GNU_SOURCE -D__UAPI_DEF_ETHHDR -DRALINK_DBDC_MODE -pipe -funit-at-a-time -Wno-pointer-sign -mtune=mips32 -mips32 -DLINUX_KERNEL_VERSION=263366 --sysroot=/opt/lede-toolchain-ramips-mt7621_gcc-5.4.0_musl-1.1.24.Linux-x86_64/toolchain-mipsel_24kc_gcc-5.4.0_musl-1.1.24  -ffunction-sections -fdata-sections -std=gnu99 		-DASUSWRT  conftest.c >&5
conftest.c: In function 'main':
conftest.c:125:27: error: expected expression before ')' token
 if (sizeof ((struct iphdr)))
                           ^
configure:15124: $? = 1
configure: failed program was:
| /* confdefs.h */
| #define PACKAGE_NAME "OpenVPN"
| #define PACKAGE_TARNAME "openvpn"
| #define PACKAGE_VERSION "2.4.12"
| #define PACKAGE_STRING "OpenVPN 2.4.12"
| #define PACKAGE_BUGREPORT "openvpn-users@lists.sourceforge.net"
| #define PACKAGE_URL ""
| #define OPENVPN_VERSION_RESOURCE 2,4,12,0
| #define OPENVPN_VERSION_MAJOR 2
| #define OPENVPN_VERSION_MINOR 4
| #define OPENVPN_VERSION_PATCH ".12"
| #define PACKAGE "openvpn"
| #define VERSION "2.4.12"
| #define STDC_HEADERS 1
| #define HAVE_SYS_TYPES_H 1
| #define HAVE_SYS_STAT_H 1
| #define HAVE_STDLIB_H 1
| #define HAVE_STRING_H 1
| #define HAVE_MEMORY_H 1
| #define HAVE_STRINGS_H 1
| #define HAVE_INTTYPES_H 1
| #define HAVE_STDINT_H 1
| #define HAVE_UNISTD_H 1
| #define __EXTENSIONS__ 1
| #define _ALL_SOURCE 1
| #define _GNU_SOURCE 1
| #define _POSIX_PTHREAD_SEMANTICS 1
| #define _TANDEM_SOURCE 1
| #define TARGET_ALIAS "mipsel-unknown-linux-gnu"
| #define TARGET_LINUX 1
| #define TARGET_PREFIX "L"
| #define IFCONFIG_PATH "/sbin/ifconfig"
| #define IPROUTE_PATH "/usr/sbin/ip"
| #define ROUTE_PATH "/sbin/route"
| #define SYSTEMD_ASK_PASSWORD_PATH ""
| #define HAVE_DLFCN_H 1
| #define LT_OBJDIR ".libs/"
| #define RETSIGTYPE void
| #define HAVE_CPP_VARARG_MACRO_ISO 1
| #define HAVE_CPP_VARARG_MACRO_GCC 1
| #define EMPTY_ARRAY_SIZE 0
| #define SIZEOF_UNSIGNED_INT 4
| #define SIZEOF_UNSIGNED_LONG 4
| #define HAVE_STDIO_H 1
| #define HAVE_STDARG_H 1
| #define HAVE_LIMITS_H 1
| #define HAVE_TIME_H 1
| #define HAVE_ERRNO_H 1
| #define HAVE_FCNTL_H 1
| #define HAVE_CTYPE_H 1
| #define HAVE_SYS_TYPES_H 1
| #define HAVE_SYS_SOCKET_H 1
| #define HAVE_SIGNAL_H 1
| #define HAVE_UNISTD_H 1
| #define HAVE_DLFCN_H 1
| #define HAVE_NETINET_IN_H 1
| #define HAVE_NETINET_IN_SYSTM_H 1
| #define HAVE_NETINET_TCP_H 1
| #define HAVE_ARPA_INET_H 1
| #define HAVE_NETDB_H 1
| #define HAVE_SYS_TIME_H 1
| #define HAVE_SYS_IOCTL_H 1
| #define HAVE_SYS_STAT_H 1
| #define HAVE_SYS_MMAN_H 1
| #define HAVE_SYS_FILE_H 1
| #define HAVE_SYS_WAIT_H 1
| #define HAVE_UNISTD_H 1
| #define HAVE_SIGNAL_H 1
| #define HAVE_LIBGEN_H 1
| #define HAVE_STROPTS_H 1
| #define HAVE_SYSLOG_H 1
| #define HAVE_PWD_H 1
| #define HAVE_GRP_H 1
| #define HAVE_SYS_UIO_H 1
| #define HAVE_LINUX_SOCKIOS_H 1
| #define HAVE_LINUX_TYPES_H 1
| #define HAVE_LINUX_ERRQUEUE_H 1
| #define HAVE_SYS_POLL_H 1
| #define HAVE_SYS_EPOLL_H 1
| #define HAVE_ERR_H 1
| #define HAVE_NET_IF_H 1
| #define HAVE_NETINET_IP_H 1
| #define HAVE_RESOLV_H 1
| #define HAVE_SYS_UN_H 1
| #define HAVE_IN_ADDR_T 1
| #define HAVE_IN_PORT_T 1
| /* end confdefs.h.  */
| 
| #ifdef HAVE_STDLIB_H
| #include <stdlib.h>
| #endif
| #ifdef HAVE_SYS_TYPES_H
| #include <sys/types.h>
| #endif
| #ifdef HAVE_SYS_SOCKET_H
| #include <sys/socket.h>
| #endif
| #ifdef HAVE_NET_IF_H
| #include <net/if.h>
| #endif
| #ifdef HAVE_NETINET_IN_H
| #include <netinet/in.h>
| #endif
| #ifdef HAVE_WINDOWS_H
| #include <windows.h>
| #endif
| #ifdef HAVE_WINSOCK2_H
| #include <winsock2.h>
| #endif
| #ifdef HAVE_WS2TCPIP_H
| #include <ws2tcpip.h>
| #endif
| #ifdef HAVE_NETINET_IN_SYSTM_H
| #include <netinet/in_systm.h>
| #endif
| #ifdef HAVE_NETINET_IP_H
| #include <netinet/ip.h>
| #endif
| 
| 
| 
| int
| main ()
| {
| if (sizeof ((struct iphdr)))
| 	    return 0;
|   ;
|   return 0;
| }
configure:15124: result: yes
configure:15133: checking for struct msghdr
configure:15133: /opt/lede-toolchain-ramips-mt7621_gcc-5.4.0_musl-1.1.24.Linux-x86_64/toolchain-mipsel_24kc_gcc-5.4.0_musl-1.1.24/bin/mipsel-openwrt-linux-musl-gcc -c -Os -Wall -DLINUX26 -DCONFIG_RALINK -DMUSL_LIBC -DDEBUG_NOISY -DDEBUG_RCTEST -D_GNU_SOURCE -D__UAPI_DEF_ETHHDR -DRALINK_DBDC_MODE -pipe -funit-at-a-time -Wno-pointer-sign -mtune=mips32 -mips32 -DLINUX_KERNEL_VERSION=263366 --sysroot=/opt/lede-toolchain-ramips-mt7621_gcc-5.4.0_musl-1.1.24.Linux-x86_64/toolchain-mipsel_24kc_gcc-5.4.0_musl-1.1.24  -ffunction-sections -fdata-sections -std=gnu99 		-DASUSWRT  conftest.c >&5
configure:15133: $? = 0
configure:15133: /opt/lede-toolchain-ramips-mt7621_gcc-5.4.0_musl-1.1.24.Linux-x86_64/toolchain-mipsel_24kc_gcc-5.4.0_musl-1.1.24/bin/mipsel-openwrt-linux-musl-gcc -c -Os -Wall -DLINUX26 -DCONFIG_RALINK -DMUSL_LIBC -DDEBUG_NOISY -DDEBUG_RCTEST -D_GNU_SOURCE -D__UAPI_DEF_ETHHDR -DRALINK_DBDC_MODE -pipe -funit-at-a-time -Wno-pointer-sign -mtune=mips32 -mips32 -DLINUX_KERNEL_VERSION=263366 --sysroot=/opt/lede-toolchain-ramips-mt7621_gcc-5.4.0_musl-1.1.24.Linux-x86_64/toolchain-mipsel_24kc_gcc-5.4.0_musl-1.1.24  -ffunction-sections -fdata-sections -std=gnu99 		-DASUSWRT  conftest.c >&5
conftest.c: In function 'main':
conftest.c:126:28: error: expected expression before ')' token
 if (sizeof ((struct msghdr)))
                            ^
configure:15133: $? = 1
configure: failed program was:
| /* confdefs.h */
| #define PACKAGE_NAME "OpenVPN"
| #define PACKAGE_TARNAME "openvpn"
| #define PACKAGE_VERSION "2.4.12"
| #define PACKAGE_STRING "OpenVPN 2.4.12"
| #define PACKAGE_BUGREPORT "openvpn-users@lists.sourceforge.net"
| #define PACKAGE_URL ""
| #define OPENVPN_VERSION_RESOURCE 2,4,12,0
| #define OPENVPN_VERSION_MAJOR 2
| #define OPENVPN_VERSION_MINOR 4
| #define OPENVPN_VERSION_PATCH ".12"
| #define PACKAGE "openvpn"
| #define VERSION "2.4.12"
| #define STDC_HEADERS 1
| #define HAVE_SYS_TYPES_H 1
| #define HAVE_SYS_STAT_H 1
| #define HAVE_STDLIB_H 1
| #define HAVE_STRING_H 1
| #define HAVE_MEMORY_H 1
| #define HAVE_STRINGS_H 1
| #define HAVE_INTTYPES_H 1
| #define HAVE_STDINT_H 1
| #define HAVE_UNISTD_H 1
| #define __EXTENSIONS__ 1
| #define _ALL_SOURCE 1
| #define _GNU_SOURCE 1
| #define _POSIX_PTHREAD_SEMANTICS 1
| #define _TANDEM_SOURCE 1
| #define TARGET_ALIAS "mipsel-unknown-linux-gnu"
| #define TARGET_LINUX 1
| #define TARGET_PREFIX "L"
| #define IFCONFIG_PATH "/sbin/ifconfig"
| #define IPROUTE_PATH "/usr/sbin/ip"
| #define ROUTE_PATH "/sbin/route"
| #define SYSTEMD_ASK_PASSWORD_PATH ""
| #define HAVE_DLFCN_H 1
| #define LT_OBJDIR ".libs/"
| #define RETSIGTYPE void
| #define HAVE_CPP_VARARG_MACRO_ISO 1
| #define HAVE_CPP_VARARG_MACRO_GCC 1
| #define EMPTY_ARRAY_SIZE 0
| #define SIZEOF_UNSIGNED_INT 4
| #define SIZEOF_UNSIGNED_LONG 4
| #define HAVE_STDIO_H 1
| #define HAVE_STDARG_H 1
| #define HAVE_LIMITS_H 1
| #define HAVE_TIME_H 1
| #define HAVE_ERRNO_H 1
| #define HAVE_FCNTL_H 1
| #define HAVE_CTYPE_H 1
| #define HAVE_SYS_TYPES_H 1
| #define HAVE_SYS_SOCKET_H 1
| #define HAVE_SIGNAL_H 1
| #define HAVE_UNISTD_H 1
| #define HAVE_DLFCN_H 1
| #define HAVE_NETINET_IN_H 1
| #define HAVE_NETINET_IN_SYSTM_H 1
| #define HAVE_NETINET_TCP_H 1
| #define HAVE_ARPA_INET_H 1
| #define HAVE_NETDB_H 1
| #define HAVE_SYS_TIME_H 1
| #define HAVE_SYS_IOCTL_H 1
| #define HAVE_SYS_STAT_H 1
| #define HAVE_SYS_MMAN_H 1
| #define HAVE_SYS_FILE_H 1
| #define HAVE_SYS_WAIT_H 1
| #define HAVE_UNISTD_H 1
| #define HAVE_SIGNAL_H 1
| #define HAVE_LIBGEN_H 1
| #define HAVE_STROPTS_H 1
| #define HAVE_SYSLOG_H 1
| #define HAVE_PWD_H 1
| #define HAVE_GRP_H 1
| #define HAVE_SYS_UIO_H 1
| #define HAVE_LINUX_SOCKIOS_H 1
| #define HAVE_LINUX_TYPES_H 1
| #define HAVE_LINUX_ERRQUEUE_H 1
| #define HAVE_SYS_POLL_H 1
| #define HAVE_SYS_EPOLL_H 1
| #define HAVE_ERR_H 1
| #define HAVE_NET_IF_H 1
| #define HAVE_NETINET_IP_H 1
| #define HAVE_RESOLV_H 1
| #define HAVE_SYS_UN_H 1
| #define HAVE_IN_ADDR_T 1
| #define HAVE_IN_PORT_T 1
| #define HAVE_IPHDR 1
| /* end confdefs.h.  */
| 
| #ifdef HAVE_STDLIB_H
| #include <stdlib.h>
| #endif
| #ifdef HAVE_SYS_TYPES_H
| #include <sys/types.h>
| #endif
| #ifdef HAVE_SYS_SOCKET_H
| #include <sys/socket.h>
| #endif
| #ifdef HAVE_NET_IF_H
| #include <net/if.h>
| #endif
| #ifdef HAVE_NETINET_IN_H
| #include <netinet/in.h>
| #endif
| #ifdef HAVE_WINDOWS_H
| #include <windows.h>
| #endif
| #ifdef HAVE_WINSOCK2_H
| #include <winsock2.h>
| #endif
| #ifdef HAVE_WS2TCPIP_H
| #include <ws2tcpip.h>
| #endif
| #ifdef HAVE_NETINET_IN_SYSTM_H
| #include <netinet/in_systm.h>
| #endif
| #ifdef HAVE_NETINET_IP_H
| #include <netinet/ip.h>
| #endif
| 
| 
| 
| int
| main ()
| {
| if (sizeof ((struct msghdr)))
| 	    return 0;
|   ;
|   return 0;
| }
configure:15133: result: yes
configure:15142: checking for struct cmsghdr
configure:15142: /opt/lede-toolchain-ramips-mt7621_gcc-5.4.0_musl-1.1.24.Linux-x86_64/toolchain-mipsel_24kc_gcc-5.4.0_musl-1.1.24/bin/mipsel-openwrt-linux-musl-gcc -c -Os -Wall -DLINUX26 -DCONFIG_RALINK -DMUSL_LIBC -DDEBUG_NOISY -DDEBUG_RCTEST -D_GNU_SOURCE -D__UAPI_DEF_ETHHDR -DRALINK_DBDC_MODE -pipe -funit-at-a-time -Wno-pointer-sign -mtune=mips32 -mips32 -DLINUX_KERNEL_VERSION=263366 --sysroot=/opt/lede-toolchain-ramips-mt7621_gcc-5.4.0_musl-1.1.24.Linux-x86_64/toolchain-mipsel_24kc_gcc-5.4.0_musl-1.1.24  -ffunction-sections -fdata-sections -std=gnu99 		-DASUSWRT  conftest.c >&5
configure:15142: $? = 0
configure:15142: /opt/lede-toolchain-ramips-mt7621_gcc-5.4.0_musl-1.1.24.Linux-x86_64/toolchain-mipsel_24kc_gcc-5.4.0_musl-1.1.24/bin/mipsel-openwrt-linux-musl-gcc -c -Os -Wall -DLINUX26 -DCONFIG_RALINK -DMUSL_LIBC -DDEBUG_NOISY -DDEBUG_RCTEST -D_GNU_SOURCE -D__UAPI_DEF_ETHHDR -DRALINK_DBDC_MODE -pipe -funit-at-a-time -Wno-pointer-sign -mtune=mips32 -mips32 -DLINUX_KERNEL_VERSION=263366 --sysroot=/opt/lede-toolchain-ramips-mt7621_gcc-5.4.0_musl-1.1.24.Linux-x86_64/toolchain-mipsel_24kc_gcc-5.4.0_musl-1.1.24  -ffunction-sections -fdata-sections -std=gnu99 		-DASUSWRT  conftest.c >&5
conftest.c: In function 'main':
conftest.c:127:29: error: expected expression before ')' token
 if (sizeof ((struct cmsghdr)))
                             ^
configure:15142: $? = 1
configure: failed program was:
| /* confdefs.h */
| #define PACKAGE_NAME "OpenVPN"
| #define PACKAGE_TARNAME "openvpn"
| #define PACKAGE_VERSION "2.4.12"
| #define PACKAGE_STRING "OpenVPN 2.4.12"
| #define PACKAGE_BUGREPORT "openvpn-users@lists.sourceforge.net"
| #define PACKAGE_URL ""
| #define OPENVPN_VERSION_RESOURCE 2,4,12,0
| #define OPENVPN_VERSION_MAJOR 2
| #define OPENVPN_VERSION_MINOR 4
| #define OPENVPN_VERSION_PATCH ".12"
| #define PACKAGE "openvpn"
| #define VERSION "2.4.12"
| #define STDC_HEADERS 1
| #define HAVE_SYS_TYPES_H 1
| #define HAVE_SYS_STAT_H 1
| #define HAVE_STDLIB_H 1
| #define HAVE_STRING_H 1
| #define HAVE_MEMORY_H 1
| #define HAVE_STRINGS_H 1
| #define HAVE_INTTYPES_H 1
| #define HAVE_STDINT_H 1
| #define HAVE_UNISTD_H 1
| #define __EXTENSIONS__ 1
| #define _ALL_SOURCE 1
| #define _GNU_SOURCE 1
| #define _POSIX_PTHREAD_SEMANTICS 1
| #define _TANDEM_SOURCE 1
| #define TARGET_ALIAS "mipsel-unknown-linux-gnu"
| #define TARGET_LINUX 1
| #define TARGET_PREFIX "L"
| #define IFCONFIG_PATH "/sbin/ifconfig"
| #define IPROUTE_PATH "/usr/sbin/ip"
| #define ROUTE_PATH "/sbin/route"
| #define SYSTEMD_ASK_PASSWORD_PATH ""
| #define HAVE_DLFCN_H 1
| #define LT_OBJDIR ".libs/"
| #define RETSIGTYPE void
| #define HAVE_CPP_VARARG_MACRO_ISO 1
| #define HAVE_CPP_VARARG_MACRO_GCC 1
| #define EMPTY_ARRAY_SIZE 0
| #define SIZEOF_UNSIGNED_INT 4
| #define SIZEOF_UNSIGNED_LONG 4
| #define HAVE_STDIO_H 1
| #define HAVE_STDARG_H 1
| #define HAVE_LIMITS_H 1
| #define HAVE_TIME_H 1
| #define HAVE_ERRNO_H 1
| #define HAVE_FCNTL_H 1
| #define HAVE_CTYPE_H 1
| #define HAVE_SYS_TYPES_H 1
| #define HAVE_SYS_SOCKET_H 1
| #define HAVE_SIGNAL_H 1
| #define HAVE_UNISTD_H 1
| #define HAVE_DLFCN_H 1
| #define HAVE_NETINET_IN_H 1
| #define HAVE_NETINET_IN_SYSTM_H 1
| #define HAVE_NETINET_TCP_H 1
| #define HAVE_ARPA_INET_H 1
| #define HAVE_NETDB_H 1
| #define HAVE_SYS_TIME_H 1
| #define HAVE_SYS_IOCTL_H 1
| #define HAVE_SYS_STAT_H 1
| #define HAVE_SYS_MMAN_H 1
| #define HAVE_SYS_FILE_H 1
| #define HAVE_SYS_WAIT_H 1
| #define HAVE_UNISTD_H 1
| #define HAVE_SIGNAL_H 1
| #define HAVE_LIBGEN_H 1
| #define HAVE_STROPTS_H 1
| #define HAVE_SYSLOG_H 1
| #define HAVE_PWD_H 1
| #define HAVE_GRP_H 1
| #define HAVE_SYS_UIO_H 1
| #define HAVE_LINUX_SOCKIOS_H 1
| #define HAVE_LINUX_TYPES_H 1
| #define HAVE_LINUX_ERRQUEUE_H 1
| #define HAVE_SYS_POLL_H 1
| #define HAVE_SYS_EPOLL_H 1
| #define HAVE_ERR_H 1
| #define HAVE_NET_IF_H 1
| #define HAVE_NETINET_IP_H 1
| #define HAVE_RESOLV_H 1
| #define HAVE_SYS_UN_H 1
| #define HAVE_IN_ADDR_T 1
| #define HAVE_IN_PORT_T 1
| #define HAVE_IPHDR 1
| #define HAVE_MSGHDR 1
| /* end confdefs.h.  */
| 
| #ifdef HAVE_STDLIB_H
| #include <stdlib.h>
| #endif
| #ifdef HAVE_SYS_TYPES_H
| #include <sys/types.h>
| #endif
| #ifdef HAVE_SYS_SOCKET_H
| #include <sys/socket.h>
| #endif
| #ifdef HAVE_NET_IF_H
| #include <net/if.h>
| #endif
| #ifdef HAVE_NETINET_IN_H
| #include <netinet/in.h>
| #endif
| #ifdef HAVE_WINDOWS_H
| #include <windows.h>
| #endif
| #ifdef HAVE_WINSOCK2_H
| #include <winsock2.h>
| #endif
| #ifdef HAVE_WS2TCPIP_H
| #include <ws2tcpip.h>
| #endif
| #ifdef HAVE_NETINET_IN_SYSTM_H
| #include <netinet/in_systm.h>
| #endif
| #ifdef HAVE_NETINET_IP_H
| #include <netinet/ip.h>
| #endif
| 
| 
| 
| int
| main ()
| {
| if (sizeof ((struct cmsghdr)))
| 	    return 0;
|   ;
|   return 0;
| }
configure:15142: result: yes
configure:15151: checking for struct in_pktinfo
configure:15151: /opt/lede-toolchain-ramips-mt7621_gcc-5.4.0_musl-1.1.24.Linux-x86_64/toolchain-mipsel_24kc_gcc-5.4.0_musl-1.1.24/bin/mipsel-openwrt-linux-musl-gcc -c -Os -Wall -DLINUX26 -DCONFIG_RALINK -DMUSL_LIBC -DDEBUG_NOISY -DDEBUG_RCTEST -D_GNU_SOURCE -D__UAPI_DEF_ETHHDR -DRALINK_DBDC_MODE -pipe -funit-at-a-time -Wno-pointer-sign -mtune=mips32 -mips32 -DLINUX_KERNEL_VERSION=263366 --sysroot=/opt/lede-toolchain-ramips-mt7621_gcc-5.4.0_musl-1.1.24.Linux-x86_64/toolchain-mipsel_24kc_gcc-5.4.0_musl-1.1.24  -ffunction-sections -fdata-sections -std=gnu99 		-DASUSWRT  conftest.c >&5
configure:15151: $? = 0
configure:15151: /opt/lede-toolchain-ramips-mt7621_gcc-5.4.0_musl-1.1.24.Linux-x86_64/toolchain-mipsel_24kc_gcc-5.4.0_musl-1.1.24/bin/mipsel-openwrt-linux-musl-gcc -c -Os -Wall -DLINUX26 -DCONFIG_RALINK -DMUSL_LIBC -DDEBUG_NOISY -DDEBUG_RCTEST -D_GNU_SOURCE -D__UAPI_DEF_ETHHDR -DRALINK_DBDC_MODE -pipe -funit-at-a-time -Wno-pointer-sign -mtune=mips32 -mips32 -DLINUX_KERNEL_VERSION=263366 --sysroot=/opt/lede-toolchain-ramips-mt7621_gcc-5.4.0_musl-1.1.24.Linux-x86_64/toolchain-mipsel_24kc_gcc-5.4.0_musl-1.1.24  -ffunction-sections -fdata-sections -std=gnu99 		-DASUSWRT  conftest.c >&5
conftest.c: In function 'main':
conftest.c:128:32: error: expected expression before ')' token
 if (sizeof ((struct in_pktinfo)))
                                ^
configure:15151: $? = 1
configure: failed program was:
| /* confdefs.h */
| #define PACKAGE_NAME "OpenVPN"
| #define PACKAGE_TARNAME "openvpn"
| #define PACKAGE_VERSION "2.4.12"
| #define PACKAGE_STRING "OpenVPN 2.4.12"
| #define PACKAGE_BUGREPORT "openvpn-users@lists.sourceforge.net"
| #define PACKAGE_URL ""
| #define OPENVPN_VERSION_RESOURCE 2,4,12,0
| #define OPENVPN_VERSION_MAJOR 2
| #define OPENVPN_VERSION_MINOR 4
| #define OPENVPN_VERSION_PATCH ".12"
| #define PACKAGE "openvpn"
| #define VERSION "2.4.12"
| #define STDC_HEADERS 1
| #define HAVE_SYS_TYPES_H 1
| #define HAVE_SYS_STAT_H 1
| #define HAVE_STDLIB_H 1
| #define HAVE_STRING_H 1
| #define HAVE_MEMORY_H 1
| #define HAVE_STRINGS_H 1
| #define HAVE_INTTYPES_H 1
| #define HAVE_STDINT_H 1
| #define HAVE_UNISTD_H 1
| #define __EXTENSIONS__ 1
| #define _ALL_SOURCE 1
| #define _GNU_SOURCE 1
| #define _POSIX_PTHREAD_SEMANTICS 1
| #define _TANDEM_SOURCE 1
| #define TARGET_ALIAS "mipsel-unknown-linux-gnu"
| #define TARGET_LINUX 1
| #define TARGET_PREFIX "L"
| #define IFCONFIG_PATH "/sbin/ifconfig"
| #define IPROUTE_PATH "/usr/sbin/ip"
| #define ROUTE_PATH "/sbin/route"
| #define SYSTEMD_ASK_PASSWORD_PATH ""
| #define HAVE_DLFCN_H 1
| #define LT_OBJDIR ".libs/"
| #define RETSIGTYPE void
| #define HAVE_CPP_VARARG_MACRO_ISO 1
| #define HAVE_CPP_VARARG_MACRO_GCC 1
| #define EMPTY_ARRAY_SIZE 0
| #define SIZEOF_UNSIGNED_INT 4
| #define SIZEOF_UNSIGNED_LONG 4
| #define HAVE_STDIO_H 1
| #define HAVE_STDARG_H 1
| #define HAVE_LIMITS_H 1
| #define HAVE_TIME_H 1
| #define HAVE_ERRNO_H 1
| #define HAVE_FCNTL_H 1
| #define HAVE_CTYPE_H 1
| #define HAVE_SYS_TYPES_H 1
| #define HAVE_SYS_SOCKET_H 1
| #define HAVE_SIGNAL_H 1
| #define HAVE_UNISTD_H 1
| #define HAVE_DLFCN_H 1
| #define HAVE_NETINET_IN_H 1
| #define HAVE_NETINET_IN_SYSTM_H 1
| #define HAVE_NETINET_TCP_H 1
| #define HAVE_ARPA_INET_H 1
| #define HAVE_NETDB_H 1
| #define HAVE_SYS_TIME_H 1
| #define HAVE_SYS_IOCTL_H 1
| #define HAVE_SYS_STAT_H 1
| #define HAVE_SYS_MMAN_H 1
| #define HAVE_SYS_FILE_H 1
| #define HAVE_SYS_WAIT_H 1
| #define HAVE_UNISTD_H 1
| #define HAVE_SIGNAL_H 1
| #define HAVE_LIBGEN_H 1
| #define HAVE_STROPTS_H 1
| #define HAVE_SYSLOG_H 1
| #define HAVE_PWD_H 1
| #define HAVE_GRP_H 1
| #define HAVE_SYS_UIO_H 1
| #define HAVE_LINUX_SOCKIOS_H 1
| #define HAVE_LINUX_TYPES_H 1
| #define HAVE_LINUX_ERRQUEUE_H 1
| #define HAVE_SYS_POLL_H 1
| #define HAVE_SYS_EPOLL_H 1
| #define HAVE_ERR_H 1
| #define HAVE_NET_IF_H 1
| #define HAVE_NETINET_IP_H 1
| #define HAVE_RESOLV_H 1
| #define HAVE_SYS_UN_H 1
| #define HAVE_IN_ADDR_T 1
| #define HAVE_IN_PORT_T 1
| #define HAVE_IPHDR 1
| #define HAVE_MSGHDR 1
| #define HAVE_CMSGHDR 1
| /* end confdefs.h.  */
| 
| #ifdef HAVE_STDLIB_H
| #include <stdlib.h>
| #endif
| #ifdef HAVE_SYS_TYPES_H
| #include <sys/types.h>
| #endif
| #ifdef HAVE_SYS_SOCKET_H
| #include <sys/socket.h>
| #endif
| #ifdef HAVE_NET_IF_H
| #include <net/if.h>
| #endif
| #ifdef HAVE_NETINET_IN_H
| #include <netinet/in.h>
| #endif
| #ifdef HAVE_WINDOWS_H
| #include <windows.h>
| #endif
| #ifdef HAVE_WINSOCK2_H
| #include <winsock2.h>
| #endif
| #ifdef HAVE_WS2TCPIP_H
| #include <ws2tcpip.h>
| #endif
| #ifdef HAVE_NETINET_IN_SYSTM_H
| #include <netinet/in_systm.h>
| #endif
| #ifdef HAVE_NETINET_IP_H
| #include <netinet/ip.h>
| #endif
| 
| 
| 
| int
| main ()
| {
| if (sizeof ((struct in_pktinfo)))
| 	    return 0;
|   ;
|   return 0;
| }
configure:15151: result: yes
configure:15160: checking for sa_family_t
configure:15160: /opt/lede-toolchain-ramips-mt7621_gcc-5.4.0_musl-1.1.24.Linux-x86_64/toolchain-mipsel_24kc_gcc-5.4.0_musl-1.1.24/bin/mipsel-openwrt-linux-musl-gcc -c -Os -Wall -DLINUX26 -DCONFIG_RALINK -DMUSL_LIBC -DDEBUG_NOISY -DDEBUG_RCTEST -D_GNU_SOURCE -D__UAPI_DEF_ETHHDR -DRALINK_DBDC_MODE -pipe -funit-at-a-time -Wno-pointer-sign -mtune=mips32 -mips32 -DLINUX_KERNEL_VERSION=263366 --sysroot=/opt/lede-toolchain-ramips-mt7621_gcc-5.4.0_musl-1.1.24.Linux-x86_64/toolchain-mipsel_24kc_gcc-5.4.0_musl-1.1.24  -ffunction-sections -fdata-sections -std=gnu99 		-DASUSWRT  conftest.c >&5
configure:15160: $? = 0
configure:15160: /opt/lede-toolchain-ramips-mt7621_gcc-5.4.0_musl-1.1.24.Linux-x86_64/toolchain-mipsel_24kc_gcc-5.4.0_musl-1.1.24/bin/mipsel-openwrt-linux-musl-gcc -c -Os -Wall -DLINUX26 -DCONFIG_RALINK -DMUSL_LIBC -DDEBUG_NOISY -DDEBUG_RCTEST -D_GNU_SOURCE -D__UAPI_DEF_ETHHDR -DRALINK_DBDC_MODE -pipe -funit-at-a-time -Wno-pointer-sign -mtune=mips32 -mips32 -DLINUX_KERNEL_VERSION=263366 --sysroot=/opt/lede-toolchain-ramips-mt7621_gcc-5.4.0_musl-1.1.24.Linux-x86_64/toolchain-mipsel_24kc_gcc-5.4.0_musl-1.1.24  -ffunction-sections -fdata-sections -std=gnu99 		-DASUSWRT  conftest.c >&5
conftest.c: In function 'main':
conftest.c:129:26: error: expected expression before ')' token
 if (sizeof ((sa_family_t)))
                          ^
configure:15160: $? = 1
configure: failed program was:
| /* confdefs.h */
| #define PACKAGE_NAME "OpenVPN"
| #define PACKAGE_TARNAME "openvpn"
| #define PACKAGE_VERSION "2.4.12"
| #define PACKAGE_STRING "OpenVPN 2.4.12"
| #define PACKAGE_BUGREPORT "openvpn-users@lists.sourceforge.net"
| #define PACKAGE_URL ""
| #define OPENVPN_VERSION_RESOURCE 2,4,12,0
| #define OPENVPN_VERSION_MAJOR 2
| #define OPENVPN_VERSION_MINOR 4
| #define OPENVPN_VERSION_PATCH ".12"
| #define PACKAGE "openvpn"
| #define VERSION "2.4.12"
| #define STDC_HEADERS 1
| #define HAVE_SYS_TYPES_H 1
| #define HAVE_SYS_STAT_H 1
| #define HAVE_STDLIB_H 1
| #define HAVE_STRING_H 1
| #define HAVE_MEMORY_H 1
| #define HAVE_STRINGS_H 1
| #define HAVE_INTTYPES_H 1
| #define HAVE_STDINT_H 1
| #define HAVE_UNISTD_H 1
| #define __EXTENSIONS__ 1
| #define _ALL_SOURCE 1
| #define _GNU_SOURCE 1
| #define _POSIX_PTHREAD_SEMANTICS 1
| #define _TANDEM_SOURCE 1
| #define TARGET_ALIAS "mipsel-unknown-linux-gnu"
| #define TARGET_LINUX 1
| #define TARGET_PREFIX "L"
| #define IFCONFIG_PATH "/sbin/ifconfig"
| #define IPROUTE_PATH "/usr/sbin/ip"
| #define ROUTE_PATH "/sbin/route"
| #define SYSTEMD_ASK_PASSWORD_PATH ""
| #define HAVE_DLFCN_H 1
| #define LT_OBJDIR ".libs/"
| #define RETSIGTYPE void
| #define HAVE_CPP_VARARG_MACRO_ISO 1
| #define HAVE_CPP_VARARG_MACRO_GCC 1
| #define EMPTY_ARRAY_SIZE 0
| #define SIZEOF_UNSIGNED_INT 4
| #define SIZEOF_UNSIGNED_LONG 4
| #define HAVE_STDIO_H 1
| #define HAVE_STDARG_H 1
| #define HAVE_LIMITS_H 1
| #define HAVE_TIME_H 1
| #define HAVE_ERRNO_H 1
| #define HAVE_FCNTL_H 1
| #define HAVE_CTYPE_H 1
| #define HAVE_SYS_TYPES_H 1
| #define HAVE_SYS_SOCKET_H 1
| #define HAVE_SIGNAL_H 1
| #define HAVE_UNISTD_H 1
| #define HAVE_DLFCN_H 1
| #define HAVE_NETINET_IN_H 1
| #define HAVE_NETINET_IN_SYSTM_H 1
| #define HAVE_NETINET_TCP_H 1
| #define HAVE_ARPA_INET_H 1
| #define HAVE_NETDB_H 1
| #define HAVE_SYS_TIME_H 1
| #define HAVE_SYS_IOCTL_H 1
| #define HAVE_SYS_STAT_H 1
| #define HAVE_SYS_MMAN_H 1
| #define HAVE_SYS_FILE_H 1
| #define HAVE_SYS_WAIT_H 1
| #define HAVE_UNISTD_H 1
| #define HAVE_SIGNAL_H 1
| #define HAVE_LIBGEN_H 1
| #define HAVE_STROPTS_H 1
| #define HAVE_SYSLOG_H 1
| #define HAVE_PWD_H 1
| #define HAVE_GRP_H 1
| #define HAVE_SYS_UIO_H 1
| #define HAVE_LINUX_SOCKIOS_H 1
| #define HAVE_LINUX_TYPES_H 1
| #define HAVE_LINUX_ERRQUEUE_H 1
| #define HAVE_SYS_POLL_H 1
| #define HAVE_SYS_EPOLL_H 1
| #define HAVE_ERR_H 1
| #define HAVE_NET_IF_H 1
| #define HAVE_NETINET_IP_H 1
| #define HAVE_RESOLV_H 1
| #define HAVE_SYS_UN_H 1
| #define HAVE_IN_ADDR_T 1
| #define HAVE_IN_PORT_T 1
| #define HAVE_IPHDR 1
| #define HAVE_MSGHDR 1
| #define HAVE_CMSGHDR 1
| #define HAVE_IN_PKTINFO 1
| /* end confdefs.h.  */
| 
| #ifdef HAVE_STDLIB_H
| #include <stdlib.h>
| #endif
| #ifdef HAVE_SYS_TYPES_H
| #include <sys/types.h>
| #endif
| #ifdef HAVE_SYS_SOCKET_H
| #include <sys/socket.h>
| #endif
| #ifdef HAVE_NET_IF_H
| #include <net/if.h>
| #endif
| #ifdef HAVE_NETINET_IN_H
| #include <netinet/in.h>
| #endif
| #ifdef HAVE_WINDOWS_H
| #include <windows.h>
| #endif
| #ifdef HAVE_WINSOCK2_H
| #include <winsock2.h>
| #endif
| #ifdef HAVE_WS2TCPIP_H
| #include <ws2tcpip.h>
| #endif
| #ifdef HAVE_NETINET_IN_SYSTM_H
| #include <netinet/in_systm.h>
| #endif
| #ifdef HAVE_NETINET_IP_H
| #include <netinet/ip.h>
| #endif
| 
| 
| 
| int
| main ()
| {
| if (sizeof ((sa_family_t)))
| 	    return 0;
|   ;
|   return 0;
| }
configure:15160: result: yes
configure:15169: checking for struct in_pktinfo.ipi_spec_dst
configure:15169: /opt/lede-toolchain-ramips-mt7621_gcc-5.4.0_musl-1.1.24.Linux-x86_64/toolchain-mipsel_24kc_gcc-5.4.0_musl-1.1.24/bin/mipsel-openwrt-linux-musl-gcc -c -Os -Wall -DLINUX26 -DCONFIG_RALINK -DMUSL_LIBC -DDEBUG_NOISY -DDEBUG_RCTEST -D_GNU_SOURCE -D__UAPI_DEF_ETHHDR -DRALINK_DBDC_MODE -pipe -funit-at-a-time -Wno-pointer-sign -mtune=mips32 -mips32 -DLINUX_KERNEL_VERSION=263366 --sysroot=/opt/lede-toolchain-ramips-mt7621_gcc-5.4.0_musl-1.1.24.Linux-x86_64/toolchain-mipsel_24kc_gcc-5.4.0_musl-1.1.24  -ffunction-sections -fdata-sections -std=gnu99 		-DASUSWRT  conftest.c >&5
conftest.c: In function 'main':
conftest.c:131:5: error: used struct type value where scalar is required
 if (ac_aggr.ipi_spec_dst)
     ^
conftest.c:130:26: warning: variable 'ac_aggr' set but not used [-Wunused-but-set-variable]
 static struct in_pktinfo ac_aggr;
                          ^
configure:15169: $? = 1
configure: failed program was:
| /* confdefs.h */
| #define PACKAGE_NAME "OpenVPN"
| #define PACKAGE_TARNAME "openvpn"
| #define PACKAGE_VERSION "2.4.12"
| #define PACKAGE_STRING "OpenVPN 2.4.12"
| #define PACKAGE_BUGREPORT "openvpn-users@lists.sourceforge.net"
| #define PACKAGE_URL ""
| #define OPENVPN_VERSION_RESOURCE 2,4,12,0
| #define OPENVPN_VERSION_MAJOR 2
| #define OPENVPN_VERSION_MINOR 4
| #define OPENVPN_VERSION_PATCH ".12"
| #define PACKAGE "openvpn"
| #define VERSION "2.4.12"
| #define STDC_HEADERS 1
| #define HAVE_SYS_TYPES_H 1
| #define HAVE_SYS_STAT_H 1
| #define HAVE_STDLIB_H 1
| #define HAVE_STRING_H 1
| #define HAVE_MEMORY_H 1
| #define HAVE_STRINGS_H 1
| #define HAVE_INTTYPES_H 1
| #define HAVE_STDINT_H 1
| #define HAVE_UNISTD_H 1
| #define __EXTENSIONS__ 1
| #define _ALL_SOURCE 1
| #define _GNU_SOURCE 1
| #define _POSIX_PTHREAD_SEMANTICS 1
| #define _TANDEM_SOURCE 1
| #define TARGET_ALIAS "mipsel-unknown-linux-gnu"
| #define TARGET_LINUX 1
| #define TARGET_PREFIX "L"
| #define IFCONFIG_PATH "/sbin/ifconfig"
| #define IPROUTE_PATH "/usr/sbin/ip"
| #define ROUTE_PATH "/sbin/route"
| #define SYSTEMD_ASK_PASSWORD_PATH ""
| #define HAVE_DLFCN_H 1
| #define LT_OBJDIR ".libs/"
| #define RETSIGTYPE void
| #define HAVE_CPP_VARARG_MACRO_ISO 1
| #define HAVE_CPP_VARARG_MACRO_GCC 1
| #define EMPTY_ARRAY_SIZE 0
| #define SIZEOF_UNSIGNED_INT 4
| #define SIZEOF_UNSIGNED_LONG 4
| #define HAVE_STDIO_H 1
| #define HAVE_STDARG_H 1
| #define HAVE_LIMITS_H 1
| #define HAVE_TIME_H 1
| #define HAVE_ERRNO_H 1
| #define HAVE_FCNTL_H 1
| #define HAVE_CTYPE_H 1
| #define HAVE_SYS_TYPES_H 1
| #define HAVE_SYS_SOCKET_H 1
| #define HAVE_SIGNAL_H 1
| #define HAVE_UNISTD_H 1
| #define HAVE_DLFCN_H 1
| #define HAVE_NETINET_IN_H 1
| #define HAVE_NETINET_IN_SYSTM_H 1
| #define HAVE_NETINET_TCP_H 1
| #define HAVE_ARPA_INET_H 1
| #define HAVE_NETDB_H 1
| #define HAVE_SYS_TIME_H 1
| #define HAVE_SYS_IOCTL_H 1
| #define HAVE_SYS_STAT_H 1
| #define HAVE_SYS_MMAN_H 1
| #define HAVE_SYS_FILE_H 1
| #define HAVE_SYS_WAIT_H 1
| #define HAVE_UNISTD_H 1
| #define HAVE_SIGNAL_H 1
| #define HAVE_LIBGEN_H 1
| #define HAVE_STROPTS_H 1
| #define HAVE_SYSLOG_H 1
| #define HAVE_PWD_H 1
| #define HAVE_GRP_H 1
| #define HAVE_SYS_UIO_H 1
| #define HAVE_LINUX_SOCKIOS_H 1
| #define HAVE_LINUX_TYPES_H 1
| #define HAVE_LINUX_ERRQUEUE_H 1
| #define HAVE_SYS_POLL_H 1
| #define HAVE_SYS_EPOLL_H 1
| #define HAVE_ERR_H 1
| #define HAVE_NET_IF_H 1
| #define HAVE_NETINET_IP_H 1
| #define HAVE_RESOLV_H 1
| #define HAVE_SYS_UN_H 1
| #define HAVE_IN_ADDR_T 1
| #define HAVE_IN_PORT_T 1
| #define HAVE_IPHDR 1
| #define HAVE_MSGHDR 1
| #define HAVE_CMSGHDR 1
| #define HAVE_IN_PKTINFO 1
| #define HAVE_SA_FAMILY_T 1
| /* end confdefs.h.  */
| 
| #ifdef HAVE_STDLIB_H
| #include <stdlib.h>
| #endif
| #ifdef HAVE_SYS_TYPES_H
| #include <sys/types.h>
| #endif
| #ifdef HAVE_SYS_SOCKET_H
| #include <sys/socket.h>
| #endif
| #ifdef HAVE_NET_IF_H
| #include <net/if.h>
| #endif
| #ifdef HAVE_NETINET_IN_H
| #include <netinet/in.h>
| #endif
| #ifdef HAVE_WINDOWS_H
| #include <windows.h>
| #endif
| #ifdef HAVE_WINSOCK2_H
| #include <winsock2.h>
| #endif
| #ifdef HAVE_WS2TCPIP_H
| #include <ws2tcpip.h>
| #endif
| #ifdef HAVE_NETINET_IN_SYSTM_H
| #include <netinet/in_systm.h>
| #endif
| #ifdef HAVE_NETINET_IP_H
| #include <netinet/ip.h>
| #endif
| 
| 
| 
| int
| main ()
| {
| static struct in_pktinfo ac_aggr;
| if (ac_aggr.ipi_spec_dst)
| return 0;
|   ;
|   return 0;
| }
configure:15169: /opt/lede-toolchain-ramips-mt7621_gcc-5.4.0_musl-1.1.24.Linux-x86_64/toolchain-mipsel_24kc_gcc-5.4.0_musl-1.1.24/bin/mipsel-openwrt-linux-musl-gcc -c -Os -Wall -DLINUX26 -DCONFIG_RALINK -DMUSL_LIBC -DDEBUG_NOISY -DDEBUG_RCTEST -D_GNU_SOURCE -D__UAPI_DEF_ETHHDR -DRALINK_DBDC_MODE -pipe -funit-at-a-time -Wno-pointer-sign -mtune=mips32 -mips32 -DLINUX_KERNEL_VERSION=263366 --sysroot=/opt/lede-toolchain-ramips-mt7621_gcc-5.4.0_musl-1.1.24.Linux-x86_64/toolchain-mipsel_24kc_gcc-5.4.0_musl-1.1.24  -ffunction-sections -fdata-sections -std=gnu99 		-DASUSWRT  conftest.c >&5
configure:15169: $? = 0
configure:15169: result: yes
configure:15178: checking for struct sockaddr_in6
configure:15178: /opt/lede-toolchain-ramips-mt7621_gcc-5.4.0_musl-1.1.24.Linux-x86_64/toolchain-mipsel_24kc_gcc-5.4.0_musl-1.1.24/bin/mipsel-openwrt-linux-musl-gcc -c -Os -Wall -DLINUX26 -DCONFIG_RALINK -DMUSL_LIBC -DDEBUG_NOISY -DDEBUG_RCTEST -D_GNU_SOURCE -D__UAPI_DEF_ETHHDR -DRALINK_DBDC_MODE -pipe -funit-at-a-time -Wno-pointer-sign -mtune=mips32 -mips32 -DLINUX_KERNEL_VERSION=263366 --sysroot=/opt/lede-toolchain-ramips-mt7621_gcc-5.4.0_musl-1.1.24.Linux-x86_64/toolchain-mipsel_24kc_gcc-5.4.0_musl-1.1.24  -ffunction-sections -fdata-sections -std=gnu99 		-DASUSWRT  conftest.c >&5
configure:15178: $? = 0
configure:15178: /opt/lede-toolchain-ramips-mt7621_gcc-5.4.0_musl-1.1.24.Linux-x86_64/toolchain-mipsel_24kc_gcc-5.4.0_musl-1.1.24/bin/mipsel-openwrt-linux-musl-gcc -c -Os -Wall -DLINUX26 -DCONFIG_RALINK -DMUSL_LIBC -DDEBUG_NOISY -DDEBUG_RCTEST -D_GNU_SOURCE -D__UAPI_DEF_ETHHDR -DRALINK_DBDC_MODE -pipe -funit-at-a-time -Wno-pointer-sign -mtune=mips32 -mips32 -DLINUX_KERNEL_VERSION=263366 --sysroot=/opt/lede-toolchain-ramips-mt7621_gcc-5.4.0_musl-1.1.24.Linux-x86_64/toolchain-mipsel_24kc_gcc-5.4.0_musl-1.1.24  -ffunction-sections -fdata-sections -std=gnu99 		-DASUSWRT  conftest.c >&5
conftest.c: In function 'main':
conftest.c:131:34: error: expected expression before ')' token
 if (sizeof ((struct sockaddr_in6)))
                                  ^
configure:15178: $? = 1
configure: failed program was:
| /* confdefs.h */
| #define PACKAGE_NAME "OpenVPN"
| #define PACKAGE_TARNAME "openvpn"
| #define PACKAGE_VERSION "2.4.12"
| #define PACKAGE_STRING "OpenVPN 2.4.12"
| #define PACKAGE_BUGREPORT "openvpn-users@lists.sourceforge.net"
| #define PACKAGE_URL ""
| #define OPENVPN_VERSION_RESOURCE 2,4,12,0
| #define OPENVPN_VERSION_MAJOR 2
| #define OPENVPN_VERSION_MINOR 4
| #define OPENVPN_VERSION_PATCH ".12"
| #define PACKAGE "openvpn"
| #define VERSION "2.4.12"
| #define STDC_HEADERS 1
| #define HAVE_SYS_TYPES_H 1
| #define HAVE_SYS_STAT_H 1
| #define HAVE_STDLIB_H 1
| #define HAVE_STRING_H 1
| #define HAVE_MEMORY_H 1
| #define HAVE_STRINGS_H 1
| #define HAVE_INTTYPES_H 1
| #define HAVE_STDINT_H 1
| #define HAVE_UNISTD_H 1
| #define __EXTENSIONS__ 1
| #define _ALL_SOURCE 1
| #define _GNU_SOURCE 1
| #define _POSIX_PTHREAD_SEMANTICS 1
| #define _TANDEM_SOURCE 1
| #define TARGET_ALIAS "mipsel-unknown-linux-gnu"
| #define TARGET_LINUX 1
| #define TARGET_PREFIX "L"
| #define IFCONFIG_PATH "/sbin/ifconfig"
| #define IPROUTE_PATH "/usr/sbin/ip"
| #define ROUTE_PATH "/sbin/route"
| #define SYSTEMD_ASK_PASSWORD_PATH ""
| #define HAVE_DLFCN_H 1
| #define LT_OBJDIR ".libs/"
| #define RETSIGTYPE void
| #define HAVE_CPP_VARARG_MACRO_ISO 1
| #define HAVE_CPP_VARARG_MACRO_GCC 1
| #define EMPTY_ARRAY_SIZE 0
| #define SIZEOF_UNSIGNED_INT 4
| #define SIZEOF_UNSIGNED_LONG 4
| #define HAVE_STDIO_H 1
| #define HAVE_STDARG_H 1
| #define HAVE_LIMITS_H 1
| #define HAVE_TIME_H 1
| #define HAVE_ERRNO_H 1
| #define HAVE_FCNTL_H 1
| #define HAVE_CTYPE_H 1
| #define HAVE_SYS_TYPES_H 1
| #define HAVE_SYS_SOCKET_H 1
| #define HAVE_SIGNAL_H 1
| #define HAVE_UNISTD_H 1
| #define HAVE_DLFCN_H 1
| #define HAVE_NETINET_IN_H 1
| #define HAVE_NETINET_IN_SYSTM_H 1
| #define HAVE_NETINET_TCP_H 1
| #define HAVE_ARPA_INET_H 1
| #define HAVE_NETDB_H 1
| #define HAVE_SYS_TIME_H 1
| #define HAVE_SYS_IOCTL_H 1
| #define HAVE_SYS_STAT_H 1
| #define HAVE_SYS_MMAN_H 1
| #define HAVE_SYS_FILE_H 1
| #define HAVE_SYS_WAIT_H 1
| #define HAVE_UNISTD_H 1
| #define HAVE_SIGNAL_H 1
| #define HAVE_LIBGEN_H 1
| #define HAVE_STROPTS_H 1
| #define HAVE_SYSLOG_H 1
| #define HAVE_PWD_H 1
| #define HAVE_GRP_H 1
| #define HAVE_SYS_UIO_H 1
| #define HAVE_LINUX_SOCKIOS_H 1
| #define HAVE_LINUX_TYPES_H 1
| #define HAVE_LINUX_ERRQUEUE_H 1
| #define HAVE_SYS_POLL_H 1
| #define HAVE_SYS_EPOLL_H 1
| #define HAVE_ERR_H 1
| #define HAVE_NET_IF_H 1
| #define HAVE_NETINET_IP_H 1
| #define HAVE_RESOLV_H 1
| #define HAVE_SYS_UN_H 1
| #define HAVE_IN_ADDR_T 1
| #define HAVE_IN_PORT_T 1
| #define HAVE_IPHDR 1
| #define HAVE_MSGHDR 1
| #define HAVE_CMSGHDR 1
| #define HAVE_IN_PKTINFO 1
| #define HAVE_SA_FAMILY_T 1
| #define HAVE_IPI_SPEC_DST 1
| /* end confdefs.h.  */
| 
| #ifdef HAVE_STDLIB_H
| #include <stdlib.h>
| #endif
| #ifdef HAVE_SYS_TYPES_H
| #include <sys/types.h>
| #endif
| #ifdef HAVE_SYS_SOCKET_H
| #include <sys/socket.h>
| #endif
| #ifdef HAVE_NET_IF_H
| #include <net/if.h>
| #endif
| #ifdef HAVE_NETINET_IN_H
| #include <netinet/in.h>
| #endif
| #ifdef HAVE_WINDOWS_H
| #include <windows.h>
| #endif
| #ifdef HAVE_WINSOCK2_H
| #include <winsock2.h>
| #endif
| #ifdef HAVE_WS2TCPIP_H
| #include <ws2tcpip.h>
| #endif
| #ifdef HAVE_NETINET_IN_SYSTM_H
| #include <netinet/in_systm.h>
| #endif
| #ifdef HAVE_NETINET_IP_H
| #include <netinet/ip.h>
| #endif
| 
| 
| 
| int
| main ()
| {
| if (sizeof ((struct sockaddr_in6)))
| 	    return 0;
|   ;
|   return 0;
| }
configure:15178: result: yes
configure:15187: checking whether SO_MARK is declared
configure:15187: /opt/lede-toolchain-ramips-mt7621_gcc-5.4.0_musl-1.1.24.Linux-x86_64/toolchain-mipsel_24kc_gcc-5.4.0_musl-1.1.24/bin/mipsel-openwrt-linux-musl-gcc -c -Os -Wall -DLINUX26 -DCONFIG_RALINK -DMUSL_LIBC -DDEBUG_NOISY -DDEBUG_RCTEST -D_GNU_SOURCE -D__UAPI_DEF_ETHHDR -DRALINK_DBDC_MODE -pipe -funit-at-a-time -Wno-pointer-sign -mtune=mips32 -mips32 -DLINUX_KERNEL_VERSION=263366 --sysroot=/opt/lede-toolchain-ramips-mt7621_gcc-5.4.0_musl-1.1.24.Linux-x86_64/toolchain-mipsel_24kc_gcc-5.4.0_musl-1.1.24  -ffunction-sections -fdata-sections -std=gnu99 		-DASUSWRT  conftest.c >&5
configure:15187: $? = 0
configure:15187: result: yes
configure:15200: checking anonymous union support...
configure:15224: /opt/lede-toolchain-ramips-mt7621_gcc-5.4.0_musl-1.1.24.Linux-x86_64/toolchain-mipsel_24kc_gcc-5.4.0_musl-1.1.24/bin/mipsel-openwrt-linux-musl-gcc -c -Os -Wall -DLINUX26 -DCONFIG_RALINK -DMUSL_LIBC -DDEBUG_NOISY -DDEBUG_RCTEST -D_GNU_SOURCE -D__UAPI_DEF_ETHHDR -DRALINK_DBDC_MODE -pipe -funit-at-a-time -Wno-pointer-sign -mtune=mips32 -mips32 -DLINUX_KERNEL_VERSION=263366 --sysroot=/opt/lede-toolchain-ramips-mt7621_gcc-5.4.0_musl-1.1.24.Linux-x86_64/toolchain-mipsel_24kc_gcc-5.4.0_musl-1.1.24  -ffunction-sections -fdata-sections -std=gnu99 		-DASUSWRT  conftest.c >&5
conftest.c: In function 'main':
conftest.c:107:20: warning: variable 's' set but not used [-Wunused-but-set-variable]
    struct mystruct s;
                    ^
configure:15224: $? = 0
configure:15226: result: yes
configure:15241: checking linker supports --wrap
configure:15263: /opt/lede-toolchain-ramips-mt7621_gcc-5.4.0_musl-1.1.24.Linux-x86_64/toolchain-mipsel_24kc_gcc-5.4.0_musl-1.1.24/bin/mipsel-openwrt-linux-musl-gcc -o conftest -Os -Wall -DLINUX26 -DCONFIG_RALINK -DMUSL_LIBC -DDEBUG_NOISY -DDEBUG_RCTEST -D_GNU_SOURCE -D__UAPI_DEF_ETHHDR -DRALINK_DBDC_MODE -pipe -funit-at-a-time -Wno-pointer-sign -mtune=mips32 -mips32 -DLINUX_KERNEL_VERSION=263366 --sysroot=/opt/lede-toolchain-ramips-mt7621_gcc-5.4.0_musl-1.1.24.Linux-x86_64/toolchain-mipsel_24kc_gcc-5.4.0_musl-1.1.24  -ffunction-sections -fdata-sections -std=gnu99 		-DASUSWRT  --sysroot=/opt/lede-toolchain-ramips-mt7621_gcc-5.4.0_musl-1.1.24.Linux-x86_64/toolchain-mipsel_24kc_gcc-5.4.0_musl-1.1.24 -ffunction-sections -fdata-sections 		-Wl,--gc-sections 		-lpthread -ldl 		-L/repo/Pass_GPL/asuswrt/release/src-ra-openwrt-4210/router/zlib -lz -Wl,--wrap=exit conftest.c  >&5
configure:15263: $? = 0
configure:15265: result: yes
configure:15277: checking whether SIGHUP is declared
configure:15277: /opt/lede-toolchain-ramips-mt7621_gcc-5.4.0_musl-1.1.24.Linux-x86_64/toolchain-mipsel_24kc_gcc-5.4.0_musl-1.1.24/bin/mipsel-openwrt-linux-musl-gcc -c -Os -Wall -DLINUX26 -DCONFIG_RALINK -DMUSL_LIBC -DDEBUG_NOISY -DDEBUG_RCTEST -D_GNU_SOURCE -D__UAPI_DEF_ETHHDR -DRALINK_DBDC_MODE -pipe -funit-at-a-time -Wno-pointer-sign -mtune=mips32 -mips32 -DLINUX_KERNEL_VERSION=263366 --sysroot=/opt/lede-toolchain-ramips-mt7621_gcc-5.4.0_musl-1.1.24.Linux-x86_64/toolchain-mipsel_24kc_gcc-5.4.0_musl-1.1.24  -ffunction-sections -fdata-sections -std=gnu99 		-DASUSWRT  conftest.c >&5
configure:15277: $? = 0
configure:15277: result: yes
configure:15301: checking whether SIGINT is declared
configure:15301: /opt/lede-toolchain-ramips-mt7621_gcc-5.4.0_musl-1.1.24.Linux-x86_64/toolchain-mipsel_24kc_gcc-5.4.0_musl-1.1.24/bin/mipsel-openwrt-linux-musl-gcc -c -Os -Wall -DLINUX26 -DCONFIG_RALINK -DMUSL_LIBC -DDEBUG_NOISY -DDEBUG_RCTEST -D_GNU_SOURCE -D__UAPI_DEF_ETHHDR -DRALINK_DBDC_MODE -pipe -funit-at-a-time -Wno-pointer-sign -mtune=mips32 -mips32 -DLINUX_KERNEL_VERSION=263366 --sysroot=/opt/lede-toolchain-ramips-mt7621_gcc-5.4.0_musl-1.1.24.Linux-x86_64/toolchain-mipsel_24kc_gcc-5.4.0_musl-1.1.24  -ffunction-sections -fdata-sections -std=gnu99 		-DASUSWRT  conftest.c >&5
configure:15301: $? = 0
configure:15301: result: yes
configure:15325: checking whether SIGUSR1 is declared
configure:15325: /opt/lede-toolchain-ramips-mt7621_gcc-5.4.0_musl-1.1.24.Linux-x86_64/toolchain-mipsel_24kc_gcc-5.4.0_musl-1.1.24/bin/mipsel-openwrt-linux-musl-gcc -c -Os -Wall -DLINUX26 -DCONFIG_RALINK -DMUSL_LIBC -DDEBUG_NOISY -DDEBUG_RCTEST -D_GNU_SOURCE -D__UAPI_DEF_ETHHDR -DRALINK_DBDC_MODE -pipe -funit-at-a-time -Wno-pointer-sign -mtune=mips32 -mips32 -DLINUX_KERNEL_VERSION=263366 --sysroot=/opt/lede-toolchain-ramips-mt7621_gcc-5.4.0_musl-1.1.24.Linux-x86_64/toolchain-mipsel_24kc_gcc-5.4.0_musl-1.1.24  -ffunction-sections -fdata-sections -std=gnu99 		-DASUSWRT  conftest.c >&5
configure:15325: $? = 0
configure:15325: result: yes
configure:15349: checking whether SIGUSR2 is declared
configure:15349: /opt/lede-toolchain-ramips-mt7621_gcc-5.4.0_musl-1.1.24.Linux-x86_64/toolchain-mipsel_24kc_gcc-5.4.0_musl-1.1.24/bin/mipsel-openwrt-linux-musl-gcc -c -Os -Wall -DLINUX26 -DCONFIG_RALINK -DMUSL_LIBC -DDEBUG_NOISY -DDEBUG_RCTEST -D_GNU_SOURCE -D__UAPI_DEF_ETHHDR -DRALINK_DBDC_MODE -pipe -funit-at-a-time -Wno-pointer-sign -mtune=mips32 -mips32 -DLINUX_KERNEL_VERSION=263366 --sysroot=/opt/lede-toolchain-ramips-mt7621_gcc-5.4.0_musl-1.1.24.Linux-x86_64/toolchain-mipsel_24kc_gcc-5.4.0_musl-1.1.24  -ffunction-sections -fdata-sections -std=gnu99 		-DASUSWRT  conftest.c >&5
configure:15349: $? = 0
configure:15349: result: yes
configure:15373: checking whether SIGTERM is declared
configure:15373: /opt/lede-toolchain-ramips-mt7621_gcc-5.4.0_musl-1.1.24.Linux-x86_64/toolchain-mipsel_24kc_gcc-5.4.0_musl-1.1.24/bin/mipsel-openwrt-linux-musl-gcc -c -Os -Wall -DLINUX26 -DCONFIG_RALINK -DMUSL_LIBC -DDEBUG_NOISY -DDEBUG_RCTEST -D_GNU_SOURCE -D__UAPI_DEF_ETHHDR -DRALINK_DBDC_MODE -pipe -funit-at-a-time -Wno-pointer-sign -mtune=mips32 -mips32 -DLINUX_KERNEL_VERSION=263366 --sysroot=/opt/lede-toolchain-ramips-mt7621_gcc-5.4.0_musl-1.1.24.Linux-x86_64/toolchain-mipsel_24kc_gcc-5.4.0_musl-1.1.24  -ffunction-sections -fdata-sections -std=gnu99 		-DASUSWRT  conftest.c >&5
configure:15373: $? = 0
configure:15373: result: yes
configure:15400: checking vfork.h usability
configure:15400: /opt/lede-toolchain-ramips-mt7621_gcc-5.4.0_musl-1.1.24.Linux-x86_64/toolchain-mipsel_24kc_gcc-5.4.0_musl-1.1.24/bin/mipsel-openwrt-linux-musl-gcc -c -Os -Wall -DLINUX26 -DCONFIG_RALINK -DMUSL_LIBC -DDEBUG_NOISY -DDEBUG_RCTEST -D_GNU_SOURCE -D__UAPI_DEF_ETHHDR -DRALINK_DBDC_MODE -pipe -funit-at-a-time -Wno-pointer-sign -mtune=mips32 -mips32 -DLINUX_KERNEL_VERSION=263366 --sysroot=/opt/lede-toolchain-ramips-mt7621_gcc-5.4.0_musl-1.1.24.Linux-x86_64/toolchain-mipsel_24kc_gcc-5.4.0_musl-1.1.24  -ffunction-sections -fdata-sections -std=gnu99 		-DASUSWRT  conftest.c >&5
conftest.c:134:19: fatal error: vfork.h: No such file or directory
compilation terminated.
configure:15400: $? = 1
configure: failed program was:
| /* confdefs.h */
| #define PACKAGE_NAME "OpenVPN"
| #define PACKAGE_TARNAME "openvpn"
| #define PACKAGE_VERSION "2.4.12"
| #define PACKAGE_STRING "OpenVPN 2.4.12"
| #define PACKAGE_BUGREPORT "openvpn-users@lists.sourceforge.net"
| #define PACKAGE_URL ""
| #define OPENVPN_VERSION_RESOURCE 2,4,12,0
| #define OPENVPN_VERSION_MAJOR 2
| #define OPENVPN_VERSION_MINOR 4
| #define OPENVPN_VERSION_PATCH ".12"
| #define PACKAGE "openvpn"
| #define VERSION "2.4.12"
| #define STDC_HEADERS 1
| #define HAVE_SYS_TYPES_H 1
| #define HAVE_SYS_STAT_H 1
| #define HAVE_STDLIB_H 1
| #define HAVE_STRING_H 1
| #define HAVE_MEMORY_H 1
| #define HAVE_STRINGS_H 1
| #define HAVE_INTTYPES_H 1
| #define HAVE_STDINT_H 1
| #define HAVE_UNISTD_H 1
| #define __EXTENSIONS__ 1
| #define _ALL_SOURCE 1
| #define _GNU_SOURCE 1
| #define _POSIX_PTHREAD_SEMANTICS 1
| #define _TANDEM_SOURCE 1
| #define TARGET_ALIAS "mipsel-unknown-linux-gnu"
| #define TARGET_LINUX 1
| #define TARGET_PREFIX "L"
| #define IFCONFIG_PATH "/sbin/ifconfig"
| #define IPROUTE_PATH "/usr/sbin/ip"
| #define ROUTE_PATH "/sbin/route"
| #define SYSTEMD_ASK_PASSWORD_PATH ""
| #define HAVE_DLFCN_H 1
| #define LT_OBJDIR ".libs/"
| #define RETSIGTYPE void
| #define HAVE_CPP_VARARG_MACRO_ISO 1
| #define HAVE_CPP_VARARG_MACRO_GCC 1
| #define EMPTY_ARRAY_SIZE 0
| #define SIZEOF_UNSIGNED_INT 4
| #define SIZEOF_UNSIGNED_LONG 4
| #define HAVE_STDIO_H 1
| #define HAVE_STDARG_H 1
| #define HAVE_LIMITS_H 1
| #define HAVE_TIME_H 1
| #define HAVE_ERRNO_H 1
| #define HAVE_FCNTL_H 1
| #define HAVE_CTYPE_H 1
| #define HAVE_SYS_TYPES_H 1
| #define HAVE_SYS_SOCKET_H 1
| #define HAVE_SIGNAL_H 1
| #define HAVE_UNISTD_H 1
| #define HAVE_DLFCN_H 1
| #define HAVE_NETINET_IN_H 1
| #define HAVE_NETINET_IN_SYSTM_H 1
| #define HAVE_NETINET_TCP_H 1
| #define HAVE_ARPA_INET_H 1
| #define HAVE_NETDB_H 1
| #define HAVE_SYS_TIME_H 1
| #define HAVE_SYS_IOCTL_H 1
| #define HAVE_SYS_STAT_H 1
| #define HAVE_SYS_MMAN_H 1
| #define HAVE_SYS_FILE_H 1
| #define HAVE_SYS_WAIT_H 1
| #define HAVE_UNISTD_H 1
| #define HAVE_SIGNAL_H 1
| #define HAVE_LIBGEN_H 1
| #define HAVE_STROPTS_H 1
| #define HAVE_SYSLOG_H 1
| #define HAVE_PWD_H 1
| #define HAVE_GRP_H 1
| #define HAVE_SYS_UIO_H 1
| #define HAVE_LINUX_SOCKIOS_H 1
| #define HAVE_LINUX_TYPES_H 1
| #define HAVE_LINUX_ERRQUEUE_H 1
| #define HAVE_SYS_POLL_H 1
| #define HAVE_SYS_EPOLL_H 1
| #define HAVE_ERR_H 1
| #define HAVE_NET_IF_H 1
| #define HAVE_NETINET_IP_H 1
| #define HAVE_RESOLV_H 1
| #define HAVE_SYS_UN_H 1
| #define HAVE_IN_ADDR_T 1
| #define HAVE_IN_PORT_T 1
| #define HAVE_IPHDR 1
| #define HAVE_MSGHDR 1
| #define HAVE_CMSGHDR 1
| #define HAVE_IN_PKTINFO 1
| #define HAVE_SA_FAMILY_T 1
| #define HAVE_IPI_SPEC_DST 1
| #define HAVE_DECL_SO_MARK 1
| #define HAVE_ANONYMOUS_UNION_SUPPORT /**/
| #define HAVE_DECL_SIGHUP 1
| #define HAVE_DECL_SIGINT 1
| #define HAVE_DECL_SIGUSR1 1
| #define HAVE_DECL_SIGUSR2 1
| #define HAVE_DECL_SIGTERM 1
| /* end confdefs.h.  */
| #include <stdio.h>
| #ifdef HAVE_SYS_TYPES_H
| # include <sys/types.h>
| #endif
| #ifdef HAVE_SYS_STAT_H
| # include <sys/stat.h>
| #endif
| #ifdef STDC_HEADERS
| # include <stdlib.h>
| # include <stddef.h>
| #else
| # ifdef HAVE_STDLIB_H
| #  include <stdlib.h>
| # endif
| #endif
| #ifdef HAVE_STRING_H
| # if !defined STDC_HEADERS && defined HAVE_MEMORY_H
| #  include <memory.h>
| # endif
| # include <string.h>
| #endif
| #ifdef HAVE_STRINGS_H
| # include <strings.h>
| #endif
| #ifdef HAVE_INTTYPES_H
| # include <inttypes.h>
| #endif
| #ifdef HAVE_STDINT_H
| # include <stdint.h>
| #endif
| #ifdef HAVE_UNISTD_H
| # include <unistd.h>
| #endif
| #include <vfork.h>
configure:15400: result: no
configure:15400: checking vfork.h presence
configure:15400: /opt/lede-toolchain-ramips-mt7621_gcc-5.4.0_musl-1.1.24.Linux-x86_64/toolchain-mipsel_24kc_gcc-5.4.0_musl-1.1.24/bin/mipsel-openwrt-linux-musl-gcc -E  conftest.c
conftest.c:101:19: fatal error: vfork.h: No such file or directory
compilation terminated.
configure:15400: $? = 1
configure: failed program was:
| /* confdefs.h */
| #define PACKAGE_NAME "OpenVPN"
| #define PACKAGE_TARNAME "openvpn"
| #define PACKAGE_VERSION "2.4.12"
| #define PACKAGE_STRING "OpenVPN 2.4.12"
| #define PACKAGE_BUGREPORT "openvpn-users@lists.sourceforge.net"
| #define PACKAGE_URL ""
| #define OPENVPN_VERSION_RESOURCE 2,4,12,0
| #define OPENVPN_VERSION_MAJOR 2
| #define OPENVPN_VERSION_MINOR 4
| #define OPENVPN_VERSION_PATCH ".12"
| #define PACKAGE "openvpn"
| #define VERSION "2.4.12"
| #define STDC_HEADERS 1
| #define HAVE_SYS_TYPES_H 1
| #define HAVE_SYS_STAT_H 1
| #define HAVE_STDLIB_H 1
| #define HAVE_STRING_H 1
| #define HAVE_MEMORY_H 1
| #define HAVE_STRINGS_H 1
| #define HAVE_INTTYPES_H 1
| #define HAVE_STDINT_H 1
| #define HAVE_UNISTD_H 1
| #define __EXTENSIONS__ 1
| #define _ALL_SOURCE 1
| #define _GNU_SOURCE 1
| #define _POSIX_PTHREAD_SEMANTICS 1
| #define _TANDEM_SOURCE 1
| #define TARGET_ALIAS "mipsel-unknown-linux-gnu"
| #define TARGET_LINUX 1
| #define TARGET_PREFIX "L"
| #define IFCONFIG_PATH "/sbin/ifconfig"
| #define IPROUTE_PATH "/usr/sbin/ip"
| #define ROUTE_PATH "/sbin/route"
| #define SYSTEMD_ASK_PASSWORD_PATH ""
| #define HAVE_DLFCN_H 1
| #define LT_OBJDIR ".libs/"
| #define RETSIGTYPE void
| #define HAVE_CPP_VARARG_MACRO_ISO 1
| #define HAVE_CPP_VARARG_MACRO_GCC 1
| #define EMPTY_ARRAY_SIZE 0
| #define SIZEOF_UNSIGNED_INT 4
| #define SIZEOF_UNSIGNED_LONG 4
| #define HAVE_STDIO_H 1
| #define HAVE_STDARG_H 1
| #define HAVE_LIMITS_H 1
| #define HAVE_TIME_H 1
| #define HAVE_ERRNO_H 1
| #define HAVE_FCNTL_H 1
| #define HAVE_CTYPE_H 1
| #define HAVE_SYS_TYPES_H 1
| #define HAVE_SYS_SOCKET_H 1
| #define HAVE_SIGNAL_H 1
| #define HAVE_UNISTD_H 1
| #define HAVE_DLFCN_H 1
| #define HAVE_NETINET_IN_H 1
| #define HAVE_NETINET_IN_SYSTM_H 1
| #define HAVE_NETINET_TCP_H 1
| #define HAVE_ARPA_INET_H 1
| #define HAVE_NETDB_H 1
| #define HAVE_SYS_TIME_H 1
| #define HAVE_SYS_IOCTL_H 1
| #define HAVE_SYS_STAT_H 1
| #define HAVE_SYS_MMAN_H 1
| #define HAVE_SYS_FILE_H 1
| #define HAVE_SYS_WAIT_H 1
| #define HAVE_UNISTD_H 1
| #define HAVE_SIGNAL_H 1
| #define HAVE_LIBGEN_H 1
| #define HAVE_STROPTS_H 1
| #define HAVE_SYSLOG_H 1
| #define HAVE_PWD_H 1
| #define HAVE_GRP_H 1
| #define HAVE_SYS_UIO_H 1
| #define HAVE_LINUX_SOCKIOS_H 1
| #define HAVE_LINUX_TYPES_H 1
| #define HAVE_LINUX_ERRQUEUE_H 1
| #define HAVE_SYS_POLL_H 1
| #define HAVE_SYS_EPOLL_H 1
| #define HAVE_ERR_H 1
| #define HAVE_NET_IF_H 1
| #define HAVE_NETINET_IP_H 1
| #define HAVE_RESOLV_H 1
| #define HAVE_SYS_UN_H 1
| #define HAVE_IN_ADDR_T 1
| #define HAVE_IN_PORT_T 1
| #define HAVE_IPHDR 1
| #define HAVE_MSGHDR 1
| #define HAVE_CMSGHDR 1
| #define HAVE_IN_PKTINFO 1
| #define HAVE_SA_FAMILY_T 1
| #define HAVE_IPI_SPEC_DST 1
| #define HAVE_DECL_SO_MARK 1
| #define HAVE_ANONYMOUS_UNION_SUPPORT /**/
| #define HAVE_DECL_SIGHUP 1
| #define HAVE_DECL_SIGINT 1
| #define HAVE_DECL_SIGUSR1 1
| #define HAVE_DECL_SIGUSR2 1
| #define HAVE_DECL_SIGTERM 1
| /* end confdefs.h.  */
| #include <vfork.h>
configure:15400: result: no
configure:15400: checking for vfork.h
configure:15400: result: no
configure:15413: checking for fork
configure:15413: /opt/lede-toolchain-ramips-mt7621_gcc-5.4.0_musl-1.1.24.Linux-x86_64/toolchain-mipsel_24kc_gcc-5.4.0_musl-1.1.24/bin/mipsel-openwrt-linux-musl-gcc -o conftest -Os -Wall -DLINUX26 -DCONFIG_RALINK -DMUSL_LIBC -DDEBUG_NOISY -DDEBUG_RCTEST -D_GNU_SOURCE -D__UAPI_DEF_ETHHDR -DRALINK_DBDC_MODE -pipe -funit-at-a-time -Wno-pointer-sign -mtune=mips32 -mips32 -DLINUX_KERNEL_VERSION=263366 --sysroot=/opt/lede-toolchain-ramips-mt7621_gcc-5.4.0_musl-1.1.24.Linux-x86_64/toolchain-mipsel_24kc_gcc-5.4.0_musl-1.1.24  -ffunction-sections -fdata-sections -std=gnu99 		-DASUSWRT  --sysroot=/opt/lede-toolchain-ramips-mt7621_gcc-5.4.0_musl-1.1.24.Linux-x86_64/toolchain-mipsel_24kc_gcc-5.4.0_musl-1.1.24 -ffunction-sections -fdata-sections 		-Wl,--gc-sections 		-lpthread -ldl 		-L/repo/Pass_GPL/asuswrt/release/src-ra-openwrt-4210/router/zlib -lz conftest.c  >&5
conftest.c:124:6: warning: conflicting types for built-in function 'fork'
 char fork ();
      ^
configure:15413: $? = 0
configure:15413: result: yes
configure:15413: checking for vfork
configure:15413: /opt/lede-toolchain-ramips-mt7621_gcc-5.4.0_musl-1.1.24.Linux-x86_64/toolchain-mipsel_24kc_gcc-5.4.0_musl-1.1.24/bin/mipsel-openwrt-linux-musl-gcc -o conftest -Os -Wall -DLINUX26 -DCONFIG_RALINK -DMUSL_LIBC -DDEBUG_NOISY -DDEBUG_RCTEST -D_GNU_SOURCE -D__UAPI_DEF_ETHHDR -DRALINK_DBDC_MODE -pipe -funit-at-a-time -Wno-pointer-sign -mtune=mips32 -mips32 -DLINUX_KERNEL_VERSION=263366 --sysroot=/opt/lede-toolchain-ramips-mt7621_gcc-5.4.0_musl-1.1.24.Linux-x86_64/toolchain-mipsel_24kc_gcc-5.4.0_musl-1.1.24  -ffunction-sections -fdata-sections -std=gnu99 		-DASUSWRT  --sysroot=/opt/lede-toolchain-ramips-mt7621_gcc-5.4.0_musl-1.1.24.Linux-x86_64/toolchain-mipsel_24kc_gcc-5.4.0_musl-1.1.24 -ffunction-sections -fdata-sections 		-Wl,--gc-sections 		-lpthread -ldl 		-L/repo/Pass_GPL/asuswrt/release/src-ra-openwrt-4210/router/zlib -lz conftest.c  >&5
configure:15413: $? = 0
configure:15413: result: yes
configure:15423: checking for working fork
configure:15455: result: cross
configure:15471: WARNING: result yes guessed because of cross compilation
configure:15476: checking for working vfork
configure:15586: result: yes
configure:15623: checking for daemon
configure:15623: /opt/lede-toolchain-ramips-mt7621_gcc-5.4.0_musl-1.1.24.Linux-x86_64/toolchain-mipsel_24kc_gcc-5.4.0_musl-1.1.24/bin/mipsel-openwrt-linux-musl-gcc -o conftest -Os -Wall -DLINUX26 -DCONFIG_RALINK -DMUSL_LIBC -DDEBUG_NOISY -DDEBUG_RCTEST -D_GNU_SOURCE -D__UAPI_DEF_ETHHDR -DRALINK_DBDC_MODE -pipe -funit-at-a-time -Wno-pointer-sign -mtune=mips32 -mips32 -DLINUX_KERNEL_VERSION=263366 --sysroot=/opt/lede-toolchain-ramips-mt7621_gcc-5.4.0_musl-1.1.24.Linux-x86_64/toolchain-mipsel_24kc_gcc-5.4.0_musl-1.1.24  -ffunction-sections -fdata-sections -std=gnu99 		-DASUSWRT  --sysroot=/opt/lede-toolchain-ramips-mt7621_gcc-5.4.0_musl-1.1.24.Linux-x86_64/toolchain-mipsel_24kc_gcc-5.4.0_musl-1.1.24 -ffunction-sections -fdata-sections 		-Wl,--gc-sections 		-lpthread -ldl 		-L/repo/Pass_GPL/asuswrt/release/src-ra-openwrt-4210/router/zlib -lz conftest.c  >&5
configure:15623: $? = 0
configure:15623: result: yes
configure:15623: checking for chroot
configure:15623: /opt/lede-toolchain-ramips-mt7621_gcc-5.4.0_musl-1.1.24.Linux-x86_64/toolchain-mipsel_24kc_gcc-5.4.0_musl-1.1.24/bin/mipsel-openwrt-linux-musl-gcc -o conftest -Os -Wall -DLINUX26 -DCONFIG_RALINK -DMUSL_LIBC -DDEBUG_NOISY -DDEBUG_RCTEST -D_GNU_SOURCE -D__UAPI_DEF_ETHHDR -DRALINK_DBDC_MODE -pipe -funit-at-a-time -Wno-pointer-sign -mtune=mips32 -mips32 -DLINUX_KERNEL_VERSION=263366 --sysroot=/opt/lede-toolchain-ramips-mt7621_gcc-5.4.0_musl-1.1.24.Linux-x86_64/toolchain-mipsel_24kc_gcc-5.4.0_musl-1.1.24  -ffunction-sections -fdata-sections -std=gnu99 		-DASUSWRT  --sysroot=/opt/lede-toolchain-ramips-mt7621_gcc-5.4.0_musl-1.1.24.Linux-x86_64/toolchain-mipsel_24kc_gcc-5.4.0_musl-1.1.24 -ffunction-sections -fdata-sections 		-Wl,--gc-sections 		-lpthread -ldl 		-L/repo/Pass_GPL/asuswrt/release/src-ra-openwrt-4210/router/zlib -lz conftest.c  >&5
configure:15623: $? = 0
configure:15623: result: yes
configure:15623: checking for getpwnam
configure:15623: /opt/lede-toolchain-ramips-mt7621_gcc-5.4.0_musl-1.1.24.Linux-x86_64/toolchain-mipsel_24kc_gcc-5.4.0_musl-1.1.24/bin/mipsel-openwrt-linux-musl-gcc -o conftest -Os -Wall -DLINUX26 -DCONFIG_RALINK -DMUSL_LIBC -DDEBUG_NOISY -DDEBUG_RCTEST -D_GNU_SOURCE -D__UAPI_DEF_ETHHDR -DRALINK_DBDC_MODE -pipe -funit-at-a-time -Wno-pointer-sign -mtune=mips32 -mips32 -DLINUX_KERNEL_VERSION=263366 --sysroot=/opt/lede-toolchain-ramips-mt7621_gcc-5.4.0_musl-1.1.24.Linux-x86_64/toolchain-mipsel_24kc_gcc-5.4.0_musl-1.1.24  -ffunction-sections -fdata-sections -std=gnu99 		-DASUSWRT  --sysroot=/opt/lede-toolchain-ramips-mt7621_gcc-5.4.0_musl-1.1.24.Linux-x86_64/toolchain-mipsel_24kc_gcc-5.4.0_musl-1.1.24 -ffunction-sections -fdata-sections 		-Wl,--gc-sections 		-lpthread -ldl 		-L/repo/Pass_GPL/asuswrt/release/src-ra-openwrt-4210/router/zlib -lz conftest.c  >&5
configure:15623: $? = 0
configure:15623: result: yes
configure:15623: checking for setuid
configure:15623: /opt/lede-toolchain-ramips-mt7621_gcc-5.4.0_musl-1.1.24.Linux-x86_64/toolchain-mipsel_24kc_gcc-5.4.0_musl-1.1.24/bin/mipsel-openwrt-linux-musl-gcc -o conftest -Os -Wall -DLINUX26 -DCONFIG_RALINK -DMUSL_LIBC -DDEBUG_NOISY -DDEBUG_RCTEST -D_GNU_SOURCE -D__UAPI_DEF_ETHHDR -DRALINK_DBDC_MODE -pipe -funit-at-a-time -Wno-pointer-sign -mtune=mips32 -mips32 -DLINUX_KERNEL_VERSION=263366 --sysroot=/opt/lede-toolchain-ramips-mt7621_gcc-5.4.0_musl-1.1.24.Linux-x86_64/toolchain-mipsel_24kc_gcc-5.4.0_musl-1.1.24  -ffunction-sections -fdata-sections -std=gnu99 		-DASUSWRT  --sysroot=/opt/lede-toolchain-ramips-mt7621_gcc-5.4.0_musl-1.1.24.Linux-x86_64/toolchain-mipsel_24kc_gcc-5.4.0_musl-1.1.24 -ffunction-sections -fdata-sections 		-Wl,--gc-sections 		-lpthread -ldl 		-L/repo/Pass_GPL/asuswrt/release/src-ra-openwrt-4210/router/zlib -lz conftest.c  >&5
configure:15623: $? = 0
configure:15623: result: yes
configure:15623: checking for nice
configure:15623: /opt/lede-toolchain-ramips-mt7621_gcc-5.4.0_musl-1.1.24.Linux-x86_64/toolchain-mipsel_24kc_gcc-5.4.0_musl-1.1.24/bin/mipsel-openwrt-linux-musl-gcc -o conftest -Os -Wall -DLINUX26 -DCONFIG_RALINK -DMUSL_LIBC -DDEBUG_NOISY -DDEBUG_RCTEST -D_GNU_SOURCE -D__UAPI_DEF_ETHHDR -DRALINK_DBDC_MODE -pipe -funit-at-a-time -Wno-pointer-sign -mtune=mips32 -mips32 -DLINUX_KERNEL_VERSION=263366 --sysroot=/opt/lede-toolchain-ramips-mt7621_gcc-5.4.0_musl-1.1.24.Linux-x86_64/toolchain-mipsel_24kc_gcc-5.4.0_musl-1.1.24  -ffunction-sections -fdata-sections -std=gnu99 		-DASUSWRT  --sysroot=/opt/lede-toolchain-ramips-mt7621_gcc-5.4.0_musl-1.1.24.Linux-x86_64/toolchain-mipsel_24kc_gcc-5.4.0_musl-1.1.24 -ffunction-sections -fdata-sections 		-Wl,--gc-sections 		-lpthread -ldl 		-L/repo/Pass_GPL/asuswrt/release/src-ra-openwrt-4210/router/zlib -lz conftest.c  >&5
configure:15623: $? = 0
configure:15623: result: yes
configure:15623: checking for system
configure:15623: /opt/lede-toolchain-ramips-mt7621_gcc-5.4.0_musl-1.1.24.Linux-x86_64/toolchain-mipsel_24kc_gcc-5.4.0_musl-1.1.24/bin/mipsel-openwrt-linux-musl-gcc -o conftest -Os -Wall -DLINUX26 -DCONFIG_RALINK -DMUSL_LIBC -DDEBUG_NOISY -DDEBUG_RCTEST -D_GNU_SOURCE -D__UAPI_DEF_ETHHDR -DRALINK_DBDC_MODE -pipe -funit-at-a-time -Wno-pointer-sign -mtune=mips32 -mips32 -DLINUX_KERNEL_VERSION=263366 --sysroot=/opt/lede-toolchain-ramips-mt7621_gcc-5.4.0_musl-1.1.24.Linux-x86_64/toolchain-mipsel_24kc_gcc-5.4.0_musl-1.1.24  -ffunction-sections -fdata-sections -std=gnu99 		-DASUSWRT  --sysroot=/opt/lede-toolchain-ramips-mt7621_gcc-5.4.0_musl-1.1.24.Linux-x86_64/toolchain-mipsel_24kc_gcc-5.4.0_musl-1.1.24 -ffunction-sections -fdata-sections 		-Wl,--gc-sections 		-lpthread -ldl 		-L/repo/Pass_GPL/asuswrt/release/src-ra-openwrt-4210/router/zlib -lz conftest.c  >&5
configure:15623: $? = 0
configure:15623: result: yes
configure:15623: checking for getpid
configure:15623: /opt/lede-toolchain-ramips-mt7621_gcc-5.4.0_musl-1.1.24.Linux-x86_64/toolchain-mipsel_24kc_gcc-5.4.0_musl-1.1.24/bin/mipsel-openwrt-linux-musl-gcc -o conftest -Os -Wall -DLINUX26 -DCONFIG_RALINK -DMUSL_LIBC -DDEBUG_NOISY -DDEBUG_RCTEST -D_GNU_SOURCE -D__UAPI_DEF_ETHHDR -DRALINK_DBDC_MODE -pipe -funit-at-a-time -Wno-pointer-sign -mtune=mips32 -mips32 -DLINUX_KERNEL_VERSION=263366 --sysroot=/opt/lede-toolchain-ramips-mt7621_gcc-5.4.0_musl-1.1.24.Linux-x86_64/toolchain-mipsel_24kc_gcc-5.4.0_musl-1.1.24  -ffunction-sections -fdata-sections -std=gnu99 		-DASUSWRT  --sysroot=/opt/lede-toolchain-ramips-mt7621_gcc-5.4.0_musl-1.1.24.Linux-x86_64/toolchain-mipsel_24kc_gcc-5.4.0_musl-1.1.24 -ffunction-sections -fdata-sections 		-Wl,--gc-sections 		-lpthread -ldl 		-L/repo/Pass_GPL/asuswrt/release/src-ra-openwrt-4210/router/zlib -lz conftest.c  >&5
configure:15623: $? = 0
configure:15623: result: yes
configure:15623: checking for dup
configure:15623: /opt/lede-toolchain-ramips-mt7621_gcc-5.4.0_musl-1.1.24.Linux-x86_64/toolchain-mipsel_24kc_gcc-5.4.0_musl-1.1.24/bin/mipsel-openwrt-linux-musl-gcc -o conftest -Os -Wall -DLINUX26 -DCONFIG_RALINK -DMUSL_LIBC -DDEBUG_NOISY -DDEBUG_RCTEST -D_GNU_SOURCE -D__UAPI_DEF_ETHHDR -DRALINK_DBDC_MODE -pipe -funit-at-a-time -Wno-pointer-sign -mtune=mips32 -mips32 -DLINUX_KERNEL_VERSION=263366 --sysroot=/opt/lede-toolchain-ramips-mt7621_gcc-5.4.0_musl-1.1.24.Linux-x86_64/toolchain-mipsel_24kc_gcc-5.4.0_musl-1.1.24  -ffunction-sections -fdata-sections -std=gnu99 		-DASUSWRT  --sysroot=/opt/lede-toolchain-ramips-mt7621_gcc-5.4.0_musl-1.1.24.Linux-x86_64/toolchain-mipsel_24kc_gcc-5.4.0_musl-1.1.24 -ffunction-sections -fdata-sections 		-Wl,--gc-sections 		-lpthread -ldl 		-L/repo/Pass_GPL/asuswrt/release/src-ra-openwrt-4210/router/zlib -lz conftest.c  >&5
configure:15623: $? = 0
configure:15623: result: yes
configure:15623: checking for dup2
configure:15623: /opt/lede-toolchain-ramips-mt7621_gcc-5.4.0_musl-1.1.24.Linux-x86_64/toolchain-mipsel_24kc_gcc-5.4.0_musl-1.1.24/bin/mipsel-openwrt-linux-musl-gcc -o conftest -Os -Wall -DLINUX26 -DCONFIG_RALINK -DMUSL_LIBC -DDEBUG_NOISY -DDEBUG_RCTEST -D_GNU_SOURCE -D__UAPI_DEF_ETHHDR -DRALINK_DBDC_MODE -pipe -funit-at-a-time -Wno-pointer-sign -mtune=mips32 -mips32 -DLINUX_KERNEL_VERSION=263366 --sysroot=/opt/lede-toolchain-ramips-mt7621_gcc-5.4.0_musl-1.1.24.Linux-x86_64/toolchain-mipsel_24kc_gcc-5.4.0_musl-1.1.24  -ffunction-sections -fdata-sections -std=gnu99 		-DASUSWRT  --sysroot=/opt/lede-toolchain-ramips-mt7621_gcc-5.4.0_musl-1.1.24.Linux-x86_64/toolchain-mipsel_24kc_gcc-5.4.0_musl-1.1.24 -ffunction-sections -fdata-sections 		-Wl,--gc-sections 		-lpthread -ldl 		-L/repo/Pass_GPL/asuswrt/release/src-ra-openwrt-4210/router/zlib -lz conftest.c  >&5
configure:15623: $? = 0
configure:15623: result: yes
configure:15623: checking for getpass
configure:15623: /opt/lede-toolchain-ramips-mt7621_gcc-5.4.0_musl-1.1.24.Linux-x86_64/toolchain-mipsel_24kc_gcc-5.4.0_musl-1.1.24/bin/mipsel-openwrt-linux-musl-gcc -o conftest -Os -Wall -DLINUX26 -DCONFIG_RALINK -DMUSL_LIBC -DDEBUG_NOISY -DDEBUG_RCTEST -D_GNU_SOURCE -D__UAPI_DEF_ETHHDR -DRALINK_DBDC_MODE -pipe -funit-at-a-time -Wno-pointer-sign -mtune=mips32 -mips32 -DLINUX_KERNEL_VERSION=263366 --sysroot=/opt/lede-toolchain-ramips-mt7621_gcc-5.4.0_musl-1.1.24.Linux-x86_64/toolchain-mipsel_24kc_gcc-5.4.0_musl-1.1.24  -ffunction-sections -fdata-sections -std=gnu99 		-DASUSWRT  --sysroot=/opt/lede-toolchain-ramips-mt7621_gcc-5.4.0_musl-1.1.24.Linux-x86_64/toolchain-mipsel_24kc_gcc-5.4.0_musl-1.1.24 -ffunction-sections -fdata-sections 		-Wl,--gc-sections 		-lpthread -ldl 		-L/repo/Pass_GPL/asuswrt/release/src-ra-openwrt-4210/router/zlib -lz conftest.c  >&5
configure:15623: $? = 0
configure:15623: result: yes
configure:15623: checking for syslog
configure:15623: /opt/lede-toolchain-ramips-mt7621_gcc-5.4.0_musl-1.1.24.Linux-x86_64/toolchain-mipsel_24kc_gcc-5.4.0_musl-1.1.24/bin/mipsel-openwrt-linux-musl-gcc -o conftest -Os -Wall -DLINUX26 -DCONFIG_RALINK -DMUSL_LIBC -DDEBUG_NOISY -DDEBUG_RCTEST -D_GNU_SOURCE -D__UAPI_DEF_ETHHDR -DRALINK_DBDC_MODE -pipe -funit-at-a-time -Wno-pointer-sign -mtune=mips32 -mips32 -DLINUX_KERNEL_VERSION=263366 --sysroot=/opt/lede-toolchain-ramips-mt7621_gcc-5.4.0_musl-1.1.24.Linux-x86_64/toolchain-mipsel_24kc_gcc-5.4.0_musl-1.1.24  -ffunction-sections -fdata-sections -std=gnu99 		-DASUSWRT  --sysroot=/opt/lede-toolchain-ramips-mt7621_gcc-5.4.0_musl-1.1.24.Linux-x86_64/toolchain-mipsel_24kc_gcc-5.4.0_musl-1.1.24 -ffunction-sections -fdata-sections 		-Wl,--gc-sections 		-lpthread -ldl 		-L/repo/Pass_GPL/asuswrt/release/src-ra-openwrt-4210/router/zlib -lz conftest.c  >&5
configure:15623: $? = 0
configure:15623: result: yes
configure:15623: checking for openlog
configure:15623: /opt/lede-toolchain-ramips-mt7621_gcc-5.4.0_musl-1.1.24.Linux-x86_64/toolchain-mipsel_24kc_gcc-5.4.0_musl-1.1.24/bin/mipsel-openwrt-linux-musl-gcc -o conftest -Os -Wall -DLINUX26 -DCONFIG_RALINK -DMUSL_LIBC -DDEBUG_NOISY -DDEBUG_RCTEST -D_GNU_SOURCE -D__UAPI_DEF_ETHHDR -DRALINK_DBDC_MODE -pipe -funit-at-a-time -Wno-pointer-sign -mtune=mips32 -mips32 -DLINUX_KERNEL_VERSION=263366 --sysroot=/opt/lede-toolchain-ramips-mt7621_gcc-5.4.0_musl-1.1.24.Linux-x86_64/toolchain-mipsel_24kc_gcc-5.4.0_musl-1.1.24  -ffunction-sections -fdata-sections -std=gnu99 		-DASUSWRT  --sysroot=/opt/lede-toolchain-ramips-mt7621_gcc-5.4.0_musl-1.1.24.Linux-x86_64/toolchain-mipsel_24kc_gcc-5.4.0_musl-1.1.24 -ffunction-sections -fdata-sections 		-Wl,--gc-sections 		-lpthread -ldl 		-L/repo/Pass_GPL/asuswrt/release/src-ra-openwrt-4210/router/zlib -lz conftest.c  >&5
configure:15623: $? = 0
configure:15623: result: yes
configure:15623: checking for mlockall
configure:15623: /opt/lede-toolchain-ramips-mt7621_gcc-5.4.0_musl-1.1.24.Linux-x86_64/toolchain-mipsel_24kc_gcc-5.4.0_musl-1.1.24/bin/mipsel-openwrt-linux-musl-gcc -o conftest -Os -Wall -DLINUX26 -DCONFIG_RALINK -DMUSL_LIBC -DDEBUG_NOISY -DDEBUG_RCTEST -D_GNU_SOURCE -D__UAPI_DEF_ETHHDR -DRALINK_DBDC_MODE -pipe -funit-at-a-time -Wno-pointer-sign -mtune=mips32 -mips32 -DLINUX_KERNEL_VERSION=263366 --sysroot=/opt/lede-toolchain-ramips-mt7621_gcc-5.4.0_musl-1.1.24.Linux-x86_64/toolchain-mipsel_24kc_gcc-5.4.0_musl-1.1.24  -ffunction-sections -fdata-sections -std=gnu99 		-DASUSWRT  --sysroot=/opt/lede-toolchain-ramips-mt7621_gcc-5.4.0_musl-1.1.24.Linux-x86_64/toolchain-mipsel_24kc_gcc-5.4.0_musl-1.1.24 -ffunction-sections -fdata-sections 		-Wl,--gc-sections 		-lpthread -ldl 		-L/repo/Pass_GPL/asuswrt/release/src-ra-openwrt-4210/router/zlib -lz conftest.c  >&5
configure:15623: $? = 0
configure:15623: result: yes
configure:15623: checking for getgrnam
configure:15623: /opt/lede-toolchain-ramips-mt7621_gcc-5.4.0_musl-1.1.24.Linux-x86_64/toolchain-mipsel_24kc_gcc-5.4.0_musl-1.1.24/bin/mipsel-openwrt-linux-musl-gcc -o conftest -Os -Wall -DLINUX26 -DCONFIG_RALINK -DMUSL_LIBC -DDEBUG_NOISY -DDEBUG_RCTEST -D_GNU_SOURCE -D__UAPI_DEF_ETHHDR -DRALINK_DBDC_MODE -pipe -funit-at-a-time -Wno-pointer-sign -mtune=mips32 -mips32 -DLINUX_KERNEL_VERSION=263366 --sysroot=/opt/lede-toolchain-ramips-mt7621_gcc-5.4.0_musl-1.1.24.Linux-x86_64/toolchain-mipsel_24kc_gcc-5.4.0_musl-1.1.24  -ffunction-sections -fdata-sections -std=gnu99 		-DASUSWRT  --sysroot=/opt/lede-toolchain-ramips-mt7621_gcc-5.4.0_musl-1.1.24.Linux-x86_64/toolchain-mipsel_24kc_gcc-5.4.0_musl-1.1.24 -ffunction-sections -fdata-sections 		-Wl,--gc-sections 		-lpthread -ldl 		-L/repo/Pass_GPL/asuswrt/release/src-ra-openwrt-4210/router/zlib -lz conftest.c  >&5
configure:15623: $? = 0
configure:15623: result: yes
configure:15623: checking for setgid
configure:15623: /opt/lede-toolchain-ramips-mt7621_gcc-5.4.0_musl-1.1.24.Linux-x86_64/toolchain-mipsel_24kc_gcc-5.4.0_musl-1.1.24/bin/mipsel-openwrt-linux-musl-gcc -o conftest -Os -Wall -DLINUX26 -DCONFIG_RALINK -DMUSL_LIBC -DDEBUG_NOISY -DDEBUG_RCTEST -D_GNU_SOURCE -D__UAPI_DEF_ETHHDR -DRALINK_DBDC_MODE -pipe -funit-at-a-time -Wno-pointer-sign -mtune=mips32 -mips32 -DLINUX_KERNEL_VERSION=263366 --sysroot=/opt/lede-toolchain-ramips-mt7621_gcc-5.4.0_musl-1.1.24.Linux-x86_64/toolchain-mipsel_24kc_gcc-5.4.0_musl-1.1.24  -ffunction-sections -fdata-sections -std=gnu99 		-DASUSWRT  --sysroot=/opt/lede-toolchain-ramips-mt7621_gcc-5.4.0_musl-1.1.24.Linux-x86_64/toolchain-mipsel_24kc_gcc-5.4.0_musl-1.1.24 -ffunction-sections -fdata-sections 		-Wl,--gc-sections 		-lpthread -ldl 		-L/repo/Pass_GPL/asuswrt/release/src-ra-openwrt-4210/router/zlib -lz conftest.c  >&5
configure:15623: $? = 0
configure:15623: result: yes
configure:15623: checking for setgroups
configure:15623: /opt/lede-toolchain-ramips-mt7621_gcc-5.4.0_musl-1.1.24.Linux-x86_64/toolchain-mipsel_24kc_gcc-5.4.0_musl-1.1.24/bin/mipsel-openwrt-linux-musl-gcc -o conftest -Os -Wall -DLINUX26 -DCONFIG_RALINK -DMUSL_LIBC -DDEBUG_NOISY -DDEBUG_RCTEST -D_GNU_SOURCE -D__UAPI_DEF_ETHHDR -DRALINK_DBDC_MODE -pipe -funit-at-a-time -Wno-pointer-sign -mtune=mips32 -mips32 -DLINUX_KERNEL_VERSION=263366 --sysroot=/opt/lede-toolchain-ramips-mt7621_gcc-5.4.0_musl-1.1.24.Linux-x86_64/toolchain-mipsel_24kc_gcc-5.4.0_musl-1.1.24  -ffunction-sections -fdata-sections -std=gnu99 		-DASUSWRT  --sysroot=/opt/lede-toolchain-ramips-mt7621_gcc-5.4.0_musl-1.1.24.Linux-x86_64/toolchain-mipsel_24kc_gcc-5.4.0_musl-1.1.24 -ffunction-sections -fdata-sections 		-Wl,--gc-sections 		-lpthread -ldl 		-L/repo/Pass_GPL/asuswrt/release/src-ra-openwrt-4210/router/zlib -lz conftest.c  >&5
configure:15623: $? = 0
configure:15623: result: yes
configure:15623: checking for stat
configure:15623: /opt/lede-toolchain-ramips-mt7621_gcc-5.4.0_musl-1.1.24.Linux-x86_64/toolchain-mipsel_24kc_gcc-5.4.0_musl-1.1.24/bin/mipsel-openwrt-linux-musl-gcc -o conftest -Os -Wall -DLINUX26 -DCONFIG_RALINK -DMUSL_LIBC -DDEBUG_NOISY -DDEBUG_RCTEST -D_GNU_SOURCE -D__UAPI_DEF_ETHHDR -DRALINK_DBDC_MODE -pipe -funit-at-a-time -Wno-pointer-sign -mtune=mips32 -mips32 -DLINUX_KERNEL_VERSION=263366 --sysroot=/opt/lede-toolchain-ramips-mt7621_gcc-5.4.0_musl-1.1.24.Linux-x86_64/toolchain-mipsel_24kc_gcc-5.4.0_musl-1.1.24  -ffunction-sections -fdata-sections -std=gnu99 		-DASUSWRT  --sysroot=/opt/lede-toolchain-ramips-mt7621_gcc-5.4.0_musl-1.1.24.Linux-x86_64/toolchain-mipsel_24kc_gcc-5.4.0_musl-1.1.24 -ffunction-sections -fdata-sections 		-Wl,--gc-sections 		-lpthread -ldl 		-L/repo/Pass_GPL/asuswrt/release/src-ra-openwrt-4210/router/zlib -lz conftest.c  >&5
configure:15623: $? = 0
configure:15623: result: yes
configure:15623: checking for flock
configure:15623: /opt/lede-toolchain-ramips-mt7621_gcc-5.4.0_musl-1.1.24.Linux-x86_64/toolchain-mipsel_24kc_gcc-5.4.0_musl-1.1.24/bin/mipsel-openwrt-linux-musl-gcc -o conftest -Os -Wall -DLINUX26 -DCONFIG_RALINK -DMUSL_LIBC -DDEBUG_NOISY -DDEBUG_RCTEST -D_GNU_SOURCE -D__UAPI_DEF_ETHHDR -DRALINK_DBDC_MODE -pipe -funit-at-a-time -Wno-pointer-sign -mtune=mips32 -mips32 -DLINUX_KERNEL_VERSION=263366 --sysroot=/opt/lede-toolchain-ramips-mt7621_gcc-5.4.0_musl-1.1.24.Linux-x86_64/toolchain-mipsel_24kc_gcc-5.4.0_musl-1.1.24  -ffunction-sections -fdata-sections -std=gnu99 		-DASUSWRT  --sysroot=/opt/lede-toolchain-ramips-mt7621_gcc-5.4.0_musl-1.1.24.Linux-x86_64/toolchain-mipsel_24kc_gcc-5.4.0_musl-1.1.24 -ffunction-sections -fdata-sections 		-Wl,--gc-sections 		-lpthread -ldl 		-L/repo/Pass_GPL/asuswrt/release/src-ra-openwrt-4210/router/zlib -lz conftest.c  >&5
configure:15623: $? = 0
configure:15623: result: yes
configure:15623: checking for readv
configure:15623: /opt/lede-toolchain-ramips-mt7621_gcc-5.4.0_musl-1.1.24.Linux-x86_64/toolchain-mipsel_24kc_gcc-5.4.0_musl-1.1.24/bin/mipsel-openwrt-linux-musl-gcc -o conftest -Os -Wall -DLINUX26 -DCONFIG_RALINK -DMUSL_LIBC -DDEBUG_NOISY -DDEBUG_RCTEST -D_GNU_SOURCE -D__UAPI_DEF_ETHHDR -DRALINK_DBDC_MODE -pipe -funit-at-a-time -Wno-pointer-sign -mtune=mips32 -mips32 -DLINUX_KERNEL_VERSION=263366 --sysroot=/opt/lede-toolchain-ramips-mt7621_gcc-5.4.0_musl-1.1.24.Linux-x86_64/toolchain-mipsel_24kc_gcc-5.4.0_musl-1.1.24  -ffunction-sections -fdata-sections -std=gnu99 		-DASUSWRT  --sysroot=/opt/lede-toolchain-ramips-mt7621_gcc-5.4.0_musl-1.1.24.Linux-x86_64/toolchain-mipsel_24kc_gcc-5.4.0_musl-1.1.24 -ffunction-sections -fdata-sections 		-Wl,--gc-sections 		-lpthread -ldl 		-L/repo/Pass_GPL/asuswrt/release/src-ra-openwrt-4210/router/zlib -lz conftest.c  >&5
configure:15623: $? = 0
configure:15623: result: yes
configure:15623: checking for writev
configure:15623: /opt/lede-toolchain-ramips-mt7621_gcc-5.4.0_musl-1.1.24.Linux-x86_64/toolchain-mipsel_24kc_gcc-5.4.0_musl-1.1.24/bin/mipsel-openwrt-linux-musl-gcc -o conftest -Os -Wall -DLINUX26 -DCONFIG_RALINK -DMUSL_LIBC -DDEBUG_NOISY -DDEBUG_RCTEST -D_GNU_SOURCE -D__UAPI_DEF_ETHHDR -DRALINK_DBDC_MODE -pipe -funit-at-a-time -Wno-pointer-sign -mtune=mips32 -mips32 -DLINUX_KERNEL_VERSION=263366 --sysroot=/opt/lede-toolchain-ramips-mt7621_gcc-5.4.0_musl-1.1.24.Linux-x86_64/toolchain-mipsel_24kc_gcc-5.4.0_musl-1.1.24  -ffunction-sections -fdata-sections -std=gnu99 		-DASUSWRT  --sysroot=/opt/lede-toolchain-ramips-mt7621_gcc-5.4.0_musl-1.1.24.Linux-x86_64/toolchain-mipsel_24kc_gcc-5.4.0_musl-1.1.24 -ffunction-sections -fdata-sections 		-Wl,--gc-sections 		-lpthread -ldl 		-L/repo/Pass_GPL/asuswrt/release/src-ra-openwrt-4210/router/zlib -lz conftest.c  >&5
configure:15623: $? = 0
configure:15623: result: yes
configure:15623: checking for time
configure:15623: /opt/lede-toolchain-ramips-mt7621_gcc-5.4.0_musl-1.1.24.Linux-x86_64/toolchain-mipsel_24kc_gcc-5.4.0_musl-1.1.24/bin/mipsel-openwrt-linux-musl-gcc -o conftest -Os -Wall -DLINUX26 -DCONFIG_RALINK -DMUSL_LIBC -DDEBUG_NOISY -DDEBUG_RCTEST -D_GNU_SOURCE -D__UAPI_DEF_ETHHDR -DRALINK_DBDC_MODE -pipe -funit-at-a-time -Wno-pointer-sign -mtune=mips32 -mips32 -DLINUX_KERNEL_VERSION=263366 --sysroot=/opt/lede-toolchain-ramips-mt7621_gcc-5.4.0_musl-1.1.24.Linux-x86_64/toolchain-mipsel_24kc_gcc-5.4.0_musl-1.1.24  -ffunction-sections -fdata-sections -std=gnu99 		-DASUSWRT  --sysroot=/opt/lede-toolchain-ramips-mt7621_gcc-5.4.0_musl-1.1.24.Linux-x86_64/toolchain-mipsel_24kc_gcc-5.4.0_musl-1.1.24 -ffunction-sections -fdata-sections 		-Wl,--gc-sections 		-lpthread -ldl 		-L/repo/Pass_GPL/asuswrt/release/src-ra-openwrt-4210/router/zlib -lz conftest.c  >&5
configure:15623: $? = 0
configure:15623: result: yes
configure:15623: checking for gettimeofday
configure:15623: /opt/lede-toolchain-ramips-mt7621_gcc-5.4.0_musl-1.1.24.Linux-x86_64/toolchain-mipsel_24kc_gcc-5.4.0_musl-1.1.24/bin/mipsel-openwrt-linux-musl-gcc -o conftest -Os -Wall -DLINUX26 -DCONFIG_RALINK -DMUSL_LIBC -DDEBUG_NOISY -DDEBUG_RCTEST -D_GNU_SOURCE -D__UAPI_DEF_ETHHDR -DRALINK_DBDC_MODE -pipe -funit-at-a-time -Wno-pointer-sign -mtune=mips32 -mips32 -DLINUX_KERNEL_VERSION=263366 --sysroot=/opt/lede-toolchain-ramips-mt7621_gcc-5.4.0_musl-1.1.24.Linux-x86_64/toolchain-mipsel_24kc_gcc-5.4.0_musl-1.1.24  -ffunction-sections -fdata-sections -std=gnu99 		-DASUSWRT  --sysroot=/opt/lede-toolchain-ramips-mt7621_gcc-5.4.0_musl-1.1.24.Linux-x86_64/toolchain-mipsel_24kc_gcc-5.4.0_musl-1.1.24 -ffunction-sections -fdata-sections 		-Wl,--gc-sections 		-lpthread -ldl 		-L/repo/Pass_GPL/asuswrt/release/src-ra-openwrt-4210/router/zlib -lz conftest.c  >&5
configure:15623: $? = 0
configure:15623: result: yes
configure:15623: checking for ctime
configure:15623: /opt/lede-toolchain-ramips-mt7621_gcc-5.4.0_musl-1.1.24.Linux-x86_64/toolchain-mipsel_24kc_gcc-5.4.0_musl-1.1.24/bin/mipsel-openwrt-linux-musl-gcc -o conftest -Os -Wall -DLINUX26 -DCONFIG_RALINK -DMUSL_LIBC -DDEBUG_NOISY -DDEBUG_RCTEST -D_GNU_SOURCE -D__UAPI_DEF_ETHHDR -DRALINK_DBDC_MODE -pipe -funit-at-a-time -Wno-pointer-sign -mtune=mips32 -mips32 -DLINUX_KERNEL_VERSION=263366 --sysroot=/opt/lede-toolchain-ramips-mt7621_gcc-5.4.0_musl-1.1.24.Linux-x86_64/toolchain-mipsel_24kc_gcc-5.4.0_musl-1.1.24  -ffunction-sections -fdata-sections -std=gnu99 		-DASUSWRT  --sysroot=/opt/lede-toolchain-ramips-mt7621_gcc-5.4.0_musl-1.1.24.Linux-x86_64/toolchain-mipsel_24kc_gcc-5.4.0_musl-1.1.24 -ffunction-sections -fdata-sections 		-Wl,--gc-sections 		-lpthread -ldl 		-L/repo/Pass_GPL/asuswrt/release/src-ra-openwrt-4210/router/zlib -lz conftest.c  >&5
configure:15623: $? = 0
configure:15623: result: yes
configure:15623: checking for memset
configure:15623: /opt/lede-toolchain-ramips-mt7621_gcc-5.4.0_musl-1.1.24.Linux-x86_64/toolchain-mipsel_24kc_gcc-5.4.0_musl-1.1.24/bin/mipsel-openwrt-linux-musl-gcc -o conftest -Os -Wall -DLINUX26 -DCONFIG_RALINK -DMUSL_LIBC -DDEBUG_NOISY -DDEBUG_RCTEST -D_GNU_SOURCE -D__UAPI_DEF_ETHHDR -DRALINK_DBDC_MODE -pipe -funit-at-a-time -Wno-pointer-sign -mtune=mips32 -mips32 -DLINUX_KERNEL_VERSION=263366 --sysroot=/opt/lede-toolchain-ramips-mt7621_gcc-5.4.0_musl-1.1.24.Linux-x86_64/toolchain-mipsel_24kc_gcc-5.4.0_musl-1.1.24  -ffunction-sections -fdata-sections -std=gnu99 		-DASUSWRT  --sysroot=/opt/lede-toolchain-ramips-mt7621_gcc-5.4.0_musl-1.1.24.Linux-x86_64/toolchain-mipsel_24kc_gcc-5.4.0_musl-1.1.24 -ffunction-sections -fdata-sections 		-Wl,--gc-sections 		-lpthread -ldl 		-L/repo/Pass_GPL/asuswrt/release/src-ra-openwrt-4210/router/zlib -lz conftest.c  >&5
conftest.c:151:6: warning: conflicting types for built-in function 'memset'
 char memset ();
      ^
configure:15623: $? = 0
configure:15623: result: yes
configure:15623: checking for vsnprintf
configure:15623: /opt/lede-toolchain-ramips-mt7621_gcc-5.4.0_musl-1.1.24.Linux-x86_64/toolchain-mipsel_24kc_gcc-5.4.0_musl-1.1.24/bin/mipsel-openwrt-linux-musl-gcc -o conftest -Os -Wall -DLINUX26 -DCONFIG_RALINK -DMUSL_LIBC -DDEBUG_NOISY -DDEBUG_RCTEST -D_GNU_SOURCE -D__UAPI_DEF_ETHHDR -DRALINK_DBDC_MODE -pipe -funit-at-a-time -Wno-pointer-sign -mtune=mips32 -mips32 -DLINUX_KERNEL_VERSION=263366 --sysroot=/opt/lede-toolchain-ramips-mt7621_gcc-5.4.0_musl-1.1.24.Linux-x86_64/toolchain-mipsel_24kc_gcc-5.4.0_musl-1.1.24  -ffunction-sections -fdata-sections -std=gnu99 		-DASUSWRT  --sysroot=/opt/lede-toolchain-ramips-mt7621_gcc-5.4.0_musl-1.1.24.Linux-x86_64/toolchain-mipsel_24kc_gcc-5.4.0_musl-1.1.24 -ffunction-sections -fdata-sections 		-Wl,--gc-sections 		-lpthread -ldl 		-L/repo/Pass_GPL/asuswrt/release/src-ra-openwrt-4210/router/zlib -lz conftest.c  >&5
conftest.c:152:6: warning: conflicting types for built-in function 'vsnprintf'
 char vsnprintf ();
      ^
configure:15623: $? = 0
configure:15623: result: yes
configure:15623: checking for strdup
configure:15623: /opt/lede-toolchain-ramips-mt7621_gcc-5.4.0_musl-1.1.24.Linux-x86_64/toolchain-mipsel_24kc_gcc-5.4.0_musl-1.1.24/bin/mipsel-openwrt-linux-musl-gcc -o conftest -Os -Wall -DLINUX26 -DCONFIG_RALINK -DMUSL_LIBC -DDEBUG_NOISY -DDEBUG_RCTEST -D_GNU_SOURCE -D__UAPI_DEF_ETHHDR -DRALINK_DBDC_MODE -pipe -funit-at-a-time -Wno-pointer-sign -mtune=mips32 -mips32 -DLINUX_KERNEL_VERSION=263366 --sysroot=/opt/lede-toolchain-ramips-mt7621_gcc-5.4.0_musl-1.1.24.Linux-x86_64/toolchain-mipsel_24kc_gcc-5.4.0_musl-1.1.24  -ffunction-sections -fdata-sections -std=gnu99 		-DASUSWRT  --sysroot=/opt/lede-toolchain-ramips-mt7621_gcc-5.4.0_musl-1.1.24.Linux-x86_64/toolchain-mipsel_24kc_gcc-5.4.0_musl-1.1.24 -ffunction-sections -fdata-sections 		-Wl,--gc-sections 		-lpthread -ldl 		-L/repo/Pass_GPL/asuswrt/release/src-ra-openwrt-4210/router/zlib -lz conftest.c  >&5
conftest.c:153:6: warning: conflicting types for built-in function 'strdup'
 char strdup ();
      ^
configure:15623: $? = 0
configure:15623: result: yes
configure:15623: checking for setsid
configure:15623: /opt/lede-toolchain-ramips-mt7621_gcc-5.4.0_musl-1.1.24.Linux-x86_64/toolchain-mipsel_24kc_gcc-5.4.0_musl-1.1.24/bin/mipsel-openwrt-linux-musl-gcc -o conftest -Os -Wall -DLINUX26 -DCONFIG_RALINK -DMUSL_LIBC -DDEBUG_NOISY -DDEBUG_RCTEST -D_GNU_SOURCE -D__UAPI_DEF_ETHHDR -DRALINK_DBDC_MODE -pipe -funit-at-a-time -Wno-pointer-sign -mtune=mips32 -mips32 -DLINUX_KERNEL_VERSION=263366 --sysroot=/opt/lede-toolchain-ramips-mt7621_gcc-5.4.0_musl-1.1.24.Linux-x86_64/toolchain-mipsel_24kc_gcc-5.4.0_musl-1.1.24  -ffunction-sections -fdata-sections -std=gnu99 		-DASUSWRT  --sysroot=/opt/lede-toolchain-ramips-mt7621_gcc-5.4.0_musl-1.1.24.Linux-x86_64/toolchain-mipsel_24kc_gcc-5.4.0_musl-1.1.24 -ffunction-sections -fdata-sections 		-Wl,--gc-sections 		-lpthread -ldl 		-L/repo/Pass_GPL/asuswrt/release/src-ra-openwrt-4210/router/zlib -lz conftest.c  >&5
configure:15623: $? = 0
configure:15623: result: yes
configure:15623: checking for chdir
configure:15623: /opt/lede-toolchain-ramips-mt7621_gcc-5.4.0_musl-1.1.24.Linux-x86_64/toolchain-mipsel_24kc_gcc-5.4.0_musl-1.1.24/bin/mipsel-openwrt-linux-musl-gcc -o conftest -Os -Wall -DLINUX26 -DCONFIG_RALINK -DMUSL_LIBC -DDEBUG_NOISY -DDEBUG_RCTEST -D_GNU_SOURCE -D__UAPI_DEF_ETHHDR -DRALINK_DBDC_MODE -pipe -funit-at-a-time -Wno-pointer-sign -mtune=mips32 -mips32 -DLINUX_KERNEL_VERSION=263366 --sysroot=/opt/lede-toolchain-ramips-mt7621_gcc-5.4.0_musl-1.1.24.Linux-x86_64/toolchain-mipsel_24kc_gcc-5.4.0_musl-1.1.24  -ffunction-sections -fdata-sections -std=gnu99 		-DASUSWRT  --sysroot=/opt/lede-toolchain-ramips-mt7621_gcc-5.4.0_musl-1.1.24.Linux-x86_64/toolchain-mipsel_24kc_gcc-5.4.0_musl-1.1.24 -ffunction-sections -fdata-sections 		-Wl,--gc-sections 		-lpthread -ldl 		-L/repo/Pass_GPL/asuswrt/release/src-ra-openwrt-4210/router/zlib -lz conftest.c  >&5
configure:15623: $? = 0
configure:15623: result: yes
configure:15623: checking for putenv
configure:15623: /opt/lede-toolchain-ramips-mt7621_gcc-5.4.0_musl-1.1.24.Linux-x86_64/toolchain-mipsel_24kc_gcc-5.4.0_musl-1.1.24/bin/mipsel-openwrt-linux-musl-gcc -o conftest -Os -Wall -DLINUX26 -DCONFIG_RALINK -DMUSL_LIBC -DDEBUG_NOISY -DDEBUG_RCTEST -D_GNU_SOURCE -D__UAPI_DEF_ETHHDR -DRALINK_DBDC_MODE -pipe -funit-at-a-time -Wno-pointer-sign -mtune=mips32 -mips32 -DLINUX_KERNEL_VERSION=263366 --sysroot=/opt/lede-toolchain-ramips-mt7621_gcc-5.4.0_musl-1.1.24.Linux-x86_64/toolchain-mipsel_24kc_gcc-5.4.0_musl-1.1.24  -ffunction-sections -fdata-sections -std=gnu99 		-DASUSWRT  --sysroot=/opt/lede-toolchain-ramips-mt7621_gcc-5.4.0_musl-1.1.24.Linux-x86_64/toolchain-mipsel_24kc_gcc-5.4.0_musl-1.1.24 -ffunction-sections -fdata-sections 		-Wl,--gc-sections 		-lpthread -ldl 		-L/repo/Pass_GPL/asuswrt/release/src-ra-openwrt-4210/router/zlib -lz conftest.c  >&5
configure:15623: $? = 0
configure:15623: result: yes
configure:15623: checking for getpeername
configure:15623: /opt/lede-toolchain-ramips-mt7621_gcc-5.4.0_musl-1.1.24.Linux-x86_64/toolchain-mipsel_24kc_gcc-5.4.0_musl-1.1.24/bin/mipsel-openwrt-linux-musl-gcc -o conftest -Os -Wall -DLINUX26 -DCONFIG_RALINK -DMUSL_LIBC -DDEBUG_NOISY -DDEBUG_RCTEST -D_GNU_SOURCE -D__UAPI_DEF_ETHHDR -DRALINK_DBDC_MODE -pipe -funit-at-a-time -Wno-pointer-sign -mtune=mips32 -mips32 -DLINUX_KERNEL_VERSION=263366 --sysroot=/opt/lede-toolchain-ramips-mt7621_gcc-5.4.0_musl-1.1.24.Linux-x86_64/toolchain-mipsel_24kc_gcc-5.4.0_musl-1.1.24  -ffunction-sections -fdata-sections -std=gnu99 		-DASUSWRT  --sysroot=/opt/lede-toolchain-ramips-mt7621_gcc-5.4.0_musl-1.1.24.Linux-x86_64/toolchain-mipsel_24kc_gcc-5.4.0_musl-1.1.24 -ffunction-sections -fdata-sections 		-Wl,--gc-sections 		-lpthread -ldl 		-L/repo/Pass_GPL/asuswrt/release/src-ra-openwrt-4210/router/zlib -lz conftest.c  >&5
configure:15623: $? = 0
configure:15623: result: yes
configure:15623: checking for unlink
configure:15623: /opt/lede-toolchain-ramips-mt7621_gcc-5.4.0_musl-1.1.24.Linux-x86_64/toolchain-mipsel_24kc_gcc-5.4.0_musl-1.1.24/bin/mipsel-openwrt-linux-musl-gcc -o conftest -Os -Wall -DLINUX26 -DCONFIG_RALINK -DMUSL_LIBC -DDEBUG_NOISY -DDEBUG_RCTEST -D_GNU_SOURCE -D__UAPI_DEF_ETHHDR -DRALINK_DBDC_MODE -pipe -funit-at-a-time -Wno-pointer-sign -mtune=mips32 -mips32 -DLINUX_KERNEL_VERSION=263366 --sysroot=/opt/lede-toolchain-ramips-mt7621_gcc-5.4.0_musl-1.1.24.Linux-x86_64/toolchain-mipsel_24kc_gcc-5.4.0_musl-1.1.24  -ffunction-sections -fdata-sections -std=gnu99 		-DASUSWRT  --sysroot=/opt/lede-toolchain-ramips-mt7621_gcc-5.4.0_musl-1.1.24.Linux-x86_64/toolchain-mipsel_24kc_gcc-5.4.0_musl-1.1.24 -ffunction-sections -fdata-sections 		-Wl,--gc-sections 		-lpthread -ldl 		-L/repo/Pass_GPL/asuswrt/release/src-ra-openwrt-4210/router/zlib -lz conftest.c  >&5
configure:15623: $? = 0
configure:15623: result: yes
configure:15623: checking for chsize
configure:15623: /opt/lede-toolchain-ramips-mt7621_gcc-5.4.0_musl-1.1.24.Linux-x86_64/toolchain-mipsel_24kc_gcc-5.4.0_musl-1.1.24/bin/mipsel-openwrt-linux-musl-gcc -o conftest -Os -Wall -DLINUX26 -DCONFIG_RALINK -DMUSL_LIBC -DDEBUG_NOISY -DDEBUG_RCTEST -D_GNU_SOURCE -D__UAPI_DEF_ETHHDR -DRALINK_DBDC_MODE -pipe -funit-at-a-time -Wno-pointer-sign -mtune=mips32 -mips32 -DLINUX_KERNEL_VERSION=263366 --sysroot=/opt/lede-toolchain-ramips-mt7621_gcc-5.4.0_musl-1.1.24.Linux-x86_64/toolchain-mipsel_24kc_gcc-5.4.0_musl-1.1.24  -ffunction-sections -fdata-sections -std=gnu99 		-DASUSWRT  --sysroot=/opt/lede-toolchain-ramips-mt7621_gcc-5.4.0_musl-1.1.24.Linux-x86_64/toolchain-mipsel_24kc_gcc-5.4.0_musl-1.1.24 -ffunction-sections -fdata-sections 		-Wl,--gc-sections 		-lpthread -ldl 		-L/repo/Pass_GPL/asuswrt/release/src-ra-openwrt-4210/router/zlib -lz conftest.c  >&5
/tmp/ccOyZFUj.o: In function `main':
conftest.c:(.text.startup.main+0x8): undefined reference to `chsize'
collect2: error: ld returned 1 exit status
configure:15623: $? = 1
configure: failed program was:
| /* confdefs.h */
| #define PACKAGE_NAME "OpenVPN"
| #define PACKAGE_TARNAME "openvpn"
| #define PACKAGE_VERSION "2.4.12"
| #define PACKAGE_STRING "OpenVPN 2.4.12"
| #define PACKAGE_BUGREPORT "openvpn-users@lists.sourceforge.net"
| #define PACKAGE_URL ""
| #define OPENVPN_VERSION_RESOURCE 2,4,12,0
| #define OPENVPN_VERSION_MAJOR 2
| #define OPENVPN_VERSION_MINOR 4
| #define OPENVPN_VERSION_PATCH ".12"
| #define PACKAGE "openvpn"
| #define VERSION "2.4.12"
| #define STDC_HEADERS 1
| #define HAVE_SYS_TYPES_H 1
| #define HAVE_SYS_STAT_H 1
| #define HAVE_STDLIB_H 1
| #define HAVE_STRING_H 1
| #define HAVE_MEMORY_H 1
| #define HAVE_STRINGS_H 1
| #define HAVE_INTTYPES_H 1
| #define HAVE_STDINT_H 1
| #define HAVE_UNISTD_H 1
| #define __EXTENSIONS__ 1
| #define _ALL_SOURCE 1
| #define _GNU_SOURCE 1
| #define _POSIX_PTHREAD_SEMANTICS 1
| #define _TANDEM_SOURCE 1
| #define TARGET_ALIAS "mipsel-unknown-linux-gnu"
| #define TARGET_LINUX 1
| #define TARGET_PREFIX "L"
| #define IFCONFIG_PATH "/sbin/ifconfig"
| #define IPROUTE_PATH "/usr/sbin/ip"
| #define ROUTE_PATH "/sbin/route"
| #define SYSTEMD_ASK_PASSWORD_PATH ""
| #define HAVE_DLFCN_H 1
| #define LT_OBJDIR ".libs/"
| #define RETSIGTYPE void
| #define HAVE_CPP_VARARG_MACRO_ISO 1
| #define HAVE_CPP_VARARG_MACRO_GCC 1
| #define EMPTY_ARRAY_SIZE 0
| #define SIZEOF_UNSIGNED_INT 4
| #define SIZEOF_UNSIGNED_LONG 4
| #define HAVE_STDIO_H 1
| #define HAVE_STDARG_H 1
| #define HAVE_LIMITS_H 1
| #define HAVE_TIME_H 1
| #define HAVE_ERRNO_H 1
| #define HAVE_FCNTL_H 1
| #define HAVE_CTYPE_H 1
| #define HAVE_SYS_TYPES_H 1
| #define HAVE_SYS_SOCKET_H 1
| #define HAVE_SIGNAL_H 1
| #define HAVE_UNISTD_H 1
| #define HAVE_DLFCN_H 1
| #define HAVE_NETINET_IN_H 1
| #define HAVE_NETINET_IN_SYSTM_H 1
| #define HAVE_NETINET_TCP_H 1
| #define HAVE_ARPA_INET_H 1
| #define HAVE_NETDB_H 1
| #define HAVE_SYS_TIME_H 1
| #define HAVE_SYS_IOCTL_H 1
| #define HAVE_SYS_STAT_H 1
| #define HAVE_SYS_MMAN_H 1
| #define HAVE_SYS_FILE_H 1
| #define HAVE_SYS_WAIT_H 1
| #define HAVE_UNISTD_H 1
| #define HAVE_SIGNAL_H 1
| #define HAVE_LIBGEN_H 1
| #define HAVE_STROPTS_H 1
| #define HAVE_SYSLOG_H 1
| #define HAVE_PWD_H 1
| #define HAVE_GRP_H 1
| #define HAVE_SYS_UIO_H 1
| #define HAVE_LINUX_SOCKIOS_H 1
| #define HAVE_LINUX_TYPES_H 1
| #define HAVE_LINUX_ERRQUEUE_H 1
| #define HAVE_SYS_POLL_H 1
| #define HAVE_SYS_EPOLL_H 1
| #define HAVE_ERR_H 1
| #define HAVE_NET_IF_H 1
| #define HAVE_NETINET_IP_H 1
| #define HAVE_RESOLV_H 1
| #define HAVE_SYS_UN_H 1
| #define HAVE_IN_ADDR_T 1
| #define HAVE_IN_PORT_T 1
| #define HAVE_IPHDR 1
| #define HAVE_MSGHDR 1
| #define HAVE_CMSGHDR 1
| #define HAVE_IN_PKTINFO 1
| #define HAVE_SA_FAMILY_T 1
| #define HAVE_IPI_SPEC_DST 1
| #define HAVE_DECL_SO_MARK 1
| #define HAVE_ANONYMOUS_UNION_SUPPORT /**/
| #define HAVE_DECL_SIGHUP 1
| #define HAVE_DECL_SIGINT 1
| #define HAVE_DECL_SIGUSR1 1
| #define HAVE_DECL_SIGUSR2 1
| #define HAVE_DECL_SIGTERM 1
| #define HAVE_FORK 1
| #define HAVE_VFORK 1
| #define HAVE_WORKING_VFORK 1
| #define HAVE_WORKING_FORK 1
| #define HAVE_DAEMON 1
| #define HAVE_CHROOT 1
| #define HAVE_GETPWNAM 1
| #define HAVE_SETUID 1
| #define HAVE_NICE 1
| #define HAVE_SYSTEM 1
| #define HAVE_GETPID 1
| #define HAVE_DUP 1
| #define HAVE_DUP2 1
| #define HAVE_GETPASS 1
| #define HAVE_SYSLOG 1
| #define HAVE_OPENLOG 1
| #define HAVE_MLOCKALL 1
| #define HAVE_GETGRNAM 1
| #define HAVE_SETGID 1
| #define HAVE_SETGROUPS 1
| #define HAVE_STAT 1
| #define HAVE_FLOCK 1
| #define HAVE_READV 1
| #define HAVE_WRITEV 1
| #define HAVE_TIME 1
| #define HAVE_GETTIMEOFDAY 1
| #define HAVE_CTIME 1
| #define HAVE_MEMSET 1
| #define HAVE_VSNPRINTF 1
| #define HAVE_STRDUP 1
| #define HAVE_SETSID 1
| #define HAVE_CHDIR 1
| #define HAVE_PUTENV 1
| #define HAVE_GETPEERNAME 1
| #define HAVE_UNLINK 1
| /* end confdefs.h.  */
| /* Define chsize to an innocuous variant, in case <limits.h> declares chsize.
|    For example, HP-UX 11i <limits.h> declares gettimeofday.  */
| #define chsize innocuous_chsize
| 
| /* System header to define __stub macros and hopefully few prototypes,
|     which can conflict with char chsize (); below.
|     Prefer <limits.h> to <assert.h> if __STDC__ is defined, since
|     <limits.h> exists even on freestanding compilers.  */
| 
| #ifdef __STDC__
| # include <limits.h>
| #else
| # include <assert.h>
| #endif
| 
| #undef chsize
| 
| /* Override any GCC internal prototype to avoid an error.
|    Use char because int might match the return type of a GCC
|    builtin and then its argument prototype would still apply.  */
| #ifdef __cplusplus
| extern "C"
| #endif
| char chsize ();
| /* The GNU C library defines this for functions which it implements
|     to always fail with ENOSYS.  Some functions are actually named
|     something starting with __ and the normal name is an alias.  */
| #if defined __stub_chsize || defined __stub___chsize
| choke me
| #endif
| 
| int
| main ()
| {
| return chsize ();
|   ;
|   return 0;
| }
configure:15623: result: no
configure:15623: checking for ftruncate
configure:15623: /opt/lede-toolchain-ramips-mt7621_gcc-5.4.0_musl-1.1.24.Linux-x86_64/toolchain-mipsel_24kc_gcc-5.4.0_musl-1.1.24/bin/mipsel-openwrt-linux-musl-gcc -o conftest -Os -Wall -DLINUX26 -DCONFIG_RALINK -DMUSL_LIBC -DDEBUG_NOISY -DDEBUG_RCTEST -D_GNU_SOURCE -D__UAPI_DEF_ETHHDR -DRALINK_DBDC_MODE -pipe -funit-at-a-time -Wno-pointer-sign -mtune=mips32 -mips32 -DLINUX_KERNEL_VERSION=263366 --sysroot=/opt/lede-toolchain-ramips-mt7621_gcc-5.4.0_musl-1.1.24.Linux-x86_64/toolchain-mipsel_24kc_gcc-5.4.0_musl-1.1.24  -ffunction-sections -fdata-sections -std=gnu99 		-DASUSWRT  --sysroot=/opt/lede-toolchain-ramips-mt7621_gcc-5.4.0_musl-1.1.24.Linux-x86_64/toolchain-mipsel_24kc_gcc-5.4.0_musl-1.1.24 -ffunction-sections -fdata-sections 		-Wl,--gc-sections 		-lpthread -ldl 		-L/repo/Pass_GPL/asuswrt/release/src-ra-openwrt-4210/router/zlib -lz conftest.c  >&5
configure:15623: $? = 0
configure:15623: result: yes
configure:15623: checking for execve
configure:15623: /opt/lede-toolchain-ramips-mt7621_gcc-5.4.0_musl-1.1.24.Linux-x86_64/toolchain-mipsel_24kc_gcc-5.4.0_musl-1.1.24/bin/mipsel-openwrt-linux-musl-gcc -o conftest -Os -Wall -DLINUX26 -DCONFIG_RALINK -DMUSL_LIBC -DDEBUG_NOISY -DDEBUG_RCTEST -D_GNU_SOURCE -D__UAPI_DEF_ETHHDR -DRALINK_DBDC_MODE -pipe -funit-at-a-time -Wno-pointer-sign -mtune=mips32 -mips32 -DLINUX_KERNEL_VERSION=263366 --sysroot=/opt/lede-toolchain-ramips-mt7621_gcc-5.4.0_musl-1.1.24.Linux-x86_64/toolchain-mipsel_24kc_gcc-5.4.0_musl-1.1.24  -ffunction-sections -fdata-sections -std=gnu99 		-DASUSWRT  --sysroot=/opt/lede-toolchain-ramips-mt7621_gcc-5.4.0_musl-1.1.24.Linux-x86_64/toolchain-mipsel_24kc_gcc-5.4.0_musl-1.1.24 -ffunction-sections -fdata-sections 		-Wl,--gc-sections 		-lpthread -ldl 		-L/repo/Pass_GPL/asuswrt/release/src-ra-openwrt-4210/router/zlib -lz conftest.c  >&5
conftest.c:160:6: warning: conflicting types for built-in function 'execve'
 char execve ();
      ^
configure:15623: $? = 0
configure:15623: result: yes
configure:15623: checking for getpeereid
configure:15623: /opt/lede-toolchain-ramips-mt7621_gcc-5.4.0_musl-1.1.24.Linux-x86_64/toolchain-mipsel_24kc_gcc-5.4.0_musl-1.1.24/bin/mipsel-openwrt-linux-musl-gcc -o conftest -Os -Wall -DLINUX26 -DCONFIG_RALINK -DMUSL_LIBC -DDEBUG_NOISY -DDEBUG_RCTEST -D_GNU_SOURCE -D__UAPI_DEF_ETHHDR -DRALINK_DBDC_MODE -pipe -funit-at-a-time -Wno-pointer-sign -mtune=mips32 -mips32 -DLINUX_KERNEL_VERSION=263366 --sysroot=/opt/lede-toolchain-ramips-mt7621_gcc-5.4.0_musl-1.1.24.Linux-x86_64/toolchain-mipsel_24kc_gcc-5.4.0_musl-1.1.24  -ffunction-sections -fdata-sections -std=gnu99 		-DASUSWRT  --sysroot=/opt/lede-toolchain-ramips-mt7621_gcc-5.4.0_musl-1.1.24.Linux-x86_64/toolchain-mipsel_24kc_gcc-5.4.0_musl-1.1.24 -ffunction-sections -fdata-sections 		-Wl,--gc-sections 		-lpthread -ldl 		-L/repo/Pass_GPL/asuswrt/release/src-ra-openwrt-4210/router/zlib -lz conftest.c  >&5
/tmp/ccinrjoy.o: In function `main':
conftest.c:(.text.startup.main+0x8): undefined reference to `getpeereid'
collect2: error: ld returned 1 exit status
configure:15623: $? = 1
configure: failed program was:
| /* confdefs.h */
| #define PACKAGE_NAME "OpenVPN"
| #define PACKAGE_TARNAME "openvpn"
| #define PACKAGE_VERSION "2.4.12"
| #define PACKAGE_STRING "OpenVPN 2.4.12"
| #define PACKAGE_BUGREPORT "openvpn-users@lists.sourceforge.net"
| #define PACKAGE_URL ""
| #define OPENVPN_VERSION_RESOURCE 2,4,12,0
| #define OPENVPN_VERSION_MAJOR 2
| #define OPENVPN_VERSION_MINOR 4
| #define OPENVPN_VERSION_PATCH ".12"
| #define PACKAGE "openvpn"
| #define VERSION "2.4.12"
| #define STDC_HEADERS 1
| #define HAVE_SYS_TYPES_H 1
| #define HAVE_SYS_STAT_H 1
| #define HAVE_STDLIB_H 1
| #define HAVE_STRING_H 1
| #define HAVE_MEMORY_H 1
| #define HAVE_STRINGS_H 1
| #define HAVE_INTTYPES_H 1
| #define HAVE_STDINT_H 1
| #define HAVE_UNISTD_H 1
| #define __EXTENSIONS__ 1
| #define _ALL_SOURCE 1
| #define _GNU_SOURCE 1
| #define _POSIX_PTHREAD_SEMANTICS 1
| #define _TANDEM_SOURCE 1
| #define TARGET_ALIAS "mipsel-unknown-linux-gnu"
| #define TARGET_LINUX 1
| #define TARGET_PREFIX "L"
| #define IFCONFIG_PATH "/sbin/ifconfig"
| #define IPROUTE_PATH "/usr/sbin/ip"
| #define ROUTE_PATH "/sbin/route"
| #define SYSTEMD_ASK_PASSWORD_PATH ""
| #define HAVE_DLFCN_H 1
| #define LT_OBJDIR ".libs/"
| #define RETSIGTYPE void
| #define HAVE_CPP_VARARG_MACRO_ISO 1
| #define HAVE_CPP_VARARG_MACRO_GCC 1
| #define EMPTY_ARRAY_SIZE 0
| #define SIZEOF_UNSIGNED_INT 4
| #define SIZEOF_UNSIGNED_LONG 4
| #define HAVE_STDIO_H 1
| #define HAVE_STDARG_H 1
| #define HAVE_LIMITS_H 1
| #define HAVE_TIME_H 1
| #define HAVE_ERRNO_H 1
| #define HAVE_FCNTL_H 1
| #define HAVE_CTYPE_H 1
| #define HAVE_SYS_TYPES_H 1
| #define HAVE_SYS_SOCKET_H 1
| #define HAVE_SIGNAL_H 1
| #define HAVE_UNISTD_H 1
| #define HAVE_DLFCN_H 1
| #define HAVE_NETINET_IN_H 1
| #define HAVE_NETINET_IN_SYSTM_H 1
| #define HAVE_NETINET_TCP_H 1
| #define HAVE_ARPA_INET_H 1
| #define HAVE_NETDB_H 1
| #define HAVE_SYS_TIME_H 1
| #define HAVE_SYS_IOCTL_H 1
| #define HAVE_SYS_STAT_H 1
| #define HAVE_SYS_MMAN_H 1
| #define HAVE_SYS_FILE_H 1
| #define HAVE_SYS_WAIT_H 1
| #define HAVE_UNISTD_H 1
| #define HAVE_SIGNAL_H 1
| #define HAVE_LIBGEN_H 1
| #define HAVE_STROPTS_H 1
| #define HAVE_SYSLOG_H 1
| #define HAVE_PWD_H 1
| #define HAVE_GRP_H 1
| #define HAVE_SYS_UIO_H 1
| #define HAVE_LINUX_SOCKIOS_H 1
| #define HAVE_LINUX_TYPES_H 1
| #define HAVE_LINUX_ERRQUEUE_H 1
| #define HAVE_SYS_POLL_H 1
| #define HAVE_SYS_EPOLL_H 1
| #define HAVE_ERR_H 1
| #define HAVE_NET_IF_H 1
| #define HAVE_NETINET_IP_H 1
| #define HAVE_RESOLV_H 1
| #define HAVE_SYS_UN_H 1
| #define HAVE_IN_ADDR_T 1
| #define HAVE_IN_PORT_T 1
| #define HAVE_IPHDR 1
| #define HAVE_MSGHDR 1
| #define HAVE_CMSGHDR 1
| #define HAVE_IN_PKTINFO 1
| #define HAVE_SA_FAMILY_T 1
| #define HAVE_IPI_SPEC_DST 1
| #define HAVE_DECL_SO_MARK 1
| #define HAVE_ANONYMOUS_UNION_SUPPORT /**/
| #define HAVE_DECL_SIGHUP 1
| #define HAVE_DECL_SIGINT 1
| #define HAVE_DECL_SIGUSR1 1
| #define HAVE_DECL_SIGUSR2 1
| #define HAVE_DECL_SIGTERM 1
| #define HAVE_FORK 1
| #define HAVE_VFORK 1
| #define HAVE_WORKING_VFORK 1
| #define HAVE_WORKING_FORK 1
| #define HAVE_DAEMON 1
| #define HAVE_CHROOT 1
| #define HAVE_GETPWNAM 1
| #define HAVE_SETUID 1
| #define HAVE_NICE 1
| #define HAVE_SYSTEM 1
| #define HAVE_GETPID 1
| #define HAVE_DUP 1
| #define HAVE_DUP2 1
| #define HAVE_GETPASS 1
| #define HAVE_SYSLOG 1
| #define HAVE_OPENLOG 1
| #define HAVE_MLOCKALL 1
| #define HAVE_GETGRNAM 1
| #define HAVE_SETGID 1
| #define HAVE_SETGROUPS 1
| #define HAVE_STAT 1
| #define HAVE_FLOCK 1
| #define HAVE_READV 1
| #define HAVE_WRITEV 1
| #define HAVE_TIME 1
| #define HAVE_GETTIMEOFDAY 1
| #define HAVE_CTIME 1
| #define HAVE_MEMSET 1
| #define HAVE_VSNPRINTF 1
| #define HAVE_STRDUP 1
| #define HAVE_SETSID 1
| #define HAVE_CHDIR 1
| #define HAVE_PUTENV 1
| #define HAVE_GETPEERNAME 1
| #define HAVE_UNLINK 1
| #define HAVE_FTRUNCATE 1
| #define HAVE_EXECVE 1
| /* end confdefs.h.  */
| /* Define getpeereid to an innocuous variant, in case <limits.h> declares getpeereid.
|    For example, HP-UX 11i <limits.h> declares gettimeofday.  */
| #define getpeereid innocuous_getpeereid
| 
| /* System header to define __stub macros and hopefully few prototypes,
|     which can conflict with char getpeereid (); below.
|     Prefer <limits.h> to <assert.h> if __STDC__ is defined, since
|     <limits.h> exists even on freestanding compilers.  */
| 
| #ifdef __STDC__
| # include <limits.h>
| #else
| # include <assert.h>
| #endif
| 
| #undef getpeereid
| 
| /* Override any GCC internal prototype to avoid an error.
|    Use char because int might match the return type of a GCC
|    builtin and then its argument prototype would still apply.  */
| #ifdef __cplusplus
| extern "C"
| #endif
| char getpeereid ();
| /* The GNU C library defines this for functions which it implements
|     to always fail with ENOSYS.  Some functions are actually named
|     something starting with __ and the normal name is an alias.  */
| #if defined __stub_getpeereid || defined __stub___getpeereid
| choke me
| #endif
| 
| int
| main ()
| {
| return getpeereid ();
|   ;
|   return 0;
| }
configure:15623: result: no
configure:15623: checking for umask
configure:15623: /opt/lede-toolchain-ramips-mt7621_gcc-5.4.0_musl-1.1.24.Linux-x86_64/toolchain-mipsel_24kc_gcc-5.4.0_musl-1.1.24/bin/mipsel-openwrt-linux-musl-gcc -o conftest -Os -Wall -DLINUX26 -DCONFIG_RALINK -DMUSL_LIBC -DDEBUG_NOISY -DDEBUG_RCTEST -D_GNU_SOURCE -D__UAPI_DEF_ETHHDR -DRALINK_DBDC_MODE -pipe -funit-at-a-time -Wno-pointer-sign -mtune=mips32 -mips32 -DLINUX_KERNEL_VERSION=263366 --sysroot=/opt/lede-toolchain-ramips-mt7621_gcc-5.4.0_musl-1.1.24.Linux-x86_64/toolchain-mipsel_24kc_gcc-5.4.0_musl-1.1.24  -ffunction-sections -fdata-sections -std=gnu99 		-DASUSWRT  --sysroot=/opt/lede-toolchain-ramips-mt7621_gcc-5.4.0_musl-1.1.24.Linux-x86_64/toolchain-mipsel_24kc_gcc-5.4.0_musl-1.1.24 -ffunction-sections -fdata-sections 		-Wl,--gc-sections 		-lpthread -ldl 		-L/repo/Pass_GPL/asuswrt/release/src-ra-openwrt-4210/router/zlib -lz conftest.c  >&5
configure:15623: $? = 0
configure:15623: result: yes
configure:15623: checking for basename
configure:15623: /opt/lede-toolchain-ramips-mt7621_gcc-5.4.0_musl-1.1.24.Linux-x86_64/toolchain-mipsel_24kc_gcc-5.4.0_musl-1.1.24/bin/mipsel-openwrt-linux-musl-gcc -o conftest -Os -Wall -DLINUX26 -DCONFIG_RALINK -DMUSL_LIBC -DDEBUG_NOISY -DDEBUG_RCTEST -D_GNU_SOURCE -D__UAPI_DEF_ETHHDR -DRALINK_DBDC_MODE -pipe -funit-at-a-time -Wno-pointer-sign -mtune=mips32 -mips32 -DLINUX_KERNEL_VERSION=263366 --sysroot=/opt/lede-toolchain-ramips-mt7621_gcc-5.4.0_musl-1.1.24.Linux-x86_64/toolchain-mipsel_24kc_gcc-5.4.0_musl-1.1.24  -ffunction-sections -fdata-sections -std=gnu99 		-DASUSWRT  --sysroot=/opt/lede-toolchain-ramips-mt7621_gcc-5.4.0_musl-1.1.24.Linux-x86_64/toolchain-mipsel_24kc_gcc-5.4.0_musl-1.1.24 -ffunction-sections -fdata-sections 		-Wl,--gc-sections 		-lpthread -ldl 		-L/repo/Pass_GPL/asuswrt/release/src-ra-openwrt-4210/router/zlib -lz conftest.c  >&5
configure:15623: $? = 0
configure:15623: result: yes
configure:15623: checking for dirname
configure:15623: /opt/lede-toolchain-ramips-mt7621_gcc-5.4.0_musl-1.1.24.Linux-x86_64/toolchain-mipsel_24kc_gcc-5.4.0_musl-1.1.24/bin/mipsel-openwrt-linux-musl-gcc -o conftest -Os -Wall -DLINUX26 -DCONFIG_RALINK -DMUSL_LIBC -DDEBUG_NOISY -DDEBUG_RCTEST -D_GNU_SOURCE -D__UAPI_DEF_ETHHDR -DRALINK_DBDC_MODE -pipe -funit-at-a-time -Wno-pointer-sign -mtune=mips32 -mips32 -DLINUX_KERNEL_VERSION=263366 --sysroot=/opt/lede-toolchain-ramips-mt7621_gcc-5.4.0_musl-1.1.24.Linux-x86_64/toolchain-mipsel_24kc_gcc-5.4.0_musl-1.1.24  -ffunction-sections -fdata-sections -std=gnu99 		-DASUSWRT  --sysroot=/opt/lede-toolchain-ramips-mt7621_gcc-5.4.0_musl-1.1.24.Linux-x86_64/toolchain-mipsel_24kc_gcc-5.4.0_musl-1.1.24 -ffunction-sections -fdata-sections 		-Wl,--gc-sections 		-lpthread -ldl 		-L/repo/Pass_GPL/asuswrt/release/src-ra-openwrt-4210/router/zlib -lz conftest.c  >&5
configure:15623: $? = 0
configure:15623: result: yes
configure:15623: checking for access
configure:15623: /opt/lede-toolchain-ramips-mt7621_gcc-5.4.0_musl-1.1.24.Linux-x86_64/toolchain-mipsel_24kc_gcc-5.4.0_musl-1.1.24/bin/mipsel-openwrt-linux-musl-gcc -o conftest -Os -Wall -DLINUX26 -DCONFIG_RALINK -DMUSL_LIBC -DDEBUG_NOISY -DDEBUG_RCTEST -D_GNU_SOURCE -D__UAPI_DEF_ETHHDR -DRALINK_DBDC_MODE -pipe -funit-at-a-time -Wno-pointer-sign -mtune=mips32 -mips32 -DLINUX_KERNEL_VERSION=263366 --sysroot=/opt/lede-toolchain-ramips-mt7621_gcc-5.4.0_musl-1.1.24.Linux-x86_64/toolchain-mipsel_24kc_gcc-5.4.0_musl-1.1.24  -ffunction-sections -fdata-sections -std=gnu99 		-DASUSWRT  --sysroot=/opt/lede-toolchain-ramips-mt7621_gcc-5.4.0_musl-1.1.24.Linux-x86_64/toolchain-mipsel_24kc_gcc-5.4.0_musl-1.1.24 -ffunction-sections -fdata-sections 		-Wl,--gc-sections 		-lpthread -ldl 		-L/repo/Pass_GPL/asuswrt/release/src-ra-openwrt-4210/router/zlib -lz conftest.c  >&5
configure:15623: $? = 0
configure:15623: result: yes
configure:15623: checking for epoll_create
configure:15623: /opt/lede-toolchain-ramips-mt7621_gcc-5.4.0_musl-1.1.24.Linux-x86_64/toolchain-mipsel_24kc_gcc-5.4.0_musl-1.1.24/bin/mipsel-openwrt-linux-musl-gcc -o conftest -Os -Wall -DLINUX26 -DCONFIG_RALINK -DMUSL_LIBC -DDEBUG_NOISY -DDEBUG_RCTEST -D_GNU_SOURCE -D__UAPI_DEF_ETHHDR -DRALINK_DBDC_MODE -pipe -funit-at-a-time -Wno-pointer-sign -mtune=mips32 -mips32 -DLINUX_KERNEL_VERSION=263366 --sysroot=/opt/lede-toolchain-ramips-mt7621_gcc-5.4.0_musl-1.1.24.Linux-x86_64/toolchain-mipsel_24kc_gcc-5.4.0_musl-1.1.24  -ffunction-sections -fdata-sections -std=gnu99 		-DASUSWRT  --sysroot=/opt/lede-toolchain-ramips-mt7621_gcc-5.4.0_musl-1.1.24.Linux-x86_64/toolchain-mipsel_24kc_gcc-5.4.0_musl-1.1.24 -ffunction-sections -fdata-sections 		-Wl,--gc-sections 		-lpthread -ldl 		-L/repo/Pass_GPL/asuswrt/release/src-ra-openwrt-4210/router/zlib -lz conftest.c  >&5
configure:15623: $? = 0
configure:15623: result: yes
configure:15633: checking for dlopen in -ldl
configure:15658: /opt/lede-toolchain-ramips-mt7621_gcc-5.4.0_musl-1.1.24.Linux-x86_64/toolchain-mipsel_24kc_gcc-5.4.0_musl-1.1.24/bin/mipsel-openwrt-linux-musl-gcc -o conftest -Os -Wall -DLINUX26 -DCONFIG_RALINK -DMUSL_LIBC -DDEBUG_NOISY -DDEBUG_RCTEST -D_GNU_SOURCE -D__UAPI_DEF_ETHHDR -DRALINK_DBDC_MODE -pipe -funit-at-a-time -Wno-pointer-sign -mtune=mips32 -mips32 -DLINUX_KERNEL_VERSION=263366 --sysroot=/opt/lede-toolchain-ramips-mt7621_gcc-5.4.0_musl-1.1.24.Linux-x86_64/toolchain-mipsel_24kc_gcc-5.4.0_musl-1.1.24  -ffunction-sections -fdata-sections -std=gnu99 		-DASUSWRT  --sysroot=/opt/lede-toolchain-ramips-mt7621_gcc-5.4.0_musl-1.1.24.Linux-x86_64/toolchain-mipsel_24kc_gcc-5.4.0_musl-1.1.24 -ffunction-sections -fdata-sections 		-Wl,--gc-sections 		-lpthread -ldl 		-L/repo/Pass_GPL/asuswrt/release/src-ra-openwrt-4210/router/zlib -lz conftest.c -ldl   >&5
configure:15658: $? = 0
configure:15667: result: yes
configure:15676: checking for inet_ntoa in -lnsl
configure:15701: /opt/lede-toolchain-ramips-mt7621_gcc-5.4.0_musl-1.1.24.Linux-x86_64/toolchain-mipsel_24kc_gcc-5.4.0_musl-1.1.24/bin/mipsel-openwrt-linux-musl-gcc -o conftest -Os -Wall -DLINUX26 -DCONFIG_RALINK -DMUSL_LIBC -DDEBUG_NOISY -DDEBUG_RCTEST -D_GNU_SOURCE -D__UAPI_DEF_ETHHDR -DRALINK_DBDC_MODE -pipe -funit-at-a-time -Wno-pointer-sign -mtune=mips32 -mips32 -DLINUX_KERNEL_VERSION=263366 --sysroot=/opt/lede-toolchain-ramips-mt7621_gcc-5.4.0_musl-1.1.24.Linux-x86_64/toolchain-mipsel_24kc_gcc-5.4.0_musl-1.1.24  -ffunction-sections -fdata-sections -std=gnu99 		-DASUSWRT  --sysroot=/opt/lede-toolchain-ramips-mt7621_gcc-5.4.0_musl-1.1.24.Linux-x86_64/toolchain-mipsel_24kc_gcc-5.4.0_musl-1.1.24 -ffunction-sections -fdata-sections 		-Wl,--gc-sections 		-lpthread -ldl 		-L/repo/Pass_GPL/asuswrt/release/src-ra-openwrt-4210/router/zlib -lz conftest.c -lnsl   >&5
/opt/lede-toolchain-ramips-mt7621_gcc-5.4.0_musl-1.1.24.Linux-x86_64/toolchain-mipsel_24kc_gcc-5.4.0_musl-1.1.24/bin/../lib/gcc/mipsel-openwrt-linux-musl/5.4.0/../../../../mipsel-openwrt-linux-musl/bin/ld: cannot find -lnsl
collect2: error: ld returned 1 exit status
configure:15701: $? = 1
configure: failed program was:
| /* confdefs.h */
| #define PACKAGE_NAME "OpenVPN"
| #define PACKAGE_TARNAME "openvpn"
| #define PACKAGE_VERSION "2.4.12"
| #define PACKAGE_STRING "OpenVPN 2.4.12"
| #define PACKAGE_BUGREPORT "openvpn-users@lists.sourceforge.net"
| #define PACKAGE_URL ""
| #define OPENVPN_VERSION_RESOURCE 2,4,12,0
| #define OPENVPN_VERSION_MAJOR 2
| #define OPENVPN_VERSION_MINOR 4
| #define OPENVPN_VERSION_PATCH ".12"
| #define PACKAGE "openvpn"
| #define VERSION "2.4.12"
| #define STDC_HEADERS 1
| #define HAVE_SYS_TYPES_H 1
| #define HAVE_SYS_STAT_H 1
| #define HAVE_STDLIB_H 1
| #define HAVE_STRING_H 1
| #define HAVE_MEMORY_H 1
| #define HAVE_STRINGS_H 1
| #define HAVE_INTTYPES_H 1
| #define HAVE_STDINT_H 1
| #define HAVE_UNISTD_H 1
| #define __EXTENSIONS__ 1
| #define _ALL_SOURCE 1
| #define _GNU_SOURCE 1
| #define _POSIX_PTHREAD_SEMANTICS 1
| #define _TANDEM_SOURCE 1
| #define TARGET_ALIAS "mipsel-unknown-linux-gnu"
| #define TARGET_LINUX 1
| #define TARGET_PREFIX "L"
| #define IFCONFIG_PATH "/sbin/ifconfig"
| #define IPROUTE_PATH "/usr/sbin/ip"
| #define ROUTE_PATH "/sbin/route"
| #define SYSTEMD_ASK_PASSWORD_PATH ""
| #define HAVE_DLFCN_H 1
| #define LT_OBJDIR ".libs/"
| #define RETSIGTYPE void
| #define HAVE_CPP_VARARG_MACRO_ISO 1
| #define HAVE_CPP_VARARG_MACRO_GCC 1
| #define EMPTY_ARRAY_SIZE 0
| #define SIZEOF_UNSIGNED_INT 4
| #define SIZEOF_UNSIGNED_LONG 4
| #define HAVE_STDIO_H 1
| #define HAVE_STDARG_H 1
| #define HAVE_LIMITS_H 1
| #define HAVE_TIME_H 1
| #define HAVE_ERRNO_H 1
| #define HAVE_FCNTL_H 1
| #define HAVE_CTYPE_H 1
| #define HAVE_SYS_TYPES_H 1
| #define HAVE_SYS_SOCKET_H 1
| #define HAVE_SIGNAL_H 1
| #define HAVE_UNISTD_H 1
| #define HAVE_DLFCN_H 1
| #define HAVE_NETINET_IN_H 1
| #define HAVE_NETINET_IN_SYSTM_H 1
| #define HAVE_NETINET_TCP_H 1
| #define HAVE_ARPA_INET_H 1
| #define HAVE_NETDB_H 1
| #define HAVE_SYS_TIME_H 1
| #define HAVE_SYS_IOCTL_H 1
| #define HAVE_SYS_STAT_H 1
| #define HAVE_SYS_MMAN_H 1
| #define HAVE_SYS_FILE_H 1
| #define HAVE_SYS_WAIT_H 1
| #define HAVE_UNISTD_H 1
| #define HAVE_SIGNAL_H 1
| #define HAVE_LIBGEN_H 1
| #define HAVE_STROPTS_H 1
| #define HAVE_SYSLOG_H 1
| #define HAVE_PWD_H 1
| #define HAVE_GRP_H 1
| #define HAVE_SYS_UIO_H 1
| #define HAVE_LINUX_SOCKIOS_H 1
| #define HAVE_LINUX_TYPES_H 1
| #define HAVE_LINUX_ERRQUEUE_H 1
| #define HAVE_SYS_POLL_H 1
| #define HAVE_SYS_EPOLL_H 1
| #define HAVE_ERR_H 1
| #define HAVE_NET_IF_H 1
| #define HAVE_NETINET_IP_H 1
| #define HAVE_RESOLV_H 1
| #define HAVE_SYS_UN_H 1
| #define HAVE_IN_ADDR_T 1
| #define HAVE_IN_PORT_T 1
| #define HAVE_IPHDR 1
| #define HAVE_MSGHDR 1
| #define HAVE_CMSGHDR 1
| #define HAVE_IN_PKTINFO 1
| #define HAVE_SA_FAMILY_T 1
| #define HAVE_IPI_SPEC_DST 1
| #define HAVE_DECL_SO_MARK 1
| #define HAVE_ANONYMOUS_UNION_SUPPORT /**/
| #define HAVE_DECL_SIGHUP 1
| #define HAVE_DECL_SIGINT 1
| #define HAVE_DECL_SIGUSR1 1
| #define HAVE_DECL_SIGUSR2 1
| #define HAVE_DECL_SIGTERM 1
| #define HAVE_FORK 1
| #define HAVE_VFORK 1
| #define HAVE_WORKING_VFORK 1
| #define HAVE_WORKING_FORK 1
| #define HAVE_DAEMON 1
| #define HAVE_CHROOT 1
| #define HAVE_GETPWNAM 1
| #define HAVE_SETUID 1
| #define HAVE_NICE 1
| #define HAVE_SYSTEM 1
| #define HAVE_GETPID 1
| #define HAVE_DUP 1
| #define HAVE_DUP2 1
| #define HAVE_GETPASS 1
| #define HAVE_SYSLOG 1
| #define HAVE_OPENLOG 1
| #define HAVE_MLOCKALL 1
| #define HAVE_GETGRNAM 1
| #define HAVE_SETGID 1
| #define HAVE_SETGROUPS 1
| #define HAVE_STAT 1
| #define HAVE_FLOCK 1
| #define HAVE_READV 1
| #define HAVE_WRITEV 1
| #define HAVE_TIME 1
| #define HAVE_GETTIMEOFDAY 1
| #define HAVE_CTIME 1
| #define HAVE_MEMSET 1
| #define HAVE_VSNPRINTF 1
| #define HAVE_STRDUP 1
| #define HAVE_SETSID 1
| #define HAVE_CHDIR 1
| #define HAVE_PUTENV 1
| #define HAVE_GETPEERNAME 1
| #define HAVE_UNLINK 1
| #define HAVE_FTRUNCATE 1
| #define HAVE_EXECVE 1
| #define HAVE_UMASK 1
| #define HAVE_BASENAME 1
| #define HAVE_DIRNAME 1
| #define HAVE_ACCESS 1
| #define HAVE_EPOLL_CREATE 1
| /* end confdefs.h.  */
| 
| /* Override any GCC internal prototype to avoid an error.
|    Use char because int might match the return type of a GCC
|    builtin and then its argument prototype would still apply.  */
| #ifdef __cplusplus
| extern "C"
| #endif
| char inet_ntoa ();
| int
| main ()
| {
| return inet_ntoa ();
|   ;
|   return 0;
| }
configure:15710: result: no
configure:15717: checking for socket in -lsocket
configure:15742: /opt/lede-toolchain-ramips-mt7621_gcc-5.4.0_musl-1.1.24.Linux-x86_64/toolchain-mipsel_24kc_gcc-5.4.0_musl-1.1.24/bin/mipsel-openwrt-linux-musl-gcc -o conftest -Os -Wall -DLINUX26 -DCONFIG_RALINK -DMUSL_LIBC -DDEBUG_NOISY -DDEBUG_RCTEST -D_GNU_SOURCE -D__UAPI_DEF_ETHHDR -DRALINK_DBDC_MODE -pipe -funit-at-a-time -Wno-pointer-sign -mtune=mips32 -mips32 -DLINUX_KERNEL_VERSION=263366 --sysroot=/opt/lede-toolchain-ramips-mt7621_gcc-5.4.0_musl-1.1.24.Linux-x86_64/toolchain-mipsel_24kc_gcc-5.4.0_musl-1.1.24  -ffunction-sections -fdata-sections -std=gnu99 		-DASUSWRT  --sysroot=/opt/lede-toolchain-ramips-mt7621_gcc-5.4.0_musl-1.1.24.Linux-x86_64/toolchain-mipsel_24kc_gcc-5.4.0_musl-1.1.24 -ffunction-sections -fdata-sections 		-Wl,--gc-sections 		-lpthread -ldl 		-L/repo/Pass_GPL/asuswrt/release/src-ra-openwrt-4210/router/zlib -lz conftest.c -lsocket   >&5
/opt/lede-toolchain-ramips-mt7621_gcc-5.4.0_musl-1.1.24.Linux-x86_64/toolchain-mipsel_24kc_gcc-5.4.0_musl-1.1.24/bin/../lib/gcc/mipsel-openwrt-linux-musl/5.4.0/../../../../mipsel-openwrt-linux-musl/bin/ld: cannot find -lsocket
collect2: error: ld returned 1 exit status
configure:15742: $? = 1
configure: failed program was:
| /* confdefs.h */
| #define PACKAGE_NAME "OpenVPN"
| #define PACKAGE_TARNAME "openvpn"
| #define PACKAGE_VERSION "2.4.12"
| #define PACKAGE_STRING "OpenVPN 2.4.12"
| #define PACKAGE_BUGREPORT "openvpn-users@lists.sourceforge.net"
| #define PACKAGE_URL ""
| #define OPENVPN_VERSION_RESOURCE 2,4,12,0
| #define OPENVPN_VERSION_MAJOR 2
| #define OPENVPN_VERSION_MINOR 4
| #define OPENVPN_VERSION_PATCH ".12"
| #define PACKAGE "openvpn"
| #define VERSION "2.4.12"
| #define STDC_HEADERS 1
| #define HAVE_SYS_TYPES_H 1
| #define HAVE_SYS_STAT_H 1
| #define HAVE_STDLIB_H 1
| #define HAVE_STRING_H 1
| #define HAVE_MEMORY_H 1
| #define HAVE_STRINGS_H 1
| #define HAVE_INTTYPES_H 1
| #define HAVE_STDINT_H 1
| #define HAVE_UNISTD_H 1
| #define __EXTENSIONS__ 1
| #define _ALL_SOURCE 1
| #define _GNU_SOURCE 1
| #define _POSIX_PTHREAD_SEMANTICS 1
| #define _TANDEM_SOURCE 1
| #define TARGET_ALIAS "mipsel-unknown-linux-gnu"
| #define TARGET_LINUX 1
| #define TARGET_PREFIX "L"
| #define IFCONFIG_PATH "/sbin/ifconfig"
| #define IPROUTE_PATH "/usr/sbin/ip"
| #define ROUTE_PATH "/sbin/route"
| #define SYSTEMD_ASK_PASSWORD_PATH ""
| #define HAVE_DLFCN_H 1
| #define LT_OBJDIR ".libs/"
| #define RETSIGTYPE void
| #define HAVE_CPP_VARARG_MACRO_ISO 1
| #define HAVE_CPP_VARARG_MACRO_GCC 1
| #define EMPTY_ARRAY_SIZE 0
| #define SIZEOF_UNSIGNED_INT 4
| #define SIZEOF_UNSIGNED_LONG 4
| #define HAVE_STDIO_H 1
| #define HAVE_STDARG_H 1
| #define HAVE_LIMITS_H 1
| #define HAVE_TIME_H 1
| #define HAVE_ERRNO_H 1
| #define HAVE_FCNTL_H 1
| #define HAVE_CTYPE_H 1
| #define HAVE_SYS_TYPES_H 1
| #define HAVE_SYS_SOCKET_H 1
| #define HAVE_SIGNAL_H 1
| #define HAVE_UNISTD_H 1
| #define HAVE_DLFCN_H 1
| #define HAVE_NETINET_IN_H 1
| #define HAVE_NETINET_IN_SYSTM_H 1
| #define HAVE_NETINET_TCP_H 1
| #define HAVE_ARPA_INET_H 1
| #define HAVE_NETDB_H 1
| #define HAVE_SYS_TIME_H 1
| #define HAVE_SYS_IOCTL_H 1
| #define HAVE_SYS_STAT_H 1
| #define HAVE_SYS_MMAN_H 1
| #define HAVE_SYS_FILE_H 1
| #define HAVE_SYS_WAIT_H 1
| #define HAVE_UNISTD_H 1
| #define HAVE_SIGNAL_H 1
| #define HAVE_LIBGEN_H 1
| #define HAVE_STROPTS_H 1
| #define HAVE_SYSLOG_H 1
| #define HAVE_PWD_H 1
| #define HAVE_GRP_H 1
| #define HAVE_SYS_UIO_H 1
| #define HAVE_LINUX_SOCKIOS_H 1
| #define HAVE_LINUX_TYPES_H 1
| #define HAVE_LINUX_ERRQUEUE_H 1
| #define HAVE_SYS_POLL_H 1
| #define HAVE_SYS_EPOLL_H 1
| #define HAVE_ERR_H 1
| #define HAVE_NET_IF_H 1
| #define HAVE_NETINET_IP_H 1
| #define HAVE_RESOLV_H 1
| #define HAVE_SYS_UN_H 1
| #define HAVE_IN_ADDR_T 1
| #define HAVE_IN_PORT_T 1
| #define HAVE_IPHDR 1
| #define HAVE_MSGHDR 1
| #define HAVE_CMSGHDR 1
| #define HAVE_IN_PKTINFO 1
| #define HAVE_SA_FAMILY_T 1
| #define HAVE_IPI_SPEC_DST 1
| #define HAVE_DECL_SO_MARK 1
| #define HAVE_ANONYMOUS_UNION_SUPPORT /**/
| #define HAVE_DECL_SIGHUP 1
| #define HAVE_DECL_SIGINT 1
| #define HAVE_DECL_SIGUSR1 1
| #define HAVE_DECL_SIGUSR2 1
| #define HAVE_DECL_SIGTERM 1
| #define HAVE_FORK 1
| #define HAVE_VFORK 1
| #define HAVE_WORKING_VFORK 1
| #define HAVE_WORKING_FORK 1
| #define HAVE_DAEMON 1
| #define HAVE_CHROOT 1
| #define HAVE_GETPWNAM 1
| #define HAVE_SETUID 1
| #define HAVE_NICE 1
| #define HAVE_SYSTEM 1
| #define HAVE_GETPID 1
| #define HAVE_DUP 1
| #define HAVE_DUP2 1
| #define HAVE_GETPASS 1
| #define HAVE_SYSLOG 1
| #define HAVE_OPENLOG 1
| #define HAVE_MLOCKALL 1
| #define HAVE_GETGRNAM 1
| #define HAVE_SETGID 1
| #define HAVE_SETGROUPS 1
| #define HAVE_STAT 1
| #define HAVE_FLOCK 1
| #define HAVE_READV 1
| #define HAVE_WRITEV 1
| #define HAVE_TIME 1
| #define HAVE_GETTIMEOFDAY 1
| #define HAVE_CTIME 1
| #define HAVE_MEMSET 1
| #define HAVE_VSNPRINTF 1
| #define HAVE_STRDUP 1
| #define HAVE_SETSID 1
| #define HAVE_CHDIR 1
| #define HAVE_PUTENV 1
| #define HAVE_GETPEERNAME 1
| #define HAVE_UNLINK 1
| #define HAVE_FTRUNCATE 1
| #define HAVE_EXECVE 1
| #define HAVE_UMASK 1
| #define HAVE_BASENAME 1
| #define HAVE_DIRNAME 1
| #define HAVE_ACCESS 1
| #define HAVE_EPOLL_CREATE 1
| /* end confdefs.h.  */
| 
| /* Override any GCC internal prototype to avoid an error.
|    Use char because int might match the return type of a GCC
|    builtin and then its argument prototype would still apply.  */
| #ifdef __cplusplus
| extern "C"
| #endif
| char socket ();
| int
| main ()
| {
| return socket ();
|   ;
|   return 0;
| }
configure:15751: result: no
configure:15758: checking for gethostbyname in -lresolv
configure:15792: result: no
configure:15806: checking for sendmsg
configure:15806: /opt/lede-toolchain-ramips-mt7621_gcc-5.4.0_musl-1.1.24.Linux-x86_64/toolchain-mipsel_24kc_gcc-5.4.0_musl-1.1.24/bin/mipsel-openwrt-linux-musl-gcc -o conftest -Os -Wall -DLINUX26 -DCONFIG_RALINK -DMUSL_LIBC -DDEBUG_NOISY -DDEBUG_RCTEST -D_GNU_SOURCE -D__UAPI_DEF_ETHHDR -DRALINK_DBDC_MODE -pipe -funit-at-a-time -Wno-pointer-sign -mtune=mips32 -mips32 -DLINUX_KERNEL_VERSION=263366 --sysroot=/opt/lede-toolchain-ramips-mt7621_gcc-5.4.0_musl-1.1.24.Linux-x86_64/toolchain-mipsel_24kc_gcc-5.4.0_musl-1.1.24  -ffunction-sections -fdata-sections -std=gnu99 		-DASUSWRT  --sysroot=/opt/lede-toolchain-ramips-mt7621_gcc-5.4.0_musl-1.1.24.Linux-x86_64/toolchain-mipsel_24kc_gcc-5.4.0_musl-1.1.24 -ffunction-sections -fdata-sections 		-Wl,--gc-sections 		-lpthread -ldl 		-L/repo/Pass_GPL/asuswrt/release/src-ra-openwrt-4210/router/zlib -lz conftest.c   >&5
configure:15806: $? = 0
configure:15806: result: yes
configure:15806: checking for recvmsg
configure:15806: /opt/lede-toolchain-ramips-mt7621_gcc-5.4.0_musl-1.1.24.Linux-x86_64/toolchain-mipsel_24kc_gcc-5.4.0_musl-1.1.24/bin/mipsel-openwrt-linux-musl-gcc -o conftest -Os -Wall -DLINUX26 -DCONFIG_RALINK -DMUSL_LIBC -DDEBUG_NOISY -DDEBUG_RCTEST -D_GNU_SOURCE -D__UAPI_DEF_ETHHDR -DRALINK_DBDC_MODE -pipe -funit-at-a-time -Wno-pointer-sign -mtune=mips32 -mips32 -DLINUX_KERNEL_VERSION=263366 --sysroot=/opt/lede-toolchain-ramips-mt7621_gcc-5.4.0_musl-1.1.24.Linux-x86_64/toolchain-mipsel_24kc_gcc-5.4.0_musl-1.1.24  -ffunction-sections -fdata-sections -std=gnu99 		-DASUSWRT  --sysroot=/opt/lede-toolchain-ramips-mt7621_gcc-5.4.0_musl-1.1.24.Linux-x86_64/toolchain-mipsel_24kc_gcc-5.4.0_musl-1.1.24 -ffunction-sections -fdata-sections 		-Wl,--gc-sections 		-lpthread -ldl 		-L/repo/Pass_GPL/asuswrt/release/src-ra-openwrt-4210/router/zlib -lz conftest.c   >&5
configure:15806: $? = 0
configure:15806: result: yes
configure:15928: checking for inet_ntop
configure:15928: /opt/lede-toolchain-ramips-mt7621_gcc-5.4.0_musl-1.1.24.Linux-x86_64/toolchain-mipsel_24kc_gcc-5.4.0_musl-1.1.24/bin/mipsel-openwrt-linux-musl-gcc -o conftest -Os -Wall -DLINUX26 -DCONFIG_RALINK -DMUSL_LIBC -DDEBUG_NOISY -DDEBUG_RCTEST -D_GNU_SOURCE -D__UAPI_DEF_ETHHDR -DRALINK_DBDC_MODE -pipe -funit-at-a-time -Wno-pointer-sign -mtune=mips32 -mips32 -DLINUX_KERNEL_VERSION=263366 --sysroot=/opt/lede-toolchain-ramips-mt7621_gcc-5.4.0_musl-1.1.24.Linux-x86_64/toolchain-mipsel_24kc_gcc-5.4.0_musl-1.1.24  -ffunction-sections -fdata-sections -std=gnu99 		-DASUSWRT  --sysroot=/opt/lede-toolchain-ramips-mt7621_gcc-5.4.0_musl-1.1.24.Linux-x86_64/toolchain-mipsel_24kc_gcc-5.4.0_musl-1.1.24 -ffunction-sections -fdata-sections 		-Wl,--gc-sections 		-lpthread -ldl 		-L/repo/Pass_GPL/asuswrt/release/src-ra-openwrt-4210/router/zlib -lz conftest.c   >&5
configure:15928: $? = 0
configure:15928: result: yes
configure:15928: checking for inet_pton
configure:15928: /opt/lede-toolchain-ramips-mt7621_gcc-5.4.0_musl-1.1.24.Linux-x86_64/toolchain-mipsel_24kc_gcc-5.4.0_musl-1.1.24/bin/mipsel-openwrt-linux-musl-gcc -o conftest -Os -Wall -DLINUX26 -DCONFIG_RALINK -DMUSL_LIBC -DDEBUG_NOISY -DDEBUG_RCTEST -D_GNU_SOURCE -D__UAPI_DEF_ETHHDR -DRALINK_DBDC_MODE -pipe -funit-at-a-time -Wno-pointer-sign -mtune=mips32 -mips32 -DLINUX_KERNEL_VERSION=263366 --sysroot=/opt/lede-toolchain-ramips-mt7621_gcc-5.4.0_musl-1.1.24.Linux-x86_64/toolchain-mipsel_24kc_gcc-5.4.0_musl-1.1.24  -ffunction-sections -fdata-sections -std=gnu99 		-DASUSWRT  --sysroot=/opt/lede-toolchain-ramips-mt7621_gcc-5.4.0_musl-1.1.24.Linux-x86_64/toolchain-mipsel_24kc_gcc-5.4.0_musl-1.1.24 -ffunction-sections -fdata-sections 		-Wl,--gc-sections 		-lpthread -ldl 		-L/repo/Pass_GPL/asuswrt/release/src-ra-openwrt-4210/router/zlib -lz conftest.c   >&5
configure:15928: $? = 0
configure:15928: result: yes
configure:15940: checking for socket
configure:15940: /opt/lede-toolchain-ramips-mt7621_gcc-5.4.0_musl-1.1.24.Linux-x86_64/toolchain-mipsel_24kc_gcc-5.4.0_musl-1.1.24/bin/mipsel-openwrt-linux-musl-gcc -o conftest -Os -Wall -DLINUX26 -DCONFIG_RALINK -DMUSL_LIBC -DDEBUG_NOISY -DDEBUG_RCTEST -D_GNU_SOURCE -D__UAPI_DEF_ETHHDR -DRALINK_DBDC_MODE -pipe -funit-at-a-time -Wno-pointer-sign -mtune=mips32 -mips32 -DLINUX_KERNEL_VERSION=263366 --sysroot=/opt/lede-toolchain-ramips-mt7621_gcc-5.4.0_musl-1.1.24.Linux-x86_64/toolchain-mipsel_24kc_gcc-5.4.0_musl-1.1.24  -ffunction-sections -fdata-sections -std=gnu99 		-DASUSWRT  --sysroot=/opt/lede-toolchain-ramips-mt7621_gcc-5.4.0_musl-1.1.24.Linux-x86_64/toolchain-mipsel_24kc_gcc-5.4.0_musl-1.1.24 -ffunction-sections -fdata-sections 		-Wl,--gc-sections 		-lpthread -ldl 		-L/repo/Pass_GPL/asuswrt/release/src-ra-openwrt-4210/router/zlib -lz conftest.c   >&5
configure:15940: $? = 0
configure:15940: result: yes
configure:15940: checking for recv
configure:15940: /opt/lede-toolchain-ramips-mt7621_gcc-5.4.0_musl-1.1.24.Linux-x86_64/toolchain-mipsel_24kc_gcc-5.4.0_musl-1.1.24/bin/mipsel-openwrt-linux-musl-gcc -o conftest -Os -Wall -DLINUX26 -DCONFIG_RALINK -DMUSL_LIBC -DDEBUG_NOISY -DDEBUG_RCTEST -D_GNU_SOURCE -D__UAPI_DEF_ETHHDR -DRALINK_DBDC_MODE -pipe -funit-at-a-time -Wno-pointer-sign -mtune=mips32 -mips32 -DLINUX_KERNEL_VERSION=263366 --sysroot=/opt/lede-toolchain-ramips-mt7621_gcc-5.4.0_musl-1.1.24.Linux-x86_64/toolchain-mipsel_24kc_gcc-5.4.0_musl-1.1.24  -ffunction-sections -fdata-sections -std=gnu99 		-DASUSWRT  --sysroot=/opt/lede-toolchain-ramips-mt7621_gcc-5.4.0_musl-1.1.24.Linux-x86_64/toolchain-mipsel_24kc_gcc-5.4.0_musl-1.1.24 -ffunction-sections -fdata-sections 		-Wl,--gc-sections 		-lpthread -ldl 		-L/repo/Pass_GPL/asuswrt/release/src-ra-openwrt-4210/router/zlib -lz conftest.c   >&5
configure:15940: $? = 0
configure:15940: result: yes
configure:15940: checking for recvfrom
configure:15940: /opt/lede-toolchain-ramips-mt7621_gcc-5.4.0_musl-1.1.24.Linux-x86_64/toolchain-mipsel_24kc_gcc-5.4.0_musl-1.1.24/bin/mipsel-openwrt-linux-musl-gcc -o conftest -Os -Wall -DLINUX26 -DCONFIG_RALINK -DMUSL_LIBC -DDEBUG_NOISY -DDEBUG_RCTEST -D_GNU_SOURCE -D__UAPI_DEF_ETHHDR -DRALINK_DBDC_MODE -pipe -funit-at-a-time -Wno-pointer-sign -mtune=mips32 -mips32 -DLINUX_KERNEL_VERSION=263366 --sysroot=/opt/lede-toolchain-ramips-mt7621_gcc-5.4.0_musl-1.1.24.Linux-x86_64/toolchain-mipsel_24kc_gcc-5.4.0_musl-1.1.24  -ffunction-sections -fdata-sections -std=gnu99 		-DASUSWRT  --sysroot=/opt/lede-toolchain-ramips-mt7621_gcc-5.4.0_musl-1.1.24.Linux-x86_64/toolchain-mipsel_24kc_gcc-5.4.0_musl-1.1.24 -ffunction-sections -fdata-sections 		-Wl,--gc-sections 		-lpthread -ldl 		-L/repo/Pass_GPL/asuswrt/release/src-ra-openwrt-4210/router/zlib -lz conftest.c   >&5
configure:15940: $? = 0
configure:15940: result: yes
configure:15940: checking for send
configure:15940: /opt/lede-toolchain-ramips-mt7621_gcc-5.4.0_musl-1.1.24.Linux-x86_64/toolchain-mipsel_24kc_gcc-5.4.0_musl-1.1.24/bin/mipsel-openwrt-linux-musl-gcc -o conftest -Os -Wall -DLINUX26 -DCONFIG_RALINK -DMUSL_LIBC -DDEBUG_NOISY -DDEBUG_RCTEST -D_GNU_SOURCE -D__UAPI_DEF_ETHHDR -DRALINK_DBDC_MODE -pipe -funit-at-a-time -Wno-pointer-sign -mtune=mips32 -mips32 -DLINUX_KERNEL_VERSION=263366 --sysroot=/opt/lede-toolchain-ramips-mt7621_gcc-5.4.0_musl-1.1.24.Linux-x86_64/toolchain-mipsel_24kc_gcc-5.4.0_musl-1.1.24  -ffunction-sections -fdata-sections -std=gnu99 		-DASUSWRT  --sysroot=/opt/lede-toolchain-ramips-mt7621_gcc-5.4.0_musl-1.1.24.Linux-x86_64/toolchain-mipsel_24kc_gcc-5.4.0_musl-1.1.24 -ffunction-sections -fdata-sections 		-Wl,--gc-sections 		-lpthread -ldl 		-L/repo/Pass_GPL/asuswrt/release/src-ra-openwrt-4210/router/zlib -lz conftest.c   >&5
configure:15940: $? = 0
configure:15940: result: yes
configure:15940: checking for sendto
configure:15940: /opt/lede-toolchain-ramips-mt7621_gcc-5.4.0_musl-1.1.24.Linux-x86_64/toolchain-mipsel_24kc_gcc-5.4.0_musl-1.1.24/bin/mipsel-openwrt-linux-musl-gcc -o conftest -Os -Wall -DLINUX26 -DCONFIG_RALINK -DMUSL_LIBC -DDEBUG_NOISY -DDEBUG_RCTEST -D_GNU_SOURCE -D__UAPI_DEF_ETHHDR -DRALINK_DBDC_MODE -pipe -funit-at-a-time -Wno-pointer-sign -mtune=mips32 -mips32 -DLINUX_KERNEL_VERSION=263366 --sysroot=/opt/lede-toolchain-ramips-mt7621_gcc-5.4.0_musl-1.1.24.Linux-x86_64/toolchain-mipsel_24kc_gcc-5.4.0_musl-1.1.24  -ffunction-sections -fdata-sections -std=gnu99 		-DASUSWRT  --sysroot=/opt/lede-toolchain-ramips-mt7621_gcc-5.4.0_musl-1.1.24.Linux-x86_64/toolchain-mipsel_24kc_gcc-5.4.0_musl-1.1.24 -ffunction-sections -fdata-sections 		-Wl,--gc-sections 		-lpthread -ldl 		-L/repo/Pass_GPL/asuswrt/release/src-ra-openwrt-4210/router/zlib -lz conftest.c   >&5
configure:15940: $? = 0
configure:15940: result: yes
configure:15940: checking for listen
configure:15940: /opt/lede-toolchain-ramips-mt7621_gcc-5.4.0_musl-1.1.24.Linux-x86_64/toolchain-mipsel_24kc_gcc-5.4.0_musl-1.1.24/bin/mipsel-openwrt-linux-musl-gcc -o conftest -Os -Wall -DLINUX26 -DCONFIG_RALINK -DMUSL_LIBC -DDEBUG_NOISY -DDEBUG_RCTEST -D_GNU_SOURCE -D__UAPI_DEF_ETHHDR -DRALINK_DBDC_MODE -pipe -funit-at-a-time -Wno-pointer-sign -mtune=mips32 -mips32 -DLINUX_KERNEL_VERSION=263366 --sysroot=/opt/lede-toolchain-ramips-mt7621_gcc-5.4.0_musl-1.1.24.Linux-x86_64/toolchain-mipsel_24kc_gcc-5.4.0_musl-1.1.24  -ffunction-sections -fdata-sections -std=gnu99 		-DASUSWRT  --sysroot=/opt/lede-toolchain-ramips-mt7621_gcc-5.4.0_musl-1.1.24.Linux-x86_64/toolchain-mipsel_24kc_gcc-5.4.0_musl-1.1.24 -ffunction-sections -fdata-sections 		-Wl,--gc-sections 		-lpthread -ldl 		-L/repo/Pass_GPL/asuswrt/release/src-ra-openwrt-4210/router/zlib -lz conftest.c   >&5
configure:15940: $? = 0
configure:15940: result: yes
configure:15940: checking for accept
configure:15940: /opt/lede-toolchain-ramips-mt7621_gcc-5.4.0_musl-1.1.24.Linux-x86_64/toolchain-mipsel_24kc_gcc-5.4.0_musl-1.1.24/bin/mipsel-openwrt-linux-musl-gcc -o conftest -Os -Wall -DLINUX26 -DCONFIG_RALINK -DMUSL_LIBC -DDEBUG_NOISY -DDEBUG_RCTEST -D_GNU_SOURCE -D__UAPI_DEF_ETHHDR -DRALINK_DBDC_MODE -pipe -funit-at-a-time -Wno-pointer-sign -mtune=mips32 -mips32 -DLINUX_KERNEL_VERSION=263366 --sysroot=/opt/lede-toolchain-ramips-mt7621_gcc-5.4.0_musl-1.1.24.Linux-x86_64/toolchain-mipsel_24kc_gcc-5.4.0_musl-1.1.24  -ffunction-sections -fdata-sections -std=gnu99 		-DASUSWRT  --sysroot=/opt/lede-toolchain-ramips-mt7621_gcc-5.4.0_musl-1.1.24.Linux-x86_64/toolchain-mipsel_24kc_gcc-5.4.0_musl-1.1.24 -ffunction-sections -fdata-sections 		-Wl,--gc-sections 		-lpthread -ldl 		-L/repo/Pass_GPL/asuswrt/release/src-ra-openwrt-4210/router/zlib -lz conftest.c   >&5
configure:15940: $? = 0
configure:15940: result: yes
configure:15940: checking for connect
configure:15940: /opt/lede-toolchain-ramips-mt7621_gcc-5.4.0_musl-1.1.24.Linux-x86_64/toolchain-mipsel_24kc_gcc-5.4.0_musl-1.1.24/bin/mipsel-openwrt-linux-musl-gcc -o conftest -Os -Wall -DLINUX26 -DCONFIG_RALINK -DMUSL_LIBC -DDEBUG_NOISY -DDEBUG_RCTEST -D_GNU_SOURCE -D__UAPI_DEF_ETHHDR -DRALINK_DBDC_MODE -pipe -funit-at-a-time -Wno-pointer-sign -mtune=mips32 -mips32 -DLINUX_KERNEL_VERSION=263366 --sysroot=/opt/lede-toolchain-ramips-mt7621_gcc-5.4.0_musl-1.1.24.Linux-x86_64/toolchain-mipsel_24kc_gcc-5.4.0_musl-1.1.24  -ffunction-sections -fdata-sections -std=gnu99 		-DASUSWRT  --sysroot=/opt/lede-toolchain-ramips-mt7621_gcc-5.4.0_musl-1.1.24.Linux-x86_64/toolchain-mipsel_24kc_gcc-5.4.0_musl-1.1.24 -ffunction-sections -fdata-sections 		-Wl,--gc-sections 		-lpthread -ldl 		-L/repo/Pass_GPL/asuswrt/release/src-ra-openwrt-4210/router/zlib -lz conftest.c   >&5
configure:15940: $? = 0
configure:15940: result: yes
configure:15940: checking for bind
configure:15940: /opt/lede-toolchain-ramips-mt7621_gcc-5.4.0_musl-1.1.24.Linux-x86_64/toolchain-mipsel_24kc_gcc-5.4.0_musl-1.1.24/bin/mipsel-openwrt-linux-musl-gcc -o conftest -Os -Wall -DLINUX26 -DCONFIG_RALINK -DMUSL_LIBC -DDEBUG_NOISY -DDEBUG_RCTEST -D_GNU_SOURCE -D__UAPI_DEF_ETHHDR -DRALINK_DBDC_MODE -pipe -funit-at-a-time -Wno-pointer-sign -mtune=mips32 -mips32 -DLINUX_KERNEL_VERSION=263366 --sysroot=/opt/lede-toolchain-ramips-mt7621_gcc-5.4.0_musl-1.1.24.Linux-x86_64/toolchain-mipsel_24kc_gcc-5.4.0_musl-1.1.24  -ffunction-sections -fdata-sections -std=gnu99 		-DASUSWRT  --sysroot=/opt/lede-toolchain-ramips-mt7621_gcc-5.4.0_musl-1.1.24.Linux-x86_64/toolchain-mipsel_24kc_gcc-5.4.0_musl-1.1.24 -ffunction-sections -fdata-sections 		-Wl,--gc-sections 		-lpthread -ldl 		-L/repo/Pass_GPL/asuswrt/release/src-ra-openwrt-4210/router/zlib -lz conftest.c   >&5
configure:15940: $? = 0
configure:15940: result: yes
configure:15940: checking for select
configure:15940: /opt/lede-toolchain-ramips-mt7621_gcc-5.4.0_musl-1.1.24.Linux-x86_64/toolchain-mipsel_24kc_gcc-5.4.0_musl-1.1.24/bin/mipsel-openwrt-linux-musl-gcc -o conftest -Os -Wall -DLINUX26 -DCONFIG_RALINK -DMUSL_LIBC -DDEBUG_NOISY -DDEBUG_RCTEST -D_GNU_SOURCE -D__UAPI_DEF_ETHHDR -DRALINK_DBDC_MODE -pipe -funit-at-a-time -Wno-pointer-sign -mtune=mips32 -mips32 -DLINUX_KERNEL_VERSION=263366 --sysroot=/opt/lede-toolchain-ramips-mt7621_gcc-5.4.0_musl-1.1.24.Linux-x86_64/toolchain-mipsel_24kc_gcc-5.4.0_musl-1.1.24  -ffunction-sections -fdata-sections -std=gnu99 		-DASUSWRT  --sysroot=/opt/lede-toolchain-ramips-mt7621_gcc-5.4.0_musl-1.1.24.Linux-x86_64/toolchain-mipsel_24kc_gcc-5.4.0_musl-1.1.24 -ffunction-sections -fdata-sections 		-Wl,--gc-sections 		-lpthread -ldl 		-L/repo/Pass_GPL/asuswrt/release/src-ra-openwrt-4210/router/zlib -lz conftest.c   >&5
configure:15940: $? = 0
configure:15940: result: yes
configure:15940: checking for gethostbyname
configure:15940: /opt/lede-toolchain-ramips-mt7621_gcc-5.4.0_musl-1.1.24.Linux-x86_64/toolchain-mipsel_24kc_gcc-5.4.0_musl-1.1.24/bin/mipsel-openwrt-linux-musl-gcc -o conftest -Os -Wall -DLINUX26 -DCONFIG_RALINK -DMUSL_LIBC -DDEBUG_NOISY -DDEBUG_RCTEST -D_GNU_SOURCE -D__UAPI_DEF_ETHHDR -DRALINK_DBDC_MODE -pipe -funit-at-a-time -Wno-pointer-sign -mtune=mips32 -mips32 -DLINUX_KERNEL_VERSION=263366 --sysroot=/opt/lede-toolchain-ramips-mt7621_gcc-5.4.0_musl-1.1.24.Linux-x86_64/toolchain-mipsel_24kc_gcc-5.4.0_musl-1.1.24  -ffunction-sections -fdata-sections -std=gnu99 		-DASUSWRT  --sysroot=/opt/lede-toolchain-ramips-mt7621_gcc-5.4.0_musl-1.1.24.Linux-x86_64/toolchain-mipsel_24kc_gcc-5.4.0_musl-1.1.24 -ffunction-sections -fdata-sections 		-Wl,--gc-sections 		-lpthread -ldl 		-L/repo/Pass_GPL/asuswrt/release/src-ra-openwrt-4210/router/zlib -lz conftest.c   >&5
configure:15940: $? = 0
configure:15940: result: yes
configure:15940: checking for inet_ntoa
configure:15940: /opt/lede-toolchain-ramips-mt7621_gcc-5.4.0_musl-1.1.24.Linux-x86_64/toolchain-mipsel_24kc_gcc-5.4.0_musl-1.1.24/bin/mipsel-openwrt-linux-musl-gcc -o conftest -Os -Wall -DLINUX26 -DCONFIG_RALINK -DMUSL_LIBC -DDEBUG_NOISY -DDEBUG_RCTEST -D_GNU_SOURCE -D__UAPI_DEF_ETHHDR -DRALINK_DBDC_MODE -pipe -funit-at-a-time -Wno-pointer-sign -mtune=mips32 -mips32 -DLINUX_KERNEL_VERSION=263366 --sysroot=/opt/lede-toolchain-ramips-mt7621_gcc-5.4.0_musl-1.1.24.Linux-x86_64/toolchain-mipsel_24kc_gcc-5.4.0_musl-1.1.24  -ffunction-sections -fdata-sections -std=gnu99 		-DASUSWRT  --sysroot=/opt/lede-toolchain-ramips-mt7621_gcc-5.4.0_musl-1.1.24.Linux-x86_64/toolchain-mipsel_24kc_gcc-5.4.0_musl-1.1.24 -ffunction-sections -fdata-sections 		-Wl,--gc-sections 		-lpthread -ldl 		-L/repo/Pass_GPL/asuswrt/release/src-ra-openwrt-4210/router/zlib -lz conftest.c   >&5
configure:15940: $? = 0
configure:15940: result: yes
configure:15955: checking for setsockopt
configure:15955: /opt/lede-toolchain-ramips-mt7621_gcc-5.4.0_musl-1.1.24.Linux-x86_64/toolchain-mipsel_24kc_gcc-5.4.0_musl-1.1.24/bin/mipsel-openwrt-linux-musl-gcc -o conftest -Os -Wall -DLINUX26 -DCONFIG_RALINK -DMUSL_LIBC -DDEBUG_NOISY -DDEBUG_RCTEST -D_GNU_SOURCE -D__UAPI_DEF_ETHHDR -DRALINK_DBDC_MODE -pipe -funit-at-a-time -Wno-pointer-sign -mtune=mips32 -mips32 -DLINUX_KERNEL_VERSION=263366 --sysroot=/opt/lede-toolchain-ramips-mt7621_gcc-5.4.0_musl-1.1.24.Linux-x86_64/toolchain-mipsel_24kc_gcc-5.4.0_musl-1.1.24  -ffunction-sections -fdata-sections -std=gnu99 		-DASUSWRT  --sysroot=/opt/lede-toolchain-ramips-mt7621_gcc-5.4.0_musl-1.1.24.Linux-x86_64/toolchain-mipsel_24kc_gcc-5.4.0_musl-1.1.24 -ffunction-sections -fdata-sections 		-Wl,--gc-sections 		-lpthread -ldl 		-L/repo/Pass_GPL/asuswrt/release/src-ra-openwrt-4210/router/zlib -lz conftest.c   >&5
configure:15955: $? = 0
configure:15955: result: yes
configure:15955: checking for getsockopt
configure:15955: /opt/lede-toolchain-ramips-mt7621_gcc-5.4.0_musl-1.1.24.Linux-x86_64/toolchain-mipsel_24kc_gcc-5.4.0_musl-1.1.24/bin/mipsel-openwrt-linux-musl-gcc -o conftest -Os -Wall -DLINUX26 -DCONFIG_RALINK -DMUSL_LIBC -DDEBUG_NOISY -DDEBUG_RCTEST -D_GNU_SOURCE -D__UAPI_DEF_ETHHDR -DRALINK_DBDC_MODE -pipe -funit-at-a-time -Wno-pointer-sign -mtune=mips32 -mips32 -DLINUX_KERNEL_VERSION=263366 --sysroot=/opt/lede-toolchain-ramips-mt7621_gcc-5.4.0_musl-1.1.24.Linux-x86_64/toolchain-mipsel_24kc_gcc-5.4.0_musl-1.1.24  -ffunction-sections -fdata-sections -std=gnu99 		-DASUSWRT  --sysroot=/opt/lede-toolchain-ramips-mt7621_gcc-5.4.0_musl-1.1.24.Linux-x86_64/toolchain-mipsel_24kc_gcc-5.4.0_musl-1.1.24 -ffunction-sections -fdata-sections 		-Wl,--gc-sections 		-lpthread -ldl 		-L/repo/Pass_GPL/asuswrt/release/src-ra-openwrt-4210/router/zlib -lz conftest.c   >&5
configure:15955: $? = 0
configure:15955: result: yes
configure:15955: checking for getsockname
configure:15955: /opt/lede-toolchain-ramips-mt7621_gcc-5.4.0_musl-1.1.24.Linux-x86_64/toolchain-mipsel_24kc_gcc-5.4.0_musl-1.1.24/bin/mipsel-openwrt-linux-musl-gcc -o conftest -Os -Wall -DLINUX26 -DCONFIG_RALINK -DMUSL_LIBC -DDEBUG_NOISY -DDEBUG_RCTEST -D_GNU_SOURCE -D__UAPI_DEF_ETHHDR -DRALINK_DBDC_MODE -pipe -funit-at-a-time -Wno-pointer-sign -mtune=mips32 -mips32 -DLINUX_KERNEL_VERSION=263366 --sysroot=/opt/lede-toolchain-ramips-mt7621_gcc-5.4.0_musl-1.1.24.Linux-x86_64/toolchain-mipsel_24kc_gcc-5.4.0_musl-1.1.24  -ffunction-sections -fdata-sections -std=gnu99 		-DASUSWRT  --sysroot=/opt/lede-toolchain-ramips-mt7621_gcc-5.4.0_musl-1.1.24.Linux-x86_64/toolchain-mipsel_24kc_gcc-5.4.0_musl-1.1.24 -ffunction-sections -fdata-sections 		-Wl,--gc-sections 		-lpthread -ldl 		-L/repo/Pass_GPL/asuswrt/release/src-ra-openwrt-4210/router/zlib -lz conftest.c   >&5
configure:15955: $? = 0
configure:15955: result: yes
configure:15955: checking for poll
configure:15955: /opt/lede-toolchain-ramips-mt7621_gcc-5.4.0_musl-1.1.24.Linux-x86_64/toolchain-mipsel_24kc_gcc-5.4.0_musl-1.1.24/bin/mipsel-openwrt-linux-musl-gcc -o conftest -Os -Wall -DLINUX26 -DCONFIG_RALINK -DMUSL_LIBC -DDEBUG_NOISY -DDEBUG_RCTEST -D_GNU_SOURCE -D__UAPI_DEF_ETHHDR -DRALINK_DBDC_MODE -pipe -funit-at-a-time -Wno-pointer-sign -mtune=mips32 -mips32 -DLINUX_KERNEL_VERSION=263366 --sysroot=/opt/lede-toolchain-ramips-mt7621_gcc-5.4.0_musl-1.1.24.Linux-x86_64/toolchain-mipsel_24kc_gcc-5.4.0_musl-1.1.24  -ffunction-sections -fdata-sections -std=gnu99 		-DASUSWRT  --sysroot=/opt/lede-toolchain-ramips-mt7621_gcc-5.4.0_musl-1.1.24.Linux-x86_64/toolchain-mipsel_24kc_gcc-5.4.0_musl-1.1.24 -ffunction-sections -fdata-sections 		-Wl,--gc-sections 		-lpthread -ldl 		-L/repo/Pass_GPL/asuswrt/release/src-ra-openwrt-4210/router/zlib -lz conftest.c   >&5
configure:15955: $? = 0
configure:15955: result: yes
configure:15968: checking for library containing __res_init
configure:15999: /opt/lede-toolchain-ramips-mt7621_gcc-5.4.0_musl-1.1.24.Linux-x86_64/toolchain-mipsel_24kc_gcc-5.4.0_musl-1.1.24/bin/mipsel-openwrt-linux-musl-gcc -o conftest -Os -Wall -DLINUX26 -DCONFIG_RALINK -DMUSL_LIBC -DDEBUG_NOISY -DDEBUG_RCTEST -D_GNU_SOURCE -D__UAPI_DEF_ETHHDR -DRALINK_DBDC_MODE -pipe -funit-at-a-time -Wno-pointer-sign -mtune=mips32 -mips32 -DLINUX_KERNEL_VERSION=263366 --sysroot=/opt/lede-toolchain-ramips-mt7621_gcc-5.4.0_musl-1.1.24.Linux-x86_64/toolchain-mipsel_24kc_gcc-5.4.0_musl-1.1.24  -ffunction-sections -fdata-sections -std=gnu99 		-DASUSWRT  --sysroot=/opt/lede-toolchain-ramips-mt7621_gcc-5.4.0_musl-1.1.24.Linux-x86_64/toolchain-mipsel_24kc_gcc-5.4.0_musl-1.1.24 -ffunction-sections -fdata-sections 		-Wl,--gc-sections 		-lpthread -ldl 		-L/repo/Pass_GPL/asuswrt/release/src-ra-openwrt-4210/router/zlib -lz conftest.c  >&5
/tmp/ccbUIjCt.o: In function `main':
conftest.c:(.text.startup.main+0x8): undefined reference to `__res_init'
collect2: error: ld returned 1 exit status
configure:15999: $? = 1
configure: failed program was:
| /* confdefs.h */
| #define PACKAGE_NAME "OpenVPN"
| #define PACKAGE_TARNAME "openvpn"
| #define PACKAGE_VERSION "2.4.12"
| #define PACKAGE_STRING "OpenVPN 2.4.12"
| #define PACKAGE_BUGREPORT "openvpn-users@lists.sourceforge.net"
| #define PACKAGE_URL ""
| #define OPENVPN_VERSION_RESOURCE 2,4,12,0
| #define OPENVPN_VERSION_MAJOR 2
| #define OPENVPN_VERSION_MINOR 4
| #define OPENVPN_VERSION_PATCH ".12"
| #define PACKAGE "openvpn"
| #define VERSION "2.4.12"
| #define STDC_HEADERS 1
| #define HAVE_SYS_TYPES_H 1
| #define HAVE_SYS_STAT_H 1
| #define HAVE_STDLIB_H 1
| #define HAVE_STRING_H 1
| #define HAVE_MEMORY_H 1
| #define HAVE_STRINGS_H 1
| #define HAVE_INTTYPES_H 1
| #define HAVE_STDINT_H 1
| #define HAVE_UNISTD_H 1
| #define __EXTENSIONS__ 1
| #define _ALL_SOURCE 1
| #define _GNU_SOURCE 1
| #define _POSIX_PTHREAD_SEMANTICS 1
| #define _TANDEM_SOURCE 1
| #define TARGET_ALIAS "mipsel-unknown-linux-gnu"
| #define TARGET_LINUX 1
| #define TARGET_PREFIX "L"
| #define IFCONFIG_PATH "/sbin/ifconfig"
| #define IPROUTE_PATH "/usr/sbin/ip"
| #define ROUTE_PATH "/sbin/route"
| #define SYSTEMD_ASK_PASSWORD_PATH ""
| #define HAVE_DLFCN_H 1
| #define LT_OBJDIR ".libs/"
| #define RETSIGTYPE void
| #define HAVE_CPP_VARARG_MACRO_ISO 1
| #define HAVE_CPP_VARARG_MACRO_GCC 1
| #define EMPTY_ARRAY_SIZE 0
| #define SIZEOF_UNSIGNED_INT 4
| #define SIZEOF_UNSIGNED_LONG 4
| #define HAVE_STDIO_H 1
| #define HAVE_STDARG_H 1
| #define HAVE_LIMITS_H 1
| #define HAVE_TIME_H 1
| #define HAVE_ERRNO_H 1
| #define HAVE_FCNTL_H 1
| #define HAVE_CTYPE_H 1
| #define HAVE_SYS_TYPES_H 1
| #define HAVE_SYS_SOCKET_H 1
| #define HAVE_SIGNAL_H 1
| #define HAVE_UNISTD_H 1
| #define HAVE_DLFCN_H 1
| #define HAVE_NETINET_IN_H 1
| #define HAVE_NETINET_IN_SYSTM_H 1
| #define HAVE_NETINET_TCP_H 1
| #define HAVE_ARPA_INET_H 1
| #define HAVE_NETDB_H 1
| #define HAVE_SYS_TIME_H 1
| #define HAVE_SYS_IOCTL_H 1
| #define HAVE_SYS_STAT_H 1
| #define HAVE_SYS_MMAN_H 1
| #define HAVE_SYS_FILE_H 1
| #define HAVE_SYS_WAIT_H 1
| #define HAVE_UNISTD_H 1
| #define HAVE_SIGNAL_H 1
| #define HAVE_LIBGEN_H 1
| #define HAVE_STROPTS_H 1
| #define HAVE_SYSLOG_H 1
| #define HAVE_PWD_H 1
| #define HAVE_GRP_H 1
| #define HAVE_SYS_UIO_H 1
| #define HAVE_LINUX_SOCKIOS_H 1
| #define HAVE_LINUX_TYPES_H 1
| #define HAVE_LINUX_ERRQUEUE_H 1
| #define HAVE_SYS_POLL_H 1
| #define HAVE_SYS_EPOLL_H 1
| #define HAVE_ERR_H 1
| #define HAVE_NET_IF_H 1
| #define HAVE_NETINET_IP_H 1
| #define HAVE_RESOLV_H 1
| #define HAVE_SYS_UN_H 1
| #define HAVE_IN_ADDR_T 1
| #define HAVE_IN_PORT_T 1
| #define HAVE_IPHDR 1
| #define HAVE_MSGHDR 1
| #define HAVE_CMSGHDR 1
| #define HAVE_IN_PKTINFO 1
| #define HAVE_SA_FAMILY_T 1
| #define HAVE_IPI_SPEC_DST 1
| #define HAVE_DECL_SO_MARK 1
| #define HAVE_ANONYMOUS_UNION_SUPPORT /**/
| #define HAVE_DECL_SIGHUP 1
| #define HAVE_DECL_SIGINT 1
| #define HAVE_DECL_SIGUSR1 1
| #define HAVE_DECL_SIGUSR2 1
| #define HAVE_DECL_SIGTERM 1
| #define HAVE_FORK 1
| #define HAVE_VFORK 1
| #define HAVE_WORKING_VFORK 1
| #define HAVE_WORKING_FORK 1
| #define HAVE_DAEMON 1
| #define HAVE_CHROOT 1
| #define HAVE_GETPWNAM 1
| #define HAVE_SETUID 1
| #define HAVE_NICE 1
| #define HAVE_SYSTEM 1
| #define HAVE_GETPID 1
| #define HAVE_DUP 1
| #define HAVE_DUP2 1
| #define HAVE_GETPASS 1
| #define HAVE_SYSLOG 1
| #define HAVE_OPENLOG 1
| #define HAVE_MLOCKALL 1
| #define HAVE_GETGRNAM 1
| #define HAVE_SETGID 1
| #define HAVE_SETGROUPS 1
| #define HAVE_STAT 1
| #define HAVE_FLOCK 1
| #define HAVE_READV 1
| #define HAVE_WRITEV 1
| #define HAVE_TIME 1
| #define HAVE_GETTIMEOFDAY 1
| #define HAVE_CTIME 1
| #define HAVE_MEMSET 1
| #define HAVE_VSNPRINTF 1
| #define HAVE_STRDUP 1
| #define HAVE_SETSID 1
| #define HAVE_CHDIR 1
| #define HAVE_PUTENV 1
| #define HAVE_GETPEERNAME 1
| #define HAVE_UNLINK 1
| #define HAVE_FTRUNCATE 1
| #define HAVE_EXECVE 1
| #define HAVE_UMASK 1
| #define HAVE_BASENAME 1
| #define HAVE_DIRNAME 1
| #define HAVE_ACCESS 1
| #define HAVE_EPOLL_CREATE 1
| #define HAVE_SENDMSG 1
| #define HAVE_RECVMSG 1
| #define HAVE_INET_NTOP 1
| #define HAVE_INET_PTON 1
| #define HAVE_SOCKET 1
| #define HAVE_RECV 1
| #define HAVE_RECVFROM 1
| #define HAVE_SEND 1
| #define HAVE_SENDTO 1
| #define HAVE_LISTEN 1
| #define HAVE_ACCEPT 1
| #define HAVE_CONNECT 1
| #define HAVE_BIND 1
| #define HAVE_SELECT 1
| #define HAVE_GETHOSTBYNAME 1
| #define HAVE_INET_NTOA 1
| #define HAVE_SETSOCKOPT 1
| #define HAVE_GETSOCKOPT 1
| #define HAVE_GETSOCKNAME 1
| #define HAVE_POLL 1
| /* end confdefs.h.  */
| 
| /* Override any GCC internal prototype to avoid an error.
|    Use char because int might match the return type of a GCC
|    builtin and then its argument prototype would still apply.  */
| #ifdef __cplusplus
| extern "C"
| #endif
| char __res_init ();
| int
| main ()
| {
| return __res_init ();
|   ;
|   return 0;
| }
configure:15999: /opt/lede-toolchain-ramips-mt7621_gcc-5.4.0_musl-1.1.24.Linux-x86_64/toolchain-mipsel_24kc_gcc-5.4.0_musl-1.1.24/bin/mipsel-openwrt-linux-musl-gcc -o conftest -Os -Wall -DLINUX26 -DCONFIG_RALINK -DMUSL_LIBC -DDEBUG_NOISY -DDEBUG_RCTEST -D_GNU_SOURCE -D__UAPI_DEF_ETHHDR -DRALINK_DBDC_MODE -pipe -funit-at-a-time -Wno-pointer-sign -mtune=mips32 -mips32 -DLINUX_KERNEL_VERSION=263366 --sysroot=/opt/lede-toolchain-ramips-mt7621_gcc-5.4.0_musl-1.1.24.Linux-x86_64/toolchain-mipsel_24kc_gcc-5.4.0_musl-1.1.24  -ffunction-sections -fdata-sections -std=gnu99 		-DASUSWRT  --sysroot=/opt/lede-toolchain-ramips-mt7621_gcc-5.4.0_musl-1.1.24.Linux-x86_64/toolchain-mipsel_24kc_gcc-5.4.0_musl-1.1.24 -ffunction-sections -fdata-sections 		-Wl,--gc-sections 		-lpthread -ldl 		-L/repo/Pass_GPL/asuswrt/release/src-ra-openwrt-4210/router/zlib -lz conftest.c -lresolv   >&5
/tmp/ccKTsHfA.o: In function `main':
conftest.c:(.text.startup.main+0x8): undefined reference to `__res_init'
collect2: error: ld returned 1 exit status
configure:15999: $? = 1
configure: failed program was:
| /* confdefs.h */
| #define PACKAGE_NAME "OpenVPN"
| #define PACKAGE_TARNAME "openvpn"
| #define PACKAGE_VERSION "2.4.12"
| #define PACKAGE_STRING "OpenVPN 2.4.12"
| #define PACKAGE_BUGREPORT "openvpn-users@lists.sourceforge.net"
| #define PACKAGE_URL ""
| #define OPENVPN_VERSION_RESOURCE 2,4,12,0
| #define OPENVPN_VERSION_MAJOR 2
| #define OPENVPN_VERSION_MINOR 4
| #define OPENVPN_VERSION_PATCH ".12"
| #define PACKAGE "openvpn"
| #define VERSION "2.4.12"
| #define STDC_HEADERS 1
| #define HAVE_SYS_TYPES_H 1
| #define HAVE_SYS_STAT_H 1
| #define HAVE_STDLIB_H 1
| #define HAVE_STRING_H 1
| #define HAVE_MEMORY_H 1
| #define HAVE_STRINGS_H 1
| #define HAVE_INTTYPES_H 1
| #define HAVE_STDINT_H 1
| #define HAVE_UNISTD_H 1
| #define __EXTENSIONS__ 1
| #define _ALL_SOURCE 1
| #define _GNU_SOURCE 1
| #define _POSIX_PTHREAD_SEMANTICS 1
| #define _TANDEM_SOURCE 1
| #define TARGET_ALIAS "mipsel-unknown-linux-gnu"
| #define TARGET_LINUX 1
| #define TARGET_PREFIX "L"
| #define IFCONFIG_PATH "/sbin/ifconfig"
| #define IPROUTE_PATH "/usr/sbin/ip"
| #define ROUTE_PATH "/sbin/route"
| #define SYSTEMD_ASK_PASSWORD_PATH ""
| #define HAVE_DLFCN_H 1
| #define LT_OBJDIR ".libs/"
| #define RETSIGTYPE void
| #define HAVE_CPP_VARARG_MACRO_ISO 1
| #define HAVE_CPP_VARARG_MACRO_GCC 1
| #define EMPTY_ARRAY_SIZE 0
| #define SIZEOF_UNSIGNED_INT 4
| #define SIZEOF_UNSIGNED_LONG 4
| #define HAVE_STDIO_H 1
| #define HAVE_STDARG_H 1
| #define HAVE_LIMITS_H 1
| #define HAVE_TIME_H 1
| #define HAVE_ERRNO_H 1
| #define HAVE_FCNTL_H 1
| #define HAVE_CTYPE_H 1
| #define HAVE_SYS_TYPES_H 1
| #define HAVE_SYS_SOCKET_H 1
| #define HAVE_SIGNAL_H 1
| #define HAVE_UNISTD_H 1
| #define HAVE_DLFCN_H 1
| #define HAVE_NETINET_IN_H 1
| #define HAVE_NETINET_IN_SYSTM_H 1
| #define HAVE_NETINET_TCP_H 1
| #define HAVE_ARPA_INET_H 1
| #define HAVE_NETDB_H 1
| #define HAVE_SYS_TIME_H 1
| #define HAVE_SYS_IOCTL_H 1
| #define HAVE_SYS_STAT_H 1
| #define HAVE_SYS_MMAN_H 1
| #define HAVE_SYS_FILE_H 1
| #define HAVE_SYS_WAIT_H 1
| #define HAVE_UNISTD_H 1
| #define HAVE_SIGNAL_H 1
| #define HAVE_LIBGEN_H 1
| #define HAVE_STROPTS_H 1
| #define HAVE_SYSLOG_H 1
| #define HAVE_PWD_H 1
| #define HAVE_GRP_H 1
| #define HAVE_SYS_UIO_H 1
| #define HAVE_LINUX_SOCKIOS_H 1
| #define HAVE_LINUX_TYPES_H 1
| #define HAVE_LINUX_ERRQUEUE_H 1
| #define HAVE_SYS_POLL_H 1
| #define HAVE_SYS_EPOLL_H 1
| #define HAVE_ERR_H 1
| #define HAVE_NET_IF_H 1
| #define HAVE_NETINET_IP_H 1
| #define HAVE_RESOLV_H 1
| #define HAVE_SYS_UN_H 1
| #define HAVE_IN_ADDR_T 1
| #define HAVE_IN_PORT_T 1
| #define HAVE_IPHDR 1
| #define HAVE_MSGHDR 1
| #define HAVE_CMSGHDR 1
| #define HAVE_IN_PKTINFO 1
| #define HAVE_SA_FAMILY_T 1
| #define HAVE_IPI_SPEC_DST 1
| #define HAVE_DECL_SO_MARK 1
| #define HAVE_ANONYMOUS_UNION_SUPPORT /**/
| #define HAVE_DECL_SIGHUP 1
| #define HAVE_DECL_SIGINT 1
| #define HAVE_DECL_SIGUSR1 1
| #define HAVE_DECL_SIGUSR2 1
| #define HAVE_DECL_SIGTERM 1
| #define HAVE_FORK 1
| #define HAVE_VFORK 1
| #define HAVE_WORKING_VFORK 1
| #define HAVE_WORKING_FORK 1
| #define HAVE_DAEMON 1
| #define HAVE_CHROOT 1
| #define HAVE_GETPWNAM 1
| #define HAVE_SETUID 1
| #define HAVE_NICE 1
| #define HAVE_SYSTEM 1
| #define HAVE_GETPID 1
| #define HAVE_DUP 1
| #define HAVE_DUP2 1
| #define HAVE_GETPASS 1
| #define HAVE_SYSLOG 1
| #define HAVE_OPENLOG 1
| #define HAVE_MLOCKALL 1
| #define HAVE_GETGRNAM 1
| #define HAVE_SETGID 1
| #define HAVE_SETGROUPS 1
| #define HAVE_STAT 1
| #define HAVE_FLOCK 1
| #define HAVE_READV 1
| #define HAVE_WRITEV 1
| #define HAVE_TIME 1
| #define HAVE_GETTIMEOFDAY 1
| #define HAVE_CTIME 1
| #define HAVE_MEMSET 1
| #define HAVE_VSNPRINTF 1
| #define HAVE_STRDUP 1
| #define HAVE_SETSID 1
| #define HAVE_CHDIR 1
| #define HAVE_PUTENV 1
| #define HAVE_GETPEERNAME 1
| #define HAVE_UNLINK 1
| #define HAVE_FTRUNCATE 1
| #define HAVE_EXECVE 1
| #define HAVE_UMASK 1
| #define HAVE_BASENAME 1
| #define HAVE_DIRNAME 1
| #define HAVE_ACCESS 1
| #define HAVE_EPOLL_CREATE 1
| #define HAVE_SENDMSG 1
| #define HAVE_RECVMSG 1
| #define HAVE_INET_NTOP 1
| #define HAVE_INET_PTON 1
| #define HAVE_SOCKET 1
| #define HAVE_RECV 1
| #define HAVE_RECVFROM 1
| #define HAVE_SEND 1
| #define HAVE_SENDTO 1
| #define HAVE_LISTEN 1
| #define HAVE_ACCEPT 1
| #define HAVE_CONNECT 1
| #define HAVE_BIND 1
| #define HAVE_SELECT 1
| #define HAVE_GETHOSTBYNAME 1
| #define HAVE_INET_NTOA 1
| #define HAVE_SETSOCKOPT 1
| #define HAVE_GETSOCKOPT 1
| #define HAVE_GETSOCKNAME 1
| #define HAVE_POLL 1
| /* end confdefs.h.  */
| 
| /* Override any GCC internal prototype to avoid an error.
|    Use char because int might match the return type of a GCC
|    builtin and then its argument prototype would still apply.  */
| #ifdef __cplusplus
| extern "C"
| #endif
| char __res_init ();
| int
| main ()
| {
| return __res_init ();
|   ;
|   return 0;
| }
configure:15999: /opt/lede-toolchain-ramips-mt7621_gcc-5.4.0_musl-1.1.24.Linux-x86_64/toolchain-mipsel_24kc_gcc-5.4.0_musl-1.1.24/bin/mipsel-openwrt-linux-musl-gcc -o conftest -Os -Wall -DLINUX26 -DCONFIG_RALINK -DMUSL_LIBC -DDEBUG_NOISY -DDEBUG_RCTEST -D_GNU_SOURCE -D__UAPI_DEF_ETHHDR -DRALINK_DBDC_MODE -pipe -funit-at-a-time -Wno-pointer-sign -mtune=mips32 -mips32 -DLINUX_KERNEL_VERSION=263366 --sysroot=/opt/lede-toolchain-ramips-mt7621_gcc-5.4.0_musl-1.1.24.Linux-x86_64/toolchain-mipsel_24kc_gcc-5.4.0_musl-1.1.24  -ffunction-sections -fdata-sections -std=gnu99 		-DASUSWRT  --sysroot=/opt/lede-toolchain-ramips-mt7621_gcc-5.4.0_musl-1.1.24.Linux-x86_64/toolchain-mipsel_24kc_gcc-5.4.0_musl-1.1.24 -ffunction-sections -fdata-sections 		-Wl,--gc-sections 		-lpthread -ldl 		-L/repo/Pass_GPL/asuswrt/release/src-ra-openwrt-4210/router/zlib -lz conftest.c -lbind   >&5
/opt/lede-toolchain-ramips-mt7621_gcc-5.4.0_musl-1.1.24.Linux-x86_64/toolchain-mipsel_24kc_gcc-5.4.0_musl-1.1.24/bin/../lib/gcc/mipsel-openwrt-linux-musl/5.4.0/../../../../mipsel-openwrt-linux-musl/bin/ld: cannot find -lbind
collect2: error: ld returned 1 exit status
configure:15999: $? = 1
configure: failed program was:
| /* confdefs.h */
| #define PACKAGE_NAME "OpenVPN"
| #define PACKAGE_TARNAME "openvpn"
| #define PACKAGE_VERSION "2.4.12"
| #define PACKAGE_STRING "OpenVPN 2.4.12"
| #define PACKAGE_BUGREPORT "openvpn-users@lists.sourceforge.net"
| #define PACKAGE_URL ""
| #define OPENVPN_VERSION_RESOURCE 2,4,12,0
| #define OPENVPN_VERSION_MAJOR 2
| #define OPENVPN_VERSION_MINOR 4
| #define OPENVPN_VERSION_PATCH ".12"
| #define PACKAGE "openvpn"
| #define VERSION "2.4.12"
| #define STDC_HEADERS 1
| #define HAVE_SYS_TYPES_H 1
| #define HAVE_SYS_STAT_H 1
| #define HAVE_STDLIB_H 1
| #define HAVE_STRING_H 1
| #define HAVE_MEMORY_H 1
| #define HAVE_STRINGS_H 1
| #define HAVE_INTTYPES_H 1
| #define HAVE_STDINT_H 1
| #define HAVE_UNISTD_H 1
| #define __EXTENSIONS__ 1
| #define _ALL_SOURCE 1
| #define _GNU_SOURCE 1
| #define _POSIX_PTHREAD_SEMANTICS 1
| #define _TANDEM_SOURCE 1
| #define TARGET_ALIAS "mipsel-unknown-linux-gnu"
| #define TARGET_LINUX 1
| #define TARGET_PREFIX "L"
| #define IFCONFIG_PATH "/sbin/ifconfig"
| #define IPROUTE_PATH "/usr/sbin/ip"
| #define ROUTE_PATH "/sbin/route"
| #define SYSTEMD_ASK_PASSWORD_PATH ""
| #define HAVE_DLFCN_H 1
| #define LT_OBJDIR ".libs/"
| #define RETSIGTYPE void
| #define HAVE_CPP_VARARG_MACRO_ISO 1
| #define HAVE_CPP_VARARG_MACRO_GCC 1
| #define EMPTY_ARRAY_SIZE 0
| #define SIZEOF_UNSIGNED_INT 4
| #define SIZEOF_UNSIGNED_LONG 4
| #define HAVE_STDIO_H 1
| #define HAVE_STDARG_H 1
| #define HAVE_LIMITS_H 1
| #define HAVE_TIME_H 1
| #define HAVE_ERRNO_H 1
| #define HAVE_FCNTL_H 1
| #define HAVE_CTYPE_H 1
| #define HAVE_SYS_TYPES_H 1
| #define HAVE_SYS_SOCKET_H 1
| #define HAVE_SIGNAL_H 1
| #define HAVE_UNISTD_H 1
| #define HAVE_DLFCN_H 1
| #define HAVE_NETINET_IN_H 1
| #define HAVE_NETINET_IN_SYSTM_H 1
| #define HAVE_NETINET_TCP_H 1
| #define HAVE_ARPA_INET_H 1
| #define HAVE_NETDB_H 1
| #define HAVE_SYS_TIME_H 1
| #define HAVE_SYS_IOCTL_H 1
| #define HAVE_SYS_STAT_H 1
| #define HAVE_SYS_MMAN_H 1
| #define HAVE_SYS_FILE_H 1
| #define HAVE_SYS_WAIT_H 1
| #define HAVE_UNISTD_H 1
| #define HAVE_SIGNAL_H 1
| #define HAVE_LIBGEN_H 1
| #define HAVE_STROPTS_H 1
| #define HAVE_SYSLOG_H 1
| #define HAVE_PWD_H 1
| #define HAVE_GRP_H 1
| #define HAVE_SYS_UIO_H 1
| #define HAVE_LINUX_SOCKIOS_H 1
| #define HAVE_LINUX_TYPES_H 1
| #define HAVE_LINUX_ERRQUEUE_H 1
| #define HAVE_SYS_POLL_H 1
| #define HAVE_SYS_EPOLL_H 1
| #define HAVE_ERR_H 1
| #define HAVE_NET_IF_H 1
| #define HAVE_NETINET_IP_H 1
| #define HAVE_RESOLV_H 1
| #define HAVE_SYS_UN_H 1
| #define HAVE_IN_ADDR_T 1
| #define HAVE_IN_PORT_T 1
| #define HAVE_IPHDR 1
| #define HAVE_MSGHDR 1
| #define HAVE_CMSGHDR 1
| #define HAVE_IN_PKTINFO 1
| #define HAVE_SA_FAMILY_T 1
| #define HAVE_IPI_SPEC_DST 1
| #define HAVE_DECL_SO_MARK 1
| #define HAVE_ANONYMOUS_UNION_SUPPORT /**/
| #define HAVE_DECL_SIGHUP 1
| #define HAVE_DECL_SIGINT 1
| #define HAVE_DECL_SIGUSR1 1
| #define HAVE_DECL_SIGUSR2 1
| #define HAVE_DECL_SIGTERM 1
| #define HAVE_FORK 1
| #define HAVE_VFORK 1
| #define HAVE_WORKING_VFORK 1
| #define HAVE_WORKING_FORK 1
| #define HAVE_DAEMON 1
| #define HAVE_CHROOT 1
| #define HAVE_GETPWNAM 1
| #define HAVE_SETUID 1
| #define HAVE_NICE 1
| #define HAVE_SYSTEM 1
| #define HAVE_GETPID 1
| #define HAVE_DUP 1
| #define HAVE_DUP2 1
| #define HAVE_GETPASS 1
| #define HAVE_SYSLOG 1
| #define HAVE_OPENLOG 1
| #define HAVE_MLOCKALL 1
| #define HAVE_GETGRNAM 1
| #define HAVE_SETGID 1
| #define HAVE_SETGROUPS 1
| #define HAVE_STAT 1
| #define HAVE_FLOCK 1
| #define HAVE_READV 1
| #define HAVE_WRITEV 1
| #define HAVE_TIME 1
| #define HAVE_GETTIMEOFDAY 1
| #define HAVE_CTIME 1
| #define HAVE_MEMSET 1
| #define HAVE_VSNPRINTF 1
| #define HAVE_STRDUP 1
| #define HAVE_SETSID 1
| #define HAVE_CHDIR 1
| #define HAVE_PUTENV 1
| #define HAVE_GETPEERNAME 1
| #define HAVE_UNLINK 1
| #define HAVE_FTRUNCATE 1
| #define HAVE_EXECVE 1
| #define HAVE_UMASK 1
| #define HAVE_BASENAME 1
| #define HAVE_DIRNAME 1
| #define HAVE_ACCESS 1
| #define HAVE_EPOLL_CREATE 1
| #define HAVE_SENDMSG 1
| #define HAVE_RECVMSG 1
| #define HAVE_INET_NTOP 1
| #define HAVE_INET_PTON 1
| #define HAVE_SOCKET 1
| #define HAVE_RECV 1
| #define HAVE_RECVFROM 1
| #define HAVE_SEND 1
| #define HAVE_SENDTO 1
| #define HAVE_LISTEN 1
| #define HAVE_ACCEPT 1
| #define HAVE_CONNECT 1
| #define HAVE_BIND 1
| #define HAVE_SELECT 1
| #define HAVE_GETHOSTBYNAME 1
| #define HAVE_INET_NTOA 1
| #define HAVE_SETSOCKOPT 1
| #define HAVE_GETSOCKOPT 1
| #define HAVE_GETSOCKNAME 1
| #define HAVE_POLL 1
| /* end confdefs.h.  */
| 
| /* Override any GCC internal prototype to avoid an error.
|    Use char because int might match the return type of a GCC
|    builtin and then its argument prototype would still apply.  */
| #ifdef __cplusplus
| extern "C"
| #endif
| char __res_init ();
| int
| main ()
| {
| return __res_init ();
|   ;
|   return 0;
| }
configure:16016: result: no
configure:16023: checking for library containing res_9_init
configure:16054: /opt/lede-toolchain-ramips-mt7621_gcc-5.4.0_musl-1.1.24.Linux-x86_64/toolchain-mipsel_24kc_gcc-5.4.0_musl-1.1.24/bin/mipsel-openwrt-linux-musl-gcc -o conftest -Os -Wall -DLINUX26 -DCONFIG_RALINK -DMUSL_LIBC -DDEBUG_NOISY -DDEBUG_RCTEST -D_GNU_SOURCE -D__UAPI_DEF_ETHHDR -DRALINK_DBDC_MODE -pipe -funit-at-a-time -Wno-pointer-sign -mtune=mips32 -mips32 -DLINUX_KERNEL_VERSION=263366 --sysroot=/opt/lede-toolchain-ramips-mt7621_gcc-5.4.0_musl-1.1.24.Linux-x86_64/toolchain-mipsel_24kc_gcc-5.4.0_musl-1.1.24  -ffunction-sections -fdata-sections -std=gnu99 		-DASUSWRT  --sysroot=/opt/lede-toolchain-ramips-mt7621_gcc-5.4.0_musl-1.1.24.Linux-x86_64/toolchain-mipsel_24kc_gcc-5.4.0_musl-1.1.24 -ffunction-sections -fdata-sections 		-Wl,--gc-sections 		-lpthread -ldl 		-L/repo/Pass_GPL/asuswrt/release/src-ra-openwrt-4210/router/zlib -lz conftest.c  >&5
/tmp/ccbNGWKC.o: In function `main':
conftest.c:(.text.startup.main+0x8): undefined reference to `res_9_init'
collect2: error: ld returned 1 exit status
configure:16054: $? = 1
configure: failed program was:
| /* confdefs.h */
| #define PACKAGE_NAME "OpenVPN"
| #define PACKAGE_TARNAME "openvpn"
| #define PACKAGE_VERSION "2.4.12"
| #define PACKAGE_STRING "OpenVPN 2.4.12"
| #define PACKAGE_BUGREPORT "openvpn-users@lists.sourceforge.net"
| #define PACKAGE_URL ""
| #define OPENVPN_VERSION_RESOURCE 2,4,12,0
| #define OPENVPN_VERSION_MAJOR 2
| #define OPENVPN_VERSION_MINOR 4
| #define OPENVPN_VERSION_PATCH ".12"
| #define PACKAGE "openvpn"
| #define VERSION "2.4.12"
| #define STDC_HEADERS 1
| #define HAVE_SYS_TYPES_H 1
| #define HAVE_SYS_STAT_H 1
| #define HAVE_STDLIB_H 1
| #define HAVE_STRING_H 1
| #define HAVE_MEMORY_H 1
| #define HAVE_STRINGS_H 1
| #define HAVE_INTTYPES_H 1
| #define HAVE_STDINT_H 1
| #define HAVE_UNISTD_H 1
| #define __EXTENSIONS__ 1
| #define _ALL_SOURCE 1
| #define _GNU_SOURCE 1
| #define _POSIX_PTHREAD_SEMANTICS 1
| #define _TANDEM_SOURCE 1
| #define TARGET_ALIAS "mipsel-unknown-linux-gnu"
| #define TARGET_LINUX 1
| #define TARGET_PREFIX "L"
| #define IFCONFIG_PATH "/sbin/ifconfig"
| #define IPROUTE_PATH "/usr/sbin/ip"
| #define ROUTE_PATH "/sbin/route"
| #define SYSTEMD_ASK_PASSWORD_PATH ""
| #define HAVE_DLFCN_H 1
| #define LT_OBJDIR ".libs/"
| #define RETSIGTYPE void
| #define HAVE_CPP_VARARG_MACRO_ISO 1
| #define HAVE_CPP_VARARG_MACRO_GCC 1
| #define EMPTY_ARRAY_SIZE 0
| #define SIZEOF_UNSIGNED_INT 4
| #define SIZEOF_UNSIGNED_LONG 4
| #define HAVE_STDIO_H 1
| #define HAVE_STDARG_H 1
| #define HAVE_LIMITS_H 1
| #define HAVE_TIME_H 1
| #define HAVE_ERRNO_H 1
| #define HAVE_FCNTL_H 1
| #define HAVE_CTYPE_H 1
| #define HAVE_SYS_TYPES_H 1
| #define HAVE_SYS_SOCKET_H 1
| #define HAVE_SIGNAL_H 1
| #define HAVE_UNISTD_H 1
| #define HAVE_DLFCN_H 1
| #define HAVE_NETINET_IN_H 1
| #define HAVE_NETINET_IN_SYSTM_H 1
| #define HAVE_NETINET_TCP_H 1
| #define HAVE_ARPA_INET_H 1
| #define HAVE_NETDB_H 1
| #define HAVE_SYS_TIME_H 1
| #define HAVE_SYS_IOCTL_H 1
| #define HAVE_SYS_STAT_H 1
| #define HAVE_SYS_MMAN_H 1
| #define HAVE_SYS_FILE_H 1
| #define HAVE_SYS_WAIT_H 1
| #define HAVE_UNISTD_H 1
| #define HAVE_SIGNAL_H 1
| #define HAVE_LIBGEN_H 1
| #define HAVE_STROPTS_H 1
| #define HAVE_SYSLOG_H 1
| #define HAVE_PWD_H 1
| #define HAVE_GRP_H 1
| #define HAVE_SYS_UIO_H 1
| #define HAVE_LINUX_SOCKIOS_H 1
| #define HAVE_LINUX_TYPES_H 1
| #define HAVE_LINUX_ERRQUEUE_H 1
| #define HAVE_SYS_POLL_H 1
| #define HAVE_SYS_EPOLL_H 1
| #define HAVE_ERR_H 1
| #define HAVE_NET_IF_H 1
| #define HAVE_NETINET_IP_H 1
| #define HAVE_RESOLV_H 1
| #define HAVE_SYS_UN_H 1
| #define HAVE_IN_ADDR_T 1
| #define HAVE_IN_PORT_T 1
| #define HAVE_IPHDR 1
| #define HAVE_MSGHDR 1
| #define HAVE_CMSGHDR 1
| #define HAVE_IN_PKTINFO 1
| #define HAVE_SA_FAMILY_T 1
| #define HAVE_IPI_SPEC_DST 1
| #define HAVE_DECL_SO_MARK 1
| #define HAVE_ANONYMOUS_UNION_SUPPORT /**/
| #define HAVE_DECL_SIGHUP 1
| #define HAVE_DECL_SIGINT 1
| #define HAVE_DECL_SIGUSR1 1
| #define HAVE_DECL_SIGUSR2 1
| #define HAVE_DECL_SIGTERM 1
| #define HAVE_FORK 1
| #define HAVE_VFORK 1
| #define HAVE_WORKING_VFORK 1
| #define HAVE_WORKING_FORK 1
| #define HAVE_DAEMON 1
| #define HAVE_CHROOT 1
| #define HAVE_GETPWNAM 1
| #define HAVE_SETUID 1
| #define HAVE_NICE 1
| #define HAVE_SYSTEM 1
| #define HAVE_GETPID 1
| #define HAVE_DUP 1
| #define HAVE_DUP2 1
| #define HAVE_GETPASS 1
| #define HAVE_SYSLOG 1
| #define HAVE_OPENLOG 1
| #define HAVE_MLOCKALL 1
| #define HAVE_GETGRNAM 1
| #define HAVE_SETGID 1
| #define HAVE_SETGROUPS 1
| #define HAVE_STAT 1
| #define HAVE_FLOCK 1
| #define HAVE_READV 1
| #define HAVE_WRITEV 1
| #define HAVE_TIME 1
| #define HAVE_GETTIMEOFDAY 1
| #define HAVE_CTIME 1
| #define HAVE_MEMSET 1
| #define HAVE_VSNPRINTF 1
| #define HAVE_STRDUP 1
| #define HAVE_SETSID 1
| #define HAVE_CHDIR 1
| #define HAVE_PUTENV 1
| #define HAVE_GETPEERNAME 1
| #define HAVE_UNLINK 1
| #define HAVE_FTRUNCATE 1
| #define HAVE_EXECVE 1
| #define HAVE_UMASK 1
| #define HAVE_BASENAME 1
| #define HAVE_DIRNAME 1
| #define HAVE_ACCESS 1
| #define HAVE_EPOLL_CREATE 1
| #define HAVE_SENDMSG 1
| #define HAVE_RECVMSG 1
| #define HAVE_INET_NTOP 1
| #define HAVE_INET_PTON 1
| #define HAVE_SOCKET 1
| #define HAVE_RECV 1
| #define HAVE_RECVFROM 1
| #define HAVE_SEND 1
| #define HAVE_SENDTO 1
| #define HAVE_LISTEN 1
| #define HAVE_ACCEPT 1
| #define HAVE_CONNECT 1
| #define HAVE_BIND 1
| #define HAVE_SELECT 1
| #define HAVE_GETHOSTBYNAME 1
| #define HAVE_INET_NTOA 1
| #define HAVE_SETSOCKOPT 1
| #define HAVE_GETSOCKOPT 1
| #define HAVE_GETSOCKNAME 1
| #define HAVE_POLL 1
| /* end confdefs.h.  */
| 
| /* Override any GCC internal prototype to avoid an error.
|    Use char because int might match the return type of a GCC
|    builtin and then its argument prototype would still apply.  */
| #ifdef __cplusplus
| extern "C"
| #endif
| char res_9_init ();
| int
| main ()
| {
| return res_9_init ();
|   ;
|   return 0;
| }
configure:16054: /opt/lede-toolchain-ramips-mt7621_gcc-5.4.0_musl-1.1.24.Linux-x86_64/toolchain-mipsel_24kc_gcc-5.4.0_musl-1.1.24/bin/mipsel-openwrt-linux-musl-gcc -o conftest -Os -Wall -DLINUX26 -DCONFIG_RALINK -DMUSL_LIBC -DDEBUG_NOISY -DDEBUG_RCTEST -D_GNU_SOURCE -D__UAPI_DEF_ETHHDR -DRALINK_DBDC_MODE -pipe -funit-at-a-time -Wno-pointer-sign -mtune=mips32 -mips32 -DLINUX_KERNEL_VERSION=263366 --sysroot=/opt/lede-toolchain-ramips-mt7621_gcc-5.4.0_musl-1.1.24.Linux-x86_64/toolchain-mipsel_24kc_gcc-5.4.0_musl-1.1.24  -ffunction-sections -fdata-sections -std=gnu99 		-DASUSWRT  --sysroot=/opt/lede-toolchain-ramips-mt7621_gcc-5.4.0_musl-1.1.24.Linux-x86_64/toolchain-mipsel_24kc_gcc-5.4.0_musl-1.1.24 -ffunction-sections -fdata-sections 		-Wl,--gc-sections 		-lpthread -ldl 		-L/repo/Pass_GPL/asuswrt/release/src-ra-openwrt-4210/router/zlib -lz conftest.c -lresolv   >&5
/tmp/cc7BqxCK.o: In function `main':
conftest.c:(.text.startup.main+0x8): undefined reference to `res_9_init'
collect2: error: ld returned 1 exit status
configure:16054: $? = 1
configure: failed program was:
| /* confdefs.h */
| #define PACKAGE_NAME "OpenVPN"
| #define PACKAGE_TARNAME "openvpn"
| #define PACKAGE_VERSION "2.4.12"
| #define PACKAGE_STRING "OpenVPN 2.4.12"
| #define PACKAGE_BUGREPORT "openvpn-users@lists.sourceforge.net"
| #define PACKAGE_URL ""
| #define OPENVPN_VERSION_RESOURCE 2,4,12,0
| #define OPENVPN_VERSION_MAJOR 2
| #define OPENVPN_VERSION_MINOR 4
| #define OPENVPN_VERSION_PATCH ".12"
| #define PACKAGE "openvpn"
| #define VERSION "2.4.12"
| #define STDC_HEADERS 1
| #define HAVE_SYS_TYPES_H 1
| #define HAVE_SYS_STAT_H 1
| #define HAVE_STDLIB_H 1
| #define HAVE_STRING_H 1
| #define HAVE_MEMORY_H 1
| #define HAVE_STRINGS_H 1
| #define HAVE_INTTYPES_H 1
| #define HAVE_STDINT_H 1
| #define HAVE_UNISTD_H 1
| #define __EXTENSIONS__ 1
| #define _ALL_SOURCE 1
| #define _GNU_SOURCE 1
| #define _POSIX_PTHREAD_SEMANTICS 1
| #define _TANDEM_SOURCE 1
| #define TARGET_ALIAS "mipsel-unknown-linux-gnu"
| #define TARGET_LINUX 1
| #define TARGET_PREFIX "L"
| #define IFCONFIG_PATH "/sbin/ifconfig"
| #define IPROUTE_PATH "/usr/sbin/ip"
| #define ROUTE_PATH "/sbin/route"
| #define SYSTEMD_ASK_PASSWORD_PATH ""
| #define HAVE_DLFCN_H 1
| #define LT_OBJDIR ".libs/"
| #define RETSIGTYPE void
| #define HAVE_CPP_VARARG_MACRO_ISO 1
| #define HAVE_CPP_VARARG_MACRO_GCC 1
| #define EMPTY_ARRAY_SIZE 0
| #define SIZEOF_UNSIGNED_INT 4
| #define SIZEOF_UNSIGNED_LONG 4
| #define HAVE_STDIO_H 1
| #define HAVE_STDARG_H 1
| #define HAVE_LIMITS_H 1
| #define HAVE_TIME_H 1
| #define HAVE_ERRNO_H 1
| #define HAVE_FCNTL_H 1
| #define HAVE_CTYPE_H 1
| #define HAVE_SYS_TYPES_H 1
| #define HAVE_SYS_SOCKET_H 1
| #define HAVE_SIGNAL_H 1
| #define HAVE_UNISTD_H 1
| #define HAVE_DLFCN_H 1
| #define HAVE_NETINET_IN_H 1
| #define HAVE_NETINET_IN_SYSTM_H 1
| #define HAVE_NETINET_TCP_H 1
| #define HAVE_ARPA_INET_H 1
| #define HAVE_NETDB_H 1
| #define HAVE_SYS_TIME_H 1
| #define HAVE_SYS_IOCTL_H 1
| #define HAVE_SYS_STAT_H 1
| #define HAVE_SYS_MMAN_H 1
| #define HAVE_SYS_FILE_H 1
| #define HAVE_SYS_WAIT_H 1
| #define HAVE_UNISTD_H 1
| #define HAVE_SIGNAL_H 1
| #define HAVE_LIBGEN_H 1
| #define HAVE_STROPTS_H 1
| #define HAVE_SYSLOG_H 1
| #define HAVE_PWD_H 1
| #define HAVE_GRP_H 1
| #define HAVE_SYS_UIO_H 1
| #define HAVE_LINUX_SOCKIOS_H 1
| #define HAVE_LINUX_TYPES_H 1
| #define HAVE_LINUX_ERRQUEUE_H 1
| #define HAVE_SYS_POLL_H 1
| #define HAVE_SYS_EPOLL_H 1
| #define HAVE_ERR_H 1
| #define HAVE_NET_IF_H 1
| #define HAVE_NETINET_IP_H 1
| #define HAVE_RESOLV_H 1
| #define HAVE_SYS_UN_H 1
| #define HAVE_IN_ADDR_T 1
| #define HAVE_IN_PORT_T 1
| #define HAVE_IPHDR 1
| #define HAVE_MSGHDR 1
| #define HAVE_CMSGHDR 1
| #define HAVE_IN_PKTINFO 1
| #define HAVE_SA_FAMILY_T 1
| #define HAVE_IPI_SPEC_DST 1
| #define HAVE_DECL_SO_MARK 1
| #define HAVE_ANONYMOUS_UNION_SUPPORT /**/
| #define HAVE_DECL_SIGHUP 1
| #define HAVE_DECL_SIGINT 1
| #define HAVE_DECL_SIGUSR1 1
| #define HAVE_DECL_SIGUSR2 1
| #define HAVE_DECL_SIGTERM 1
| #define HAVE_FORK 1
| #define HAVE_VFORK 1
| #define HAVE_WORKING_VFORK 1
| #define HAVE_WORKING_FORK 1
| #define HAVE_DAEMON 1
| #define HAVE_CHROOT 1
| #define HAVE_GETPWNAM 1
| #define HAVE_SETUID 1
| #define HAVE_NICE 1
| #define HAVE_SYSTEM 1
| #define HAVE_GETPID 1
| #define HAVE_DUP 1
| #define HAVE_DUP2 1
| #define HAVE_GETPASS 1
| #define HAVE_SYSLOG 1
| #define HAVE_OPENLOG 1
| #define HAVE_MLOCKALL 1
| #define HAVE_GETGRNAM 1
| #define HAVE_SETGID 1
| #define HAVE_SETGROUPS 1
| #define HAVE_STAT 1
| #define HAVE_FLOCK 1
| #define HAVE_READV 1
| #define HAVE_WRITEV 1
| #define HAVE_TIME 1
| #define HAVE_GETTIMEOFDAY 1
| #define HAVE_CTIME 1
| #define HAVE_MEMSET 1
| #define HAVE_VSNPRINTF 1
| #define HAVE_STRDUP 1
| #define HAVE_SETSID 1
| #define HAVE_CHDIR 1
| #define HAVE_PUTENV 1
| #define HAVE_GETPEERNAME 1
| #define HAVE_UNLINK 1
| #define HAVE_FTRUNCATE 1
| #define HAVE_EXECVE 1
| #define HAVE_UMASK 1
| #define HAVE_BASENAME 1
| #define HAVE_DIRNAME 1
| #define HAVE_ACCESS 1
| #define HAVE_EPOLL_CREATE 1
| #define HAVE_SENDMSG 1
| #define HAVE_RECVMSG 1
| #define HAVE_INET_NTOP 1
| #define HAVE_INET_PTON 1
| #define HAVE_SOCKET 1
| #define HAVE_RECV 1
| #define HAVE_RECVFROM 1
| #define HAVE_SEND 1
| #define HAVE_SENDTO 1
| #define HAVE_LISTEN 1
| #define HAVE_ACCEPT 1
| #define HAVE_CONNECT 1
| #define HAVE_BIND 1
| #define HAVE_SELECT 1
| #define HAVE_GETHOSTBYNAME 1
| #define HAVE_INET_NTOA 1
| #define HAVE_SETSOCKOPT 1
| #define HAVE_GETSOCKOPT 1
| #define HAVE_GETSOCKNAME 1
| #define HAVE_POLL 1
| /* end confdefs.h.  */
| 
| /* Override any GCC internal prototype to avoid an error.
|    Use char because int might match the return type of a GCC
|    builtin and then its argument prototype would still apply.  */
| #ifdef __cplusplus
| extern "C"
| #endif
| char res_9_init ();
| int
| main ()
| {
| return res_9_init ();
|   ;
|   return 0;
| }
configure:16054: /opt/lede-toolchain-ramips-mt7621_gcc-5.4.0_musl-1.1.24.Linux-x86_64/toolchain-mipsel_24kc_gcc-5.4.0_musl-1.1.24/bin/mipsel-openwrt-linux-musl-gcc -o conftest -Os -Wall -DLINUX26 -DCONFIG_RALINK -DMUSL_LIBC -DDEBUG_NOISY -DDEBUG_RCTEST -D_GNU_SOURCE -D__UAPI_DEF_ETHHDR -DRALINK_DBDC_MODE -pipe -funit-at-a-time -Wno-pointer-sign -mtune=mips32 -mips32 -DLINUX_KERNEL_VERSION=263366 --sysroot=/opt/lede-toolchain-ramips-mt7621_gcc-5.4.0_musl-1.1.24.Linux-x86_64/toolchain-mipsel_24kc_gcc-5.4.0_musl-1.1.24  -ffunction-sections -fdata-sections -std=gnu99 		-DASUSWRT  --sysroot=/opt/lede-toolchain-ramips-mt7621_gcc-5.4.0_musl-1.1.24.Linux-x86_64/toolchain-mipsel_24kc_gcc-5.4.0_musl-1.1.24 -ffunction-sections -fdata-sections 		-Wl,--gc-sections 		-lpthread -ldl 		-L/repo/Pass_GPL/asuswrt/release/src-ra-openwrt-4210/router/zlib -lz conftest.c -lbind   >&5
/opt/lede-toolchain-ramips-mt7621_gcc-5.4.0_musl-1.1.24.Linux-x86_64/toolchain-mipsel_24kc_gcc-5.4.0_musl-1.1.24/bin/../lib/gcc/mipsel-openwrt-linux-musl/5.4.0/../../../../mipsel-openwrt-linux-musl/bin/ld: cannot find -lbind
collect2: error: ld returned 1 exit status
configure:16054: $? = 1
configure: failed program was:
| /* confdefs.h */
| #define PACKAGE_NAME "OpenVPN"
| #define PACKAGE_TARNAME "openvpn"
| #define PACKAGE_VERSION "2.4.12"
| #define PACKAGE_STRING "OpenVPN 2.4.12"
| #define PACKAGE_BUGREPORT "openvpn-users@lists.sourceforge.net"
| #define PACKAGE_URL ""
| #define OPENVPN_VERSION_RESOURCE 2,4,12,0
| #define OPENVPN_VERSION_MAJOR 2
| #define OPENVPN_VERSION_MINOR 4
| #define OPENVPN_VERSION_PATCH ".12"
| #define PACKAGE "openvpn"
| #define VERSION "2.4.12"
| #define STDC_HEADERS 1
| #define HAVE_SYS_TYPES_H 1
| #define HAVE_SYS_STAT_H 1
| #define HAVE_STDLIB_H 1
| #define HAVE_STRING_H 1
| #define HAVE_MEMORY_H 1
| #define HAVE_STRINGS_H 1
| #define HAVE_INTTYPES_H 1
| #define HAVE_STDINT_H 1
| #define HAVE_UNISTD_H 1
| #define __EXTENSIONS__ 1
| #define _ALL_SOURCE 1
| #define _GNU_SOURCE 1
| #define _POSIX_PTHREAD_SEMANTICS 1
| #define _TANDEM_SOURCE 1
| #define TARGET_ALIAS "mipsel-unknown-linux-gnu"
| #define TARGET_LINUX 1
| #define TARGET_PREFIX "L"
| #define IFCONFIG_PATH "/sbin/ifconfig"
| #define IPROUTE_PATH "/usr/sbin/ip"
| #define ROUTE_PATH "/sbin/route"
| #define SYSTEMD_ASK_PASSWORD_PATH ""
| #define HAVE_DLFCN_H 1
| #define LT_OBJDIR ".libs/"
| #define RETSIGTYPE void
| #define HAVE_CPP_VARARG_MACRO_ISO 1
| #define HAVE_CPP_VARARG_MACRO_GCC 1
| #define EMPTY_ARRAY_SIZE 0
| #define SIZEOF_UNSIGNED_INT 4
| #define SIZEOF_UNSIGNED_LONG 4
| #define HAVE_STDIO_H 1
| #define HAVE_STDARG_H 1
| #define HAVE_LIMITS_H 1
| #define HAVE_TIME_H 1
| #define HAVE_ERRNO_H 1
| #define HAVE_FCNTL_H 1
| #define HAVE_CTYPE_H 1
| #define HAVE_SYS_TYPES_H 1
| #define HAVE_SYS_SOCKET_H 1
| #define HAVE_SIGNAL_H 1
| #define HAVE_UNISTD_H 1
| #define HAVE_DLFCN_H 1
| #define HAVE_NETINET_IN_H 1
| #define HAVE_NETINET_IN_SYSTM_H 1
| #define HAVE_NETINET_TCP_H 1
| #define HAVE_ARPA_INET_H 1
| #define HAVE_NETDB_H 1
| #define HAVE_SYS_TIME_H 1
| #define HAVE_SYS_IOCTL_H 1
| #define HAVE_SYS_STAT_H 1
| #define HAVE_SYS_MMAN_H 1
| #define HAVE_SYS_FILE_H 1
| #define HAVE_SYS_WAIT_H 1
| #define HAVE_UNISTD_H 1
| #define HAVE_SIGNAL_H 1
| #define HAVE_LIBGEN_H 1
| #define HAVE_STROPTS_H 1
| #define HAVE_SYSLOG_H 1
| #define HAVE_PWD_H 1
| #define HAVE_GRP_H 1
| #define HAVE_SYS_UIO_H 1
| #define HAVE_LINUX_SOCKIOS_H 1
| #define HAVE_LINUX_TYPES_H 1
| #define HAVE_LINUX_ERRQUEUE_H 1
| #define HAVE_SYS_POLL_H 1
| #define HAVE_SYS_EPOLL_H 1
| #define HAVE_ERR_H 1
| #define HAVE_NET_IF_H 1
| #define HAVE_NETINET_IP_H 1
| #define HAVE_RESOLV_H 1
| #define HAVE_SYS_UN_H 1
| #define HAVE_IN_ADDR_T 1
| #define HAVE_IN_PORT_T 1
| #define HAVE_IPHDR 1
| #define HAVE_MSGHDR 1
| #define HAVE_CMSGHDR 1
| #define HAVE_IN_PKTINFO 1
| #define HAVE_SA_FAMILY_T 1
| #define HAVE_IPI_SPEC_DST 1
| #define HAVE_DECL_SO_MARK 1
| #define HAVE_ANONYMOUS_UNION_SUPPORT /**/
| #define HAVE_DECL_SIGHUP 1
| #define HAVE_DECL_SIGINT 1
| #define HAVE_DECL_SIGUSR1 1
| #define HAVE_DECL_SIGUSR2 1
| #define HAVE_DECL_SIGTERM 1
| #define HAVE_FORK 1
| #define HAVE_VFORK 1
| #define HAVE_WORKING_VFORK 1
| #define HAVE_WORKING_FORK 1
| #define HAVE_DAEMON 1
| #define HAVE_CHROOT 1
| #define HAVE_GETPWNAM 1
| #define HAVE_SETUID 1
| #define HAVE_NICE 1
| #define HAVE_SYSTEM 1
| #define HAVE_GETPID 1
| #define HAVE_DUP 1
| #define HAVE_DUP2 1
| #define HAVE_GETPASS 1
| #define HAVE_SYSLOG 1
| #define HAVE_OPENLOG 1
| #define HAVE_MLOCKALL 1
| #define HAVE_GETGRNAM 1
| #define HAVE_SETGID 1
| #define HAVE_SETGROUPS 1
| #define HAVE_STAT 1
| #define HAVE_FLOCK 1
| #define HAVE_READV 1
| #define HAVE_WRITEV 1
| #define HAVE_TIME 1
| #define HAVE_GETTIMEOFDAY 1
| #define HAVE_CTIME 1
| #define HAVE_MEMSET 1
| #define HAVE_VSNPRINTF 1
| #define HAVE_STRDUP 1
| #define HAVE_SETSID 1
| #define HAVE_CHDIR 1
| #define HAVE_PUTENV 1
| #define HAVE_GETPEERNAME 1
| #define HAVE_UNLINK 1
| #define HAVE_FTRUNCATE 1
| #define HAVE_EXECVE 1
| #define HAVE_UMASK 1
| #define HAVE_BASENAME 1
| #define HAVE_DIRNAME 1
| #define HAVE_ACCESS 1
| #define HAVE_EPOLL_CREATE 1
| #define HAVE_SENDMSG 1
| #define HAVE_RECVMSG 1
| #define HAVE_INET_NTOP 1
| #define HAVE_INET_PTON 1
| #define HAVE_SOCKET 1
| #define HAVE_RECV 1
| #define HAVE_RECVFROM 1
| #define HAVE_SEND 1
| #define HAVE_SENDTO 1
| #define HAVE_LISTEN 1
| #define HAVE_ACCEPT 1
| #define HAVE_CONNECT 1
| #define HAVE_BIND 1
| #define HAVE_SELECT 1
| #define HAVE_GETHOSTBYNAME 1
| #define HAVE_INET_NTOA 1
| #define HAVE_SETSOCKOPT 1
| #define HAVE_GETSOCKOPT 1
| #define HAVE_GETSOCKNAME 1
| #define HAVE_POLL 1
| /* end confdefs.h.  */
| 
| /* Override any GCC internal prototype to avoid an error.
|    Use char because int might match the return type of a GCC
|    builtin and then its argument prototype would still apply.  */
| #ifdef __cplusplus
| extern "C"
| #endif
| char res_9_init ();
| int
| main ()
| {
| return res_9_init ();
|   ;
|   return 0;
| }
configure:16071: result: no
configure:16078: checking for library containing res_init
configure:16109: /opt/lede-toolchain-ramips-mt7621_gcc-5.4.0_musl-1.1.24.Linux-x86_64/toolchain-mipsel_24kc_gcc-5.4.0_musl-1.1.24/bin/mipsel-openwrt-linux-musl-gcc -o conftest -Os -Wall -DLINUX26 -DCONFIG_RALINK -DMUSL_LIBC -DDEBUG_NOISY -DDEBUG_RCTEST -D_GNU_SOURCE -D__UAPI_DEF_ETHHDR -DRALINK_DBDC_MODE -pipe -funit-at-a-time -Wno-pointer-sign -mtune=mips32 -mips32 -DLINUX_KERNEL_VERSION=263366 --sysroot=/opt/lede-toolchain-ramips-mt7621_gcc-5.4.0_musl-1.1.24.Linux-x86_64/toolchain-mipsel_24kc_gcc-5.4.0_musl-1.1.24  -ffunction-sections -fdata-sections -std=gnu99 		-DASUSWRT  --sysroot=/opt/lede-toolchain-ramips-mt7621_gcc-5.4.0_musl-1.1.24.Linux-x86_64/toolchain-mipsel_24kc_gcc-5.4.0_musl-1.1.24 -ffunction-sections -fdata-sections 		-Wl,--gc-sections 		-lpthread -ldl 		-L/repo/Pass_GPL/asuswrt/release/src-ra-openwrt-4210/router/zlib -lz conftest.c  >&5
configure:16109: $? = 0
configure:16126: result: none required
configure:16149: checking net/if_tun.h usability
configure:16149: /opt/lede-toolchain-ramips-mt7621_gcc-5.4.0_musl-1.1.24.Linux-x86_64/toolchain-mipsel_24kc_gcc-5.4.0_musl-1.1.24/bin/mipsel-openwrt-linux-musl-gcc -c -Os -Wall -DLINUX26 -DCONFIG_RALINK -DMUSL_LIBC -DDEBUG_NOISY -DDEBUG_RCTEST -D_GNU_SOURCE -D__UAPI_DEF_ETHHDR -DRALINK_DBDC_MODE -pipe -funit-at-a-time -Wno-pointer-sign -mtune=mips32 -mips32 -DLINUX_KERNEL_VERSION=263366 --sysroot=/opt/lede-toolchain-ramips-mt7621_gcc-5.4.0_musl-1.1.24.Linux-x86_64/toolchain-mipsel_24kc_gcc-5.4.0_musl-1.1.24  -ffunction-sections -fdata-sections -std=gnu99 		-DASUSWRT   conftest.c >&5
conftest.c:196:24: fatal error: net/if_tun.h: No such file or directory
compilation terminated.
configure:16149: $? = 1
configure: failed program was:
| /* confdefs.h */
| #define PACKAGE_NAME "OpenVPN"
| #define PACKAGE_TARNAME "openvpn"
| #define PACKAGE_VERSION "2.4.12"
| #define PACKAGE_STRING "OpenVPN 2.4.12"
| #define PACKAGE_BUGREPORT "openvpn-users@lists.sourceforge.net"
| #define PACKAGE_URL ""
| #define OPENVPN_VERSION_RESOURCE 2,4,12,0
| #define OPENVPN_VERSION_MAJOR 2
| #define OPENVPN_VERSION_MINOR 4
| #define OPENVPN_VERSION_PATCH ".12"
| #define PACKAGE "openvpn"
| #define VERSION "2.4.12"
| #define STDC_HEADERS 1
| #define HAVE_SYS_TYPES_H 1
| #define HAVE_SYS_STAT_H 1
| #define HAVE_STDLIB_H 1
| #define HAVE_STRING_H 1
| #define HAVE_MEMORY_H 1
| #define HAVE_STRINGS_H 1
| #define HAVE_INTTYPES_H 1
| #define HAVE_STDINT_H 1
| #define HAVE_UNISTD_H 1
| #define __EXTENSIONS__ 1
| #define _ALL_SOURCE 1
| #define _GNU_SOURCE 1
| #define _POSIX_PTHREAD_SEMANTICS 1
| #define _TANDEM_SOURCE 1
| #define TARGET_ALIAS "mipsel-unknown-linux-gnu"
| #define TARGET_LINUX 1
| #define TARGET_PREFIX "L"
| #define IFCONFIG_PATH "/sbin/ifconfig"
| #define IPROUTE_PATH "/usr/sbin/ip"
| #define ROUTE_PATH "/sbin/route"
| #define SYSTEMD_ASK_PASSWORD_PATH ""
| #define HAVE_DLFCN_H 1
| #define LT_OBJDIR ".libs/"
| #define RETSIGTYPE void
| #define HAVE_CPP_VARARG_MACRO_ISO 1
| #define HAVE_CPP_VARARG_MACRO_GCC 1
| #define EMPTY_ARRAY_SIZE 0
| #define SIZEOF_UNSIGNED_INT 4
| #define SIZEOF_UNSIGNED_LONG 4
| #define HAVE_STDIO_H 1
| #define HAVE_STDARG_H 1
| #define HAVE_LIMITS_H 1
| #define HAVE_TIME_H 1
| #define HAVE_ERRNO_H 1
| #define HAVE_FCNTL_H 1
| #define HAVE_CTYPE_H 1
| #define HAVE_SYS_TYPES_H 1
| #define HAVE_SYS_SOCKET_H 1
| #define HAVE_SIGNAL_H 1
| #define HAVE_UNISTD_H 1
| #define HAVE_DLFCN_H 1
| #define HAVE_NETINET_IN_H 1
| #define HAVE_NETINET_IN_SYSTM_H 1
| #define HAVE_NETINET_TCP_H 1
| #define HAVE_ARPA_INET_H 1
| #define HAVE_NETDB_H 1
| #define HAVE_SYS_TIME_H 1
| #define HAVE_SYS_IOCTL_H 1
| #define HAVE_SYS_STAT_H 1
| #define HAVE_SYS_MMAN_H 1
| #define HAVE_SYS_FILE_H 1
| #define HAVE_SYS_WAIT_H 1
| #define HAVE_UNISTD_H 1
| #define HAVE_SIGNAL_H 1
| #define HAVE_LIBGEN_H 1
| #define HAVE_STROPTS_H 1
| #define HAVE_SYSLOG_H 1
| #define HAVE_PWD_H 1
| #define HAVE_GRP_H 1
| #define HAVE_SYS_UIO_H 1
| #define HAVE_LINUX_SOCKIOS_H 1
| #define HAVE_LINUX_TYPES_H 1
| #define HAVE_LINUX_ERRQUEUE_H 1
| #define HAVE_SYS_POLL_H 1
| #define HAVE_SYS_EPOLL_H 1
| #define HAVE_ERR_H 1
| #define HAVE_NET_IF_H 1
| #define HAVE_NETINET_IP_H 1
| #define HAVE_RESOLV_H 1
| #define HAVE_SYS_UN_H 1
| #define HAVE_IN_ADDR_T 1
| #define HAVE_IN_PORT_T 1
| #define HAVE_IPHDR 1
| #define HAVE_MSGHDR 1
| #define HAVE_CMSGHDR 1
| #define HAVE_IN_PKTINFO 1
| #define HAVE_SA_FAMILY_T 1
| #define HAVE_IPI_SPEC_DST 1
| #define HAVE_DECL_SO_MARK 1
| #define HAVE_ANONYMOUS_UNION_SUPPORT /**/
| #define HAVE_DECL_SIGHUP 1
| #define HAVE_DECL_SIGINT 1
| #define HAVE_DECL_SIGUSR1 1
| #define HAVE_DECL_SIGUSR2 1
| #define HAVE_DECL_SIGTERM 1
| #define HAVE_FORK 1
| #define HAVE_VFORK 1
| #define HAVE_WORKING_VFORK 1
| #define HAVE_WORKING_FORK 1
| #define HAVE_DAEMON 1
| #define HAVE_CHROOT 1
| #define HAVE_GETPWNAM 1
| #define HAVE_SETUID 1
| #define HAVE_NICE 1
| #define HAVE_SYSTEM 1
| #define HAVE_GETPID 1
| #define HAVE_DUP 1
| #define HAVE_DUP2 1
| #define HAVE_GETPASS 1
| #define HAVE_SYSLOG 1
| #define HAVE_OPENLOG 1
| #define HAVE_MLOCKALL 1
| #define HAVE_GETGRNAM 1
| #define HAVE_SETGID 1
| #define HAVE_SETGROUPS 1
| #define HAVE_STAT 1
| #define HAVE_FLOCK 1
| #define HAVE_READV 1
| #define HAVE_WRITEV 1
| #define HAVE_TIME 1
| #define HAVE_GETTIMEOFDAY 1
| #define HAVE_CTIME 1
| #define HAVE_MEMSET 1
| #define HAVE_VSNPRINTF 1
| #define HAVE_STRDUP 1
| #define HAVE_SETSID 1
| #define HAVE_CHDIR 1
| #define HAVE_PUTENV 1
| #define HAVE_GETPEERNAME 1
| #define HAVE_UNLINK 1
| #define HAVE_FTRUNCATE 1
| #define HAVE_EXECVE 1
| #define HAVE_UMASK 1
| #define HAVE_BASENAME 1
| #define HAVE_DIRNAME 1
| #define HAVE_ACCESS 1
| #define HAVE_EPOLL_CREATE 1
| #define HAVE_SENDMSG 1
| #define HAVE_RECVMSG 1
| #define HAVE_INET_NTOP 1
| #define HAVE_INET_PTON 1
| #define HAVE_SOCKET 1
| #define HAVE_RECV 1
| #define HAVE_RECVFROM 1
| #define HAVE_SEND 1
| #define HAVE_SENDTO 1
| #define HAVE_LISTEN 1
| #define HAVE_ACCEPT 1
| #define HAVE_CONNECT 1
| #define HAVE_BIND 1
| #define HAVE_SELECT 1
| #define HAVE_GETHOSTBYNAME 1
| #define HAVE_INET_NTOA 1
| #define HAVE_SETSOCKOPT 1
| #define HAVE_GETSOCKOPT 1
| #define HAVE_GETSOCKNAME 1
| #define HAVE_POLL 1
| /* end confdefs.h.  */
| #include <stdio.h>
| #ifdef HAVE_SYS_TYPES_H
| # include <sys/types.h>
| #endif
| #ifdef HAVE_SYS_STAT_H
| # include <sys/stat.h>
| #endif
| #ifdef STDC_HEADERS
| # include <stdlib.h>
| # include <stddef.h>
| #else
| # ifdef HAVE_STDLIB_H
| #  include <stdlib.h>
| # endif
| #endif
| #ifdef HAVE_STRING_H
| # if !defined STDC_HEADERS && defined HAVE_MEMORY_H
| #  include <memory.h>
| # endif
| # include <string.h>
| #endif
| #ifdef HAVE_STRINGS_H
| # include <strings.h>
| #endif
| #ifdef HAVE_INTTYPES_H
| # include <inttypes.h>
| #endif
| #ifdef HAVE_STDINT_H
| # include <stdint.h>
| #endif
| #ifdef HAVE_UNISTD_H
| # include <unistd.h>
| #endif
| #include <net/if_tun.h>
configure:16149: result: no
configure:16149: checking net/if_tun.h presence
configure:16149: /opt/lede-toolchain-ramips-mt7621_gcc-5.4.0_musl-1.1.24.Linux-x86_64/toolchain-mipsel_24kc_gcc-5.4.0_musl-1.1.24/bin/mipsel-openwrt-linux-musl-gcc -E  conftest.c
conftest.c:163:24: fatal error: net/if_tun.h: No such file or directory
compilation terminated.
configure:16149: $? = 1
configure: failed program was:
| /* confdefs.h */
| #define PACKAGE_NAME "OpenVPN"
| #define PACKAGE_TARNAME "openvpn"
| #define PACKAGE_VERSION "2.4.12"
| #define PACKAGE_STRING "OpenVPN 2.4.12"
| #define PACKAGE_BUGREPORT "openvpn-users@lists.sourceforge.net"
| #define PACKAGE_URL ""
| #define OPENVPN_VERSION_RESOURCE 2,4,12,0
| #define OPENVPN_VERSION_MAJOR 2
| #define OPENVPN_VERSION_MINOR 4
| #define OPENVPN_VERSION_PATCH ".12"
| #define PACKAGE "openvpn"
| #define VERSION "2.4.12"
| #define STDC_HEADERS 1
| #define HAVE_SYS_TYPES_H 1
| #define HAVE_SYS_STAT_H 1
| #define HAVE_STDLIB_H 1
| #define HAVE_STRING_H 1
| #define HAVE_MEMORY_H 1
| #define HAVE_STRINGS_H 1
| #define HAVE_INTTYPES_H 1
| #define HAVE_STDINT_H 1
| #define HAVE_UNISTD_H 1
| #define __EXTENSIONS__ 1
| #define _ALL_SOURCE 1
| #define _GNU_SOURCE 1
| #define _POSIX_PTHREAD_SEMANTICS 1
| #define _TANDEM_SOURCE 1
| #define TARGET_ALIAS "mipsel-unknown-linux-gnu"
| #define TARGET_LINUX 1
| #define TARGET_PREFIX "L"
| #define IFCONFIG_PATH "/sbin/ifconfig"
| #define IPROUTE_PATH "/usr/sbin/ip"
| #define ROUTE_PATH "/sbin/route"
| #define SYSTEMD_ASK_PASSWORD_PATH ""
| #define HAVE_DLFCN_H 1
| #define LT_OBJDIR ".libs/"
| #define RETSIGTYPE void
| #define HAVE_CPP_VARARG_MACRO_ISO 1
| #define HAVE_CPP_VARARG_MACRO_GCC 1
| #define EMPTY_ARRAY_SIZE 0
| #define SIZEOF_UNSIGNED_INT 4
| #define SIZEOF_UNSIGNED_LONG 4
| #define HAVE_STDIO_H 1
| #define HAVE_STDARG_H 1
| #define HAVE_LIMITS_H 1
| #define HAVE_TIME_H 1
| #define HAVE_ERRNO_H 1
| #define HAVE_FCNTL_H 1
| #define HAVE_CTYPE_H 1
| #define HAVE_SYS_TYPES_H 1
| #define HAVE_SYS_SOCKET_H 1
| #define HAVE_SIGNAL_H 1
| #define HAVE_UNISTD_H 1
| #define HAVE_DLFCN_H 1
| #define HAVE_NETINET_IN_H 1
| #define HAVE_NETINET_IN_SYSTM_H 1
| #define HAVE_NETINET_TCP_H 1
| #define HAVE_ARPA_INET_H 1
| #define HAVE_NETDB_H 1
| #define HAVE_SYS_TIME_H 1
| #define HAVE_SYS_IOCTL_H 1
| #define HAVE_SYS_STAT_H 1
| #define HAVE_SYS_MMAN_H 1
| #define HAVE_SYS_FILE_H 1
| #define HAVE_SYS_WAIT_H 1
| #define HAVE_UNISTD_H 1
| #define HAVE_SIGNAL_H 1
| #define HAVE_LIBGEN_H 1
| #define HAVE_STROPTS_H 1
| #define HAVE_SYSLOG_H 1
| #define HAVE_PWD_H 1
| #define HAVE_GRP_H 1
| #define HAVE_SYS_UIO_H 1
| #define HAVE_LINUX_SOCKIOS_H 1
| #define HAVE_LINUX_TYPES_H 1
| #define HAVE_LINUX_ERRQUEUE_H 1
| #define HAVE_SYS_POLL_H 1
| #define HAVE_SYS_EPOLL_H 1
| #define HAVE_ERR_H 1
| #define HAVE_NET_IF_H 1
| #define HAVE_NETINET_IP_H 1
| #define HAVE_RESOLV_H 1
| #define HAVE_SYS_UN_H 1
| #define HAVE_IN_ADDR_T 1
| #define HAVE_IN_PORT_T 1
| #define HAVE_IPHDR 1
| #define HAVE_MSGHDR 1
| #define HAVE_CMSGHDR 1
| #define HAVE_IN_PKTINFO 1
| #define HAVE_SA_FAMILY_T 1
| #define HAVE_IPI_SPEC_DST 1
| #define HAVE_DECL_SO_MARK 1
| #define HAVE_ANONYMOUS_UNION_SUPPORT /**/
| #define HAVE_DECL_SIGHUP 1
| #define HAVE_DECL_SIGINT 1
| #define HAVE_DECL_SIGUSR1 1
| #define HAVE_DECL_SIGUSR2 1
| #define HAVE_DECL_SIGTERM 1
| #define HAVE_FORK 1
| #define HAVE_VFORK 1
| #define HAVE_WORKING_VFORK 1
| #define HAVE_WORKING_FORK 1
| #define HAVE_DAEMON 1
| #define HAVE_CHROOT 1
| #define HAVE_GETPWNAM 1
| #define HAVE_SETUID 1
| #define HAVE_NICE 1
| #define HAVE_SYSTEM 1
| #define HAVE_GETPID 1
| #define HAVE_DUP 1
| #define HAVE_DUP2 1
| #define HAVE_GETPASS 1
| #define HAVE_SYSLOG 1
| #define HAVE_OPENLOG 1
| #define HAVE_MLOCKALL 1
| #define HAVE_GETGRNAM 1
| #define HAVE_SETGID 1
| #define HAVE_SETGROUPS 1
| #define HAVE_STAT 1
| #define HAVE_FLOCK 1
| #define HAVE_READV 1
| #define HAVE_WRITEV 1
| #define HAVE_TIME 1
| #define HAVE_GETTIMEOFDAY 1
| #define HAVE_CTIME 1
| #define HAVE_MEMSET 1
| #define HAVE_VSNPRINTF 1
| #define HAVE_STRDUP 1
| #define HAVE_SETSID 1
| #define HAVE_CHDIR 1
| #define HAVE_PUTENV 1
| #define HAVE_GETPEERNAME 1
| #define HAVE_UNLINK 1
| #define HAVE_FTRUNCATE 1
| #define HAVE_EXECVE 1
| #define HAVE_UMASK 1
| #define HAVE_BASENAME 1
| #define HAVE_DIRNAME 1
| #define HAVE_ACCESS 1
| #define HAVE_EPOLL_CREATE 1
| #define HAVE_SENDMSG 1
| #define HAVE_RECVMSG 1
| #define HAVE_INET_NTOP 1
| #define HAVE_INET_PTON 1
| #define HAVE_SOCKET 1
| #define HAVE_RECV 1
| #define HAVE_RECVFROM 1
| #define HAVE_SEND 1
| #define HAVE_SENDTO 1
| #define HAVE_LISTEN 1
| #define HAVE_ACCEPT 1
| #define HAVE_CONNECT 1
| #define HAVE_BIND 1
| #define HAVE_SELECT 1
| #define HAVE_GETHOSTBYNAME 1
| #define HAVE_INET_NTOA 1
| #define HAVE_SETSOCKOPT 1
| #define HAVE_GETSOCKOPT 1
| #define HAVE_GETSOCKNAME 1
| #define HAVE_POLL 1
| /* end confdefs.h.  */
| #include <net/if_tun.h>
configure:16149: result: no
configure:16149: checking for net/if_tun.h
configure:16149: result: no
configure:16149: checking net/tun/if_tun.h usability
configure:16149: /opt/lede-toolchain-ramips-mt7621_gcc-5.4.0_musl-1.1.24.Linux-x86_64/toolchain-mipsel_24kc_gcc-5.4.0_musl-1.1.24/bin/mipsel-openwrt-linux-musl-gcc -c -Os -Wall -DLINUX26 -DCONFIG_RALINK -DMUSL_LIBC -DDEBUG_NOISY -DDEBUG_RCTEST -D_GNU_SOURCE -D__UAPI_DEF_ETHHDR -DRALINK_DBDC_MODE -pipe -funit-at-a-time -Wno-pointer-sign -mtune=mips32 -mips32 -DLINUX_KERNEL_VERSION=263366 --sysroot=/opt/lede-toolchain-ramips-mt7621_gcc-5.4.0_musl-1.1.24.Linux-x86_64/toolchain-mipsel_24kc_gcc-5.4.0_musl-1.1.24  -ffunction-sections -fdata-sections -std=gnu99 		-DASUSWRT   conftest.c >&5
conftest.c:196:28: fatal error: net/tun/if_tun.h: No such file or directory
compilation terminated.
configure:16149: $? = 1
configure: failed program was:
| /* confdefs.h */
| #define PACKAGE_NAME "OpenVPN"
| #define PACKAGE_TARNAME "openvpn"
| #define PACKAGE_VERSION "2.4.12"
| #define PACKAGE_STRING "OpenVPN 2.4.12"
| #define PACKAGE_BUGREPORT "openvpn-users@lists.sourceforge.net"
| #define PACKAGE_URL ""
| #define OPENVPN_VERSION_RESOURCE 2,4,12,0
| #define OPENVPN_VERSION_MAJOR 2
| #define OPENVPN_VERSION_MINOR 4
| #define OPENVPN_VERSION_PATCH ".12"
| #define PACKAGE "openvpn"
| #define VERSION "2.4.12"
| #define STDC_HEADERS 1
| #define HAVE_SYS_TYPES_H 1
| #define HAVE_SYS_STAT_H 1
| #define HAVE_STDLIB_H 1
| #define HAVE_STRING_H 1
| #define HAVE_MEMORY_H 1
| #define HAVE_STRINGS_H 1
| #define HAVE_INTTYPES_H 1
| #define HAVE_STDINT_H 1
| #define HAVE_UNISTD_H 1
| #define __EXTENSIONS__ 1
| #define _ALL_SOURCE 1
| #define _GNU_SOURCE 1
| #define _POSIX_PTHREAD_SEMANTICS 1
| #define _TANDEM_SOURCE 1
| #define TARGET_ALIAS "mipsel-unknown-linux-gnu"
| #define TARGET_LINUX 1
| #define TARGET_PREFIX "L"
| #define IFCONFIG_PATH "/sbin/ifconfig"
| #define IPROUTE_PATH "/usr/sbin/ip"
| #define ROUTE_PATH "/sbin/route"
| #define SYSTEMD_ASK_PASSWORD_PATH ""
| #define HAVE_DLFCN_H 1
| #define LT_OBJDIR ".libs/"
| #define RETSIGTYPE void
| #define HAVE_CPP_VARARG_MACRO_ISO 1
| #define HAVE_CPP_VARARG_MACRO_GCC 1
| #define EMPTY_ARRAY_SIZE 0
| #define SIZEOF_UNSIGNED_INT 4
| #define SIZEOF_UNSIGNED_LONG 4
| #define HAVE_STDIO_H 1
| #define HAVE_STDARG_H 1
| #define HAVE_LIMITS_H 1
| #define HAVE_TIME_H 1
| #define HAVE_ERRNO_H 1
| #define HAVE_FCNTL_H 1
| #define HAVE_CTYPE_H 1
| #define HAVE_SYS_TYPES_H 1
| #define HAVE_SYS_SOCKET_H 1
| #define HAVE_SIGNAL_H 1
| #define HAVE_UNISTD_H 1
| #define HAVE_DLFCN_H 1
| #define HAVE_NETINET_IN_H 1
| #define HAVE_NETINET_IN_SYSTM_H 1
| #define HAVE_NETINET_TCP_H 1
| #define HAVE_ARPA_INET_H 1
| #define HAVE_NETDB_H 1
| #define HAVE_SYS_TIME_H 1
| #define HAVE_SYS_IOCTL_H 1
| #define HAVE_SYS_STAT_H 1
| #define HAVE_SYS_MMAN_H 1
| #define HAVE_SYS_FILE_H 1
| #define HAVE_SYS_WAIT_H 1
| #define HAVE_UNISTD_H 1
| #define HAVE_SIGNAL_H 1
| #define HAVE_LIBGEN_H 1
| #define HAVE_STROPTS_H 1
| #define HAVE_SYSLOG_H 1
| #define HAVE_PWD_H 1
| #define HAVE_GRP_H 1
| #define HAVE_SYS_UIO_H 1
| #define HAVE_LINUX_SOCKIOS_H 1
| #define HAVE_LINUX_TYPES_H 1
| #define HAVE_LINUX_ERRQUEUE_H 1
| #define HAVE_SYS_POLL_H 1
| #define HAVE_SYS_EPOLL_H 1
| #define HAVE_ERR_H 1
| #define HAVE_NET_IF_H 1
| #define HAVE_NETINET_IP_H 1
| #define HAVE_RESOLV_H 1
| #define HAVE_SYS_UN_H 1
| #define HAVE_IN_ADDR_T 1
| #define HAVE_IN_PORT_T 1
| #define HAVE_IPHDR 1
| #define HAVE_MSGHDR 1
| #define HAVE_CMSGHDR 1
| #define HAVE_IN_PKTINFO 1
| #define HAVE_SA_FAMILY_T 1
| #define HAVE_IPI_SPEC_DST 1
| #define HAVE_DECL_SO_MARK 1
| #define HAVE_ANONYMOUS_UNION_SUPPORT /**/
| #define HAVE_DECL_SIGHUP 1
| #define HAVE_DECL_SIGINT 1
| #define HAVE_DECL_SIGUSR1 1
| #define HAVE_DECL_SIGUSR2 1
| #define HAVE_DECL_SIGTERM 1
| #define HAVE_FORK 1
| #define HAVE_VFORK 1
| #define HAVE_WORKING_VFORK 1
| #define HAVE_WORKING_FORK 1
| #define HAVE_DAEMON 1
| #define HAVE_CHROOT 1
| #define HAVE_GETPWNAM 1
| #define HAVE_SETUID 1
| #define HAVE_NICE 1
| #define HAVE_SYSTEM 1
| #define HAVE_GETPID 1
| #define HAVE_DUP 1
| #define HAVE_DUP2 1
| #define HAVE_GETPASS 1
| #define HAVE_SYSLOG 1
| #define HAVE_OPENLOG 1
| #define HAVE_MLOCKALL 1
| #define HAVE_GETGRNAM 1
| #define HAVE_SETGID 1
| #define HAVE_SETGROUPS 1
| #define HAVE_STAT 1
| #define HAVE_FLOCK 1
| #define HAVE_READV 1
| #define HAVE_WRITEV 1
| #define HAVE_TIME 1
| #define HAVE_GETTIMEOFDAY 1
| #define HAVE_CTIME 1
| #define HAVE_MEMSET 1
| #define HAVE_VSNPRINTF 1
| #define HAVE_STRDUP 1
| #define HAVE_SETSID 1
| #define HAVE_CHDIR 1
| #define HAVE_PUTENV 1
| #define HAVE_GETPEERNAME 1
| #define HAVE_UNLINK 1
| #define HAVE_FTRUNCATE 1
| #define HAVE_EXECVE 1
| #define HAVE_UMASK 1
| #define HAVE_BASENAME 1
| #define HAVE_DIRNAME 1
| #define HAVE_ACCESS 1
| #define HAVE_EPOLL_CREATE 1
| #define HAVE_SENDMSG 1
| #define HAVE_RECVMSG 1
| #define HAVE_INET_NTOP 1
| #define HAVE_INET_PTON 1
| #define HAVE_SOCKET 1
| #define HAVE_RECV 1
| #define HAVE_RECVFROM 1
| #define HAVE_SEND 1
| #define HAVE_SENDTO 1
| #define HAVE_LISTEN 1
| #define HAVE_ACCEPT 1
| #define HAVE_CONNECT 1
| #define HAVE_BIND 1
| #define HAVE_SELECT 1
| #define HAVE_GETHOSTBYNAME 1
| #define HAVE_INET_NTOA 1
| #define HAVE_SETSOCKOPT 1
| #define HAVE_GETSOCKOPT 1
| #define HAVE_GETSOCKNAME 1
| #define HAVE_POLL 1
| /* end confdefs.h.  */
| #include <stdio.h>
| #ifdef HAVE_SYS_TYPES_H
| # include <sys/types.h>
| #endif
| #ifdef HAVE_SYS_STAT_H
| # include <sys/stat.h>
| #endif
| #ifdef STDC_HEADERS
| # include <stdlib.h>
| # include <stddef.h>
| #else
| # ifdef HAVE_STDLIB_H
| #  include <stdlib.h>
| # endif
| #endif
| #ifdef HAVE_STRING_H
| # if !defined STDC_HEADERS && defined HAVE_MEMORY_H
| #  include <memory.h>
| # endif
| # include <string.h>
| #endif
| #ifdef HAVE_STRINGS_H
| # include <strings.h>
| #endif
| #ifdef HAVE_INTTYPES_H
| # include <inttypes.h>
| #endif
| #ifdef HAVE_STDINT_H
| # include <stdint.h>
| #endif
| #ifdef HAVE_UNISTD_H
| # include <unistd.h>
| #endif
| #include <net/tun/if_tun.h>
configure:16149: result: no
configure:16149: checking net/tun/if_tun.h presence
configure:16149: /opt/lede-toolchain-ramips-mt7621_gcc-5.4.0_musl-1.1.24.Linux-x86_64/toolchain-mipsel_24kc_gcc-5.4.0_musl-1.1.24/bin/mipsel-openwrt-linux-musl-gcc -E  conftest.c
conftest.c:163:28: fatal error: net/tun/if_tun.h: No such file or directory
compilation terminated.
configure:16149: $? = 1
configure: failed program was:
| /* confdefs.h */
| #define PACKAGE_NAME "OpenVPN"
| #define PACKAGE_TARNAME "openvpn"
| #define PACKAGE_VERSION "2.4.12"
| #define PACKAGE_STRING "OpenVPN 2.4.12"
| #define PACKAGE_BUGREPORT "openvpn-users@lists.sourceforge.net"
| #define PACKAGE_URL ""
| #define OPENVPN_VERSION_RESOURCE 2,4,12,0
| #define OPENVPN_VERSION_MAJOR 2
| #define OPENVPN_VERSION_MINOR 4
| #define OPENVPN_VERSION_PATCH ".12"
| #define PACKAGE "openvpn"
| #define VERSION "2.4.12"
| #define STDC_HEADERS 1
| #define HAVE_SYS_TYPES_H 1
| #define HAVE_SYS_STAT_H 1
| #define HAVE_STDLIB_H 1
| #define HAVE_STRING_H 1
| #define HAVE_MEMORY_H 1
| #define HAVE_STRINGS_H 1
| #define HAVE_INTTYPES_H 1
| #define HAVE_STDINT_H 1
| #define HAVE_UNISTD_H 1
| #define __EXTENSIONS__ 1
| #define _ALL_SOURCE 1
| #define _GNU_SOURCE 1
| #define _POSIX_PTHREAD_SEMANTICS 1
| #define _TANDEM_SOURCE 1
| #define TARGET_ALIAS "mipsel-unknown-linux-gnu"
| #define TARGET_LINUX 1
| #define TARGET_PREFIX "L"
| #define IFCONFIG_PATH "/sbin/ifconfig"
| #define IPROUTE_PATH "/usr/sbin/ip"
| #define ROUTE_PATH "/sbin/route"
| #define SYSTEMD_ASK_PASSWORD_PATH ""
| #define HAVE_DLFCN_H 1
| #define LT_OBJDIR ".libs/"
| #define RETSIGTYPE void
| #define HAVE_CPP_VARARG_MACRO_ISO 1
| #define HAVE_CPP_VARARG_MACRO_GCC 1
| #define EMPTY_ARRAY_SIZE 0
| #define SIZEOF_UNSIGNED_INT 4
| #define SIZEOF_UNSIGNED_LONG 4
| #define HAVE_STDIO_H 1
| #define HAVE_STDARG_H 1
| #define HAVE_LIMITS_H 1
| #define HAVE_TIME_H 1
| #define HAVE_ERRNO_H 1
| #define HAVE_FCNTL_H 1
| #define HAVE_CTYPE_H 1
| #define HAVE_SYS_TYPES_H 1
| #define HAVE_SYS_SOCKET_H 1
| #define HAVE_SIGNAL_H 1
| #define HAVE_UNISTD_H 1
| #define HAVE_DLFCN_H 1
| #define HAVE_NETINET_IN_H 1
| #define HAVE_NETINET_IN_SYSTM_H 1
| #define HAVE_NETINET_TCP_H 1
| #define HAVE_ARPA_INET_H 1
| #define HAVE_NETDB_H 1
| #define HAVE_SYS_TIME_H 1
| #define HAVE_SYS_IOCTL_H 1
| #define HAVE_SYS_STAT_H 1
| #define HAVE_SYS_MMAN_H 1
| #define HAVE_SYS_FILE_H 1
| #define HAVE_SYS_WAIT_H 1
| #define HAVE_UNISTD_H 1
| #define HAVE_SIGNAL_H 1
| #define HAVE_LIBGEN_H 1
| #define HAVE_STROPTS_H 1
| #define HAVE_SYSLOG_H 1
| #define HAVE_PWD_H 1
| #define HAVE_GRP_H 1
| #define HAVE_SYS_UIO_H 1
| #define HAVE_LINUX_SOCKIOS_H 1
| #define HAVE_LINUX_TYPES_H 1
| #define HAVE_LINUX_ERRQUEUE_H 1
| #define HAVE_SYS_POLL_H 1
| #define HAVE_SYS_EPOLL_H 1
| #define HAVE_ERR_H 1
| #define HAVE_NET_IF_H 1
| #define HAVE_NETINET_IP_H 1
| #define HAVE_RESOLV_H 1
| #define HAVE_SYS_UN_H 1
| #define HAVE_IN_ADDR_T 1
| #define HAVE_IN_PORT_T 1
| #define HAVE_IPHDR 1
| #define HAVE_MSGHDR 1
| #define HAVE_CMSGHDR 1
| #define HAVE_IN_PKTINFO 1
| #define HAVE_SA_FAMILY_T 1
| #define HAVE_IPI_SPEC_DST 1
| #define HAVE_DECL_SO_MARK 1
| #define HAVE_ANONYMOUS_UNION_SUPPORT /**/
| #define HAVE_DECL_SIGHUP 1
| #define HAVE_DECL_SIGINT 1
| #define HAVE_DECL_SIGUSR1 1
| #define HAVE_DECL_SIGUSR2 1
| #define HAVE_DECL_SIGTERM 1
| #define HAVE_FORK 1
| #define HAVE_VFORK 1
| #define HAVE_WORKING_VFORK 1
| #define HAVE_WORKING_FORK 1
| #define HAVE_DAEMON 1
| #define HAVE_CHROOT 1
| #define HAVE_GETPWNAM 1
| #define HAVE_SETUID 1
| #define HAVE_NICE 1
| #define HAVE_SYSTEM 1
| #define HAVE_GETPID 1
| #define HAVE_DUP 1
| #define HAVE_DUP2 1
| #define HAVE_GETPASS 1
| #define HAVE_SYSLOG 1
| #define HAVE_OPENLOG 1
| #define HAVE_MLOCKALL 1
| #define HAVE_GETGRNAM 1
| #define HAVE_SETGID 1
| #define HAVE_SETGROUPS 1
| #define HAVE_STAT 1
| #define HAVE_FLOCK 1
| #define HAVE_READV 1
| #define HAVE_WRITEV 1
| #define HAVE_TIME 1
| #define HAVE_GETTIMEOFDAY 1
| #define HAVE_CTIME 1
| #define HAVE_MEMSET 1
| #define HAVE_VSNPRINTF 1
| #define HAVE_STRDUP 1
| #define HAVE_SETSID 1
| #define HAVE_CHDIR 1
| #define HAVE_PUTENV 1
| #define HAVE_GETPEERNAME 1
| #define HAVE_UNLINK 1
| #define HAVE_FTRUNCATE 1
| #define HAVE_EXECVE 1
| #define HAVE_UMASK 1
| #define HAVE_BASENAME 1
| #define HAVE_DIRNAME 1
| #define HAVE_ACCESS 1
| #define HAVE_EPOLL_CREATE 1
| #define HAVE_SENDMSG 1
| #define HAVE_RECVMSG 1
| #define HAVE_INET_NTOP 1
| #define HAVE_INET_PTON 1
| #define HAVE_SOCKET 1
| #define HAVE_RECV 1
| #define HAVE_RECVFROM 1
| #define HAVE_SEND 1
| #define HAVE_SENDTO 1
| #define HAVE_LISTEN 1
| #define HAVE_ACCEPT 1
| #define HAVE_CONNECT 1
| #define HAVE_BIND 1
| #define HAVE_SELECT 1
| #define HAVE_GETHOSTBYNAME 1
| #define HAVE_INET_NTOA 1
| #define HAVE_SETSOCKOPT 1
| #define HAVE_GETSOCKOPT 1
| #define HAVE_GETSOCKNAME 1
| #define HAVE_POLL 1
| /* end confdefs.h.  */
| #include <net/tun/if_tun.h>
configure:16149: result: no
configure:16149: checking for net/tun/if_tun.h
configure:16149: result: no
configure:16149: checking linux/if_tun.h usability
configure:16149: /opt/lede-toolchain-ramips-mt7621_gcc-5.4.0_musl-1.1.24.Linux-x86_64/toolchain-mipsel_24kc_gcc-5.4.0_musl-1.1.24/bin/mipsel-openwrt-linux-musl-gcc -c -Os -Wall -DLINUX26 -DCONFIG_RALINK -DMUSL_LIBC -DDEBUG_NOISY -DDEBUG_RCTEST -D_GNU_SOURCE -D__UAPI_DEF_ETHHDR -DRALINK_DBDC_MODE -pipe -funit-at-a-time -Wno-pointer-sign -mtune=mips32 -mips32 -DLINUX_KERNEL_VERSION=263366 --sysroot=/opt/lede-toolchain-ramips-mt7621_gcc-5.4.0_musl-1.1.24.Linux-x86_64/toolchain-mipsel_24kc_gcc-5.4.0_musl-1.1.24  -ffunction-sections -fdata-sections -std=gnu99 		-DASUSWRT   conftest.c >&5
configure:16149: $? = 0
configure:16149: result: yes
configure:16149: checking linux/if_tun.h presence
configure:16149: /opt/lede-toolchain-ramips-mt7621_gcc-5.4.0_musl-1.1.24.Linux-x86_64/toolchain-mipsel_24kc_gcc-5.4.0_musl-1.1.24/bin/mipsel-openwrt-linux-musl-gcc -E  conftest.c
configure:16149: $? = 0
configure:16149: result: yes
configure:16149: checking for linux/if_tun.h
configure:16149: result: yes
configure:16149: checking tap-windows.h usability
configure:16149: /opt/lede-toolchain-ramips-mt7621_gcc-5.4.0_musl-1.1.24.Linux-x86_64/toolchain-mipsel_24kc_gcc-5.4.0_musl-1.1.24/bin/mipsel-openwrt-linux-musl-gcc -c -Os -Wall -DLINUX26 -DCONFIG_RALINK -DMUSL_LIBC -DDEBUG_NOISY -DDEBUG_RCTEST -D_GNU_SOURCE -D__UAPI_DEF_ETHHDR -DRALINK_DBDC_MODE -pipe -funit-at-a-time -Wno-pointer-sign -mtune=mips32 -mips32 -DLINUX_KERNEL_VERSION=263366 --sysroot=/opt/lede-toolchain-ramips-mt7621_gcc-5.4.0_musl-1.1.24.Linux-x86_64/toolchain-mipsel_24kc_gcc-5.4.0_musl-1.1.24  -ffunction-sections -fdata-sections -std=gnu99 		-DASUSWRT   conftest.c >&5
conftest.c:197:25: fatal error: tap-windows.h: No such file or directory
compilation terminated.
configure:16149: $? = 1
configure: failed program was:
| /* confdefs.h */
| #define PACKAGE_NAME "OpenVPN"
| #define PACKAGE_TARNAME "openvpn"
| #define PACKAGE_VERSION "2.4.12"
| #define PACKAGE_STRING "OpenVPN 2.4.12"
| #define PACKAGE_BUGREPORT "openvpn-users@lists.sourceforge.net"
| #define PACKAGE_URL ""
| #define OPENVPN_VERSION_RESOURCE 2,4,12,0
| #define OPENVPN_VERSION_MAJOR 2
| #define OPENVPN_VERSION_MINOR 4
| #define OPENVPN_VERSION_PATCH ".12"
| #define PACKAGE "openvpn"
| #define VERSION "2.4.12"
| #define STDC_HEADERS 1
| #define HAVE_SYS_TYPES_H 1
| #define HAVE_SYS_STAT_H 1
| #define HAVE_STDLIB_H 1
| #define HAVE_STRING_H 1
| #define HAVE_MEMORY_H 1
| #define HAVE_STRINGS_H 1
| #define HAVE_INTTYPES_H 1
| #define HAVE_STDINT_H 1
| #define HAVE_UNISTD_H 1
| #define __EXTENSIONS__ 1
| #define _ALL_SOURCE 1
| #define _GNU_SOURCE 1
| #define _POSIX_PTHREAD_SEMANTICS 1
| #define _TANDEM_SOURCE 1
| #define TARGET_ALIAS "mipsel-unknown-linux-gnu"
| #define TARGET_LINUX 1
| #define TARGET_PREFIX "L"
| #define IFCONFIG_PATH "/sbin/ifconfig"
| #define IPROUTE_PATH "/usr/sbin/ip"
| #define ROUTE_PATH "/sbin/route"
| #define SYSTEMD_ASK_PASSWORD_PATH ""
| #define HAVE_DLFCN_H 1
| #define LT_OBJDIR ".libs/"
| #define RETSIGTYPE void
| #define HAVE_CPP_VARARG_MACRO_ISO 1
| #define HAVE_CPP_VARARG_MACRO_GCC 1
| #define EMPTY_ARRAY_SIZE 0
| #define SIZEOF_UNSIGNED_INT 4
| #define SIZEOF_UNSIGNED_LONG 4
| #define HAVE_STDIO_H 1
| #define HAVE_STDARG_H 1
| #define HAVE_LIMITS_H 1
| #define HAVE_TIME_H 1
| #define HAVE_ERRNO_H 1
| #define HAVE_FCNTL_H 1
| #define HAVE_CTYPE_H 1
| #define HAVE_SYS_TYPES_H 1
| #define HAVE_SYS_SOCKET_H 1
| #define HAVE_SIGNAL_H 1
| #define HAVE_UNISTD_H 1
| #define HAVE_DLFCN_H 1
| #define HAVE_NETINET_IN_H 1
| #define HAVE_NETINET_IN_SYSTM_H 1
| #define HAVE_NETINET_TCP_H 1
| #define HAVE_ARPA_INET_H 1
| #define HAVE_NETDB_H 1
| #define HAVE_SYS_TIME_H 1
| #define HAVE_SYS_IOCTL_H 1
| #define HAVE_SYS_STAT_H 1
| #define HAVE_SYS_MMAN_H 1
| #define HAVE_SYS_FILE_H 1
| #define HAVE_SYS_WAIT_H 1
| #define HAVE_UNISTD_H 1
| #define HAVE_SIGNAL_H 1
| #define HAVE_LIBGEN_H 1
| #define HAVE_STROPTS_H 1
| #define HAVE_SYSLOG_H 1
| #define HAVE_PWD_H 1
| #define HAVE_GRP_H 1
| #define HAVE_SYS_UIO_H 1
| #define HAVE_LINUX_SOCKIOS_H 1
| #define HAVE_LINUX_TYPES_H 1
| #define HAVE_LINUX_ERRQUEUE_H 1
| #define HAVE_SYS_POLL_H 1
| #define HAVE_SYS_EPOLL_H 1
| #define HAVE_ERR_H 1
| #define HAVE_NET_IF_H 1
| #define HAVE_NETINET_IP_H 1
| #define HAVE_RESOLV_H 1
| #define HAVE_SYS_UN_H 1
| #define HAVE_IN_ADDR_T 1
| #define HAVE_IN_PORT_T 1
| #define HAVE_IPHDR 1
| #define HAVE_MSGHDR 1
| #define HAVE_CMSGHDR 1
| #define HAVE_IN_PKTINFO 1
| #define HAVE_SA_FAMILY_T 1
| #define HAVE_IPI_SPEC_DST 1
| #define HAVE_DECL_SO_MARK 1
| #define HAVE_ANONYMOUS_UNION_SUPPORT /**/
| #define HAVE_DECL_SIGHUP 1
| #define HAVE_DECL_SIGINT 1
| #define HAVE_DECL_SIGUSR1 1
| #define HAVE_DECL_SIGUSR2 1
| #define HAVE_DECL_SIGTERM 1
| #define HAVE_FORK 1
| #define HAVE_VFORK 1
| #define HAVE_WORKING_VFORK 1
| #define HAVE_WORKING_FORK 1
| #define HAVE_DAEMON 1
| #define HAVE_CHROOT 1
| #define HAVE_GETPWNAM 1
| #define HAVE_SETUID 1
| #define HAVE_NICE 1
| #define HAVE_SYSTEM 1
| #define HAVE_GETPID 1
| #define HAVE_DUP 1
| #define HAVE_DUP2 1
| #define HAVE_GETPASS 1
| #define HAVE_SYSLOG 1
| #define HAVE_OPENLOG 1
| #define HAVE_MLOCKALL 1
| #define HAVE_GETGRNAM 1
| #define HAVE_SETGID 1
| #define HAVE_SETGROUPS 1
| #define HAVE_STAT 1
| #define HAVE_FLOCK 1
| #define HAVE_READV 1
| #define HAVE_WRITEV 1
| #define HAVE_TIME 1
| #define HAVE_GETTIMEOFDAY 1
| #define HAVE_CTIME 1
| #define HAVE_MEMSET 1
| #define HAVE_VSNPRINTF 1
| #define HAVE_STRDUP 1
| #define HAVE_SETSID 1
| #define HAVE_CHDIR 1
| #define HAVE_PUTENV 1
| #define HAVE_GETPEERNAME 1
| #define HAVE_UNLINK 1
| #define HAVE_FTRUNCATE 1
| #define HAVE_EXECVE 1
| #define HAVE_UMASK 1
| #define HAVE_BASENAME 1
| #define HAVE_DIRNAME 1
| #define HAVE_ACCESS 1
| #define HAVE_EPOLL_CREATE 1
| #define HAVE_SENDMSG 1
| #define HAVE_RECVMSG 1
| #define HAVE_INET_NTOP 1
| #define HAVE_INET_PTON 1
| #define HAVE_SOCKET 1
| #define HAVE_RECV 1
| #define HAVE_RECVFROM 1
| #define HAVE_SEND 1
| #define HAVE_SENDTO 1
| #define HAVE_LISTEN 1
| #define HAVE_ACCEPT 1
| #define HAVE_CONNECT 1
| #define HAVE_BIND 1
| #define HAVE_SELECT 1
| #define HAVE_GETHOSTBYNAME 1
| #define HAVE_INET_NTOA 1
| #define HAVE_SETSOCKOPT 1
| #define HAVE_GETSOCKOPT 1
| #define HAVE_GETSOCKNAME 1
| #define HAVE_POLL 1
| #define HAVE_LINUX_IF_TUN_H 1
| /* end confdefs.h.  */
| #include <stdio.h>
| #ifdef HAVE_SYS_TYPES_H
| # include <sys/types.h>
| #endif
| #ifdef HAVE_SYS_STAT_H
| # include <sys/stat.h>
| #endif
| #ifdef STDC_HEADERS
| # include <stdlib.h>
| # include <stddef.h>
| #else
| # ifdef HAVE_STDLIB_H
| #  include <stdlib.h>
| # endif
| #endif
| #ifdef HAVE_STRING_H
| # if !defined STDC_HEADERS && defined HAVE_MEMORY_H
| #  include <memory.h>
| # endif
| # include <string.h>
| #endif
| #ifdef HAVE_STRINGS_H
| # include <strings.h>
| #endif
| #ifdef HAVE_INTTYPES_H
| # include <inttypes.h>
| #endif
| #ifdef HAVE_STDINT_H
| # include <stdint.h>
| #endif
| #ifdef HAVE_UNISTD_H
| # include <unistd.h>
| #endif
| #include <tap-windows.h>
configure:16149: result: no
configure:16149: checking tap-windows.h presence
configure:16149: /opt/lede-toolchain-ramips-mt7621_gcc-5.4.0_musl-1.1.24.Linux-x86_64/toolchain-mipsel_24kc_gcc-5.4.0_musl-1.1.24/bin/mipsel-openwrt-linux-musl-gcc -E  conftest.c
conftest.c:164:25: fatal error: tap-windows.h: No such file or directory
compilation terminated.
configure:16149: $? = 1
configure: failed program was:
| /* confdefs.h */
| #define PACKAGE_NAME "OpenVPN"
| #define PACKAGE_TARNAME "openvpn"
| #define PACKAGE_VERSION "2.4.12"
| #define PACKAGE_STRING "OpenVPN 2.4.12"
| #define PACKAGE_BUGREPORT "openvpn-users@lists.sourceforge.net"
| #define PACKAGE_URL ""
| #define OPENVPN_VERSION_RESOURCE 2,4,12,0
| #define OPENVPN_VERSION_MAJOR 2
| #define OPENVPN_VERSION_MINOR 4
| #define OPENVPN_VERSION_PATCH ".12"
| #define PACKAGE "openvpn"
| #define VERSION "2.4.12"
| #define STDC_HEADERS 1
| #define HAVE_SYS_TYPES_H 1
| #define HAVE_SYS_STAT_H 1
| #define HAVE_STDLIB_H 1
| #define HAVE_STRING_H 1
| #define HAVE_MEMORY_H 1
| #define HAVE_STRINGS_H 1
| #define HAVE_INTTYPES_H 1
| #define HAVE_STDINT_H 1
| #define HAVE_UNISTD_H 1
| #define __EXTENSIONS__ 1
| #define _ALL_SOURCE 1
| #define _GNU_SOURCE 1
| #define _POSIX_PTHREAD_SEMANTICS 1
| #define _TANDEM_SOURCE 1
| #define TARGET_ALIAS "mipsel-unknown-linux-gnu"
| #define TARGET_LINUX 1
| #define TARGET_PREFIX "L"
| #define IFCONFIG_PATH "/sbin/ifconfig"
| #define IPROUTE_PATH "/usr/sbin/ip"
| #define ROUTE_PATH "/sbin/route"
| #define SYSTEMD_ASK_PASSWORD_PATH ""
| #define HAVE_DLFCN_H 1
| #define LT_OBJDIR ".libs/"
| #define RETSIGTYPE void
| #define HAVE_CPP_VARARG_MACRO_ISO 1
| #define HAVE_CPP_VARARG_MACRO_GCC 1
| #define EMPTY_ARRAY_SIZE 0
| #define SIZEOF_UNSIGNED_INT 4
| #define SIZEOF_UNSIGNED_LONG 4
| #define HAVE_STDIO_H 1
| #define HAVE_STDARG_H 1
| #define HAVE_LIMITS_H 1
| #define HAVE_TIME_H 1
| #define HAVE_ERRNO_H 1
| #define HAVE_FCNTL_H 1
| #define HAVE_CTYPE_H 1
| #define HAVE_SYS_TYPES_H 1
| #define HAVE_SYS_SOCKET_H 1
| #define HAVE_SIGNAL_H 1
| #define HAVE_UNISTD_H 1
| #define HAVE_DLFCN_H 1
| #define HAVE_NETINET_IN_H 1
| #define HAVE_NETINET_IN_SYSTM_H 1
| #define HAVE_NETINET_TCP_H 1
| #define HAVE_ARPA_INET_H 1
| #define HAVE_NETDB_H 1
| #define HAVE_SYS_TIME_H 1
| #define HAVE_SYS_IOCTL_H 1
| #define HAVE_SYS_STAT_H 1
| #define HAVE_SYS_MMAN_H 1
| #define HAVE_SYS_FILE_H 1
| #define HAVE_SYS_WAIT_H 1
| #define HAVE_UNISTD_H 1
| #define HAVE_SIGNAL_H 1
| #define HAVE_LIBGEN_H 1
| #define HAVE_STROPTS_H 1
| #define HAVE_SYSLOG_H 1
| #define HAVE_PWD_H 1
| #define HAVE_GRP_H 1
| #define HAVE_SYS_UIO_H 1
| #define HAVE_LINUX_SOCKIOS_H 1
| #define HAVE_LINUX_TYPES_H 1
| #define HAVE_LINUX_ERRQUEUE_H 1
| #define HAVE_SYS_POLL_H 1
| #define HAVE_SYS_EPOLL_H 1
| #define HAVE_ERR_H 1
| #define HAVE_NET_IF_H 1
| #define HAVE_NETINET_IP_H 1
| #define HAVE_RESOLV_H 1
| #define HAVE_SYS_UN_H 1
| #define HAVE_IN_ADDR_T 1
| #define HAVE_IN_PORT_T 1
| #define HAVE_IPHDR 1
| #define HAVE_MSGHDR 1
| #define HAVE_CMSGHDR 1
| #define HAVE_IN_PKTINFO 1
| #define HAVE_SA_FAMILY_T 1
| #define HAVE_IPI_SPEC_DST 1
| #define HAVE_DECL_SO_MARK 1
| #define HAVE_ANONYMOUS_UNION_SUPPORT /**/
| #define HAVE_DECL_SIGHUP 1
| #define HAVE_DECL_SIGINT 1
| #define HAVE_DECL_SIGUSR1 1
| #define HAVE_DECL_SIGUSR2 1
| #define HAVE_DECL_SIGTERM 1
| #define HAVE_FORK 1
| #define HAVE_VFORK 1
| #define HAVE_WORKING_VFORK 1
| #define HAVE_WORKING_FORK 1
| #define HAVE_DAEMON 1
| #define HAVE_CHROOT 1
| #define HAVE_GETPWNAM 1
| #define HAVE_SETUID 1
| #define HAVE_NICE 1
| #define HAVE_SYSTEM 1
| #define HAVE_GETPID 1
| #define HAVE_DUP 1
| #define HAVE_DUP2 1
| #define HAVE_GETPASS 1
| #define HAVE_SYSLOG 1
| #define HAVE_OPENLOG 1
| #define HAVE_MLOCKALL 1
| #define HAVE_GETGRNAM 1
| #define HAVE_SETGID 1
| #define HAVE_SETGROUPS 1
| #define HAVE_STAT 1
| #define HAVE_FLOCK 1
| #define HAVE_READV 1
| #define HAVE_WRITEV 1
| #define HAVE_TIME 1
| #define HAVE_GETTIMEOFDAY 1
| #define HAVE_CTIME 1
| #define HAVE_MEMSET 1
| #define HAVE_VSNPRINTF 1
| #define HAVE_STRDUP 1
| #define HAVE_SETSID 1
| #define HAVE_CHDIR 1
| #define HAVE_PUTENV 1
| #define HAVE_GETPEERNAME 1
| #define HAVE_UNLINK 1
| #define HAVE_FTRUNCATE 1
| #define HAVE_EXECVE 1
| #define HAVE_UMASK 1
| #define HAVE_BASENAME 1
| #define HAVE_DIRNAME 1
| #define HAVE_ACCESS 1
| #define HAVE_EPOLL_CREATE 1
| #define HAVE_SENDMSG 1
| #define HAVE_RECVMSG 1
| #define HAVE_INET_NTOP 1
| #define HAVE_INET_PTON 1
| #define HAVE_SOCKET 1
| #define HAVE_RECV 1
| #define HAVE_RECVFROM 1
| #define HAVE_SEND 1
| #define HAVE_SENDTO 1
| #define HAVE_LISTEN 1
| #define HAVE_ACCEPT 1
| #define HAVE_CONNECT 1
| #define HAVE_BIND 1
| #define HAVE_SELECT 1
| #define HAVE_GETHOSTBYNAME 1
| #define HAVE_INET_NTOA 1
| #define HAVE_SETSOCKOPT 1
| #define HAVE_GETSOCKOPT 1
| #define HAVE_GETSOCKNAME 1
| #define HAVE_POLL 1
| #define HAVE_LINUX_IF_TUN_H 1
| /* end confdefs.h.  */
| #include <tap-windows.h>
configure:16149: result: no
configure:16149: checking for tap-windows.h
configure:16149: result: no
configure:16160: checking whether TUNSETPERSIST is declared
configure:16160: /opt/lede-toolchain-ramips-mt7621_gcc-5.4.0_musl-1.1.24.Linux-x86_64/toolchain-mipsel_24kc_gcc-5.4.0_musl-1.1.24/bin/mipsel-openwrt-linux-musl-gcc -c -Os -Wall -DLINUX26 -DCONFIG_RALINK -DMUSL_LIBC -DDEBUG_NOISY -DDEBUG_RCTEST -D_GNU_SOURCE -D__UAPI_DEF_ETHHDR -DRALINK_DBDC_MODE -pipe -funit-at-a-time -Wno-pointer-sign -mtune=mips32 -mips32 -DLINUX_KERNEL_VERSION=263366 --sysroot=/opt/lede-toolchain-ramips-mt7621_gcc-5.4.0_musl-1.1.24.Linux-x86_64/toolchain-mipsel_24kc_gcc-5.4.0_musl-1.1.24  -ffunction-sections -fdata-sections -std=gnu99 		-DASUSWRT   conftest.c >&5
configure:16160: $? = 0
configure:16160: result: yes
configure:16185: checking for setcon in -lselinux
configure:16210: /opt/lede-toolchain-ramips-mt7621_gcc-5.4.0_musl-1.1.24.Linux-x86_64/toolchain-mipsel_24kc_gcc-5.4.0_musl-1.1.24/bin/mipsel-openwrt-linux-musl-gcc -o conftest -Os -Wall -DLINUX26 -DCONFIG_RALINK -DMUSL_LIBC -DDEBUG_NOISY -DDEBUG_RCTEST -D_GNU_SOURCE -D__UAPI_DEF_ETHHDR -DRALINK_DBDC_MODE -pipe -funit-at-a-time -Wno-pointer-sign -mtune=mips32 -mips32 -DLINUX_KERNEL_VERSION=263366 --sysroot=/opt/lede-toolchain-ramips-mt7621_gcc-5.4.0_musl-1.1.24.Linux-x86_64/toolchain-mipsel_24kc_gcc-5.4.0_musl-1.1.24  -ffunction-sections -fdata-sections -std=gnu99 		-DASUSWRT  --sysroot=/opt/lede-toolchain-ramips-mt7621_gcc-5.4.0_musl-1.1.24.Linux-x86_64/toolchain-mipsel_24kc_gcc-5.4.0_musl-1.1.24 -ffunction-sections -fdata-sections 		-Wl,--gc-sections 		-lpthread -ldl 		-L/repo/Pass_GPL/asuswrt/release/src-ra-openwrt-4210/router/zlib -lz conftest.c -lselinux   >&5
/opt/lede-toolchain-ramips-mt7621_gcc-5.4.0_musl-1.1.24.Linux-x86_64/toolchain-mipsel_24kc_gcc-5.4.0_musl-1.1.24/bin/../lib/gcc/mipsel-openwrt-linux-musl/5.4.0/../../../../mipsel-openwrt-linux-musl/bin/ld: cannot find -lselinux
collect2: error: ld returned 1 exit status
configure:16210: $? = 1
configure: failed program was:
| /* confdefs.h */
| #define PACKAGE_NAME "OpenVPN"
| #define PACKAGE_TARNAME "openvpn"
| #define PACKAGE_VERSION "2.4.12"
| #define PACKAGE_STRING "OpenVPN 2.4.12"
| #define PACKAGE_BUGREPORT "openvpn-users@lists.sourceforge.net"
| #define PACKAGE_URL ""
| #define OPENVPN_VERSION_RESOURCE 2,4,12,0
| #define OPENVPN_VERSION_MAJOR 2
| #define OPENVPN_VERSION_MINOR 4
| #define OPENVPN_VERSION_PATCH ".12"
| #define PACKAGE "openvpn"
| #define VERSION "2.4.12"
| #define STDC_HEADERS 1
| #define HAVE_SYS_TYPES_H 1
| #define HAVE_SYS_STAT_H 1
| #define HAVE_STDLIB_H 1
| #define HAVE_STRING_H 1
| #define HAVE_MEMORY_H 1
| #define HAVE_STRINGS_H 1
| #define HAVE_INTTYPES_H 1
| #define HAVE_STDINT_H 1
| #define HAVE_UNISTD_H 1
| #define __EXTENSIONS__ 1
| #define _ALL_SOURCE 1
| #define _GNU_SOURCE 1
| #define _POSIX_PTHREAD_SEMANTICS 1
| #define _TANDEM_SOURCE 1
| #define TARGET_ALIAS "mipsel-unknown-linux-gnu"
| #define TARGET_LINUX 1
| #define TARGET_PREFIX "L"
| #define IFCONFIG_PATH "/sbin/ifconfig"
| #define IPROUTE_PATH "/usr/sbin/ip"
| #define ROUTE_PATH "/sbin/route"
| #define SYSTEMD_ASK_PASSWORD_PATH ""
| #define HAVE_DLFCN_H 1
| #define LT_OBJDIR ".libs/"
| #define RETSIGTYPE void
| #define HAVE_CPP_VARARG_MACRO_ISO 1
| #define HAVE_CPP_VARARG_MACRO_GCC 1
| #define EMPTY_ARRAY_SIZE 0
| #define SIZEOF_UNSIGNED_INT 4
| #define SIZEOF_UNSIGNED_LONG 4
| #define HAVE_STDIO_H 1
| #define HAVE_STDARG_H 1
| #define HAVE_LIMITS_H 1
| #define HAVE_TIME_H 1
| #define HAVE_ERRNO_H 1
| #define HAVE_FCNTL_H 1
| #define HAVE_CTYPE_H 1
| #define HAVE_SYS_TYPES_H 1
| #define HAVE_SYS_SOCKET_H 1
| #define HAVE_SIGNAL_H 1
| #define HAVE_UNISTD_H 1
| #define HAVE_DLFCN_H 1
| #define HAVE_NETINET_IN_H 1
| #define HAVE_NETINET_IN_SYSTM_H 1
| #define HAVE_NETINET_TCP_H 1
| #define HAVE_ARPA_INET_H 1
| #define HAVE_NETDB_H 1
| #define HAVE_SYS_TIME_H 1
| #define HAVE_SYS_IOCTL_H 1
| #define HAVE_SYS_STAT_H 1
| #define HAVE_SYS_MMAN_H 1
| #define HAVE_SYS_FILE_H 1
| #define HAVE_SYS_WAIT_H 1
| #define HAVE_UNISTD_H 1
| #define HAVE_SIGNAL_H 1
| #define HAVE_LIBGEN_H 1
| #define HAVE_STROPTS_H 1
| #define HAVE_SYSLOG_H 1
| #define HAVE_PWD_H 1
| #define HAVE_GRP_H 1
| #define HAVE_SYS_UIO_H 1
| #define HAVE_LINUX_SOCKIOS_H 1
| #define HAVE_LINUX_TYPES_H 1
| #define HAVE_LINUX_ERRQUEUE_H 1
| #define HAVE_SYS_POLL_H 1
| #define HAVE_SYS_EPOLL_H 1
| #define HAVE_ERR_H 1
| #define HAVE_NET_IF_H 1
| #define HAVE_NETINET_IP_H 1
| #define HAVE_RESOLV_H 1
| #define HAVE_SYS_UN_H 1
| #define HAVE_IN_ADDR_T 1
| #define HAVE_IN_PORT_T 1
| #define HAVE_IPHDR 1
| #define HAVE_MSGHDR 1
| #define HAVE_CMSGHDR 1
| #define HAVE_IN_PKTINFO 1
| #define HAVE_SA_FAMILY_T 1
| #define HAVE_IPI_SPEC_DST 1
| #define HAVE_DECL_SO_MARK 1
| #define HAVE_ANONYMOUS_UNION_SUPPORT /**/
| #define HAVE_DECL_SIGHUP 1
| #define HAVE_DECL_SIGINT 1
| #define HAVE_DECL_SIGUSR1 1
| #define HAVE_DECL_SIGUSR2 1
| #define HAVE_DECL_SIGTERM 1
| #define HAVE_FORK 1
| #define HAVE_VFORK 1
| #define HAVE_WORKING_VFORK 1
| #define HAVE_WORKING_FORK 1
| #define HAVE_DAEMON 1
| #define HAVE_CHROOT 1
| #define HAVE_GETPWNAM 1
| #define HAVE_SETUID 1
| #define HAVE_NICE 1
| #define HAVE_SYSTEM 1
| #define HAVE_GETPID 1
| #define HAVE_DUP 1
| #define HAVE_DUP2 1
| #define HAVE_GETPASS 1
| #define HAVE_SYSLOG 1
| #define HAVE_OPENLOG 1
| #define HAVE_MLOCKALL 1
| #define HAVE_GETGRNAM 1
| #define HAVE_SETGID 1
| #define HAVE_SETGROUPS 1
| #define HAVE_STAT 1
| #define HAVE_FLOCK 1
| #define HAVE_READV 1
| #define HAVE_WRITEV 1
| #define HAVE_TIME 1
| #define HAVE_GETTIMEOFDAY 1
| #define HAVE_CTIME 1
| #define HAVE_MEMSET 1
| #define HAVE_VSNPRINTF 1
| #define HAVE_STRDUP 1
| #define HAVE_SETSID 1
| #define HAVE_CHDIR 1
| #define HAVE_PUTENV 1
| #define HAVE_GETPEERNAME 1
| #define HAVE_UNLINK 1
| #define HAVE_FTRUNCATE 1
| #define HAVE_EXECVE 1
| #define HAVE_UMASK 1
| #define HAVE_BASENAME 1
| #define HAVE_DIRNAME 1
| #define HAVE_ACCESS 1
| #define HAVE_EPOLL_CREATE 1
| #define HAVE_SENDMSG 1
| #define HAVE_RECVMSG 1
| #define HAVE_INET_NTOP 1
| #define HAVE_INET_PTON 1
| #define HAVE_SOCKET 1
| #define HAVE_RECV 1
| #define HAVE_RECVFROM 1
| #define HAVE_SEND 1
| #define HAVE_SENDTO 1
| #define HAVE_LISTEN 1
| #define HAVE_ACCEPT 1
| #define HAVE_CONNECT 1
| #define HAVE_BIND 1
| #define HAVE_SELECT 1
| #define HAVE_GETHOSTBYNAME 1
| #define HAVE_INET_NTOA 1
| #define HAVE_SETSOCKOPT 1
| #define HAVE_GETSOCKOPT 1
| #define HAVE_GETSOCKNAME 1
| #define HAVE_POLL 1
| #define HAVE_LINUX_IF_TUN_H 1
| #define HAVE_DECL_TUNSETPERSIST 1
| #define ENABLE_FEATURE_TUN_PERSIST 1
| /* end confdefs.h.  */
| 
| /* Override any GCC internal prototype to avoid an error.
|    Use char because int might match the return type of a GCC
|    builtin and then its argument prototype would still apply.  */
| #ifdef __cplusplus
| extern "C"
| #endif
| char setcon ();
| int
| main ()
| {
| return setcon ();
|   ;
|   return 0;
| }
configure:16219: result: no
configure:16416: checking for PKCS11_HELPER
configure:16423: $PKG_CONFIG --exists --print-errors "libpkcs11-helper-1 >= 1.11"
Package libpkcs11-helper-1 was not found in the pkg-config search path.
Perhaps you should add the directory containing `libpkcs11-helper-1.pc'
to the PKG_CONFIG_PATH environment variable
No package 'libpkcs11-helper-1' found
configure:16426: $? = 1
configure:16440: $PKG_CONFIG --exists --print-errors "libpkcs11-helper-1 >= 1.11"
Package libpkcs11-helper-1 was not found in the pkg-config search path.
Perhaps you should add the directory containing `libpkcs11-helper-1.pc'
to the PKG_CONFIG_PATH environment variable
No package 'libpkcs11-helper-1' found
configure:16443: $? = 1
configure:16457: result: no
No package 'libpkcs11-helper-1' found
configure:16579: checking for SSL_CTX_new
configure:16579: /opt/lede-toolchain-ramips-mt7621_gcc-5.4.0_musl-1.1.24.Linux-x86_64/toolchain-mipsel_24kc_gcc-5.4.0_musl-1.1.24/bin/mipsel-openwrt-linux-musl-gcc -o conftest -Os -Wall -DLINUX26 -DCONFIG_RALINK -DMUSL_LIBC -DDEBUG_NOISY -DDEBUG_RCTEST -D_GNU_SOURCE -D__UAPI_DEF_ETHHDR -DRALINK_DBDC_MODE -pipe -funit-at-a-time -Wno-pointer-sign -mtune=mips32 -mips32 -DLINUX_KERNEL_VERSION=263366 --sysroot=/opt/lede-toolchain-ramips-mt7621_gcc-5.4.0_musl-1.1.24.Linux-x86_64/toolchain-mipsel_24kc_gcc-5.4.0_musl-1.1.24  -ffunction-sections -fdata-sections -std=gnu99 		-DASUSWRT -I/repo/Pass_GPL/asuswrt/release/src-ra-openwrt-4210/router/openssl/include  --sysroot=/opt/lede-toolchain-ramips-mt7621_gcc-5.4.0_musl-1.1.24.Linux-x86_64/toolchain-mipsel_24kc_gcc-5.4.0_musl-1.1.24 -ffunction-sections -fdata-sections 		-Wl,--gc-sections 		-lpthread -ldl 		-L/repo/Pass_GPL/asuswrt/release/src-ra-openwrt-4210/router/zlib -lz conftest.c  -L/repo/Pass_GPL/asuswrt/release/src-ra-openwrt-4210/router/openssl/ -lssl -lcrypto >&5
configure:16579: $? = 0
configure:16579: result: yes
configure:16579: checking for EVP_CIPHER_CTX_set_key_length
configure:16579: /opt/lede-toolchain-ramips-mt7621_gcc-5.4.0_musl-1.1.24.Linux-x86_64/toolchain-mipsel_24kc_gcc-5.4.0_musl-1.1.24/bin/mipsel-openwrt-linux-musl-gcc -o conftest -Os -Wall -DLINUX26 -DCONFIG_RALINK -DMUSL_LIBC -DDEBUG_NOISY -DDEBUG_RCTEST -D_GNU_SOURCE -D__UAPI_DEF_ETHHDR -DRALINK_DBDC_MODE -pipe -funit-at-a-time -Wno-pointer-sign -mtune=mips32 -mips32 -DLINUX_KERNEL_VERSION=263366 --sysroot=/opt/lede-toolchain-ramips-mt7621_gcc-5.4.0_musl-1.1.24.Linux-x86_64/toolchain-mipsel_24kc_gcc-5.4.0_musl-1.1.24  -ffunction-sections -fdata-sections -std=gnu99 		-DASUSWRT -I/repo/Pass_GPL/asuswrt/release/src-ra-openwrt-4210/router/openssl/include  --sysroot=/opt/lede-toolchain-ramips-mt7621_gcc-5.4.0_musl-1.1.24.Linux-x86_64/toolchain-mipsel_24kc_gcc-5.4.0_musl-1.1.24 -ffunction-sections -fdata-sections 		-Wl,--gc-sections 		-lpthread -ldl 		-L/repo/Pass_GPL/asuswrt/release/src-ra-openwrt-4210/router/zlib -lz conftest.c  -L/repo/Pass_GPL/asuswrt/release/src-ra-openwrt-4210/router/openssl/ -lssl -lcrypto >&5
configure:16579: $? = 0
configure:16579: result: yes
configure:16600: checking for ENGINE_load_builtin_engines
configure:16600: /opt/lede-toolchain-ramips-mt7621_gcc-5.4.0_musl-1.1.24.Linux-x86_64/toolchain-mipsel_24kc_gcc-5.4.0_musl-1.1.24/bin/mipsel-openwrt-linux-musl-gcc -o conftest -Os -Wall -DLINUX26 -DCONFIG_RALINK -DMUSL_LIBC -DDEBUG_NOISY -DDEBUG_RCTEST -D_GNU_SOURCE -D__UAPI_DEF_ETHHDR -DRALINK_DBDC_MODE -pipe -funit-at-a-time -Wno-pointer-sign -mtune=mips32 -mips32 -DLINUX_KERNEL_VERSION=263366 --sysroot=/opt/lede-toolchain-ramips-mt7621_gcc-5.4.0_musl-1.1.24.Linux-x86_64/toolchain-mipsel_24kc_gcc-5.4.0_musl-1.1.24  -ffunction-sections -fdata-sections -std=gnu99 		-DASUSWRT -I/repo/Pass_GPL/asuswrt/release/src-ra-openwrt-4210/router/openssl/include  --sysroot=/opt/lede-toolchain-ramips-mt7621_gcc-5.4.0_musl-1.1.24.Linux-x86_64/toolchain-mipsel_24kc_gcc-5.4.0_musl-1.1.24 -ffunction-sections -fdata-sections 		-Wl,--gc-sections 		-lpthread -ldl 		-L/repo/Pass_GPL/asuswrt/release/src-ra-openwrt-4210/router/zlib -lz conftest.c  -L/repo/Pass_GPL/asuswrt/release/src-ra-openwrt-4210/router/openssl/ -lssl -lcrypto >&5
configure:16600: $? = 0
configure:16600: result: yes
configure:16600: checking for ENGINE_register_all_complete
configure:16600: /opt/lede-toolchain-ramips-mt7621_gcc-5.4.0_musl-1.1.24.Linux-x86_64/toolchain-mipsel_24kc_gcc-5.4.0_musl-1.1.24/bin/mipsel-openwrt-linux-musl-gcc -o conftest -Os -Wall -DLINUX26 -DCONFIG_RALINK -DMUSL_LIBC -DDEBUG_NOISY -DDEBUG_RCTEST -D_GNU_SOURCE -D__UAPI_DEF_ETHHDR -DRALINK_DBDC_MODE -pipe -funit-at-a-time -Wno-pointer-sign -mtune=mips32 -mips32 -DLINUX_KERNEL_VERSION=263366 --sysroot=/opt/lede-toolchain-ramips-mt7621_gcc-5.4.0_musl-1.1.24.Linux-x86_64/toolchain-mipsel_24kc_gcc-5.4.0_musl-1.1.24  -ffunction-sections -fdata-sections -std=gnu99 		-DASUSWRT -I/repo/Pass_GPL/asuswrt/release/src-ra-openwrt-4210/router/openssl/include  --sysroot=/opt/lede-toolchain-ramips-mt7621_gcc-5.4.0_musl-1.1.24.Linux-x86_64/toolchain-mipsel_24kc_gcc-5.4.0_musl-1.1.24 -ffunction-sections -fdata-sections 		-Wl,--gc-sections 		-lpthread -ldl 		-L/repo/Pass_GPL/asuswrt/release/src-ra-openwrt-4210/router/zlib -lz conftest.c  -L/repo/Pass_GPL/asuswrt/release/src-ra-openwrt-4210/router/openssl/ -lssl -lcrypto >&5
configure:16600: $? = 0
configure:16600: result: yes
configure:16600: checking for ENGINE_cleanup
configure:16600: /opt/lede-toolchain-ramips-mt7621_gcc-5.4.0_musl-1.1.24.Linux-x86_64/toolchain-mipsel_24kc_gcc-5.4.0_musl-1.1.24/bin/mipsel-openwrt-linux-musl-gcc -o conftest -Os -Wall -DLINUX26 -DCONFIG_RALINK -DMUSL_LIBC -DDEBUG_NOISY -DDEBUG_RCTEST -D_GNU_SOURCE -D__UAPI_DEF_ETHHDR -DRALINK_DBDC_MODE -pipe -funit-at-a-time -Wno-pointer-sign -mtune=mips32 -mips32 -DLINUX_KERNEL_VERSION=263366 --sysroot=/opt/lede-toolchain-ramips-mt7621_gcc-5.4.0_musl-1.1.24.Linux-x86_64/toolchain-mipsel_24kc_gcc-5.4.0_musl-1.1.24  -ffunction-sections -fdata-sections -std=gnu99 		-DASUSWRT -I/repo/Pass_GPL/asuswrt/release/src-ra-openwrt-4210/router/openssl/include  --sysroot=/opt/lede-toolchain-ramips-mt7621_gcc-5.4.0_musl-1.1.24.Linux-x86_64/toolchain-mipsel_24kc_gcc-5.4.0_musl-1.1.24 -ffunction-sections -fdata-sections 		-Wl,--gc-sections 		-lpthread -ldl 		-L/repo/Pass_GPL/asuswrt/release/src-ra-openwrt-4210/router/zlib -lz conftest.c  -L/repo/Pass_GPL/asuswrt/release/src-ra-openwrt-4210/router/openssl/ -lssl -lcrypto >&5
/tmp/ccrJ0kkc.o: In function `main':
conftest.c:(.text.startup.main+0x8): undefined reference to `ENGINE_cleanup'
collect2: error: ld returned 1 exit status
configure:16600: $? = 1
configure: failed program was:
| /* confdefs.h */
| #define PACKAGE_NAME "OpenVPN"
| #define PACKAGE_TARNAME "openvpn"
| #define PACKAGE_VERSION "2.4.12"
| #define PACKAGE_STRING "OpenVPN 2.4.12"
| #define PACKAGE_BUGREPORT "openvpn-users@lists.sourceforge.net"
| #define PACKAGE_URL ""
| #define OPENVPN_VERSION_RESOURCE 2,4,12,0
| #define OPENVPN_VERSION_MAJOR 2
| #define OPENVPN_VERSION_MINOR 4
| #define OPENVPN_VERSION_PATCH ".12"
| #define PACKAGE "openvpn"
| #define VERSION "2.4.12"
| #define STDC_HEADERS 1
| #define HAVE_SYS_TYPES_H 1
| #define HAVE_SYS_STAT_H 1
| #define HAVE_STDLIB_H 1
| #define HAVE_STRING_H 1
| #define HAVE_MEMORY_H 1
| #define HAVE_STRINGS_H 1
| #define HAVE_INTTYPES_H 1
| #define HAVE_STDINT_H 1
| #define HAVE_UNISTD_H 1
| #define __EXTENSIONS__ 1
| #define _ALL_SOURCE 1
| #define _GNU_SOURCE 1
| #define _POSIX_PTHREAD_SEMANTICS 1
| #define _TANDEM_SOURCE 1
| #define TARGET_ALIAS "mipsel-unknown-linux-gnu"
| #define TARGET_LINUX 1
| #define TARGET_PREFIX "L"
| #define IFCONFIG_PATH "/sbin/ifconfig"
| #define IPROUTE_PATH "/usr/sbin/ip"
| #define ROUTE_PATH "/sbin/route"
| #define SYSTEMD_ASK_PASSWORD_PATH ""
| #define HAVE_DLFCN_H 1
| #define LT_OBJDIR ".libs/"
| #define RETSIGTYPE void
| #define HAVE_CPP_VARARG_MACRO_ISO 1
| #define HAVE_CPP_VARARG_MACRO_GCC 1
| #define EMPTY_ARRAY_SIZE 0
| #define SIZEOF_UNSIGNED_INT 4
| #define SIZEOF_UNSIGNED_LONG 4
| #define HAVE_STDIO_H 1
| #define HAVE_STDARG_H 1
| #define HAVE_LIMITS_H 1
| #define HAVE_TIME_H 1
| #define HAVE_ERRNO_H 1
| #define HAVE_FCNTL_H 1
| #define HAVE_CTYPE_H 1
| #define HAVE_SYS_TYPES_H 1
| #define HAVE_SYS_SOCKET_H 1
| #define HAVE_SIGNAL_H 1
| #define HAVE_UNISTD_H 1
| #define HAVE_DLFCN_H 1
| #define HAVE_NETINET_IN_H 1
| #define HAVE_NETINET_IN_SYSTM_H 1
| #define HAVE_NETINET_TCP_H 1
| #define HAVE_ARPA_INET_H 1
| #define HAVE_NETDB_H 1
| #define HAVE_SYS_TIME_H 1
| #define HAVE_SYS_IOCTL_H 1
| #define HAVE_SYS_STAT_H 1
| #define HAVE_SYS_MMAN_H 1
| #define HAVE_SYS_FILE_H 1
| #define HAVE_SYS_WAIT_H 1
| #define HAVE_UNISTD_H 1
| #define HAVE_SIGNAL_H 1
| #define HAVE_LIBGEN_H 1
| #define HAVE_STROPTS_H 1
| #define HAVE_SYSLOG_H 1
| #define HAVE_PWD_H 1
| #define HAVE_GRP_H 1
| #define HAVE_SYS_UIO_H 1
| #define HAVE_LINUX_SOCKIOS_H 1
| #define HAVE_LINUX_TYPES_H 1
| #define HAVE_LINUX_ERRQUEUE_H 1
| #define HAVE_SYS_POLL_H 1
| #define HAVE_SYS_EPOLL_H 1
| #define HAVE_ERR_H 1
| #define HAVE_NET_IF_H 1
| #define HAVE_NETINET_IP_H 1
| #define HAVE_RESOLV_H 1
| #define HAVE_SYS_UN_H 1
| #define HAVE_IN_ADDR_T 1
| #define HAVE_IN_PORT_T 1
| #define HAVE_IPHDR 1
| #define HAVE_MSGHDR 1
| #define HAVE_CMSGHDR 1
| #define HAVE_IN_PKTINFO 1
| #define HAVE_SA_FAMILY_T 1
| #define HAVE_IPI_SPEC_DST 1
| #define HAVE_DECL_SO_MARK 1
| #define HAVE_ANONYMOUS_UNION_SUPPORT /**/
| #define HAVE_DECL_SIGHUP 1
| #define HAVE_DECL_SIGINT 1
| #define HAVE_DECL_SIGUSR1 1
| #define HAVE_DECL_SIGUSR2 1
| #define HAVE_DECL_SIGTERM 1
| #define HAVE_FORK 1
| #define HAVE_VFORK 1
| #define HAVE_WORKING_VFORK 1
| #define HAVE_WORKING_FORK 1
| #define HAVE_DAEMON 1
| #define HAVE_CHROOT 1
| #define HAVE_GETPWNAM 1
| #define HAVE_SETUID 1
| #define HAVE_NICE 1
| #define HAVE_SYSTEM 1
| #define HAVE_GETPID 1
| #define HAVE_DUP 1
| #define HAVE_DUP2 1
| #define HAVE_GETPASS 1
| #define HAVE_SYSLOG 1
| #define HAVE_OPENLOG 1
| #define HAVE_MLOCKALL 1
| #define HAVE_GETGRNAM 1
| #define HAVE_SETGID 1
| #define HAVE_SETGROUPS 1
| #define HAVE_STAT 1
| #define HAVE_FLOCK 1
| #define HAVE_READV 1
| #define HAVE_WRITEV 1
| #define HAVE_TIME 1
| #define HAVE_GETTIMEOFDAY 1
| #define HAVE_CTIME 1
| #define HAVE_MEMSET 1
| #define HAVE_VSNPRINTF 1
| #define HAVE_STRDUP 1
| #define HAVE_SETSID 1
| #define HAVE_CHDIR 1
| #define HAVE_PUTENV 1
| #define HAVE_GETPEERNAME 1
| #define HAVE_UNLINK 1
| #define HAVE_FTRUNCATE 1
| #define HAVE_EXECVE 1
| #define HAVE_UMASK 1
| #define HAVE_BASENAME 1
| #define HAVE_DIRNAME 1
| #define HAVE_ACCESS 1
| #define HAVE_EPOLL_CREATE 1
| #define HAVE_SENDMSG 1
| #define HAVE_RECVMSG 1
| #define HAVE_INET_NTOP 1
| #define HAVE_INET_PTON 1
| #define HAVE_SOCKET 1
| #define HAVE_RECV 1
| #define HAVE_RECVFROM 1
| #define HAVE_SEND 1
| #define HAVE_SENDTO 1
| #define HAVE_LISTEN 1
| #define HAVE_ACCEPT 1
| #define HAVE_CONNECT 1
| #define HAVE_BIND 1
| #define HAVE_SELECT 1
| #define HAVE_GETHOSTBYNAME 1
| #define HAVE_INET_NTOA 1
| #define HAVE_SETSOCKOPT 1
| #define HAVE_GETSOCKOPT 1
| #define HAVE_GETSOCKNAME 1
| #define HAVE_POLL 1
| #define HAVE_LINUX_IF_TUN_H 1
| #define HAVE_DECL_TUNSETPERSIST 1
| #define ENABLE_FEATURE_TUN_PERSIST 1
| #define HAVE_SSL_CTX_NEW 1
| #define HAVE_EVP_CIPHER_CTX_SET_KEY_LENGTH 1
| #define HAVE_ENGINE_LOAD_BUILTIN_ENGINES 1
| #define HAVE_ENGINE_REGISTER_ALL_COMPLETE 1
| /* end confdefs.h.  */
| /* Define ENGINE_cleanup to an innocuous variant, in case <limits.h> declares ENGINE_cleanup.
|    For example, HP-UX 11i <limits.h> declares gettimeofday.  */
| #define ENGINE_cleanup innocuous_ENGINE_cleanup
| 
| /* System header to define __stub macros and hopefully few prototypes,
|     which can conflict with char ENGINE_cleanup (); below.
|     Prefer <limits.h> to <assert.h> if __STDC__ is defined, since
|     <limits.h> exists even on freestanding compilers.  */
| 
| #ifdef __STDC__
| # include <limits.h>
| #else
| # include <assert.h>
| #endif
| 
| #undef ENGINE_cleanup
| 
| /* Override any GCC internal prototype to avoid an error.
|    Use char because int might match the return type of a GCC
|    builtin and then its argument prototype would still apply.  */
| #ifdef __cplusplus
| extern "C"
| #endif
| char ENGINE_cleanup ();
| /* The GNU C library defines this for functions which it implements
|     to always fail with ENOSYS.  Some functions are actually named
|     something starting with __ and the normal name is an alias.  */
| #if defined __stub_ENGINE_cleanup || defined __stub___ENGINE_cleanup
| choke me
| #endif
| 
| int
| main ()
| {
| return ENGINE_cleanup ();
|   ;
|   return 0;
| }
configure:16600: result: no
configure:16613: checking whether ENGINE_cleanup is declared
configure:16613: /opt/lede-toolchain-ramips-mt7621_gcc-5.4.0_musl-1.1.24.Linux-x86_64/toolchain-mipsel_24kc_gcc-5.4.0_musl-1.1.24/bin/mipsel-openwrt-linux-musl-gcc -c -Os -Wall -DLINUX26 -DCONFIG_RALINK -DMUSL_LIBC -DDEBUG_NOISY -DDEBUG_RCTEST -D_GNU_SOURCE -D__UAPI_DEF_ETHHDR -DRALINK_DBDC_MODE -pipe -funit-at-a-time -Wno-pointer-sign -mtune=mips32 -mips32 -DLINUX_KERNEL_VERSION=263366 --sysroot=/opt/lede-toolchain-ramips-mt7621_gcc-5.4.0_musl-1.1.24.Linux-x86_64/toolchain-mipsel_24kc_gcc-5.4.0_musl-1.1.24  -ffunction-sections -fdata-sections -std=gnu99 		-DASUSWRT -I/repo/Pass_GPL/asuswrt/release/src-ra-openwrt-4210/router/openssl/include  conftest.c >&5
configure:16613: $? = 0
configure:16613: result: yes
configure:16632: checking for EVP_aes_256_gcm
configure:16632: /opt/lede-toolchain-ramips-mt7621_gcc-5.4.0_musl-1.1.24.Linux-x86_64/toolchain-mipsel_24kc_gcc-5.4.0_musl-1.1.24/bin/mipsel-openwrt-linux-musl-gcc -o conftest -Os -Wall -DLINUX26 -DCONFIG_RALINK -DMUSL_LIBC -DDEBUG_NOISY -DDEBUG_RCTEST -D_GNU_SOURCE -D__UAPI_DEF_ETHHDR -DRALINK_DBDC_MODE -pipe -funit-at-a-time -Wno-pointer-sign -mtune=mips32 -mips32 -DLINUX_KERNEL_VERSION=263366 --sysroot=/opt/lede-toolchain-ramips-mt7621_gcc-5.4.0_musl-1.1.24.Linux-x86_64/toolchain-mipsel_24kc_gcc-5.4.0_musl-1.1.24  -ffunction-sections -fdata-sections -std=gnu99 		-DASUSWRT -I/repo/Pass_GPL/asuswrt/release/src-ra-openwrt-4210/router/openssl/include  --sysroot=/opt/lede-toolchain-ramips-mt7621_gcc-5.4.0_musl-1.1.24.Linux-x86_64/toolchain-mipsel_24kc_gcc-5.4.0_musl-1.1.24 -ffunction-sections -fdata-sections 		-Wl,--gc-sections 		-lpthread -ldl 		-L/repo/Pass_GPL/asuswrt/release/src-ra-openwrt-4210/router/zlib -lz conftest.c  -L/repo/Pass_GPL/asuswrt/release/src-ra-openwrt-4210/router/openssl/ -lssl -lcrypto >&5
configure:16632: $? = 0
configure:16632: result: yes
configure:16688: checking for HMAC_CTX_new
configure:16688: /opt/lede-toolchain-ramips-mt7621_gcc-5.4.0_musl-1.1.24.Linux-x86_64/toolchain-mipsel_24kc_gcc-5.4.0_musl-1.1.24/bin/mipsel-openwrt-linux-musl-gcc -o conftest -Os -Wall -DLINUX26 -DCONFIG_RALINK -DMUSL_LIBC -DDEBUG_NOISY -DDEBUG_RCTEST -D_GNU_SOURCE -D__UAPI_DEF_ETHHDR -DRALINK_DBDC_MODE -pipe -funit-at-a-time -Wno-pointer-sign -mtune=mips32 -mips32 -DLINUX_KERNEL_VERSION=263366 --sysroot=/opt/lede-toolchain-ramips-mt7621_gcc-5.4.0_musl-1.1.24.Linux-x86_64/toolchain-mipsel_24kc_gcc-5.4.0_musl-1.1.24  -ffunction-sections -fdata-sections -std=gnu99 		-DASUSWRT -I/repo/Pass_GPL/asuswrt/release/src-ra-openwrt-4210/router/openssl/include  --sysroot=/opt/lede-toolchain-ramips-mt7621_gcc-5.4.0_musl-1.1.24.Linux-x86_64/toolchain-mipsel_24kc_gcc-5.4.0_musl-1.1.24 -ffunction-sections -fdata-sections 		-Wl,--gc-sections 		-lpthread -ldl 		-L/repo/Pass_GPL/asuswrt/release/src-ra-openwrt-4210/router/zlib -lz conftest.c  -L/repo/Pass_GPL/asuswrt/release/src-ra-openwrt-4210/router/openssl/ -lssl -lcrypto >&5
configure:16688: $? = 0
configure:16688: result: yes
configure:16688: checking for HMAC_CTX_free
configure:16688: /opt/lede-toolchain-ramips-mt7621_gcc-5.4.0_musl-1.1.24.Linux-x86_64/toolchain-mipsel_24kc_gcc-5.4.0_musl-1.1.24/bin/mipsel-openwrt-linux-musl-gcc -o conftest -Os -Wall -DLINUX26 -DCONFIG_RALINK -DMUSL_LIBC -DDEBUG_NOISY -DDEBUG_RCTEST -D_GNU_SOURCE -D__UAPI_DEF_ETHHDR -DRALINK_DBDC_MODE -pipe -funit-at-a-time -Wno-pointer-sign -mtune=mips32 -mips32 -DLINUX_KERNEL_VERSION=263366 --sysroot=/opt/lede-toolchain-ramips-mt7621_gcc-5.4.0_musl-1.1.24.Linux-x86_64/toolchain-mipsel_24kc_gcc-5.4.0_musl-1.1.24  -ffunction-sections -fdata-sections -std=gnu99 		-DASUSWRT -I/repo/Pass_GPL/asuswrt/release/src-ra-openwrt-4210/router/openssl/include  --sysroot=/opt/lede-toolchain-ramips-mt7621_gcc-5.4.0_musl-1.1.24.Linux-x86_64/toolchain-mipsel_24kc_gcc-5.4.0_musl-1.1.24 -ffunction-sections -fdata-sections 		-Wl,--gc-sections 		-lpthread -ldl 		-L/repo/Pass_GPL/asuswrt/release/src-ra-openwrt-4210/router/zlib -lz conftest.c  -L/repo/Pass_GPL/asuswrt/release/src-ra-openwrt-4210/router/openssl/ -lssl -lcrypto >&5
configure:16688: $? = 0
configure:16688: result: yes
configure:16688: checking for HMAC_CTX_reset
configure:16688: /opt/lede-toolchain-ramips-mt7621_gcc-5.4.0_musl-1.1.24.Linux-x86_64/toolchain-mipsel_24kc_gcc-5.4.0_musl-1.1.24/bin/mipsel-openwrt-linux-musl-gcc -o conftest -Os -Wall -DLINUX26 -DCONFIG_RALINK -DMUSL_LIBC -DDEBUG_NOISY -DDEBUG_RCTEST -D_GNU_SOURCE -D__UAPI_DEF_ETHHDR -DRALINK_DBDC_MODE -pipe -funit-at-a-time -Wno-pointer-sign -mtune=mips32 -mips32 -DLINUX_KERNEL_VERSION=263366 --sysroot=/opt/lede-toolchain-ramips-mt7621_gcc-5.4.0_musl-1.1.24.Linux-x86_64/toolchain-mipsel_24kc_gcc-5.4.0_musl-1.1.24  -ffunction-sections -fdata-sections -std=gnu99 		-DASUSWRT -I/repo/Pass_GPL/asuswrt/release/src-ra-openwrt-4210/router/openssl/include  --sysroot=/opt/lede-toolchain-ramips-mt7621_gcc-5.4.0_musl-1.1.24.Linux-x86_64/toolchain-mipsel_24kc_gcc-5.4.0_musl-1.1.24 -ffunction-sections -fdata-sections 		-Wl,--gc-sections 		-lpthread -ldl 		-L/repo/Pass_GPL/asuswrt/release/src-ra-openwrt-4210/router/zlib -lz conftest.c  -L/repo/Pass_GPL/asuswrt/release/src-ra-openwrt-4210/router/openssl/ -lssl -lcrypto >&5
configure:16688: $? = 0
configure:16688: result: yes
configure:16688: checking for EVP_MD_CTX_new
configure:16688: /opt/lede-toolchain-ramips-mt7621_gcc-5.4.0_musl-1.1.24.Linux-x86_64/toolchain-mipsel_24kc_gcc-5.4.0_musl-1.1.24/bin/mipsel-openwrt-linux-musl-gcc -o conftest -Os -Wall -DLINUX26 -DCONFIG_RALINK -DMUSL_LIBC -DDEBUG_NOISY -DDEBUG_RCTEST -D_GNU_SOURCE -D__UAPI_DEF_ETHHDR -DRALINK_DBDC_MODE -pipe -funit-at-a-time -Wno-pointer-sign -mtune=mips32 -mips32 -DLINUX_KERNEL_VERSION=263366 --sysroot=/opt/lede-toolchain-ramips-mt7621_gcc-5.4.0_musl-1.1.24.Linux-x86_64/toolchain-mipsel_24kc_gcc-5.4.0_musl-1.1.24  -ffunction-sections -fdata-sections -std=gnu99 		-DASUSWRT -I/repo/Pass_GPL/asuswrt/release/src-ra-openwrt-4210/router/openssl/include  --sysroot=/opt/lede-toolchain-ramips-mt7621_gcc-5.4.0_musl-1.1.24.Linux-x86_64/toolchain-mipsel_24kc_gcc-5.4.0_musl-1.1.24 -ffunction-sections -fdata-sections 		-Wl,--gc-sections 		-lpthread -ldl 		-L/repo/Pass_GPL/asuswrt/release/src-ra-openwrt-4210/router/zlib -lz conftest.c  -L/repo/Pass_GPL/asuswrt/release/src-ra-openwrt-4210/router/openssl/ -lssl -lcrypto >&5
configure:16688: $? = 0
configure:16688: result: yes
configure:16688: checking for EVP_MD_CTX_free
configure:16688: /opt/lede-toolchain-ramips-mt7621_gcc-5.4.0_musl-1.1.24.Linux-x86_64/toolchain-mipsel_24kc_gcc-5.4.0_musl-1.1.24/bin/mipsel-openwrt-linux-musl-gcc -o conftest -Os -Wall -DLINUX26 -DCONFIG_RALINK -DMUSL_LIBC -DDEBUG_NOISY -DDEBUG_RCTEST -D_GNU_SOURCE -D__UAPI_DEF_ETHHDR -DRALINK_DBDC_MODE -pipe -funit-at-a-time -Wno-pointer-sign -mtune=mips32 -mips32 -DLINUX_KERNEL_VERSION=263366 --sysroot=/opt/lede-toolchain-ramips-mt7621_gcc-5.4.0_musl-1.1.24.Linux-x86_64/toolchain-mipsel_24kc_gcc-5.4.0_musl-1.1.24  -ffunction-sections -fdata-sections -std=gnu99 		-DASUSWRT -I/repo/Pass_GPL/asuswrt/release/src-ra-openwrt-4210/router/openssl/include  --sysroot=/opt/lede-toolchain-ramips-mt7621_gcc-5.4.0_musl-1.1.24.Linux-x86_64/toolchain-mipsel_24kc_gcc-5.4.0_musl-1.1.24 -ffunction-sections -fdata-sections 		-Wl,--gc-sections 		-lpthread -ldl 		-L/repo/Pass_GPL/asuswrt/release/src-ra-openwrt-4210/router/zlib -lz conftest.c  -L/repo/Pass_GPL/asuswrt/release/src-ra-openwrt-4210/router/openssl/ -lssl -lcrypto >&5
configure:16688: $? = 0
configure:16688: result: yes
configure:16688: checking for EVP_MD_CTX_reset
configure:16688: /opt/lede-toolchain-ramips-mt7621_gcc-5.4.0_musl-1.1.24.Linux-x86_64/toolchain-mipsel_24kc_gcc-5.4.0_musl-1.1.24/bin/mipsel-openwrt-linux-musl-gcc -o conftest -Os -Wall -DLINUX26 -DCONFIG_RALINK -DMUSL_LIBC -DDEBUG_NOISY -DDEBUG_RCTEST -D_GNU_SOURCE -D__UAPI_DEF_ETHHDR -DRALINK_DBDC_MODE -pipe -funit-at-a-time -Wno-pointer-sign -mtune=mips32 -mips32 -DLINUX_KERNEL_VERSION=263366 --sysroot=/opt/lede-toolchain-ramips-mt7621_gcc-5.4.0_musl-1.1.24.Linux-x86_64/toolchain-mipsel_24kc_gcc-5.4.0_musl-1.1.24  -ffunction-sections -fdata-sections -std=gnu99 		-DASUSWRT -I/repo/Pass_GPL/asuswrt/release/src-ra-openwrt-4210/router/openssl/include  --sysroot=/opt/lede-toolchain-ramips-mt7621_gcc-5.4.0_musl-1.1.24.Linux-x86_64/toolchain-mipsel_24kc_gcc-5.4.0_musl-1.1.24 -ffunction-sections -fdata-sections 		-Wl,--gc-sections 		-lpthread -ldl 		-L/repo/Pass_GPL/asuswrt/release/src-ra-openwrt-4210/router/zlib -lz conftest.c  -L/repo/Pass_GPL/asuswrt/release/src-ra-openwrt-4210/router/openssl/ -lssl -lcrypto >&5
configure:16688: $? = 0
configure:16688: result: yes
configure:16688: checking for EVP_CIPHER_CTX_reset
configure:16688: /opt/lede-toolchain-ramips-mt7621_gcc-5.4.0_musl-1.1.24.Linux-x86_64/toolchain-mipsel_24kc_gcc-5.4.0_musl-1.1.24/bin/mipsel-openwrt-linux-musl-gcc -o conftest -Os -Wall -DLINUX26 -DCONFIG_RALINK -DMUSL_LIBC -DDEBUG_NOISY -DDEBUG_RCTEST -D_GNU_SOURCE -D__UAPI_DEF_ETHHDR -DRALINK_DBDC_MODE -pipe -funit-at-a-time -Wno-pointer-sign -mtune=mips32 -mips32 -DLINUX_KERNEL_VERSION=263366 --sysroot=/opt/lede-toolchain-ramips-mt7621_gcc-5.4.0_musl-1.1.24.Linux-x86_64/toolchain-mipsel_24kc_gcc-5.4.0_musl-1.1.24  -ffunction-sections -fdata-sections -std=gnu99 		-DASUSWRT -I/repo/Pass_GPL/asuswrt/release/src-ra-openwrt-4210/router/openssl/include  --sysroot=/opt/lede-toolchain-ramips-mt7621_gcc-5.4.0_musl-1.1.24.Linux-x86_64/toolchain-mipsel_24kc_gcc-5.4.0_musl-1.1.24 -ffunction-sections -fdata-sections 		-Wl,--gc-sections 		-lpthread -ldl 		-L/repo/Pass_GPL/asuswrt/release/src-ra-openwrt-4210/router/zlib -lz conftest.c  -L/repo/Pass_GPL/asuswrt/release/src-ra-openwrt-4210/router/openssl/ -lssl -lcrypto >&5
configure:16688: $? = 0
configure:16688: result: yes
configure:16688: checking for SSL_CTX_get_default_passwd_cb
configure:16688: /opt/lede-toolchain-ramips-mt7621_gcc-5.4.0_musl-1.1.24.Linux-x86_64/toolchain-mipsel_24kc_gcc-5.4.0_musl-1.1.24/bin/mipsel-openwrt-linux-musl-gcc -o conftest -Os -Wall -DLINUX26 -DCONFIG_RALINK -DMUSL_LIBC -DDEBUG_NOISY -DDEBUG_RCTEST -D_GNU_SOURCE -D__UAPI_DEF_ETHHDR -DRALINK_DBDC_MODE -pipe -funit-at-a-time -Wno-pointer-sign -mtune=mips32 -mips32 -DLINUX_KERNEL_VERSION=263366 --sysroot=/opt/lede-toolchain-ramips-mt7621_gcc-5.4.0_musl-1.1.24.Linux-x86_64/toolchain-mipsel_24kc_gcc-5.4.0_musl-1.1.24  -ffunction-sections -fdata-sections -std=gnu99 		-DASUSWRT -I/repo/Pass_GPL/asuswrt/release/src-ra-openwrt-4210/router/openssl/include  --sysroot=/opt/lede-toolchain-ramips-mt7621_gcc-5.4.0_musl-1.1.24.Linux-x86_64/toolchain-mipsel_24kc_gcc-5.4.0_musl-1.1.24 -ffunction-sections -fdata-sections 		-Wl,--gc-sections 		-lpthread -ldl 		-L/repo/Pass_GPL/asuswrt/release/src-ra-openwrt-4210/router/zlib -lz conftest.c  -L/repo/Pass_GPL/asuswrt/release/src-ra-openwrt-4210/router/openssl/ -lssl -lcrypto >&5
configure:16688: $? = 0
configure:16688: result: yes
configure:16688: checking for SSL_CTX_get_default_passwd_cb_userdata
configure:16688: /opt/lede-toolchain-ramips-mt7621_gcc-5.4.0_musl-1.1.24.Linux-x86_64/toolchain-mipsel_24kc_gcc-5.4.0_musl-1.1.24/bin/mipsel-openwrt-linux-musl-gcc -o conftest -Os -Wall -DLINUX26 -DCONFIG_RALINK -DMUSL_LIBC -DDEBUG_NOISY -DDEBUG_RCTEST -D_GNU_SOURCE -D__UAPI_DEF_ETHHDR -DRALINK_DBDC_MODE -pipe -funit-at-a-time -Wno-pointer-sign -mtune=mips32 -mips32 -DLINUX_KERNEL_VERSION=263366 --sysroot=/opt/lede-toolchain-ramips-mt7621_gcc-5.4.0_musl-1.1.24.Linux-x86_64/toolchain-mipsel_24kc_gcc-5.4.0_musl-1.1.24  -ffunction-sections -fdata-sections -std=gnu99 		-DASUSWRT -I/repo/Pass_GPL/asuswrt/release/src-ra-openwrt-4210/router/openssl/include  --sysroot=/opt/lede-toolchain-ramips-mt7621_gcc-5.4.0_musl-1.1.24.Linux-x86_64/toolchain-mipsel_24kc_gcc-5.4.0_musl-1.1.24 -ffunction-sections -fdata-sections 		-Wl,--gc-sections 		-lpthread -ldl 		-L/repo/Pass_GPL/asuswrt/release/src-ra-openwrt-4210/router/zlib -lz conftest.c  -L/repo/Pass_GPL/asuswrt/release/src-ra-openwrt-4210/router/openssl/ -lssl -lcrypto >&5
configure:16688: $? = 0
configure:16688: result: yes
configure:16688: checking for SSL_CTX_set_security_level
configure:16688: /opt/lede-toolchain-ramips-mt7621_gcc-5.4.0_musl-1.1.24.Linux-x86_64/toolchain-mipsel_24kc_gcc-5.4.0_musl-1.1.24/bin/mipsel-openwrt-linux-musl-gcc -o conftest -Os -Wall -DLINUX26 -DCONFIG_RALINK -DMUSL_LIBC -DDEBUG_NOISY -DDEBUG_RCTEST -D_GNU_SOURCE -D__UAPI_DEF_ETHHDR -DRALINK_DBDC_MODE -pipe -funit-at-a-time -Wno-pointer-sign -mtune=mips32 -mips32 -DLINUX_KERNEL_VERSION=263366 --sysroot=/opt/lede-toolchain-ramips-mt7621_gcc-5.4.0_musl-1.1.24.Linux-x86_64/toolchain-mipsel_24kc_gcc-5.4.0_musl-1.1.24  -ffunction-sections -fdata-sections -std=gnu99 		-DASUSWRT -I/repo/Pass_GPL/asuswrt/release/src-ra-openwrt-4210/router/openssl/include  --sysroot=/opt/lede-toolchain-ramips-mt7621_gcc-5.4.0_musl-1.1.24.Linux-x86_64/toolchain-mipsel_24kc_gcc-5.4.0_musl-1.1.24 -ffunction-sections -fdata-sections 		-Wl,--gc-sections 		-lpthread -ldl 		-L/repo/Pass_GPL/asuswrt/release/src-ra-openwrt-4210/router/zlib -lz conftest.c  -L/repo/Pass_GPL/asuswrt/release/src-ra-openwrt-4210/router/openssl/ -lssl -lcrypto >&5
configure:16688: $? = 0
configure:16688: result: yes
configure:16688: checking for X509_get0_notBefore
configure:16688: /opt/lede-toolchain-ramips-mt7621_gcc-5.4.0_musl-1.1.24.Linux-x86_64/toolchain-mipsel_24kc_gcc-5.4.0_musl-1.1.24/bin/mipsel-openwrt-linux-musl-gcc -o conftest -Os -Wall -DLINUX26 -DCONFIG_RALINK -DMUSL_LIBC -DDEBUG_NOISY -DDEBUG_RCTEST -D_GNU_SOURCE -D__UAPI_DEF_ETHHDR -DRALINK_DBDC_MODE -pipe -funit-at-a-time -Wno-pointer-sign -mtune=mips32 -mips32 -DLINUX_KERNEL_VERSION=263366 --sysroot=/opt/lede-toolchain-ramips-mt7621_gcc-5.4.0_musl-1.1.24.Linux-x86_64/toolchain-mipsel_24kc_gcc-5.4.0_musl-1.1.24  -ffunction-sections -fdata-sections -std=gnu99 		-DASUSWRT -I/repo/Pass_GPL/asuswrt/release/src-ra-openwrt-4210/router/openssl/include  --sysroot=/opt/lede-toolchain-ramips-mt7621_gcc-5.4.0_musl-1.1.24.Linux-x86_64/toolchain-mipsel_24kc_gcc-5.4.0_musl-1.1.24 -ffunction-sections -fdata-sections 		-Wl,--gc-sections 		-lpthread -ldl 		-L/repo/Pass_GPL/asuswrt/release/src-ra-openwrt-4210/router/zlib -lz conftest.c  -L/repo/Pass_GPL/asuswrt/release/src-ra-openwrt-4210/router/openssl/ -lssl -lcrypto >&5
configure:16688: $? = 0
configure:16688: result: yes
configure:16688: checking for X509_get0_notAfter
configure:16688: /opt/lede-toolchain-ramips-mt7621_gcc-5.4.0_musl-1.1.24.Linux-x86_64/toolchain-mipsel_24kc_gcc-5.4.0_musl-1.1.24/bin/mipsel-openwrt-linux-musl-gcc -o conftest -Os -Wall -DLINUX26 -DCONFIG_RALINK -DMUSL_LIBC -DDEBUG_NOISY -DDEBUG_RCTEST -D_GNU_SOURCE -D__UAPI_DEF_ETHHDR -DRALINK_DBDC_MODE -pipe -funit-at-a-time -Wno-pointer-sign -mtune=mips32 -mips32 -DLINUX_KERNEL_VERSION=263366 --sysroot=/opt/lede-toolchain-ramips-mt7621_gcc-5.4.0_musl-1.1.24.Linux-x86_64/toolchain-mipsel_24kc_gcc-5.4.0_musl-1.1.24  -ffunction-sections -fdata-sections -std=gnu99 		-DASUSWRT -I/repo/Pass_GPL/asuswrt/release/src-ra-openwrt-4210/router/openssl/include  --sysroot=/opt/lede-toolchain-ramips-mt7621_gcc-5.4.0_musl-1.1.24.Linux-x86_64/toolchain-mipsel_24kc_gcc-5.4.0_musl-1.1.24 -ffunction-sections -fdata-sections 		-Wl,--gc-sections 		-lpthread -ldl 		-L/repo/Pass_GPL/asuswrt/release/src-ra-openwrt-4210/router/zlib -lz conftest.c  -L/repo/Pass_GPL/asuswrt/release/src-ra-openwrt-4210/router/openssl/ -lssl -lcrypto >&5
configure:16688: $? = 0
configure:16688: result: yes
configure:16688: checking for X509_get0_pubkey
configure:16688: /opt/lede-toolchain-ramips-mt7621_gcc-5.4.0_musl-1.1.24.Linux-x86_64/toolchain-mipsel_24kc_gcc-5.4.0_musl-1.1.24/bin/mipsel-openwrt-linux-musl-gcc -o conftest -Os -Wall -DLINUX26 -DCONFIG_RALINK -DMUSL_LIBC -DDEBUG_NOISY -DDEBUG_RCTEST -D_GNU_SOURCE -D__UAPI_DEF_ETHHDR -DRALINK_DBDC_MODE -pipe -funit-at-a-time -Wno-pointer-sign -mtune=mips32 -mips32 -DLINUX_KERNEL_VERSION=263366 --sysroot=/opt/lede-toolchain-ramips-mt7621_gcc-5.4.0_musl-1.1.24.Linux-x86_64/toolchain-mipsel_24kc_gcc-5.4.0_musl-1.1.24  -ffunction-sections -fdata-sections -std=gnu99 		-DASUSWRT -I/repo/Pass_GPL/asuswrt/release/src-ra-openwrt-4210/router/openssl/include  --sysroot=/opt/lede-toolchain-ramips-mt7621_gcc-5.4.0_musl-1.1.24.Linux-x86_64/toolchain-mipsel_24kc_gcc-5.4.0_musl-1.1.24 -ffunction-sections -fdata-sections 		-Wl,--gc-sections 		-lpthread -ldl 		-L/repo/Pass_GPL/asuswrt/release/src-ra-openwrt-4210/router/zlib -lz conftest.c  -L/repo/Pass_GPL/asuswrt/release/src-ra-openwrt-4210/router/openssl/ -lssl -lcrypto >&5
configure:16688: $? = 0
configure:16688: result: yes
configure:16688: checking for X509_STORE_get0_objects
configure:16688: /opt/lede-toolchain-ramips-mt7621_gcc-5.4.0_musl-1.1.24.Linux-x86_64/toolchain-mipsel_24kc_gcc-5.4.0_musl-1.1.24/bin/mipsel-openwrt-linux-musl-gcc -o conftest -Os -Wall -DLINUX26 -DCONFIG_RALINK -DMUSL_LIBC -DDEBUG_NOISY -DDEBUG_RCTEST -D_GNU_SOURCE -D__UAPI_DEF_ETHHDR -DRALINK_DBDC_MODE -pipe -funit-at-a-time -Wno-pointer-sign -mtune=mips32 -mips32 -DLINUX_KERNEL_VERSION=263366 --sysroot=/opt/lede-toolchain-ramips-mt7621_gcc-5.4.0_musl-1.1.24.Linux-x86_64/toolchain-mipsel_24kc_gcc-5.4.0_musl-1.1.24  -ffunction-sections -fdata-sections -std=gnu99 		-DASUSWRT -I/repo/Pass_GPL/asuswrt/release/src-ra-openwrt-4210/router/openssl/include  --sysroot=/opt/lede-toolchain-ramips-mt7621_gcc-5.4.0_musl-1.1.24.Linux-x86_64/toolchain-mipsel_24kc_gcc-5.4.0_musl-1.1.24 -ffunction-sections -fdata-sections 		-Wl,--gc-sections 		-lpthread -ldl 		-L/repo/Pass_GPL/asuswrt/release/src-ra-openwrt-4210/router/zlib -lz conftest.c  -L/repo/Pass_GPL/asuswrt/release/src-ra-openwrt-4210/router/openssl/ -lssl -lcrypto >&5
configure:16688: $? = 0
configure:16688: result: yes
configure:16688: checking for X509_OBJECT_free
configure:16688: /opt/lede-toolchain-ramips-mt7621_gcc-5.4.0_musl-1.1.24.Linux-x86_64/toolchain-mipsel_24kc_gcc-5.4.0_musl-1.1.24/bin/mipsel-openwrt-linux-musl-gcc -o conftest -Os -Wall -DLINUX26 -DCONFIG_RALINK -DMUSL_LIBC -DDEBUG_NOISY -DDEBUG_RCTEST -D_GNU_SOURCE -D__UAPI_DEF_ETHHDR -DRALINK_DBDC_MODE -pipe -funit-at-a-time -Wno-pointer-sign -mtune=mips32 -mips32 -DLINUX_KERNEL_VERSION=263366 --sysroot=/opt/lede-toolchain-ramips-mt7621_gcc-5.4.0_musl-1.1.24.Linux-x86_64/toolchain-mipsel_24kc_gcc-5.4.0_musl-1.1.24  -ffunction-sections -fdata-sections -std=gnu99 		-DASUSWRT -I/repo/Pass_GPL/asuswrt/release/src-ra-openwrt-4210/router/openssl/include  --sysroot=/opt/lede-toolchain-ramips-mt7621_gcc-5.4.0_musl-1.1.24.Linux-x86_64/toolchain-mipsel_24kc_gcc-5.4.0_musl-1.1.24 -ffunction-sections -fdata-sections 		-Wl,--gc-sections 		-lpthread -ldl 		-L/repo/Pass_GPL/asuswrt/release/src-ra-openwrt-4210/router/zlib -lz conftest.c  -L/repo/Pass_GPL/asuswrt/release/src-ra-openwrt-4210/router/openssl/ -lssl -lcrypto >&5
configure:16688: $? = 0
configure:16688: result: yes
configure:16688: checking for X509_OBJECT_get_type
configure:16688: /opt/lede-toolchain-ramips-mt7621_gcc-5.4.0_musl-1.1.24.Linux-x86_64/toolchain-mipsel_24kc_gcc-5.4.0_musl-1.1.24/bin/mipsel-openwrt-linux-musl-gcc -o conftest -Os -Wall -DLINUX26 -DCONFIG_RALINK -DMUSL_LIBC -DDEBUG_NOISY -DDEBUG_RCTEST -D_GNU_SOURCE -D__UAPI_DEF_ETHHDR -DRALINK_DBDC_MODE -pipe -funit-at-a-time -Wno-pointer-sign -mtune=mips32 -mips32 -DLINUX_KERNEL_VERSION=263366 --sysroot=/opt/lede-toolchain-ramips-mt7621_gcc-5.4.0_musl-1.1.24.Linux-x86_64/toolchain-mipsel_24kc_gcc-5.4.0_musl-1.1.24  -ffunction-sections -fdata-sections -std=gnu99 		-DASUSWRT -I/repo/Pass_GPL/asuswrt/release/src-ra-openwrt-4210/router/openssl/include  --sysroot=/opt/lede-toolchain-ramips-mt7621_gcc-5.4.0_musl-1.1.24.Linux-x86_64/toolchain-mipsel_24kc_gcc-5.4.0_musl-1.1.24 -ffunction-sections -fdata-sections 		-Wl,--gc-sections 		-lpthread -ldl 		-L/repo/Pass_GPL/asuswrt/release/src-ra-openwrt-4210/router/zlib -lz conftest.c  -L/repo/Pass_GPL/asuswrt/release/src-ra-openwrt-4210/router/openssl/ -lssl -lcrypto >&5
configure:16688: $? = 0
configure:16688: result: yes
configure:16688: checking for EVP_PKEY_id
configure:16688: /opt/lede-toolchain-ramips-mt7621_gcc-5.4.0_musl-1.1.24.Linux-x86_64/toolchain-mipsel_24kc_gcc-5.4.0_musl-1.1.24/bin/mipsel-openwrt-linux-musl-gcc -o conftest -Os -Wall -DLINUX26 -DCONFIG_RALINK -DMUSL_LIBC -DDEBUG_NOISY -DDEBUG_RCTEST -D_GNU_SOURCE -D__UAPI_DEF_ETHHDR -DRALINK_DBDC_MODE -pipe -funit-at-a-time -Wno-pointer-sign -mtune=mips32 -mips32 -DLINUX_KERNEL_VERSION=263366 --sysroot=/opt/lede-toolchain-ramips-mt7621_gcc-5.4.0_musl-1.1.24.Linux-x86_64/toolchain-mipsel_24kc_gcc-5.4.0_musl-1.1.24  -ffunction-sections -fdata-sections -std=gnu99 		-DASUSWRT -I/repo/Pass_GPL/asuswrt/release/src-ra-openwrt-4210/router/openssl/include  --sysroot=/opt/lede-toolchain-ramips-mt7621_gcc-5.4.0_musl-1.1.24.Linux-x86_64/toolchain-mipsel_24kc_gcc-5.4.0_musl-1.1.24 -ffunction-sections -fdata-sections 		-Wl,--gc-sections 		-lpthread -ldl 		-L/repo/Pass_GPL/asuswrt/release/src-ra-openwrt-4210/router/zlib -lz conftest.c  -L/repo/Pass_GPL/asuswrt/release/src-ra-openwrt-4210/router/openssl/ -lssl -lcrypto >&5
configure:16688: $? = 0
configure:16688: result: yes
configure:16688: checking for EVP_PKEY_get0_RSA
configure:16688: /opt/lede-toolchain-ramips-mt7621_gcc-5.4.0_musl-1.1.24.Linux-x86_64/toolchain-mipsel_24kc_gcc-5.4.0_musl-1.1.24/bin/mipsel-openwrt-linux-musl-gcc -o conftest -Os -Wall -DLINUX26 -DCONFIG_RALINK -DMUSL_LIBC -DDEBUG_NOISY -DDEBUG_RCTEST -D_GNU_SOURCE -D__UAPI_DEF_ETHHDR -DRALINK_DBDC_MODE -pipe -funit-at-a-time -Wno-pointer-sign -mtune=mips32 -mips32 -DLINUX_KERNEL_VERSION=263366 --sysroot=/opt/lede-toolchain-ramips-mt7621_gcc-5.4.0_musl-1.1.24.Linux-x86_64/toolchain-mipsel_24kc_gcc-5.4.0_musl-1.1.24  -ffunction-sections -fdata-sections -std=gnu99 		-DASUSWRT -I/repo/Pass_GPL/asuswrt/release/src-ra-openwrt-4210/router/openssl/include  --sysroot=/opt/lede-toolchain-ramips-mt7621_gcc-5.4.0_musl-1.1.24.Linux-x86_64/toolchain-mipsel_24kc_gcc-5.4.0_musl-1.1.24 -ffunction-sections -fdata-sections 		-Wl,--gc-sections 		-lpthread -ldl 		-L/repo/Pass_GPL/asuswrt/release/src-ra-openwrt-4210/router/zlib -lz conftest.c  -L/repo/Pass_GPL/asuswrt/release/src-ra-openwrt-4210/router/openssl/ -lssl -lcrypto >&5
configure:16688: $? = 0
configure:16688: result: yes
configure:16688: checking for EVP_PKEY_get0_DSA
configure:16688: /opt/lede-toolchain-ramips-mt7621_gcc-5.4.0_musl-1.1.24.Linux-x86_64/toolchain-mipsel_24kc_gcc-5.4.0_musl-1.1.24/bin/mipsel-openwrt-linux-musl-gcc -o conftest -Os -Wall -DLINUX26 -DCONFIG_RALINK -DMUSL_LIBC -DDEBUG_NOISY -DDEBUG_RCTEST -D_GNU_SOURCE -D__UAPI_DEF_ETHHDR -DRALINK_DBDC_MODE -pipe -funit-at-a-time -Wno-pointer-sign -mtune=mips32 -mips32 -DLINUX_KERNEL_VERSION=263366 --sysroot=/opt/lede-toolchain-ramips-mt7621_gcc-5.4.0_musl-1.1.24.Linux-x86_64/toolchain-mipsel_24kc_gcc-5.4.0_musl-1.1.24  -ffunction-sections -fdata-sections -std=gnu99 		-DASUSWRT -I/repo/Pass_GPL/asuswrt/release/src-ra-openwrt-4210/router/openssl/include  --sysroot=/opt/lede-toolchain-ramips-mt7621_gcc-5.4.0_musl-1.1.24.Linux-x86_64/toolchain-mipsel_24kc_gcc-5.4.0_musl-1.1.24 -ffunction-sections -fdata-sections 		-Wl,--gc-sections 		-lpthread -ldl 		-L/repo/Pass_GPL/asuswrt/release/src-ra-openwrt-4210/router/zlib -lz conftest.c  -L/repo/Pass_GPL/asuswrt/release/src-ra-openwrt-4210/router/openssl/ -lssl -lcrypto >&5
configure:16688: $? = 0
configure:16688: result: yes
configure:16688: checking for EVP_PKEY_get0_EC_KEY
configure:16688: /opt/lede-toolchain-ramips-mt7621_gcc-5.4.0_musl-1.1.24.Linux-x86_64/toolchain-mipsel_24kc_gcc-5.4.0_musl-1.1.24/bin/mipsel-openwrt-linux-musl-gcc -o conftest -Os -Wall -DLINUX26 -DCONFIG_RALINK -DMUSL_LIBC -DDEBUG_NOISY -DDEBUG_RCTEST -D_GNU_SOURCE -D__UAPI_DEF_ETHHDR -DRALINK_DBDC_MODE -pipe -funit-at-a-time -Wno-pointer-sign -mtune=mips32 -mips32 -DLINUX_KERNEL_VERSION=263366 --sysroot=/opt/lede-toolchain-ramips-mt7621_gcc-5.4.0_musl-1.1.24.Linux-x86_64/toolchain-mipsel_24kc_gcc-5.4.0_musl-1.1.24  -ffunction-sections -fdata-sections -std=gnu99 		-DASUSWRT -I/repo/Pass_GPL/asuswrt/release/src-ra-openwrt-4210/router/openssl/include  --sysroot=/opt/lede-toolchain-ramips-mt7621_gcc-5.4.0_musl-1.1.24.Linux-x86_64/toolchain-mipsel_24kc_gcc-5.4.0_musl-1.1.24 -ffunction-sections -fdata-sections 		-Wl,--gc-sections 		-lpthread -ldl 		-L/repo/Pass_GPL/asuswrt/release/src-ra-openwrt-4210/router/zlib -lz conftest.c  -L/repo/Pass_GPL/asuswrt/release/src-ra-openwrt-4210/router/openssl/ -lssl -lcrypto >&5
configure:16688: $? = 0
configure:16688: result: yes
configure:16688: checking for RSA_set_flags
configure:16688: /opt/lede-toolchain-ramips-mt7621_gcc-5.4.0_musl-1.1.24.Linux-x86_64/toolchain-mipsel_24kc_gcc-5.4.0_musl-1.1.24/bin/mipsel-openwrt-linux-musl-gcc -o conftest -Os -Wall -DLINUX26 -DCONFIG_RALINK -DMUSL_LIBC -DDEBUG_NOISY -DDEBUG_RCTEST -D_GNU_SOURCE -D__UAPI_DEF_ETHHDR -DRALINK_DBDC_MODE -pipe -funit-at-a-time -Wno-pointer-sign -mtune=mips32 -mips32 -DLINUX_KERNEL_VERSION=263366 --sysroot=/opt/lede-toolchain-ramips-mt7621_gcc-5.4.0_musl-1.1.24.Linux-x86_64/toolchain-mipsel_24kc_gcc-5.4.0_musl-1.1.24  -ffunction-sections -fdata-sections -std=gnu99 		-DASUSWRT -I/repo/Pass_GPL/asuswrt/release/src-ra-openwrt-4210/router/openssl/include  --sysroot=/opt/lede-toolchain-ramips-mt7621_gcc-5.4.0_musl-1.1.24.Linux-x86_64/toolchain-mipsel_24kc_gcc-5.4.0_musl-1.1.24 -ffunction-sections -fdata-sections 		-Wl,--gc-sections 		-lpthread -ldl 		-L/repo/Pass_GPL/asuswrt/release/src-ra-openwrt-4210/router/zlib -lz conftest.c  -L/repo/Pass_GPL/asuswrt/release/src-ra-openwrt-4210/router/openssl/ -lssl -lcrypto >&5
configure:16688: $? = 0
configure:16688: result: yes
configure:16688: checking for RSA_bits
configure:16688: /opt/lede-toolchain-ramips-mt7621_gcc-5.4.0_musl-1.1.24.Linux-x86_64/toolchain-mipsel_24kc_gcc-5.4.0_musl-1.1.24/bin/mipsel-openwrt-linux-musl-gcc -o conftest -Os -Wall -DLINUX26 -DCONFIG_RALINK -DMUSL_LIBC -DDEBUG_NOISY -DDEBUG_RCTEST -D_GNU_SOURCE -D__UAPI_DEF_ETHHDR -DRALINK_DBDC_MODE -pipe -funit-at-a-time -Wno-pointer-sign -mtune=mips32 -mips32 -DLINUX_KERNEL_VERSION=263366 --sysroot=/opt/lede-toolchain-ramips-mt7621_gcc-5.4.0_musl-1.1.24.Linux-x86_64/toolchain-mipsel_24kc_gcc-5.4.0_musl-1.1.24  -ffunction-sections -fdata-sections -std=gnu99 		-DASUSWRT -I/repo/Pass_GPL/asuswrt/release/src-ra-openwrt-4210/router/openssl/include  --sysroot=/opt/lede-toolchain-ramips-mt7621_gcc-5.4.0_musl-1.1.24.Linux-x86_64/toolchain-mipsel_24kc_gcc-5.4.0_musl-1.1.24 -ffunction-sections -fdata-sections 		-Wl,--gc-sections 		-lpthread -ldl 		-L/repo/Pass_GPL/asuswrt/release/src-ra-openwrt-4210/router/zlib -lz conftest.c  -L/repo/Pass_GPL/asuswrt/release/src-ra-openwrt-4210/router/openssl/ -lssl -lcrypto >&5
configure:16688: $? = 0
configure:16688: result: yes
configure:16688: checking for RSA_get0_key
configure:16688: /opt/lede-toolchain-ramips-mt7621_gcc-5.4.0_musl-1.1.24.Linux-x86_64/toolchain-mipsel_24kc_gcc-5.4.0_musl-1.1.24/bin/mipsel-openwrt-linux-musl-gcc -o conftest -Os -Wall -DLINUX26 -DCONFIG_RALINK -DMUSL_LIBC -DDEBUG_NOISY -DDEBUG_RCTEST -D_GNU_SOURCE -D__UAPI_DEF_ETHHDR -DRALINK_DBDC_MODE -pipe -funit-at-a-time -Wno-pointer-sign -mtune=mips32 -mips32 -DLINUX_KERNEL_VERSION=263366 --sysroot=/opt/lede-toolchain-ramips-mt7621_gcc-5.4.0_musl-1.1.24.Linux-x86_64/toolchain-mipsel_24kc_gcc-5.4.0_musl-1.1.24  -ffunction-sections -fdata-sections -std=gnu99 		-DASUSWRT -I/repo/Pass_GPL/asuswrt/release/src-ra-openwrt-4210/router/openssl/include  --sysroot=/opt/lede-toolchain-ramips-mt7621_gcc-5.4.0_musl-1.1.24.Linux-x86_64/toolchain-mipsel_24kc_gcc-5.4.0_musl-1.1.24 -ffunction-sections -fdata-sections 		-Wl,--gc-sections 		-lpthread -ldl 		-L/repo/Pass_GPL/asuswrt/release/src-ra-openwrt-4210/router/zlib -lz conftest.c  -L/repo/Pass_GPL/asuswrt/release/src-ra-openwrt-4210/router/openssl/ -lssl -lcrypto >&5
configure:16688: $? = 0
configure:16688: result: yes
configure:16688: checking for RSA_set0_key
configure:16688: /opt/lede-toolchain-ramips-mt7621_gcc-5.4.0_musl-1.1.24.Linux-x86_64/toolchain-mipsel_24kc_gcc-5.4.0_musl-1.1.24/bin/mipsel-openwrt-linux-musl-gcc -o conftest -Os -Wall -DLINUX26 -DCONFIG_RALINK -DMUSL_LIBC -DDEBUG_NOISY -DDEBUG_RCTEST -D_GNU_SOURCE -D__UAPI_DEF_ETHHDR -DRALINK_DBDC_MODE -pipe -funit-at-a-time -Wno-pointer-sign -mtune=mips32 -mips32 -DLINUX_KERNEL_VERSION=263366 --sysroot=/opt/lede-toolchain-ramips-mt7621_gcc-5.4.0_musl-1.1.24.Linux-x86_64/toolchain-mipsel_24kc_gcc-5.4.0_musl-1.1.24  -ffunction-sections -fdata-sections -std=gnu99 		-DASUSWRT -I/repo/Pass_GPL/asuswrt/release/src-ra-openwrt-4210/router/openssl/include  --sysroot=/opt/lede-toolchain-ramips-mt7621_gcc-5.4.0_musl-1.1.24.Linux-x86_64/toolchain-mipsel_24kc_gcc-5.4.0_musl-1.1.24 -ffunction-sections -fdata-sections 		-Wl,--gc-sections 		-lpthread -ldl 		-L/repo/Pass_GPL/asuswrt/release/src-ra-openwrt-4210/router/zlib -lz conftest.c  -L/repo/Pass_GPL/asuswrt/release/src-ra-openwrt-4210/router/openssl/ -lssl -lcrypto >&5
configure:16688: $? = 0
configure:16688: result: yes
configure:16688: checking for DSA_get0_pqg
configure:16688: /opt/lede-toolchain-ramips-mt7621_gcc-5.4.0_musl-1.1.24.Linux-x86_64/toolchain-mipsel_24kc_gcc-5.4.0_musl-1.1.24/bin/mipsel-openwrt-linux-musl-gcc -o conftest -Os -Wall -DLINUX26 -DCONFIG_RALINK -DMUSL_LIBC -DDEBUG_NOISY -DDEBUG_RCTEST -D_GNU_SOURCE -D__UAPI_DEF_ETHHDR -DRALINK_DBDC_MODE -pipe -funit-at-a-time -Wno-pointer-sign -mtune=mips32 -mips32 -DLINUX_KERNEL_VERSION=263366 --sysroot=/opt/lede-toolchain-ramips-mt7621_gcc-5.4.0_musl-1.1.24.Linux-x86_64/toolchain-mipsel_24kc_gcc-5.4.0_musl-1.1.24  -ffunction-sections -fdata-sections -std=gnu99 		-DASUSWRT -I/repo/Pass_GPL/asuswrt/release/src-ra-openwrt-4210/router/openssl/include  --sysroot=/opt/lede-toolchain-ramips-mt7621_gcc-5.4.0_musl-1.1.24.Linux-x86_64/toolchain-mipsel_24kc_gcc-5.4.0_musl-1.1.24 -ffunction-sections -fdata-sections 		-Wl,--gc-sections 		-lpthread -ldl 		-L/repo/Pass_GPL/asuswrt/release/src-ra-openwrt-4210/router/zlib -lz conftest.c  -L/repo/Pass_GPL/asuswrt/release/src-ra-openwrt-4210/router/openssl/ -lssl -lcrypto >&5
configure:16688: $? = 0
configure:16688: result: yes
configure:16688: checking for DSA_bits
configure:16688: /opt/lede-toolchain-ramips-mt7621_gcc-5.4.0_musl-1.1.24.Linux-x86_64/toolchain-mipsel_24kc_gcc-5.4.0_musl-1.1.24/bin/mipsel-openwrt-linux-musl-gcc -o conftest -Os -Wall -DLINUX26 -DCONFIG_RALINK -DMUSL_LIBC -DDEBUG_NOISY -DDEBUG_RCTEST -D_GNU_SOURCE -D__UAPI_DEF_ETHHDR -DRALINK_DBDC_MODE -pipe -funit-at-a-time -Wno-pointer-sign -mtune=mips32 -mips32 -DLINUX_KERNEL_VERSION=263366 --sysroot=/opt/lede-toolchain-ramips-mt7621_gcc-5.4.0_musl-1.1.24.Linux-x86_64/toolchain-mipsel_24kc_gcc-5.4.0_musl-1.1.24  -ffunction-sections -fdata-sections -std=gnu99 		-DASUSWRT -I/repo/Pass_GPL/asuswrt/release/src-ra-openwrt-4210/router/openssl/include  --sysroot=/opt/lede-toolchain-ramips-mt7621_gcc-5.4.0_musl-1.1.24.Linux-x86_64/toolchain-mipsel_24kc_gcc-5.4.0_musl-1.1.24 -ffunction-sections -fdata-sections 		-Wl,--gc-sections 		-lpthread -ldl 		-L/repo/Pass_GPL/asuswrt/release/src-ra-openwrt-4210/router/zlib -lz conftest.c  -L/repo/Pass_GPL/asuswrt/release/src-ra-openwrt-4210/router/openssl/ -lssl -lcrypto >&5
configure:16688: $? = 0
configure:16688: result: yes
configure:16688: checking for RSA_meth_new
configure:16688: /opt/lede-toolchain-ramips-mt7621_gcc-5.4.0_musl-1.1.24.Linux-x86_64/toolchain-mipsel_24kc_gcc-5.4.0_musl-1.1.24/bin/mipsel-openwrt-linux-musl-gcc -o conftest -Os -Wall -DLINUX26 -DCONFIG_RALINK -DMUSL_LIBC -DDEBUG_NOISY -DDEBUG_RCTEST -D_GNU_SOURCE -D__UAPI_DEF_ETHHDR -DRALINK_DBDC_MODE -pipe -funit-at-a-time -Wno-pointer-sign -mtune=mips32 -mips32 -DLINUX_KERNEL_VERSION=263366 --sysroot=/opt/lede-toolchain-ramips-mt7621_gcc-5.4.0_musl-1.1.24.Linux-x86_64/toolchain-mipsel_24kc_gcc-5.4.0_musl-1.1.24  -ffunction-sections -fdata-sections -std=gnu99 		-DASUSWRT -I/repo/Pass_GPL/asuswrt/release/src-ra-openwrt-4210/router/openssl/include  --sysroot=/opt/lede-toolchain-ramips-mt7621_gcc-5.4.0_musl-1.1.24.Linux-x86_64/toolchain-mipsel_24kc_gcc-5.4.0_musl-1.1.24 -ffunction-sections -fdata-sections 		-Wl,--gc-sections 		-lpthread -ldl 		-L/repo/Pass_GPL/asuswrt/release/src-ra-openwrt-4210/router/zlib -lz conftest.c  -L/repo/Pass_GPL/asuswrt/release/src-ra-openwrt-4210/router/openssl/ -lssl -lcrypto >&5
configure:16688: $? = 0
configure:16688: result: yes
configure:16688: checking for RSA_meth_free
configure:16688: /opt/lede-toolchain-ramips-mt7621_gcc-5.4.0_musl-1.1.24.Linux-x86_64/toolchain-mipsel_24kc_gcc-5.4.0_musl-1.1.24/bin/mipsel-openwrt-linux-musl-gcc -o conftest -Os -Wall -DLINUX26 -DCONFIG_RALINK -DMUSL_LIBC -DDEBUG_NOISY -DDEBUG_RCTEST -D_GNU_SOURCE -D__UAPI_DEF_ETHHDR -DRALINK_DBDC_MODE -pipe -funit-at-a-time -Wno-pointer-sign -mtune=mips32 -mips32 -DLINUX_KERNEL_VERSION=263366 --sysroot=/opt/lede-toolchain-ramips-mt7621_gcc-5.4.0_musl-1.1.24.Linux-x86_64/toolchain-mipsel_24kc_gcc-5.4.0_musl-1.1.24  -ffunction-sections -fdata-sections -std=gnu99 		-DASUSWRT -I/repo/Pass_GPL/asuswrt/release/src-ra-openwrt-4210/router/openssl/include  --sysroot=/opt/lede-toolchain-ramips-mt7621_gcc-5.4.0_musl-1.1.24.Linux-x86_64/toolchain-mipsel_24kc_gcc-5.4.0_musl-1.1.24 -ffunction-sections -fdata-sections 		-Wl,--gc-sections 		-lpthread -ldl 		-L/repo/Pass_GPL/asuswrt/release/src-ra-openwrt-4210/router/zlib -lz conftest.c  -L/repo/Pass_GPL/asuswrt/release/src-ra-openwrt-4210/router/openssl/ -lssl -lcrypto >&5
configure:16688: $? = 0
configure:16688: result: yes
configure:16688: checking for RSA_meth_set_pub_enc
configure:16688: /opt/lede-toolchain-ramips-mt7621_gcc-5.4.0_musl-1.1.24.Linux-x86_64/toolchain-mipsel_24kc_gcc-5.4.0_musl-1.1.24/bin/mipsel-openwrt-linux-musl-gcc -o conftest -Os -Wall -DLINUX26 -DCONFIG_RALINK -DMUSL_LIBC -DDEBUG_NOISY -DDEBUG_RCTEST -D_GNU_SOURCE -D__UAPI_DEF_ETHHDR -DRALINK_DBDC_MODE -pipe -funit-at-a-time -Wno-pointer-sign -mtune=mips32 -mips32 -DLINUX_KERNEL_VERSION=263366 --sysroot=/opt/lede-toolchain-ramips-mt7621_gcc-5.4.0_musl-1.1.24.Linux-x86_64/toolchain-mipsel_24kc_gcc-5.4.0_musl-1.1.24  -ffunction-sections -fdata-sections -std=gnu99 		-DASUSWRT -I/repo/Pass_GPL/asuswrt/release/src-ra-openwrt-4210/router/openssl/include  --sysroot=/opt/lede-toolchain-ramips-mt7621_gcc-5.4.0_musl-1.1.24.Linux-x86_64/toolchain-mipsel_24kc_gcc-5.4.0_musl-1.1.24 -ffunction-sections -fdata-sections 		-Wl,--gc-sections 		-lpthread -ldl 		-L/repo/Pass_GPL/asuswrt/release/src-ra-openwrt-4210/router/zlib -lz conftest.c  -L/repo/Pass_GPL/asuswrt/release/src-ra-openwrt-4210/router/openssl/ -lssl -lcrypto >&5
configure:16688: $? = 0
configure:16688: result: yes
configure:16688: checking for RSA_meth_set_pub_dec
configure:16688: /opt/lede-toolchain-ramips-mt7621_gcc-5.4.0_musl-1.1.24.Linux-x86_64/toolchain-mipsel_24kc_gcc-5.4.0_musl-1.1.24/bin/mipsel-openwrt-linux-musl-gcc -o conftest -Os -Wall -DLINUX26 -DCONFIG_RALINK -DMUSL_LIBC -DDEBUG_NOISY -DDEBUG_RCTEST -D_GNU_SOURCE -D__UAPI_DEF_ETHHDR -DRALINK_DBDC_MODE -pipe -funit-at-a-time -Wno-pointer-sign -mtune=mips32 -mips32 -DLINUX_KERNEL_VERSION=263366 --sysroot=/opt/lede-toolchain-ramips-mt7621_gcc-5.4.0_musl-1.1.24.Linux-x86_64/toolchain-mipsel_24kc_gcc-5.4.0_musl-1.1.24  -ffunction-sections -fdata-sections -std=gnu99 		-DASUSWRT -I/repo/Pass_GPL/asuswrt/release/src-ra-openwrt-4210/router/openssl/include  --sysroot=/opt/lede-toolchain-ramips-mt7621_gcc-5.4.0_musl-1.1.24.Linux-x86_64/toolchain-mipsel_24kc_gcc-5.4.0_musl-1.1.24 -ffunction-sections -fdata-sections 		-Wl,--gc-sections 		-lpthread -ldl 		-L/repo/Pass_GPL/asuswrt/release/src-ra-openwrt-4210/router/zlib -lz conftest.c  -L/repo/Pass_GPL/asuswrt/release/src-ra-openwrt-4210/router/openssl/ -lssl -lcrypto >&5
configure:16688: $? = 0
configure:16688: result: yes
configure:16688: checking for RSA_meth_set_priv_enc
configure:16688: /opt/lede-toolchain-ramips-mt7621_gcc-5.4.0_musl-1.1.24.Linux-x86_64/toolchain-mipsel_24kc_gcc-5.4.0_musl-1.1.24/bin/mipsel-openwrt-linux-musl-gcc -o conftest -Os -Wall -DLINUX26 -DCONFIG_RALINK -DMUSL_LIBC -DDEBUG_NOISY -DDEBUG_RCTEST -D_GNU_SOURCE -D__UAPI_DEF_ETHHDR -DRALINK_DBDC_MODE -pipe -funit-at-a-time -Wno-pointer-sign -mtune=mips32 -mips32 -DLINUX_KERNEL_VERSION=263366 --sysroot=/opt/lede-toolchain-ramips-mt7621_gcc-5.4.0_musl-1.1.24.Linux-x86_64/toolchain-mipsel_24kc_gcc-5.4.0_musl-1.1.24  -ffunction-sections -fdata-sections -std=gnu99 		-DASUSWRT -I/repo/Pass_GPL/asuswrt/release/src-ra-openwrt-4210/router/openssl/include  --sysroot=/opt/lede-toolchain-ramips-mt7621_gcc-5.4.0_musl-1.1.24.Linux-x86_64/toolchain-mipsel_24kc_gcc-5.4.0_musl-1.1.24 -ffunction-sections -fdata-sections 		-Wl,--gc-sections 		-lpthread -ldl 		-L/repo/Pass_GPL/asuswrt/release/src-ra-openwrt-4210/router/zlib -lz conftest.c  -L/repo/Pass_GPL/asuswrt/release/src-ra-openwrt-4210/router/openssl/ -lssl -lcrypto >&5
configure:16688: $? = 0
configure:16688: result: yes
configure:16688: checking for RSA_meth_set_priv_dec
configure:16688: /opt/lede-toolchain-ramips-mt7621_gcc-5.4.0_musl-1.1.24.Linux-x86_64/toolchain-mipsel_24kc_gcc-5.4.0_musl-1.1.24/bin/mipsel-openwrt-linux-musl-gcc -o conftest -Os -Wall -DLINUX26 -DCONFIG_RALINK -DMUSL_LIBC -DDEBUG_NOISY -DDEBUG_RCTEST -D_GNU_SOURCE -D__UAPI_DEF_ETHHDR -DRALINK_DBDC_MODE -pipe -funit-at-a-time -Wno-pointer-sign -mtune=mips32 -mips32 -DLINUX_KERNEL_VERSION=263366 --sysroot=/opt/lede-toolchain-ramips-mt7621_gcc-5.4.0_musl-1.1.24.Linux-x86_64/toolchain-mipsel_24kc_gcc-5.4.0_musl-1.1.24  -ffunction-sections -fdata-sections -std=gnu99 		-DASUSWRT -I/repo/Pass_GPL/asuswrt/release/src-ra-openwrt-4210/router/openssl/include  --sysroot=/opt/lede-toolchain-ramips-mt7621_gcc-5.4.0_musl-1.1.24.Linux-x86_64/toolchain-mipsel_24kc_gcc-5.4.0_musl-1.1.24 -ffunction-sections -fdata-sections 		-Wl,--gc-sections 		-lpthread -ldl 		-L/repo/Pass_GPL/asuswrt/release/src-ra-openwrt-4210/router/zlib -lz conftest.c  -L/repo/Pass_GPL/asuswrt/release/src-ra-openwrt-4210/router/openssl/ -lssl -lcrypto >&5
configure:16688: $? = 0
configure:16688: result: yes
configure:16688: checking for RSA_meth_set_init
configure:16688: /opt/lede-toolchain-ramips-mt7621_gcc-5.4.0_musl-1.1.24.Linux-x86_64/toolchain-mipsel_24kc_gcc-5.4.0_musl-1.1.24/bin/mipsel-openwrt-linux-musl-gcc -o conftest -Os -Wall -DLINUX26 -DCONFIG_RALINK -DMUSL_LIBC -DDEBUG_NOISY -DDEBUG_RCTEST -D_GNU_SOURCE -D__UAPI_DEF_ETHHDR -DRALINK_DBDC_MODE -pipe -funit-at-a-time -Wno-pointer-sign -mtune=mips32 -mips32 -DLINUX_KERNEL_VERSION=263366 --sysroot=/opt/lede-toolchain-ramips-mt7621_gcc-5.4.0_musl-1.1.24.Linux-x86_64/toolchain-mipsel_24kc_gcc-5.4.0_musl-1.1.24  -ffunction-sections -fdata-sections -std=gnu99 		-DASUSWRT -I/repo/Pass_GPL/asuswrt/release/src-ra-openwrt-4210/router/openssl/include  --sysroot=/opt/lede-toolchain-ramips-mt7621_gcc-5.4.0_musl-1.1.24.Linux-x86_64/toolchain-mipsel_24kc_gcc-5.4.0_musl-1.1.24 -ffunction-sections -fdata-sections 		-Wl,--gc-sections 		-lpthread -ldl 		-L/repo/Pass_GPL/asuswrt/release/src-ra-openwrt-4210/router/zlib -lz conftest.c  -L/repo/Pass_GPL/asuswrt/release/src-ra-openwrt-4210/router/openssl/ -lssl -lcrypto >&5
configure:16688: $? = 0
configure:16688: result: yes
configure:16688: checking for RSA_meth_set_sign
configure:16688: /opt/lede-toolchain-ramips-mt7621_gcc-5.4.0_musl-1.1.24.Linux-x86_64/toolchain-mipsel_24kc_gcc-5.4.0_musl-1.1.24/bin/mipsel-openwrt-linux-musl-gcc -o conftest -Os -Wall -DLINUX26 -DCONFIG_RALINK -DMUSL_LIBC -DDEBUG_NOISY -DDEBUG_RCTEST -D_GNU_SOURCE -D__UAPI_DEF_ETHHDR -DRALINK_DBDC_MODE -pipe -funit-at-a-time -Wno-pointer-sign -mtune=mips32 -mips32 -DLINUX_KERNEL_VERSION=263366 --sysroot=/opt/lede-toolchain-ramips-mt7621_gcc-5.4.0_musl-1.1.24.Linux-x86_64/toolchain-mipsel_24kc_gcc-5.4.0_musl-1.1.24  -ffunction-sections -fdata-sections -std=gnu99 		-DASUSWRT -I/repo/Pass_GPL/asuswrt/release/src-ra-openwrt-4210/router/openssl/include  --sysroot=/opt/lede-toolchain-ramips-mt7621_gcc-5.4.0_musl-1.1.24.Linux-x86_64/toolchain-mipsel_24kc_gcc-5.4.0_musl-1.1.24 -ffunction-sections -fdata-sections 		-Wl,--gc-sections 		-lpthread -ldl 		-L/repo/Pass_GPL/asuswrt/release/src-ra-openwrt-4210/router/zlib -lz conftest.c  -L/repo/Pass_GPL/asuswrt/release/src-ra-openwrt-4210/router/openssl/ -lssl -lcrypto >&5
configure:16688: $? = 0
configure:16688: result: yes
configure:16688: checking for RSA_meth_set_finish
configure:16688: /opt/lede-toolchain-ramips-mt7621_gcc-5.4.0_musl-1.1.24.Linux-x86_64/toolchain-mipsel_24kc_gcc-5.4.0_musl-1.1.24/bin/mipsel-openwrt-linux-musl-gcc -o conftest -Os -Wall -DLINUX26 -DCONFIG_RALINK -DMUSL_LIBC -DDEBUG_NOISY -DDEBUG_RCTEST -D_GNU_SOURCE -D__UAPI_DEF_ETHHDR -DRALINK_DBDC_MODE -pipe -funit-at-a-time -Wno-pointer-sign -mtune=mips32 -mips32 -DLINUX_KERNEL_VERSION=263366 --sysroot=/opt/lede-toolchain-ramips-mt7621_gcc-5.4.0_musl-1.1.24.Linux-x86_64/toolchain-mipsel_24kc_gcc-5.4.0_musl-1.1.24  -ffunction-sections -fdata-sections -std=gnu99 		-DASUSWRT -I/repo/Pass_GPL/asuswrt/release/src-ra-openwrt-4210/router/openssl/include  --sysroot=/opt/lede-toolchain-ramips-mt7621_gcc-5.4.0_musl-1.1.24.Linux-x86_64/toolchain-mipsel_24kc_gcc-5.4.0_musl-1.1.24 -ffunction-sections -fdata-sections 		-Wl,--gc-sections 		-lpthread -ldl 		-L/repo/Pass_GPL/asuswrt/release/src-ra-openwrt-4210/router/zlib -lz conftest.c  -L/repo/Pass_GPL/asuswrt/release/src-ra-openwrt-4210/router/openssl/ -lssl -lcrypto >&5
configure:16688: $? = 0
configure:16688: result: yes
configure:16688: checking for RSA_meth_set0_app_data
configure:16688: /opt/lede-toolchain-ramips-mt7621_gcc-5.4.0_musl-1.1.24.Linux-x86_64/toolchain-mipsel_24kc_gcc-5.4.0_musl-1.1.24/bin/mipsel-openwrt-linux-musl-gcc -o conftest -Os -Wall -DLINUX26 -DCONFIG_RALINK -DMUSL_LIBC -DDEBUG_NOISY -DDEBUG_RCTEST -D_GNU_SOURCE -D__UAPI_DEF_ETHHDR -DRALINK_DBDC_MODE -pipe -funit-at-a-time -Wno-pointer-sign -mtune=mips32 -mips32 -DLINUX_KERNEL_VERSION=263366 --sysroot=/opt/lede-toolchain-ramips-mt7621_gcc-5.4.0_musl-1.1.24.Linux-x86_64/toolchain-mipsel_24kc_gcc-5.4.0_musl-1.1.24  -ffunction-sections -fdata-sections -std=gnu99 		-DASUSWRT -I/repo/Pass_GPL/asuswrt/release/src-ra-openwrt-4210/router/openssl/include  --sysroot=/opt/lede-toolchain-ramips-mt7621_gcc-5.4.0_musl-1.1.24.Linux-x86_64/toolchain-mipsel_24kc_gcc-5.4.0_musl-1.1.24 -ffunction-sections -fdata-sections 		-Wl,--gc-sections 		-lpthread -ldl 		-L/repo/Pass_GPL/asuswrt/release/src-ra-openwrt-4210/router/zlib -lz conftest.c  -L/repo/Pass_GPL/asuswrt/release/src-ra-openwrt-4210/router/openssl/ -lssl -lcrypto >&5
configure:16688: $? = 0
configure:16688: result: yes
configure:16688: checking for RSA_meth_get0_app_data
configure:16688: /opt/lede-toolchain-ramips-mt7621_gcc-5.4.0_musl-1.1.24.Linux-x86_64/toolchain-mipsel_24kc_gcc-5.4.0_musl-1.1.24/bin/mipsel-openwrt-linux-musl-gcc -o conftest -Os -Wall -DLINUX26 -DCONFIG_RALINK -DMUSL_LIBC -DDEBUG_NOISY -DDEBUG_RCTEST -D_GNU_SOURCE -D__UAPI_DEF_ETHHDR -DRALINK_DBDC_MODE -pipe -funit-at-a-time -Wno-pointer-sign -mtune=mips32 -mips32 -DLINUX_KERNEL_VERSION=263366 --sysroot=/opt/lede-toolchain-ramips-mt7621_gcc-5.4.0_musl-1.1.24.Linux-x86_64/toolchain-mipsel_24kc_gcc-5.4.0_musl-1.1.24  -ffunction-sections -fdata-sections -std=gnu99 		-DASUSWRT -I/repo/Pass_GPL/asuswrt/release/src-ra-openwrt-4210/router/openssl/include  --sysroot=/opt/lede-toolchain-ramips-mt7621_gcc-5.4.0_musl-1.1.24.Linux-x86_64/toolchain-mipsel_24kc_gcc-5.4.0_musl-1.1.24 -ffunction-sections -fdata-sections 		-Wl,--gc-sections 		-lpthread -ldl 		-L/repo/Pass_GPL/asuswrt/release/src-ra-openwrt-4210/router/zlib -lz conftest.c  -L/repo/Pass_GPL/asuswrt/release/src-ra-openwrt-4210/router/openssl/ -lssl -lcrypto >&5
configure:16688: $? = 0
configure:16688: result: yes
configure:16688: checking for EC_GROUP_order_bits
configure:16688: /opt/lede-toolchain-ramips-mt7621_gcc-5.4.0_musl-1.1.24.Linux-x86_64/toolchain-mipsel_24kc_gcc-5.4.0_musl-1.1.24/bin/mipsel-openwrt-linux-musl-gcc -o conftest -Os -Wall -DLINUX26 -DCONFIG_RALINK -DMUSL_LIBC -DDEBUG_NOISY -DDEBUG_RCTEST -D_GNU_SOURCE -D__UAPI_DEF_ETHHDR -DRALINK_DBDC_MODE -pipe -funit-at-a-time -Wno-pointer-sign -mtune=mips32 -mips32 -DLINUX_KERNEL_VERSION=263366 --sysroot=/opt/lede-toolchain-ramips-mt7621_gcc-5.4.0_musl-1.1.24.Linux-x86_64/toolchain-mipsel_24kc_gcc-5.4.0_musl-1.1.24  -ffunction-sections -fdata-sections -std=gnu99 		-DASUSWRT -I/repo/Pass_GPL/asuswrt/release/src-ra-openwrt-4210/router/openssl/include  --sysroot=/opt/lede-toolchain-ramips-mt7621_gcc-5.4.0_musl-1.1.24.Linux-x86_64/toolchain-mipsel_24kc_gcc-5.4.0_musl-1.1.24 -ffunction-sections -fdata-sections 		-Wl,--gc-sections 		-lpthread -ldl 		-L/repo/Pass_GPL/asuswrt/release/src-ra-openwrt-4210/router/zlib -lz conftest.c  -L/repo/Pass_GPL/asuswrt/release/src-ra-openwrt-4210/router/openssl/ -lssl -lcrypto >&5
configure:16688: $? = 0
configure:16688: result: yes
configure:16963: checking lzo/lzoutil.h usability
configure:16963: /opt/lede-toolchain-ramips-mt7621_gcc-5.4.0_musl-1.1.24.Linux-x86_64/toolchain-mipsel_24kc_gcc-5.4.0_musl-1.1.24/bin/mipsel-openwrt-linux-musl-gcc -c -Os -Wall -DLINUX26 -DCONFIG_RALINK -DMUSL_LIBC -DDEBUG_NOISY -DDEBUG_RCTEST -D_GNU_SOURCE -D__UAPI_DEF_ETHHDR -DRALINK_DBDC_MODE -pipe -funit-at-a-time -Wno-pointer-sign -mtune=mips32 -mips32 -DLINUX_KERNEL_VERSION=263366 --sysroot=/opt/lede-toolchain-ramips-mt7621_gcc-5.4.0_musl-1.1.24.Linux-x86_64/toolchain-mipsel_24kc_gcc-5.4.0_musl-1.1.24  -ffunction-sections -fdata-sections -std=gnu99 		-DASUSWRT -I/repo/Pass_GPL/asuswrt/release/src-ra-openwrt-4210/router/lzo/include  conftest.c >&5
configure:16963: $? = 0
configure:16963: result: yes
configure:16963: checking lzo/lzoutil.h presence
configure:16963: /opt/lede-toolchain-ramips-mt7621_gcc-5.4.0_musl-1.1.24.Linux-x86_64/toolchain-mipsel_24kc_gcc-5.4.0_musl-1.1.24/bin/mipsel-openwrt-linux-musl-gcc -E  conftest.c
conftest.c:211:25: fatal error: lzo/lzoutil.h: No such file or directory
compilation terminated.
configure:16963: $? = 1
configure: failed program was:
| /* confdefs.h */
| #define PACKAGE_NAME "OpenVPN"
| #define PACKAGE_TARNAME "openvpn"
| #define PACKAGE_VERSION "2.4.12"
| #define PACKAGE_STRING "OpenVPN 2.4.12"
| #define PACKAGE_BUGREPORT "openvpn-users@lists.sourceforge.net"
| #define PACKAGE_URL ""
| #define OPENVPN_VERSION_RESOURCE 2,4,12,0
| #define OPENVPN_VERSION_MAJOR 2
| #define OPENVPN_VERSION_MINOR 4
| #define OPENVPN_VERSION_PATCH ".12"
| #define PACKAGE "openvpn"
| #define VERSION "2.4.12"
| #define STDC_HEADERS 1
| #define HAVE_SYS_TYPES_H 1
| #define HAVE_SYS_STAT_H 1
| #define HAVE_STDLIB_H 1
| #define HAVE_STRING_H 1
| #define HAVE_MEMORY_H 1
| #define HAVE_STRINGS_H 1
| #define HAVE_INTTYPES_H 1
| #define HAVE_STDINT_H 1
| #define HAVE_UNISTD_H 1
| #define __EXTENSIONS__ 1
| #define _ALL_SOURCE 1
| #define _GNU_SOURCE 1
| #define _POSIX_PTHREAD_SEMANTICS 1
| #define _TANDEM_SOURCE 1
| #define TARGET_ALIAS "mipsel-unknown-linux-gnu"
| #define TARGET_LINUX 1
| #define TARGET_PREFIX "L"
| #define IFCONFIG_PATH "/sbin/ifconfig"
| #define IPROUTE_PATH "/usr/sbin/ip"
| #define ROUTE_PATH "/sbin/route"
| #define SYSTEMD_ASK_PASSWORD_PATH ""
| #define HAVE_DLFCN_H 1
| #define LT_OBJDIR ".libs/"
| #define RETSIGTYPE void
| #define HAVE_CPP_VARARG_MACRO_ISO 1
| #define HAVE_CPP_VARARG_MACRO_GCC 1
| #define EMPTY_ARRAY_SIZE 0
| #define SIZEOF_UNSIGNED_INT 4
| #define SIZEOF_UNSIGNED_LONG 4
| #define HAVE_STDIO_H 1
| #define HAVE_STDARG_H 1
| #define HAVE_LIMITS_H 1
| #define HAVE_TIME_H 1
| #define HAVE_ERRNO_H 1
| #define HAVE_FCNTL_H 1
| #define HAVE_CTYPE_H 1
| #define HAVE_SYS_TYPES_H 1
| #define HAVE_SYS_SOCKET_H 1
| #define HAVE_SIGNAL_H 1
| #define HAVE_UNISTD_H 1
| #define HAVE_DLFCN_H 1
| #define HAVE_NETINET_IN_H 1
| #define HAVE_NETINET_IN_SYSTM_H 1
| #define HAVE_NETINET_TCP_H 1
| #define HAVE_ARPA_INET_H 1
| #define HAVE_NETDB_H 1
| #define HAVE_SYS_TIME_H 1
| #define HAVE_SYS_IOCTL_H 1
| #define HAVE_SYS_STAT_H 1
| #define HAVE_SYS_MMAN_H 1
| #define HAVE_SYS_FILE_H 1
| #define HAVE_SYS_WAIT_H 1
| #define HAVE_UNISTD_H 1
| #define HAVE_SIGNAL_H 1
| #define HAVE_LIBGEN_H 1
| #define HAVE_STROPTS_H 1
| #define HAVE_SYSLOG_H 1
| #define HAVE_PWD_H 1
| #define HAVE_GRP_H 1
| #define HAVE_SYS_UIO_H 1
| #define HAVE_LINUX_SOCKIOS_H 1
| #define HAVE_LINUX_TYPES_H 1
| #define HAVE_LINUX_ERRQUEUE_H 1
| #define HAVE_SYS_POLL_H 1
| #define HAVE_SYS_EPOLL_H 1
| #define HAVE_ERR_H 1
| #define HAVE_NET_IF_H 1
| #define HAVE_NETINET_IP_H 1
| #define HAVE_RESOLV_H 1
| #define HAVE_SYS_UN_H 1
| #define HAVE_IN_ADDR_T 1
| #define HAVE_IN_PORT_T 1
| #define HAVE_IPHDR 1
| #define HAVE_MSGHDR 1
| #define HAVE_CMSGHDR 1
| #define HAVE_IN_PKTINFO 1
| #define HAVE_SA_FAMILY_T 1
| #define HAVE_IPI_SPEC_DST 1
| #define HAVE_DECL_SO_MARK 1
| #define HAVE_ANONYMOUS_UNION_SUPPORT /**/
| #define HAVE_DECL_SIGHUP 1
| #define HAVE_DECL_SIGINT 1
| #define HAVE_DECL_SIGUSR1 1
| #define HAVE_DECL_SIGUSR2 1
| #define HAVE_DECL_SIGTERM 1
| #define HAVE_FORK 1
| #define HAVE_VFORK 1
| #define HAVE_WORKING_VFORK 1
| #define HAVE_WORKING_FORK 1
| #define HAVE_DAEMON 1
| #define HAVE_CHROOT 1
| #define HAVE_GETPWNAM 1
| #define HAVE_SETUID 1
| #define HAVE_NICE 1
| #define HAVE_SYSTEM 1
| #define HAVE_GETPID 1
| #define HAVE_DUP 1
| #define HAVE_DUP2 1
| #define HAVE_GETPASS 1
| #define HAVE_SYSLOG 1
| #define HAVE_OPENLOG 1
| #define HAVE_MLOCKALL 1
| #define HAVE_GETGRNAM 1
| #define HAVE_SETGID 1
| #define HAVE_SETGROUPS 1
| #define HAVE_STAT 1
| #define HAVE_FLOCK 1
| #define HAVE_READV 1
| #define HAVE_WRITEV 1
| #define HAVE_TIME 1
| #define HAVE_GETTIMEOFDAY 1
| #define HAVE_CTIME 1
| #define HAVE_MEMSET 1
| #define HAVE_VSNPRINTF 1
| #define HAVE_STRDUP 1
| #define HAVE_SETSID 1
| #define HAVE_CHDIR 1
| #define HAVE_PUTENV 1
| #define HAVE_GETPEERNAME 1
| #define HAVE_UNLINK 1
| #define HAVE_FTRUNCATE 1
| #define HAVE_EXECVE 1
| #define HAVE_UMASK 1
| #define HAVE_BASENAME 1
| #define HAVE_DIRNAME 1
| #define HAVE_ACCESS 1
| #define HAVE_EPOLL_CREATE 1
| #define HAVE_SENDMSG 1
| #define HAVE_RECVMSG 1
| #define HAVE_INET_NTOP 1
| #define HAVE_INET_PTON 1
| #define HAVE_SOCKET 1
| #define HAVE_RECV 1
| #define HAVE_RECVFROM 1
| #define HAVE_SEND 1
| #define HAVE_SENDTO 1
| #define HAVE_LISTEN 1
| #define HAVE_ACCEPT 1
| #define HAVE_CONNECT 1
| #define HAVE_BIND 1
| #define HAVE_SELECT 1
| #define HAVE_GETHOSTBYNAME 1
| #define HAVE_INET_NTOA 1
| #define HAVE_SETSOCKOPT 1
| #define HAVE_GETSOCKOPT 1
| #define HAVE_GETSOCKNAME 1
| #define HAVE_POLL 1
| #define HAVE_LINUX_IF_TUN_H 1
| #define HAVE_DECL_TUNSETPERSIST 1
| #define ENABLE_FEATURE_TUN_PERSIST 1
| #define HAVE_SSL_CTX_NEW 1
| #define HAVE_EVP_CIPHER_CTX_SET_KEY_LENGTH 1
| #define HAVE_ENGINE_LOAD_BUILTIN_ENGINES 1
| #define HAVE_ENGINE_REGISTER_ALL_COMPLETE 1
| #define HAVE_OPENSSL_ENGINE 1
| #define HAVE_EVP_AES_256_GCM 1
| #define HAVE_HMAC_CTX_NEW 1
| #define HAVE_HMAC_CTX_FREE 1
| #define HAVE_HMAC_CTX_RESET 1
| #define HAVE_EVP_MD_CTX_NEW 1
| #define HAVE_EVP_MD_CTX_FREE 1
| #define HAVE_EVP_MD_CTX_RESET 1
| #define HAVE_EVP_CIPHER_CTX_RESET 1
| #define HAVE_SSL_CTX_GET_DEFAULT_PASSWD_CB 1
| #define HAVE_SSL_CTX_GET_DEFAULT_PASSWD_CB_USERDATA 1
| #define HAVE_SSL_CTX_SET_SECURITY_LEVEL 1
| #define HAVE_X509_GET0_NOTBEFORE 1
| #define HAVE_X509_GET0_NOTAFTER 1
| #define HAVE_X509_GET0_PUBKEY 1
| #define HAVE_X509_STORE_GET0_OBJECTS 1
| #define HAVE_X509_OBJECT_FREE 1
| #define HAVE_X509_OBJECT_GET_TYPE 1
| #define HAVE_EVP_PKEY_ID 1
| #define HAVE_EVP_PKEY_GET0_RSA 1
| #define HAVE_EVP_PKEY_GET0_DSA 1
| #define HAVE_EVP_PKEY_GET0_EC_KEY 1
| #define HAVE_RSA_SET_FLAGS 1
| #define HAVE_RSA_BITS 1
| #define HAVE_RSA_GET0_KEY 1
| #define HAVE_RSA_SET0_KEY 1
| #define HAVE_DSA_GET0_PQG 1
| #define HAVE_DSA_BITS 1
| #define HAVE_RSA_METH_NEW 1
| #define HAVE_RSA_METH_FREE 1
| #define HAVE_RSA_METH_SET_PUB_ENC 1
| #define HAVE_RSA_METH_SET_PUB_DEC 1
| #define HAVE_RSA_METH_SET_PRIV_ENC 1
| #define HAVE_RSA_METH_SET_PRIV_DEC 1
| #define HAVE_RSA_METH_SET_INIT 1
| #define HAVE_RSA_METH_SET_SIGN 1
| #define HAVE_RSA_METH_SET_FINISH 1
| #define HAVE_RSA_METH_SET0_APP_DATA 1
| #define HAVE_RSA_METH_GET0_APP_DATA 1
| #define HAVE_EC_GROUP_ORDER_BITS 1
| #define ENABLE_CRYPTO_OPENSSL 1
| /* end confdefs.h.  */
| #include <lzo/lzoutil.h>
configure:16963: result: no
configure:16963: WARNING: lzo/lzoutil.h: accepted by the compiler, rejected by the preprocessor!
configure:16963: WARNING: lzo/lzoutil.h: proceeding with the compiler's result
configure:16963: checking for lzo/lzoutil.h
configure:16963: result: yes
configure:16992: checking lzo/lzo1x.h usability
configure:16992: /opt/lede-toolchain-ramips-mt7621_gcc-5.4.0_musl-1.1.24.Linux-x86_64/toolchain-mipsel_24kc_gcc-5.4.0_musl-1.1.24/bin/mipsel-openwrt-linux-musl-gcc -c -Os -Wall -DLINUX26 -DCONFIG_RALINK -DMUSL_LIBC -DDEBUG_NOISY -DDEBUG_RCTEST -D_GNU_SOURCE -D__UAPI_DEF_ETHHDR -DRALINK_DBDC_MODE -pipe -funit-at-a-time -Wno-pointer-sign -mtune=mips32 -mips32 -DLINUX_KERNEL_VERSION=263366 --sysroot=/opt/lede-toolchain-ramips-mt7621_gcc-5.4.0_musl-1.1.24.Linux-x86_64/toolchain-mipsel_24kc_gcc-5.4.0_musl-1.1.24  -ffunction-sections -fdata-sections -std=gnu99 		-DASUSWRT -I/repo/Pass_GPL/asuswrt/release/src-ra-openwrt-4210/router/lzo/include  conftest.c >&5
configure:16992: $? = 0
configure:16992: result: yes
configure:16992: checking lzo/lzo1x.h presence
configure:16992: /opt/lede-toolchain-ramips-mt7621_gcc-5.4.0_musl-1.1.24.Linux-x86_64/toolchain-mipsel_24kc_gcc-5.4.0_musl-1.1.24/bin/mipsel-openwrt-linux-musl-gcc -E  conftest.c
conftest.c:212:23: fatal error: lzo/lzo1x.h: No such file or directory
compilation terminated.
configure:16992: $? = 1
configure: failed program was:
| /* confdefs.h */
| #define PACKAGE_NAME "OpenVPN"
| #define PACKAGE_TARNAME "openvpn"
| #define PACKAGE_VERSION "2.4.12"
| #define PACKAGE_STRING "OpenVPN 2.4.12"
| #define PACKAGE_BUGREPORT "openvpn-users@lists.sourceforge.net"
| #define PACKAGE_URL ""
| #define OPENVPN_VERSION_RESOURCE 2,4,12,0
| #define OPENVPN_VERSION_MAJOR 2
| #define OPENVPN_VERSION_MINOR 4
| #define OPENVPN_VERSION_PATCH ".12"
| #define PACKAGE "openvpn"
| #define VERSION "2.4.12"
| #define STDC_HEADERS 1
| #define HAVE_SYS_TYPES_H 1
| #define HAVE_SYS_STAT_H 1
| #define HAVE_STDLIB_H 1
| #define HAVE_STRING_H 1
| #define HAVE_MEMORY_H 1
| #define HAVE_STRINGS_H 1
| #define HAVE_INTTYPES_H 1
| #define HAVE_STDINT_H 1
| #define HAVE_UNISTD_H 1
| #define __EXTENSIONS__ 1
| #define _ALL_SOURCE 1
| #define _GNU_SOURCE 1
| #define _POSIX_PTHREAD_SEMANTICS 1
| #define _TANDEM_SOURCE 1
| #define TARGET_ALIAS "mipsel-unknown-linux-gnu"
| #define TARGET_LINUX 1
| #define TARGET_PREFIX "L"
| #define IFCONFIG_PATH "/sbin/ifconfig"
| #define IPROUTE_PATH "/usr/sbin/ip"
| #define ROUTE_PATH "/sbin/route"
| #define SYSTEMD_ASK_PASSWORD_PATH ""
| #define HAVE_DLFCN_H 1
| #define LT_OBJDIR ".libs/"
| #define RETSIGTYPE void
| #define HAVE_CPP_VARARG_MACRO_ISO 1
| #define HAVE_CPP_VARARG_MACRO_GCC 1
| #define EMPTY_ARRAY_SIZE 0
| #define SIZEOF_UNSIGNED_INT 4
| #define SIZEOF_UNSIGNED_LONG 4
| #define HAVE_STDIO_H 1
| #define HAVE_STDARG_H 1
| #define HAVE_LIMITS_H 1
| #define HAVE_TIME_H 1
| #define HAVE_ERRNO_H 1
| #define HAVE_FCNTL_H 1
| #define HAVE_CTYPE_H 1
| #define HAVE_SYS_TYPES_H 1
| #define HAVE_SYS_SOCKET_H 1
| #define HAVE_SIGNAL_H 1
| #define HAVE_UNISTD_H 1
| #define HAVE_DLFCN_H 1
| #define HAVE_NETINET_IN_H 1
| #define HAVE_NETINET_IN_SYSTM_H 1
| #define HAVE_NETINET_TCP_H 1
| #define HAVE_ARPA_INET_H 1
| #define HAVE_NETDB_H 1
| #define HAVE_SYS_TIME_H 1
| #define HAVE_SYS_IOCTL_H 1
| #define HAVE_SYS_STAT_H 1
| #define HAVE_SYS_MMAN_H 1
| #define HAVE_SYS_FILE_H 1
| #define HAVE_SYS_WAIT_H 1
| #define HAVE_UNISTD_H 1
| #define HAVE_SIGNAL_H 1
| #define HAVE_LIBGEN_H 1
| #define HAVE_STROPTS_H 1
| #define HAVE_SYSLOG_H 1
| #define HAVE_PWD_H 1
| #define HAVE_GRP_H 1
| #define HAVE_SYS_UIO_H 1
| #define HAVE_LINUX_SOCKIOS_H 1
| #define HAVE_LINUX_TYPES_H 1
| #define HAVE_LINUX_ERRQUEUE_H 1
| #define HAVE_SYS_POLL_H 1
| #define HAVE_SYS_EPOLL_H 1
| #define HAVE_ERR_H 1
| #define HAVE_NET_IF_H 1
| #define HAVE_NETINET_IP_H 1
| #define HAVE_RESOLV_H 1
| #define HAVE_SYS_UN_H 1
| #define HAVE_IN_ADDR_T 1
| #define HAVE_IN_PORT_T 1
| #define HAVE_IPHDR 1
| #define HAVE_MSGHDR 1
| #define HAVE_CMSGHDR 1
| #define HAVE_IN_PKTINFO 1
| #define HAVE_SA_FAMILY_T 1
| #define HAVE_IPI_SPEC_DST 1
| #define HAVE_DECL_SO_MARK 1
| #define HAVE_ANONYMOUS_UNION_SUPPORT /**/
| #define HAVE_DECL_SIGHUP 1
| #define HAVE_DECL_SIGINT 1
| #define HAVE_DECL_SIGUSR1 1
| #define HAVE_DECL_SIGUSR2 1
| #define HAVE_DECL_SIGTERM 1
| #define HAVE_FORK 1
| #define HAVE_VFORK 1
| #define HAVE_WORKING_VFORK 1
| #define HAVE_WORKING_FORK 1
| #define HAVE_DAEMON 1
| #define HAVE_CHROOT 1
| #define HAVE_GETPWNAM 1
| #define HAVE_SETUID 1
| #define HAVE_NICE 1
| #define HAVE_SYSTEM 1
| #define HAVE_GETPID 1
| #define HAVE_DUP 1
| #define HAVE_DUP2 1
| #define HAVE_GETPASS 1
| #define HAVE_SYSLOG 1
| #define HAVE_OPENLOG 1
| #define HAVE_MLOCKALL 1
| #define HAVE_GETGRNAM 1
| #define HAVE_SETGID 1
| #define HAVE_SETGROUPS 1
| #define HAVE_STAT 1
| #define HAVE_FLOCK 1
| #define HAVE_READV 1
| #define HAVE_WRITEV 1
| #define HAVE_TIME 1
| #define HAVE_GETTIMEOFDAY 1
| #define HAVE_CTIME 1
| #define HAVE_MEMSET 1
| #define HAVE_VSNPRINTF 1
| #define HAVE_STRDUP 1
| #define HAVE_SETSID 1
| #define HAVE_CHDIR 1
| #define HAVE_PUTENV 1
| #define HAVE_GETPEERNAME 1
| #define HAVE_UNLINK 1
| #define HAVE_FTRUNCATE 1
| #define HAVE_EXECVE 1
| #define HAVE_UMASK 1
| #define HAVE_BASENAME 1
| #define HAVE_DIRNAME 1
| #define HAVE_ACCESS 1
| #define HAVE_EPOLL_CREATE 1
| #define HAVE_SENDMSG 1
| #define HAVE_RECVMSG 1
| #define HAVE_INET_NTOP 1
| #define HAVE_INET_PTON 1
| #define HAVE_SOCKET 1
| #define HAVE_RECV 1
| #define HAVE_RECVFROM 1
| #define HAVE_SEND 1
| #define HAVE_SENDTO 1
| #define HAVE_LISTEN 1
| #define HAVE_ACCEPT 1
| #define HAVE_CONNECT 1
| #define HAVE_BIND 1
| #define HAVE_SELECT 1
| #define HAVE_GETHOSTBYNAME 1
| #define HAVE_INET_NTOA 1
| #define HAVE_SETSOCKOPT 1
| #define HAVE_GETSOCKOPT 1
| #define HAVE_GETSOCKNAME 1
| #define HAVE_POLL 1
| #define HAVE_LINUX_IF_TUN_H 1
| #define HAVE_DECL_TUNSETPERSIST 1
| #define ENABLE_FEATURE_TUN_PERSIST 1
| #define HAVE_SSL_CTX_NEW 1
| #define HAVE_EVP_CIPHER_CTX_SET_KEY_LENGTH 1
| #define HAVE_ENGINE_LOAD_BUILTIN_ENGINES 1
| #define HAVE_ENGINE_REGISTER_ALL_COMPLETE 1
| #define HAVE_OPENSSL_ENGINE 1
| #define HAVE_EVP_AES_256_GCM 1
| #define HAVE_HMAC_CTX_NEW 1
| #define HAVE_HMAC_CTX_FREE 1
| #define HAVE_HMAC_CTX_RESET 1
| #define HAVE_EVP_MD_CTX_NEW 1
| #define HAVE_EVP_MD_CTX_FREE 1
| #define HAVE_EVP_MD_CTX_RESET 1
| #define HAVE_EVP_CIPHER_CTX_RESET 1
| #define HAVE_SSL_CTX_GET_DEFAULT_PASSWD_CB 1
| #define HAVE_SSL_CTX_GET_DEFAULT_PASSWD_CB_USERDATA 1
| #define HAVE_SSL_CTX_SET_SECURITY_LEVEL 1
| #define HAVE_X509_GET0_NOTBEFORE 1
| #define HAVE_X509_GET0_NOTAFTER 1
| #define HAVE_X509_GET0_PUBKEY 1
| #define HAVE_X509_STORE_GET0_OBJECTS 1
| #define HAVE_X509_OBJECT_FREE 1
| #define HAVE_X509_OBJECT_GET_TYPE 1
| #define HAVE_EVP_PKEY_ID 1
| #define HAVE_EVP_PKEY_GET0_RSA 1
| #define HAVE_EVP_PKEY_GET0_DSA 1
| #define HAVE_EVP_PKEY_GET0_EC_KEY 1
| #define HAVE_RSA_SET_FLAGS 1
| #define HAVE_RSA_BITS 1
| #define HAVE_RSA_GET0_KEY 1
| #define HAVE_RSA_SET0_KEY 1
| #define HAVE_DSA_GET0_PQG 1
| #define HAVE_DSA_BITS 1
| #define HAVE_RSA_METH_NEW 1
| #define HAVE_RSA_METH_FREE 1
| #define HAVE_RSA_METH_SET_PUB_ENC 1
| #define HAVE_RSA_METH_SET_PUB_DEC 1
| #define HAVE_RSA_METH_SET_PRIV_ENC 1
| #define HAVE_RSA_METH_SET_PRIV_DEC 1
| #define HAVE_RSA_METH_SET_INIT 1
| #define HAVE_RSA_METH_SET_SIGN 1
| #define HAVE_RSA_METH_SET_FINISH 1
| #define HAVE_RSA_METH_SET0_APP_DATA 1
| #define HAVE_RSA_METH_GET0_APP_DATA 1
| #define HAVE_EC_GROUP_ORDER_BITS 1
| #define ENABLE_CRYPTO_OPENSSL 1
| #define HAVE_LZO_LZOUTIL_H 1
| /* end confdefs.h.  */
| #include <lzo/lzo1x.h>
configure:16992: result: no
configure:16992: WARNING: lzo/lzo1x.h: accepted by the compiler, rejected by the preprocessor!
configure:16992: WARNING: lzo/lzo1x.h: proceeding with the compiler's result
configure:16992: checking for lzo/lzo1x.h
configure:16992: result: yes
configure:17117: checking lz4.h usability
configure:17117: /opt/lede-toolchain-ramips-mt7621_gcc-5.4.0_musl-1.1.24.Linux-x86_64/toolchain-mipsel_24kc_gcc-5.4.0_musl-1.1.24/bin/mipsel-openwrt-linux-musl-gcc -c -Os -Wall -DLINUX26 -DCONFIG_RALINK -DMUSL_LIBC -DDEBUG_NOISY -DDEBUG_RCTEST -D_GNU_SOURCE -D__UAPI_DEF_ETHHDR -DRALINK_DBDC_MODE -pipe -funit-at-a-time -Wno-pointer-sign -mtune=mips32 -mips32 -DLINUX_KERNEL_VERSION=263366 --sysroot=/opt/lede-toolchain-ramips-mt7621_gcc-5.4.0_musl-1.1.24.Linux-x86_64/toolchain-mipsel_24kc_gcc-5.4.0_musl-1.1.24  -ffunction-sections -fdata-sections -std=gnu99 		-DASUSWRT -I/repo/Pass_GPL/asuswrt/release/src-ra-openwrt-4210/router/lz4/lib  conftest.c >&5
configure:17117: $? = 0
configure:17117: result: yes
configure:17117: checking lz4.h presence
configure:17117: /opt/lede-toolchain-ramips-mt7621_gcc-5.4.0_musl-1.1.24.Linux-x86_64/toolchain-mipsel_24kc_gcc-5.4.0_musl-1.1.24/bin/mipsel-openwrt-linux-musl-gcc -E  conftest.c
conftest.c:213:17: fatal error: lz4.h: No such file or directory
compilation terminated.
configure:17117: $? = 1
configure: failed program was:
| /* confdefs.h */
| #define PACKAGE_NAME "OpenVPN"
| #define PACKAGE_TARNAME "openvpn"
| #define PACKAGE_VERSION "2.4.12"
| #define PACKAGE_STRING "OpenVPN 2.4.12"
| #define PACKAGE_BUGREPORT "openvpn-users@lists.sourceforge.net"
| #define PACKAGE_URL ""
| #define OPENVPN_VERSION_RESOURCE 2,4,12,0
| #define OPENVPN_VERSION_MAJOR 2
| #define OPENVPN_VERSION_MINOR 4
| #define OPENVPN_VERSION_PATCH ".12"
| #define PACKAGE "openvpn"
| #define VERSION "2.4.12"
| #define STDC_HEADERS 1
| #define HAVE_SYS_TYPES_H 1
| #define HAVE_SYS_STAT_H 1
| #define HAVE_STDLIB_H 1
| #define HAVE_STRING_H 1
| #define HAVE_MEMORY_H 1
| #define HAVE_STRINGS_H 1
| #define HAVE_INTTYPES_H 1
| #define HAVE_STDINT_H 1
| #define HAVE_UNISTD_H 1
| #define __EXTENSIONS__ 1
| #define _ALL_SOURCE 1
| #define _GNU_SOURCE 1
| #define _POSIX_PTHREAD_SEMANTICS 1
| #define _TANDEM_SOURCE 1
| #define TARGET_ALIAS "mipsel-unknown-linux-gnu"
| #define TARGET_LINUX 1
| #define TARGET_PREFIX "L"
| #define IFCONFIG_PATH "/sbin/ifconfig"
| #define IPROUTE_PATH "/usr/sbin/ip"
| #define ROUTE_PATH "/sbin/route"
| #define SYSTEMD_ASK_PASSWORD_PATH ""
| #define HAVE_DLFCN_H 1
| #define LT_OBJDIR ".libs/"
| #define RETSIGTYPE void
| #define HAVE_CPP_VARARG_MACRO_ISO 1
| #define HAVE_CPP_VARARG_MACRO_GCC 1
| #define EMPTY_ARRAY_SIZE 0
| #define SIZEOF_UNSIGNED_INT 4
| #define SIZEOF_UNSIGNED_LONG 4
| #define HAVE_STDIO_H 1
| #define HAVE_STDARG_H 1
| #define HAVE_LIMITS_H 1
| #define HAVE_TIME_H 1
| #define HAVE_ERRNO_H 1
| #define HAVE_FCNTL_H 1
| #define HAVE_CTYPE_H 1
| #define HAVE_SYS_TYPES_H 1
| #define HAVE_SYS_SOCKET_H 1
| #define HAVE_SIGNAL_H 1
| #define HAVE_UNISTD_H 1
| #define HAVE_DLFCN_H 1
| #define HAVE_NETINET_IN_H 1
| #define HAVE_NETINET_IN_SYSTM_H 1
| #define HAVE_NETINET_TCP_H 1
| #define HAVE_ARPA_INET_H 1
| #define HAVE_NETDB_H 1
| #define HAVE_SYS_TIME_H 1
| #define HAVE_SYS_IOCTL_H 1
| #define HAVE_SYS_STAT_H 1
| #define HAVE_SYS_MMAN_H 1
| #define HAVE_SYS_FILE_H 1
| #define HAVE_SYS_WAIT_H 1
| #define HAVE_UNISTD_H 1
| #define HAVE_SIGNAL_H 1
| #define HAVE_LIBGEN_H 1
| #define HAVE_STROPTS_H 1
| #define HAVE_SYSLOG_H 1
| #define HAVE_PWD_H 1
| #define HAVE_GRP_H 1
| #define HAVE_SYS_UIO_H 1
| #define HAVE_LINUX_SOCKIOS_H 1
| #define HAVE_LINUX_TYPES_H 1
| #define HAVE_LINUX_ERRQUEUE_H 1
| #define HAVE_SYS_POLL_H 1
| #define HAVE_SYS_EPOLL_H 1
| #define HAVE_ERR_H 1
| #define HAVE_NET_IF_H 1
| #define HAVE_NETINET_IP_H 1
| #define HAVE_RESOLV_H 1
| #define HAVE_SYS_UN_H 1
| #define HAVE_IN_ADDR_T 1
| #define HAVE_IN_PORT_T 1
| #define HAVE_IPHDR 1
| #define HAVE_MSGHDR 1
| #define HAVE_CMSGHDR 1
| #define HAVE_IN_PKTINFO 1
| #define HAVE_SA_FAMILY_T 1
| #define HAVE_IPI_SPEC_DST 1
| #define HAVE_DECL_SO_MARK 1
| #define HAVE_ANONYMOUS_UNION_SUPPORT /**/
| #define HAVE_DECL_SIGHUP 1
| #define HAVE_DECL_SIGINT 1
| #define HAVE_DECL_SIGUSR1 1
| #define HAVE_DECL_SIGUSR2 1
| #define HAVE_DECL_SIGTERM 1
| #define HAVE_FORK 1
| #define HAVE_VFORK 1
| #define HAVE_WORKING_VFORK 1
| #define HAVE_WORKING_FORK 1
| #define HAVE_DAEMON 1
| #define HAVE_CHROOT 1
| #define HAVE_GETPWNAM 1
| #define HAVE_SETUID 1
| #define HAVE_NICE 1
| #define HAVE_SYSTEM 1
| #define HAVE_GETPID 1
| #define HAVE_DUP 1
| #define HAVE_DUP2 1
| #define HAVE_GETPASS 1
| #define HAVE_SYSLOG 1
| #define HAVE_OPENLOG 1
| #define HAVE_MLOCKALL 1
| #define HAVE_GETGRNAM 1
| #define HAVE_SETGID 1
| #define HAVE_SETGROUPS 1
| #define HAVE_STAT 1
| #define HAVE_FLOCK 1
| #define HAVE_READV 1
| #define HAVE_WRITEV 1
| #define HAVE_TIME 1
| #define HAVE_GETTIMEOFDAY 1
| #define HAVE_CTIME 1
| #define HAVE_MEMSET 1
| #define HAVE_VSNPRINTF 1
| #define HAVE_STRDUP 1
| #define HAVE_SETSID 1
| #define HAVE_CHDIR 1
| #define HAVE_PUTENV 1
| #define HAVE_GETPEERNAME 1
| #define HAVE_UNLINK 1
| #define HAVE_FTRUNCATE 1
| #define HAVE_EXECVE 1
| #define HAVE_UMASK 1
| #define HAVE_BASENAME 1
| #define HAVE_DIRNAME 1
| #define HAVE_ACCESS 1
| #define HAVE_EPOLL_CREATE 1
| #define HAVE_SENDMSG 1
| #define HAVE_RECVMSG 1
| #define HAVE_INET_NTOP 1
| #define HAVE_INET_PTON 1
| #define HAVE_SOCKET 1
| #define HAVE_RECV 1
| #define HAVE_RECVFROM 1
| #define HAVE_SEND 1
| #define HAVE_SENDTO 1
| #define HAVE_LISTEN 1
| #define HAVE_ACCEPT 1
| #define HAVE_CONNECT 1
| #define HAVE_BIND 1
| #define HAVE_SELECT 1
| #define HAVE_GETHOSTBYNAME 1
| #define HAVE_INET_NTOA 1
| #define HAVE_SETSOCKOPT 1
| #define HAVE_GETSOCKOPT 1
| #define HAVE_GETSOCKNAME 1
| #define HAVE_POLL 1
| #define HAVE_LINUX_IF_TUN_H 1
| #define HAVE_DECL_TUNSETPERSIST 1
| #define ENABLE_FEATURE_TUN_PERSIST 1
| #define HAVE_SSL_CTX_NEW 1
| #define HAVE_EVP_CIPHER_CTX_SET_KEY_LENGTH 1
| #define HAVE_ENGINE_LOAD_BUILTIN_ENGINES 1
| #define HAVE_ENGINE_REGISTER_ALL_COMPLETE 1
| #define HAVE_OPENSSL_ENGINE 1
| #define HAVE_EVP_AES_256_GCM 1
| #define HAVE_HMAC_CTX_NEW 1
| #define HAVE_HMAC_CTX_FREE 1
| #define HAVE_HMAC_CTX_RESET 1
| #define HAVE_EVP_MD_CTX_NEW 1
| #define HAVE_EVP_MD_CTX_FREE 1
| #define HAVE_EVP_MD_CTX_RESET 1
| #define HAVE_EVP_CIPHER_CTX_RESET 1
| #define HAVE_SSL_CTX_GET_DEFAULT_PASSWD_CB 1
| #define HAVE_SSL_CTX_GET_DEFAULT_PASSWD_CB_USERDATA 1
| #define HAVE_SSL_CTX_SET_SECURITY_LEVEL 1
| #define HAVE_X509_GET0_NOTBEFORE 1
| #define HAVE_X509_GET0_NOTAFTER 1
| #define HAVE_X509_GET0_PUBKEY 1
| #define HAVE_X509_STORE_GET0_OBJECTS 1
| #define HAVE_X509_OBJECT_FREE 1
| #define HAVE_X509_OBJECT_GET_TYPE 1
| #define HAVE_EVP_PKEY_ID 1
| #define HAVE_EVP_PKEY_GET0_RSA 1
| #define HAVE_EVP_PKEY_GET0_DSA 1
| #define HAVE_EVP_PKEY_GET0_EC_KEY 1
| #define HAVE_RSA_SET_FLAGS 1
| #define HAVE_RSA_BITS 1
| #define HAVE_RSA_GET0_KEY 1
| #define HAVE_RSA_SET0_KEY 1
| #define HAVE_DSA_GET0_PQG 1
| #define HAVE_DSA_BITS 1
| #define HAVE_RSA_METH_NEW 1
| #define HAVE_RSA_METH_FREE 1
| #define HAVE_RSA_METH_SET_PUB_ENC 1
| #define HAVE_RSA_METH_SET_PUB_DEC 1
| #define HAVE_RSA_METH_SET_PRIV_ENC 1
| #define HAVE_RSA_METH_SET_PRIV_DEC 1
| #define HAVE_RSA_METH_SET_INIT 1
| #define HAVE_RSA_METH_SET_SIGN 1
| #define HAVE_RSA_METH_SET_FINISH 1
| #define HAVE_RSA_METH_SET0_APP_DATA 1
| #define HAVE_RSA_METH_GET0_APP_DATA 1
| #define HAVE_EC_GROUP_ORDER_BITS 1
| #define ENABLE_CRYPTO_OPENSSL 1
| #define HAVE_LZO_LZOUTIL_H 1
| #define HAVE_LZO_LZO1X_H 1
| /* end confdefs.h.  */
| #include <lz4.h>
configure:17117: result: no
configure:17117: WARNING: lz4.h: accepted by the compiler, rejected by the preprocessor!
configure:17117: WARNING: lz4.h: proceeding with the compiler's result
configure:17117: checking for lz4.h
configure:17117: result: yes
configure:17129: checking additionally if system LZ4 version >= 1.7.1
configure:17150: /opt/lede-toolchain-ramips-mt7621_gcc-5.4.0_musl-1.1.24.Linux-x86_64/toolchain-mipsel_24kc_gcc-5.4.0_musl-1.1.24/bin/mipsel-openwrt-linux-musl-gcc -c -Os -Wall -DLINUX26 -DCONFIG_RALINK -DMUSL_LIBC -DDEBUG_NOISY -DDEBUG_RCTEST -D_GNU_SOURCE -D__UAPI_DEF_ETHHDR -DRALINK_DBDC_MODE -pipe -funit-at-a-time -Wno-pointer-sign -mtune=mips32 -mips32 -DLINUX_KERNEL_VERSION=263366 --sysroot=/opt/lede-toolchain-ramips-mt7621_gcc-5.4.0_musl-1.1.24.Linux-x86_64/toolchain-mipsel_24kc_gcc-5.4.0_musl-1.1.24  -ffunction-sections -fdata-sections -std=gnu99 		-DASUSWRT -I/repo/Pass_GPL/asuswrt/release/src-ra-openwrt-4210/router/lz4/lib  conftest.c >&5
configure:17150: $? = 0
configure:17152: result: ok
configure:17167: checking for LZ4_compress_default in -llz4
configure:17192: /opt/lede-toolchain-ramips-mt7621_gcc-5.4.0_musl-1.1.24.Linux-x86_64/toolchain-mipsel_24kc_gcc-5.4.0_musl-1.1.24/bin/mipsel-openwrt-linux-musl-gcc -o conftest -Os -Wall -DLINUX26 -DCONFIG_RALINK -DMUSL_LIBC -DDEBUG_NOISY -DDEBUG_RCTEST -D_GNU_SOURCE -D__UAPI_DEF_ETHHDR -DRALINK_DBDC_MODE -pipe -funit-at-a-time -Wno-pointer-sign -mtune=mips32 -mips32 -DLINUX_KERNEL_VERSION=263366 --sysroot=/opt/lede-toolchain-ramips-mt7621_gcc-5.4.0_musl-1.1.24.Linux-x86_64/toolchain-mipsel_24kc_gcc-5.4.0_musl-1.1.24  -ffunction-sections -fdata-sections -std=gnu99 		-DASUSWRT -I/repo/Pass_GPL/asuswrt/release/src-ra-openwrt-4210/router/lz4/lib  --sysroot=/opt/lede-toolchain-ramips-mt7621_gcc-5.4.0_musl-1.1.24.Linux-x86_64/toolchain-mipsel_24kc_gcc-5.4.0_musl-1.1.24 -ffunction-sections -fdata-sections 		-Wl,--gc-sections 		-lpthread -ldl 		-L/repo/Pass_GPL/asuswrt/release/src-ra-openwrt-4210/router/zlib -lz conftest.c -llz4   -L/repo/Pass_GPL/asuswrt/release/src-ra-openwrt-4210/router/lz4/lib -llz4 >&5
configure:17192: $? = 0
configure:17201: result: yes
configure:17214: checking for LZ4_decompress_safe in -llz4
configure:17239: /opt/lede-toolchain-ramips-mt7621_gcc-5.4.0_musl-1.1.24.Linux-x86_64/toolchain-mipsel_24kc_gcc-5.4.0_musl-1.1.24/bin/mipsel-openwrt-linux-musl-gcc -o conftest -Os -Wall -DLINUX26 -DCONFIG_RALINK -DMUSL_LIBC -DDEBUG_NOISY -DDEBUG_RCTEST -D_GNU_SOURCE -D__UAPI_DEF_ETHHDR -DRALINK_DBDC_MODE -pipe -funit-at-a-time -Wno-pointer-sign -mtune=mips32 -mips32 -DLINUX_KERNEL_VERSION=263366 --sysroot=/opt/lede-toolchain-ramips-mt7621_gcc-5.4.0_musl-1.1.24.Linux-x86_64/toolchain-mipsel_24kc_gcc-5.4.0_musl-1.1.24  -ffunction-sections -fdata-sections -std=gnu99 		-DASUSWRT -I/repo/Pass_GPL/asuswrt/release/src-ra-openwrt-4210/router/lz4/lib  --sysroot=/opt/lede-toolchain-ramips-mt7621_gcc-5.4.0_musl-1.1.24.Linux-x86_64/toolchain-mipsel_24kc_gcc-5.4.0_musl-1.1.24 -ffunction-sections -fdata-sections 		-Wl,--gc-sections 		-lpthread -ldl 		-L/repo/Pass_GPL/asuswrt/release/src-ra-openwrt-4210/router/zlib -lz conftest.c -llz4  -llz4  -L/repo/Pass_GPL/asuswrt/release/src-ra-openwrt-4210/router/lz4/lib -llz4 >&5
configure:17239: $? = 0
configure:17248: result: yes
configure:17608: checking git checkout
configure:17617: result: no
configure:17842: checking whether the compiler acceppts -Wno-unused-function
configure:17855: /opt/lede-toolchain-ramips-mt7621_gcc-5.4.0_musl-1.1.24.Linux-x86_64/toolchain-mipsel_24kc_gcc-5.4.0_musl-1.1.24/bin/mipsel-openwrt-linux-musl-gcc -c -Wno-unused-function -Os -Wall -DLINUX26 -DCONFIG_RALINK -DMUSL_LIBC -DDEBUG_NOISY -DDEBUG_RCTEST -D_GNU_SOURCE -D__UAPI_DEF_ETHHDR -DRALINK_DBDC_MODE -pipe -funit-at-a-time -Wno-pointer-sign -mtune=mips32 -mips32 -DLINUX_KERNEL_VERSION=263366 --sysroot=/opt/lede-toolchain-ramips-mt7621_gcc-5.4.0_musl-1.1.24.Linux-x86_64/toolchain-mipsel_24kc_gcc-5.4.0_musl-1.1.24  -ffunction-sections -fdata-sections -std=gnu99 		-DASUSWRT  conftest.c >&5
configure:17855: $? = 0
configure:17856: result: yes
configure:17867: checking whether the compiler acceppts -Wno-unused-parameter
configure:17880: /opt/lede-toolchain-ramips-mt7621_gcc-5.4.0_musl-1.1.24.Linux-x86_64/toolchain-mipsel_24kc_gcc-5.4.0_musl-1.1.24/bin/mipsel-openwrt-linux-musl-gcc -c -Wno-unused-parameter -Wno-unused-function -Os -Wall -DLINUX26 -DCONFIG_RALINK -DMUSL_LIBC -DDEBUG_NOISY -DDEBUG_RCTEST -D_GNU_SOURCE -D__UAPI_DEF_ETHHDR -DRALINK_DBDC_MODE -pipe -funit-at-a-time -Wno-pointer-sign -mtune=mips32 -mips32 -DLINUX_KERNEL_VERSION=263366 --sysroot=/opt/lede-toolchain-ramips-mt7621_gcc-5.4.0_musl-1.1.24.Linux-x86_64/toolchain-mipsel_24kc_gcc-5.4.0_musl-1.1.24  -ffunction-sections -fdata-sections -std=gnu99 		-DASUSWRT  conftest.c >&5
configure:17880: $? = 0
configure:17881: result: yes
configure:17892: checking whether the compiler acceppts -Wall
configure:17905: /opt/lede-toolchain-ramips-mt7621_gcc-5.4.0_musl-1.1.24.Linux-x86_64/toolchain-mipsel_24kc_gcc-5.4.0_musl-1.1.24/bin/mipsel-openwrt-linux-musl-gcc -c -Wall -Wno-unused-parameter -Wno-unused-function -Os -Wall -DLINUX26 -DCONFIG_RALINK -DMUSL_LIBC -DDEBUG_NOISY -DDEBUG_RCTEST -D_GNU_SOURCE -D__UAPI_DEF_ETHHDR -DRALINK_DBDC_MODE -pipe -funit-at-a-time -Wno-pointer-sign -mtune=mips32 -mips32 -DLINUX_KERNEL_VERSION=263366 --sysroot=/opt/lede-toolchain-ramips-mt7621_gcc-5.4.0_musl-1.1.24.Linux-x86_64/toolchain-mipsel_24kc_gcc-5.4.0_musl-1.1.24  -ffunction-sections -fdata-sections -std=gnu99 		-DASUSWRT  conftest.c >&5
configure:17905: $? = 0
configure:17906: result: yes
configure:18184: checking for cmake
configure:18200: found /usr/bin/cmake
configure:18211: result: cmake
configure:18241: result: !! WARNING !! The cmoka git submodule has not been initialized or updated.  Unit testing cannot be performed.
configure:18371: checking that generated files are newer than configure
configure:18377: result: done
configure:18440: creating ./config.status

## ---------------------- ##
## Running config.status. ##
## ---------------------- ##

This file was extended by OpenVPN config.status 2.4.12, which was
generated by GNU Autoconf 2.69.  Invocation command line was

  CONFIG_FILES    = 
  CONFIG_HEADERS  = 
  CONFIG_LINKS    = 
  CONFIG_COMMANDS = 
  $ ./config.status 

on 820a0eb7ac91

config.status:1462: creating version.sh
config.status:1462: creating Makefile
config.status:1462: creating build/Makefile
config.status:1462: creating build/msvc/Makefile
config.status:1462: creating build/msvc/msvc-generate/Makefile
config.status:1462: creating distro/Makefile
config.status:1462: creating distro/systemd/Makefile
config.status:1462: creating include/Makefile
config.status:1462: creating src/Makefile
config.status:1462: creating src/compat/Makefile
config.status:1462: creating src/openvpn/Makefile
config.status:1462: creating src/openvpnserv/Makefile
config.status:1462: creating src/plugins/Makefile
config.status:1462: creating src/plugins/auth-pam/Makefile
config.status:1462: creating src/plugins/down-root/Makefile
config.status:1462: creating tests/Makefile
config.status:1462: creating tests/unit_tests/Makefile
config.status:1462: creating tests/unit_tests/example_test/Makefile
config.status:1462: creating tests/unit_tests/openvpn/Makefile
config.status:1462: creating tests/unit_tests/plugins/Makefile
config.status:1462: creating tests/unit_tests/plugins/auth-pam/Makefile
config.status:1462: creating vendor/Makefile
config.status:1462: creating sample/Makefile
config.status:1462: creating doc/Makefile
config.status:1462: creating tests/t_client.sh
config.status:1462: creating config.h
config.status:1462: creating include/openvpn-plugin.h
config.status:1643: include/openvpn-plugin.h is unchanged
config.status:1691: executing depfiles commands
config.status:1691: executing libtool commands
configure:20822: WARNING: unrecognized options: --disable-socks, --enable-password-save

## ---------------- ##
## Cache variables. ##
## ---------------- ##

ac_cv_build=x86_64-pc-linux-gnu
ac_cv_c_compiler_gnu=yes
ac_cv_c_const=yes
ac_cv_c_inline=inline
ac_cv_c_int16_t=yes
ac_cv_c_int32_t=yes
ac_cv_c_int64_t=yes
ac_cv_c_int8_t=yes
ac_cv_c_uint16_t=yes
ac_cv_c_uint32_t=yes
ac_cv_c_uint64_t=yes
ac_cv_c_uint8_t=yes
ac_cv_c_volatile=yes
ac_cv_env_CC_set=set
ac_cv_env_CC_value=/opt/lede-toolchain-ramips-mt7621_gcc-5.4.0_musl-1.1.24.Linux-x86_64/toolchain-mipsel_24kc_gcc-5.4.0_musl-1.1.24/bin/mipsel-openwrt-linux-musl-gcc
ac_cv_env_CFLAGS_set=set
ac_cv_env_CFLAGS_value='-Os -Wall -DLINUX26 -DCONFIG_RALINK -DMUSL_LIBC -DDEBUG_NOISY -DDEBUG_RCTEST -D_GNU_SOURCE -D__UAPI_DEF_ETHHDR -DRALINK_DBDC_MODE -pipe -funit-at-a-time -Wno-pointer-sign -mtune=mips32 -mips32 -DLINUX_KERNEL_VERSION=263366 --sysroot=/opt/lede-toolchain-ramips-mt7621_gcc-5.4.0_musl-1.1.24.Linux-x86_64/toolchain-mipsel_24kc_gcc-5.4.0_musl-1.1.24  -ffunction-sections -fdata-sections -std=gnu99 		-DASUSWRT'
ac_cv_env_CPPFLAGS_set=
ac_cv_env_CPPFLAGS_value=
ac_cv_env_CPP_set=
ac_cv_env_CPP_value=
ac_cv_env_GIT_set=
ac_cv_env_GIT_value=
ac_cv_env_IFCONFIG_set=set
ac_cv_env_IFCONFIG_value=/sbin/ifconfig
ac_cv_env_IPROUTE_set=set
ac_cv_env_IPROUTE_value=/usr/sbin/ip
ac_cv_env_LDFLAGS_set=set
ac_cv_env_LDFLAGS_value='--sysroot=/opt/lede-toolchain-ramips-mt7621_gcc-5.4.0_musl-1.1.24.Linux-x86_64/toolchain-mipsel_24kc_gcc-5.4.0_musl-1.1.24 -ffunction-sections -fdata-sections 		-Wl,--gc-sections 		-lpthread -ldl 		-L/repo/Pass_GPL/asuswrt/release/src-ra-openwrt-4210/router/zlib -lz'
ac_cv_env_LIBPAM_CFLAGS_set=set
ac_cv_env_LIBPAM_CFLAGS_value=-I/repo/Pass_GPL/asuswrt/release/src-ra-openwrt-4210/router/openpam/include
ac_cv_env_LIBPAM_LIBS_set=set
ac_cv_env_LIBPAM_LIBS_value='-L/repo/Pass_GPL/asuswrt/release/src-ra-openwrt-4210/router/openpam/lib/libpam/.libs -lpam'
ac_cv_env_LIBS_set=
ac_cv_env_LIBS_value=
ac_cv_env_LT_SYS_LIBRARY_PATH_set=
ac_cv_env_LT_SYS_LIBRARY_PATH_value=
ac_cv_env_LZ4_CFLAGS_set=set
ac_cv_env_LZ4_CFLAGS_value=-I/repo/Pass_GPL/asuswrt/release/src-ra-openwrt-4210/router/lz4/lib
ac_cv_env_LZ4_LIBS_set=set
ac_cv_env_LZ4_LIBS_value='-L/repo/Pass_GPL/asuswrt/release/src-ra-openwrt-4210/router/lz4/lib -llz4'
ac_cv_env_LZO_CFLAGS_set=set
ac_cv_env_LZO_CFLAGS_value=-I/repo/Pass_GPL/asuswrt/release/src-ra-openwrt-4210/router/lzo/include
ac_cv_env_LZO_LIBS_set=set
ac_cv_env_LZO_LIBS_value='-L/repo/Pass_GPL/asuswrt/release/src-ra-openwrt-4210/router/lzo/src/.libs -llzo2'
ac_cv_env_MAN2HTML_set=
ac_cv_env_MAN2HTML_value=
ac_cv_env_MBEDTLS_CFLAGS_set=
ac_cv_env_MBEDTLS_CFLAGS_value=
ac_cv_env_MBEDTLS_LIBS_set=
ac_cv_env_MBEDTLS_LIBS_value=
ac_cv_env_NETSTAT_set=
ac_cv_env_NETSTAT_value=
ac_cv_env_OPENSSL_CFLAGS_set=set
ac_cv_env_OPENSSL_CFLAGS_value=-I/repo/Pass_GPL/asuswrt/release/src-ra-openwrt-4210/router/openssl/include
ac_cv_env_OPENSSL_LIBS_set=set
ac_cv_env_OPENSSL_LIBS_value='-L/repo/Pass_GPL/asuswrt/release/src-ra-openwrt-4210/router/openssl/ -lssl -lcrypto'
ac_cv_env_OPTIONAL_INOTIFY_CFLAGS_set=
ac_cv_env_OPTIONAL_INOTIFY_CFLAGS_value=
ac_cv_env_OPTIONAL_INOTIFY_LIBS_set=
ac_cv_env_OPTIONAL_INOTIFY_LIBS_value=
ac_cv_env_P11KIT_CFLAGS_set=
ac_cv_env_P11KIT_CFLAGS_value=
ac_cv_env_P11KIT_LIBS_set=
ac_cv_env_P11KIT_LIBS_value=
ac_cv_env_PKCS11_HELPER_CFLAGS_set=
ac_cv_env_PKCS11_HELPER_CFLAGS_value=
ac_cv_env_PKCS11_HELPER_LIBS_set=
ac_cv_env_PKCS11_HELPER_LIBS_value=
ac_cv_env_PKG_CONFIG_LIBDIR_set=set
ac_cv_env_PKG_CONFIG_LIBDIR_value=/repo/Pass_GPL/asuswrt/release/src-ra-openwrt-4210/router/mipsel-musl/stage/usr/lib/pkgconfig:/repo/Pass_GPL/asuswrt/release/src-ra-openwrt-4210/router/mipsel-musl/stage/usr/local/lib/pkgconfig:/repo/Pass_GPL/asuswrt/release/src-ra-openwrt-4210/router/mipsel-musl/stage/etc/lib/pkgconfig
ac_cv_env_PKG_CONFIG_PATH_set=set
ac_cv_env_PKG_CONFIG_PATH_value=/repo/Pass_GPL/asuswrt/release/src-ra-openwrt-4210/router/mipsel-musl/stage/usr/lib/pkgconfig:/repo/Pass_GPL/asuswrt/release/src-ra-openwrt-4210/router/mipsel-musl/stage/etc/lib/pkgconfig
ac_cv_env_PKG_CONFIG_set=
ac_cv_env_PKG_CONFIG_value=
ac_cv_env_PLUGINDIR_set=
ac_cv_env_PLUGINDIR_value=
ac_cv_env_ROUTE_set=set
ac_cv_env_ROUTE_value=/sbin/route
ac_cv_env_SYSTEMD_ASK_PASSWORD_set=
ac_cv_env_SYSTEMD_ASK_PASSWORD_value=
ac_cv_env_SYSTEMD_UNIT_DIR_set=
ac_cv_env_SYSTEMD_UNIT_DIR_value=
ac_cv_env_TAP_CFLAGS_set=
ac_cv_env_TAP_CFLAGS_value=
ac_cv_env_TMPFILES_DIR_set=
ac_cv_env_TMPFILES_DIR_value=
ac_cv_env_build_alias_set=set
ac_cv_env_build_alias_value=x86_64-linux-gnu
ac_cv_env_host_alias_set=set
ac_cv_env_host_alias_value=mipsel-linux
ac_cv_env_libsystemd_CFLAGS_set=
ac_cv_env_libsystemd_CFLAGS_value=
ac_cv_env_libsystemd_LIBS_set=
ac_cv_env_libsystemd_LIBS_value=
ac_cv_env_target_alias_set=
ac_cv_env_target_alias_value=
ac_cv_func_DSA_bits=yes
ac_cv_func_DSA_get0_pqg=yes
ac_cv_func_EC_GROUP_order_bits=yes
ac_cv_func_ENGINE_cleanup=no
ac_cv_func_ENGINE_load_builtin_engines=yes
ac_cv_func_ENGINE_register_all_complete=yes
ac_cv_func_EVP_CIPHER_CTX_reset=yes
ac_cv_func_EVP_CIPHER_CTX_set_key_length=yes
ac_cv_func_EVP_MD_CTX_free=yes
ac_cv_func_EVP_MD_CTX_new=yes
ac_cv_func_EVP_MD_CTX_reset=yes
ac_cv_func_EVP_PKEY_get0_DSA=yes
ac_cv_func_EVP_PKEY_get0_EC_KEY=yes
ac_cv_func_EVP_PKEY_get0_RSA=yes
ac_cv_func_EVP_PKEY_id=yes
ac_cv_func_EVP_aes_256_gcm=yes
ac_cv_func_HMAC_CTX_free=yes
ac_cv_func_HMAC_CTX_new=yes
ac_cv_func_HMAC_CTX_reset=yes
ac_cv_func_RSA_bits=yes
ac_cv_func_RSA_get0_key=yes
ac_cv_func_RSA_meth_free=yes
ac_cv_func_RSA_meth_get0_app_data=yes
ac_cv_func_RSA_meth_new=yes
ac_cv_func_RSA_meth_set0_app_data=yes
ac_cv_func_RSA_meth_set_finish=yes
ac_cv_func_RSA_meth_set_init=yes
ac_cv_func_RSA_meth_set_priv_dec=yes
ac_cv_func_RSA_meth_set_priv_enc=yes
ac_cv_func_RSA_meth_set_pub_dec=yes
ac_cv_func_RSA_meth_set_pub_enc=yes
ac_cv_func_RSA_meth_set_sign=yes
ac_cv_func_RSA_set0_key=yes
ac_cv_func_RSA_set_flags=yes
ac_cv_func_SSL_CTX_get_default_passwd_cb=yes
ac_cv_func_SSL_CTX_get_default_passwd_cb_userdata=yes
ac_cv_func_SSL_CTX_new=yes
ac_cv_func_SSL_CTX_set_security_level=yes
ac_cv_func_X509_OBJECT_free=yes
ac_cv_func_X509_OBJECT_get_type=yes
ac_cv_func_X509_STORE_get0_objects=yes
ac_cv_func_X509_get0_notAfter=yes
ac_cv_func_X509_get0_notBefore=yes
ac_cv_func_X509_get0_pubkey=yes
ac_cv_func_accept=yes
ac_cv_func_access=yes
ac_cv_func_basename=yes
ac_cv_func_bind=yes
ac_cv_func_chdir=yes
ac_cv_func_chroot=yes
ac_cv_func_chsize=no
ac_cv_func_connect=yes
ac_cv_func_ctime=yes
ac_cv_func_daemon=yes
ac_cv_func_dirname=yes
ac_cv_func_dup2=yes
ac_cv_func_dup=yes
ac_cv_func_epoll_create=yes
ac_cv_func_execve=yes
ac_cv_func_flock=yes
ac_cv_func_fork=yes
ac_cv_func_fork_works=yes
ac_cv_func_ftruncate=yes
ac_cv_func_getgrnam=yes
ac_cv_func_gethostbyname=yes
ac_cv_func_getpass=yes
ac_cv_func_getpeereid=no
ac_cv_func_getpeername=yes
ac_cv_func_getpid=yes
ac_cv_func_getpwnam=yes
ac_cv_func_getsockname=yes
ac_cv_func_getsockopt=yes
ac_cv_func_gettimeofday=yes
ac_cv_func_inet_ntoa=yes
ac_cv_func_inet_ntop=yes
ac_cv_func_inet_pton=yes
ac_cv_func_listen=yes
ac_cv_func_memset=yes
ac_cv_func_mlockall=yes
ac_cv_func_nice=yes
ac_cv_func_openlog=yes
ac_cv_func_poll=yes
ac_cv_func_putenv=yes
ac_cv_func_readv=yes
ac_cv_func_recv=yes
ac_cv_func_recvfrom=yes
ac_cv_func_recvmsg=yes
ac_cv_func_select=yes
ac_cv_func_send=yes
ac_cv_func_sendmsg=yes
ac_cv_func_sendto=yes
ac_cv_func_setgid=yes
ac_cv_func_setgroups=yes
ac_cv_func_setsid=yes
ac_cv_func_setsockopt=yes
ac_cv_func_setuid=yes
ac_cv_func_socket=yes
ac_cv_func_stat=yes
ac_cv_func_strdup=yes
ac_cv_func_syslog=yes
ac_cv_func_system=yes
ac_cv_func_time=yes
ac_cv_func_umask=yes
ac_cv_func_unlink=yes
ac_cv_func_vfork=yes
ac_cv_func_vfork_works=yes
ac_cv_func_vsnprintf=yes
ac_cv_func_writev=yes
ac_cv_have_decl_ENGINE_cleanup=yes
ac_cv_have_decl_SIGHUP=yes
ac_cv_have_decl_SIGINT=yes
ac_cv_have_decl_SIGTERM=yes
ac_cv_have_decl_SIGUSR1=yes
ac_cv_have_decl_SIGUSR2=yes
ac_cv_have_decl_SO_MARK=yes
ac_cv_have_decl_TUNSETPERSIST=yes
ac_cv_header_arpa_inet_h=yes
ac_cv_header_ctype_h=yes
ac_cv_header_direct_h=no
ac_cv_header_dlfcn_h=yes
ac_cv_header_err_h=yes
ac_cv_header_errno_h=yes
ac_cv_header_fcntl_h=yes
ac_cv_header_grp_h=yes
ac_cv_header_inttypes_h=yes
ac_cv_header_io_h=no
ac_cv_header_libgen_h=yes
ac_cv_header_limits_h=yes
ac_cv_header_linux_errqueue_h=yes
ac_cv_header_linux_if_tun_h=yes
ac_cv_header_linux_sockios_h=yes
ac_cv_header_linux_types_h=yes
ac_cv_header_lz4_h=yes
ac_cv_header_lzo_lzo1x_h=yes
ac_cv_header_lzo_lzoutil_h=yes
ac_cv_header_memory_h=yes
ac_cv_header_minix_config_h=no
ac_cv_header_net_if_h=yes
ac_cv_header_net_if_tun_h=no
ac_cv_header_net_if_utun_h=no
ac_cv_header_net_tun_if_tun_h=no
ac_cv_header_netdb_h=yes
ac_cv_header_netinet_in_h=yes
ac_cv_header_netinet_in_systm_h=yes
ac_cv_header_netinet_ip_h=yes
ac_cv_header_netinet_tcp_h=yes
ac_cv_header_pwd_h=yes
ac_cv_header_resolv_h=yes
ac_cv_header_signal_h=yes
ac_cv_header_stdarg_h=yes
ac_cv_header_stdc=yes
ac_cv_header_stdint_h=yes
ac_cv_header_stdio_h=yes
ac_cv_header_stdlib_h=yes
ac_cv_header_string_h=yes
ac_cv_header_strings_h=yes
ac_cv_header_stropts_h=yes
ac_cv_header_sys_epoll_h=yes
ac_cv_header_sys_file_h=yes
ac_cv_header_sys_ioctl_h=yes
ac_cv_header_sys_kern_control_h=no
ac_cv_header_sys_mman_h=yes
ac_cv_header_sys_poll_h=yes
ac_cv_header_sys_socket_h=yes
ac_cv_header_sys_sockio_h=no
ac_cv_header_sys_stat_h=yes
ac_cv_header_sys_time_h=yes
ac_cv_header_sys_types_h=yes
ac_cv_header_sys_uio_h=yes
ac_cv_header_sys_un_h=yes
ac_cv_header_sys_wait_h=yes
ac_cv_header_syslog_h=yes
ac_cv_header_tap_windows_h=no
ac_cv_header_time_h=yes
ac_cv_header_unistd_h=yes
ac_cv_header_versionhelpers_h=no
ac_cv_header_vfork_h=no
ac_cv_header_windows_h=no
ac_cv_header_winsock2_h=no
ac_cv_header_ws2tcpip_h=no
ac_cv_host=mipsel-unknown-linux-gnu
ac_cv_lib_dl_dlopen=yes
ac_cv_lib_lz4_LZ4_compress_default=yes
ac_cv_lib_lz4_LZ4_decompress_safe=yes
ac_cv_lib_nsl_inet_ntoa=no
ac_cv_lib_resolv_gethostbyname=no
ac_cv_lib_selinux_setcon=no
ac_cv_lib_socket_socket=no
ac_cv_member_struct_in_pktinfo_ipi_spec_dst=yes
ac_cv_objext=o
ac_cv_path_EGREP='/bin/grep -E'
ac_cv_path_FGREP='/bin/grep -F'
ac_cv_path_GREP=/bin/grep
ac_cv_path_IFCONFIG=/sbin/ifconfig
ac_cv_path_IPROUTE=/usr/sbin/ip
ac_cv_path_ROUTE=/sbin/route
ac_cv_path_SED=/bin/sed
ac_cv_path_ac_pt_PKG_CONFIG=/usr/bin/pkg-config
ac_cv_path_install='/usr/bin/install -c'
ac_cv_path_lt_DD=/bin/dd
ac_cv_path_mkdir=/bin/mkdir
ac_cv_prog_AR=/opt/lede-toolchain-ramips-mt7621_gcc-5.4.0_musl-1.1.24.Linux-x86_64/toolchain-mipsel_24kc_gcc-5.4.0_musl-1.1.24/bin/mipsel-openwrt-linux-musl-ar
ac_cv_prog_AWK=gawk
ac_cv_prog_CC=/opt/lede-toolchain-ramips-mt7621_gcc-5.4.0_musl-1.1.24.Linux-x86_64/toolchain-mipsel_24kc_gcc-5.4.0_musl-1.1.24/bin/mipsel-openwrt-linux-musl-gcc
ac_cv_prog_CMAKE=cmake
ac_cv_prog_CPP='/opt/lede-toolchain-ramips-mt7621_gcc-5.4.0_musl-1.1.24.Linux-x86_64/toolchain-mipsel_24kc_gcc-5.4.0_musl-1.1.24/bin/mipsel-openwrt-linux-musl-gcc -E'
ac_cv_prog_GIT=git
ac_cv_prog_OBJDUMP=/opt/lede-toolchain-ramips-mt7621_gcc-5.4.0_musl-1.1.24.Linux-x86_64/toolchain-mipsel_24kc_gcc-5.4.0_musl-1.1.24/bin/mipsel-openwrt-linux-musl-objdump
ac_cv_prog_RANLIB=/opt/lede-toolchain-ramips-mt7621_gcc-5.4.0_musl-1.1.24.Linux-x86_64/toolchain-mipsel_24kc_gcc-5.4.0_musl-1.1.24/bin/mipsel-openwrt-linux-musl-ranlib
ac_cv_prog_STRIP='/opt/lede-toolchain-ramips-mt7621_gcc-5.4.0_musl-1.1.24.Linux-x86_64/toolchain-mipsel_24kc_gcc-5.4.0_musl-1.1.24/bin/mipsel-openwrt-linux-musl-strip -R .note -R .comment'
ac_cv_prog_cc_c89=
ac_cv_prog_cc_g=yes
ac_cv_prog_make_make_set=yes
ac_cv_safe_to_define___extensions__=yes
ac_cv_search___res_init=no
ac_cv_search_res_9_init=no
ac_cv_search_res_init='none required'
ac_cv_sizeof_unsigned_int=4
ac_cv_sizeof_unsigned_long=4
ac_cv_type_in_addr_t=yes
ac_cv_type_in_port_t=yes
ac_cv_type_off_t=yes
ac_cv_type_pid_t=yes
ac_cv_type_sa_family_t=yes
ac_cv_type_signal=void
ac_cv_type_size_t=yes
ac_cv_type_socklen_t=yes
ac_cv_type_struct_cmsghdr=yes
ac_cv_type_struct_in_pktinfo=yes
ac_cv_type_struct_iphdr=yes
ac_cv_type_struct_msghdr=yes
ac_cv_type_struct_sockaddr_in6=yes
ac_cv_type_uid_t=yes
am_cv_CC_dependencies_compiler_type=gcc3
am_cv_make_support_nested_variables=yes
am_cv_prog_cc_c_o=yes
ax_cv_c_empty_array=0
ax_cv_cpp_vararg_macro_gcc=yes
ax_cv_cpp_vararg_macro_iso=yes
lt_cv_ar_at_file=@
lt_cv_archive_cmds_need_lc=no
lt_cv_deplibs_check_method=pass_all
lt_cv_file_magic_cmd='$MAGIC_CMD'
lt_cv_file_magic_test_file=
lt_cv_ld_reload_flag=-r
lt_cv_nm_interface='BSD nm'
lt_cv_objdir=.libs
lt_cv_path_LD=/opt/lede-toolchain-ramips-mt7621_gcc-5.4.0_musl-1.1.24.Linux-x86_64/toolchain-mipsel_24kc_gcc-5.4.0_musl-1.1.24/bin/mipsel-openwrt-linux-musl-ld
lt_cv_path_NM=/opt/lede-toolchain-ramips-mt7621_gcc-5.4.0_musl-1.1.24.Linux-x86_64/toolchain-mipsel_24kc_gcc-5.4.0_musl-1.1.24/bin/mipsel-openwrt-linux-musl-nm
lt_cv_path_mainfest_tool=no
lt_cv_prog_compiler_c_o=yes
lt_cv_prog_compiler_c_o_RC=yes
lt_cv_prog_compiler_pic='-fPIC -DPIC'
lt_cv_prog_compiler_pic_works=yes
lt_cv_prog_compiler_rtti_exceptions=no
lt_cv_prog_compiler_static_works=yes
lt_cv_prog_gnu_ld=yes
lt_cv_sharedlib_from_linklib_cmd='printf %s\n'
lt_cv_shlibpath_overrides_runpath=no
lt_cv_sys_global_symbol_pipe='sed -n -e '\''s/^.*[	 ]\([ABCDGIRSTW][ABCDGIRSTW]*\)[	 ][	 ]*\([_A-Za-z][_A-Za-z0-9]*\)$/\1 \2 \2/p'\'' | sed '\''/ __gnu_lto/d'\'''
lt_cv_sys_global_symbol_to_c_name_address='sed -n -e '\''s/^: \(.*\) .*$/  {"\1", (void *) 0},/p'\'' -e '\''s/^[ABCDGIRSTW][ABCDGIRSTW]* .* \(.*\)$/  {"\1", (void *) \&\1},/p'\'''
lt_cv_sys_global_symbol_to_c_name_address_lib_prefix='sed -n -e '\''s/^: \(.*\) .*$/  {"\1", (void *) 0},/p'\'' -e '\''s/^[ABCDGIRSTW][ABCDGIRSTW]* .* \(lib.*\)$/  {"\1", (void *) \&\1},/p'\'' -e '\''s/^[ABCDGIRSTW][ABCDGIRSTW]* .* \(.*\)$/  {"lib\1", (void *) \&\1},/p'\'''
lt_cv_sys_global_symbol_to_cdecl='sed -n -e '\''s/^T .* \(.*\)$/extern int \1();/p'\'' -e '\''s/^[ABCDGIRSTW][ABCDGIRSTW]* .* \(.*\)$/extern char \1;/p'\'''
lt_cv_sys_global_symbol_to_import=
lt_cv_sys_max_cmd_len=1572864
lt_cv_to_host_file_cmd=func_convert_file_noop
lt_cv_to_tool_file_cmd=func_convert_file_noop
lt_cv_truncate_bin='/bin/dd bs=4096 count=1'

## ----------------- ##
## Output variables. ##
## ----------------- ##

ACLOCAL='${SHELL} /repo/Pass_GPL/asuswrt/release/src/router/openvpn/missing aclocal-1.15'
AMDEPBACKSLASH='\'
AMDEP_FALSE='#'
AMDEP_TRUE=''
AMTAR='$${TAR-tar}'
AM_BACKSLASH='\'
AM_DEFAULT_V='$(AM_DEFAULT_VERBOSITY)'
AM_DEFAULT_VERBOSITY='1'
AM_V='$(V)'
AR='/opt/lede-toolchain-ramips-mt7621_gcc-5.4.0_musl-1.1.24.Linux-x86_64/toolchain-mipsel_24kc_gcc-5.4.0_musl-1.1.24/bin/mipsel-openwrt-linux-musl-ar'
AS='/opt/lede-toolchain-ramips-mt7621_gcc-5.4.0_musl-1.1.24.Linux-x86_64/toolchain-mipsel_24kc_gcc-5.4.0_musl-1.1.24/bin/mipsel-openwrt-linux-musl-as'
AUTOCONF='${SHELL} /repo/Pass_GPL/asuswrt/release/src/router/openvpn/missing autoconf'
AUTOHEADER='${SHELL} /repo/Pass_GPL/asuswrt/release/src/router/openvpn/missing autoheader'
AUTOMAKE='${SHELL} /repo/Pass_GPL/asuswrt/release/src/router/openvpn/missing automake-1.15'
AWK='gawk'
CC='/opt/lede-toolchain-ramips-mt7621_gcc-5.4.0_musl-1.1.24.Linux-x86_64/toolchain-mipsel_24kc_gcc-5.4.0_musl-1.1.24/bin/mipsel-openwrt-linux-musl-gcc'
CCDEPMODE='depmode=gcc3'
CFLAGS='-Wall -Wno-unused-parameter -Wno-unused-function -Os -Wall -DLINUX26 -DCONFIG_RALINK -DMUSL_LIBC -DDEBUG_NOISY -DDEBUG_RCTEST -D_GNU_SOURCE -D__UAPI_DEF_ETHHDR -DRALINK_DBDC_MODE -pipe -funit-at-a-time -Wno-pointer-sign -mtune=mips32 -mips32 -DLINUX_KERNEL_VERSION=263366 --sysroot=/opt/lede-toolchain-ramips-mt7621_gcc-5.4.0_musl-1.1.24.Linux-x86_64/toolchain-mipsel_24kc_gcc-5.4.0_musl-1.1.24  -ffunction-sections -fdata-sections -std=gnu99 		-DASUSWRT'
CMAKE='cmake'
CMOCKA_INITIALIZED_FALSE=''
CMOCKA_INITIALIZED_TRUE='#'
CPP='/opt/lede-toolchain-ramips-mt7621_gcc-5.4.0_musl-1.1.24.Linux-x86_64/toolchain-mipsel_24kc_gcc-5.4.0_musl-1.1.24/bin/mipsel-openwrt-linux-musl-gcc -E'
CPPFLAGS=''
CYGPATH_W='echo'
DEFS='-DHAVE_CONFIG_H'
DEPDIR='.deps'
DLLTOOL='false'
DL_LIBS='-ldl'
DSYMUTIL=''
DUMPBIN=''
ECHO_C=''
ECHO_N='-n'
ECHO_T=''
EGREP='/bin/grep -E'
ENABLE_CRYPTO_FALSE='#'
ENABLE_CRYPTO_TRUE=''
ENABLE_PLUGIN_AUTH_PAM_FALSE='#'
ENABLE_PLUGIN_AUTH_PAM_TRUE=''
ENABLE_PLUGIN_DOWN_ROOT_FALSE='#'
ENABLE_PLUGIN_DOWN_ROOT_TRUE=''
ENABLE_SYSTEMD_FALSE=''
ENABLE_SYSTEMD_TRUE='#'
EXEEXT=''
FGREP='/bin/grep -F'
GIT='git'
GIT_CHECKOUT_FALSE=''
GIT_CHECKOUT_TRUE='#'
GREP='/bin/grep'
HAVE_LD_WRAP_SUPPORT_FALSE='#'
HAVE_LD_WRAP_SUPPORT_TRUE=''
IFCONFIG='/sbin/ifconfig'
INSTALL_DATA='${INSTALL} -m 644'
INSTALL_PROGRAM='${INSTALL}'
INSTALL_SCRIPT='${INSTALL}'
INSTALL_STRIP_PROGRAM='$(install_sh) -c -s'
IPROUTE='/usr/sbin/ip'
LD='/opt/lede-toolchain-ramips-mt7621_gcc-5.4.0_musl-1.1.24.Linux-x86_64/toolchain-mipsel_24kc_gcc-5.4.0_musl-1.1.24/bin/mipsel-openwrt-linux-musl-ld'
LDFLAGS='--sysroot=/opt/lede-toolchain-ramips-mt7621_gcc-5.4.0_musl-1.1.24.Linux-x86_64/toolchain-mipsel_24kc_gcc-5.4.0_musl-1.1.24 -ffunction-sections -fdata-sections 		-Wl,--gc-sections 		-lpthread -ldl 		-L/repo/Pass_GPL/asuswrt/release/src-ra-openwrt-4210/router/zlib -lz'
LIBOBJS=''
LIBPAM_CFLAGS='-I/repo/Pass_GPL/asuswrt/release/src-ra-openwrt-4210/router/openpam/include'
LIBPAM_LIBS='-L/repo/Pass_GPL/asuswrt/release/src-ra-openwrt-4210/router/openpam/lib/libpam/.libs -lpam'
LIBS=''
LIBTOOL='$(SHELL) $(top_builddir)/libtool'
LIPO=''
LN_S='ln -s'
LTLIBOBJS=''
LT_SYS_LIBRARY_PATH=''
LZ4_CFLAGS='-I/repo/Pass_GPL/asuswrt/release/src-ra-openwrt-4210/router/lz4/lib'
LZ4_LIBS='-L/repo/Pass_GPL/asuswrt/release/src-ra-openwrt-4210/router/lz4/lib -llz4'
LZO_CFLAGS='-I/repo/Pass_GPL/asuswrt/release/src-ra-openwrt-4210/router/lzo/include'
LZO_LIBS='-L/repo/Pass_GPL/asuswrt/release/src-ra-openwrt-4210/router/lzo/src/.libs -llzo2'
MAKEINFO='${SHELL} /repo/Pass_GPL/asuswrt/release/src/router/openvpn/missing makeinfo'
MAN2HTML=''
MANIFEST_TOOL=':'
MBEDTLS_CFLAGS=''
MBEDTLS_LIBS=''
MKDIR_P='/bin/mkdir -p'
NETSTAT='netstat'
NM='/opt/lede-toolchain-ramips-mt7621_gcc-5.4.0_musl-1.1.24.Linux-x86_64/toolchain-mipsel_24kc_gcc-5.4.0_musl-1.1.24/bin/mipsel-openwrt-linux-musl-nm'
NMEDIT=''
OBJDUMP='/opt/lede-toolchain-ramips-mt7621_gcc-5.4.0_musl-1.1.24.Linux-x86_64/toolchain-mipsel_24kc_gcc-5.4.0_musl-1.1.24/bin/mipsel-openwrt-linux-musl-objdump'
OBJEXT='o'
OPENSSL_CFLAGS='-I/repo/Pass_GPL/asuswrt/release/src-ra-openwrt-4210/router/openssl/include'
OPENSSL_LIBS='-L/repo/Pass_GPL/asuswrt/release/src-ra-openwrt-4210/router/openssl/ -lssl -lcrypto'
OPENVPN_VERSION_MAJOR='2'
OPENVPN_VERSION_MINOR='4'
OPENVPN_VERSION_PATCH='.12'
OPTIONAL_CRYPTO_CFLAGS=' -I/repo/Pass_GPL/asuswrt/release/src-ra-openwrt-4210/router/openssl/include'
OPTIONAL_CRYPTO_LIBS=' -L/repo/Pass_GPL/asuswrt/release/src-ra-openwrt-4210/router/openssl/ -lssl -lcrypto'
OPTIONAL_DL_LIBS='-ldl'
OPTIONAL_INOTIFY_CFLAGS=''
OPTIONAL_INOTIFY_LIBS=''
OPTIONAL_LZ4_CFLAGS='-I/repo/Pass_GPL/asuswrt/release/src-ra-openwrt-4210/router/lz4/lib'
OPTIONAL_LZ4_LIBS='-L/repo/Pass_GPL/asuswrt/release/src-ra-openwrt-4210/router/lz4/lib -llz4'
OPTIONAL_LZO_CFLAGS='-I/repo/Pass_GPL/asuswrt/release/src-ra-openwrt-4210/router/lzo/include'
OPTIONAL_LZO_LIBS='-L/repo/Pass_GPL/asuswrt/release/src-ra-openwrt-4210/router/lzo/src/.libs -llzo2'
OPTIONAL_PKCS11_HELPER_CFLAGS=''
OPTIONAL_PKCS11_HELPER_LIBS=''
OPTIONAL_SELINUX_LIBS=''
OPTIONAL_SYSTEMD_LIBS=''
OTOOL64=''
OTOOL=''
P11KIT_CFLAGS=''
P11KIT_LIBS=''
PACKAGE='openvpn'
PACKAGE_BUGREPORT='openvpn-users@lists.sourceforge.net'
PACKAGE_NAME='OpenVPN'
PACKAGE_STRING='OpenVPN 2.4.12'
PACKAGE_TARNAME='openvpn'
PACKAGE_URL=''
PACKAGE_VERSION='2.4.12'
PATH_SEPARATOR=':'
PKCS11_HELPER_CFLAGS=''
PKCS11_HELPER_LIBS=''
PKG_CONFIG='/usr/bin/pkg-config'
PKG_CONFIG_LIBDIR='/repo/Pass_GPL/asuswrt/release/src-ra-openwrt-4210/router/mipsel-musl/stage/usr/lib/pkgconfig:/repo/Pass_GPL/asuswrt/release/src-ra-openwrt-4210/router/mipsel-musl/stage/usr/local/lib/pkgconfig:/repo/Pass_GPL/asuswrt/release/src-ra-openwrt-4210/router/mipsel-musl/stage/etc/lib/pkgconfig'
PKG_CONFIG_PATH='/repo/Pass_GPL/asuswrt/release/src-ra-openwrt-4210/router/mipsel-musl/stage/usr/lib/pkgconfig:/repo/Pass_GPL/asuswrt/release/src-ra-openwrt-4210/router/mipsel-musl/stage/etc/lib/pkgconfig'
PLUGINDIR=''
PLUGIN_AUTH_PAM_CFLAGS='-I/repo/Pass_GPL/asuswrt/release/src-ra-openwrt-4210/router/openpam/include'
PLUGIN_AUTH_PAM_LIBS='-L/repo/Pass_GPL/asuswrt/release/src-ra-openwrt-4210/router/openpam/lib/libpam/.libs -lpam'
RANLIB='/opt/lede-toolchain-ramips-mt7621_gcc-5.4.0_musl-1.1.24.Linux-x86_64/toolchain-mipsel_24kc_gcc-5.4.0_musl-1.1.24/bin/mipsel-openwrt-linux-musl-ranlib'
RC=''
ROUTE='/sbin/route'
SED='/bin/sed'
SELINUX_LIBS=''
SET_MAKE=''
SHELL='/bin/sh'
SOCKETS_LIBS=''
STRIP='/opt/lede-toolchain-ramips-mt7621_gcc-5.4.0_musl-1.1.24.Linux-x86_64/toolchain-mipsel_24kc_gcc-5.4.0_musl-1.1.24/bin/mipsel-openwrt-linux-musl-strip -R .note -R .comment'
SYSTEMD_ASK_PASSWORD=''
SYSTEMD_UNIT_DIR=''
TAP_CFLAGS=''
TAP_WIN_COMPONENT_ID='tap0901'
TAP_WIN_MIN_MAJOR='9'
TAP_WIN_MIN_MINOR='9'
TEST_CFLAGS=' -I/repo/Pass_GPL/asuswrt/release/src-ra-openwrt-4210/router/openssl/include  -I$(top_srcdir)/include -I$(top_builddir)/vendor/dist/include'
TEST_LDFLAGS=' -L/repo/Pass_GPL/asuswrt/release/src-ra-openwrt-4210/router/openssl/ -lssl -lcrypto  -lcmocka -L$(top_builddir)/vendor/dist/lib -Wl,-rpath,$(top_builddir)/vendor/dist/lib'
TMPFILES_DIR=''
VERSION='2.4.12'
WIN32_FALSE=''
WIN32_TRUE='#'
ac_ct_AR=''
ac_ct_CC=''
ac_ct_DUMPBIN=''
am__EXEEXT_FALSE=''
am__EXEEXT_TRUE='#'
am__fastdepCC_FALSE='#'
am__fastdepCC_TRUE=''
am__include='include'
am__isrc=''
am__leading_dot='.'
am__nodep='_no'
am__quote=''
am__tar='$${TAR-tar} chof - "$$tardir"'
am__untar='$${TAR-tar} xf -'
bindir='/usr/sbin'
build='x86_64-pc-linux-gnu'
build_alias='x86_64-linux-gnu'
build_cpu='x86_64'
build_os='linux-gnu'
build_vendor='pc'
datadir='${datarootdir}'
datarootdir='${prefix}/share'
docdir='${datarootdir}/doc/${PACKAGE_TARNAME}'
dvidir='${docdir}'
exec_prefix='${prefix}'
host='mipsel-unknown-linux-gnu'
host_alias='mipsel-linux'
host_cpu='mipsel'
host_os='linux-gnu'
host_vendor='unknown'
htmldir='${docdir}'
includedir='${prefix}/include'
infodir='${datarootdir}/info'
install_sh='${SHELL} /repo/Pass_GPL/asuswrt/release/src/router/openvpn/install-sh'
libdir='/usr/lib'
libexecdir='${exec_prefix}/libexec'
libsystemd_CFLAGS=''
libsystemd_LIBS=''
localedir='${datarootdir}/locale'
localstatedir='${prefix}/var'
mandir='${datarootdir}/man'
mkdir_p='$(MKDIR_P)'
oldincludedir='/usr/include'
pdfdir='${docdir}'
plugindir='${libdir}/openvpn/plugins'
prefix='/usr'
program_transform_name='s,x,x,'
psdir='${docdir}'
runstatedir='${localstatedir}/run'
sampledir='$(docdir)/sample'
sbindir='${exec_prefix}/sbin'
sharedstatedir='${prefix}/com'
sysconfdir='${prefix}/etc'
systemdunitdir=''
target_alias=''
tmpfilesdir=''

## ----------- ##
## confdefs.h. ##
## ----------- ##

/* confdefs.h */
#define PACKAGE_NAME "OpenVPN"
#define PACKAGE_TARNAME "openvpn"
#define PACKAGE_VERSION "2.4.12"
#define PACKAGE_STRING "OpenVPN 2.4.12"
#define PACKAGE_BUGREPORT "openvpn-users@lists.sourceforge.net"
#define PACKAGE_URL ""
#define OPENVPN_VERSION_RESOURCE 2,4,12,0
#define OPENVPN_VERSION_MAJOR 2
#define OPENVPN_VERSION_MINOR 4
#define OPENVPN_VERSION_PATCH ".12"
#define PACKAGE "openvpn"
#define VERSION "2.4.12"
#define STDC_HEADERS 1
#define HAVE_SYS_TYPES_H 1
#define HAVE_SYS_STAT_H 1
#define HAVE_STDLIB_H 1
#define HAVE_STRING_H 1
#define HAVE_MEMORY_H 1
#define HAVE_STRINGS_H 1
#define HAVE_INTTYPES_H 1
#define HAVE_STDINT_H 1
#define HAVE_UNISTD_H 1
#define __EXTENSIONS__ 1
#define _ALL_SOURCE 1
#define _GNU_SOURCE 1
#define _POSIX_PTHREAD_SEMANTICS 1
#define _TANDEM_SOURCE 1
#define TARGET_ALIAS "mipsel-unknown-linux-gnu"
#define TARGET_LINUX 1
#define TARGET_PREFIX "L"
#define IFCONFIG_PATH "/sbin/ifconfig"
#define IPROUTE_PATH "/usr/sbin/ip"
#define ROUTE_PATH "/sbin/route"
#define SYSTEMD_ASK_PASSWORD_PATH ""
#define HAVE_DLFCN_H 1
#define LT_OBJDIR ".libs/"
#define RETSIGTYPE void
#define HAVE_CPP_VARARG_MACRO_ISO 1
#define HAVE_CPP_VARARG_MACRO_GCC 1
#define EMPTY_ARRAY_SIZE 0
#define SIZEOF_UNSIGNED_INT 4
#define SIZEOF_UNSIGNED_LONG 4
#define HAVE_STDIO_H 1
#define HAVE_STDARG_H 1
#define HAVE_LIMITS_H 1
#define HAVE_TIME_H 1
#define HAVE_ERRNO_H 1
#define HAVE_FCNTL_H 1
#define HAVE_CTYPE_H 1
#define HAVE_SYS_TYPES_H 1
#define HAVE_SYS_SOCKET_H 1
#define HAVE_SIGNAL_H 1
#define HAVE_UNISTD_H 1
#define HAVE_DLFCN_H 1
#define HAVE_NETINET_IN_H 1
#define HAVE_NETINET_IN_SYSTM_H 1
#define HAVE_NETINET_TCP_H 1
#define HAVE_ARPA_INET_H 1
#define HAVE_NETDB_H 1
#define HAVE_SYS_TIME_H 1
#define HAVE_SYS_IOCTL_H 1
#define HAVE_SYS_STAT_H 1
#define HAVE_SYS_MMAN_H 1
#define HAVE_SYS_FILE_H 1
#define HAVE_SYS_WAIT_H 1
#define HAVE_UNISTD_H 1
#define HAVE_SIGNAL_H 1
#define HAVE_LIBGEN_H 1
#define HAVE_STROPTS_H 1
#define HAVE_SYSLOG_H 1
#define HAVE_PWD_H 1
#define HAVE_GRP_H 1
#define HAVE_SYS_UIO_H 1
#define HAVE_LINUX_SOCKIOS_H 1
#define HAVE_LINUX_TYPES_H 1
#define HAVE_LINUX_ERRQUEUE_H 1
#define HAVE_SYS_POLL_H 1
#define HAVE_SYS_EPOLL_H 1
#define HAVE_ERR_H 1
#define HAVE_NET_IF_H 1
#define HAVE_NETINET_IP_H 1
#define HAVE_RESOLV_H 1
#define HAVE_SYS_UN_H 1
#define HAVE_IN_ADDR_T 1
#define HAVE_IN_PORT_T 1
#define HAVE_IPHDR 1
#define HAVE_MSGHDR 1
#define HAVE_CMSGHDR 1
#define HAVE_IN_PKTINFO 1
#define HAVE_SA_FAMILY_T 1
#define HAVE_IPI_SPEC_DST 1
#define HAVE_DECL_SO_MARK 1
#define HAVE_ANONYMOUS_UNION_SUPPORT /**/
#define HAVE_DECL_SIGHUP 1
#define HAVE_DECL_SIGINT 1
#define HAVE_DECL_SIGUSR1 1
#define HAVE_DECL_SIGUSR2 1
#define HAVE_DECL_SIGTERM 1
#define HAVE_FORK 1
#define HAVE_VFORK 1
#define HAVE_WORKING_VFORK 1
#define HAVE_WORKING_FORK 1
#define HAVE_DAEMON 1
#define HAVE_CHROOT 1
#define HAVE_GETPWNAM 1
#define HAVE_SETUID 1
#define HAVE_NICE 1
#define HAVE_SYSTEM 1
#define HAVE_GETPID 1
#define HAVE_DUP 1
#define HAVE_DUP2 1
#define HAVE_GETPASS 1
#define HAVE_SYSLOG 1
#define HAVE_OPENLOG 1
#define HAVE_MLOCKALL 1
#define HAVE_GETGRNAM 1
#define HAVE_SETGID 1
#define HAVE_SETGROUPS 1
#define HAVE_STAT 1
#define HAVE_FLOCK 1
#define HAVE_READV 1
#define HAVE_WRITEV 1
#define HAVE_TIME 1
#define HAVE_GETTIMEOFDAY 1
#define HAVE_CTIME 1
#define HAVE_MEMSET 1
#define HAVE_VSNPRINTF 1
#define HAVE_STRDUP 1
#define HAVE_SETSID 1
#define HAVE_CHDIR 1
#define HAVE_PUTENV 1
#define HAVE_GETPEERNAME 1
#define HAVE_UNLINK 1
#define HAVE_FTRUNCATE 1
#define HAVE_EXECVE 1
#define HAVE_UMASK 1
#define HAVE_BASENAME 1
#define HAVE_DIRNAME 1
#define HAVE_ACCESS 1
#define HAVE_EPOLL_CREATE 1
#define HAVE_SENDMSG 1
#define HAVE_RECVMSG 1
#define HAVE_INET_NTOP 1
#define HAVE_INET_PTON 1
#define HAVE_SOCKET 1
#define HAVE_RECV 1
#define HAVE_RECVFROM 1
#define HAVE_SEND 1
#define HAVE_SENDTO 1
#define HAVE_LISTEN 1
#define HAVE_ACCEPT 1
#define HAVE_CONNECT 1
#define HAVE_BIND 1
#define HAVE_SELECT 1
#define HAVE_GETHOSTBYNAME 1
#define HAVE_INET_NTOA 1
#define HAVE_SETSOCKOPT 1
#define HAVE_GETSOCKOPT 1
#define HAVE_GETSOCKNAME 1
#define HAVE_POLL 1
#define HAVE_LINUX_IF_TUN_H 1
#define HAVE_DECL_TUNSETPERSIST 1
#define ENABLE_FEATURE_TUN_PERSIST 1
#define HAVE_SSL_CTX_NEW 1
#define HAVE_EVP_CIPHER_CTX_SET_KEY_LENGTH 1
#define HAVE_ENGINE_LOAD_BUILTIN_ENGINES 1
#define HAVE_ENGINE_REGISTER_ALL_COMPLETE 1
#define HAVE_OPENSSL_ENGINE 1
#define HAVE_EVP_AES_256_GCM 1
#define HAVE_HMAC_CTX_NEW 1
#define HAVE_HMAC_CTX_FREE 1
#define HAVE_HMAC_CTX_RESET 1
#define HAVE_EVP_MD_CTX_NEW 1
#define HAVE_EVP_MD_CTX_FREE 1
#define HAVE_EVP_MD_CTX_RESET 1
#define HAVE_EVP_CIPHER_CTX_RESET 1
#define HAVE_SSL_CTX_GET_DEFAULT_PASSWD_CB 1
#define HAVE_SSL_CTX_GET_DEFAULT_PASSWD_CB_USERDATA 1
#define HAVE_SSL_CTX_SET_SECURITY_LEVEL 1
#define HAVE_X509_GET0_NOTBEFORE 1
#define HAVE_X509_GET0_NOTAFTER 1
#define HAVE_X509_GET0_PUBKEY 1
#define HAVE_X509_STORE_GET0_OBJECTS 1
#define HAVE_X509_OBJECT_FREE 1
#define HAVE_X509_OBJECT_GET_TYPE 1
#define HAVE_EVP_PKEY_ID 1
#define HAVE_EVP_PKEY_GET0_RSA 1
#define HAVE_EVP_PKEY_GET0_DSA 1
#define HAVE_EVP_PKEY_GET0_EC_KEY 1
#define HAVE_RSA_SET_FLAGS 1
#define HAVE_RSA_BITS 1
#define HAVE_RSA_GET0_KEY 1
#define HAVE_RSA_SET0_KEY 1
#define HAVE_DSA_GET0_PQG 1
#define HAVE_DSA_BITS 1
#define HAVE_RSA_METH_NEW 1
#define HAVE_RSA_METH_FREE 1
#define HAVE_RSA_METH_SET_PUB_ENC 1
#define HAVE_RSA_METH_SET_PUB_DEC 1
#define HAVE_RSA_METH_SET_PRIV_ENC 1
#define HAVE_RSA_METH_SET_PRIV_DEC 1
#define HAVE_RSA_METH_SET_INIT 1
#define HAVE_RSA_METH_SET_SIGN 1
#define HAVE_RSA_METH_SET_FINISH 1
#define HAVE_RSA_METH_SET0_APP_DATA 1
#define HAVE_RSA_METH_GET0_APP_DATA 1
#define HAVE_EC_GROUP_ORDER_BITS 1
#define ENABLE_CRYPTO_OPENSSL 1
#define HAVE_LZO_LZOUTIL_H 1
#define HAVE_LZO_LZO1X_H 1
#define HAVE_LZ4_H 1
#define HAVE_LIBLZ4 1
#define HAVE_LIBLZ4 1
#define ENABLE_LZ4 1
#define PATH_SEPARATOR '/'
#define PATH_SEPARATOR_STR "/"
#define HAVE_IOVEC 1
#define ENABLE_MANAGEMENT 1
#define ENABLE_MULTIHOME 1
#define ENABLE_FRAGMENT 1
#define ENABLE_PORT_SHARE 1
#define ENABLE_DEF_AUTH 1
#define ENABLE_PF 1
#define ENABLE_OFB_CFB_MODE 1
#define HAVE_AEAD_CIPHER_MODES 1
#define ENABLE_CRYPTO 1
#define ENABLE_PLUGIN 1
#define ENABLE_LZO 1
#define CONFIGURE_DEFINES "enable_async_push=no enable_comp_stub=no enable_crypto=yes enable_crypto_ofb_cfb=yes enable_debug=no enable_def_auth=yes enable_dlopen=unknown enable_dlopen_self=unknown enable_dlopen_self_static=unknown enable_fast_install=yes enable_fragment=yes enable_iproute2=no enable_libtool_lock=yes enable_lz4=yes enable_lzo=yes enable_management=yes enable_multihome=yes enable_pam_dlopen=no enable_password_save=yes enable_pedantic=no enable_pf=yes enable_pkcs11=no enable_plugin_auth_pam=yes enable_plugin_down_root=yes enable_plugins=yes enable_port_share=yes enable_selinux=no enable_server=yes enable_shared=yes enable_shared_with_static_runtimes=no enable_small=no enable_socks=no enable_static=yes enable_strict=no enable_strict_options=no enable_systemd=no enable_werror=no enable_win32_dll=yes enable_x509_alt_username=no with_aix_soname=aix with_crypto_library=openssl with_gnu_ld=yes with_mem_check=no with_sysroot=no"
#define TAP_WIN_COMPONENT_ID "tap0901"
#define TAP_WIN_MIN_MAJOR 9
#define TAP_WIN_MIN_MINOR 9

configure: exit 0
