This file contains any messages produced by compilers while
running configure, to aid debugging if configure makes a mistake.

It was created by In-a-dyn configure 2.8.1, which was
generated by GNU Autoconf 2.69.  Invocation command line was

  $ ./configure --host=mipsel-linux --build=x86_64-linux-gnu --prefix=/usr --sysconfdir=/etc --localstatedir=/var --enable-openssl confuse_CFLAGS=-I/repo/Fail_GPL/asuswrt/release/src-ra-openwrt-4210/router/mipsel-musl/stage/usr/include confuse_LIBS=-L/repo/Fail_GPL/asuswrt/release/src-ra-openwrt-4210/router/mipsel-musl/stage/usr/lib -lconfuse OpenSSL_CFLAGS=-I/repo/Fail_GPL/asuswrt/release/src-ra-openwrt-4210/router/mipsel-musl/stage/usr/include OpenSSL_LIBS=-L/repo/Fail_GPL/asuswrt/release/src-ra-openwrt-4210/router/mipsel-musl/stage/usr/lib -lcrypto -lssl -lpthread CFLAGS=-Wall -Os -I/repo/Fail_GPL/asuswrt/release/src-ra-openwrt-4210/router/shared -I/repo/Fail_GPL/asuswrt/release/src-ra-openwrt-4210/include -DASUSWRT -DUSE_IPV6 -DASUSWRT_LE  		-I/repo/Fail_GPL/asuswrt/release/src-ra-openwrt-4210/router/mipsel-musl/stage/usr/include  -ffunction-sections -fdata-sections -DLINUX26 -DCONFIG_RALINK -DMUSL_LIBC -DDEBUG_NOISY -DDEBUG_RCTEST -D_GNU_SOURCE -D__UAPI_DEF_ETHHDR -DRALINK_DBDC_MODE -pipe -funit-at-a-time -Wno-pointer-sign -mtune=mips32 -mips32 -DLINUX_KERNEL_VERSION=263366 --sysroot=/opt/lede-toolchain-ramips-mt7621_gcc-5.4.0_musl-1.1.24.Linux-x86_64/toolchain-mipsel_24kc_gcc-5.4.0_musl-1.1.24  LDFLAGS=-L/repo/Fail_GPL/asuswrt/release/src-ra-openwrt-4210/router/nvram -L/repo/Fail_GPL/asuswrt/release/src-ra-openwrt-4210/router/shared   		 -L/repo/Fail_GPL/asuswrt/release/src-ra-openwrt-4210/router/mipsel-musl/stage/usr/lib -Wl,--gc-sections  --sysroot=/opt/lede-toolchain-ramips-mt7621_gcc-5.4.0_musl-1.1.24.Linux-x86_64/toolchain-mipsel_24kc_gcc-5.4.0_musl-1.1.24 LIBS=-lnvram -lshared   -ldl

## --------- ##
## Platform. ##
## --------- ##

hostname = fd69b6f2cff8
uname -m = x86_64
uname -r = 6.8.0-137-generic
uname -s = Linux
uname -v = #137-Ubuntu SMP PREEMPT_DYNAMIC Fri Jul 17 20:28:23 UTC 2026

/usr/bin/uname -p = unknown
/bin/uname -X     = unknown

/bin/arch              = unknown
/usr/bin/arch -k       = unknown
/usr/convex/getsysinfo = unknown
/usr/bin/hostinfo      = unknown
/bin/machine           = unknown
/usr/bin/oslevel       = unknown
/bin/universe          = unknown

PATH: /repo/Fail_GPL/asuswrt/release/tools
PATH: /repo/Fail_GPL/asuswrt/release/src-ra-openwrt-4210/ctools
PATH: /repo/Fail_GPL/asuswrt/release/tools
PATH: /repo/Fail_GPL/asuswrt/release/src-ra-openwrt-4210/ctools
PATH: /repo/Fail_GPL/asuswrt/release/tools
PATH: /repo/Fail_GPL/asuswrt/release/src-ra-openwrt-4210/ctools
PATH: /usr/local/sbin
PATH: /usr/local/bin
PATH: /usr/sbin
PATH: /usr/bin
PATH: /sbin
PATH: /bin
PATH: /home/asuswrt/bin
PATH: /home/asuswrt/mybash
PATH: /opt/buildroot-gcc342/bin
PATH: /opt/buildroot-gcc463/bin
PATH: /opt/brcm/hndtools-mipsel-linux/bin
PATH: /opt/brcm/hndtools-mipsel-uclibc/bin
PATH: /opt/projects/hnd/tools/linux/hndtools-arm-linux-2.6.36-uclibc-4.5.3/bin
PATH: /opt/projects/hnd/tools/linux/hndtools-arm-linux-2.6.36-uclibc-4.5.3/arm-linux/bin
PATH: /opt/projects/hnd/tools/linux/hndtools-arm-linux-2.6.36-uclibc-4.5.3/usr/bin
PATH: /opt/toolchains/crosstools-arm-gcc-5.3-linux-4.1-glibc-2.22-binutils-2.25/usr/bin
PATH: /opt/toolchains/crosstools-aarch64-gcc-5.3-linux-4.1-glibc-2.22-binutils-2.25/usr/bin
PATH: /opt/toolchains/crosstools-arm-gcc-9.2-linux-4.19-glibc-2.30-binutils-2.32/usr/lib
PATH: /opt/toolchains/crosstools-aarch64-gcc-9.2-linux-4.19-glibc-2.30-binutils-2.32/bin
PATH: /opt/toolchains/crosstools-arm-gcc-10.3-linux-4.19-glibc-2.32-binutils-2.36.1/bin
PATH: /opt/toolchains/crosstools-aarch64-gcc-10.3-linux-4.19-glibc-2.32-binutils-2.36.1/bin
PATH: /opt/openwrt-gcc463.arm/bin
PATH: /opt/openwrt-gcc463.mips.mesh/bin
PATH: /opt/openwrt-gcc520_musl.aarch64/bin
PATH: /opt/openwrt-gcc840_musl.aarch64/bin


## ----------- ##
## Core tests. ##
## ----------- ##

configure:2431: checking for a BSD-compatible install
configure:2499: result: /usr/bin/install -c
configure:2510: checking whether build environment is sane
configure:2565: result: yes
configure:2624: checking for mipsel-linux-strip
configure:2651: result: /opt/lede-toolchain-ramips-mt7621_gcc-5.4.0_musl-1.1.24.Linux-x86_64/toolchain-mipsel_24kc_gcc-5.4.0_musl-1.1.24/bin/mipsel-openwrt-linux-musl-strip -R .note -R .comment
configure:2716: checking for a thread-safe mkdir -p
configure:2755: result: /bin/mkdir -p
configure:2762: checking for gawk
configure:2778: found /usr/bin/gawk
configure:2789: result: gawk
configure:2800: checking whether make sets $(MAKE)
configure:2822: result: yes
configure:2851: checking whether make supports nested variables
configure:2868: result: yes
configure:3005: checking whether make supports nested variables
configure:3022: result: yes
configure:3091: checking for style of include used by make
configure:3119: result: GNU
configure:3150: checking for mipsel-linux-gcc
configure:3177: result: /opt/lede-toolchain-ramips-mt7621_gcc-5.4.0_musl-1.1.24.Linux-x86_64/toolchain-mipsel_24kc_gcc-5.4.0_musl-1.1.24/bin/mipsel-openwrt-linux-musl-gcc
configure:3446: checking for C compiler version
configure:3455: /opt/lede-toolchain-ramips-mt7621_gcc-5.4.0_musl-1.1.24.Linux-x86_64/toolchain-mipsel_24kc_gcc-5.4.0_musl-1.1.24/bin/mipsel-openwrt-linux-musl-gcc --version >&5
mipsel-openwrt-linux-musl-gcc.bin (LEDE GCC 5.4.0 unknown) 5.4.0
Copyright (C) 2015 Free Software Foundation, Inc.
This is free software; see the source for copying conditions.  There is NO
warranty; not even for MERCHANTABILITY or FITNESS FOR A PARTICULAR PURPOSE.

configure:3466: $? = 0
configure:3455: /opt/lede-toolchain-ramips-mt7621_gcc-5.4.0_musl-1.1.24.Linux-x86_64/toolchain-mipsel_24kc_gcc-5.4.0_musl-1.1.24/bin/mipsel-openwrt-linux-musl-gcc -v >&5
Reading specs from /opt/lede-toolchain-ramips-mt7621_gcc-5.4.0_musl-1.1.24.Linux-x86_64/toolchain-mipsel_24kc_gcc-5.4.0_musl-1.1.24/bin/../lib/gcc/mipsel-openwrt-linux-musl/5.4.0/specs
COLLECT_GCC=mipsel-openwrt-linux-musl-gcc.bin
COLLECT_LTO_WRAPPER=/opt/lede-toolchain-ramips-mt7621_gcc-5.4.0_musl-1.1.24.Linux-x86_64/toolchain-mipsel_24kc_gcc-5.4.0_musl-1.1.24/bin/../libexec/gcc/mipsel-openwrt-linux-musl/5.4.0/lto-wrapper
Target: mipsel-openwrt-linux-musl
Configured with: /data2/heidi_wen/SW4_git/OpenWRT_4210_20230308/mtk-openwrt-lede-4.2.1.0/build_dir/toolchain-mipsel_24kc_gcc-5.4.0_musl-1.1.24/gcc-5.4.0/configure --with-bugurl=http://www.lede-project.org/bugs/ --with-pkgversion='LEDE GCC 5.4.0 unknown' --prefix=/data2/heidi_wen/SW4_git/OpenWRT_4210_20230308/mtk-openwrt-lede-4.2.1.0/staging_dir/toolchain-mipsel_24kc_gcc-5.4.0_musl-1.1.24 --build=x86_64-linux-gnu --host=x86_64-linux-gnu --target=mipsel-openwrt-linux-musl --with-gnu-ld --enable-target-optspace --disable-libgomp --disable-libmudflap --disable-multilib --disable-libmpx --disable-nls --without-isl --without-cloog --with-host-libstdcxx=-lstdc++ --with-float=soft --with-gmp=/data2/heidi_wen/SW4_git/OpenWRT_4210_20230308/mtk-openwrt-lede-4.2.1.0/staging_dir/host --with-mpfr=/data2/heidi_wen/SW4_git/OpenWRT_4210_20230308/mtk-openwrt-lede-4.2.1.0/staging_dir/host --with-mpc=/data2/heidi_wen/SW4_git/OpenWRT_4210_20230308/mtk-openwrt-lede-4.2.1.0/staging_dir/host --disable-decimal-float --with-mips-plt --with-diagnostics-color=auto-if-env --disable-libssp --enable-__cxa_atexit --with-headers=/data2/heidi_wen/SW4_git/OpenWRT_4210_20230308/mtk-openwrt-lede-4.2.1.0/staging_dir/toolchain-mipsel_24kc_gcc-5.4.0_musl-1.1.24/include --disable-libsanitizer --enable-languages=c,c++ --enable-shared --enable-threads --with-slibdir=/data2/heidi_wen/SW4_git/OpenWRT_4210_20230308/mtk-openwrt-lede-4.2.1.0/staging_dir/toolchain-mipsel_24kc_gcc-5.4.0_musl-1.1.24/lib --enable-lto --with-libelf=/data2/heidi_wen/SW4_git/OpenWRT_4210_20230308/mtk-openwrt-lede-4.2.1.0/staging_dir/host
Thread model: posix
gcc version 5.4.0 (LEDE GCC 5.4.0 unknown) 
COMPILER_PATH=/opt/lede-toolchain-ramips-mt7621_gcc-5.4.0_musl-1.1.24.Linux-x86_64/toolchain-mipsel_24kc_gcc-5.4.0_musl-1.1.24/bin/../libexec/gcc/mipsel-openwrt-linux-musl/5.4.0/:/opt/lede-toolchain-ramips-mt7621_gcc-5.4.0_musl-1.1.24.Linux-x86_64/toolchain-mipsel_24kc_gcc-5.4.0_musl-1.1.24/bin/../libexec/gcc/:/opt/lede-toolchain-ramips-mt7621_gcc-5.4.0_musl-1.1.24.Linux-x86_64/toolchain-mipsel_24kc_gcc-5.4.0_musl-1.1.24/bin/../lib/gcc/mipsel-openwrt-linux-musl/5.4.0/../../../../mipsel-openwrt-linux-musl/bin/
LIBRARY_PATH=/opt/lede-toolchain-ramips-mt7621_gcc-5.4.0_musl-1.1.24.Linux-x86_64/toolchain-mipsel_24kc_gcc-5.4.0_musl-1.1.24/bin/../lib/gcc/mipsel-openwrt-linux-musl/5.4.0/:/opt/lede-toolchain-ramips-mt7621_gcc-5.4.0_musl-1.1.24.Linux-x86_64/toolchain-mipsel_24kc_gcc-5.4.0_musl-1.1.24/bin/../lib/gcc/:/opt/lede-toolchain-ramips-mt7621_gcc-5.4.0_musl-1.1.24.Linux-x86_64/toolchain-mipsel_24kc_gcc-5.4.0_musl-1.1.24/bin/../lib/gcc/mipsel-openwrt-linux-musl/5.4.0/../../../../mipsel-openwrt-linux-musl/lib/
COLLECT_GCC_OPTIONS='-v' '-msoft-float' '-mllsc' '-mplt' '-mno-shared' '-EL' '-mabi=32'
... rest of stderr output deleted ...
configure:3466: $? = 1
configure:3455: /opt/lede-toolchain-ramips-mt7621_gcc-5.4.0_musl-1.1.24.Linux-x86_64/toolchain-mipsel_24kc_gcc-5.4.0_musl-1.1.24/bin/mipsel-openwrt-linux-musl-gcc -V >&5
mipsel-openwrt-linux-musl-gcc.bin: error: unrecognized command line option '-V'
configure:3466: $? = 1
configure:3455: /opt/lede-toolchain-ramips-mt7621_gcc-5.4.0_musl-1.1.24.Linux-x86_64/toolchain-mipsel_24kc_gcc-5.4.0_musl-1.1.24/bin/mipsel-openwrt-linux-musl-gcc -qversion >&5
mipsel-openwrt-linux-musl-gcc.bin: error: unrecognized command line option '-qversion'
configure:3466: $? = 1
configure:3486: checking whether the C compiler works
configure:3508: /opt/lede-toolchain-ramips-mt7621_gcc-5.4.0_musl-1.1.24.Linux-x86_64/toolchain-mipsel_24kc_gcc-5.4.0_musl-1.1.24/bin/mipsel-openwrt-linux-musl-gcc -Wall -Os -I/repo/Fail_GPL/asuswrt/release/src-ra-openwrt-4210/router/shared -I/repo/Fail_GPL/asuswrt/release/src-ra-openwrt-4210/include -DASUSWRT -DUSE_IPV6 -DASUSWRT_LE  		-I/repo/Fail_GPL/asuswrt/release/src-ra-openwrt-4210/router/mipsel-musl/stage/usr/include  -ffunction-sections -fdata-sections -DLINUX26 -DCONFIG_RALINK -DMUSL_LIBC -DDEBUG_NOISY -DDEBUG_RCTEST -D_GNU_SOURCE -D__UAPI_DEF_ETHHDR -DRALINK_DBDC_MODE -pipe -funit-at-a-time -Wno-pointer-sign -mtune=mips32 -mips32 -DLINUX_KERNEL_VERSION=263366 --sysroot=/opt/lede-toolchain-ramips-mt7621_gcc-5.4.0_musl-1.1.24.Linux-x86_64/toolchain-mipsel_24kc_gcc-5.4.0_musl-1.1.24   -L/repo/Fail_GPL/asuswrt/release/src-ra-openwrt-4210/router/nvram -L/repo/Fail_GPL/asuswrt/release/src-ra-openwrt-4210/router/shared   		 -L/repo/Fail_GPL/asuswrt/release/src-ra-openwrt-4210/router/mipsel-musl/stage/usr/lib -Wl,--gc-sections  --sysroot=/opt/lede-toolchain-ramips-mt7621_gcc-5.4.0_musl-1.1.24.Linux-x86_64/toolchain-mipsel_24kc_gcc-5.4.0_musl-1.1.24 conftest.c -lnvram -lshared   -ldl >&5
configure:3512: $? = 0
configure:3560: result: yes
configure:3563: checking for C compiler default output file name
configure:3565: result: a.out
configure:3571: checking for suffix of executables
configure:3578: /opt/lede-toolchain-ramips-mt7621_gcc-5.4.0_musl-1.1.24.Linux-x86_64/toolchain-mipsel_24kc_gcc-5.4.0_musl-1.1.24/bin/mipsel-openwrt-linux-musl-gcc -o conftest -Wall -Os -I/repo/Fail_GPL/asuswrt/release/src-ra-openwrt-4210/router/shared -I/repo/Fail_GPL/asuswrt/release/src-ra-openwrt-4210/include -DASUSWRT -DUSE_IPV6 -DASUSWRT_LE  		-I/repo/Fail_GPL/asuswrt/release/src-ra-openwrt-4210/router/mipsel-musl/stage/usr/include  -ffunction-sections -fdata-sections -DLINUX26 -DCONFIG_RALINK -DMUSL_LIBC -DDEBUG_NOISY -DDEBUG_RCTEST -D_GNU_SOURCE -D__UAPI_DEF_ETHHDR -DRALINK_DBDC_MODE -pipe -funit-at-a-time -Wno-pointer-sign -mtune=mips32 -mips32 -DLINUX_KERNEL_VERSION=263366 --sysroot=/opt/lede-toolchain-ramips-mt7621_gcc-5.4.0_musl-1.1.24.Linux-x86_64/toolchain-mipsel_24kc_gcc-5.4.0_musl-1.1.24   -L/repo/Fail_GPL/asuswrt/release/src-ra-openwrt-4210/router/nvram -L/repo/Fail_GPL/asuswrt/release/src-ra-openwrt-4210/router/shared   		 -L/repo/Fail_GPL/asuswrt/release/src-ra-openwrt-4210/router/mipsel-musl/stage/usr/lib -Wl,--gc-sections  --sysroot=/opt/lede-toolchain-ramips-mt7621_gcc-5.4.0_musl-1.1.24.Linux-x86_64/toolchain-mipsel_24kc_gcc-5.4.0_musl-1.1.24 conftest.c -lnvram -lshared   -ldl >&5
configure:3582: $? = 0
configure:3604: result: 
configure:3626: checking whether we are cross compiling
configure:3664: result: yes
configure:3669: checking for suffix of object files
configure:3691: /opt/lede-toolchain-ramips-mt7621_gcc-5.4.0_musl-1.1.24.Linux-x86_64/toolchain-mipsel_24kc_gcc-5.4.0_musl-1.1.24/bin/mipsel-openwrt-linux-musl-gcc -c -Wall -Os -I/repo/Fail_GPL/asuswrt/release/src-ra-openwrt-4210/router/shared -I/repo/Fail_GPL/asuswrt/release/src-ra-openwrt-4210/include -DASUSWRT -DUSE_IPV6 -DASUSWRT_LE  		-I/repo/Fail_GPL/asuswrt/release/src-ra-openwrt-4210/router/mipsel-musl/stage/usr/include  -ffunction-sections -fdata-sections -DLINUX26 -DCONFIG_RALINK -DMUSL_LIBC -DDEBUG_NOISY -DDEBUG_RCTEST -D_GNU_SOURCE -D__UAPI_DEF_ETHHDR -DRALINK_DBDC_MODE -pipe -funit-at-a-time -Wno-pointer-sign -mtune=mips32 -mips32 -DLINUX_KERNEL_VERSION=263366 --sysroot=/opt/lede-toolchain-ramips-mt7621_gcc-5.4.0_musl-1.1.24.Linux-x86_64/toolchain-mipsel_24kc_gcc-5.4.0_musl-1.1.24   conftest.c >&5
configure:3695: $? = 0
configure:3716: result: o
configure:3720: checking whether we are using the GNU C compiler
configure:3739: /opt/lede-toolchain-ramips-mt7621_gcc-5.4.0_musl-1.1.24.Linux-x86_64/toolchain-mipsel_24kc_gcc-5.4.0_musl-1.1.24/bin/mipsel-openwrt-linux-musl-gcc -c -Wall -Os -I/repo/Fail_GPL/asuswrt/release/src-ra-openwrt-4210/router/shared -I/repo/Fail_GPL/asuswrt/release/src-ra-openwrt-4210/include -DASUSWRT -DUSE_IPV6 -DASUSWRT_LE  		-I/repo/Fail_GPL/asuswrt/release/src-ra-openwrt-4210/router/mipsel-musl/stage/usr/include  -ffunction-sections -fdata-sections -DLINUX26 -DCONFIG_RALINK -DMUSL_LIBC -DDEBUG_NOISY -DDEBUG_RCTEST -D_GNU_SOURCE -D__UAPI_DEF_ETHHDR -DRALINK_DBDC_MODE -pipe -funit-at-a-time -Wno-pointer-sign -mtune=mips32 -mips32 -DLINUX_KERNEL_VERSION=263366 --sysroot=/opt/lede-toolchain-ramips-mt7621_gcc-5.4.0_musl-1.1.24.Linux-x86_64/toolchain-mipsel_24kc_gcc-5.4.0_musl-1.1.24   conftest.c >&5
configure:3739: $? = 0
configure:3748: result: yes
configure:3757: checking whether /opt/lede-toolchain-ramips-mt7621_gcc-5.4.0_musl-1.1.24.Linux-x86_64/toolchain-mipsel_24kc_gcc-5.4.0_musl-1.1.24/bin/mipsel-openwrt-linux-musl-gcc accepts -g
configure:3777: /opt/lede-toolchain-ramips-mt7621_gcc-5.4.0_musl-1.1.24.Linux-x86_64/toolchain-mipsel_24kc_gcc-5.4.0_musl-1.1.24/bin/mipsel-openwrt-linux-musl-gcc -c -g  conftest.c >&5
configure:3777: $? = 0
configure:3818: result: yes
configure:3835: checking for /opt/lede-toolchain-ramips-mt7621_gcc-5.4.0_musl-1.1.24.Linux-x86_64/toolchain-mipsel_24kc_gcc-5.4.0_musl-1.1.24/bin/mipsel-openwrt-linux-musl-gcc option to accept ISO C89
configure:3898: /opt/lede-toolchain-ramips-mt7621_gcc-5.4.0_musl-1.1.24.Linux-x86_64/toolchain-mipsel_24kc_gcc-5.4.0_musl-1.1.24/bin/mipsel-openwrt-linux-musl-gcc  -c -Wall -Os -I/repo/Fail_GPL/asuswrt/release/src-ra-openwrt-4210/router/shared -I/repo/Fail_GPL/asuswrt/release/src-ra-openwrt-4210/include -DASUSWRT -DUSE_IPV6 -DASUSWRT_LE  		-I/repo/Fail_GPL/asuswrt/release/src-ra-openwrt-4210/router/mipsel-musl/stage/usr/include  -ffunction-sections -fdata-sections -DLINUX26 -DCONFIG_RALINK -DMUSL_LIBC -DDEBUG_NOISY -DDEBUG_RCTEST -D_GNU_SOURCE -D__UAPI_DEF_ETHHDR -DRALINK_DBDC_MODE -pipe -funit-at-a-time -Wno-pointer-sign -mtune=mips32 -mips32 -DLINUX_KERNEL_VERSION=263366 --sysroot=/opt/lede-toolchain-ramips-mt7621_gcc-5.4.0_musl-1.1.24.Linux-x86_64/toolchain-mipsel_24kc_gcc-5.4.0_musl-1.1.24   conftest.c >&5
configure:3898: $? = 0
configure:3911: result: none needed
configure:3936: checking whether /opt/lede-toolchain-ramips-mt7621_gcc-5.4.0_musl-1.1.24.Linux-x86_64/toolchain-mipsel_24kc_gcc-5.4.0_musl-1.1.24/bin/mipsel-openwrt-linux-musl-gcc understands -c and -o together
configure:3958: /opt/lede-toolchain-ramips-mt7621_gcc-5.4.0_musl-1.1.24.Linux-x86_64/toolchain-mipsel_24kc_gcc-5.4.0_musl-1.1.24/bin/mipsel-openwrt-linux-musl-gcc -c conftest.c -o conftest2.o
configure:3961: $? = 0
configure:3958: /opt/lede-toolchain-ramips-mt7621_gcc-5.4.0_musl-1.1.24.Linux-x86_64/toolchain-mipsel_24kc_gcc-5.4.0_musl-1.1.24/bin/mipsel-openwrt-linux-musl-gcc -c conftest.c -o conftest2.o
configure:3961: $? = 0
configure:3973: result: yes
configure:3992: checking dependency style of /opt/lede-toolchain-ramips-mt7621_gcc-5.4.0_musl-1.1.24.Linux-x86_64/toolchain-mipsel_24kc_gcc-5.4.0_musl-1.1.24/bin/mipsel-openwrt-linux-musl-gcc
configure:4103: result: gcc3
configure:4124: checking how to run the C preprocessor
configure:4155: /opt/lede-toolchain-ramips-mt7621_gcc-5.4.0_musl-1.1.24.Linux-x86_64/toolchain-mipsel_24kc_gcc-5.4.0_musl-1.1.24/bin/mipsel-openwrt-linux-musl-gcc -E  conftest.c
configure:4155: $? = 0
configure:4169: /opt/lede-toolchain-ramips-mt7621_gcc-5.4.0_musl-1.1.24.Linux-x86_64/toolchain-mipsel_24kc_gcc-5.4.0_musl-1.1.24/bin/mipsel-openwrt-linux-musl-gcc -E  conftest.c
conftest.c:11:28: fatal error: ac_nonexistent.h: No such file or directory
compilation terminated.
configure:4169: $? = 1
configure: failed program was:
| /* confdefs.h */
| #define PACKAGE_NAME "In-a-dyn"
| #define PACKAGE_TARNAME "inadyn"
| #define PACKAGE_VERSION "2.8.1"
| #define PACKAGE_STRING "In-a-dyn 2.8.1"
| #define PACKAGE_BUGREPORT "https://github.com/troglobit/inadyn/issues"
| #define PACKAGE_URL "https://troglobit.com/projects/inadyn/"
| #define PACKAGE "inadyn"
| #define VERSION "2.8.1"
| /* end confdefs.h.  */
| #include <ac_nonexistent.h>
configure:4194: result: /opt/lede-toolchain-ramips-mt7621_gcc-5.4.0_musl-1.1.24.Linux-x86_64/toolchain-mipsel_24kc_gcc-5.4.0_musl-1.1.24/bin/mipsel-openwrt-linux-musl-gcc -E
configure:4214: /opt/lede-toolchain-ramips-mt7621_gcc-5.4.0_musl-1.1.24.Linux-x86_64/toolchain-mipsel_24kc_gcc-5.4.0_musl-1.1.24/bin/mipsel-openwrt-linux-musl-gcc -E  conftest.c
configure:4214: $? = 0
configure:4228: /opt/lede-toolchain-ramips-mt7621_gcc-5.4.0_musl-1.1.24.Linux-x86_64/toolchain-mipsel_24kc_gcc-5.4.0_musl-1.1.24/bin/mipsel-openwrt-linux-musl-gcc -E  conftest.c
conftest.c:11:28: fatal error: ac_nonexistent.h: No such file or directory
compilation terminated.
configure:4228: $? = 1
configure: failed program was:
| /* confdefs.h */
| #define PACKAGE_NAME "In-a-dyn"
| #define PACKAGE_TARNAME "inadyn"
| #define PACKAGE_VERSION "2.8.1"
| #define PACKAGE_STRING "In-a-dyn 2.8.1"
| #define PACKAGE_BUGREPORT "https://github.com/troglobit/inadyn/issues"
| #define PACKAGE_URL "https://troglobit.com/projects/inadyn/"
| #define PACKAGE "inadyn"
| #define VERSION "2.8.1"
| /* end confdefs.h.  */
| #include <ac_nonexistent.h>
configure:4257: checking for grep that handles long lines and -e
configure:4315: result: /bin/grep
configure:4320: checking for egrep
configure:4382: result: /bin/grep -E
configure:4387: checking for ANSI C header files
configure:4407: /opt/lede-toolchain-ramips-mt7621_gcc-5.4.0_musl-1.1.24.Linux-x86_64/toolchain-mipsel_24kc_gcc-5.4.0_musl-1.1.24/bin/mipsel-openwrt-linux-musl-gcc -c -Wall -Os -I/repo/Fail_GPL/asuswrt/release/src-ra-openwrt-4210/router/shared -I/repo/Fail_GPL/asuswrt/release/src-ra-openwrt-4210/include -DASUSWRT -DUSE_IPV6 -DASUSWRT_LE  		-I/repo/Fail_GPL/asuswrt/release/src-ra-openwrt-4210/router/mipsel-musl/stage/usr/include  -ffunction-sections -fdata-sections -DLINUX26 -DCONFIG_RALINK -DMUSL_LIBC -DDEBUG_NOISY -DDEBUG_RCTEST -D_GNU_SOURCE -D__UAPI_DEF_ETHHDR -DRALINK_DBDC_MODE -pipe -funit-at-a-time -Wno-pointer-sign -mtune=mips32 -mips32 -DLINUX_KERNEL_VERSION=263366 --sysroot=/opt/lede-toolchain-ramips-mt7621_gcc-5.4.0_musl-1.1.24.Linux-x86_64/toolchain-mipsel_24kc_gcc-5.4.0_musl-1.1.24   conftest.c >&5
configure:4407: $? = 0
configure:4491: result: yes
configure:4504: checking for sys/types.h
configure:4504: /opt/lede-toolchain-ramips-mt7621_gcc-5.4.0_musl-1.1.24.Linux-x86_64/toolchain-mipsel_24kc_gcc-5.4.0_musl-1.1.24/bin/mipsel-openwrt-linux-musl-gcc -c -Wall -Os -I/repo/Fail_GPL/asuswrt/release/src-ra-openwrt-4210/router/shared -I/repo/Fail_GPL/asuswrt/release/src-ra-openwrt-4210/include -DASUSWRT -DUSE_IPV6 -DASUSWRT_LE  		-I/repo/Fail_GPL/asuswrt/release/src-ra-openwrt-4210/router/mipsel-musl/stage/usr/include  -ffunction-sections -fdata-sections -DLINUX26 -DCONFIG_RALINK -DMUSL_LIBC -DDEBUG_NOISY -DDEBUG_RCTEST -D_GNU_SOURCE -D__UAPI_DEF_ETHHDR -DRALINK_DBDC_MODE -pipe -funit-at-a-time -Wno-pointer-sign -mtune=mips32 -mips32 -DLINUX_KERNEL_VERSION=263366 --sysroot=/opt/lede-toolchain-ramips-mt7621_gcc-5.4.0_musl-1.1.24.Linux-x86_64/toolchain-mipsel_24kc_gcc-5.4.0_musl-1.1.24   conftest.c >&5
configure:4504: $? = 0
configure:4504: result: yes
configure:4504: checking for sys/stat.h
configure:4504: /opt/lede-toolchain-ramips-mt7621_gcc-5.4.0_musl-1.1.24.Linux-x86_64/toolchain-mipsel_24kc_gcc-5.4.0_musl-1.1.24/bin/mipsel-openwrt-linux-musl-gcc -c -Wall -Os -I/repo/Fail_GPL/asuswrt/release/src-ra-openwrt-4210/router/shared -I/repo/Fail_GPL/asuswrt/release/src-ra-openwrt-4210/include -DASUSWRT -DUSE_IPV6 -DASUSWRT_LE  		-I/repo/Fail_GPL/asuswrt/release/src-ra-openwrt-4210/router/mipsel-musl/stage/usr/include  -ffunction-sections -fdata-sections -DLINUX26 -DCONFIG_RALINK -DMUSL_LIBC -DDEBUG_NOISY -DDEBUG_RCTEST -D_GNU_SOURCE -D__UAPI_DEF_ETHHDR -DRALINK_DBDC_MODE -pipe -funit-at-a-time -Wno-pointer-sign -mtune=mips32 -mips32 -DLINUX_KERNEL_VERSION=263366 --sysroot=/opt/lede-toolchain-ramips-mt7621_gcc-5.4.0_musl-1.1.24.Linux-x86_64/toolchain-mipsel_24kc_gcc-5.4.0_musl-1.1.24   conftest.c >&5
configure:4504: $? = 0
configure:4504: result: yes
configure:4504: checking for stdlib.h
configure:4504: /opt/lede-toolchain-ramips-mt7621_gcc-5.4.0_musl-1.1.24.Linux-x86_64/toolchain-mipsel_24kc_gcc-5.4.0_musl-1.1.24/bin/mipsel-openwrt-linux-musl-gcc -c -Wall -Os -I/repo/Fail_GPL/asuswrt/release/src-ra-openwrt-4210/router/shared -I/repo/Fail_GPL/asuswrt/release/src-ra-openwrt-4210/include -DASUSWRT -DUSE_IPV6 -DASUSWRT_LE  		-I/repo/Fail_GPL/asuswrt/release/src-ra-openwrt-4210/router/mipsel-musl/stage/usr/include  -ffunction-sections -fdata-sections -DLINUX26 -DCONFIG_RALINK -DMUSL_LIBC -DDEBUG_NOISY -DDEBUG_RCTEST -D_GNU_SOURCE -D__UAPI_DEF_ETHHDR -DRALINK_DBDC_MODE -pipe -funit-at-a-time -Wno-pointer-sign -mtune=mips32 -mips32 -DLINUX_KERNEL_VERSION=263366 --sysroot=/opt/lede-toolchain-ramips-mt7621_gcc-5.4.0_musl-1.1.24.Linux-x86_64/toolchain-mipsel_24kc_gcc-5.4.0_musl-1.1.24   conftest.c >&5
configure:4504: $? = 0
configure:4504: result: yes
configure:4504: checking for string.h
configure:4504: /opt/lede-toolchain-ramips-mt7621_gcc-5.4.0_musl-1.1.24.Linux-x86_64/toolchain-mipsel_24kc_gcc-5.4.0_musl-1.1.24/bin/mipsel-openwrt-linux-musl-gcc -c -Wall -Os -I/repo/Fail_GPL/asuswrt/release/src-ra-openwrt-4210/router/shared -I/repo/Fail_GPL/asuswrt/release/src-ra-openwrt-4210/include -DASUSWRT -DUSE_IPV6 -DASUSWRT_LE  		-I/repo/Fail_GPL/asuswrt/release/src-ra-openwrt-4210/router/mipsel-musl/stage/usr/include  -ffunction-sections -fdata-sections -DLINUX26 -DCONFIG_RALINK -DMUSL_LIBC -DDEBUG_NOISY -DDEBUG_RCTEST -D_GNU_SOURCE -D__UAPI_DEF_ETHHDR -DRALINK_DBDC_MODE -pipe -funit-at-a-time -Wno-pointer-sign -mtune=mips32 -mips32 -DLINUX_KERNEL_VERSION=263366 --sysroot=/opt/lede-toolchain-ramips-mt7621_gcc-5.4.0_musl-1.1.24.Linux-x86_64/toolchain-mipsel_24kc_gcc-5.4.0_musl-1.1.24   conftest.c >&5
configure:4504: $? = 0
configure:4504: result: yes
configure:4504: checking for memory.h
configure:4504: /opt/lede-toolchain-ramips-mt7621_gcc-5.4.0_musl-1.1.24.Linux-x86_64/toolchain-mipsel_24kc_gcc-5.4.0_musl-1.1.24/bin/mipsel-openwrt-linux-musl-gcc -c -Wall -Os -I/repo/Fail_GPL/asuswrt/release/src-ra-openwrt-4210/router/shared -I/repo/Fail_GPL/asuswrt/release/src-ra-openwrt-4210/include -DASUSWRT -DUSE_IPV6 -DASUSWRT_LE  		-I/repo/Fail_GPL/asuswrt/release/src-ra-openwrt-4210/router/mipsel-musl/stage/usr/include  -ffunction-sections -fdata-sections -DLINUX26 -DCONFIG_RALINK -DMUSL_LIBC -DDEBUG_NOISY -DDEBUG_RCTEST -D_GNU_SOURCE -D__UAPI_DEF_ETHHDR -DRALINK_DBDC_MODE -pipe -funit-at-a-time -Wno-pointer-sign -mtune=mips32 -mips32 -DLINUX_KERNEL_VERSION=263366 --sysroot=/opt/lede-toolchain-ramips-mt7621_gcc-5.4.0_musl-1.1.24.Linux-x86_64/toolchain-mipsel_24kc_gcc-5.4.0_musl-1.1.24   conftest.c >&5
configure:4504: $? = 0
configure:4504: result: yes
configure:4504: checking for strings.h
configure:4504: /opt/lede-toolchain-ramips-mt7621_gcc-5.4.0_musl-1.1.24.Linux-x86_64/toolchain-mipsel_24kc_gcc-5.4.0_musl-1.1.24/bin/mipsel-openwrt-linux-musl-gcc -c -Wall -Os -I/repo/Fail_GPL/asuswrt/release/src-ra-openwrt-4210/router/shared -I/repo/Fail_GPL/asuswrt/release/src-ra-openwrt-4210/include -DASUSWRT -DUSE_IPV6 -DASUSWRT_LE  		-I/repo/Fail_GPL/asuswrt/release/src-ra-openwrt-4210/router/mipsel-musl/stage/usr/include  -ffunction-sections -fdata-sections -DLINUX26 -DCONFIG_RALINK -DMUSL_LIBC -DDEBUG_NOISY -DDEBUG_RCTEST -D_GNU_SOURCE -D__UAPI_DEF_ETHHDR -DRALINK_DBDC_MODE -pipe -funit-at-a-time -Wno-pointer-sign -mtune=mips32 -mips32 -DLINUX_KERNEL_VERSION=263366 --sysroot=/opt/lede-toolchain-ramips-mt7621_gcc-5.4.0_musl-1.1.24.Linux-x86_64/toolchain-mipsel_24kc_gcc-5.4.0_musl-1.1.24   conftest.c >&5
configure:4504: $? = 0
configure:4504: result: yes
configure:4504: checking for inttypes.h
configure:4504: /opt/lede-toolchain-ramips-mt7621_gcc-5.4.0_musl-1.1.24.Linux-x86_64/toolchain-mipsel_24kc_gcc-5.4.0_musl-1.1.24/bin/mipsel-openwrt-linux-musl-gcc -c -Wall -Os -I/repo/Fail_GPL/asuswrt/release/src-ra-openwrt-4210/router/shared -I/repo/Fail_GPL/asuswrt/release/src-ra-openwrt-4210/include -DASUSWRT -DUSE_IPV6 -DASUSWRT_LE  		-I/repo/Fail_GPL/asuswrt/release/src-ra-openwrt-4210/router/mipsel-musl/stage/usr/include  -ffunction-sections -fdata-sections -DLINUX26 -DCONFIG_RALINK -DMUSL_LIBC -DDEBUG_NOISY -DDEBUG_RCTEST -D_GNU_SOURCE -D__UAPI_DEF_ETHHDR -DRALINK_DBDC_MODE -pipe -funit-at-a-time -Wno-pointer-sign -mtune=mips32 -mips32 -DLINUX_KERNEL_VERSION=263366 --sysroot=/opt/lede-toolchain-ramips-mt7621_gcc-5.4.0_musl-1.1.24.Linux-x86_64/toolchain-mipsel_24kc_gcc-5.4.0_musl-1.1.24   conftest.c >&5
configure:4504: $? = 0
configure:4504: result: yes
configure:4504: checking for stdint.h
configure:4504: /opt/lede-toolchain-ramips-mt7621_gcc-5.4.0_musl-1.1.24.Linux-x86_64/toolchain-mipsel_24kc_gcc-5.4.0_musl-1.1.24/bin/mipsel-openwrt-linux-musl-gcc -c -Wall -Os -I/repo/Fail_GPL/asuswrt/release/src-ra-openwrt-4210/router/shared -I/repo/Fail_GPL/asuswrt/release/src-ra-openwrt-4210/include -DASUSWRT -DUSE_IPV6 -DASUSWRT_LE  		-I/repo/Fail_GPL/asuswrt/release/src-ra-openwrt-4210/router/mipsel-musl/stage/usr/include  -ffunction-sections -fdata-sections -DLINUX26 -DCONFIG_RALINK -DMUSL_LIBC -DDEBUG_NOISY -DDEBUG_RCTEST -D_GNU_SOURCE -D__UAPI_DEF_ETHHDR -DRALINK_DBDC_MODE -pipe -funit-at-a-time -Wno-pointer-sign -mtune=mips32 -mips32 -DLINUX_KERNEL_VERSION=263366 --sysroot=/opt/lede-toolchain-ramips-mt7621_gcc-5.4.0_musl-1.1.24.Linux-x86_64/toolchain-mipsel_24kc_gcc-5.4.0_musl-1.1.24   conftest.c >&5
configure:4504: $? = 0
configure:4504: result: yes
configure:4504: checking for unistd.h
configure:4504: /opt/lede-toolchain-ramips-mt7621_gcc-5.4.0_musl-1.1.24.Linux-x86_64/toolchain-mipsel_24kc_gcc-5.4.0_musl-1.1.24/bin/mipsel-openwrt-linux-musl-gcc -c -Wall -Os -I/repo/Fail_GPL/asuswrt/release/src-ra-openwrt-4210/router/shared -I/repo/Fail_GPL/asuswrt/release/src-ra-openwrt-4210/include -DASUSWRT -DUSE_IPV6 -DASUSWRT_LE  		-I/repo/Fail_GPL/asuswrt/release/src-ra-openwrt-4210/router/mipsel-musl/stage/usr/include  -ffunction-sections -fdata-sections -DLINUX26 -DCONFIG_RALINK -DMUSL_LIBC -DDEBUG_NOISY -DDEBUG_RCTEST -D_GNU_SOURCE -D__UAPI_DEF_ETHHDR -DRALINK_DBDC_MODE -pipe -funit-at-a-time -Wno-pointer-sign -mtune=mips32 -mips32 -DLINUX_KERNEL_VERSION=263366 --sysroot=/opt/lede-toolchain-ramips-mt7621_gcc-5.4.0_musl-1.1.24.Linux-x86_64/toolchain-mipsel_24kc_gcc-5.4.0_musl-1.1.24   conftest.c >&5
configure:4504: $? = 0
configure:4504: result: yes
configure:4517: checking minix/config.h usability
configure:4517: /opt/lede-toolchain-ramips-mt7621_gcc-5.4.0_musl-1.1.24.Linux-x86_64/toolchain-mipsel_24kc_gcc-5.4.0_musl-1.1.24/bin/mipsel-openwrt-linux-musl-gcc -c -Wall -Os -I/repo/Fail_GPL/asuswrt/release/src-ra-openwrt-4210/router/shared -I/repo/Fail_GPL/asuswrt/release/src-ra-openwrt-4210/include -DASUSWRT -DUSE_IPV6 -DASUSWRT_LE  		-I/repo/Fail_GPL/asuswrt/release/src-ra-openwrt-4210/router/mipsel-musl/stage/usr/include  -ffunction-sections -fdata-sections -DLINUX26 -DCONFIG_RALINK -DMUSL_LIBC -DDEBUG_NOISY -DDEBUG_RCTEST -D_GNU_SOURCE -D__UAPI_DEF_ETHHDR -DRALINK_DBDC_MODE -pipe -funit-at-a-time -Wno-pointer-sign -mtune=mips32 -mips32 -DLINUX_KERNEL_VERSION=263366 --sysroot=/opt/lede-toolchain-ramips-mt7621_gcc-5.4.0_musl-1.1.24.Linux-x86_64/toolchain-mipsel_24kc_gcc-5.4.0_musl-1.1.24   conftest.c >&5
conftest.c:54:26: fatal error: minix/config.h: No such file or directory
compilation terminated.
configure:4517: $? = 1
configure: failed program was:
| /* confdefs.h */
| #define PACKAGE_NAME "In-a-dyn"
| #define PACKAGE_TARNAME "inadyn"
| #define PACKAGE_VERSION "2.8.1"
| #define PACKAGE_STRING "In-a-dyn 2.8.1"
| #define PACKAGE_BUGREPORT "https://github.com/troglobit/inadyn/issues"
| #define PACKAGE_URL "https://troglobit.com/projects/inadyn/"
| #define PACKAGE "inadyn"
| #define VERSION "2.8.1"
| #define STDC_HEADERS 1
| #define HAVE_SYS_TYPES_H 1
| #define HAVE_SYS_STAT_H 1
| #define HAVE_STDLIB_H 1
| #define HAVE_STRING_H 1
| #define HAVE_MEMORY_H 1
| #define HAVE_STRINGS_H 1
| #define HAVE_INTTYPES_H 1
| #define HAVE_STDINT_H 1
| #define HAVE_UNISTD_H 1
| /* end confdefs.h.  */
| #include <stdio.h>
| #ifdef HAVE_SYS_TYPES_H
| # include <sys/types.h>
| #endif
| #ifdef HAVE_SYS_STAT_H
| # include <sys/stat.h>
| #endif
| #ifdef STDC_HEADERS
| # include <stdlib.h>
| # include <stddef.h>
| #else
| # ifdef HAVE_STDLIB_H
| #  include <stdlib.h>
| # endif
| #endif
| #ifdef HAVE_STRING_H
| # if !defined STDC_HEADERS && defined HAVE_MEMORY_H
| #  include <memory.h>
| # endif
| # include <string.h>
| #endif
| #ifdef HAVE_STRINGS_H
| # include <strings.h>
| #endif
| #ifdef HAVE_INTTYPES_H
| # include <inttypes.h>
| #endif
| #ifdef HAVE_STDINT_H
| # include <stdint.h>
| #endif
| #ifdef HAVE_UNISTD_H
| # include <unistd.h>
| #endif
| #include <minix/config.h>
configure:4517: result: no
configure:4517: checking minix/config.h presence
configure:4517: /opt/lede-toolchain-ramips-mt7621_gcc-5.4.0_musl-1.1.24.Linux-x86_64/toolchain-mipsel_24kc_gcc-5.4.0_musl-1.1.24/bin/mipsel-openwrt-linux-musl-gcc -E  conftest.c
conftest.c:21:26: fatal error: minix/config.h: No such file or directory
compilation terminated.
configure:4517: $? = 1
configure: failed program was:
| /* confdefs.h */
| #define PACKAGE_NAME "In-a-dyn"
| #define PACKAGE_TARNAME "inadyn"
| #define PACKAGE_VERSION "2.8.1"
| #define PACKAGE_STRING "In-a-dyn 2.8.1"
| #define PACKAGE_BUGREPORT "https://github.com/troglobit/inadyn/issues"
| #define PACKAGE_URL "https://troglobit.com/projects/inadyn/"
| #define PACKAGE "inadyn"
| #define VERSION "2.8.1"
| #define STDC_HEADERS 1
| #define HAVE_SYS_TYPES_H 1
| #define HAVE_SYS_STAT_H 1
| #define HAVE_STDLIB_H 1
| #define HAVE_STRING_H 1
| #define HAVE_MEMORY_H 1
| #define HAVE_STRINGS_H 1
| #define HAVE_INTTYPES_H 1
| #define HAVE_STDINT_H 1
| #define HAVE_UNISTD_H 1
| /* end confdefs.h.  */
| #include <minix/config.h>
configure:4517: result: no
configure:4517: checking for minix/config.h
configure:4517: result: no
configure:4538: checking whether it is safe to define __EXTENSIONS__
configure:4556: /opt/lede-toolchain-ramips-mt7621_gcc-5.4.0_musl-1.1.24.Linux-x86_64/toolchain-mipsel_24kc_gcc-5.4.0_musl-1.1.24/bin/mipsel-openwrt-linux-musl-gcc -c -Wall -Os -I/repo/Fail_GPL/asuswrt/release/src-ra-openwrt-4210/router/shared -I/repo/Fail_GPL/asuswrt/release/src-ra-openwrt-4210/include -DASUSWRT -DUSE_IPV6 -DASUSWRT_LE  		-I/repo/Fail_GPL/asuswrt/release/src-ra-openwrt-4210/router/mipsel-musl/stage/usr/include  -ffunction-sections -fdata-sections -DLINUX26 -DCONFIG_RALINK -DMUSL_LIBC -DDEBUG_NOISY -DDEBUG_RCTEST -D_GNU_SOURCE -D__UAPI_DEF_ETHHDR -DRALINK_DBDC_MODE -pipe -funit-at-a-time -Wno-pointer-sign -mtune=mips32 -mips32 -DLINUX_KERNEL_VERSION=263366 --sysroot=/opt/lede-toolchain-ramips-mt7621_gcc-5.4.0_musl-1.1.24.Linux-x86_64/toolchain-mipsel_24kc_gcc-5.4.0_musl-1.1.24   conftest.c >&5
configure:4556: $? = 0
configure:4563: result: yes
configure:4589: checking for mipsel-linux-gcc
configure:4616: result: /opt/lede-toolchain-ramips-mt7621_gcc-5.4.0_musl-1.1.24.Linux-x86_64/toolchain-mipsel_24kc_gcc-5.4.0_musl-1.1.24/bin/mipsel-openwrt-linux-musl-gcc
configure:4885: checking for C compiler version
configure:4894: /opt/lede-toolchain-ramips-mt7621_gcc-5.4.0_musl-1.1.24.Linux-x86_64/toolchain-mipsel_24kc_gcc-5.4.0_musl-1.1.24/bin/mipsel-openwrt-linux-musl-gcc --version >&5
mipsel-openwrt-linux-musl-gcc.bin (LEDE GCC 5.4.0 unknown) 5.4.0
Copyright (C) 2015 Free Software Foundation, Inc.
This is free software; see the source for copying conditions.  There is NO
warranty; not even for MERCHANTABILITY or FITNESS FOR A PARTICULAR PURPOSE.

configure:4905: $? = 0
configure:4894: /opt/lede-toolchain-ramips-mt7621_gcc-5.4.0_musl-1.1.24.Linux-x86_64/toolchain-mipsel_24kc_gcc-5.4.0_musl-1.1.24/bin/mipsel-openwrt-linux-musl-gcc -v >&5
Reading specs from /opt/lede-toolchain-ramips-mt7621_gcc-5.4.0_musl-1.1.24.Linux-x86_64/toolchain-mipsel_24kc_gcc-5.4.0_musl-1.1.24/bin/../lib/gcc/mipsel-openwrt-linux-musl/5.4.0/specs
COLLECT_GCC=mipsel-openwrt-linux-musl-gcc.bin
COLLECT_LTO_WRAPPER=/opt/lede-toolchain-ramips-mt7621_gcc-5.4.0_musl-1.1.24.Linux-x86_64/toolchain-mipsel_24kc_gcc-5.4.0_musl-1.1.24/bin/../libexec/gcc/mipsel-openwrt-linux-musl/5.4.0/lto-wrapper
Target: mipsel-openwrt-linux-musl
Configured with: /data2/heidi_wen/SW4_git/OpenWRT_4210_20230308/mtk-openwrt-lede-4.2.1.0/build_dir/toolchain-mipsel_24kc_gcc-5.4.0_musl-1.1.24/gcc-5.4.0/configure --with-bugurl=http://www.lede-project.org/bugs/ --with-pkgversion='LEDE GCC 5.4.0 unknown' --prefix=/data2/heidi_wen/SW4_git/OpenWRT_4210_20230308/mtk-openwrt-lede-4.2.1.0/staging_dir/toolchain-mipsel_24kc_gcc-5.4.0_musl-1.1.24 --build=x86_64-linux-gnu --host=x86_64-linux-gnu --target=mipsel-openwrt-linux-musl --with-gnu-ld --enable-target-optspace --disable-libgomp --disable-libmudflap --disable-multilib --disable-libmpx --disable-nls --without-isl --without-cloog --with-host-libstdcxx=-lstdc++ --with-float=soft --with-gmp=/data2/heidi_wen/SW4_git/OpenWRT_4210_20230308/mtk-openwrt-lede-4.2.1.0/staging_dir/host --with-mpfr=/data2/heidi_wen/SW4_git/OpenWRT_4210_20230308/mtk-openwrt-lede-4.2.1.0/staging_dir/host --with-mpc=/data2/heidi_wen/SW4_git/OpenWRT_4210_20230308/mtk-openwrt-lede-4.2.1.0/staging_dir/host --disable-decimal-float --with-mips-plt --with-diagnostics-color=auto-if-env --disable-libssp --enable-__cxa_atexit --with-headers=/data2/heidi_wen/SW4_git/OpenWRT_4210_20230308/mtk-openwrt-lede-4.2.1.0/staging_dir/toolchain-mipsel_24kc_gcc-5.4.0_musl-1.1.24/include --disable-libsanitizer --enable-languages=c,c++ --enable-shared --enable-threads --with-slibdir=/data2/heidi_wen/SW4_git/OpenWRT_4210_20230308/mtk-openwrt-lede-4.2.1.0/staging_dir/toolchain-mipsel_24kc_gcc-5.4.0_musl-1.1.24/lib --enable-lto --with-libelf=/data2/heidi_wen/SW4_git/OpenWRT_4210_20230308/mtk-openwrt-lede-4.2.1.0/staging_dir/host
Thread model: posix
gcc version 5.4.0 (LEDE GCC 5.4.0 unknown) 
COMPILER_PATH=/opt/lede-toolchain-ramips-mt7621_gcc-5.4.0_musl-1.1.24.Linux-x86_64/toolchain-mipsel_24kc_gcc-5.4.0_musl-1.1.24/bin/../libexec/gcc/mipsel-openwrt-linux-musl/5.4.0/:/opt/lede-toolchain-ramips-mt7621_gcc-5.4.0_musl-1.1.24.Linux-x86_64/toolchain-mipsel_24kc_gcc-5.4.0_musl-1.1.24/bin/../libexec/gcc/:/opt/lede-toolchain-ramips-mt7621_gcc-5.4.0_musl-1.1.24.Linux-x86_64/toolchain-mipsel_24kc_gcc-5.4.0_musl-1.1.24/bin/../lib/gcc/mipsel-openwrt-linux-musl/5.4.0/../../../../mipsel-openwrt-linux-musl/bin/
LIBRARY_PATH=/opt/lede-toolchain-ramips-mt7621_gcc-5.4.0_musl-1.1.24.Linux-x86_64/toolchain-mipsel_24kc_gcc-5.4.0_musl-1.1.24/bin/../lib/gcc/mipsel-openwrt-linux-musl/5.4.0/:/opt/lede-toolchain-ramips-mt7621_gcc-5.4.0_musl-1.1.24.Linux-x86_64/toolchain-mipsel_24kc_gcc-5.4.0_musl-1.1.24/bin/../lib/gcc/:/opt/lede-toolchain-ramips-mt7621_gcc-5.4.0_musl-1.1.24.Linux-x86_64/toolchain-mipsel_24kc_gcc-5.4.0_musl-1.1.24/bin/../lib/gcc/mipsel-openwrt-linux-musl/5.4.0/../../../../mipsel-openwrt-linux-musl/lib/
COLLECT_GCC_OPTIONS='-v' '-msoft-float' '-mllsc' '-mplt' '-mno-shared' '-EL' '-mabi=32'
... rest of stderr output deleted ...
configure:4905: $? = 1
configure:4894: /opt/lede-toolchain-ramips-mt7621_gcc-5.4.0_musl-1.1.24.Linux-x86_64/toolchain-mipsel_24kc_gcc-5.4.0_musl-1.1.24/bin/mipsel-openwrt-linux-musl-gcc -V >&5
mipsel-openwrt-linux-musl-gcc.bin: error: unrecognized command line option '-V'
configure:4905: $? = 1
configure:4894: /opt/lede-toolchain-ramips-mt7621_gcc-5.4.0_musl-1.1.24.Linux-x86_64/toolchain-mipsel_24kc_gcc-5.4.0_musl-1.1.24/bin/mipsel-openwrt-linux-musl-gcc -qversion >&5
mipsel-openwrt-linux-musl-gcc.bin: error: unrecognized command line option '-qversion'
configure:4905: $? = 1
configure:4909: checking whether we are using the GNU C compiler
configure:4937: result: yes
configure:4946: checking whether /opt/lede-toolchain-ramips-mt7621_gcc-5.4.0_musl-1.1.24.Linux-x86_64/toolchain-mipsel_24kc_gcc-5.4.0_musl-1.1.24/bin/mipsel-openwrt-linux-musl-gcc accepts -g
configure:5007: result: yes
configure:5024: checking for /opt/lede-toolchain-ramips-mt7621_gcc-5.4.0_musl-1.1.24.Linux-x86_64/toolchain-mipsel_24kc_gcc-5.4.0_musl-1.1.24/bin/mipsel-openwrt-linux-musl-gcc option to accept ISO C89
configure:5100: result: none needed
configure:5125: checking whether /opt/lede-toolchain-ramips-mt7621_gcc-5.4.0_musl-1.1.24.Linux-x86_64/toolchain-mipsel_24kc_gcc-5.4.0_musl-1.1.24/bin/mipsel-openwrt-linux-musl-gcc understands -c and -o together
configure:5162: result: yes
configure:5181: checking dependency style of /opt/lede-toolchain-ramips-mt7621_gcc-5.4.0_musl-1.1.24.Linux-x86_64/toolchain-mipsel_24kc_gcc-5.4.0_musl-1.1.24/bin/mipsel-openwrt-linux-musl-gcc
configure:5292: result: gcc3
configure:5307: checking for /opt/lede-toolchain-ramips-mt7621_gcc-5.4.0_musl-1.1.24.Linux-x86_64/toolchain-mipsel_24kc_gcc-5.4.0_musl-1.1.24/bin/mipsel-openwrt-linux-musl-gcc option to accept ISO C99
configure:5456: /opt/lede-toolchain-ramips-mt7621_gcc-5.4.0_musl-1.1.24.Linux-x86_64/toolchain-mipsel_24kc_gcc-5.4.0_musl-1.1.24/bin/mipsel-openwrt-linux-musl-gcc  -c -Wall -Os -I/repo/Fail_GPL/asuswrt/release/src-ra-openwrt-4210/router/shared -I/repo/Fail_GPL/asuswrt/release/src-ra-openwrt-4210/include -DASUSWRT -DUSE_IPV6 -DASUSWRT_LE  		-I/repo/Fail_GPL/asuswrt/release/src-ra-openwrt-4210/router/mipsel-musl/stage/usr/include  -ffunction-sections -fdata-sections -DLINUX26 -DCONFIG_RALINK -DMUSL_LIBC -DDEBUG_NOISY -DDEBUG_RCTEST -D_GNU_SOURCE -D__UAPI_DEF_ETHHDR -DRALINK_DBDC_MODE -pipe -funit-at-a-time -Wno-pointer-sign -mtune=mips32 -mips32 -DLINUX_KERNEL_VERSION=263366 --sysroot=/opt/lede-toolchain-ramips-mt7621_gcc-5.4.0_musl-1.1.24.Linux-x86_64/toolchain-mipsel_24kc_gcc-5.4.0_musl-1.1.24   conftest.c >&5
conftest.c: In function 'test_varargs':
conftest.c:97:9: warning: variable 'fnumber' set but not used [-Wunused-but-set-variable]
   float fnumber;
         ^
conftest.c:96:7: warning: variable 'number' set but not used [-Wunused-but-set-variable]
   int number;
       ^
conftest.c:95:15: warning: variable 'str' set but not used [-Wunused-but-set-variable]
   const char *str;
               ^
configure:5456: $? = 0
configure:5469: result: none needed
configure:5486: checking whether /opt/lede-toolchain-ramips-mt7621_gcc-5.4.0_musl-1.1.24.Linux-x86_64/toolchain-mipsel_24kc_gcc-5.4.0_musl-1.1.24/bin/mipsel-openwrt-linux-musl-gcc needs -traditional
conftest.c:26:19: fatal error: sgtty.h: No such file or directory
compilation terminated.
conftest.c:26:20: fatal error: termio.h: No such file or directory
compilation terminated.
configure:5520: result: no
configure:5530: checking for ANSI C header files
configure:5634: result: yes
configure:5646: checking for arpa/inet.h
configure:5646: /opt/lede-toolchain-ramips-mt7621_gcc-5.4.0_musl-1.1.24.Linux-x86_64/toolchain-mipsel_24kc_gcc-5.4.0_musl-1.1.24/bin/mipsel-openwrt-linux-musl-gcc -c -Wall -Os -I/repo/Fail_GPL/asuswrt/release/src-ra-openwrt-4210/router/shared -I/repo/Fail_GPL/asuswrt/release/src-ra-openwrt-4210/include -DASUSWRT -DUSE_IPV6 -DASUSWRT_LE  		-I/repo/Fail_GPL/asuswrt/release/src-ra-openwrt-4210/router/mipsel-musl/stage/usr/include  -ffunction-sections -fdata-sections -DLINUX26 -DCONFIG_RALINK -DMUSL_LIBC -DDEBUG_NOISY -DDEBUG_RCTEST -D_GNU_SOURCE -D__UAPI_DEF_ETHHDR -DRALINK_DBDC_MODE -pipe -funit-at-a-time -Wno-pointer-sign -mtune=mips32 -mips32 -DLINUX_KERNEL_VERSION=263366 --sysroot=/opt/lede-toolchain-ramips-mt7621_gcc-5.4.0_musl-1.1.24.Linux-x86_64/toolchain-mipsel_24kc_gcc-5.4.0_musl-1.1.24   conftest.c >&5
configure:5646: $? = 0
configure:5646: result: yes
configure:5646: checking for arpa/nameser.h
configure:5646: /opt/lede-toolchain-ramips-mt7621_gcc-5.4.0_musl-1.1.24.Linux-x86_64/toolchain-mipsel_24kc_gcc-5.4.0_musl-1.1.24/bin/mipsel-openwrt-linux-musl-gcc -c -Wall -Os -I/repo/Fail_GPL/asuswrt/release/src-ra-openwrt-4210/router/shared -I/repo/Fail_GPL/asuswrt/release/src-ra-openwrt-4210/include -DASUSWRT -DUSE_IPV6 -DASUSWRT_LE  		-I/repo/Fail_GPL/asuswrt/release/src-ra-openwrt-4210/router/mipsel-musl/stage/usr/include  -ffunction-sections -fdata-sections -DLINUX26 -DCONFIG_RALINK -DMUSL_LIBC -DDEBUG_NOISY -DDEBUG_RCTEST -D_GNU_SOURCE -D__UAPI_DEF_ETHHDR -DRALINK_DBDC_MODE -pipe -funit-at-a-time -Wno-pointer-sign -mtune=mips32 -mips32 -DLINUX_KERNEL_VERSION=263366 --sysroot=/opt/lede-toolchain-ramips-mt7621_gcc-5.4.0_musl-1.1.24.Linux-x86_64/toolchain-mipsel_24kc_gcc-5.4.0_musl-1.1.24   conftest.c >&5
configure:5646: $? = 0
configure:5646: result: yes
configure:5646: checking for netinet/in.h
configure:5646: /opt/lede-toolchain-ramips-mt7621_gcc-5.4.0_musl-1.1.24.Linux-x86_64/toolchain-mipsel_24kc_gcc-5.4.0_musl-1.1.24/bin/mipsel-openwrt-linux-musl-gcc -c -Wall -Os -I/repo/Fail_GPL/asuswrt/release/src-ra-openwrt-4210/router/shared -I/repo/Fail_GPL/asuswrt/release/src-ra-openwrt-4210/include -DASUSWRT -DUSE_IPV6 -DASUSWRT_LE  		-I/repo/Fail_GPL/asuswrt/release/src-ra-openwrt-4210/router/mipsel-musl/stage/usr/include  -ffunction-sections -fdata-sections -DLINUX26 -DCONFIG_RALINK -DMUSL_LIBC -DDEBUG_NOISY -DDEBUG_RCTEST -D_GNU_SOURCE -D__UAPI_DEF_ETHHDR -DRALINK_DBDC_MODE -pipe -funit-at-a-time -Wno-pointer-sign -mtune=mips32 -mips32 -DLINUX_KERNEL_VERSION=263366 --sysroot=/opt/lede-toolchain-ramips-mt7621_gcc-5.4.0_musl-1.1.24.Linux-x86_64/toolchain-mipsel_24kc_gcc-5.4.0_musl-1.1.24   conftest.c >&5
configure:5646: $? = 0
configure:5646: result: yes
configure:5646: checking for stdlib.h
configure:5646: result: yes
configure:5646: checking for stdint.h
configure:5646: result: yes
configure:5646: checking for string.h
configure:5646: result: yes
configure:5646: checking for sys/ioctl.h
configure:5646: /opt/lede-toolchain-ramips-mt7621_gcc-5.4.0_musl-1.1.24.Linux-x86_64/toolchain-mipsel_24kc_gcc-5.4.0_musl-1.1.24/bin/mipsel-openwrt-linux-musl-gcc -c -Wall -Os -I/repo/Fail_GPL/asuswrt/release/src-ra-openwrt-4210/router/shared -I/repo/Fail_GPL/asuswrt/release/src-ra-openwrt-4210/include -DASUSWRT -DUSE_IPV6 -DASUSWRT_LE  		-I/repo/Fail_GPL/asuswrt/release/src-ra-openwrt-4210/router/mipsel-musl/stage/usr/include  -ffunction-sections -fdata-sections -DLINUX26 -DCONFIG_RALINK -DMUSL_LIBC -DDEBUG_NOISY -DDEBUG_RCTEST -D_GNU_SOURCE -D__UAPI_DEF_ETHHDR -DRALINK_DBDC_MODE -pipe -funit-at-a-time -Wno-pointer-sign -mtune=mips32 -mips32 -DLINUX_KERNEL_VERSION=263366 --sysroot=/opt/lede-toolchain-ramips-mt7621_gcc-5.4.0_musl-1.1.24.Linux-x86_64/toolchain-mipsel_24kc_gcc-5.4.0_musl-1.1.24   conftest.c >&5
configure:5646: $? = 0
configure:5646: result: yes
configure:5646: checking for sys/socket.h
configure:5646: /opt/lede-toolchain-ramips-mt7621_gcc-5.4.0_musl-1.1.24.Linux-x86_64/toolchain-mipsel_24kc_gcc-5.4.0_musl-1.1.24/bin/mipsel-openwrt-linux-musl-gcc -c -Wall -Os -I/repo/Fail_GPL/asuswrt/release/src-ra-openwrt-4210/router/shared -I/repo/Fail_GPL/asuswrt/release/src-ra-openwrt-4210/include -DASUSWRT -DUSE_IPV6 -DASUSWRT_LE  		-I/repo/Fail_GPL/asuswrt/release/src-ra-openwrt-4210/router/mipsel-musl/stage/usr/include  -ffunction-sections -fdata-sections -DLINUX26 -DCONFIG_RALINK -DMUSL_LIBC -DDEBUG_NOISY -DDEBUG_RCTEST -D_GNU_SOURCE -D__UAPI_DEF_ETHHDR -DRALINK_DBDC_MODE -pipe -funit-at-a-time -Wno-pointer-sign -mtune=mips32 -mips32 -DLINUX_KERNEL_VERSION=263366 --sysroot=/opt/lede-toolchain-ramips-mt7621_gcc-5.4.0_musl-1.1.24.Linux-x86_64/toolchain-mipsel_24kc_gcc-5.4.0_musl-1.1.24   conftest.c >&5
configure:5646: $? = 0
configure:5646: result: yes
configure:5646: checking for sys/types.h
configure:5646: result: yes
configure:5646: checking for syslog.h
configure:5646: /opt/lede-toolchain-ramips-mt7621_gcc-5.4.0_musl-1.1.24.Linux-x86_64/toolchain-mipsel_24kc_gcc-5.4.0_musl-1.1.24/bin/mipsel-openwrt-linux-musl-gcc -c -Wall -Os -I/repo/Fail_GPL/asuswrt/release/src-ra-openwrt-4210/router/shared -I/repo/Fail_GPL/asuswrt/release/src-ra-openwrt-4210/include -DASUSWRT -DUSE_IPV6 -DASUSWRT_LE  		-I/repo/Fail_GPL/asuswrt/release/src-ra-openwrt-4210/router/mipsel-musl/stage/usr/include  -ffunction-sections -fdata-sections -DLINUX26 -DCONFIG_RALINK -DMUSL_LIBC -DDEBUG_NOISY -DDEBUG_RCTEST -D_GNU_SOURCE -D__UAPI_DEF_ETHHDR -DRALINK_DBDC_MODE -pipe -funit-at-a-time -Wno-pointer-sign -mtune=mips32 -mips32 -DLINUX_KERNEL_VERSION=263366 --sysroot=/opt/lede-toolchain-ramips-mt7621_gcc-5.4.0_musl-1.1.24.Linux-x86_64/toolchain-mipsel_24kc_gcc-5.4.0_musl-1.1.24   conftest.c >&5
configure:5646: $? = 0
configure:5646: result: yes
configure:5646: checking for unistd.h
configure:5646: result: yes
configure:5663: checking for an ANSI C-conforming const
configure:5729: /opt/lede-toolchain-ramips-mt7621_gcc-5.4.0_musl-1.1.24.Linux-x86_64/toolchain-mipsel_24kc_gcc-5.4.0_musl-1.1.24/bin/mipsel-openwrt-linux-musl-gcc -c -Wall -Os -I/repo/Fail_GPL/asuswrt/release/src-ra-openwrt-4210/router/shared -I/repo/Fail_GPL/asuswrt/release/src-ra-openwrt-4210/include -DASUSWRT -DUSE_IPV6 -DASUSWRT_LE  		-I/repo/Fail_GPL/asuswrt/release/src-ra-openwrt-4210/router/mipsel-musl/stage/usr/include  -ffunction-sections -fdata-sections -DLINUX26 -DCONFIG_RALINK -DMUSL_LIBC -DDEBUG_NOISY -DDEBUG_RCTEST -D_GNU_SOURCE -D__UAPI_DEF_ETHHDR -DRALINK_DBDC_MODE -pipe -funit-at-a-time -Wno-pointer-sign -mtune=mips32 -mips32 -DLINUX_KERNEL_VERSION=263366 --sysroot=/opt/lede-toolchain-ramips-mt7621_gcc-5.4.0_musl-1.1.24.Linux-x86_64/toolchain-mipsel_24kc_gcc-5.4.0_musl-1.1.24   conftest.c >&5
configure:5729: $? = 0
configure:5736: result: yes
configure:5744: checking for inline
configure:5760: /opt/lede-toolchain-ramips-mt7621_gcc-5.4.0_musl-1.1.24.Linux-x86_64/toolchain-mipsel_24kc_gcc-5.4.0_musl-1.1.24/bin/mipsel-openwrt-linux-musl-gcc -c -Wall -Os -I/repo/Fail_GPL/asuswrt/release/src-ra-openwrt-4210/router/shared -I/repo/Fail_GPL/asuswrt/release/src-ra-openwrt-4210/include -DASUSWRT -DUSE_IPV6 -DASUSWRT_LE  		-I/repo/Fail_GPL/asuswrt/release/src-ra-openwrt-4210/router/mipsel-musl/stage/usr/include  -ffunction-sections -fdata-sections -DLINUX26 -DCONFIG_RALINK -DMUSL_LIBC -DDEBUG_NOISY -DDEBUG_RCTEST -D_GNU_SOURCE -D__UAPI_DEF_ETHHDR -DRALINK_DBDC_MODE -pipe -funit-at-a-time -Wno-pointer-sign -mtune=mips32 -mips32 -DLINUX_KERNEL_VERSION=263366 --sysroot=/opt/lede-toolchain-ramips-mt7621_gcc-5.4.0_musl-1.1.24.Linux-x86_64/toolchain-mipsel_24kc_gcc-5.4.0_musl-1.1.24   conftest.c >&5
configure:5760: $? = 0
configure:5768: result: inline
configure:5786: checking for uint32_t
configure:5786: /opt/lede-toolchain-ramips-mt7621_gcc-5.4.0_musl-1.1.24.Linux-x86_64/toolchain-mipsel_24kc_gcc-5.4.0_musl-1.1.24/bin/mipsel-openwrt-linux-musl-gcc -c -Wall -Os -I/repo/Fail_GPL/asuswrt/release/src-ra-openwrt-4210/router/shared -I/repo/Fail_GPL/asuswrt/release/src-ra-openwrt-4210/include -DASUSWRT -DUSE_IPV6 -DASUSWRT_LE  		-I/repo/Fail_GPL/asuswrt/release/src-ra-openwrt-4210/router/mipsel-musl/stage/usr/include  -ffunction-sections -fdata-sections -DLINUX26 -DCONFIG_RALINK -DMUSL_LIBC -DDEBUG_NOISY -DDEBUG_RCTEST -D_GNU_SOURCE -D__UAPI_DEF_ETHHDR -DRALINK_DBDC_MODE -pipe -funit-at-a-time -Wno-pointer-sign -mtune=mips32 -mips32 -DLINUX_KERNEL_VERSION=263366 --sysroot=/opt/lede-toolchain-ramips-mt7621_gcc-5.4.0_musl-1.1.24.Linux-x86_64/toolchain-mipsel_24kc_gcc-5.4.0_musl-1.1.24   conftest.c >&5
configure:5786: $? = 0
configure:5786: result: yes
configure:5802: checking for pid_t
configure:5802: /opt/lede-toolchain-ramips-mt7621_gcc-5.4.0_musl-1.1.24.Linux-x86_64/toolchain-mipsel_24kc_gcc-5.4.0_musl-1.1.24/bin/mipsel-openwrt-linux-musl-gcc -c -Wall -Os -I/repo/Fail_GPL/asuswrt/release/src-ra-openwrt-4210/router/shared -I/repo/Fail_GPL/asuswrt/release/src-ra-openwrt-4210/include -DASUSWRT -DUSE_IPV6 -DASUSWRT_LE  		-I/repo/Fail_GPL/asuswrt/release/src-ra-openwrt-4210/router/mipsel-musl/stage/usr/include  -ffunction-sections -fdata-sections -DLINUX26 -DCONFIG_RALINK -DMUSL_LIBC -DDEBUG_NOISY -DDEBUG_RCTEST -D_GNU_SOURCE -D__UAPI_DEF_ETHHDR -DRALINK_DBDC_MODE -pipe -funit-at-a-time -Wno-pointer-sign -mtune=mips32 -mips32 -DLINUX_KERNEL_VERSION=263366 --sysroot=/opt/lede-toolchain-ramips-mt7621_gcc-5.4.0_musl-1.1.24.Linux-x86_64/toolchain-mipsel_24kc_gcc-5.4.0_musl-1.1.24   conftest.c >&5
configure:5802: $? = 0
configure:5802: /opt/lede-toolchain-ramips-mt7621_gcc-5.4.0_musl-1.1.24.Linux-x86_64/toolchain-mipsel_24kc_gcc-5.4.0_musl-1.1.24/bin/mipsel-openwrt-linux-musl-gcc -c -Wall -Os -I/repo/Fail_GPL/asuswrt/release/src-ra-openwrt-4210/router/shared -I/repo/Fail_GPL/asuswrt/release/src-ra-openwrt-4210/include -DASUSWRT -DUSE_IPV6 -DASUSWRT_LE  		-I/repo/Fail_GPL/asuswrt/release/src-ra-openwrt-4210/router/mipsel-musl/stage/usr/include  -ffunction-sections -fdata-sections -DLINUX26 -DCONFIG_RALINK -DMUSL_LIBC -DDEBUG_NOISY -DDEBUG_RCTEST -D_GNU_SOURCE -D__UAPI_DEF_ETHHDR -DRALINK_DBDC_MODE -pipe -funit-at-a-time -Wno-pointer-sign -mtune=mips32 -mips32 -DLINUX_KERNEL_VERSION=263366 --sysroot=/opt/lede-toolchain-ramips-mt7621_gcc-5.4.0_musl-1.1.24.Linux-x86_64/toolchain-mipsel_24kc_gcc-5.4.0_musl-1.1.24   conftest.c >&5
conftest.c: In function 'main':
conftest.c:74:20: error: expected expression before ')' token
 if (sizeof ((pid_t)))
                    ^
configure:5802: $? = 1
configure: failed program was:
| /* confdefs.h */
| #define PACKAGE_NAME "In-a-dyn"
| #define PACKAGE_TARNAME "inadyn"
| #define PACKAGE_VERSION "2.8.1"
| #define PACKAGE_STRING "In-a-dyn 2.8.1"
| #define PACKAGE_BUGREPORT "https://github.com/troglobit/inadyn/issues"
| #define PACKAGE_URL "https://troglobit.com/projects/inadyn/"
| #define PACKAGE "inadyn"
| #define VERSION "2.8.1"
| #define STDC_HEADERS 1
| #define HAVE_SYS_TYPES_H 1
| #define HAVE_SYS_STAT_H 1
| #define HAVE_STDLIB_H 1
| #define HAVE_STRING_H 1
| #define HAVE_MEMORY_H 1
| #define HAVE_STRINGS_H 1
| #define HAVE_INTTYPES_H 1
| #define HAVE_STDINT_H 1
| #define HAVE_UNISTD_H 1
| #define __EXTENSIONS__ 1
| #define _ALL_SOURCE 1
| #define _GNU_SOURCE 1
| #define _POSIX_PTHREAD_SEMANTICS 1
| #define _TANDEM_SOURCE 1
| #define STDC_HEADERS 1
| #define HAVE_ARPA_INET_H 1
| #define HAVE_ARPA_NAMESER_H 1
| #define HAVE_NETINET_IN_H 1
| #define HAVE_STDLIB_H 1
| #define HAVE_STDINT_H 1
| #define HAVE_STRING_H 1
| #define HAVE_SYS_IOCTL_H 1
| #define HAVE_SYS_SOCKET_H 1
| #define HAVE_SYS_TYPES_H 1
| #define HAVE_SYSLOG_H 1
| #define HAVE_UNISTD_H 1
| /* end confdefs.h.  */
| #include <stdio.h>
| #ifdef HAVE_SYS_TYPES_H
| # include <sys/types.h>
| #endif
| #ifdef HAVE_SYS_STAT_H
| # include <sys/stat.h>
| #endif
| #ifdef STDC_HEADERS
| # include <stdlib.h>
| # include <stddef.h>
| #else
| # ifdef HAVE_STDLIB_H
| #  include <stdlib.h>
| # endif
| #endif
| #ifdef HAVE_STRING_H
| # if !defined STDC_HEADERS && defined HAVE_MEMORY_H
| #  include <memory.h>
| # endif
| # include <string.h>
| #endif
| #ifdef HAVE_STRINGS_H
| # include <strings.h>
| #endif
| #ifdef HAVE_INTTYPES_H
| # include <inttypes.h>
| #endif
| #ifdef HAVE_STDINT_H
| # include <stdint.h>
| #endif
| #ifdef HAVE_UNISTD_H
| # include <unistd.h>
| #endif
| int
| main ()
| {
| if (sizeof ((pid_t)))
| 	    return 0;
|   ;
|   return 0;
| }
configure:5802: result: yes
configure:5815: checking vfork.h usability
configure:5815: /opt/lede-toolchain-ramips-mt7621_gcc-5.4.0_musl-1.1.24.Linux-x86_64/toolchain-mipsel_24kc_gcc-5.4.0_musl-1.1.24/bin/mipsel-openwrt-linux-musl-gcc -c -Wall -Os -I/repo/Fail_GPL/asuswrt/release/src-ra-openwrt-4210/router/shared -I/repo/Fail_GPL/asuswrt/release/src-ra-openwrt-4210/include -DASUSWRT -DUSE_IPV6 -DASUSWRT_LE  		-I/repo/Fail_GPL/asuswrt/release/src-ra-openwrt-4210/router/mipsel-musl/stage/usr/include  -ffunction-sections -fdata-sections -DLINUX26 -DCONFIG_RALINK -DMUSL_LIBC -DDEBUG_NOISY -DDEBUG_RCTEST -D_GNU_SOURCE -D__UAPI_DEF_ETHHDR -DRALINK_DBDC_MODE -pipe -funit-at-a-time -Wno-pointer-sign -mtune=mips32 -mips32 -DLINUX_KERNEL_VERSION=263366 --sysroot=/opt/lede-toolchain-ramips-mt7621_gcc-5.4.0_musl-1.1.24.Linux-x86_64/toolchain-mipsel_24kc_gcc-5.4.0_musl-1.1.24   conftest.c >&5
conftest.c:71:19: fatal error: vfork.h: No such file or directory
compilation terminated.
configure:5815: $? = 1
configure: failed program was:
| /* confdefs.h */
| #define PACKAGE_NAME "In-a-dyn"
| #define PACKAGE_TARNAME "inadyn"
| #define PACKAGE_VERSION "2.8.1"
| #define PACKAGE_STRING "In-a-dyn 2.8.1"
| #define PACKAGE_BUGREPORT "https://github.com/troglobit/inadyn/issues"
| #define PACKAGE_URL "https://troglobit.com/projects/inadyn/"
| #define PACKAGE "inadyn"
| #define VERSION "2.8.1"
| #define STDC_HEADERS 1
| #define HAVE_SYS_TYPES_H 1
| #define HAVE_SYS_STAT_H 1
| #define HAVE_STDLIB_H 1
| #define HAVE_STRING_H 1
| #define HAVE_MEMORY_H 1
| #define HAVE_STRINGS_H 1
| #define HAVE_INTTYPES_H 1
| #define HAVE_STDINT_H 1
| #define HAVE_UNISTD_H 1
| #define __EXTENSIONS__ 1
| #define _ALL_SOURCE 1
| #define _GNU_SOURCE 1
| #define _POSIX_PTHREAD_SEMANTICS 1
| #define _TANDEM_SOURCE 1
| #define STDC_HEADERS 1
| #define HAVE_ARPA_INET_H 1
| #define HAVE_ARPA_NAMESER_H 1
| #define HAVE_NETINET_IN_H 1
| #define HAVE_STDLIB_H 1
| #define HAVE_STDINT_H 1
| #define HAVE_STRING_H 1
| #define HAVE_SYS_IOCTL_H 1
| #define HAVE_SYS_SOCKET_H 1
| #define HAVE_SYS_TYPES_H 1
| #define HAVE_SYSLOG_H 1
| #define HAVE_UNISTD_H 1
| /* end confdefs.h.  */
| #include <stdio.h>
| #ifdef HAVE_SYS_TYPES_H
| # include <sys/types.h>
| #endif
| #ifdef HAVE_SYS_STAT_H
| # include <sys/stat.h>
| #endif
| #ifdef STDC_HEADERS
| # include <stdlib.h>
| # include <stddef.h>
| #else
| # ifdef HAVE_STDLIB_H
| #  include <stdlib.h>
| # endif
| #endif
| #ifdef HAVE_STRING_H
| # if !defined STDC_HEADERS && defined HAVE_MEMORY_H
| #  include <memory.h>
| # endif
| # include <string.h>
| #endif
| #ifdef HAVE_STRINGS_H
| # include <strings.h>
| #endif
| #ifdef HAVE_INTTYPES_H
| # include <inttypes.h>
| #endif
| #ifdef HAVE_STDINT_H
| # include <stdint.h>
| #endif
| #ifdef HAVE_UNISTD_H
| # include <unistd.h>
| #endif
| #include <vfork.h>
configure:5815: result: no
configure:5815: checking vfork.h presence
configure:5815: /opt/lede-toolchain-ramips-mt7621_gcc-5.4.0_musl-1.1.24.Linux-x86_64/toolchain-mipsel_24kc_gcc-5.4.0_musl-1.1.24/bin/mipsel-openwrt-linux-musl-gcc -E  conftest.c
conftest.c:38:19: fatal error: vfork.h: No such file or directory
compilation terminated.
configure:5815: $? = 1
configure: failed program was:
| /* confdefs.h */
| #define PACKAGE_NAME "In-a-dyn"
| #define PACKAGE_TARNAME "inadyn"
| #define PACKAGE_VERSION "2.8.1"
| #define PACKAGE_STRING "In-a-dyn 2.8.1"
| #define PACKAGE_BUGREPORT "https://github.com/troglobit/inadyn/issues"
| #define PACKAGE_URL "https://troglobit.com/projects/inadyn/"
| #define PACKAGE "inadyn"
| #define VERSION "2.8.1"
| #define STDC_HEADERS 1
| #define HAVE_SYS_TYPES_H 1
| #define HAVE_SYS_STAT_H 1
| #define HAVE_STDLIB_H 1
| #define HAVE_STRING_H 1
| #define HAVE_MEMORY_H 1
| #define HAVE_STRINGS_H 1
| #define HAVE_INTTYPES_H 1
| #define HAVE_STDINT_H 1
| #define HAVE_UNISTD_H 1
| #define __EXTENSIONS__ 1
| #define _ALL_SOURCE 1
| #define _GNU_SOURCE 1
| #define _POSIX_PTHREAD_SEMANTICS 1
| #define _TANDEM_SOURCE 1
| #define STDC_HEADERS 1
| #define HAVE_ARPA_INET_H 1
| #define HAVE_ARPA_NAMESER_H 1
| #define HAVE_NETINET_IN_H 1
| #define HAVE_STDLIB_H 1
| #define HAVE_STDINT_H 1
| #define HAVE_STRING_H 1
| #define HAVE_SYS_IOCTL_H 1
| #define HAVE_SYS_SOCKET_H 1
| #define HAVE_SYS_TYPES_H 1
| #define HAVE_SYSLOG_H 1
| #define HAVE_UNISTD_H 1
| /* end confdefs.h.  */
| #include <vfork.h>
configure:5815: result: no
configure:5815: checking for vfork.h
configure:5815: result: no
configure:5828: checking for fork
configure:5828: /opt/lede-toolchain-ramips-mt7621_gcc-5.4.0_musl-1.1.24.Linux-x86_64/toolchain-mipsel_24kc_gcc-5.4.0_musl-1.1.24/bin/mipsel-openwrt-linux-musl-gcc -o conftest -Wall -Os -I/repo/Fail_GPL/asuswrt/release/src-ra-openwrt-4210/router/shared -I/repo/Fail_GPL/asuswrt/release/src-ra-openwrt-4210/include -DASUSWRT -DUSE_IPV6 -DASUSWRT_LE  		-I/repo/Fail_GPL/asuswrt/release/src-ra-openwrt-4210/router/mipsel-musl/stage/usr/include  -ffunction-sections -fdata-sections -DLINUX26 -DCONFIG_RALINK -DMUSL_LIBC -DDEBUG_NOISY -DDEBUG_RCTEST -D_GNU_SOURCE -D__UAPI_DEF_ETHHDR -DRALINK_DBDC_MODE -pipe -funit-at-a-time -Wno-pointer-sign -mtune=mips32 -mips32 -DLINUX_KERNEL_VERSION=263366 --sysroot=/opt/lede-toolchain-ramips-mt7621_gcc-5.4.0_musl-1.1.24.Linux-x86_64/toolchain-mipsel_24kc_gcc-5.4.0_musl-1.1.24   -L/repo/Fail_GPL/asuswrt/release/src-ra-openwrt-4210/router/nvram -L/repo/Fail_GPL/asuswrt/release/src-ra-openwrt-4210/router/shared   		 -L/repo/Fail_GPL/asuswrt/release/src-ra-openwrt-4210/router/mipsel-musl/stage/usr/lib -Wl,--gc-sections  --sysroot=/opt/lede-toolchain-ramips-mt7621_gcc-5.4.0_musl-1.1.24.Linux-x86_64/toolchain-mipsel_24kc_gcc-5.4.0_musl-1.1.24 conftest.c -lnvram -lshared   -ldl >&5
conftest.c:61:6: warning: conflicting types for built-in function 'fork'
 char fork ();
      ^
configure:5828: $? = 0
configure:5828: result: yes
configure:5828: checking for vfork
configure:5828: /opt/lede-toolchain-ramips-mt7621_gcc-5.4.0_musl-1.1.24.Linux-x86_64/toolchain-mipsel_24kc_gcc-5.4.0_musl-1.1.24/bin/mipsel-openwrt-linux-musl-gcc -o conftest -Wall -Os -I/repo/Fail_GPL/asuswrt/release/src-ra-openwrt-4210/router/shared -I/repo/Fail_GPL/asuswrt/release/src-ra-openwrt-4210/include -DASUSWRT -DUSE_IPV6 -DASUSWRT_LE  		-I/repo/Fail_GPL/asuswrt/release/src-ra-openwrt-4210/router/mipsel-musl/stage/usr/include  -ffunction-sections -fdata-sections -DLINUX26 -DCONFIG_RALINK -DMUSL_LIBC -DDEBUG_NOISY -DDEBUG_RCTEST -D_GNU_SOURCE -D__UAPI_DEF_ETHHDR -DRALINK_DBDC_MODE -pipe -funit-at-a-time -Wno-pointer-sign -mtune=mips32 -mips32 -DLINUX_KERNEL_VERSION=263366 --sysroot=/opt/lede-toolchain-ramips-mt7621_gcc-5.4.0_musl-1.1.24.Linux-x86_64/toolchain-mipsel_24kc_gcc-5.4.0_musl-1.1.24   -L/repo/Fail_GPL/asuswrt/release/src-ra-openwrt-4210/router/nvram -L/repo/Fail_GPL/asuswrt/release/src-ra-openwrt-4210/router/shared   		 -L/repo/Fail_GPL/asuswrt/release/src-ra-openwrt-4210/router/mipsel-musl/stage/usr/lib -Wl,--gc-sections  --sysroot=/opt/lede-toolchain-ramips-mt7621_gcc-5.4.0_musl-1.1.24.Linux-x86_64/toolchain-mipsel_24kc_gcc-5.4.0_musl-1.1.24 conftest.c -lnvram -lshared   -ldl >&5
configure:5828: $? = 0
configure:5828: result: yes
configure:5838: checking for working fork
configure:5870: result: cross
configure:5886: WARNING: result yes guessed because of cross compilation
configure:5891: checking for working vfork
configure:6001: result: yes
configure:6029: checking sys/select.h usability
configure:6029: /opt/lede-toolchain-ramips-mt7621_gcc-5.4.0_musl-1.1.24.Linux-x86_64/toolchain-mipsel_24kc_gcc-5.4.0_musl-1.1.24/bin/mipsel-openwrt-linux-musl-gcc -c -Wall -Os -I/repo/Fail_GPL/asuswrt/release/src-ra-openwrt-4210/router/shared -I/repo/Fail_GPL/asuswrt/release/src-ra-openwrt-4210/include -DASUSWRT -DUSE_IPV6 -DASUSWRT_LE  		-I/repo/Fail_GPL/asuswrt/release/src-ra-openwrt-4210/router/mipsel-musl/stage/usr/include  -ffunction-sections -fdata-sections -DLINUX26 -DCONFIG_RALINK -DMUSL_LIBC -DDEBUG_NOISY -DDEBUG_RCTEST -D_GNU_SOURCE -D__UAPI_DEF_ETHHDR -DRALINK_DBDC_MODE -pipe -funit-at-a-time -Wno-pointer-sign -mtune=mips32 -mips32 -DLINUX_KERNEL_VERSION=263366 --sysroot=/opt/lede-toolchain-ramips-mt7621_gcc-5.4.0_musl-1.1.24.Linux-x86_64/toolchain-mipsel_24kc_gcc-5.4.0_musl-1.1.24   conftest.c >&5
configure:6029: $? = 0
configure:6029: result: yes
configure:6029: checking sys/select.h presence
configure:6029: /opt/lede-toolchain-ramips-mt7621_gcc-5.4.0_musl-1.1.24.Linux-x86_64/toolchain-mipsel_24kc_gcc-5.4.0_musl-1.1.24/bin/mipsel-openwrt-linux-musl-gcc -E  conftest.c
configure:6029: $? = 0
configure:6029: result: yes
configure:6029: checking for sys/select.h
configure:6029: result: yes
configure:6029: checking for sys/socket.h
configure:6029: result: yes
configure:6039: checking types of arguments for select
configure:6067: /opt/lede-toolchain-ramips-mt7621_gcc-5.4.0_musl-1.1.24.Linux-x86_64/toolchain-mipsel_24kc_gcc-5.4.0_musl-1.1.24/bin/mipsel-openwrt-linux-musl-gcc -c -Wall -Os -I/repo/Fail_GPL/asuswrt/release/src-ra-openwrt-4210/router/shared -I/repo/Fail_GPL/asuswrt/release/src-ra-openwrt-4210/include -DASUSWRT -DUSE_IPV6 -DASUSWRT_LE  		-I/repo/Fail_GPL/asuswrt/release/src-ra-openwrt-4210/router/mipsel-musl/stage/usr/include  -ffunction-sections -fdata-sections -DLINUX26 -DCONFIG_RALINK -DMUSL_LIBC -DDEBUG_NOISY -DDEBUG_RCTEST -D_GNU_SOURCE -D__UAPI_DEF_ETHHDR -DRALINK_DBDC_MODE -pipe -funit-at-a-time -Wno-pointer-sign -mtune=mips32 -mips32 -DLINUX_KERNEL_VERSION=263366 --sysroot=/opt/lede-toolchain-ramips-mt7621_gcc-5.4.0_musl-1.1.24.Linux-x86_64/toolchain-mipsel_24kc_gcc-5.4.0_musl-1.1.24   conftest.c >&5
configure:6067: $? = 0
configure:6078: result: int,fd_set *,struct timeval *
configure:6104: checking for atexit
configure:6104: /opt/lede-toolchain-ramips-mt7621_gcc-5.4.0_musl-1.1.24.Linux-x86_64/toolchain-mipsel_24kc_gcc-5.4.0_musl-1.1.24/bin/mipsel-openwrt-linux-musl-gcc -o conftest -Wall -Os -I/repo/Fail_GPL/asuswrt/release/src-ra-openwrt-4210/router/shared -I/repo/Fail_GPL/asuswrt/release/src-ra-openwrt-4210/include -DASUSWRT -DUSE_IPV6 -DASUSWRT_LE  		-I/repo/Fail_GPL/asuswrt/release/src-ra-openwrt-4210/router/mipsel-musl/stage/usr/include  -ffunction-sections -fdata-sections -DLINUX26 -DCONFIG_RALINK -DMUSL_LIBC -DDEBUG_NOISY -DDEBUG_RCTEST -D_GNU_SOURCE -D__UAPI_DEF_ETHHDR -DRALINK_DBDC_MODE -pipe -funit-at-a-time -Wno-pointer-sign -mtune=mips32 -mips32 -DLINUX_KERNEL_VERSION=263366 --sysroot=/opt/lede-toolchain-ramips-mt7621_gcc-5.4.0_musl-1.1.24.Linux-x86_64/toolchain-mipsel_24kc_gcc-5.4.0_musl-1.1.24   -L/repo/Fail_GPL/asuswrt/release/src-ra-openwrt-4210/router/nvram -L/repo/Fail_GPL/asuswrt/release/src-ra-openwrt-4210/router/shared   		 -L/repo/Fail_GPL/asuswrt/release/src-ra-openwrt-4210/router/mipsel-musl/stage/usr/lib -Wl,--gc-sections  --sysroot=/opt/lede-toolchain-ramips-mt7621_gcc-5.4.0_musl-1.1.24.Linux-x86_64/toolchain-mipsel_24kc_gcc-5.4.0_musl-1.1.24 conftest.c -lnvram -lshared   -ldl >&5
configure:6104: $? = 0
configure:6104: result: yes
configure:6104: checking for memset
configure:6104: /opt/lede-toolchain-ramips-mt7621_gcc-5.4.0_musl-1.1.24.Linux-x86_64/toolchain-mipsel_24kc_gcc-5.4.0_musl-1.1.24/bin/mipsel-openwrt-linux-musl-gcc -o conftest -Wall -Os -I/repo/Fail_GPL/asuswrt/release/src-ra-openwrt-4210/router/shared -I/repo/Fail_GPL/asuswrt/release/src-ra-openwrt-4210/include -DASUSWRT -DUSE_IPV6 -DASUSWRT_LE  		-I/repo/Fail_GPL/asuswrt/release/src-ra-openwrt-4210/router/mipsel-musl/stage/usr/include  -ffunction-sections -fdata-sections -DLINUX26 -DCONFIG_RALINK -DMUSL_LIBC -DDEBUG_NOISY -DDEBUG_RCTEST -D_GNU_SOURCE -D__UAPI_DEF_ETHHDR -DRALINK_DBDC_MODE -pipe -funit-at-a-time -Wno-pointer-sign -mtune=mips32 -mips32 -DLINUX_KERNEL_VERSION=263366 --sysroot=/opt/lede-toolchain-ramips-mt7621_gcc-5.4.0_musl-1.1.24.Linux-x86_64/toolchain-mipsel_24kc_gcc-5.4.0_musl-1.1.24   -L/repo/Fail_GPL/asuswrt/release/src-ra-openwrt-4210/router/nvram -L/repo/Fail_GPL/asuswrt/release/src-ra-openwrt-4210/router/shared   		 -L/repo/Fail_GPL/asuswrt/release/src-ra-openwrt-4210/router/mipsel-musl/stage/usr/lib -Wl,--gc-sections  --sysroot=/opt/lede-toolchain-ramips-mt7621_gcc-5.4.0_musl-1.1.24.Linux-x86_64/toolchain-mipsel_24kc_gcc-5.4.0_musl-1.1.24 conftest.c -lnvram -lshared   -ldl >&5
conftest.c:71:6: warning: conflicting types for built-in function 'memset'
 char memset ();
      ^
configure:6104: $? = 0
configure:6104: result: yes
configure:6104: checking for poll
configure:6104: /opt/lede-toolchain-ramips-mt7621_gcc-5.4.0_musl-1.1.24.Linux-x86_64/toolchain-mipsel_24kc_gcc-5.4.0_musl-1.1.24/bin/mipsel-openwrt-linux-musl-gcc -o conftest -Wall -Os -I/repo/Fail_GPL/asuswrt/release/src-ra-openwrt-4210/router/shared -I/repo/Fail_GPL/asuswrt/release/src-ra-openwrt-4210/include -DASUSWRT -DUSE_IPV6 -DASUSWRT_LE  		-I/repo/Fail_GPL/asuswrt/release/src-ra-openwrt-4210/router/mipsel-musl/stage/usr/include  -ffunction-sections -fdata-sections -DLINUX26 -DCONFIG_RALINK -DMUSL_LIBC -DDEBUG_NOISY -DDEBUG_RCTEST -D_GNU_SOURCE -D__UAPI_DEF_ETHHDR -DRALINK_DBDC_MODE -pipe -funit-at-a-time -Wno-pointer-sign -mtune=mips32 -mips32 -DLINUX_KERNEL_VERSION=263366 --sysroot=/opt/lede-toolchain-ramips-mt7621_gcc-5.4.0_musl-1.1.24.Linux-x86_64/toolchain-mipsel_24kc_gcc-5.4.0_musl-1.1.24   -L/repo/Fail_GPL/asuswrt/release/src-ra-openwrt-4210/router/nvram -L/repo/Fail_GPL/asuswrt/release/src-ra-openwrt-4210/router/shared   		 -L/repo/Fail_GPL/asuswrt/release/src-ra-openwrt-4210/router/mipsel-musl/stage/usr/lib -Wl,--gc-sections  --sysroot=/opt/lede-toolchain-ramips-mt7621_gcc-5.4.0_musl-1.1.24.Linux-x86_64/toolchain-mipsel_24kc_gcc-5.4.0_musl-1.1.24 conftest.c -lnvram -lshared   -ldl >&5
configure:6104: $? = 0
configure:6104: result: yes
configure:6104: checking for socket
configure:6104: /opt/lede-toolchain-ramips-mt7621_gcc-5.4.0_musl-1.1.24.Linux-x86_64/toolchain-mipsel_24kc_gcc-5.4.0_musl-1.1.24/bin/mipsel-openwrt-linux-musl-gcc -o conftest -Wall -Os -I/repo/Fail_GPL/asuswrt/release/src-ra-openwrt-4210/router/shared -I/repo/Fail_GPL/asuswrt/release/src-ra-openwrt-4210/include -DASUSWRT -DUSE_IPV6 -DASUSWRT_LE  		-I/repo/Fail_GPL/asuswrt/release/src-ra-openwrt-4210/router/mipsel-musl/stage/usr/include  -ffunction-sections -fdata-sections -DLINUX26 -DCONFIG_RALINK -DMUSL_LIBC -DDEBUG_NOISY -DDEBUG_RCTEST -D_GNU_SOURCE -D__UAPI_DEF_ETHHDR -DRALINK_DBDC_MODE -pipe -funit-at-a-time -Wno-pointer-sign -mtune=mips32 -mips32 -DLINUX_KERNEL_VERSION=263366 --sysroot=/opt/lede-toolchain-ramips-mt7621_gcc-5.4.0_musl-1.1.24.Linux-x86_64/toolchain-mipsel_24kc_gcc-5.4.0_musl-1.1.24   -L/repo/Fail_GPL/asuswrt/release/src-ra-openwrt-4210/router/nvram -L/repo/Fail_GPL/asuswrt/release/src-ra-openwrt-4210/router/shared   		 -L/repo/Fail_GPL/asuswrt/release/src-ra-openwrt-4210/router/mipsel-musl/stage/usr/lib -Wl,--gc-sections  --sysroot=/opt/lede-toolchain-ramips-mt7621_gcc-5.4.0_musl-1.1.24.Linux-x86_64/toolchain-mipsel_24kc_gcc-5.4.0_musl-1.1.24 conftest.c -lnvram -lshared   -ldl >&5
configure:6104: $? = 0
configure:6104: result: yes
configure:6104: checking for strerror
configure:6104: /opt/lede-toolchain-ramips-mt7621_gcc-5.4.0_musl-1.1.24.Linux-x86_64/toolchain-mipsel_24kc_gcc-5.4.0_musl-1.1.24/bin/mipsel-openwrt-linux-musl-gcc -o conftest -Wall -Os -I/repo/Fail_GPL/asuswrt/release/src-ra-openwrt-4210/router/shared -I/repo/Fail_GPL/asuswrt/release/src-ra-openwrt-4210/include -DASUSWRT -DUSE_IPV6 -DASUSWRT_LE  		-I/repo/Fail_GPL/asuswrt/release/src-ra-openwrt-4210/router/mipsel-musl/stage/usr/include  -ffunction-sections -fdata-sections -DLINUX26 -DCONFIG_RALINK -DMUSL_LIBC -DDEBUG_NOISY -DDEBUG_RCTEST -D_GNU_SOURCE -D__UAPI_DEF_ETHHDR -DRALINK_DBDC_MODE -pipe -funit-at-a-time -Wno-pointer-sign -mtune=mips32 -mips32 -DLINUX_KERNEL_VERSION=263366 --sysroot=/opt/lede-toolchain-ramips-mt7621_gcc-5.4.0_musl-1.1.24.Linux-x86_64/toolchain-mipsel_24kc_gcc-5.4.0_musl-1.1.24   -L/repo/Fail_GPL/asuswrt/release/src-ra-openwrt-4210/router/nvram -L/repo/Fail_GPL/asuswrt/release/src-ra-openwrt-4210/router/shared   		 -L/repo/Fail_GPL/asuswrt/release/src-ra-openwrt-4210/router/mipsel-musl/stage/usr/lib -Wl,--gc-sections  --sysroot=/opt/lede-toolchain-ramips-mt7621_gcc-5.4.0_musl-1.1.24.Linux-x86_64/toolchain-mipsel_24kc_gcc-5.4.0_musl-1.1.24 conftest.c -lnvram -lshared   -ldl >&5
configure:6104: $? = 0
configure:6104: result: yes
configure:6113: checking for library containing dlopen
configure:6144: /opt/lede-toolchain-ramips-mt7621_gcc-5.4.0_musl-1.1.24.Linux-x86_64/toolchain-mipsel_24kc_gcc-5.4.0_musl-1.1.24/bin/mipsel-openwrt-linux-musl-gcc -o conftest -Wall -Os -I/repo/Fail_GPL/asuswrt/release/src-ra-openwrt-4210/router/shared -I/repo/Fail_GPL/asuswrt/release/src-ra-openwrt-4210/include -DASUSWRT -DUSE_IPV6 -DASUSWRT_LE  		-I/repo/Fail_GPL/asuswrt/release/src-ra-openwrt-4210/router/mipsel-musl/stage/usr/include  -ffunction-sections -fdata-sections -DLINUX26 -DCONFIG_RALINK -DMUSL_LIBC -DDEBUG_NOISY -DDEBUG_RCTEST -D_GNU_SOURCE -D__UAPI_DEF_ETHHDR -DRALINK_DBDC_MODE -pipe -funit-at-a-time -Wno-pointer-sign -mtune=mips32 -mips32 -DLINUX_KERNEL_VERSION=263366 --sysroot=/opt/lede-toolchain-ramips-mt7621_gcc-5.4.0_musl-1.1.24.Linux-x86_64/toolchain-mipsel_24kc_gcc-5.4.0_musl-1.1.24   -L/repo/Fail_GPL/asuswrt/release/src-ra-openwrt-4210/router/nvram -L/repo/Fail_GPL/asuswrt/release/src-ra-openwrt-4210/router/shared   		 -L/repo/Fail_GPL/asuswrt/release/src-ra-openwrt-4210/router/mipsel-musl/stage/usr/lib -Wl,--gc-sections  --sysroot=/opt/lede-toolchain-ramips-mt7621_gcc-5.4.0_musl-1.1.24.Linux-x86_64/toolchain-mipsel_24kc_gcc-5.4.0_musl-1.1.24 conftest.c -lnvram -lshared   -ldl >&5
configure:6144: $? = 0
configure:6161: result: none required
configure:6175: checking for pidfile in -lutil
configure:6200: /opt/lede-toolchain-ramips-mt7621_gcc-5.4.0_musl-1.1.24.Linux-x86_64/toolchain-mipsel_24kc_gcc-5.4.0_musl-1.1.24/bin/mipsel-openwrt-linux-musl-gcc -o conftest -Wall -Os -I/repo/Fail_GPL/asuswrt/release/src-ra-openwrt-4210/router/shared -I/repo/Fail_GPL/asuswrt/release/src-ra-openwrt-4210/include -DASUSWRT -DUSE_IPV6 -DASUSWRT_LE  		-I/repo/Fail_GPL/asuswrt/release/src-ra-openwrt-4210/router/mipsel-musl/stage/usr/include  -ffunction-sections -fdata-sections -DLINUX26 -DCONFIG_RALINK -DMUSL_LIBC -DDEBUG_NOISY -DDEBUG_RCTEST -D_GNU_SOURCE -D__UAPI_DEF_ETHHDR -DRALINK_DBDC_MODE -pipe -funit-at-a-time -Wno-pointer-sign -mtune=mips32 -mips32 -DLINUX_KERNEL_VERSION=263366 --sysroot=/opt/lede-toolchain-ramips-mt7621_gcc-5.4.0_musl-1.1.24.Linux-x86_64/toolchain-mipsel_24kc_gcc-5.4.0_musl-1.1.24   -L/repo/Fail_GPL/asuswrt/release/src-ra-openwrt-4210/router/nvram -L/repo/Fail_GPL/asuswrt/release/src-ra-openwrt-4210/router/shared   		 -L/repo/Fail_GPL/asuswrt/release/src-ra-openwrt-4210/router/mipsel-musl/stage/usr/lib -Wl,--gc-sections  --sysroot=/opt/lede-toolchain-ramips-mt7621_gcc-5.4.0_musl-1.1.24.Linux-x86_64/toolchain-mipsel_24kc_gcc-5.4.0_musl-1.1.24 conftest.c -lutil  -lnvram -lshared   -ldl >&5
/tmp/ccblEeew.o: In function `main':
conftest.c:(.text.startup.main+0x8): undefined reference to `pidfile'
collect2: error: ld returned 1 exit status
configure:6200: $? = 1
configure: failed program was:
| /* confdefs.h */
| #define PACKAGE_NAME "In-a-dyn"
| #define PACKAGE_TARNAME "inadyn"
| #define PACKAGE_VERSION "2.8.1"
| #define PACKAGE_STRING "In-a-dyn 2.8.1"
| #define PACKAGE_BUGREPORT "https://github.com/troglobit/inadyn/issues"
| #define PACKAGE_URL "https://troglobit.com/projects/inadyn/"
| #define PACKAGE "inadyn"
| #define VERSION "2.8.1"
| #define STDC_HEADERS 1
| #define HAVE_SYS_TYPES_H 1
| #define HAVE_SYS_STAT_H 1
| #define HAVE_STDLIB_H 1
| #define HAVE_STRING_H 1
| #define HAVE_MEMORY_H 1
| #define HAVE_STRINGS_H 1
| #define HAVE_INTTYPES_H 1
| #define HAVE_STDINT_H 1
| #define HAVE_UNISTD_H 1
| #define __EXTENSIONS__ 1
| #define _ALL_SOURCE 1
| #define _GNU_SOURCE 1
| #define _POSIX_PTHREAD_SEMANTICS 1
| #define _TANDEM_SOURCE 1
| #define STDC_HEADERS 1
| #define HAVE_ARPA_INET_H 1
| #define HAVE_ARPA_NAMESER_H 1
| #define HAVE_NETINET_IN_H 1
| #define HAVE_STDLIB_H 1
| #define HAVE_STDINT_H 1
| #define HAVE_STRING_H 1
| #define HAVE_SYS_IOCTL_H 1
| #define HAVE_SYS_SOCKET_H 1
| #define HAVE_SYS_TYPES_H 1
| #define HAVE_SYSLOG_H 1
| #define HAVE_UNISTD_H 1
| #define HAVE_FORK 1
| #define HAVE_VFORK 1
| #define HAVE_WORKING_VFORK 1
| #define HAVE_WORKING_FORK 1
| #define HAVE_SYS_SELECT_H 1
| #define HAVE_SYS_SOCKET_H 1
| #define SELECT_TYPE_ARG1 int
| #define SELECT_TYPE_ARG234 (fd_set *)
| #define SELECT_TYPE_ARG5 (struct timeval *)
| #define HAVE_ATEXIT 1
| #define HAVE_MEMSET 1
| #define HAVE_POLL 1
| #define HAVE_SOCKET 1
| #define HAVE_STRERROR 1
| /* end confdefs.h.  */
| 
| /* Override any GCC internal prototype to avoid an error.
|    Use char because int might match the return type of a GCC
|    builtin and then its argument prototype would still apply.  */
| #ifdef __cplusplus
| extern "C"
| #endif
| char pidfile ();
| int
| main ()
| {
| return pidfile ();
|   ;
|   return 0;
| }
configure:6209: result: no
configure:6222: checking for pidfile
configure:6222: /opt/lede-toolchain-ramips-mt7621_gcc-5.4.0_musl-1.1.24.Linux-x86_64/toolchain-mipsel_24kc_gcc-5.4.0_musl-1.1.24/bin/mipsel-openwrt-linux-musl-gcc -o conftest -Wall -Os -I/repo/Fail_GPL/asuswrt/release/src-ra-openwrt-4210/router/shared -I/repo/Fail_GPL/asuswrt/release/src-ra-openwrt-4210/include -DASUSWRT -DUSE_IPV6 -DASUSWRT_LE  		-I/repo/Fail_GPL/asuswrt/release/src-ra-openwrt-4210/router/mipsel-musl/stage/usr/include  -ffunction-sections -fdata-sections -DLINUX26 -DCONFIG_RALINK -DMUSL_LIBC -DDEBUG_NOISY -DDEBUG_RCTEST -D_GNU_SOURCE -D__UAPI_DEF_ETHHDR -DRALINK_DBDC_MODE -pipe -funit-at-a-time -Wno-pointer-sign -mtune=mips32 -mips32 -DLINUX_KERNEL_VERSION=263366 --sysroot=/opt/lede-toolchain-ramips-mt7621_gcc-5.4.0_musl-1.1.24.Linux-x86_64/toolchain-mipsel_24kc_gcc-5.4.0_musl-1.1.24   -L/repo/Fail_GPL/asuswrt/release/src-ra-openwrt-4210/router/nvram -L/repo/Fail_GPL/asuswrt/release/src-ra-openwrt-4210/router/shared   		 -L/repo/Fail_GPL/asuswrt/release/src-ra-openwrt-4210/router/mipsel-musl/stage/usr/lib -Wl,--gc-sections  --sysroot=/opt/lede-toolchain-ramips-mt7621_gcc-5.4.0_musl-1.1.24.Linux-x86_64/toolchain-mipsel_24kc_gcc-5.4.0_musl-1.1.24 conftest.c -lnvram -lshared   -ldl >&5
/tmp/ccIwIWzC.o: In function `main':
conftest.c:(.text.startup.main+0x8): undefined reference to `pidfile'
collect2: error: ld returned 1 exit status
configure:6222: $? = 1
configure: failed program was:
| /* confdefs.h */
| #define PACKAGE_NAME "In-a-dyn"
| #define PACKAGE_TARNAME "inadyn"
| #define PACKAGE_VERSION "2.8.1"
| #define PACKAGE_STRING "In-a-dyn 2.8.1"
| #define PACKAGE_BUGREPORT "https://github.com/troglobit/inadyn/issues"
| #define PACKAGE_URL "https://troglobit.com/projects/inadyn/"
| #define PACKAGE "inadyn"
| #define VERSION "2.8.1"
| #define STDC_HEADERS 1
| #define HAVE_SYS_TYPES_H 1
| #define HAVE_SYS_STAT_H 1
| #define HAVE_STDLIB_H 1
| #define HAVE_STRING_H 1
| #define HAVE_MEMORY_H 1
| #define HAVE_STRINGS_H 1
| #define HAVE_INTTYPES_H 1
| #define HAVE_STDINT_H 1
| #define HAVE_UNISTD_H 1
| #define __EXTENSIONS__ 1
| #define _ALL_SOURCE 1
| #define _GNU_SOURCE 1
| #define _POSIX_PTHREAD_SEMANTICS 1
| #define _TANDEM_SOURCE 1
| #define STDC_HEADERS 1
| #define HAVE_ARPA_INET_H 1
| #define HAVE_ARPA_NAMESER_H 1
| #define HAVE_NETINET_IN_H 1
| #define HAVE_STDLIB_H 1
| #define HAVE_STDINT_H 1
| #define HAVE_STRING_H 1
| #define HAVE_SYS_IOCTL_H 1
| #define HAVE_SYS_SOCKET_H 1
| #define HAVE_SYS_TYPES_H 1
| #define HAVE_SYSLOG_H 1
| #define HAVE_UNISTD_H 1
| #define HAVE_FORK 1
| #define HAVE_VFORK 1
| #define HAVE_WORKING_VFORK 1
| #define HAVE_WORKING_FORK 1
| #define HAVE_SYS_SELECT_H 1
| #define HAVE_SYS_SOCKET_H 1
| #define SELECT_TYPE_ARG1 int
| #define SELECT_TYPE_ARG234 (fd_set *)
| #define SELECT_TYPE_ARG5 (struct timeval *)
| #define HAVE_ATEXIT 1
| #define HAVE_MEMSET 1
| #define HAVE_POLL 1
| #define HAVE_SOCKET 1
| #define HAVE_STRERROR 1
| /* end confdefs.h.  */
| /* Define pidfile to an innocuous variant, in case <limits.h> declares pidfile.
|    For example, HP-UX 11i <limits.h> declares gettimeofday.  */
| #define pidfile innocuous_pidfile
| 
| /* System header to define __stub macros and hopefully few prototypes,
|     which can conflict with char pidfile (); below.
|     Prefer <limits.h> to <assert.h> if __STDC__ is defined, since
|     <limits.h> exists even on freestanding compilers.  */
| 
| #ifdef __STDC__
| # include <limits.h>
| #else
| # include <assert.h>
| #endif
| 
| #undef pidfile
| 
| /* Override any GCC internal prototype to avoid an error.
|    Use char because int might match the return type of a GCC
|    builtin and then its argument prototype would still apply.  */
| #ifdef __cplusplus
| extern "C"
| #endif
| char pidfile ();
| /* The GNU C library defines this for functions which it implements
|     to always fail with ENOSYS.  Some functions are actually named
|     something starting with __ and the normal name is an alias.  */
| #if defined __stub_pidfile || defined __stub___pidfile
| choke me
| #endif
| 
| int
| main ()
| {
| return pidfile ();
|   ;
|   return 0;
| }
configure:6222: result: no
configure:6235: checking for strlcpy
configure:6235: /opt/lede-toolchain-ramips-mt7621_gcc-5.4.0_musl-1.1.24.Linux-x86_64/toolchain-mipsel_24kc_gcc-5.4.0_musl-1.1.24/bin/mipsel-openwrt-linux-musl-gcc -o conftest -Wall -Os -I/repo/Fail_GPL/asuswrt/release/src-ra-openwrt-4210/router/shared -I/repo/Fail_GPL/asuswrt/release/src-ra-openwrt-4210/include -DASUSWRT -DUSE_IPV6 -DASUSWRT_LE  		-I/repo/Fail_GPL/asuswrt/release/src-ra-openwrt-4210/router/mipsel-musl/stage/usr/include  -ffunction-sections -fdata-sections -DLINUX26 -DCONFIG_RALINK -DMUSL_LIBC -DDEBUG_NOISY -DDEBUG_RCTEST -D_GNU_SOURCE -D__UAPI_DEF_ETHHDR -DRALINK_DBDC_MODE -pipe -funit-at-a-time -Wno-pointer-sign -mtune=mips32 -mips32 -DLINUX_KERNEL_VERSION=263366 --sysroot=/opt/lede-toolchain-ramips-mt7621_gcc-5.4.0_musl-1.1.24.Linux-x86_64/toolchain-mipsel_24kc_gcc-5.4.0_musl-1.1.24   -L/repo/Fail_GPL/asuswrt/release/src-ra-openwrt-4210/router/nvram -L/repo/Fail_GPL/asuswrt/release/src-ra-openwrt-4210/router/shared   		 -L/repo/Fail_GPL/asuswrt/release/src-ra-openwrt-4210/router/mipsel-musl/stage/usr/lib -Wl,--gc-sections  --sysroot=/opt/lede-toolchain-ramips-mt7621_gcc-5.4.0_musl-1.1.24.Linux-x86_64/toolchain-mipsel_24kc_gcc-5.4.0_musl-1.1.24 conftest.c -lnvram -lshared   -ldl >&5
configure:6235: $? = 0
configure:6235: result: yes
configure:6248: checking for strlcat
configure:6248: /opt/lede-toolchain-ramips-mt7621_gcc-5.4.0_musl-1.1.24.Linux-x86_64/toolchain-mipsel_24kc_gcc-5.4.0_musl-1.1.24/bin/mipsel-openwrt-linux-musl-gcc -o conftest -Wall -Os -I/repo/Fail_GPL/asuswrt/release/src-ra-openwrt-4210/router/shared -I/repo/Fail_GPL/asuswrt/release/src-ra-openwrt-4210/include -DASUSWRT -DUSE_IPV6 -DASUSWRT_LE  		-I/repo/Fail_GPL/asuswrt/release/src-ra-openwrt-4210/router/mipsel-musl/stage/usr/include  -ffunction-sections -fdata-sections -DLINUX26 -DCONFIG_RALINK -DMUSL_LIBC -DDEBUG_NOISY -DDEBUG_RCTEST -D_GNU_SOURCE -D__UAPI_DEF_ETHHDR -DRALINK_DBDC_MODE -pipe -funit-at-a-time -Wno-pointer-sign -mtune=mips32 -mips32 -DLINUX_KERNEL_VERSION=263366 --sysroot=/opt/lede-toolchain-ramips-mt7621_gcc-5.4.0_musl-1.1.24.Linux-x86_64/toolchain-mipsel_24kc_gcc-5.4.0_musl-1.1.24   -L/repo/Fail_GPL/asuswrt/release/src-ra-openwrt-4210/router/nvram -L/repo/Fail_GPL/asuswrt/release/src-ra-openwrt-4210/router/shared   		 -L/repo/Fail_GPL/asuswrt/release/src-ra-openwrt-4210/router/mipsel-musl/stage/usr/lib -Wl,--gc-sections  --sysroot=/opt/lede-toolchain-ramips-mt7621_gcc-5.4.0_musl-1.1.24.Linux-x86_64/toolchain-mipsel_24kc_gcc-5.4.0_musl-1.1.24 conftest.c -lnvram -lshared   -ldl >&5
configure:6248: $? = 0
configure:6248: result: yes
configure:6261: checking for strtonum
configure:6261: /opt/lede-toolchain-ramips-mt7621_gcc-5.4.0_musl-1.1.24.Linux-x86_64/toolchain-mipsel_24kc_gcc-5.4.0_musl-1.1.24/bin/mipsel-openwrt-linux-musl-gcc -o conftest -Wall -Os -I/repo/Fail_GPL/asuswrt/release/src-ra-openwrt-4210/router/shared -I/repo/Fail_GPL/asuswrt/release/src-ra-openwrt-4210/include -DASUSWRT -DUSE_IPV6 -DASUSWRT_LE  		-I/repo/Fail_GPL/asuswrt/release/src-ra-openwrt-4210/router/mipsel-musl/stage/usr/include  -ffunction-sections -fdata-sections -DLINUX26 -DCONFIG_RALINK -DMUSL_LIBC -DDEBUG_NOISY -DDEBUG_RCTEST -D_GNU_SOURCE -D__UAPI_DEF_ETHHDR -DRALINK_DBDC_MODE -pipe -funit-at-a-time -Wno-pointer-sign -mtune=mips32 -mips32 -DLINUX_KERNEL_VERSION=263366 --sysroot=/opt/lede-toolchain-ramips-mt7621_gcc-5.4.0_musl-1.1.24.Linux-x86_64/toolchain-mipsel_24kc_gcc-5.4.0_musl-1.1.24   -L/repo/Fail_GPL/asuswrt/release/src-ra-openwrt-4210/router/nvram -L/repo/Fail_GPL/asuswrt/release/src-ra-openwrt-4210/router/shared   		 -L/repo/Fail_GPL/asuswrt/release/src-ra-openwrt-4210/router/mipsel-musl/stage/usr/lib -Wl,--gc-sections  --sysroot=/opt/lede-toolchain-ramips-mt7621_gcc-5.4.0_musl-1.1.24.Linux-x86_64/toolchain-mipsel_24kc_gcc-5.4.0_musl-1.1.24 conftest.c -lnvram -lshared   -ldl >&5
/tmp/cc7KGxNW.o: In function `main':
conftest.c:(.text.startup.main+0x8): undefined reference to `strtonum'
collect2: error: ld returned 1 exit status
configure:6261: $? = 1
configure: failed program was:
| /* confdefs.h */
| #define PACKAGE_NAME "In-a-dyn"
| #define PACKAGE_TARNAME "inadyn"
| #define PACKAGE_VERSION "2.8.1"
| #define PACKAGE_STRING "In-a-dyn 2.8.1"
| #define PACKAGE_BUGREPORT "https://github.com/troglobit/inadyn/issues"
| #define PACKAGE_URL "https://troglobit.com/projects/inadyn/"
| #define PACKAGE "inadyn"
| #define VERSION "2.8.1"
| #define STDC_HEADERS 1
| #define HAVE_SYS_TYPES_H 1
| #define HAVE_SYS_STAT_H 1
| #define HAVE_STDLIB_H 1
| #define HAVE_STRING_H 1
| #define HAVE_MEMORY_H 1
| #define HAVE_STRINGS_H 1
| #define HAVE_INTTYPES_H 1
| #define HAVE_STDINT_H 1
| #define HAVE_UNISTD_H 1
| #define __EXTENSIONS__ 1
| #define _ALL_SOURCE 1
| #define _GNU_SOURCE 1
| #define _POSIX_PTHREAD_SEMANTICS 1
| #define _TANDEM_SOURCE 1
| #define STDC_HEADERS 1
| #define HAVE_ARPA_INET_H 1
| #define HAVE_ARPA_NAMESER_H 1
| #define HAVE_NETINET_IN_H 1
| #define HAVE_STDLIB_H 1
| #define HAVE_STDINT_H 1
| #define HAVE_STRING_H 1
| #define HAVE_SYS_IOCTL_H 1
| #define HAVE_SYS_SOCKET_H 1
| #define HAVE_SYS_TYPES_H 1
| #define HAVE_SYSLOG_H 1
| #define HAVE_UNISTD_H 1
| #define HAVE_FORK 1
| #define HAVE_VFORK 1
| #define HAVE_WORKING_VFORK 1
| #define HAVE_WORKING_FORK 1
| #define HAVE_SYS_SELECT_H 1
| #define HAVE_SYS_SOCKET_H 1
| #define SELECT_TYPE_ARG1 int
| #define SELECT_TYPE_ARG234 (fd_set *)
| #define SELECT_TYPE_ARG5 (struct timeval *)
| #define HAVE_ATEXIT 1
| #define HAVE_MEMSET 1
| #define HAVE_POLL 1
| #define HAVE_SOCKET 1
| #define HAVE_STRERROR 1
| #define HAVE_STRLCPY 1
| #define HAVE_STRLCAT 1
| /* end confdefs.h.  */
| /* Define strtonum to an innocuous variant, in case <limits.h> declares strtonum.
|    For example, HP-UX 11i <limits.h> declares gettimeofday.  */
| #define strtonum innocuous_strtonum
| 
| /* System header to define __stub macros and hopefully few prototypes,
|     which can conflict with char strtonum (); below.
|     Prefer <limits.h> to <assert.h> if __STDC__ is defined, since
|     <limits.h> exists even on freestanding compilers.  */
| 
| #ifdef __STDC__
| # include <limits.h>
| #else
| # include <assert.h>
| #endif
| 
| #undef strtonum
| 
| /* Override any GCC internal prototype to avoid an error.
|    Use char because int might match the return type of a GCC
|    builtin and then its argument prototype would still apply.  */
| #ifdef __cplusplus
| extern "C"
| #endif
| char strtonum ();
| /* The GNU C library defines this for functions which it implements
|     to always fail with ENOSYS.  Some functions are actually named
|     something starting with __ and the normal name is an alias.  */
| #if defined __stub_strtonum || defined __stub___strtonum
| choke me
| #endif
| 
| int
| main ()
| {
| return strtonum ();
|   ;
|   return 0;
| }
configure:6261: result: no
configure:6274: checking for utimensat
configure:6274: /opt/lede-toolchain-ramips-mt7621_gcc-5.4.0_musl-1.1.24.Linux-x86_64/toolchain-mipsel_24kc_gcc-5.4.0_musl-1.1.24/bin/mipsel-openwrt-linux-musl-gcc -o conftest -Wall -Os -I/repo/Fail_GPL/asuswrt/release/src-ra-openwrt-4210/router/shared -I/repo/Fail_GPL/asuswrt/release/src-ra-openwrt-4210/include -DASUSWRT -DUSE_IPV6 -DASUSWRT_LE  		-I/repo/Fail_GPL/asuswrt/release/src-ra-openwrt-4210/router/mipsel-musl/stage/usr/include  -ffunction-sections -fdata-sections -DLINUX26 -DCONFIG_RALINK -DMUSL_LIBC -DDEBUG_NOISY -DDEBUG_RCTEST -D_GNU_SOURCE -D__UAPI_DEF_ETHHDR -DRALINK_DBDC_MODE -pipe -funit-at-a-time -Wno-pointer-sign -mtune=mips32 -mips32 -DLINUX_KERNEL_VERSION=263366 --sysroot=/opt/lede-toolchain-ramips-mt7621_gcc-5.4.0_musl-1.1.24.Linux-x86_64/toolchain-mipsel_24kc_gcc-5.4.0_musl-1.1.24   -L/repo/Fail_GPL/asuswrt/release/src-ra-openwrt-4210/router/nvram -L/repo/Fail_GPL/asuswrt/release/src-ra-openwrt-4210/router/shared   		 -L/repo/Fail_GPL/asuswrt/release/src-ra-openwrt-4210/router/mipsel-musl/stage/usr/lib -Wl,--gc-sections  --sysroot=/opt/lede-toolchain-ramips-mt7621_gcc-5.4.0_musl-1.1.24.Linux-x86_64/toolchain-mipsel_24kc_gcc-5.4.0_musl-1.1.24 conftest.c -lnvram -lshared   -ldl >&5
configure:6274: $? = 0
configure:6274: result: yes
configure:6296: checking for mipsel-linux-ar
configure:6323: result: /opt/lede-toolchain-ramips-mt7621_gcc-5.4.0_musl-1.1.24.Linux-x86_64/toolchain-mipsel_24kc_gcc-5.4.0_musl-1.1.24/bin/mipsel-openwrt-linux-musl-ar
configure:6393: checking the archiver (/opt/lede-toolchain-ramips-mt7621_gcc-5.4.0_musl-1.1.24.Linux-x86_64/toolchain-mipsel_24kc_gcc-5.4.0_musl-1.1.24/bin/mipsel-openwrt-linux-musl-ar) interface
configure:6409: /opt/lede-toolchain-ramips-mt7621_gcc-5.4.0_musl-1.1.24.Linux-x86_64/toolchain-mipsel_24kc_gcc-5.4.0_musl-1.1.24/bin/mipsel-openwrt-linux-musl-gcc -c -Wall -Os -I/repo/Fail_GPL/asuswrt/release/src-ra-openwrt-4210/router/shared -I/repo/Fail_GPL/asuswrt/release/src-ra-openwrt-4210/include -DASUSWRT -DUSE_IPV6 -DASUSWRT_LE  		-I/repo/Fail_GPL/asuswrt/release/src-ra-openwrt-4210/router/mipsel-musl/stage/usr/include  -ffunction-sections -fdata-sections -DLINUX26 -DCONFIG_RALINK -DMUSL_LIBC -DDEBUG_NOISY -DDEBUG_RCTEST -D_GNU_SOURCE -D__UAPI_DEF_ETHHDR -DRALINK_DBDC_MODE -pipe -funit-at-a-time -Wno-pointer-sign -mtune=mips32 -mips32 -DLINUX_KERNEL_VERSION=263366 --sysroot=/opt/lede-toolchain-ramips-mt7621_gcc-5.4.0_musl-1.1.24.Linux-x86_64/toolchain-mipsel_24kc_gcc-5.4.0_musl-1.1.24   conftest.c >&5
configure:6409: $? = 0
configure:6411: /opt/lede-toolchain-ramips-mt7621_gcc-5.4.0_musl-1.1.24.Linux-x86_64/toolchain-mipsel_24kc_gcc-5.4.0_musl-1.1.24/bin/mipsel-openwrt-linux-musl-ar cru libconftest.a conftest.o >&5
/opt/lede-toolchain-ramips-mt7621_gcc-5.4.0_musl-1.1.24.Linux-x86_64/toolchain-mipsel_24kc_gcc-5.4.0_musl-1.1.24/bin/mipsel-openwrt-linux-musl-ar: `u' modifier ignored since `D' is the default (see `U')
configure:6414: $? = 0
configure:6442: result: ar
configure:6491: checking build system type
configure:6505: result: x86_64-pc-linux-gnu
configure:6525: checking host system type
configure:6538: result: mipsel-unknown-linux-gnu
configure:6579: checking how to print strings
configure:6606: result: printf
configure:6627: checking for a sed that does not truncate output
configure:6691: result: /bin/sed
configure:6709: checking for fgrep
configure:6771: result: /bin/grep -F
configure:6806: checking for ld used by /opt/lede-toolchain-ramips-mt7621_gcc-5.4.0_musl-1.1.24.Linux-x86_64/toolchain-mipsel_24kc_gcc-5.4.0_musl-1.1.24/bin/mipsel-openwrt-linux-musl-gcc
configure:6873: result: /opt/lede-toolchain-ramips-mt7621_gcc-5.4.0_musl-1.1.24.Linux-x86_64/toolchain-mipsel_24kc_gcc-5.4.0_musl-1.1.24/bin/mipsel-openwrt-linux-musl-ld
configure:6880: checking if the linker (/opt/lede-toolchain-ramips-mt7621_gcc-5.4.0_musl-1.1.24.Linux-x86_64/toolchain-mipsel_24kc_gcc-5.4.0_musl-1.1.24/bin/mipsel-openwrt-linux-musl-ld) is GNU ld
configure:6895: result: yes
configure:6907: checking for BSD- or MS-compatible name lister (nm)
configure:6961: result: /opt/lede-toolchain-ramips-mt7621_gcc-5.4.0_musl-1.1.24.Linux-x86_64/toolchain-mipsel_24kc_gcc-5.4.0_musl-1.1.24/bin/mipsel-openwrt-linux-musl-nm
configure:7091: checking the name lister (/opt/lede-toolchain-ramips-mt7621_gcc-5.4.0_musl-1.1.24.Linux-x86_64/toolchain-mipsel_24kc_gcc-5.4.0_musl-1.1.24/bin/mipsel-openwrt-linux-musl-nm) interface
configure:7098: /opt/lede-toolchain-ramips-mt7621_gcc-5.4.0_musl-1.1.24.Linux-x86_64/toolchain-mipsel_24kc_gcc-5.4.0_musl-1.1.24/bin/mipsel-openwrt-linux-musl-gcc -c -Wall -Os -I/repo/Fail_GPL/asuswrt/release/src-ra-openwrt-4210/router/shared -I/repo/Fail_GPL/asuswrt/release/src-ra-openwrt-4210/include -DASUSWRT -DUSE_IPV6 -DASUSWRT_LE  		-I/repo/Fail_GPL/asuswrt/release/src-ra-openwrt-4210/router/mipsel-musl/stage/usr/include  -ffunction-sections -fdata-sections -DLINUX26 -DCONFIG_RALINK -DMUSL_LIBC -DDEBUG_NOISY -DDEBUG_RCTEST -D_GNU_SOURCE -D__UAPI_DEF_ETHHDR -DRALINK_DBDC_MODE -pipe -funit-at-a-time -Wno-pointer-sign -mtune=mips32 -mips32 -DLINUX_KERNEL_VERSION=263366 --sysroot=/opt/lede-toolchain-ramips-mt7621_gcc-5.4.0_musl-1.1.24.Linux-x86_64/toolchain-mipsel_24kc_gcc-5.4.0_musl-1.1.24   conftest.c >&5
configure:7101: /opt/lede-toolchain-ramips-mt7621_gcc-5.4.0_musl-1.1.24.Linux-x86_64/toolchain-mipsel_24kc_gcc-5.4.0_musl-1.1.24/bin/mipsel-openwrt-linux-musl-nm "conftest.o"
configure:7104: output
00000000 B some_variable
configure:7111: result: BSD nm
configure:7114: checking whether ln -s works
configure:7118: result: yes
configure:7126: checking the maximum length of command line arguments
configure:7257: result: 1572864
configure:7305: checking how to convert x86_64-pc-linux-gnu file names to mipsel-unknown-linux-gnu format
configure:7345: result: func_convert_file_noop
configure:7352: checking how to convert x86_64-pc-linux-gnu file names to toolchain format
configure:7372: result: func_convert_file_noop
configure:7379: checking for /opt/lede-toolchain-ramips-mt7621_gcc-5.4.0_musl-1.1.24.Linux-x86_64/toolchain-mipsel_24kc_gcc-5.4.0_musl-1.1.24/bin/mipsel-openwrt-linux-musl-ld option to reload object files
configure:7386: result: -r
configure:7420: checking for mipsel-linux-objdump
configure:7447: result: /opt/lede-toolchain-ramips-mt7621_gcc-5.4.0_musl-1.1.24.Linux-x86_64/toolchain-mipsel_24kc_gcc-5.4.0_musl-1.1.24/bin/mipsel-openwrt-linux-musl-objdump
configure:7519: checking how to recognize dependent libraries
configure:7719: result: pass_all
configure:7764: checking for mipsel-linux-dlltool
configure:7794: result: no
configure:7804: checking for dlltool
configure:7834: result: no
configure:7864: checking how to associate runtime and link libraries
configure:7891: result: printf %s\n
configure:7907: checking for mipsel-linux-ar
configure:7934: result: /opt/lede-toolchain-ramips-mt7621_gcc-5.4.0_musl-1.1.24.Linux-x86_64/toolchain-mipsel_24kc_gcc-5.4.0_musl-1.1.24/bin/mipsel-openwrt-linux-musl-ar
configure:8015: checking for archiver @FILE support
configure:8032: /opt/lede-toolchain-ramips-mt7621_gcc-5.4.0_musl-1.1.24.Linux-x86_64/toolchain-mipsel_24kc_gcc-5.4.0_musl-1.1.24/bin/mipsel-openwrt-linux-musl-gcc -c -Wall -Os -I/repo/Fail_GPL/asuswrt/release/src-ra-openwrt-4210/router/shared -I/repo/Fail_GPL/asuswrt/release/src-ra-openwrt-4210/include -DASUSWRT -DUSE_IPV6 -DASUSWRT_LE  		-I/repo/Fail_GPL/asuswrt/release/src-ra-openwrt-4210/router/mipsel-musl/stage/usr/include  -ffunction-sections -fdata-sections -DLINUX26 -DCONFIG_RALINK -DMUSL_LIBC -DDEBUG_NOISY -DDEBUG_RCTEST -D_GNU_SOURCE -D__UAPI_DEF_ETHHDR -DRALINK_DBDC_MODE -pipe -funit-at-a-time -Wno-pointer-sign -mtune=mips32 -mips32 -DLINUX_KERNEL_VERSION=263366 --sysroot=/opt/lede-toolchain-ramips-mt7621_gcc-5.4.0_musl-1.1.24.Linux-x86_64/toolchain-mipsel_24kc_gcc-5.4.0_musl-1.1.24   conftest.c >&5
configure:8032: $? = 0
configure:8035: /opt/lede-toolchain-ramips-mt7621_gcc-5.4.0_musl-1.1.24.Linux-x86_64/toolchain-mipsel_24kc_gcc-5.4.0_musl-1.1.24/bin/mipsel-openwrt-linux-musl-ar cru libconftest.a @conftest.lst >&5
/opt/lede-toolchain-ramips-mt7621_gcc-5.4.0_musl-1.1.24.Linux-x86_64/toolchain-mipsel_24kc_gcc-5.4.0_musl-1.1.24/bin/mipsel-openwrt-linux-musl-ar: `u' modifier ignored since `D' is the default (see `U')
configure:8038: $? = 0
configure:8043: /opt/lede-toolchain-ramips-mt7621_gcc-5.4.0_musl-1.1.24.Linux-x86_64/toolchain-mipsel_24kc_gcc-5.4.0_musl-1.1.24/bin/mipsel-openwrt-linux-musl-ar cru libconftest.a @conftest.lst >&5
/opt/lede-toolchain-ramips-mt7621_gcc-5.4.0_musl-1.1.24.Linux-x86_64/toolchain-mipsel_24kc_gcc-5.4.0_musl-1.1.24/bin/mipsel-openwrt-linux-musl-ar: `u' modifier ignored since `D' is the default (see `U')
/opt/lede-toolchain-ramips-mt7621_gcc-5.4.0_musl-1.1.24.Linux-x86_64/toolchain-mipsel_24kc_gcc-5.4.0_musl-1.1.24/bin/mipsel-openwrt-linux-musl-ar: conftest.o: No such file or directory
configure:8046: $? = 1
configure:8058: result: @
configure:8076: checking for mipsel-linux-strip
configure:8103: result: /opt/lede-toolchain-ramips-mt7621_gcc-5.4.0_musl-1.1.24.Linux-x86_64/toolchain-mipsel_24kc_gcc-5.4.0_musl-1.1.24/bin/mipsel-openwrt-linux-musl-strip -R .note -R .comment
configure:8175: checking for mipsel-linux-ranlib
configure:8202: result: /opt/lede-toolchain-ramips-mt7621_gcc-5.4.0_musl-1.1.24.Linux-x86_64/toolchain-mipsel_24kc_gcc-5.4.0_musl-1.1.24/bin/mipsel-openwrt-linux-musl-ranlib
configure:8344: checking command to parse /opt/lede-toolchain-ramips-mt7621_gcc-5.4.0_musl-1.1.24.Linux-x86_64/toolchain-mipsel_24kc_gcc-5.4.0_musl-1.1.24/bin/mipsel-openwrt-linux-musl-nm output from /opt/lede-toolchain-ramips-mt7621_gcc-5.4.0_musl-1.1.24.Linux-x86_64/toolchain-mipsel_24kc_gcc-5.4.0_musl-1.1.24/bin/mipsel-openwrt-linux-musl-gcc object
configure:8497: /opt/lede-toolchain-ramips-mt7621_gcc-5.4.0_musl-1.1.24.Linux-x86_64/toolchain-mipsel_24kc_gcc-5.4.0_musl-1.1.24/bin/mipsel-openwrt-linux-musl-gcc -c -Wall -Os -I/repo/Fail_GPL/asuswrt/release/src-ra-openwrt-4210/router/shared -I/repo/Fail_GPL/asuswrt/release/src-ra-openwrt-4210/include -DASUSWRT -DUSE_IPV6 -DASUSWRT_LE  		-I/repo/Fail_GPL/asuswrt/release/src-ra-openwrt-4210/router/mipsel-musl/stage/usr/include  -ffunction-sections -fdata-sections -DLINUX26 -DCONFIG_RALINK -DMUSL_LIBC -DDEBUG_NOISY -DDEBUG_RCTEST -D_GNU_SOURCE -D__UAPI_DEF_ETHHDR -DRALINK_DBDC_MODE -pipe -funit-at-a-time -Wno-pointer-sign -mtune=mips32 -mips32 -DLINUX_KERNEL_VERSION=263366 --sysroot=/opt/lede-toolchain-ramips-mt7621_gcc-5.4.0_musl-1.1.24.Linux-x86_64/toolchain-mipsel_24kc_gcc-5.4.0_musl-1.1.24   conftest.c >&5
configure:8500: $? = 0
configure:8504: /opt/lede-toolchain-ramips-mt7621_gcc-5.4.0_musl-1.1.24.Linux-x86_64/toolchain-mipsel_24kc_gcc-5.4.0_musl-1.1.24/bin/mipsel-openwrt-linux-musl-nm conftest.o \| sed -n -e 's/^.*[ ]\([ABCDGIRSTW][ABCDGIRSTW]*\)[ ][ ]*\([_A-Za-z][_A-Za-z0-9]*\)$/\1 \2 \2/p' | sed '/ __gnu_lto/d' \> conftest.nm
configure:8507: $? = 0
configure:8573: /opt/lede-toolchain-ramips-mt7621_gcc-5.4.0_musl-1.1.24.Linux-x86_64/toolchain-mipsel_24kc_gcc-5.4.0_musl-1.1.24/bin/mipsel-openwrt-linux-musl-gcc -o conftest -Wall -Os -I/repo/Fail_GPL/asuswrt/release/src-ra-openwrt-4210/router/shared -I/repo/Fail_GPL/asuswrt/release/src-ra-openwrt-4210/include -DASUSWRT -DUSE_IPV6 -DASUSWRT_LE  		-I/repo/Fail_GPL/asuswrt/release/src-ra-openwrt-4210/router/mipsel-musl/stage/usr/include  -ffunction-sections -fdata-sections -DLINUX26 -DCONFIG_RALINK -DMUSL_LIBC -DDEBUG_NOISY -DDEBUG_RCTEST -D_GNU_SOURCE -D__UAPI_DEF_ETHHDR -DRALINK_DBDC_MODE -pipe -funit-at-a-time -Wno-pointer-sign -mtune=mips32 -mips32 -DLINUX_KERNEL_VERSION=263366 --sysroot=/opt/lede-toolchain-ramips-mt7621_gcc-5.4.0_musl-1.1.24.Linux-x86_64/toolchain-mipsel_24kc_gcc-5.4.0_musl-1.1.24   -L/repo/Fail_GPL/asuswrt/release/src-ra-openwrt-4210/router/nvram -L/repo/Fail_GPL/asuswrt/release/src-ra-openwrt-4210/router/shared   		 -L/repo/Fail_GPL/asuswrt/release/src-ra-openwrt-4210/router/mipsel-musl/stage/usr/lib -Wl,--gc-sections  --sysroot=/opt/lede-toolchain-ramips-mt7621_gcc-5.4.0_musl-1.1.24.Linux-x86_64/toolchain-mipsel_24kc_gcc-5.4.0_musl-1.1.24 conftest.c conftstm.o >&5
configure:8576: $? = 0
configure:8614: result: ok
configure:8661: checking for sysroot
configure:8691: result: no
configure:8698: checking for a working dd
configure:8736: result: /bin/dd
configure:8740: checking how to truncate binary pipes
configure:8755: result: /bin/dd bs=4096 count=1
configure:9044: checking for mipsel-linux-mt
configure:9074: result: no
configure:9084: checking for mt
configure:9114: result: no
configure:9134: checking if : is a manifest tool
configure:9140: : '-?'
configure:9148: result: no
configure:9822: checking for dlfcn.h
configure:9822: /opt/lede-toolchain-ramips-mt7621_gcc-5.4.0_musl-1.1.24.Linux-x86_64/toolchain-mipsel_24kc_gcc-5.4.0_musl-1.1.24/bin/mipsel-openwrt-linux-musl-gcc -c -Wall -Os -I/repo/Fail_GPL/asuswrt/release/src-ra-openwrt-4210/router/shared -I/repo/Fail_GPL/asuswrt/release/src-ra-openwrt-4210/include -DASUSWRT -DUSE_IPV6 -DASUSWRT_LE  		-I/repo/Fail_GPL/asuswrt/release/src-ra-openwrt-4210/router/mipsel-musl/stage/usr/include  -ffunction-sections -fdata-sections -DLINUX26 -DCONFIG_RALINK -DMUSL_LIBC -DDEBUG_NOISY -DDEBUG_RCTEST -D_GNU_SOURCE -D__UAPI_DEF_ETHHDR -DRALINK_DBDC_MODE -pipe -funit-at-a-time -Wno-pointer-sign -mtune=mips32 -mips32 -DLINUX_KERNEL_VERSION=263366 --sysroot=/opt/lede-toolchain-ramips-mt7621_gcc-5.4.0_musl-1.1.24.Linux-x86_64/toolchain-mipsel_24kc_gcc-5.4.0_musl-1.1.24   conftest.c >&5
configure:9822: $? = 0
configure:9822: result: yes
configure:10076: checking for objdir
configure:10091: result: .libs
configure:10355: checking if /opt/lede-toolchain-ramips-mt7621_gcc-5.4.0_musl-1.1.24.Linux-x86_64/toolchain-mipsel_24kc_gcc-5.4.0_musl-1.1.24/bin/mipsel-openwrt-linux-musl-gcc supports -fno-rtti -fno-exceptions
configure:10373: /opt/lede-toolchain-ramips-mt7621_gcc-5.4.0_musl-1.1.24.Linux-x86_64/toolchain-mipsel_24kc_gcc-5.4.0_musl-1.1.24/bin/mipsel-openwrt-linux-musl-gcc -c -Wall -Os -I/repo/Fail_GPL/asuswrt/release/src-ra-openwrt-4210/router/shared -I/repo/Fail_GPL/asuswrt/release/src-ra-openwrt-4210/include -DASUSWRT -DUSE_IPV6 -DASUSWRT_LE  		-I/repo/Fail_GPL/asuswrt/release/src-ra-openwrt-4210/router/mipsel-musl/stage/usr/include  -ffunction-sections -fdata-sections -DLINUX26 -DCONFIG_RALINK -DMUSL_LIBC -DDEBUG_NOISY -DDEBUG_RCTEST -D_GNU_SOURCE -D__UAPI_DEF_ETHHDR -DRALINK_DBDC_MODE -pipe -funit-at-a-time -Wno-pointer-sign -mtune=mips32 -mips32 -DLINUX_KERNEL_VERSION=263366 --sysroot=/opt/lede-toolchain-ramips-mt7621_gcc-5.4.0_musl-1.1.24.Linux-x86_64/toolchain-mipsel_24kc_gcc-5.4.0_musl-1.1.24   -fno-rtti -fno-exceptions conftest.c >&5
cc1: warning: command line option '-fno-rtti' is valid for C++/ObjC++ but not for C
configure:10377: $? = 0
configure:10390: result: no
configure:10748: checking for /opt/lede-toolchain-ramips-mt7621_gcc-5.4.0_musl-1.1.24.Linux-x86_64/toolchain-mipsel_24kc_gcc-5.4.0_musl-1.1.24/bin/mipsel-openwrt-linux-musl-gcc option to produce PIC
configure:10755: result: -fPIC -DPIC
configure:10763: checking if /opt/lede-toolchain-ramips-mt7621_gcc-5.4.0_musl-1.1.24.Linux-x86_64/toolchain-mipsel_24kc_gcc-5.4.0_musl-1.1.24/bin/mipsel-openwrt-linux-musl-gcc PIC flag -fPIC -DPIC works
configure:10781: /opt/lede-toolchain-ramips-mt7621_gcc-5.4.0_musl-1.1.24.Linux-x86_64/toolchain-mipsel_24kc_gcc-5.4.0_musl-1.1.24/bin/mipsel-openwrt-linux-musl-gcc -c -Wall -Os -I/repo/Fail_GPL/asuswrt/release/src-ra-openwrt-4210/router/shared -I/repo/Fail_GPL/asuswrt/release/src-ra-openwrt-4210/include -DASUSWRT -DUSE_IPV6 -DASUSWRT_LE  		-I/repo/Fail_GPL/asuswrt/release/src-ra-openwrt-4210/router/mipsel-musl/stage/usr/include  -ffunction-sections -fdata-sections -DLINUX26 -DCONFIG_RALINK -DMUSL_LIBC -DDEBUG_NOISY -DDEBUG_RCTEST -D_GNU_SOURCE -D__UAPI_DEF_ETHHDR -DRALINK_DBDC_MODE -pipe -funit-at-a-time -Wno-pointer-sign -mtune=mips32 -mips32 -DLINUX_KERNEL_VERSION=263366 --sysroot=/opt/lede-toolchain-ramips-mt7621_gcc-5.4.0_musl-1.1.24.Linux-x86_64/toolchain-mipsel_24kc_gcc-5.4.0_musl-1.1.24   -fPIC -DPIC -DPIC conftest.c >&5
configure:10785: $? = 0
configure:10798: result: yes
configure:10827: checking if /opt/lede-toolchain-ramips-mt7621_gcc-5.4.0_musl-1.1.24.Linux-x86_64/toolchain-mipsel_24kc_gcc-5.4.0_musl-1.1.24/bin/mipsel-openwrt-linux-musl-gcc static flag -static works
configure:10855: result: yes
configure:10870: checking if /opt/lede-toolchain-ramips-mt7621_gcc-5.4.0_musl-1.1.24.Linux-x86_64/toolchain-mipsel_24kc_gcc-5.4.0_musl-1.1.24/bin/mipsel-openwrt-linux-musl-gcc supports -c -o file.o
configure:10891: /opt/lede-toolchain-ramips-mt7621_gcc-5.4.0_musl-1.1.24.Linux-x86_64/toolchain-mipsel_24kc_gcc-5.4.0_musl-1.1.24/bin/mipsel-openwrt-linux-musl-gcc -c -Wall -Os -I/repo/Fail_GPL/asuswrt/release/src-ra-openwrt-4210/router/shared -I/repo/Fail_GPL/asuswrt/release/src-ra-openwrt-4210/include -DASUSWRT -DUSE_IPV6 -DASUSWRT_LE  		-I/repo/Fail_GPL/asuswrt/release/src-ra-openwrt-4210/router/mipsel-musl/stage/usr/include  -ffunction-sections -fdata-sections -DLINUX26 -DCONFIG_RALINK -DMUSL_LIBC -DDEBUG_NOISY -DDEBUG_RCTEST -D_GNU_SOURCE -D__UAPI_DEF_ETHHDR -DRALINK_DBDC_MODE -pipe -funit-at-a-time -Wno-pointer-sign -mtune=mips32 -mips32 -DLINUX_KERNEL_VERSION=263366 --sysroot=/opt/lede-toolchain-ramips-mt7621_gcc-5.4.0_musl-1.1.24.Linux-x86_64/toolchain-mipsel_24kc_gcc-5.4.0_musl-1.1.24   -o out/conftest2.o conftest.c >&5
configure:10895: $? = 0
configure:10917: result: yes
configure:10925: checking if /opt/lede-toolchain-ramips-mt7621_gcc-5.4.0_musl-1.1.24.Linux-x86_64/toolchain-mipsel_24kc_gcc-5.4.0_musl-1.1.24/bin/mipsel-openwrt-linux-musl-gcc supports -c -o file.o
configure:10972: result: yes
configure:11005: checking whether the /opt/lede-toolchain-ramips-mt7621_gcc-5.4.0_musl-1.1.24.Linux-x86_64/toolchain-mipsel_24kc_gcc-5.4.0_musl-1.1.24/bin/mipsel-openwrt-linux-musl-gcc linker (/opt/lede-toolchain-ramips-mt7621_gcc-5.4.0_musl-1.1.24.Linux-x86_64/toolchain-mipsel_24kc_gcc-5.4.0_musl-1.1.24/bin/mipsel-openwrt-linux-musl-ld) supports shared libraries
configure:12268: result: yes
configure:12508: checking dynamic linker characteristics
configure:13089: /opt/lede-toolchain-ramips-mt7621_gcc-5.4.0_musl-1.1.24.Linux-x86_64/toolchain-mipsel_24kc_gcc-5.4.0_musl-1.1.24/bin/mipsel-openwrt-linux-musl-gcc -o conftest -Wall -Os -I/repo/Fail_GPL/asuswrt/release/src-ra-openwrt-4210/router/shared -I/repo/Fail_GPL/asuswrt/release/src-ra-openwrt-4210/include -DASUSWRT -DUSE_IPV6 -DASUSWRT_LE  		-I/repo/Fail_GPL/asuswrt/release/src-ra-openwrt-4210/router/mipsel-musl/stage/usr/include  -ffunction-sections -fdata-sections -DLINUX26 -DCONFIG_RALINK -DMUSL_LIBC -DDEBUG_NOISY -DDEBUG_RCTEST -D_GNU_SOURCE -D__UAPI_DEF_ETHHDR -DRALINK_DBDC_MODE -pipe -funit-at-a-time -Wno-pointer-sign -mtune=mips32 -mips32 -DLINUX_KERNEL_VERSION=263366 --sysroot=/opt/lede-toolchain-ramips-mt7621_gcc-5.4.0_musl-1.1.24.Linux-x86_64/toolchain-mipsel_24kc_gcc-5.4.0_musl-1.1.24   -L/repo/Fail_GPL/asuswrt/release/src-ra-openwrt-4210/router/nvram -L/repo/Fail_GPL/asuswrt/release/src-ra-openwrt-4210/router/shared   		 -L/repo/Fail_GPL/asuswrt/release/src-ra-openwrt-4210/router/mipsel-musl/stage/usr/lib -Wl,--gc-sections  --sysroot=/opt/lede-toolchain-ramips-mt7621_gcc-5.4.0_musl-1.1.24.Linux-x86_64/toolchain-mipsel_24kc_gcc-5.4.0_musl-1.1.24 -Wl,-rpath -Wl,/foo conftest.c -lnvram -lshared   -ldl >&5
configure:13089: $? = 0
configure:13338: result: GNU/Linux ld.so
configure:13460: checking how to hardcode library paths into programs
configure:13485: result: immediate
configure:14033: checking whether stripping libraries is possible
configure:14038: result: yes
configure:14073: checking if libtool supports shared libraries
configure:14075: result: yes
configure:14078: checking whether to build shared libraries
configure:14103: result: no
configure:14106: checking whether to build static libraries
configure:14110: result: yes
configure:14160: checking for mipsel-linux-pkg-config
configure:14193: result: no
configure:14203: checking for pkg-config
configure:14221: found /usr/bin/pkg-config
configure:14233: result: /usr/bin/pkg-config
configure:14245: WARNING: using cross tools not prefixed with host triplet
configure:14258: checking pkg-config is at least version 0.9.0
configure:14261: result: yes
configure:14271: checking for confuse
configure:14356: result: yes
configure:14363: checking for cfg_init in -lconfuse
configure:14388: /opt/lede-toolchain-ramips-mt7621_gcc-5.4.0_musl-1.1.24.Linux-x86_64/toolchain-mipsel_24kc_gcc-5.4.0_musl-1.1.24/bin/mipsel-openwrt-linux-musl-gcc -o conftest -Wall -Os -I/repo/Fail_GPL/asuswrt/release/src-ra-openwrt-4210/router/shared -I/repo/Fail_GPL/asuswrt/release/src-ra-openwrt-4210/include -DASUSWRT -DUSE_IPV6 -DASUSWRT_LE  		-I/repo/Fail_GPL/asuswrt/release/src-ra-openwrt-4210/router/mipsel-musl/stage/usr/include  -ffunction-sections -fdata-sections -DLINUX26 -DCONFIG_RALINK -DMUSL_LIBC -DDEBUG_NOISY -DDEBUG_RCTEST -D_GNU_SOURCE -D__UAPI_DEF_ETHHDR -DRALINK_DBDC_MODE -pipe -funit-at-a-time -Wno-pointer-sign -mtune=mips32 -mips32 -DLINUX_KERNEL_VERSION=263366 --sysroot=/opt/lede-toolchain-ramips-mt7621_gcc-5.4.0_musl-1.1.24.Linux-x86_64/toolchain-mipsel_24kc_gcc-5.4.0_musl-1.1.24   -I/repo/Fail_GPL/asuswrt/release/src-ra-openwrt-4210/router/mipsel-musl/stage/usr/include -L/repo/Fail_GPL/asuswrt/release/src-ra-openwrt-4210/router/nvram -L/repo/Fail_GPL/asuswrt/release/src-ra-openwrt-4210/router/shared   		 -L/repo/Fail_GPL/asuswrt/release/src-ra-openwrt-4210/router/mipsel-musl/stage/usr/lib -Wl,--gc-sections  --sysroot=/opt/lede-toolchain-ramips-mt7621_gcc-5.4.0_musl-1.1.24.Linux-x86_64/toolchain-mipsel_24kc_gcc-5.4.0_musl-1.1.24 -L/repo/Fail_GPL/asuswrt/release/src-ra-openwrt-4210/router/mipsel-musl/stage/usr/lib -lconfuse conftest.c -lconfuse  -lnvram -lshared   -ldl >&5
configure:14388: $? = 0
configure:14397: result: yes
configure:14412: checking confuse.h usability
configure:14412: /opt/lede-toolchain-ramips-mt7621_gcc-5.4.0_musl-1.1.24.Linux-x86_64/toolchain-mipsel_24kc_gcc-5.4.0_musl-1.1.24/bin/mipsel-openwrt-linux-musl-gcc -c -Wall -Os -I/repo/Fail_GPL/asuswrt/release/src-ra-openwrt-4210/router/shared -I/repo/Fail_GPL/asuswrt/release/src-ra-openwrt-4210/include -DASUSWRT -DUSE_IPV6 -DASUSWRT_LE  		-I/repo/Fail_GPL/asuswrt/release/src-ra-openwrt-4210/router/mipsel-musl/stage/usr/include  -ffunction-sections -fdata-sections -DLINUX26 -DCONFIG_RALINK -DMUSL_LIBC -DDEBUG_NOISY -DDEBUG_RCTEST -D_GNU_SOURCE -D__UAPI_DEF_ETHHDR -DRALINK_DBDC_MODE -pipe -funit-at-a-time -Wno-pointer-sign -mtune=mips32 -mips32 -DLINUX_KERNEL_VERSION=263366 --sysroot=/opt/lede-toolchain-ramips-mt7621_gcc-5.4.0_musl-1.1.24.Linux-x86_64/toolchain-mipsel_24kc_gcc-5.4.0_musl-1.1.24   -I/repo/Fail_GPL/asuswrt/release/src-ra-openwrt-4210/router/mipsel-musl/stage/usr/include conftest.c >&5
configure:14412: $? = 0
configure:14412: result: yes
configure:14412: checking confuse.h presence
configure:14412: /opt/lede-toolchain-ramips-mt7621_gcc-5.4.0_musl-1.1.24.Linux-x86_64/toolchain-mipsel_24kc_gcc-5.4.0_musl-1.1.24/bin/mipsel-openwrt-linux-musl-gcc -E  -I/repo/Fail_GPL/asuswrt/release/src-ra-openwrt-4210/router/mipsel-musl/stage/usr/include conftest.c
configure:14412: $? = 0
configure:14412: result: yes
configure:14412: checking for confuse.h
configure:14412: result: yes
configure:14431: checking for OpenSSL
configure:14516: result: yes
configure:14522: checking for EVP_EncryptInit in -lcrypto
configure:14547: /opt/lede-toolchain-ramips-mt7621_gcc-5.4.0_musl-1.1.24.Linux-x86_64/toolchain-mipsel_24kc_gcc-5.4.0_musl-1.1.24/bin/mipsel-openwrt-linux-musl-gcc -o conftest -Wall -Os -I/repo/Fail_GPL/asuswrt/release/src-ra-openwrt-4210/router/shared -I/repo/Fail_GPL/asuswrt/release/src-ra-openwrt-4210/include -DASUSWRT -DUSE_IPV6 -DASUSWRT_LE  		-I/repo/Fail_GPL/asuswrt/release/src-ra-openwrt-4210/router/mipsel-musl/stage/usr/include  -ffunction-sections -fdata-sections -DLINUX26 -DCONFIG_RALINK -DMUSL_LIBC -DDEBUG_NOISY -DDEBUG_RCTEST -D_GNU_SOURCE -D__UAPI_DEF_ETHHDR -DRALINK_DBDC_MODE -pipe -funit-at-a-time -Wno-pointer-sign -mtune=mips32 -mips32 -DLINUX_KERNEL_VERSION=263366 --sysroot=/opt/lede-toolchain-ramips-mt7621_gcc-5.4.0_musl-1.1.24.Linux-x86_64/toolchain-mipsel_24kc_gcc-5.4.0_musl-1.1.24   -I/repo/Fail_GPL/asuswrt/release/src-ra-openwrt-4210/router/mipsel-musl/stage/usr/include -I/repo/Fail_GPL/asuswrt/release/src-ra-openwrt-4210/router/mipsel-musl/stage/usr/include -L/repo/Fail_GPL/asuswrt/release/src-ra-openwrt-4210/router/nvram -L/repo/Fail_GPL/asuswrt/release/src-ra-openwrt-4210/router/shared   		 -L/repo/Fail_GPL/asuswrt/release/src-ra-openwrt-4210/router/mipsel-musl/stage/usr/lib -Wl,--gc-sections  --sysroot=/opt/lede-toolchain-ramips-mt7621_gcc-5.4.0_musl-1.1.24.Linux-x86_64/toolchain-mipsel_24kc_gcc-5.4.0_musl-1.1.24 -L/repo/Fail_GPL/asuswrt/release/src-ra-openwrt-4210/router/mipsel-musl/stage/usr/lib -lconfuse -L/repo/Fail_GPL/asuswrt/release/src-ra-openwrt-4210/router/mipsel-musl/stage/usr/lib -lcrypto -lssl -lpthread conftest.c -lcrypto  -lconfuse -lnvram -lshared   -ldl >&5
configure:14547: $? = 0
configure:14556: result: yes
configure:14569: checking for SSL_library_init in -lssl
configure:14594: /opt/lede-toolchain-ramips-mt7621_gcc-5.4.0_musl-1.1.24.Linux-x86_64/toolchain-mipsel_24kc_gcc-5.4.0_musl-1.1.24/bin/mipsel-openwrt-linux-musl-gcc -o conftest -Wall -Os -I/repo/Fail_GPL/asuswrt/release/src-ra-openwrt-4210/router/shared -I/repo/Fail_GPL/asuswrt/release/src-ra-openwrt-4210/include -DASUSWRT -DUSE_IPV6 -DASUSWRT_LE  		-I/repo/Fail_GPL/asuswrt/release/src-ra-openwrt-4210/router/mipsel-musl/stage/usr/include  -ffunction-sections -fdata-sections -DLINUX26 -DCONFIG_RALINK -DMUSL_LIBC -DDEBUG_NOISY -DDEBUG_RCTEST -D_GNU_SOURCE -D__UAPI_DEF_ETHHDR -DRALINK_DBDC_MODE -pipe -funit-at-a-time -Wno-pointer-sign -mtune=mips32 -mips32 -DLINUX_KERNEL_VERSION=263366 --sysroot=/opt/lede-toolchain-ramips-mt7621_gcc-5.4.0_musl-1.1.24.Linux-x86_64/toolchain-mipsel_24kc_gcc-5.4.0_musl-1.1.24   -I/repo/Fail_GPL/asuswrt/release/src-ra-openwrt-4210/router/mipsel-musl/stage/usr/include -I/repo/Fail_GPL/asuswrt/release/src-ra-openwrt-4210/router/mipsel-musl/stage/usr/include -L/repo/Fail_GPL/asuswrt/release/src-ra-openwrt-4210/router/nvram -L/repo/Fail_GPL/asuswrt/release/src-ra-openwrt-4210/router/shared   		 -L/repo/Fail_GPL/asuswrt/release/src-ra-openwrt-4210/router/mipsel-musl/stage/usr/lib -Wl,--gc-sections  --sysroot=/opt/lede-toolchain-ramips-mt7621_gcc-5.4.0_musl-1.1.24.Linux-x86_64/toolchain-mipsel_24kc_gcc-5.4.0_musl-1.1.24 -L/repo/Fail_GPL/asuswrt/release/src-ra-openwrt-4210/router/mipsel-musl/stage/usr/lib -lconfuse -L/repo/Fail_GPL/asuswrt/release/src-ra-openwrt-4210/router/mipsel-musl/stage/usr/lib -lcrypto -lssl -lpthread conftest.c -lssl  -lcrypto -lconfuse -lnvram -lshared   -ldl >&5
/tmp/cchAfMpU.o: In function `main':
conftest.c:(.text.startup.main+0x8): undefined reference to `SSL_library_init'
collect2: error: ld returned 1 exit status
configure:14594: $? = 1
configure: failed program was:
| /* confdefs.h */
| #define PACKAGE_NAME "In-a-dyn"
| #define PACKAGE_TARNAME "inadyn"
| #define PACKAGE_VERSION "2.8.1"
| #define PACKAGE_STRING "In-a-dyn 2.8.1"
| #define PACKAGE_BUGREPORT "https://github.com/troglobit/inadyn/issues"
| #define PACKAGE_URL "https://troglobit.com/projects/inadyn/"
| #define PACKAGE "inadyn"
| #define VERSION "2.8.1"
| #define STDC_HEADERS 1
| #define HAVE_SYS_TYPES_H 1
| #define HAVE_SYS_STAT_H 1
| #define HAVE_STDLIB_H 1
| #define HAVE_STRING_H 1
| #define HAVE_MEMORY_H 1
| #define HAVE_STRINGS_H 1
| #define HAVE_INTTYPES_H 1
| #define HAVE_STDINT_H 1
| #define HAVE_UNISTD_H 1
| #define __EXTENSIONS__ 1
| #define _ALL_SOURCE 1
| #define _GNU_SOURCE 1
| #define _POSIX_PTHREAD_SEMANTICS 1
| #define _TANDEM_SOURCE 1
| #define STDC_HEADERS 1
| #define HAVE_ARPA_INET_H 1
| #define HAVE_ARPA_NAMESER_H 1
| #define HAVE_NETINET_IN_H 1
| #define HAVE_STDLIB_H 1
| #define HAVE_STDINT_H 1
| #define HAVE_STRING_H 1
| #define HAVE_SYS_IOCTL_H 1
| #define HAVE_SYS_SOCKET_H 1
| #define HAVE_SYS_TYPES_H 1
| #define HAVE_SYSLOG_H 1
| #define HAVE_UNISTD_H 1
| #define HAVE_FORK 1
| #define HAVE_VFORK 1
| #define HAVE_WORKING_VFORK 1
| #define HAVE_WORKING_FORK 1
| #define HAVE_SYS_SELECT_H 1
| #define HAVE_SYS_SOCKET_H 1
| #define SELECT_TYPE_ARG1 int
| #define SELECT_TYPE_ARG234 (fd_set *)
| #define SELECT_TYPE_ARG5 (struct timeval *)
| #define HAVE_ATEXIT 1
| #define HAVE_MEMSET 1
| #define HAVE_POLL 1
| #define HAVE_SOCKET 1
| #define HAVE_STRERROR 1
| #define HAVE_STRLCPY 1
| #define HAVE_STRLCAT 1
| #define HAVE_UTIMENSAT 1
| #define HAVE_DLFCN_H 1
| #define LT_OBJDIR ".libs/"
| #define HAVE_LIBCONFUSE 1
| #define HAVE_CONFUSE_H 1
| #define HAVE_LIBCRYPTO 1
| /* end confdefs.h.  */
| 
| /* Override any GCC internal prototype to avoid an error.
|    Use char because int might match the return type of a GCC
|    builtin and then its argument prototype would still apply.  */
| #ifdef __cplusplus
| extern "C"
| #endif
| char SSL_library_init ();
| int
| main ()
| {
| return SSL_library_init ();
|   ;
|   return 0;
| }
configure:14603: result: no
configure:14613: checking for OPENSSL_init_ssl in -lssl
configure:14638: /opt/lede-toolchain-ramips-mt7621_gcc-5.4.0_musl-1.1.24.Linux-x86_64/toolchain-mipsel_24kc_gcc-5.4.0_musl-1.1.24/bin/mipsel-openwrt-linux-musl-gcc -o conftest -Wall -Os -I/repo/Fail_GPL/asuswrt/release/src-ra-openwrt-4210/router/shared -I/repo/Fail_GPL/asuswrt/release/src-ra-openwrt-4210/include -DASUSWRT -DUSE_IPV6 -DASUSWRT_LE  		-I/repo/Fail_GPL/asuswrt/release/src-ra-openwrt-4210/router/mipsel-musl/stage/usr/include  -ffunction-sections -fdata-sections -DLINUX26 -DCONFIG_RALINK -DMUSL_LIBC -DDEBUG_NOISY -DDEBUG_RCTEST -D_GNU_SOURCE -D__UAPI_DEF_ETHHDR -DRALINK_DBDC_MODE -pipe -funit-at-a-time -Wno-pointer-sign -mtune=mips32 -mips32 -DLINUX_KERNEL_VERSION=263366 --sysroot=/opt/lede-toolchain-ramips-mt7621_gcc-5.4.0_musl-1.1.24.Linux-x86_64/toolchain-mipsel_24kc_gcc-5.4.0_musl-1.1.24   -I/repo/Fail_GPL/asuswrt/release/src-ra-openwrt-4210/router/mipsel-musl/stage/usr/include -I/repo/Fail_GPL/asuswrt/release/src-ra-openwrt-4210/router/mipsel-musl/stage/usr/include -L/repo/Fail_GPL/asuswrt/release/src-ra-openwrt-4210/router/nvram -L/repo/Fail_GPL/asuswrt/release/src-ra-openwrt-4210/router/shared   		 -L/repo/Fail_GPL/asuswrt/release/src-ra-openwrt-4210/router/mipsel-musl/stage/usr/lib -Wl,--gc-sections  --sysroot=/opt/lede-toolchain-ramips-mt7621_gcc-5.4.0_musl-1.1.24.Linux-x86_64/toolchain-mipsel_24kc_gcc-5.4.0_musl-1.1.24 -L/repo/Fail_GPL/asuswrt/release/src-ra-openwrt-4210/router/mipsel-musl/stage/usr/lib -lconfuse -L/repo/Fail_GPL/asuswrt/release/src-ra-openwrt-4210/router/mipsel-musl/stage/usr/lib -lcrypto -lssl -lpthread conftest.c -lssl  -lcrypto -lconfuse -lnvram -lshared   -ldl >&5
configure:14638: $? = 0
configure:14647: result: yes
configure:14666: checking for openssl/crypto.h
configure:14666: /opt/lede-toolchain-ramips-mt7621_gcc-5.4.0_musl-1.1.24.Linux-x86_64/toolchain-mipsel_24kc_gcc-5.4.0_musl-1.1.24/bin/mipsel-openwrt-linux-musl-gcc -c -Wall -Os -I/repo/Fail_GPL/asuswrt/release/src-ra-openwrt-4210/router/shared -I/repo/Fail_GPL/asuswrt/release/src-ra-openwrt-4210/include -DASUSWRT -DUSE_IPV6 -DASUSWRT_LE  		-I/repo/Fail_GPL/asuswrt/release/src-ra-openwrt-4210/router/mipsel-musl/stage/usr/include  -ffunction-sections -fdata-sections -DLINUX26 -DCONFIG_RALINK -DMUSL_LIBC -DDEBUG_NOISY -DDEBUG_RCTEST -D_GNU_SOURCE -D__UAPI_DEF_ETHHDR -DRALINK_DBDC_MODE -pipe -funit-at-a-time -Wno-pointer-sign -mtune=mips32 -mips32 -DLINUX_KERNEL_VERSION=263366 --sysroot=/opt/lede-toolchain-ramips-mt7621_gcc-5.4.0_musl-1.1.24.Linux-x86_64/toolchain-mipsel_24kc_gcc-5.4.0_musl-1.1.24   -I/repo/Fail_GPL/asuswrt/release/src-ra-openwrt-4210/router/mipsel-musl/stage/usr/include -I/repo/Fail_GPL/asuswrt/release/src-ra-openwrt-4210/router/mipsel-musl/stage/usr/include conftest.c >&5
configure:14666: $? = 0
configure:14666: result: yes
configure:14666: checking for openssl/x509.h
configure:14666: /opt/lede-toolchain-ramips-mt7621_gcc-5.4.0_musl-1.1.24.Linux-x86_64/toolchain-mipsel_24kc_gcc-5.4.0_musl-1.1.24/bin/mipsel-openwrt-linux-musl-gcc -c -Wall -Os -I/repo/Fail_GPL/asuswrt/release/src-ra-openwrt-4210/router/shared -I/repo/Fail_GPL/asuswrt/release/src-ra-openwrt-4210/include -DASUSWRT -DUSE_IPV6 -DASUSWRT_LE  		-I/repo/Fail_GPL/asuswrt/release/src-ra-openwrt-4210/router/mipsel-musl/stage/usr/include  -ffunction-sections -fdata-sections -DLINUX26 -DCONFIG_RALINK -DMUSL_LIBC -DDEBUG_NOISY -DDEBUG_RCTEST -D_GNU_SOURCE -D__UAPI_DEF_ETHHDR -DRALINK_DBDC_MODE -pipe -funit-at-a-time -Wno-pointer-sign -mtune=mips32 -mips32 -DLINUX_KERNEL_VERSION=263366 --sysroot=/opt/lede-toolchain-ramips-mt7621_gcc-5.4.0_musl-1.1.24.Linux-x86_64/toolchain-mipsel_24kc_gcc-5.4.0_musl-1.1.24   -I/repo/Fail_GPL/asuswrt/release/src-ra-openwrt-4210/router/mipsel-musl/stage/usr/include -I/repo/Fail_GPL/asuswrt/release/src-ra-openwrt-4210/router/mipsel-musl/stage/usr/include conftest.c >&5
configure:14666: $? = 0
configure:14666: result: yes
configure:14666: checking for openssl/pem.h
configure:14666: /opt/lede-toolchain-ramips-mt7621_gcc-5.4.0_musl-1.1.24.Linux-x86_64/toolchain-mipsel_24kc_gcc-5.4.0_musl-1.1.24/bin/mipsel-openwrt-linux-musl-gcc -c -Wall -Os -I/repo/Fail_GPL/asuswrt/release/src-ra-openwrt-4210/router/shared -I/repo/Fail_GPL/asuswrt/release/src-ra-openwrt-4210/include -DASUSWRT -DUSE_IPV6 -DASUSWRT_LE  		-I/repo/Fail_GPL/asuswrt/release/src-ra-openwrt-4210/router/mipsel-musl/stage/usr/include  -ffunction-sections -fdata-sections -DLINUX26 -DCONFIG_RALINK -DMUSL_LIBC -DDEBUG_NOISY -DDEBUG_RCTEST -D_GNU_SOURCE -D__UAPI_DEF_ETHHDR -DRALINK_DBDC_MODE -pipe -funit-at-a-time -Wno-pointer-sign -mtune=mips32 -mips32 -DLINUX_KERNEL_VERSION=263366 --sysroot=/opt/lede-toolchain-ramips-mt7621_gcc-5.4.0_musl-1.1.24.Linux-x86_64/toolchain-mipsel_24kc_gcc-5.4.0_musl-1.1.24   -I/repo/Fail_GPL/asuswrt/release/src-ra-openwrt-4210/router/mipsel-musl/stage/usr/include -I/repo/Fail_GPL/asuswrt/release/src-ra-openwrt-4210/router/mipsel-musl/stage/usr/include conftest.c >&5
configure:14666: $? = 0
configure:14666: result: yes
configure:14666: checking for openssl/ssl.h
configure:14666: /opt/lede-toolchain-ramips-mt7621_gcc-5.4.0_musl-1.1.24.Linux-x86_64/toolchain-mipsel_24kc_gcc-5.4.0_musl-1.1.24/bin/mipsel-openwrt-linux-musl-gcc -c -Wall -Os -I/repo/Fail_GPL/asuswrt/release/src-ra-openwrt-4210/router/shared -I/repo/Fail_GPL/asuswrt/release/src-ra-openwrt-4210/include -DASUSWRT -DUSE_IPV6 -DASUSWRT_LE  		-I/repo/Fail_GPL/asuswrt/release/src-ra-openwrt-4210/router/mipsel-musl/stage/usr/include  -ffunction-sections -fdata-sections -DLINUX26 -DCONFIG_RALINK -DMUSL_LIBC -DDEBUG_NOISY -DDEBUG_RCTEST -D_GNU_SOURCE -D__UAPI_DEF_ETHHDR -DRALINK_DBDC_MODE -pipe -funit-at-a-time -Wno-pointer-sign -mtune=mips32 -mips32 -DLINUX_KERNEL_VERSION=263366 --sysroot=/opt/lede-toolchain-ramips-mt7621_gcc-5.4.0_musl-1.1.24.Linux-x86_64/toolchain-mipsel_24kc_gcc-5.4.0_musl-1.1.24   -I/repo/Fail_GPL/asuswrt/release/src-ra-openwrt-4210/router/mipsel-musl/stage/usr/include -I/repo/Fail_GPL/asuswrt/release/src-ra-openwrt-4210/router/mipsel-musl/stage/usr/include conftest.c >&5
configure:14666: $? = 0
configure:14666: result: yes
configure:14666: checking for openssl/tls1.h
configure:14666: /opt/lede-toolchain-ramips-mt7621_gcc-5.4.0_musl-1.1.24.Linux-x86_64/toolchain-mipsel_24kc_gcc-5.4.0_musl-1.1.24/bin/mipsel-openwrt-linux-musl-gcc -c -Wall -Os -I/repo/Fail_GPL/asuswrt/release/src-ra-openwrt-4210/router/shared -I/repo/Fail_GPL/asuswrt/release/src-ra-openwrt-4210/include -DASUSWRT -DUSE_IPV6 -DASUSWRT_LE  		-I/repo/Fail_GPL/asuswrt/release/src-ra-openwrt-4210/router/mipsel-musl/stage/usr/include  -ffunction-sections -fdata-sections -DLINUX26 -DCONFIG_RALINK -DMUSL_LIBC -DDEBUG_NOISY -DDEBUG_RCTEST -D_GNU_SOURCE -D__UAPI_DEF_ETHHDR -DRALINK_DBDC_MODE -pipe -funit-at-a-time -Wno-pointer-sign -mtune=mips32 -mips32 -DLINUX_KERNEL_VERSION=263366 --sysroot=/opt/lede-toolchain-ramips-mt7621_gcc-5.4.0_musl-1.1.24.Linux-x86_64/toolchain-mipsel_24kc_gcc-5.4.0_musl-1.1.24   -I/repo/Fail_GPL/asuswrt/release/src-ra-openwrt-4210/router/mipsel-musl/stage/usr/include -I/repo/Fail_GPL/asuswrt/release/src-ra-openwrt-4210/router/mipsel-musl/stage/usr/include conftest.c >&5
configure:14666: $? = 0
configure:14666: result: yes
configure:14666: checking for openssl/err.h
configure:14666: /opt/lede-toolchain-ramips-mt7621_gcc-5.4.0_musl-1.1.24.Linux-x86_64/toolchain-mipsel_24kc_gcc-5.4.0_musl-1.1.24/bin/mipsel-openwrt-linux-musl-gcc -c -Wall -Os -I/repo/Fail_GPL/asuswrt/release/src-ra-openwrt-4210/router/shared -I/repo/Fail_GPL/asuswrt/release/src-ra-openwrt-4210/include -DASUSWRT -DUSE_IPV6 -DASUSWRT_LE  		-I/repo/Fail_GPL/asuswrt/release/src-ra-openwrt-4210/router/mipsel-musl/stage/usr/include  -ffunction-sections -fdata-sections -DLINUX26 -DCONFIG_RALINK -DMUSL_LIBC -DDEBUG_NOISY -DDEBUG_RCTEST -D_GNU_SOURCE -D__UAPI_DEF_ETHHDR -DRALINK_DBDC_MODE -pipe -funit-at-a-time -Wno-pointer-sign -mtune=mips32 -mips32 -DLINUX_KERNEL_VERSION=263366 --sysroot=/opt/lede-toolchain-ramips-mt7621_gcc-5.4.0_musl-1.1.24.Linux-x86_64/toolchain-mipsel_24kc_gcc-5.4.0_musl-1.1.24   -I/repo/Fail_GPL/asuswrt/release/src-ra-openwrt-4210/router/mipsel-musl/stage/usr/include -I/repo/Fail_GPL/asuswrt/release/src-ra-openwrt-4210/router/mipsel-musl/stage/usr/include conftest.c >&5
configure:14666: $? = 0
configure:14666: result: yes
configure:15058: checking that generated files are newer than configure
configure:15064: result: done
configure:15103: creating ./config.status

## ---------------------- ##
## Running config.status. ##
## ---------------------- ##

This file was extended by In-a-dyn config.status 2.8.1, which was
generated by GNU Autoconf 2.69.  Invocation command line was

  CONFIG_FILES    = 
  CONFIG_HEADERS  = 
  CONFIG_LINKS    = 
  CONFIG_COMMANDS = 
  $ ./config.status 

on fd69b6f2cff8

config.status:1170: creating Makefile
config.status:1170: creating inadyn.service
config.status:1170: creating src/Makefile
config.status:1170: creating include/Makefile
config.status:1170: creating man/Makefile
config.status:1170: creating examples/Makefile
config.status:1170: creating include/config.h
config.status:1399: executing depfiles commands
config.status:1399: executing libtool commands

## ---------------- ##
## Cache variables. ##
## ---------------- ##

ac_cv_build=x86_64-pc-linux-gnu
ac_cv_c_compiler_gnu=yes
ac_cv_c_const=yes
ac_cv_c_inline=inline
ac_cv_c_uint32_t=yes
ac_cv_env_CC_set=set
ac_cv_env_CC_value=/opt/lede-toolchain-ramips-mt7621_gcc-5.4.0_musl-1.1.24.Linux-x86_64/toolchain-mipsel_24kc_gcc-5.4.0_musl-1.1.24/bin/mipsel-openwrt-linux-musl-gcc
ac_cv_env_CFLAGS_set=set
ac_cv_env_CFLAGS_value='-Wall -Os -I/repo/Fail_GPL/asuswrt/release/src-ra-openwrt-4210/router/shared -I/repo/Fail_GPL/asuswrt/release/src-ra-openwrt-4210/include -DASUSWRT -DUSE_IPV6 -DASUSWRT_LE  		-I/repo/Fail_GPL/asuswrt/release/src-ra-openwrt-4210/router/mipsel-musl/stage/usr/include  -ffunction-sections -fdata-sections -DLINUX26 -DCONFIG_RALINK -DMUSL_LIBC -DDEBUG_NOISY -DDEBUG_RCTEST -D_GNU_SOURCE -D__UAPI_DEF_ETHHDR -DRALINK_DBDC_MODE -pipe -funit-at-a-time -Wno-pointer-sign -mtune=mips32 -mips32 -DLINUX_KERNEL_VERSION=263366 --sysroot=/opt/lede-toolchain-ramips-mt7621_gcc-5.4.0_musl-1.1.24.Linux-x86_64/toolchain-mipsel_24kc_gcc-5.4.0_musl-1.1.24 '
ac_cv_env_CPPFLAGS_set=
ac_cv_env_CPPFLAGS_value=
ac_cv_env_CPP_set=
ac_cv_env_CPP_value=
ac_cv_env_GnuTLS_CFLAGS_set=
ac_cv_env_GnuTLS_CFLAGS_value=
ac_cv_env_GnuTLS_LIBS_set=
ac_cv_env_GnuTLS_LIBS_value=
ac_cv_env_LDFLAGS_set=set
ac_cv_env_LDFLAGS_value='-L/repo/Fail_GPL/asuswrt/release/src-ra-openwrt-4210/router/nvram -L/repo/Fail_GPL/asuswrt/release/src-ra-openwrt-4210/router/shared   		 -L/repo/Fail_GPL/asuswrt/release/src-ra-openwrt-4210/router/mipsel-musl/stage/usr/lib -Wl,--gc-sections  --sysroot=/opt/lede-toolchain-ramips-mt7621_gcc-5.4.0_musl-1.1.24.Linux-x86_64/toolchain-mipsel_24kc_gcc-5.4.0_musl-1.1.24'
ac_cv_env_LIBS_set=set
ac_cv_env_LIBS_value='-lnvram -lshared   -ldl'
ac_cv_env_LT_SYS_LIBRARY_PATH_set=
ac_cv_env_LT_SYS_LIBRARY_PATH_value=
ac_cv_env_OpenSSL_CFLAGS_set=set
ac_cv_env_OpenSSL_CFLAGS_value=-I/repo/Fail_GPL/asuswrt/release/src-ra-openwrt-4210/router/mipsel-musl/stage/usr/include
ac_cv_env_OpenSSL_LIBS_set=set
ac_cv_env_OpenSSL_LIBS_value='-L/repo/Fail_GPL/asuswrt/release/src-ra-openwrt-4210/router/mipsel-musl/stage/usr/lib -lcrypto -lssl -lpthread'
ac_cv_env_PKG_CONFIG_LIBDIR_set=set
ac_cv_env_PKG_CONFIG_LIBDIR_value=/repo/Fail_GPL/asuswrt/release/src-ra-openwrt-4210/router/mipsel-musl/stage/usr/lib/pkgconfig:/repo/Fail_GPL/asuswrt/release/src-ra-openwrt-4210/router/mipsel-musl/stage/usr/local/lib/pkgconfig:/repo/Fail_GPL/asuswrt/release/src-ra-openwrt-4210/router/mipsel-musl/stage/etc/lib/pkgconfig
ac_cv_env_PKG_CONFIG_PATH_set=set
ac_cv_env_PKG_CONFIG_PATH_value=/repo/Fail_GPL/asuswrt/release/src-ra-openwrt-4210/router/mipsel-musl/stage/usr/lib/pkgconfig:/repo/Fail_GPL/asuswrt/release/src-ra-openwrt-4210/router/mipsel-musl/stage/etc/lib/pkgconfig
ac_cv_env_PKG_CONFIG_set=
ac_cv_env_PKG_CONFIG_value=
ac_cv_env_build_alias_set=set
ac_cv_env_build_alias_value=x86_64-linux-gnu
ac_cv_env_confuse_CFLAGS_set=set
ac_cv_env_confuse_CFLAGS_value=-I/repo/Fail_GPL/asuswrt/release/src-ra-openwrt-4210/router/mipsel-musl/stage/usr/include
ac_cv_env_confuse_LIBS_set=set
ac_cv_env_confuse_LIBS_value='-L/repo/Fail_GPL/asuswrt/release/src-ra-openwrt-4210/router/mipsel-musl/stage/usr/lib -lconfuse'
ac_cv_env_host_alias_set=set
ac_cv_env_host_alias_value=mipsel-linux
ac_cv_env_target_alias_set=
ac_cv_env_target_alias_value=
ac_cv_func_atexit=yes
ac_cv_func_fork=yes
ac_cv_func_fork_works=yes
ac_cv_func_memset=yes
ac_cv_func_pidfile=no
ac_cv_func_poll=yes
ac_cv_func_select_args='int,fd_set *,struct timeval *'
ac_cv_func_socket=yes
ac_cv_func_strerror=yes
ac_cv_func_strlcat=yes
ac_cv_func_strlcpy=yes
ac_cv_func_strtonum=no
ac_cv_func_utimensat=yes
ac_cv_func_vfork=yes
ac_cv_func_vfork_works=yes
ac_cv_header_arpa_inet_h=yes
ac_cv_header_arpa_nameser_h=yes
ac_cv_header_confuse_h=yes
ac_cv_header_dlfcn_h=yes
ac_cv_header_inttypes_h=yes
ac_cv_header_memory_h=yes
ac_cv_header_minix_config_h=no
ac_cv_header_netinet_in_h=yes
ac_cv_header_openssl_crypto_h=yes
ac_cv_header_openssl_err_h=yes
ac_cv_header_openssl_pem_h=yes
ac_cv_header_openssl_ssl_h=yes
ac_cv_header_openssl_tls1_h=yes
ac_cv_header_openssl_x509_h=yes
ac_cv_header_stdc=yes
ac_cv_header_stdint_h=yes
ac_cv_header_stdlib_h=yes
ac_cv_header_string_h=yes
ac_cv_header_strings_h=yes
ac_cv_header_sys_ioctl_h=yes
ac_cv_header_sys_select_h=yes
ac_cv_header_sys_socket_h=yes
ac_cv_header_sys_stat_h=yes
ac_cv_header_sys_types_h=yes
ac_cv_header_syslog_h=yes
ac_cv_header_unistd_h=yes
ac_cv_header_vfork_h=no
ac_cv_host=mipsel-unknown-linux-gnu
ac_cv_lib_confuse_cfg_init=yes
ac_cv_lib_crypto_EVP_EncryptInit=yes
ac_cv_lib_ssl_OPENSSL_init_ssl=yes
ac_cv_lib_ssl_SSL_library_init=no
ac_cv_lib_util_pidfile=no
ac_cv_objext=o
ac_cv_path_EGREP='/bin/grep -E'
ac_cv_path_FGREP='/bin/grep -F'
ac_cv_path_GREP=/bin/grep
ac_cv_path_SED=/bin/sed
ac_cv_path_ac_pt_PKG_CONFIG=/usr/bin/pkg-config
ac_cv_path_install='/usr/bin/install -c'
ac_cv_path_lt_DD=/bin/dd
ac_cv_path_mkdir=/bin/mkdir
ac_cv_prog_AR=/opt/lede-toolchain-ramips-mt7621_gcc-5.4.0_musl-1.1.24.Linux-x86_64/toolchain-mipsel_24kc_gcc-5.4.0_musl-1.1.24/bin/mipsel-openwrt-linux-musl-ar
ac_cv_prog_AWK=gawk
ac_cv_prog_CC=/opt/lede-toolchain-ramips-mt7621_gcc-5.4.0_musl-1.1.24.Linux-x86_64/toolchain-mipsel_24kc_gcc-5.4.0_musl-1.1.24/bin/mipsel-openwrt-linux-musl-gcc
ac_cv_prog_CPP='/opt/lede-toolchain-ramips-mt7621_gcc-5.4.0_musl-1.1.24.Linux-x86_64/toolchain-mipsel_24kc_gcc-5.4.0_musl-1.1.24/bin/mipsel-openwrt-linux-musl-gcc -E'
ac_cv_prog_OBJDUMP=/opt/lede-toolchain-ramips-mt7621_gcc-5.4.0_musl-1.1.24.Linux-x86_64/toolchain-mipsel_24kc_gcc-5.4.0_musl-1.1.24/bin/mipsel-openwrt-linux-musl-objdump
ac_cv_prog_RANLIB=/opt/lede-toolchain-ramips-mt7621_gcc-5.4.0_musl-1.1.24.Linux-x86_64/toolchain-mipsel_24kc_gcc-5.4.0_musl-1.1.24/bin/mipsel-openwrt-linux-musl-ranlib
ac_cv_prog_STRIP='/opt/lede-toolchain-ramips-mt7621_gcc-5.4.0_musl-1.1.24.Linux-x86_64/toolchain-mipsel_24kc_gcc-5.4.0_musl-1.1.24/bin/mipsel-openwrt-linux-musl-strip -R .note -R .comment'
ac_cv_prog_cc_c89=
ac_cv_prog_cc_c99=
ac_cv_prog_cc_g=yes
ac_cv_prog_gcc_traditional=no
ac_cv_prog_make_make_set=yes
ac_cv_safe_to_define___extensions__=yes
ac_cv_search_dlopen='none required'
ac_cv_type_pid_t=yes
am_cv_CC_dependencies_compiler_type=gcc3
am_cv_ar_interface=ar
am_cv_make_support_nested_variables=yes
am_cv_prog_cc_c_o=yes
lt_cv_ar_at_file=@
lt_cv_deplibs_check_method=pass_all
lt_cv_file_magic_cmd='$MAGIC_CMD'
lt_cv_file_magic_test_file=
lt_cv_ld_reload_flag=-r
lt_cv_nm_interface='BSD nm'
lt_cv_objdir=.libs
lt_cv_path_LD=/opt/lede-toolchain-ramips-mt7621_gcc-5.4.0_musl-1.1.24.Linux-x86_64/toolchain-mipsel_24kc_gcc-5.4.0_musl-1.1.24/bin/mipsel-openwrt-linux-musl-ld
lt_cv_path_NM=/opt/lede-toolchain-ramips-mt7621_gcc-5.4.0_musl-1.1.24.Linux-x86_64/toolchain-mipsel_24kc_gcc-5.4.0_musl-1.1.24/bin/mipsel-openwrt-linux-musl-nm
lt_cv_path_mainfest_tool=no
lt_cv_prog_compiler_c_o=yes
lt_cv_prog_compiler_pic='-fPIC -DPIC'
lt_cv_prog_compiler_pic_works=yes
lt_cv_prog_compiler_rtti_exceptions=no
lt_cv_prog_compiler_static_works=yes
lt_cv_prog_gnu_ld=yes
lt_cv_sharedlib_from_linklib_cmd='printf %s\n'
lt_cv_shlibpath_overrides_runpath=no
lt_cv_sys_global_symbol_pipe='sed -n -e '\''s/^.*[	 ]\([ABCDGIRSTW][ABCDGIRSTW]*\)[	 ][	 ]*\([_A-Za-z][_A-Za-z0-9]*\)$/\1 \2 \2/p'\'' | sed '\''/ __gnu_lto/d'\'''
lt_cv_sys_global_symbol_to_c_name_address='sed -n -e '\''s/^: \(.*\) .*$/  {"\1", (void *) 0},/p'\'' -e '\''s/^[ABCDGIRSTW][ABCDGIRSTW]* .* \(.*\)$/  {"\1", (void *) \&\1},/p'\'''
lt_cv_sys_global_symbol_to_c_name_address_lib_prefix='sed -n -e '\''s/^: \(.*\) .*$/  {"\1", (void *) 0},/p'\'' -e '\''s/^[ABCDGIRSTW][ABCDGIRSTW]* .* \(lib.*\)$/  {"\1", (void *) \&\1},/p'\'' -e '\''s/^[ABCDGIRSTW][ABCDGIRSTW]* .* \(.*\)$/  {"lib\1", (void *) \&\1},/p'\'''
lt_cv_sys_global_symbol_to_cdecl='sed -n -e '\''s/^T .* \(.*\)$/extern int \1();/p'\'' -e '\''s/^[ABCDGIRSTW][ABCDGIRSTW]* .* \(.*\)$/extern char \1;/p'\'''
lt_cv_sys_global_symbol_to_import=
lt_cv_sys_max_cmd_len=1572864
lt_cv_to_host_file_cmd=func_convert_file_noop
lt_cv_to_tool_file_cmd=func_convert_file_noop
lt_cv_truncate_bin='/bin/dd bs=4096 count=1'
pkg_cv_OpenSSL_CFLAGS=-I/repo/Fail_GPL/asuswrt/release/src-ra-openwrt-4210/router/mipsel-musl/stage/usr/include
pkg_cv_OpenSSL_LIBS='-L/repo/Fail_GPL/asuswrt/release/src-ra-openwrt-4210/router/mipsel-musl/stage/usr/lib -lcrypto -lssl -lpthread'
pkg_cv_confuse_CFLAGS=-I/repo/Fail_GPL/asuswrt/release/src-ra-openwrt-4210/router/mipsel-musl/stage/usr/include
pkg_cv_confuse_LIBS='-L/repo/Fail_GPL/asuswrt/release/src-ra-openwrt-4210/router/mipsel-musl/stage/usr/lib -lconfuse'

## ----------------- ##
## Output variables. ##
## ----------------- ##

ACLOCAL='${SHELL} /repo/Fail_GPL/asuswrt/release/src/router/inadyn/aux/missing aclocal-1.15'
AMDEPBACKSLASH='\'
AMDEP_FALSE='#'
AMDEP_TRUE=''
AMTAR='$${TAR-tar}'
AM_BACKSLASH='\'
AM_DEFAULT_V='$(AM_DEFAULT_VERBOSITY)'
AM_DEFAULT_VERBOSITY='0'
AM_V='$(V)'
AR='/opt/lede-toolchain-ramips-mt7621_gcc-5.4.0_musl-1.1.24.Linux-x86_64/toolchain-mipsel_24kc_gcc-5.4.0_musl-1.1.24/bin/mipsel-openwrt-linux-musl-ar'
AUTOCONF='${SHELL} /repo/Fail_GPL/asuswrt/release/src/router/inadyn/aux/missing autoconf'
AUTOHEADER='${SHELL} /repo/Fail_GPL/asuswrt/release/src/router/inadyn/aux/missing autoheader'
AUTOMAKE='${SHELL} /repo/Fail_GPL/asuswrt/release/src/router/inadyn/aux/missing automake-1.15'
AWK='gawk'
CC='/opt/lede-toolchain-ramips-mt7621_gcc-5.4.0_musl-1.1.24.Linux-x86_64/toolchain-mipsel_24kc_gcc-5.4.0_musl-1.1.24/bin/mipsel-openwrt-linux-musl-gcc'
CCDEPMODE='depmode=gcc3'
CFLAGS='-Wall -Os -I/repo/Fail_GPL/asuswrt/release/src-ra-openwrt-4210/router/shared -I/repo/Fail_GPL/asuswrt/release/src-ra-openwrt-4210/include -DASUSWRT -DUSE_IPV6 -DASUSWRT_LE  		-I/repo/Fail_GPL/asuswrt/release/src-ra-openwrt-4210/router/mipsel-musl/stage/usr/include  -ffunction-sections -fdata-sections -DLINUX26 -DCONFIG_RALINK -DMUSL_LIBC -DDEBUG_NOISY -DDEBUG_RCTEST -D_GNU_SOURCE -D__UAPI_DEF_ETHHDR -DRALINK_DBDC_MODE -pipe -funit-at-a-time -Wno-pointer-sign -mtune=mips32 -mips32 -DLINUX_KERNEL_VERSION=263366 --sysroot=/opt/lede-toolchain-ramips-mt7621_gcc-5.4.0_musl-1.1.24.Linux-x86_64/toolchain-mipsel_24kc_gcc-5.4.0_musl-1.1.24 '
CPP='/opt/lede-toolchain-ramips-mt7621_gcc-5.4.0_musl-1.1.24.Linux-x86_64/toolchain-mipsel_24kc_gcc-5.4.0_musl-1.1.24/bin/mipsel-openwrt-linux-musl-gcc -E'
CPPFLAGS=' -I/repo/Fail_GPL/asuswrt/release/src-ra-openwrt-4210/router/mipsel-musl/stage/usr/include -I/repo/Fail_GPL/asuswrt/release/src-ra-openwrt-4210/router/mipsel-musl/stage/usr/include'
CYGPATH_W='echo'
DEFS='-DHAVE_CONFIG_H'
DEPDIR='.deps'
DLLTOOL='false'
DSYMUTIL=''
DUMPBIN=''
ECHO_C=''
ECHO_N='-n'
ECHO_T=''
EGREP='/bin/grep -E'
ENABLE_OPENSSL_FALSE='#'
ENABLE_OPENSSL_TRUE=''
ENABLE_SSL_FALSE='#'
ENABLE_SSL_TRUE=''
EXEEXT=''
FGREP='/bin/grep -F'
GREP='/bin/grep'
GnuTLS_CFLAGS=''
GnuTLS_LIBS=''
HAVE_SYSTEMD_FALSE=''
HAVE_SYSTEMD_TRUE='#'
INSTALL_DATA='${INSTALL} -m 644'
INSTALL_PROGRAM='${INSTALL}'
INSTALL_SCRIPT='${INSTALL}'
INSTALL_STRIP_PROGRAM='$(install_sh) -c -s'
LD='/opt/lede-toolchain-ramips-mt7621_gcc-5.4.0_musl-1.1.24.Linux-x86_64/toolchain-mipsel_24kc_gcc-5.4.0_musl-1.1.24/bin/mipsel-openwrt-linux-musl-ld'
LDFLAGS='-L/repo/Fail_GPL/asuswrt/release/src-ra-openwrt-4210/router/nvram -L/repo/Fail_GPL/asuswrt/release/src-ra-openwrt-4210/router/shared   		 -L/repo/Fail_GPL/asuswrt/release/src-ra-openwrt-4210/router/mipsel-musl/stage/usr/lib -Wl,--gc-sections  --sysroot=/opt/lede-toolchain-ramips-mt7621_gcc-5.4.0_musl-1.1.24.Linux-x86_64/toolchain-mipsel_24kc_gcc-5.4.0_musl-1.1.24 -L/repo/Fail_GPL/asuswrt/release/src-ra-openwrt-4210/router/mipsel-musl/stage/usr/lib -lconfuse -L/repo/Fail_GPL/asuswrt/release/src-ra-openwrt-4210/router/mipsel-musl/stage/usr/lib -lcrypto -lssl -lpthread'
LIBOBJS=' ${LIBOBJDIR}pidfile$U.o ${LIBOBJDIR}strtonum$U.o'
LIBS='-lssl -lcrypto -lconfuse -lnvram -lshared   -ldl'
LIBTOOL='$(SHELL) $(top_builddir)/libtool'
LIPO=''
LN_S='ln -s'
LTLIBOBJS=' ${LIBOBJDIR}pidfile$U.lo ${LIBOBJDIR}strtonum$U.lo'
LT_SYS_LIBRARY_PATH=''
MAKEINFO='${SHELL} /repo/Fail_GPL/asuswrt/release/src/router/inadyn/aux/missing makeinfo'
MANIFEST_TOOL=':'
MKDIR_P='/bin/mkdir -p'
NM='/opt/lede-toolchain-ramips-mt7621_gcc-5.4.0_musl-1.1.24.Linux-x86_64/toolchain-mipsel_24kc_gcc-5.4.0_musl-1.1.24/bin/mipsel-openwrt-linux-musl-nm'
NMEDIT=''
OBJDUMP='/opt/lede-toolchain-ramips-mt7621_gcc-5.4.0_musl-1.1.24.Linux-x86_64/toolchain-mipsel_24kc_gcc-5.4.0_musl-1.1.24/bin/mipsel-openwrt-linux-musl-objdump'
OBJEXT='o'
OTOOL64=''
OTOOL=''
OpenSSL_CFLAGS='-I/repo/Fail_GPL/asuswrt/release/src-ra-openwrt-4210/router/mipsel-musl/stage/usr/include'
OpenSSL_LIBS='-L/repo/Fail_GPL/asuswrt/release/src-ra-openwrt-4210/router/mipsel-musl/stage/usr/lib -lcrypto -lssl -lpthread'
PACKAGE='inadyn'
PACKAGE_BUGREPORT='https://github.com/troglobit/inadyn/issues'
PACKAGE_NAME='In-a-dyn'
PACKAGE_STRING='In-a-dyn 2.8.1'
PACKAGE_TARNAME='inadyn'
PACKAGE_URL='https://troglobit.com/projects/inadyn/'
PACKAGE_VERSION='2.8.1'
PATH_SEPARATOR=':'
PKG_CONFIG='/usr/bin/pkg-config'
PKG_CONFIG_LIBDIR='/repo/Fail_GPL/asuswrt/release/src-ra-openwrt-4210/router/mipsel-musl/stage/usr/lib/pkgconfig:/repo/Fail_GPL/asuswrt/release/src-ra-openwrt-4210/router/mipsel-musl/stage/usr/local/lib/pkgconfig:/repo/Fail_GPL/asuswrt/release/src-ra-openwrt-4210/router/mipsel-musl/stage/etc/lib/pkgconfig'
PKG_CONFIG_PATH='/repo/Fail_GPL/asuswrt/release/src-ra-openwrt-4210/router/mipsel-musl/stage/usr/lib/pkgconfig:/repo/Fail_GPL/asuswrt/release/src-ra-openwrt-4210/router/mipsel-musl/stage/etc/lib/pkgconfig'
RANLIB='/opt/lede-toolchain-ramips-mt7621_gcc-5.4.0_musl-1.1.24.Linux-x86_64/toolchain-mipsel_24kc_gcc-5.4.0_musl-1.1.24/bin/mipsel-openwrt-linux-musl-ranlib'
SBINDIR='/usr/sbin'
SED='/bin/sed'
SET_MAKE=''
SHELL='/bin/sh'
STRIP='/opt/lede-toolchain-ramips-mt7621_gcc-5.4.0_musl-1.1.24.Linux-x86_64/toolchain-mipsel_24kc_gcc-5.4.0_musl-1.1.24/bin/mipsel-openwrt-linux-musl-strip -R .note -R .comment'
SYSCONFDIR='/etc'
VERSION='2.8.1'
ac_ct_AR=''
ac_ct_CC=''
ac_ct_DUMPBIN=''
am__EXEEXT_FALSE=''
am__EXEEXT_TRUE='#'
am__fastdepCC_FALSE='#'
am__fastdepCC_TRUE=''
am__include='include'
am__isrc=''
am__leading_dot='.'
am__nodep='_no'
am__quote=''
am__tar='$${TAR-tar} chof - "$$tardir"'
am__untar='$${TAR-tar} xf -'
bindir='${exec_prefix}/bin'
build='x86_64-pc-linux-gnu'
build_alias='x86_64-linux-gnu'
build_cpu='x86_64'
build_os='linux-gnu'
build_vendor='pc'
confuse_CFLAGS='-I/repo/Fail_GPL/asuswrt/release/src-ra-openwrt-4210/router/mipsel-musl/stage/usr/include'
confuse_LIBS='-L/repo/Fail_GPL/asuswrt/release/src-ra-openwrt-4210/router/mipsel-musl/stage/usr/lib -lconfuse'
datadir='${datarootdir}'
datarootdir='${prefix}/share'
docdir='${datarootdir}/doc/${PACKAGE_TARNAME}'
dvidir='${docdir}'
exec_prefix='${prefix}'
host='mipsel-unknown-linux-gnu'
host_alias='mipsel-linux'
host_cpu='mipsel'
host_os='linux-gnu'
host_vendor='unknown'
htmldir='${docdir}'
includedir='${prefix}/include'
infodir='${datarootdir}/info'
install_sh='${SHELL} /repo/Fail_GPL/asuswrt/release/src/router/inadyn/aux/install-sh'
libdir='${exec_prefix}/lib'
libexecdir='${exec_prefix}/libexec'
localedir='${datarootdir}/locale'
localstatedir='/var'
mandir='${datarootdir}/man'
mkdir_p='$(MKDIR_P)'
oldincludedir='/usr/include'
pdfdir='${docdir}'
prefix='/usr'
program_transform_name='s,x,x,'
psdir='${docdir}'
runstatedir='${localstatedir}/run'
sbindir='${exec_prefix}/sbin'
sharedstatedir='${prefix}/com'
sysconfdir='/etc'
systemddir=''
target_alias=''

## ----------- ##
## confdefs.h. ##
## ----------- ##

/* confdefs.h */
#define PACKAGE_NAME "In-a-dyn"
#define PACKAGE_TARNAME "inadyn"
#define PACKAGE_VERSION "2.8.1"
#define PACKAGE_STRING "In-a-dyn 2.8.1"
#define PACKAGE_BUGREPORT "https://github.com/troglobit/inadyn/issues"
#define PACKAGE_URL "https://troglobit.com/projects/inadyn/"
#define PACKAGE "inadyn"
#define VERSION "2.8.1"
#define STDC_HEADERS 1
#define HAVE_SYS_TYPES_H 1
#define HAVE_SYS_STAT_H 1
#define HAVE_STDLIB_H 1
#define HAVE_STRING_H 1
#define HAVE_MEMORY_H 1
#define HAVE_STRINGS_H 1
#define HAVE_INTTYPES_H 1
#define HAVE_STDINT_H 1
#define HAVE_UNISTD_H 1
#define __EXTENSIONS__ 1
#define _ALL_SOURCE 1
#define _GNU_SOURCE 1
#define _POSIX_PTHREAD_SEMANTICS 1
#define _TANDEM_SOURCE 1
#define STDC_HEADERS 1
#define HAVE_ARPA_INET_H 1
#define HAVE_ARPA_NAMESER_H 1
#define HAVE_NETINET_IN_H 1
#define HAVE_STDLIB_H 1
#define HAVE_STDINT_H 1
#define HAVE_STRING_H 1
#define HAVE_SYS_IOCTL_H 1
#define HAVE_SYS_SOCKET_H 1
#define HAVE_SYS_TYPES_H 1
#define HAVE_SYSLOG_H 1
#define HAVE_UNISTD_H 1
#define HAVE_FORK 1
#define HAVE_VFORK 1
#define HAVE_WORKING_VFORK 1
#define HAVE_WORKING_FORK 1
#define HAVE_SYS_SELECT_H 1
#define HAVE_SYS_SOCKET_H 1
#define SELECT_TYPE_ARG1 int
#define SELECT_TYPE_ARG234 (fd_set *)
#define SELECT_TYPE_ARG5 (struct timeval *)
#define HAVE_ATEXIT 1
#define HAVE_MEMSET 1
#define HAVE_POLL 1
#define HAVE_SOCKET 1
#define HAVE_STRERROR 1
#define HAVE_STRLCPY 1
#define HAVE_STRLCAT 1
#define HAVE_UTIMENSAT 1
#define HAVE_DLFCN_H 1
#define LT_OBJDIR ".libs/"
#define HAVE_LIBCONFUSE 1
#define HAVE_CONFUSE_H 1
#define HAVE_LIBCRYPTO 1
#define HAVE_LIBSSL 1
#define HAVE_OPENSSL_CRYPTO_H 1
#define HAVE_OPENSSL_X509_H 1
#define HAVE_OPENSSL_PEM_H 1
#define HAVE_OPENSSL_SSL_H 1
#define HAVE_OPENSSL_TLS1_H 1
#define HAVE_OPENSSL_ERR_H 1
#define CONFIG_OPENSSL /**/
#define ENABLE_SSL /**/
#define CAFILE1 "/etc/ssl/certs/ca-certificates.crt"
#define CAFILE2 "/etc/pki/tls/certs/ca-bundle.trust.crt"

configure: exit 0
