This file contains any messages produced by compilers while
running configure, to aid debugging if configure makes a mistake.

It was created by configure, which was
generated by GNU Autoconf 2.69.  Invocation command line was

  $ ./configure --host=mipsel-linux --build=x86_64-linux-gnu --prefix=/usr --bindir=/usr/sbin --libdir=/usr/lib --disable-openssl --disable-debug-mode

## --------- ##
## Platform. ##
## --------- ##

hostname = 820a0eb7ac91
uname -m = x86_64
uname -r = 6.8.0-137-generic
uname -s = Linux
uname -v = #137-Ubuntu SMP PREEMPT_DYNAMIC Fri Jul 17 20:28:23 UTC 2026

/usr/bin/uname -p = unknown
/bin/uname -X     = unknown

/bin/arch              = unknown
/usr/bin/arch -k       = unknown
/usr/convex/getsysinfo = unknown
/usr/bin/hostinfo      = unknown
/bin/machine           = unknown
/usr/bin/oslevel       = unknown
/bin/universe          = unknown

PATH: /repo/Pass_GPL/asuswrt/release/tools
PATH: /repo/Pass_GPL/asuswrt/release/src-ra-openwrt-4210/ctools
PATH: /repo/Pass_GPL/asuswrt/release/tools
PATH: /repo/Pass_GPL/asuswrt/release/src-ra-openwrt-4210/ctools
PATH: /repo/Pass_GPL/asuswrt/release/tools
PATH: /repo/Pass_GPL/asuswrt/release/src-ra-openwrt-4210/ctools
PATH: /usr/local/sbin
PATH: /usr/local/bin
PATH: /usr/sbin
PATH: /usr/bin
PATH: /sbin
PATH: /bin
PATH: /home/asuswrt/bin
PATH: /home/asuswrt/mybash
PATH: /opt/buildroot-gcc342/bin
PATH: /opt/buildroot-gcc463/bin
PATH: /opt/brcm/hndtools-mipsel-linux/bin
PATH: /opt/brcm/hndtools-mipsel-uclibc/bin
PATH: /opt/projects/hnd/tools/linux/hndtools-arm-linux-2.6.36-uclibc-4.5.3/bin
PATH: /opt/projects/hnd/tools/linux/hndtools-arm-linux-2.6.36-uclibc-4.5.3/arm-linux/bin
PATH: /opt/projects/hnd/tools/linux/hndtools-arm-linux-2.6.36-uclibc-4.5.3/usr/bin
PATH: /opt/toolchains/crosstools-arm-gcc-5.3-linux-4.1-glibc-2.22-binutils-2.25/usr/bin
PATH: /opt/toolchains/crosstools-aarch64-gcc-5.3-linux-4.1-glibc-2.22-binutils-2.25/usr/bin
PATH: /opt/toolchains/crosstools-arm-gcc-9.2-linux-4.19-glibc-2.30-binutils-2.32/usr/lib
PATH: /opt/toolchains/crosstools-aarch64-gcc-9.2-linux-4.19-glibc-2.30-binutils-2.32/bin
PATH: /opt/toolchains/crosstools-arm-gcc-10.3-linux-4.19-glibc-2.32-binutils-2.36.1/bin
PATH: /opt/toolchains/crosstools-aarch64-gcc-10.3-linux-4.19-glibc-2.32-binutils-2.36.1/bin
PATH: /opt/openwrt-gcc463.arm/bin
PATH: /opt/openwrt-gcc463.mips.mesh/bin
PATH: /opt/openwrt-gcc520_musl.aarch64/bin
PATH: /opt/openwrt-gcc840_musl.aarch64/bin


## ----------- ##
## Core tests. ##
## ----------- ##

configure:2667: checking for a BSD-compatible install
configure:2735: result: /usr/bin/install -c
configure:2746: checking whether build environment is sane
configure:2801: result: yes
configure:2860: checking for mipsel-linux-strip
configure:2887: result: /opt/lede-toolchain-ramips-mt7621_gcc-5.4.0_musl-1.1.24.Linux-x86_64/toolchain-mipsel_24kc_gcc-5.4.0_musl-1.1.24/bin/mipsel-openwrt-linux-musl-strip -R .note -R .comment
configure:2952: checking for a thread-safe mkdir -p
configure:2991: result: /bin/mkdir -p
configure:2998: checking for gawk
configure:3014: found /usr/bin/gawk
configure:3025: result: gawk
configure:3036: checking whether make sets $(MAKE)
configure:3058: result: yes
configure:3087: checking whether make supports nested variables
configure:3104: result: yes
configure:3245: checking build system type
configure:3259: result: x86_64-pc-linux-gnu
configure:3279: checking host system type
configure:3292: result: mipsel-unknown-linux-gnu
configure:3328: checking for mipsel-linux-gcc
configure:3355: result: /opt/lede-toolchain-ramips-mt7621_gcc-5.4.0_musl-1.1.24.Linux-x86_64/toolchain-mipsel_24kc_gcc-5.4.0_musl-1.1.24/bin/mipsel-openwrt-linux-musl-gcc
configure:3624: checking for C compiler version
configure:3633: /opt/lede-toolchain-ramips-mt7621_gcc-5.4.0_musl-1.1.24.Linux-x86_64/toolchain-mipsel_24kc_gcc-5.4.0_musl-1.1.24/bin/mipsel-openwrt-linux-musl-gcc --version >&5
mipsel-openwrt-linux-musl-gcc.bin (LEDE GCC 5.4.0 unknown) 5.4.0
Copyright (C) 2015 Free Software Foundation, Inc.
This is free software; see the source for copying conditions.  There is NO
warranty; not even for MERCHANTABILITY or FITNESS FOR A PARTICULAR PURPOSE.

configure:3644: $? = 0
configure:3633: /opt/lede-toolchain-ramips-mt7621_gcc-5.4.0_musl-1.1.24.Linux-x86_64/toolchain-mipsel_24kc_gcc-5.4.0_musl-1.1.24/bin/mipsel-openwrt-linux-musl-gcc -v >&5
Reading specs from /opt/lede-toolchain-ramips-mt7621_gcc-5.4.0_musl-1.1.24.Linux-x86_64/toolchain-mipsel_24kc_gcc-5.4.0_musl-1.1.24/bin/../lib/gcc/mipsel-openwrt-linux-musl/5.4.0/specs
COLLECT_GCC=mipsel-openwrt-linux-musl-gcc.bin
COLLECT_LTO_WRAPPER=/opt/lede-toolchain-ramips-mt7621_gcc-5.4.0_musl-1.1.24.Linux-x86_64/toolchain-mipsel_24kc_gcc-5.4.0_musl-1.1.24/bin/../libexec/gcc/mipsel-openwrt-linux-musl/5.4.0/lto-wrapper
Target: mipsel-openwrt-linux-musl
Configured with: /data2/heidi_wen/SW4_git/OpenWRT_4210_20230308/mtk-openwrt-lede-4.2.1.0/build_dir/toolchain-mipsel_24kc_gcc-5.4.0_musl-1.1.24/gcc-5.4.0/configure --with-bugurl=http://www.lede-project.org/bugs/ --with-pkgversion='LEDE GCC 5.4.0 unknown' --prefix=/data2/heidi_wen/SW4_git/OpenWRT_4210_20230308/mtk-openwrt-lede-4.2.1.0/staging_dir/toolchain-mipsel_24kc_gcc-5.4.0_musl-1.1.24 --build=x86_64-linux-gnu --host=x86_64-linux-gnu --target=mipsel-openwrt-linux-musl --with-gnu-ld --enable-target-optspace --disable-libgomp --disable-libmudflap --disable-multilib --disable-libmpx --disable-nls --without-isl --without-cloog --with-host-libstdcxx=-lstdc++ --with-float=soft --with-gmp=/data2/heidi_wen/SW4_git/OpenWRT_4210_20230308/mtk-openwrt-lede-4.2.1.0/staging_dir/host --with-mpfr=/data2/heidi_wen/SW4_git/OpenWRT_4210_20230308/mtk-openwrt-lede-4.2.1.0/staging_dir/host --with-mpc=/data2/heidi_wen/SW4_git/OpenWRT_4210_20230308/mtk-openwrt-lede-4.2.1.0/staging_dir/host --disable-decimal-float --with-mips-plt --with-diagnostics-color=auto-if-env --disable-libssp --enable-__cxa_atexit --with-headers=/data2/heidi_wen/SW4_git/OpenWRT_4210_20230308/mtk-openwrt-lede-4.2.1.0/staging_dir/toolchain-mipsel_24kc_gcc-5.4.0_musl-1.1.24/include --disable-libsanitizer --enable-languages=c,c++ --enable-shared --enable-threads --with-slibdir=/data2/heidi_wen/SW4_git/OpenWRT_4210_20230308/mtk-openwrt-lede-4.2.1.0/staging_dir/toolchain-mipsel_24kc_gcc-5.4.0_musl-1.1.24/lib --enable-lto --with-libelf=/data2/heidi_wen/SW4_git/OpenWRT_4210_20230308/mtk-openwrt-lede-4.2.1.0/staging_dir/host
Thread model: posix
gcc version 5.4.0 (LEDE GCC 5.4.0 unknown) 
COMPILER_PATH=/opt/lede-toolchain-ramips-mt7621_gcc-5.4.0_musl-1.1.24.Linux-x86_64/toolchain-mipsel_24kc_gcc-5.4.0_musl-1.1.24/bin/../libexec/gcc/mipsel-openwrt-linux-musl/5.4.0/:/opt/lede-toolchain-ramips-mt7621_gcc-5.4.0_musl-1.1.24.Linux-x86_64/toolchain-mipsel_24kc_gcc-5.4.0_musl-1.1.24/bin/../libexec/gcc/:/opt/lede-toolchain-ramips-mt7621_gcc-5.4.0_musl-1.1.24.Linux-x86_64/toolchain-mipsel_24kc_gcc-5.4.0_musl-1.1.24/bin/../lib/gcc/mipsel-openwrt-linux-musl/5.4.0/../../../../mipsel-openwrt-linux-musl/bin/
LIBRARY_PATH=/opt/lede-toolchain-ramips-mt7621_gcc-5.4.0_musl-1.1.24.Linux-x86_64/toolchain-mipsel_24kc_gcc-5.4.0_musl-1.1.24/bin/../lib/gcc/mipsel-openwrt-linux-musl/5.4.0/:/opt/lede-toolchain-ramips-mt7621_gcc-5.4.0_musl-1.1.24.Linux-x86_64/toolchain-mipsel_24kc_gcc-5.4.0_musl-1.1.24/bin/../lib/gcc/:/opt/lede-toolchain-ramips-mt7621_gcc-5.4.0_musl-1.1.24.Linux-x86_64/toolchain-mipsel_24kc_gcc-5.4.0_musl-1.1.24/bin/../lib/gcc/mipsel-openwrt-linux-musl/5.4.0/../../../../mipsel-openwrt-linux-musl/lib/
COLLECT_GCC_OPTIONS='-v' '-msoft-float' '-mllsc' '-mplt' '-mno-shared' '-EL' '-mabi=32'
... rest of stderr output deleted ...
configure:3644: $? = 1
configure:3633: /opt/lede-toolchain-ramips-mt7621_gcc-5.4.0_musl-1.1.24.Linux-x86_64/toolchain-mipsel_24kc_gcc-5.4.0_musl-1.1.24/bin/mipsel-openwrt-linux-musl-gcc -V >&5
mipsel-openwrt-linux-musl-gcc.bin: error: unrecognized command line option '-V'
configure:3644: $? = 1
configure:3633: /opt/lede-toolchain-ramips-mt7621_gcc-5.4.0_musl-1.1.24.Linux-x86_64/toolchain-mipsel_24kc_gcc-5.4.0_musl-1.1.24/bin/mipsel-openwrt-linux-musl-gcc -qversion >&5
mipsel-openwrt-linux-musl-gcc.bin: error: unrecognized command line option '-qversion'
configure:3644: $? = 1
configure:3664: checking whether the C compiler works
configure:3686: /opt/lede-toolchain-ramips-mt7621_gcc-5.4.0_musl-1.1.24.Linux-x86_64/toolchain-mipsel_24kc_gcc-5.4.0_musl-1.1.24/bin/mipsel-openwrt-linux-musl-gcc -DRTAX53U -DRTAX53U -DRTAX53U -DMUSL_LIBC -DRTAX53U -DBCM_EVENTD -DEXT_ACS -D__CONFIG_EMF__ -D__CONFIG_WPS__ -Os -Wall -DLINUX26 -DCONFIG_RALINK -DMUSL_LIBC -DDEBUG_NOISY -DDEBUG_RCTEST -D_GNU_SOURCE -D__UAPI_DEF_ETHHDR -DRALINK_DBDC_MODE -pipe -funit-at-a-time -Wno-pointer-sign -mtune=mips32 -mips32 -DLINUX_KERNEL_VERSION=263366 --sysroot=/opt/lede-toolchain-ramips-mt7621_gcc-5.4.0_musl-1.1.24.Linux-x86_64/toolchain-mipsel_24kc_gcc-5.4.0_musl-1.1.24  -I/repo/Pass_GPL/asuswrt/release/src-ra-openwrt-4210/router/mipsel-musl/stage/usr/include  -L/repo/Pass_GPL/asuswrt/release/src-ra-openwrt-4210/router/mipsel-musl/stage/usr/lib conftest.c  >&5
configure:3690: $? = 0
configure:3738: result: yes
configure:3741: checking for C compiler default output file name
configure:3743: result: a.out
configure:3749: checking for suffix of executables
configure:3756: /opt/lede-toolchain-ramips-mt7621_gcc-5.4.0_musl-1.1.24.Linux-x86_64/toolchain-mipsel_24kc_gcc-5.4.0_musl-1.1.24/bin/mipsel-openwrt-linux-musl-gcc -o conftest -DRTAX53U -DRTAX53U -DRTAX53U -DMUSL_LIBC -DRTAX53U -DBCM_EVENTD -DEXT_ACS -D__CONFIG_EMF__ -D__CONFIG_WPS__ -Os -Wall -DLINUX26 -DCONFIG_RALINK -DMUSL_LIBC -DDEBUG_NOISY -DDEBUG_RCTEST -D_GNU_SOURCE -D__UAPI_DEF_ETHHDR -DRALINK_DBDC_MODE -pipe -funit-at-a-time -Wno-pointer-sign -mtune=mips32 -mips32 -DLINUX_KERNEL_VERSION=263366 --sysroot=/opt/lede-toolchain-ramips-mt7621_gcc-5.4.0_musl-1.1.24.Linux-x86_64/toolchain-mipsel_24kc_gcc-5.4.0_musl-1.1.24  -I/repo/Pass_GPL/asuswrt/release/src-ra-openwrt-4210/router/mipsel-musl/stage/usr/include  -L/repo/Pass_GPL/asuswrt/release/src-ra-openwrt-4210/router/mipsel-musl/stage/usr/lib conftest.c  >&5
configure:3760: $? = 0
configure:3782: result: 
configure:3804: checking whether we are cross compiling
configure:3842: result: yes
configure:3847: checking for suffix of object files
configure:3869: /opt/lede-toolchain-ramips-mt7621_gcc-5.4.0_musl-1.1.24.Linux-x86_64/toolchain-mipsel_24kc_gcc-5.4.0_musl-1.1.24/bin/mipsel-openwrt-linux-musl-gcc -c -DRTAX53U -DRTAX53U -DRTAX53U -DMUSL_LIBC -DRTAX53U -DBCM_EVENTD -DEXT_ACS -D__CONFIG_EMF__ -D__CONFIG_WPS__ -Os -Wall -DLINUX26 -DCONFIG_RALINK -DMUSL_LIBC -DDEBUG_NOISY -DDEBUG_RCTEST -D_GNU_SOURCE -D__UAPI_DEF_ETHHDR -DRALINK_DBDC_MODE -pipe -funit-at-a-time -Wno-pointer-sign -mtune=mips32 -mips32 -DLINUX_KERNEL_VERSION=263366 --sysroot=/opt/lede-toolchain-ramips-mt7621_gcc-5.4.0_musl-1.1.24.Linux-x86_64/toolchain-mipsel_24kc_gcc-5.4.0_musl-1.1.24  -I/repo/Pass_GPL/asuswrt/release/src-ra-openwrt-4210/router/mipsel-musl/stage/usr/include  conftest.c >&5
configure:3873: $? = 0
configure:3894: result: o
configure:3898: checking whether we are using the GNU C compiler
configure:3917: /opt/lede-toolchain-ramips-mt7621_gcc-5.4.0_musl-1.1.24.Linux-x86_64/toolchain-mipsel_24kc_gcc-5.4.0_musl-1.1.24/bin/mipsel-openwrt-linux-musl-gcc -c -DRTAX53U -DRTAX53U -DRTAX53U -DMUSL_LIBC -DRTAX53U -DBCM_EVENTD -DEXT_ACS -D__CONFIG_EMF__ -D__CONFIG_WPS__ -Os -Wall -DLINUX26 -DCONFIG_RALINK -DMUSL_LIBC -DDEBUG_NOISY -DDEBUG_RCTEST -D_GNU_SOURCE -D__UAPI_DEF_ETHHDR -DRALINK_DBDC_MODE -pipe -funit-at-a-time -Wno-pointer-sign -mtune=mips32 -mips32 -DLINUX_KERNEL_VERSION=263366 --sysroot=/opt/lede-toolchain-ramips-mt7621_gcc-5.4.0_musl-1.1.24.Linux-x86_64/toolchain-mipsel_24kc_gcc-5.4.0_musl-1.1.24  -I/repo/Pass_GPL/asuswrt/release/src-ra-openwrt-4210/router/mipsel-musl/stage/usr/include  conftest.c >&5
configure:3917: $? = 0
configure:3926: result: yes
configure:3935: checking whether /opt/lede-toolchain-ramips-mt7621_gcc-5.4.0_musl-1.1.24.Linux-x86_64/toolchain-mipsel_24kc_gcc-5.4.0_musl-1.1.24/bin/mipsel-openwrt-linux-musl-gcc accepts -g
configure:3955: /opt/lede-toolchain-ramips-mt7621_gcc-5.4.0_musl-1.1.24.Linux-x86_64/toolchain-mipsel_24kc_gcc-5.4.0_musl-1.1.24/bin/mipsel-openwrt-linux-musl-gcc -c -g  conftest.c >&5
configure:3955: $? = 0
configure:3996: result: yes
configure:4013: checking for /opt/lede-toolchain-ramips-mt7621_gcc-5.4.0_musl-1.1.24.Linux-x86_64/toolchain-mipsel_24kc_gcc-5.4.0_musl-1.1.24/bin/mipsel-openwrt-linux-musl-gcc option to accept ISO C89
configure:4076: /opt/lede-toolchain-ramips-mt7621_gcc-5.4.0_musl-1.1.24.Linux-x86_64/toolchain-mipsel_24kc_gcc-5.4.0_musl-1.1.24/bin/mipsel-openwrt-linux-musl-gcc  -c -DRTAX53U -DRTAX53U -DRTAX53U -DMUSL_LIBC -DRTAX53U -DBCM_EVENTD -DEXT_ACS -D__CONFIG_EMF__ -D__CONFIG_WPS__ -Os -Wall -DLINUX26 -DCONFIG_RALINK -DMUSL_LIBC -DDEBUG_NOISY -DDEBUG_RCTEST -D_GNU_SOURCE -D__UAPI_DEF_ETHHDR -DRALINK_DBDC_MODE -pipe -funit-at-a-time -Wno-pointer-sign -mtune=mips32 -mips32 -DLINUX_KERNEL_VERSION=263366 --sysroot=/opt/lede-toolchain-ramips-mt7621_gcc-5.4.0_musl-1.1.24.Linux-x86_64/toolchain-mipsel_24kc_gcc-5.4.0_musl-1.1.24  -I/repo/Pass_GPL/asuswrt/release/src-ra-openwrt-4210/router/mipsel-musl/stage/usr/include  conftest.c >&5
configure:4076: $? = 0
configure:4089: result: none needed
configure:4114: checking whether /opt/lede-toolchain-ramips-mt7621_gcc-5.4.0_musl-1.1.24.Linux-x86_64/toolchain-mipsel_24kc_gcc-5.4.0_musl-1.1.24/bin/mipsel-openwrt-linux-musl-gcc understands -c and -o together
configure:4136: /opt/lede-toolchain-ramips-mt7621_gcc-5.4.0_musl-1.1.24.Linux-x86_64/toolchain-mipsel_24kc_gcc-5.4.0_musl-1.1.24/bin/mipsel-openwrt-linux-musl-gcc -c conftest.c -o conftest2.o
configure:4139: $? = 0
configure:4136: /opt/lede-toolchain-ramips-mt7621_gcc-5.4.0_musl-1.1.24.Linux-x86_64/toolchain-mipsel_24kc_gcc-5.4.0_musl-1.1.24/bin/mipsel-openwrt-linux-musl-gcc -c conftest.c -o conftest2.o
configure:4139: $? = 0
configure:4151: result: yes
configure:4179: checking for style of include used by make
configure:4207: result: GNU
configure:4233: checking dependency style of /opt/lede-toolchain-ramips-mt7621_gcc-5.4.0_musl-1.1.24.Linux-x86_64/toolchain-mipsel_24kc_gcc-5.4.0_musl-1.1.24/bin/mipsel-openwrt-linux-musl-gcc
configure:4344: result: gcc3
configure:4360: checking for a sed that does not truncate output
configure:4424: result: /bin/sed
configure:4430: checking whether ln -s works
configure:4434: result: yes
configure:4449: checking how to run the C preprocessor
configure:4480: /opt/lede-toolchain-ramips-mt7621_gcc-5.4.0_musl-1.1.24.Linux-x86_64/toolchain-mipsel_24kc_gcc-5.4.0_musl-1.1.24/bin/mipsel-openwrt-linux-musl-gcc -E  conftest.c
configure:4480: $? = 0
configure:4494: /opt/lede-toolchain-ramips-mt7621_gcc-5.4.0_musl-1.1.24.Linux-x86_64/toolchain-mipsel_24kc_gcc-5.4.0_musl-1.1.24/bin/mipsel-openwrt-linux-musl-gcc -E  conftest.c
conftest.c:12:28: fatal error: ac_nonexistent.h: No such file or directory
compilation terminated.
configure:4494: $? = 1
configure: failed program was:
| /* confdefs.h */
| #define PACKAGE_NAME ""
| #define PACKAGE_TARNAME ""
| #define PACKAGE_VERSION ""
| #define PACKAGE_STRING ""
| #define PACKAGE_BUGREPORT ""
| #define PACKAGE_URL ""
| #define PACKAGE "libevent"
| #define VERSION "2.0.21-stable"
| #define NUMERIC_VERSION 0x02001500
| /* end confdefs.h.  */
| #include <ac_nonexistent.h>
configure:4519: result: /opt/lede-toolchain-ramips-mt7621_gcc-5.4.0_musl-1.1.24.Linux-x86_64/toolchain-mipsel_24kc_gcc-5.4.0_musl-1.1.24/bin/mipsel-openwrt-linux-musl-gcc -E
configure:4539: /opt/lede-toolchain-ramips-mt7621_gcc-5.4.0_musl-1.1.24.Linux-x86_64/toolchain-mipsel_24kc_gcc-5.4.0_musl-1.1.24/bin/mipsel-openwrt-linux-musl-gcc -E  conftest.c
configure:4539: $? = 0
configure:4553: /opt/lede-toolchain-ramips-mt7621_gcc-5.4.0_musl-1.1.24.Linux-x86_64/toolchain-mipsel_24kc_gcc-5.4.0_musl-1.1.24/bin/mipsel-openwrt-linux-musl-gcc -E  conftest.c
conftest.c:12:28: fatal error: ac_nonexistent.h: No such file or directory
compilation terminated.
configure:4553: $? = 1
configure: failed program was:
| /* confdefs.h */
| #define PACKAGE_NAME ""
| #define PACKAGE_TARNAME ""
| #define PACKAGE_VERSION ""
| #define PACKAGE_STRING ""
| #define PACKAGE_BUGREPORT ""
| #define PACKAGE_URL ""
| #define PACKAGE "libevent"
| #define VERSION "2.0.21-stable"
| #define NUMERIC_VERSION 0x02001500
| /* end confdefs.h.  */
| #include <ac_nonexistent.h>
configure:4582: checking for grep that handles long lines and -e
configure:4640: result: /bin/grep
configure:4645: checking for egrep
configure:4707: result: /bin/grep -E
configure:4713: checking whether /opt/lede-toolchain-ramips-mt7621_gcc-5.4.0_musl-1.1.24.Linux-x86_64/toolchain-mipsel_24kc_gcc-5.4.0_musl-1.1.24/bin/mipsel-openwrt-linux-musl-gcc needs -traditional
conftest.c:12:19: fatal error: sgtty.h: No such file or directory
compilation terminated.
conftest.c:12:20: fatal error: termio.h: No such file or directory
compilation terminated.
configure:4747: result: no
configure:4771: /opt/lede-toolchain-ramips-mt7621_gcc-5.4.0_musl-1.1.24.Linux-x86_64/toolchain-mipsel_24kc_gcc-5.4.0_musl-1.1.24/bin/mipsel-openwrt-linux-musl-gcc -c -DRTAX53U -DRTAX53U -DRTAX53U -DMUSL_LIBC -DRTAX53U -DBCM_EVENTD -DEXT_ACS -D__CONFIG_EMF__ -D__CONFIG_WPS__ -Os -Wall -DLINUX26 -DCONFIG_RALINK -DMUSL_LIBC -DDEBUG_NOISY -DDEBUG_RCTEST -D_GNU_SOURCE -D__UAPI_DEF_ETHHDR -DRALINK_DBDC_MODE -pipe -funit-at-a-time -Wno-pointer-sign -mtune=mips32 -mips32 -DLINUX_KERNEL_VERSION=263366 --sysroot=/opt/lede-toolchain-ramips-mt7621_gcc-5.4.0_musl-1.1.24.Linux-x86_64/toolchain-mipsel_24kc_gcc-5.4.0_musl-1.1.24  -I/repo/Pass_GPL/asuswrt/release/src-ra-openwrt-4210/router/mipsel-musl/stage/usr/include  conftest.c >&5
configure:4771: $? = 0
configure:4899: checking how to print strings
configure:4926: result: printf
configure:4947: checking for a sed that does not truncate output
configure:5011: result: /bin/sed
configure:5029: checking for fgrep
configure:5091: result: /bin/grep -F
configure:5126: checking for ld used by /opt/lede-toolchain-ramips-mt7621_gcc-5.4.0_musl-1.1.24.Linux-x86_64/toolchain-mipsel_24kc_gcc-5.4.0_musl-1.1.24/bin/mipsel-openwrt-linux-musl-gcc
configure:5193: result: /opt/lede-toolchain-ramips-mt7621_gcc-5.4.0_musl-1.1.24.Linux-x86_64/toolchain-mipsel_24kc_gcc-5.4.0_musl-1.1.24/bin/mipsel-openwrt-linux-musl-ld
configure:5200: checking if the linker (/opt/lede-toolchain-ramips-mt7621_gcc-5.4.0_musl-1.1.24.Linux-x86_64/toolchain-mipsel_24kc_gcc-5.4.0_musl-1.1.24/bin/mipsel-openwrt-linux-musl-ld) is GNU ld
configure:5215: result: yes
configure:5227: checking for BSD- or MS-compatible name lister (nm)
configure:5281: result: /opt/lede-toolchain-ramips-mt7621_gcc-5.4.0_musl-1.1.24.Linux-x86_64/toolchain-mipsel_24kc_gcc-5.4.0_musl-1.1.24/bin/mipsel-openwrt-linux-musl-nm
configure:5411: checking the name lister (/opt/lede-toolchain-ramips-mt7621_gcc-5.4.0_musl-1.1.24.Linux-x86_64/toolchain-mipsel_24kc_gcc-5.4.0_musl-1.1.24/bin/mipsel-openwrt-linux-musl-nm) interface
configure:5418: /opt/lede-toolchain-ramips-mt7621_gcc-5.4.0_musl-1.1.24.Linux-x86_64/toolchain-mipsel_24kc_gcc-5.4.0_musl-1.1.24/bin/mipsel-openwrt-linux-musl-gcc -c -DRTAX53U -DRTAX53U -DRTAX53U -DMUSL_LIBC -DRTAX53U -DBCM_EVENTD -DEXT_ACS -D__CONFIG_EMF__ -D__CONFIG_WPS__ -Os -Wall -DLINUX26 -DCONFIG_RALINK -DMUSL_LIBC -DDEBUG_NOISY -DDEBUG_RCTEST -D_GNU_SOURCE -D__UAPI_DEF_ETHHDR -DRALINK_DBDC_MODE -pipe -funit-at-a-time -Wno-pointer-sign -mtune=mips32 -mips32 -DLINUX_KERNEL_VERSION=263366 --sysroot=/opt/lede-toolchain-ramips-mt7621_gcc-5.4.0_musl-1.1.24.Linux-x86_64/toolchain-mipsel_24kc_gcc-5.4.0_musl-1.1.24  -I/repo/Pass_GPL/asuswrt/release/src-ra-openwrt-4210/router/mipsel-musl/stage/usr/include -Wall -fno-strict-aliasing  conftest.c >&5
configure:5421: /opt/lede-toolchain-ramips-mt7621_gcc-5.4.0_musl-1.1.24.Linux-x86_64/toolchain-mipsel_24kc_gcc-5.4.0_musl-1.1.24/bin/mipsel-openwrt-linux-musl-nm "conftest.o"
configure:5424: output
00000000 B some_variable
configure:5431: result: BSD nm
configure:5435: checking the maximum length of command line arguments
configure:5566: result: 1572864
configure:5614: checking how to convert x86_64-pc-linux-gnu file names to mipsel-unknown-linux-gnu format
configure:5654: result: func_convert_file_noop
configure:5661: checking how to convert x86_64-pc-linux-gnu file names to toolchain format
configure:5681: result: func_convert_file_noop
configure:5688: checking for /opt/lede-toolchain-ramips-mt7621_gcc-5.4.0_musl-1.1.24.Linux-x86_64/toolchain-mipsel_24kc_gcc-5.4.0_musl-1.1.24/bin/mipsel-openwrt-linux-musl-ld option to reload object files
configure:5695: result: -r
configure:5729: checking for mipsel-linux-objdump
configure:5756: result: /opt/lede-toolchain-ramips-mt7621_gcc-5.4.0_musl-1.1.24.Linux-x86_64/toolchain-mipsel_24kc_gcc-5.4.0_musl-1.1.24/bin/mipsel-openwrt-linux-musl-objdump
configure:5828: checking how to recognize dependent libraries
configure:6028: result: pass_all
configure:6073: checking for mipsel-linux-dlltool
configure:6103: result: no
configure:6113: checking for dlltool
configure:6143: result: no
configure:6173: checking how to associate runtime and link libraries
configure:6200: result: printf %s\n
configure:6216: checking for mipsel-linux-ar
configure:6243: result: /opt/lede-toolchain-ramips-mt7621_gcc-5.4.0_musl-1.1.24.Linux-x86_64/toolchain-mipsel_24kc_gcc-5.4.0_musl-1.1.24/bin/mipsel-openwrt-linux-musl-ar
configure:6324: checking for archiver @FILE support
configure:6341: /opt/lede-toolchain-ramips-mt7621_gcc-5.4.0_musl-1.1.24.Linux-x86_64/toolchain-mipsel_24kc_gcc-5.4.0_musl-1.1.24/bin/mipsel-openwrt-linux-musl-gcc -c -DRTAX53U -DRTAX53U -DRTAX53U -DMUSL_LIBC -DRTAX53U -DBCM_EVENTD -DEXT_ACS -D__CONFIG_EMF__ -D__CONFIG_WPS__ -Os -Wall -DLINUX26 -DCONFIG_RALINK -DMUSL_LIBC -DDEBUG_NOISY -DDEBUG_RCTEST -D_GNU_SOURCE -D__UAPI_DEF_ETHHDR -DRALINK_DBDC_MODE -pipe -funit-at-a-time -Wno-pointer-sign -mtune=mips32 -mips32 -DLINUX_KERNEL_VERSION=263366 --sysroot=/opt/lede-toolchain-ramips-mt7621_gcc-5.4.0_musl-1.1.24.Linux-x86_64/toolchain-mipsel_24kc_gcc-5.4.0_musl-1.1.24  -I/repo/Pass_GPL/asuswrt/release/src-ra-openwrt-4210/router/mipsel-musl/stage/usr/include -Wall -fno-strict-aliasing  conftest.c >&5
configure:6341: $? = 0
configure:6344: /opt/lede-toolchain-ramips-mt7621_gcc-5.4.0_musl-1.1.24.Linux-x86_64/toolchain-mipsel_24kc_gcc-5.4.0_musl-1.1.24/bin/mipsel-openwrt-linux-musl-ar cru libconftest.a @conftest.lst >&5
/opt/lede-toolchain-ramips-mt7621_gcc-5.4.0_musl-1.1.24.Linux-x86_64/toolchain-mipsel_24kc_gcc-5.4.0_musl-1.1.24/bin/mipsel-openwrt-linux-musl-ar: `u' modifier ignored since `D' is the default (see `U')
configure:6347: $? = 0
configure:6352: /opt/lede-toolchain-ramips-mt7621_gcc-5.4.0_musl-1.1.24.Linux-x86_64/toolchain-mipsel_24kc_gcc-5.4.0_musl-1.1.24/bin/mipsel-openwrt-linux-musl-ar cru libconftest.a @conftest.lst >&5
/opt/lede-toolchain-ramips-mt7621_gcc-5.4.0_musl-1.1.24.Linux-x86_64/toolchain-mipsel_24kc_gcc-5.4.0_musl-1.1.24/bin/mipsel-openwrt-linux-musl-ar: `u' modifier ignored since `D' is the default (see `U')
/opt/lede-toolchain-ramips-mt7621_gcc-5.4.0_musl-1.1.24.Linux-x86_64/toolchain-mipsel_24kc_gcc-5.4.0_musl-1.1.24/bin/mipsel-openwrt-linux-musl-ar: conftest.o: No such file or directory
configure:6355: $? = 1
configure:6367: result: @
configure:6385: checking for mipsel-linux-strip
configure:6412: result: /opt/lede-toolchain-ramips-mt7621_gcc-5.4.0_musl-1.1.24.Linux-x86_64/toolchain-mipsel_24kc_gcc-5.4.0_musl-1.1.24/bin/mipsel-openwrt-linux-musl-strip -R .note -R .comment
configure:6484: checking for mipsel-linux-ranlib
configure:6511: result: /opt/lede-toolchain-ramips-mt7621_gcc-5.4.0_musl-1.1.24.Linux-x86_64/toolchain-mipsel_24kc_gcc-5.4.0_musl-1.1.24/bin/mipsel-openwrt-linux-musl-ranlib
configure:6653: checking command to parse /opt/lede-toolchain-ramips-mt7621_gcc-5.4.0_musl-1.1.24.Linux-x86_64/toolchain-mipsel_24kc_gcc-5.4.0_musl-1.1.24/bin/mipsel-openwrt-linux-musl-nm output from /opt/lede-toolchain-ramips-mt7621_gcc-5.4.0_musl-1.1.24.Linux-x86_64/toolchain-mipsel_24kc_gcc-5.4.0_musl-1.1.24/bin/mipsel-openwrt-linux-musl-gcc object
configure:6806: /opt/lede-toolchain-ramips-mt7621_gcc-5.4.0_musl-1.1.24.Linux-x86_64/toolchain-mipsel_24kc_gcc-5.4.0_musl-1.1.24/bin/mipsel-openwrt-linux-musl-gcc -c -DRTAX53U -DRTAX53U -DRTAX53U -DMUSL_LIBC -DRTAX53U -DBCM_EVENTD -DEXT_ACS -D__CONFIG_EMF__ -D__CONFIG_WPS__ -Os -Wall -DLINUX26 -DCONFIG_RALINK -DMUSL_LIBC -DDEBUG_NOISY -DDEBUG_RCTEST -D_GNU_SOURCE -D__UAPI_DEF_ETHHDR -DRALINK_DBDC_MODE -pipe -funit-at-a-time -Wno-pointer-sign -mtune=mips32 -mips32 -DLINUX_KERNEL_VERSION=263366 --sysroot=/opt/lede-toolchain-ramips-mt7621_gcc-5.4.0_musl-1.1.24.Linux-x86_64/toolchain-mipsel_24kc_gcc-5.4.0_musl-1.1.24  -I/repo/Pass_GPL/asuswrt/release/src-ra-openwrt-4210/router/mipsel-musl/stage/usr/include -Wall -fno-strict-aliasing  conftest.c >&5
configure:6809: $? = 0
configure:6813: /opt/lede-toolchain-ramips-mt7621_gcc-5.4.0_musl-1.1.24.Linux-x86_64/toolchain-mipsel_24kc_gcc-5.4.0_musl-1.1.24/bin/mipsel-openwrt-linux-musl-nm conftest.o \| sed -n -e 's/^.*[ ]\([ABCDGIRSTW][ABCDGIRSTW]*\)[ ][ ]*\([_A-Za-z][_A-Za-z0-9]*\)$/\1 \2 \2/p' | sed '/ __gnu_lto/d' \> conftest.nm
configure:6816: $? = 0
configure:6882: /opt/lede-toolchain-ramips-mt7621_gcc-5.4.0_musl-1.1.24.Linux-x86_64/toolchain-mipsel_24kc_gcc-5.4.0_musl-1.1.24/bin/mipsel-openwrt-linux-musl-gcc -o conftest -DRTAX53U -DRTAX53U -DRTAX53U -DMUSL_LIBC -DRTAX53U -DBCM_EVENTD -DEXT_ACS -D__CONFIG_EMF__ -D__CONFIG_WPS__ -Os -Wall -DLINUX26 -DCONFIG_RALINK -DMUSL_LIBC -DDEBUG_NOISY -DDEBUG_RCTEST -D_GNU_SOURCE -D__UAPI_DEF_ETHHDR -DRALINK_DBDC_MODE -pipe -funit-at-a-time -Wno-pointer-sign -mtune=mips32 -mips32 -DLINUX_KERNEL_VERSION=263366 --sysroot=/opt/lede-toolchain-ramips-mt7621_gcc-5.4.0_musl-1.1.24.Linux-x86_64/toolchain-mipsel_24kc_gcc-5.4.0_musl-1.1.24  -I/repo/Pass_GPL/asuswrt/release/src-ra-openwrt-4210/router/mipsel-musl/stage/usr/include -Wall -fno-strict-aliasing  -L/repo/Pass_GPL/asuswrt/release/src-ra-openwrt-4210/router/mipsel-musl/stage/usr/lib conftest.c conftstm.o >&5
configure:6885: $? = 0
configure:6923: result: ok
configure:6970: checking for sysroot
configure:7000: result: no
configure:7007: checking for a working dd
configure:7045: result: /bin/dd
configure:7049: checking how to truncate binary pipes
configure:7064: result: /bin/dd bs=4096 count=1
configure:7353: checking for mipsel-linux-mt
configure:7383: result: no
configure:7393: checking for mt
configure:7423: result: no
configure:7443: checking if : is a manifest tool
configure:7449: : '-?'
configure:7457: result: no
configure:8129: checking for ANSI C header files
configure:8149: /opt/lede-toolchain-ramips-mt7621_gcc-5.4.0_musl-1.1.24.Linux-x86_64/toolchain-mipsel_24kc_gcc-5.4.0_musl-1.1.24/bin/mipsel-openwrt-linux-musl-gcc -c -DRTAX53U -DRTAX53U -DRTAX53U -DMUSL_LIBC -DRTAX53U -DBCM_EVENTD -DEXT_ACS -D__CONFIG_EMF__ -D__CONFIG_WPS__ -Os -Wall -DLINUX26 -DCONFIG_RALINK -DMUSL_LIBC -DDEBUG_NOISY -DDEBUG_RCTEST -D_GNU_SOURCE -D__UAPI_DEF_ETHHDR -DRALINK_DBDC_MODE -pipe -funit-at-a-time -Wno-pointer-sign -mtune=mips32 -mips32 -DLINUX_KERNEL_VERSION=263366 --sysroot=/opt/lede-toolchain-ramips-mt7621_gcc-5.4.0_musl-1.1.24.Linux-x86_64/toolchain-mipsel_24kc_gcc-5.4.0_musl-1.1.24  -I/repo/Pass_GPL/asuswrt/release/src-ra-openwrt-4210/router/mipsel-musl/stage/usr/include -Wall -fno-strict-aliasing  conftest.c >&5
configure:8149: $? = 0
configure:8233: result: yes
configure:8246: checking for sys/types.h
configure:8246: /opt/lede-toolchain-ramips-mt7621_gcc-5.4.0_musl-1.1.24.Linux-x86_64/toolchain-mipsel_24kc_gcc-5.4.0_musl-1.1.24/bin/mipsel-openwrt-linux-musl-gcc -c -DRTAX53U -DRTAX53U -DRTAX53U -DMUSL_LIBC -DRTAX53U -DBCM_EVENTD -DEXT_ACS -D__CONFIG_EMF__ -D__CONFIG_WPS__ -Os -Wall -DLINUX26 -DCONFIG_RALINK -DMUSL_LIBC -DDEBUG_NOISY -DDEBUG_RCTEST -D_GNU_SOURCE -D__UAPI_DEF_ETHHDR -DRALINK_DBDC_MODE -pipe -funit-at-a-time -Wno-pointer-sign -mtune=mips32 -mips32 -DLINUX_KERNEL_VERSION=263366 --sysroot=/opt/lede-toolchain-ramips-mt7621_gcc-5.4.0_musl-1.1.24.Linux-x86_64/toolchain-mipsel_24kc_gcc-5.4.0_musl-1.1.24  -I/repo/Pass_GPL/asuswrt/release/src-ra-openwrt-4210/router/mipsel-musl/stage/usr/include -Wall -fno-strict-aliasing  conftest.c >&5
configure:8246: $? = 0
configure:8246: result: yes
configure:8246: checking for sys/stat.h
configure:8246: /opt/lede-toolchain-ramips-mt7621_gcc-5.4.0_musl-1.1.24.Linux-x86_64/toolchain-mipsel_24kc_gcc-5.4.0_musl-1.1.24/bin/mipsel-openwrt-linux-musl-gcc -c -DRTAX53U -DRTAX53U -DRTAX53U -DMUSL_LIBC -DRTAX53U -DBCM_EVENTD -DEXT_ACS -D__CONFIG_EMF__ -D__CONFIG_WPS__ -Os -Wall -DLINUX26 -DCONFIG_RALINK -DMUSL_LIBC -DDEBUG_NOISY -DDEBUG_RCTEST -D_GNU_SOURCE -D__UAPI_DEF_ETHHDR -DRALINK_DBDC_MODE -pipe -funit-at-a-time -Wno-pointer-sign -mtune=mips32 -mips32 -DLINUX_KERNEL_VERSION=263366 --sysroot=/opt/lede-toolchain-ramips-mt7621_gcc-5.4.0_musl-1.1.24.Linux-x86_64/toolchain-mipsel_24kc_gcc-5.4.0_musl-1.1.24  -I/repo/Pass_GPL/asuswrt/release/src-ra-openwrt-4210/router/mipsel-musl/stage/usr/include -Wall -fno-strict-aliasing  conftest.c >&5
configure:8246: $? = 0
configure:8246: result: yes
configure:8246: checking for stdlib.h
configure:8246: /opt/lede-toolchain-ramips-mt7621_gcc-5.4.0_musl-1.1.24.Linux-x86_64/toolchain-mipsel_24kc_gcc-5.4.0_musl-1.1.24/bin/mipsel-openwrt-linux-musl-gcc -c -DRTAX53U -DRTAX53U -DRTAX53U -DMUSL_LIBC -DRTAX53U -DBCM_EVENTD -DEXT_ACS -D__CONFIG_EMF__ -D__CONFIG_WPS__ -Os -Wall -DLINUX26 -DCONFIG_RALINK -DMUSL_LIBC -DDEBUG_NOISY -DDEBUG_RCTEST -D_GNU_SOURCE -D__UAPI_DEF_ETHHDR -DRALINK_DBDC_MODE -pipe -funit-at-a-time -Wno-pointer-sign -mtune=mips32 -mips32 -DLINUX_KERNEL_VERSION=263366 --sysroot=/opt/lede-toolchain-ramips-mt7621_gcc-5.4.0_musl-1.1.24.Linux-x86_64/toolchain-mipsel_24kc_gcc-5.4.0_musl-1.1.24  -I/repo/Pass_GPL/asuswrt/release/src-ra-openwrt-4210/router/mipsel-musl/stage/usr/include -Wall -fno-strict-aliasing  conftest.c >&5
configure:8246: $? = 0
configure:8246: result: yes
configure:8246: checking for string.h
configure:8246: /opt/lede-toolchain-ramips-mt7621_gcc-5.4.0_musl-1.1.24.Linux-x86_64/toolchain-mipsel_24kc_gcc-5.4.0_musl-1.1.24/bin/mipsel-openwrt-linux-musl-gcc -c -DRTAX53U -DRTAX53U -DRTAX53U -DMUSL_LIBC -DRTAX53U -DBCM_EVENTD -DEXT_ACS -D__CONFIG_EMF__ -D__CONFIG_WPS__ -Os -Wall -DLINUX26 -DCONFIG_RALINK -DMUSL_LIBC -DDEBUG_NOISY -DDEBUG_RCTEST -D_GNU_SOURCE -D__UAPI_DEF_ETHHDR -DRALINK_DBDC_MODE -pipe -funit-at-a-time -Wno-pointer-sign -mtune=mips32 -mips32 -DLINUX_KERNEL_VERSION=263366 --sysroot=/opt/lede-toolchain-ramips-mt7621_gcc-5.4.0_musl-1.1.24.Linux-x86_64/toolchain-mipsel_24kc_gcc-5.4.0_musl-1.1.24  -I/repo/Pass_GPL/asuswrt/release/src-ra-openwrt-4210/router/mipsel-musl/stage/usr/include -Wall -fno-strict-aliasing  conftest.c >&5
configure:8246: $? = 0
configure:8246: result: yes
configure:8246: checking for memory.h
configure:8246: /opt/lede-toolchain-ramips-mt7621_gcc-5.4.0_musl-1.1.24.Linux-x86_64/toolchain-mipsel_24kc_gcc-5.4.0_musl-1.1.24/bin/mipsel-openwrt-linux-musl-gcc -c -DRTAX53U -DRTAX53U -DRTAX53U -DMUSL_LIBC -DRTAX53U -DBCM_EVENTD -DEXT_ACS -D__CONFIG_EMF__ -D__CONFIG_WPS__ -Os -Wall -DLINUX26 -DCONFIG_RALINK -DMUSL_LIBC -DDEBUG_NOISY -DDEBUG_RCTEST -D_GNU_SOURCE -D__UAPI_DEF_ETHHDR -DRALINK_DBDC_MODE -pipe -funit-at-a-time -Wno-pointer-sign -mtune=mips32 -mips32 -DLINUX_KERNEL_VERSION=263366 --sysroot=/opt/lede-toolchain-ramips-mt7621_gcc-5.4.0_musl-1.1.24.Linux-x86_64/toolchain-mipsel_24kc_gcc-5.4.0_musl-1.1.24  -I/repo/Pass_GPL/asuswrt/release/src-ra-openwrt-4210/router/mipsel-musl/stage/usr/include -Wall -fno-strict-aliasing  conftest.c >&5
configure:8246: $? = 0
configure:8246: result: yes
configure:8246: checking for strings.h
configure:8246: /opt/lede-toolchain-ramips-mt7621_gcc-5.4.0_musl-1.1.24.Linux-x86_64/toolchain-mipsel_24kc_gcc-5.4.0_musl-1.1.24/bin/mipsel-openwrt-linux-musl-gcc -c -DRTAX53U -DRTAX53U -DRTAX53U -DMUSL_LIBC -DRTAX53U -DBCM_EVENTD -DEXT_ACS -D__CONFIG_EMF__ -D__CONFIG_WPS__ -Os -Wall -DLINUX26 -DCONFIG_RALINK -DMUSL_LIBC -DDEBUG_NOISY -DDEBUG_RCTEST -D_GNU_SOURCE -D__UAPI_DEF_ETHHDR -DRALINK_DBDC_MODE -pipe -funit-at-a-time -Wno-pointer-sign -mtune=mips32 -mips32 -DLINUX_KERNEL_VERSION=263366 --sysroot=/opt/lede-toolchain-ramips-mt7621_gcc-5.4.0_musl-1.1.24.Linux-x86_64/toolchain-mipsel_24kc_gcc-5.4.0_musl-1.1.24  -I/repo/Pass_GPL/asuswrt/release/src-ra-openwrt-4210/router/mipsel-musl/stage/usr/include -Wall -fno-strict-aliasing  conftest.c >&5
configure:8246: $? = 0
configure:8246: result: yes
configure:8246: checking for inttypes.h
configure:8246: /opt/lede-toolchain-ramips-mt7621_gcc-5.4.0_musl-1.1.24.Linux-x86_64/toolchain-mipsel_24kc_gcc-5.4.0_musl-1.1.24/bin/mipsel-openwrt-linux-musl-gcc -c -DRTAX53U -DRTAX53U -DRTAX53U -DMUSL_LIBC -DRTAX53U -DBCM_EVENTD -DEXT_ACS -D__CONFIG_EMF__ -D__CONFIG_WPS__ -Os -Wall -DLINUX26 -DCONFIG_RALINK -DMUSL_LIBC -DDEBUG_NOISY -DDEBUG_RCTEST -D_GNU_SOURCE -D__UAPI_DEF_ETHHDR -DRALINK_DBDC_MODE -pipe -funit-at-a-time -Wno-pointer-sign -mtune=mips32 -mips32 -DLINUX_KERNEL_VERSION=263366 --sysroot=/opt/lede-toolchain-ramips-mt7621_gcc-5.4.0_musl-1.1.24.Linux-x86_64/toolchain-mipsel_24kc_gcc-5.4.0_musl-1.1.24  -I/repo/Pass_GPL/asuswrt/release/src-ra-openwrt-4210/router/mipsel-musl/stage/usr/include -Wall -fno-strict-aliasing  conftest.c >&5
configure:8246: $? = 0
configure:8246: result: yes
configure:8246: checking for stdint.h
configure:8246: /opt/lede-toolchain-ramips-mt7621_gcc-5.4.0_musl-1.1.24.Linux-x86_64/toolchain-mipsel_24kc_gcc-5.4.0_musl-1.1.24/bin/mipsel-openwrt-linux-musl-gcc -c -DRTAX53U -DRTAX53U -DRTAX53U -DMUSL_LIBC -DRTAX53U -DBCM_EVENTD -DEXT_ACS -D__CONFIG_EMF__ -D__CONFIG_WPS__ -Os -Wall -DLINUX26 -DCONFIG_RALINK -DMUSL_LIBC -DDEBUG_NOISY -DDEBUG_RCTEST -D_GNU_SOURCE -D__UAPI_DEF_ETHHDR -DRALINK_DBDC_MODE -pipe -funit-at-a-time -Wno-pointer-sign -mtune=mips32 -mips32 -DLINUX_KERNEL_VERSION=263366 --sysroot=/opt/lede-toolchain-ramips-mt7621_gcc-5.4.0_musl-1.1.24.Linux-x86_64/toolchain-mipsel_24kc_gcc-5.4.0_musl-1.1.24  -I/repo/Pass_GPL/asuswrt/release/src-ra-openwrt-4210/router/mipsel-musl/stage/usr/include -Wall -fno-strict-aliasing  conftest.c >&5
configure:8246: $? = 0
configure:8246: result: yes
configure:8246: checking for unistd.h
configure:8246: /opt/lede-toolchain-ramips-mt7621_gcc-5.4.0_musl-1.1.24.Linux-x86_64/toolchain-mipsel_24kc_gcc-5.4.0_musl-1.1.24/bin/mipsel-openwrt-linux-musl-gcc -c -DRTAX53U -DRTAX53U -DRTAX53U -DMUSL_LIBC -DRTAX53U -DBCM_EVENTD -DEXT_ACS -D__CONFIG_EMF__ -D__CONFIG_WPS__ -Os -Wall -DLINUX26 -DCONFIG_RALINK -DMUSL_LIBC -DDEBUG_NOISY -DDEBUG_RCTEST -D_GNU_SOURCE -D__UAPI_DEF_ETHHDR -DRALINK_DBDC_MODE -pipe -funit-at-a-time -Wno-pointer-sign -mtune=mips32 -mips32 -DLINUX_KERNEL_VERSION=263366 --sysroot=/opt/lede-toolchain-ramips-mt7621_gcc-5.4.0_musl-1.1.24.Linux-x86_64/toolchain-mipsel_24kc_gcc-5.4.0_musl-1.1.24  -I/repo/Pass_GPL/asuswrt/release/src-ra-openwrt-4210/router/mipsel-musl/stage/usr/include -Wall -fno-strict-aliasing  conftest.c >&5
configure:8246: $? = 0
configure:8246: result: yes
configure:8260: checking for dlfcn.h
configure:8260: /opt/lede-toolchain-ramips-mt7621_gcc-5.4.0_musl-1.1.24.Linux-x86_64/toolchain-mipsel_24kc_gcc-5.4.0_musl-1.1.24/bin/mipsel-openwrt-linux-musl-gcc -c -DRTAX53U -DRTAX53U -DRTAX53U -DMUSL_LIBC -DRTAX53U -DBCM_EVENTD -DEXT_ACS -D__CONFIG_EMF__ -D__CONFIG_WPS__ -Os -Wall -DLINUX26 -DCONFIG_RALINK -DMUSL_LIBC -DDEBUG_NOISY -DDEBUG_RCTEST -D_GNU_SOURCE -D__UAPI_DEF_ETHHDR -DRALINK_DBDC_MODE -pipe -funit-at-a-time -Wno-pointer-sign -mtune=mips32 -mips32 -DLINUX_KERNEL_VERSION=263366 --sysroot=/opt/lede-toolchain-ramips-mt7621_gcc-5.4.0_musl-1.1.24.Linux-x86_64/toolchain-mipsel_24kc_gcc-5.4.0_musl-1.1.24  -I/repo/Pass_GPL/asuswrt/release/src-ra-openwrt-4210/router/mipsel-musl/stage/usr/include -Wall -fno-strict-aliasing  conftest.c >&5
configure:8260: $? = 0
configure:8260: result: yes
configure:8516: checking for objdir
configure:8531: result: .libs
configure:8795: checking if /opt/lede-toolchain-ramips-mt7621_gcc-5.4.0_musl-1.1.24.Linux-x86_64/toolchain-mipsel_24kc_gcc-5.4.0_musl-1.1.24/bin/mipsel-openwrt-linux-musl-gcc supports -fno-rtti -fno-exceptions
configure:8813: /opt/lede-toolchain-ramips-mt7621_gcc-5.4.0_musl-1.1.24.Linux-x86_64/toolchain-mipsel_24kc_gcc-5.4.0_musl-1.1.24/bin/mipsel-openwrt-linux-musl-gcc -c -DRTAX53U -DRTAX53U -DRTAX53U -DMUSL_LIBC -DRTAX53U -DBCM_EVENTD -DEXT_ACS -D__CONFIG_EMF__ -D__CONFIG_WPS__ -Os -Wall -DLINUX26 -DCONFIG_RALINK -DMUSL_LIBC -DDEBUG_NOISY -DDEBUG_RCTEST -D_GNU_SOURCE -D__UAPI_DEF_ETHHDR -DRALINK_DBDC_MODE -pipe -funit-at-a-time -Wno-pointer-sign -mtune=mips32 -mips32 -DLINUX_KERNEL_VERSION=263366 --sysroot=/opt/lede-toolchain-ramips-mt7621_gcc-5.4.0_musl-1.1.24.Linux-x86_64/toolchain-mipsel_24kc_gcc-5.4.0_musl-1.1.24  -I/repo/Pass_GPL/asuswrt/release/src-ra-openwrt-4210/router/mipsel-musl/stage/usr/include -Wall -fno-strict-aliasing  -fno-rtti -fno-exceptions conftest.c >&5
cc1: warning: command line option '-fno-rtti' is valid for C++/ObjC++ but not for C
configure:8817: $? = 0
configure:8830: result: no
configure:9188: checking for /opt/lede-toolchain-ramips-mt7621_gcc-5.4.0_musl-1.1.24.Linux-x86_64/toolchain-mipsel_24kc_gcc-5.4.0_musl-1.1.24/bin/mipsel-openwrt-linux-musl-gcc option to produce PIC
configure:9195: result: -fPIC -DPIC
configure:9203: checking if /opt/lede-toolchain-ramips-mt7621_gcc-5.4.0_musl-1.1.24.Linux-x86_64/toolchain-mipsel_24kc_gcc-5.4.0_musl-1.1.24/bin/mipsel-openwrt-linux-musl-gcc PIC flag -fPIC -DPIC works
configure:9221: /opt/lede-toolchain-ramips-mt7621_gcc-5.4.0_musl-1.1.24.Linux-x86_64/toolchain-mipsel_24kc_gcc-5.4.0_musl-1.1.24/bin/mipsel-openwrt-linux-musl-gcc -c -DRTAX53U -DRTAX53U -DRTAX53U -DMUSL_LIBC -DRTAX53U -DBCM_EVENTD -DEXT_ACS -D__CONFIG_EMF__ -D__CONFIG_WPS__ -Os -Wall -DLINUX26 -DCONFIG_RALINK -DMUSL_LIBC -DDEBUG_NOISY -DDEBUG_RCTEST -D_GNU_SOURCE -D__UAPI_DEF_ETHHDR -DRALINK_DBDC_MODE -pipe -funit-at-a-time -Wno-pointer-sign -mtune=mips32 -mips32 -DLINUX_KERNEL_VERSION=263366 --sysroot=/opt/lede-toolchain-ramips-mt7621_gcc-5.4.0_musl-1.1.24.Linux-x86_64/toolchain-mipsel_24kc_gcc-5.4.0_musl-1.1.24  -I/repo/Pass_GPL/asuswrt/release/src-ra-openwrt-4210/router/mipsel-musl/stage/usr/include -Wall -fno-strict-aliasing  -fPIC -DPIC -DPIC conftest.c >&5
configure:9225: $? = 0
configure:9238: result: yes
configure:9267: checking if /opt/lede-toolchain-ramips-mt7621_gcc-5.4.0_musl-1.1.24.Linux-x86_64/toolchain-mipsel_24kc_gcc-5.4.0_musl-1.1.24/bin/mipsel-openwrt-linux-musl-gcc static flag -static works
configure:9295: result: yes
configure:9310: checking if /opt/lede-toolchain-ramips-mt7621_gcc-5.4.0_musl-1.1.24.Linux-x86_64/toolchain-mipsel_24kc_gcc-5.4.0_musl-1.1.24/bin/mipsel-openwrt-linux-musl-gcc supports -c -o file.o
configure:9331: /opt/lede-toolchain-ramips-mt7621_gcc-5.4.0_musl-1.1.24.Linux-x86_64/toolchain-mipsel_24kc_gcc-5.4.0_musl-1.1.24/bin/mipsel-openwrt-linux-musl-gcc -c -DRTAX53U -DRTAX53U -DRTAX53U -DMUSL_LIBC -DRTAX53U -DBCM_EVENTD -DEXT_ACS -D__CONFIG_EMF__ -D__CONFIG_WPS__ -Os -Wall -DLINUX26 -DCONFIG_RALINK -DMUSL_LIBC -DDEBUG_NOISY -DDEBUG_RCTEST -D_GNU_SOURCE -D__UAPI_DEF_ETHHDR -DRALINK_DBDC_MODE -pipe -funit-at-a-time -Wno-pointer-sign -mtune=mips32 -mips32 -DLINUX_KERNEL_VERSION=263366 --sysroot=/opt/lede-toolchain-ramips-mt7621_gcc-5.4.0_musl-1.1.24.Linux-x86_64/toolchain-mipsel_24kc_gcc-5.4.0_musl-1.1.24  -I/repo/Pass_GPL/asuswrt/release/src-ra-openwrt-4210/router/mipsel-musl/stage/usr/include -Wall -fno-strict-aliasing  -o out/conftest2.o conftest.c >&5
configure:9335: $? = 0
configure:9357: result: yes
configure:9365: checking if /opt/lede-toolchain-ramips-mt7621_gcc-5.4.0_musl-1.1.24.Linux-x86_64/toolchain-mipsel_24kc_gcc-5.4.0_musl-1.1.24/bin/mipsel-openwrt-linux-musl-gcc supports -c -o file.o
configure:9412: result: yes
configure:9445: checking whether the /opt/lede-toolchain-ramips-mt7621_gcc-5.4.0_musl-1.1.24.Linux-x86_64/toolchain-mipsel_24kc_gcc-5.4.0_musl-1.1.24/bin/mipsel-openwrt-linux-musl-gcc linker (/opt/lede-toolchain-ramips-mt7621_gcc-5.4.0_musl-1.1.24.Linux-x86_64/toolchain-mipsel_24kc_gcc-5.4.0_musl-1.1.24/bin/mipsel-openwrt-linux-musl-ld) supports shared libraries
configure:10708: result: yes
configure:10745: checking whether -lc should be explicitly linked in
configure:10753: /opt/lede-toolchain-ramips-mt7621_gcc-5.4.0_musl-1.1.24.Linux-x86_64/toolchain-mipsel_24kc_gcc-5.4.0_musl-1.1.24/bin/mipsel-openwrt-linux-musl-gcc -c -DRTAX53U -DRTAX53U -DRTAX53U -DMUSL_LIBC -DRTAX53U -DBCM_EVENTD -DEXT_ACS -D__CONFIG_EMF__ -D__CONFIG_WPS__ -Os -Wall -DLINUX26 -DCONFIG_RALINK -DMUSL_LIBC -DDEBUG_NOISY -DDEBUG_RCTEST -D_GNU_SOURCE -D__UAPI_DEF_ETHHDR -DRALINK_DBDC_MODE -pipe -funit-at-a-time -Wno-pointer-sign -mtune=mips32 -mips32 -DLINUX_KERNEL_VERSION=263366 --sysroot=/opt/lede-toolchain-ramips-mt7621_gcc-5.4.0_musl-1.1.24.Linux-x86_64/toolchain-mipsel_24kc_gcc-5.4.0_musl-1.1.24  -I/repo/Pass_GPL/asuswrt/release/src-ra-openwrt-4210/router/mipsel-musl/stage/usr/include -Wall -fno-strict-aliasing  conftest.c >&5
configure:10756: $? = 0
configure:10771: /opt/lede-toolchain-ramips-mt7621_gcc-5.4.0_musl-1.1.24.Linux-x86_64/toolchain-mipsel_24kc_gcc-5.4.0_musl-1.1.24/bin/mipsel-openwrt-linux-musl-gcc -shared  -fPIC -DPIC conftest.o  -v -Wl,-soname -Wl,conftest -o conftest 2\>\&1 \| /bin/grep  -lc  \>/dev/null 2\>\&1
configure:10774: $? = 0
configure:10788: result: no
configure:10948: checking dynamic linker characteristics
configure:11529: /opt/lede-toolchain-ramips-mt7621_gcc-5.4.0_musl-1.1.24.Linux-x86_64/toolchain-mipsel_24kc_gcc-5.4.0_musl-1.1.24/bin/mipsel-openwrt-linux-musl-gcc -o conftest -DRTAX53U -DRTAX53U -DRTAX53U -DMUSL_LIBC -DRTAX53U -DBCM_EVENTD -DEXT_ACS -D__CONFIG_EMF__ -D__CONFIG_WPS__ -Os -Wall -DLINUX26 -DCONFIG_RALINK -DMUSL_LIBC -DDEBUG_NOISY -DDEBUG_RCTEST -D_GNU_SOURCE -D__UAPI_DEF_ETHHDR -DRALINK_DBDC_MODE -pipe -funit-at-a-time -Wno-pointer-sign -mtune=mips32 -mips32 -DLINUX_KERNEL_VERSION=263366 --sysroot=/opt/lede-toolchain-ramips-mt7621_gcc-5.4.0_musl-1.1.24.Linux-x86_64/toolchain-mipsel_24kc_gcc-5.4.0_musl-1.1.24  -I/repo/Pass_GPL/asuswrt/release/src-ra-openwrt-4210/router/mipsel-musl/stage/usr/include -Wall -fno-strict-aliasing  -L/repo/Pass_GPL/asuswrt/release/src-ra-openwrt-4210/router/mipsel-musl/stage/usr/lib -Wl,-rpath -Wl,/foo conftest.c  >&5
configure:11529: $? = 0
configure:11778: result: GNU/Linux ld.so
configure:11900: checking how to hardcode library paths into programs
configure:11925: result: immediate
configure:12473: checking whether stripping libraries is possible
configure:12478: result: yes
configure:12513: checking if libtool supports shared libraries
configure:12515: result: yes
configure:12518: checking whether to build shared libraries
configure:12543: result: yes
configure:12546: checking whether to build static libraries
configure:12550: result: yes
configure:12599: checking for library containing inet_ntoa
configure:12630: /opt/lede-toolchain-ramips-mt7621_gcc-5.4.0_musl-1.1.24.Linux-x86_64/toolchain-mipsel_24kc_gcc-5.4.0_musl-1.1.24/bin/mipsel-openwrt-linux-musl-gcc -o conftest -DRTAX53U -DRTAX53U -DRTAX53U -DMUSL_LIBC -DRTAX53U -DBCM_EVENTD -DEXT_ACS -D__CONFIG_EMF__ -D__CONFIG_WPS__ -Os -Wall -DLINUX26 -DCONFIG_RALINK -DMUSL_LIBC -DDEBUG_NOISY -DDEBUG_RCTEST -D_GNU_SOURCE -D__UAPI_DEF_ETHHDR -DRALINK_DBDC_MODE -pipe -funit-at-a-time -Wno-pointer-sign -mtune=mips32 -mips32 -DLINUX_KERNEL_VERSION=263366 --sysroot=/opt/lede-toolchain-ramips-mt7621_gcc-5.4.0_musl-1.1.24.Linux-x86_64/toolchain-mipsel_24kc_gcc-5.4.0_musl-1.1.24  -I/repo/Pass_GPL/asuswrt/release/src-ra-openwrt-4210/router/mipsel-musl/stage/usr/include -Wall -fno-strict-aliasing  -L/repo/Pass_GPL/asuswrt/release/src-ra-openwrt-4210/router/mipsel-musl/stage/usr/lib conftest.c  >&5
configure:12630: $? = 0
configure:12647: result: none required
configure:12655: checking for library containing socket
configure:12686: /opt/lede-toolchain-ramips-mt7621_gcc-5.4.0_musl-1.1.24.Linux-x86_64/toolchain-mipsel_24kc_gcc-5.4.0_musl-1.1.24/bin/mipsel-openwrt-linux-musl-gcc -o conftest -DRTAX53U -DRTAX53U -DRTAX53U -DMUSL_LIBC -DRTAX53U -DBCM_EVENTD -DEXT_ACS -D__CONFIG_EMF__ -D__CONFIG_WPS__ -Os -Wall -DLINUX26 -DCONFIG_RALINK -DMUSL_LIBC -DDEBUG_NOISY -DDEBUG_RCTEST -D_GNU_SOURCE -D__UAPI_DEF_ETHHDR -DRALINK_DBDC_MODE -pipe -funit-at-a-time -Wno-pointer-sign -mtune=mips32 -mips32 -DLINUX_KERNEL_VERSION=263366 --sysroot=/opt/lede-toolchain-ramips-mt7621_gcc-5.4.0_musl-1.1.24.Linux-x86_64/toolchain-mipsel_24kc_gcc-5.4.0_musl-1.1.24  -I/repo/Pass_GPL/asuswrt/release/src-ra-openwrt-4210/router/mipsel-musl/stage/usr/include -Wall -fno-strict-aliasing  -L/repo/Pass_GPL/asuswrt/release/src-ra-openwrt-4210/router/mipsel-musl/stage/usr/lib conftest.c  >&5
configure:12686: $? = 0
configure:12703: result: none required
configure:12711: checking for library containing inet_aton
configure:12742: /opt/lede-toolchain-ramips-mt7621_gcc-5.4.0_musl-1.1.24.Linux-x86_64/toolchain-mipsel_24kc_gcc-5.4.0_musl-1.1.24/bin/mipsel-openwrt-linux-musl-gcc -o conftest -DRTAX53U -DRTAX53U -DRTAX53U -DMUSL_LIBC -DRTAX53U -DBCM_EVENTD -DEXT_ACS -D__CONFIG_EMF__ -D__CONFIG_WPS__ -Os -Wall -DLINUX26 -DCONFIG_RALINK -DMUSL_LIBC -DDEBUG_NOISY -DDEBUG_RCTEST -D_GNU_SOURCE -D__UAPI_DEF_ETHHDR -DRALINK_DBDC_MODE -pipe -funit-at-a-time -Wno-pointer-sign -mtune=mips32 -mips32 -DLINUX_KERNEL_VERSION=263366 --sysroot=/opt/lede-toolchain-ramips-mt7621_gcc-5.4.0_musl-1.1.24.Linux-x86_64/toolchain-mipsel_24kc_gcc-5.4.0_musl-1.1.24  -I/repo/Pass_GPL/asuswrt/release/src-ra-openwrt-4210/router/mipsel-musl/stage/usr/include -Wall -fno-strict-aliasing  -L/repo/Pass_GPL/asuswrt/release/src-ra-openwrt-4210/router/mipsel-musl/stage/usr/lib conftest.c  >&5
configure:12742: $? = 0
configure:12759: result: none required
configure:12767: checking for library containing clock_gettime
configure:12798: /opt/lede-toolchain-ramips-mt7621_gcc-5.4.0_musl-1.1.24.Linux-x86_64/toolchain-mipsel_24kc_gcc-5.4.0_musl-1.1.24/bin/mipsel-openwrt-linux-musl-gcc -o conftest -DRTAX53U -DRTAX53U -DRTAX53U -DMUSL_LIBC -DRTAX53U -DBCM_EVENTD -DEXT_ACS -D__CONFIG_EMF__ -D__CONFIG_WPS__ -Os -Wall -DLINUX26 -DCONFIG_RALINK -DMUSL_LIBC -DDEBUG_NOISY -DDEBUG_RCTEST -D_GNU_SOURCE -D__UAPI_DEF_ETHHDR -DRALINK_DBDC_MODE -pipe -funit-at-a-time -Wno-pointer-sign -mtune=mips32 -mips32 -DLINUX_KERNEL_VERSION=263366 --sysroot=/opt/lede-toolchain-ramips-mt7621_gcc-5.4.0_musl-1.1.24.Linux-x86_64/toolchain-mipsel_24kc_gcc-5.4.0_musl-1.1.24  -I/repo/Pass_GPL/asuswrt/release/src-ra-openwrt-4210/router/mipsel-musl/stage/usr/include -Wall -fno-strict-aliasing  -L/repo/Pass_GPL/asuswrt/release/src-ra-openwrt-4210/router/mipsel-musl/stage/usr/lib conftest.c  >&5
configure:12798: $? = 0
configure:12815: result: none required
configure:12823: checking for library containing sendfile
configure:12854: /opt/lede-toolchain-ramips-mt7621_gcc-5.4.0_musl-1.1.24.Linux-x86_64/toolchain-mipsel_24kc_gcc-5.4.0_musl-1.1.24/bin/mipsel-openwrt-linux-musl-gcc -o conftest -DRTAX53U -DRTAX53U -DRTAX53U -DMUSL_LIBC -DRTAX53U -DBCM_EVENTD -DEXT_ACS -D__CONFIG_EMF__ -D__CONFIG_WPS__ -Os -Wall -DLINUX26 -DCONFIG_RALINK -DMUSL_LIBC -DDEBUG_NOISY -DDEBUG_RCTEST -D_GNU_SOURCE -D__UAPI_DEF_ETHHDR -DRALINK_DBDC_MODE -pipe -funit-at-a-time -Wno-pointer-sign -mtune=mips32 -mips32 -DLINUX_KERNEL_VERSION=263366 --sysroot=/opt/lede-toolchain-ramips-mt7621_gcc-5.4.0_musl-1.1.24.Linux-x86_64/toolchain-mipsel_24kc_gcc-5.4.0_musl-1.1.24  -I/repo/Pass_GPL/asuswrt/release/src-ra-openwrt-4210/router/mipsel-musl/stage/usr/include -Wall -fno-strict-aliasing  -L/repo/Pass_GPL/asuswrt/release/src-ra-openwrt-4210/router/mipsel-musl/stage/usr/lib conftest.c  >&5
configure:12854: $? = 0
configure:12871: result: none required
configure:12880: checking for WIN32
configure:12897: /opt/lede-toolchain-ramips-mt7621_gcc-5.4.0_musl-1.1.24.Linux-x86_64/toolchain-mipsel_24kc_gcc-5.4.0_musl-1.1.24/bin/mipsel-openwrt-linux-musl-gcc -c -DRTAX53U -DRTAX53U -DRTAX53U -DMUSL_LIBC -DRTAX53U -DBCM_EVENTD -DEXT_ACS -D__CONFIG_EMF__ -D__CONFIG_WPS__ -Os -Wall -DLINUX26 -DCONFIG_RALINK -DMUSL_LIBC -DDEBUG_NOISY -DDEBUG_RCTEST -D_GNU_SOURCE -D__UAPI_DEF_ETHHDR -DRALINK_DBDC_MODE -pipe -funit-at-a-time -Wno-pointer-sign -mtune=mips32 -mips32 -DLINUX_KERNEL_VERSION=263366 --sysroot=/opt/lede-toolchain-ramips-mt7621_gcc-5.4.0_musl-1.1.24.Linux-x86_64/toolchain-mipsel_24kc_gcc-5.4.0_musl-1.1.24  -I/repo/Pass_GPL/asuswrt/release/src-ra-openwrt-4210/router/mipsel-musl/stage/usr/include -Wall -fno-strict-aliasing  conftest.c >&5
conftest.c: In function 'main':
conftest.c:30:1: error: unknown type name 'die'
 die horribly
 ^
conftest.c:30:5: warning: unused variable 'horribly' [-Wunused-variable]
 die horribly
     ^
configure:12897: $? = 1
configure: failed program was:
| /* confdefs.h */
| #define PACKAGE_NAME ""
| #define PACKAGE_TARNAME ""
| #define PACKAGE_VERSION ""
| #define PACKAGE_STRING ""
| #define PACKAGE_BUGREPORT ""
| #define PACKAGE_URL ""
| #define PACKAGE "libevent"
| #define VERSION "2.0.21-stable"
| #define NUMERIC_VERSION 0x02001500
| #define STDC_HEADERS 1
| #define HAVE_SYS_TYPES_H 1
| #define HAVE_SYS_STAT_H 1
| #define HAVE_STDLIB_H 1
| #define HAVE_STRING_H 1
| #define HAVE_MEMORY_H 1
| #define HAVE_STRINGS_H 1
| #define HAVE_INTTYPES_H 1
| #define HAVE_STDINT_H 1
| #define HAVE_UNISTD_H 1
| #define HAVE_DLFCN_H 1
| #define LT_OBJDIR ".libs/"
| /* end confdefs.h.  */
| 
| int
| main ()
| {
| 
| #ifndef WIN32
| die horribly
| #endif
| 
|   ;
|   return 0;
| }
configure:12901: result: no
configure:12906: checking for CYGWIN
configure:12923: /opt/lede-toolchain-ramips-mt7621_gcc-5.4.0_musl-1.1.24.Linux-x86_64/toolchain-mipsel_24kc_gcc-5.4.0_musl-1.1.24/bin/mipsel-openwrt-linux-musl-gcc -c -DRTAX53U -DRTAX53U -DRTAX53U -DMUSL_LIBC -DRTAX53U -DBCM_EVENTD -DEXT_ACS -D__CONFIG_EMF__ -D__CONFIG_WPS__ -Os -Wall -DLINUX26 -DCONFIG_RALINK -DMUSL_LIBC -DDEBUG_NOISY -DDEBUG_RCTEST -D_GNU_SOURCE -D__UAPI_DEF_ETHHDR -DRALINK_DBDC_MODE -pipe -funit-at-a-time -Wno-pointer-sign -mtune=mips32 -mips32 -DLINUX_KERNEL_VERSION=263366 --sysroot=/opt/lede-toolchain-ramips-mt7621_gcc-5.4.0_musl-1.1.24.Linux-x86_64/toolchain-mipsel_24kc_gcc-5.4.0_musl-1.1.24  -I/repo/Pass_GPL/asuswrt/release/src-ra-openwrt-4210/router/mipsel-musl/stage/usr/include -Wall -fno-strict-aliasing  conftest.c >&5
conftest.c: In function 'main':
conftest.c:30:1: error: unknown type name 'die'
 die horribly
 ^
conftest.c:30:5: warning: unused variable 'horribly' [-Wunused-variable]
 die horribly
     ^
configure:12923: $? = 1
configure: failed program was:
| /* confdefs.h */
| #define PACKAGE_NAME ""
| #define PACKAGE_TARNAME ""
| #define PACKAGE_VERSION ""
| #define PACKAGE_STRING ""
| #define PACKAGE_BUGREPORT ""
| #define PACKAGE_URL ""
| #define PACKAGE "libevent"
| #define VERSION "2.0.21-stable"
| #define NUMERIC_VERSION 0x02001500
| #define STDC_HEADERS 1
| #define HAVE_SYS_TYPES_H 1
| #define HAVE_SYS_STAT_H 1
| #define HAVE_STDLIB_H 1
| #define HAVE_STRING_H 1
| #define HAVE_MEMORY_H 1
| #define HAVE_STRINGS_H 1
| #define HAVE_INTTYPES_H 1
| #define HAVE_STDINT_H 1
| #define HAVE_UNISTD_H 1
| #define HAVE_DLFCN_H 1
| #define LT_OBJDIR ".libs/"
| /* end confdefs.h.  */
| 
| int
| main ()
| {
| 
| #ifndef __CYGWIN__
| die horribly
| #endif
| 
|   ;
|   return 0;
| }
configure:12927: result: no
configure:12934: checking zlib.h usability
configure:12934: /opt/lede-toolchain-ramips-mt7621_gcc-5.4.0_musl-1.1.24.Linux-x86_64/toolchain-mipsel_24kc_gcc-5.4.0_musl-1.1.24/bin/mipsel-openwrt-linux-musl-gcc -c -DRTAX53U -DRTAX53U -DRTAX53U -DMUSL_LIBC -DRTAX53U -DBCM_EVENTD -DEXT_ACS -D__CONFIG_EMF__ -D__CONFIG_WPS__ -Os -Wall -DLINUX26 -DCONFIG_RALINK -DMUSL_LIBC -DDEBUG_NOISY -DDEBUG_RCTEST -D_GNU_SOURCE -D__UAPI_DEF_ETHHDR -DRALINK_DBDC_MODE -pipe -funit-at-a-time -Wno-pointer-sign -mtune=mips32 -mips32 -DLINUX_KERNEL_VERSION=263366 --sysroot=/opt/lede-toolchain-ramips-mt7621_gcc-5.4.0_musl-1.1.24.Linux-x86_64/toolchain-mipsel_24kc_gcc-5.4.0_musl-1.1.24  -I/repo/Pass_GPL/asuswrt/release/src-ra-openwrt-4210/router/mipsel-musl/stage/usr/include -Wall -fno-strict-aliasing  conftest.c >&5
configure:12934: $? = 0
configure:12934: result: yes
configure:12934: checking zlib.h presence
configure:12934: /opt/lede-toolchain-ramips-mt7621_gcc-5.4.0_musl-1.1.24.Linux-x86_64/toolchain-mipsel_24kc_gcc-5.4.0_musl-1.1.24/bin/mipsel-openwrt-linux-musl-gcc -E  conftest.c
conftest.c:24:18: fatal error: zlib.h: No such file or directory
compilation terminated.
configure:12934: $? = 1
configure: failed program was:
| /* confdefs.h */
| #define PACKAGE_NAME ""
| #define PACKAGE_TARNAME ""
| #define PACKAGE_VERSION ""
| #define PACKAGE_STRING ""
| #define PACKAGE_BUGREPORT ""
| #define PACKAGE_URL ""
| #define PACKAGE "libevent"
| #define VERSION "2.0.21-stable"
| #define NUMERIC_VERSION 0x02001500
| #define STDC_HEADERS 1
| #define HAVE_SYS_TYPES_H 1
| #define HAVE_SYS_STAT_H 1
| #define HAVE_STDLIB_H 1
| #define HAVE_STRING_H 1
| #define HAVE_MEMORY_H 1
| #define HAVE_STRINGS_H 1
| #define HAVE_INTTYPES_H 1
| #define HAVE_STDINT_H 1
| #define HAVE_UNISTD_H 1
| #define HAVE_DLFCN_H 1
| #define LT_OBJDIR ".libs/"
| /* end confdefs.h.  */
| #include <zlib.h>
configure:12934: result: no
configure:12934: WARNING: zlib.h: accepted by the compiler, rejected by the preprocessor!
configure:12934: WARNING: zlib.h: proceeding with the compiler's result
configure:12934: checking for zlib.h
configure:12934: result: yes
configure:12950: checking for library containing inflateEnd
configure:12981: /opt/lede-toolchain-ramips-mt7621_gcc-5.4.0_musl-1.1.24.Linux-x86_64/toolchain-mipsel_24kc_gcc-5.4.0_musl-1.1.24/bin/mipsel-openwrt-linux-musl-gcc -o conftest -DRTAX53U -DRTAX53U -DRTAX53U -DMUSL_LIBC -DRTAX53U -DBCM_EVENTD -DEXT_ACS -D__CONFIG_EMF__ -D__CONFIG_WPS__ -Os -Wall -DLINUX26 -DCONFIG_RALINK -DMUSL_LIBC -DDEBUG_NOISY -DDEBUG_RCTEST -D_GNU_SOURCE -D__UAPI_DEF_ETHHDR -DRALINK_DBDC_MODE -pipe -funit-at-a-time -Wno-pointer-sign -mtune=mips32 -mips32 -DLINUX_KERNEL_VERSION=263366 --sysroot=/opt/lede-toolchain-ramips-mt7621_gcc-5.4.0_musl-1.1.24.Linux-x86_64/toolchain-mipsel_24kc_gcc-5.4.0_musl-1.1.24  -I/repo/Pass_GPL/asuswrt/release/src-ra-openwrt-4210/router/mipsel-musl/stage/usr/include -Wall -fno-strict-aliasing  -L/repo/Pass_GPL/asuswrt/release/src-ra-openwrt-4210/router/mipsel-musl/stage/usr/lib conftest.c  >&5
/tmp/ccFN2yq7.o: In function `main':
conftest.c:(.text.startup+0x8): undefined reference to `inflateEnd'
collect2: error: ld returned 1 exit status
configure:12981: $? = 1
configure: failed program was:
| /* confdefs.h */
| #define PACKAGE_NAME ""
| #define PACKAGE_TARNAME ""
| #define PACKAGE_VERSION ""
| #define PACKAGE_STRING ""
| #define PACKAGE_BUGREPORT ""
| #define PACKAGE_URL ""
| #define PACKAGE "libevent"
| #define VERSION "2.0.21-stable"
| #define NUMERIC_VERSION 0x02001500
| #define STDC_HEADERS 1
| #define HAVE_SYS_TYPES_H 1
| #define HAVE_SYS_STAT_H 1
| #define HAVE_STDLIB_H 1
| #define HAVE_STRING_H 1
| #define HAVE_MEMORY_H 1
| #define HAVE_STRINGS_H 1
| #define HAVE_INTTYPES_H 1
| #define HAVE_STDINT_H 1
| #define HAVE_UNISTD_H 1
| #define HAVE_DLFCN_H 1
| #define LT_OBJDIR ".libs/"
| #define HAVE_ZLIB_H 1
| /* end confdefs.h.  */
| 
| /* Override any GCC internal prototype to avoid an error.
|    Use char because int might match the return type of a GCC
|    builtin and then its argument prototype would still apply.  */
| #ifdef __cplusplus
| extern "C"
| #endif
| char inflateEnd ();
| int
| main ()
| {
| return inflateEnd ();
|   ;
|   return 0;
| }
configure:12981: /opt/lede-toolchain-ramips-mt7621_gcc-5.4.0_musl-1.1.24.Linux-x86_64/toolchain-mipsel_24kc_gcc-5.4.0_musl-1.1.24/bin/mipsel-openwrt-linux-musl-gcc -o conftest -DRTAX53U -DRTAX53U -DRTAX53U -DMUSL_LIBC -DRTAX53U -DBCM_EVENTD -DEXT_ACS -D__CONFIG_EMF__ -D__CONFIG_WPS__ -Os -Wall -DLINUX26 -DCONFIG_RALINK -DMUSL_LIBC -DDEBUG_NOISY -DDEBUG_RCTEST -D_GNU_SOURCE -D__UAPI_DEF_ETHHDR -DRALINK_DBDC_MODE -pipe -funit-at-a-time -Wno-pointer-sign -mtune=mips32 -mips32 -DLINUX_KERNEL_VERSION=263366 --sysroot=/opt/lede-toolchain-ramips-mt7621_gcc-5.4.0_musl-1.1.24.Linux-x86_64/toolchain-mipsel_24kc_gcc-5.4.0_musl-1.1.24  -I/repo/Pass_GPL/asuswrt/release/src-ra-openwrt-4210/router/mipsel-musl/stage/usr/include -Wall -fno-strict-aliasing  -L/repo/Pass_GPL/asuswrt/release/src-ra-openwrt-4210/router/mipsel-musl/stage/usr/lib conftest.c -lz   >&5
configure:12981: $? = 0
configure:12998: result: -lz
configure:13035: checking openssl/bio.h usability
configure:13035: /opt/lede-toolchain-ramips-mt7621_gcc-5.4.0_musl-1.1.24.Linux-x86_64/toolchain-mipsel_24kc_gcc-5.4.0_musl-1.1.24/bin/mipsel-openwrt-linux-musl-gcc -c -DRTAX53U -DRTAX53U -DRTAX53U -DMUSL_LIBC -DRTAX53U -DBCM_EVENTD -DEXT_ACS -D__CONFIG_EMF__ -D__CONFIG_WPS__ -Os -Wall -DLINUX26 -DCONFIG_RALINK -DMUSL_LIBC -DDEBUG_NOISY -DDEBUG_RCTEST -D_GNU_SOURCE -D__UAPI_DEF_ETHHDR -DRALINK_DBDC_MODE -pipe -funit-at-a-time -Wno-pointer-sign -mtune=mips32 -mips32 -DLINUX_KERNEL_VERSION=263366 --sysroot=/opt/lede-toolchain-ramips-mt7621_gcc-5.4.0_musl-1.1.24.Linux-x86_64/toolchain-mipsel_24kc_gcc-5.4.0_musl-1.1.24  -I/repo/Pass_GPL/asuswrt/release/src-ra-openwrt-4210/router/mipsel-musl/stage/usr/include -Wall -fno-strict-aliasing  conftest.c >&5
configure:13035: $? = 0
configure:13035: result: yes
configure:13035: checking openssl/bio.h presence
configure:13035: /opt/lede-toolchain-ramips-mt7621_gcc-5.4.0_musl-1.1.24.Linux-x86_64/toolchain-mipsel_24kc_gcc-5.4.0_musl-1.1.24/bin/mipsel-openwrt-linux-musl-gcc -E  conftest.c
conftest.c:26:25: fatal error: openssl/bio.h: No such file or directory
compilation terminated.
configure:13035: $? = 1
configure: failed program was:
| /* confdefs.h */
| #define PACKAGE_NAME ""
| #define PACKAGE_TARNAME ""
| #define PACKAGE_VERSION ""
| #define PACKAGE_STRING ""
| #define PACKAGE_BUGREPORT ""
| #define PACKAGE_URL ""
| #define PACKAGE "libevent"
| #define VERSION "2.0.21-stable"
| #define NUMERIC_VERSION 0x02001500
| #define STDC_HEADERS 1
| #define HAVE_SYS_TYPES_H 1
| #define HAVE_SYS_STAT_H 1
| #define HAVE_STDLIB_H 1
| #define HAVE_STRING_H 1
| #define HAVE_MEMORY_H 1
| #define HAVE_STRINGS_H 1
| #define HAVE_INTTYPES_H 1
| #define HAVE_STDINT_H 1
| #define HAVE_UNISTD_H 1
| #define HAVE_DLFCN_H 1
| #define LT_OBJDIR ".libs/"
| #define HAVE_ZLIB_H 1
| #define HAVE_LIBZ 1
| /* end confdefs.h.  */
| #include <openssl/bio.h>
configure:13035: result: no
configure:13035: WARNING: openssl/bio.h: accepted by the compiler, rejected by the preprocessor!
configure:13035: WARNING: openssl/bio.h: proceeding with the compiler's result
configure:13035: checking for openssl/bio.h
configure:13035: result: yes
configure:13117: checking for ANSI C header files
configure:13221: result: yes
configure:13232: checking fcntl.h usability
configure:13232: /opt/lede-toolchain-ramips-mt7621_gcc-5.4.0_musl-1.1.24.Linux-x86_64/toolchain-mipsel_24kc_gcc-5.4.0_musl-1.1.24/bin/mipsel-openwrt-linux-musl-gcc -c -DRTAX53U -DRTAX53U -DRTAX53U -DMUSL_LIBC -DRTAX53U -DBCM_EVENTD -DEXT_ACS -D__CONFIG_EMF__ -D__CONFIG_WPS__ -Os -Wall -DLINUX26 -DCONFIG_RALINK -DMUSL_LIBC -DDEBUG_NOISY -DDEBUG_RCTEST -D_GNU_SOURCE -D__UAPI_DEF_ETHHDR -DRALINK_DBDC_MODE -pipe -funit-at-a-time -Wno-pointer-sign -mtune=mips32 -mips32 -DLINUX_KERNEL_VERSION=263366 --sysroot=/opt/lede-toolchain-ramips-mt7621_gcc-5.4.0_musl-1.1.24.Linux-x86_64/toolchain-mipsel_24kc_gcc-5.4.0_musl-1.1.24  -I/repo/Pass_GPL/asuswrt/release/src-ra-openwrt-4210/router/mipsel-musl/stage/usr/include -Wall -fno-strict-aliasing  conftest.c >&5
configure:13232: $? = 0
configure:13232: result: yes
configure:13232: checking fcntl.h presence
configure:13232: /opt/lede-toolchain-ramips-mt7621_gcc-5.4.0_musl-1.1.24.Linux-x86_64/toolchain-mipsel_24kc_gcc-5.4.0_musl-1.1.24/bin/mipsel-openwrt-linux-musl-gcc -E  conftest.c
configure:13232: $? = 0
configure:13232: result: yes
configure:13232: checking for fcntl.h
configure:13232: result: yes
configure:13232: checking stdarg.h usability
configure:13232: /opt/lede-toolchain-ramips-mt7621_gcc-5.4.0_musl-1.1.24.Linux-x86_64/toolchain-mipsel_24kc_gcc-5.4.0_musl-1.1.24/bin/mipsel-openwrt-linux-musl-gcc -c -DRTAX53U -DRTAX53U -DRTAX53U -DMUSL_LIBC -DRTAX53U -DBCM_EVENTD -DEXT_ACS -D__CONFIG_EMF__ -D__CONFIG_WPS__ -Os -Wall -DLINUX26 -DCONFIG_RALINK -DMUSL_LIBC -DDEBUG_NOISY -DDEBUG_RCTEST -D_GNU_SOURCE -D__UAPI_DEF_ETHHDR -DRALINK_DBDC_MODE -pipe -funit-at-a-time -Wno-pointer-sign -mtune=mips32 -mips32 -DLINUX_KERNEL_VERSION=263366 --sysroot=/opt/lede-toolchain-ramips-mt7621_gcc-5.4.0_musl-1.1.24.Linux-x86_64/toolchain-mipsel_24kc_gcc-5.4.0_musl-1.1.24  -I/repo/Pass_GPL/asuswrt/release/src-ra-openwrt-4210/router/mipsel-musl/stage/usr/include -Wall -fno-strict-aliasing  conftest.c >&5
configure:13232: $? = 0
configure:13232: result: yes
configure:13232: checking stdarg.h presence
configure:13232: /opt/lede-toolchain-ramips-mt7621_gcc-5.4.0_musl-1.1.24.Linux-x86_64/toolchain-mipsel_24kc_gcc-5.4.0_musl-1.1.24/bin/mipsel-openwrt-linux-musl-gcc -E  conftest.c
configure:13232: $? = 0
configure:13232: result: yes
configure:13232: checking for stdarg.h
configure:13232: result: yes
configure:13232: checking for inttypes.h
configure:13232: result: yes
configure:13232: checking for stdint.h
configure:13232: result: yes
configure:13232: checking stddef.h usability
configure:13232: /opt/lede-toolchain-ramips-mt7621_gcc-5.4.0_musl-1.1.24.Linux-x86_64/toolchain-mipsel_24kc_gcc-5.4.0_musl-1.1.24/bin/mipsel-openwrt-linux-musl-gcc -c -DRTAX53U -DRTAX53U -DRTAX53U -DMUSL_LIBC -DRTAX53U -DBCM_EVENTD -DEXT_ACS -D__CONFIG_EMF__ -D__CONFIG_WPS__ -Os -Wall -DLINUX26 -DCONFIG_RALINK -DMUSL_LIBC -DDEBUG_NOISY -DDEBUG_RCTEST -D_GNU_SOURCE -D__UAPI_DEF_ETHHDR -DRALINK_DBDC_MODE -pipe -funit-at-a-time -Wno-pointer-sign -mtune=mips32 -mips32 -DLINUX_KERNEL_VERSION=263366 --sysroot=/opt/lede-toolchain-ramips-mt7621_gcc-5.4.0_musl-1.1.24.Linux-x86_64/toolchain-mipsel_24kc_gcc-5.4.0_musl-1.1.24  -I/repo/Pass_GPL/asuswrt/release/src-ra-openwrt-4210/router/mipsel-musl/stage/usr/include -Wall -fno-strict-aliasing  conftest.c >&5
configure:13232: $? = 0
configure:13232: result: yes
configure:13232: checking stddef.h presence
configure:13232: /opt/lede-toolchain-ramips-mt7621_gcc-5.4.0_musl-1.1.24.Linux-x86_64/toolchain-mipsel_24kc_gcc-5.4.0_musl-1.1.24/bin/mipsel-openwrt-linux-musl-gcc -E  conftest.c
configure:13232: $? = 0
configure:13232: result: yes
configure:13232: checking for stddef.h
configure:13232: result: yes
configure:13232: checking poll.h usability
configure:13232: /opt/lede-toolchain-ramips-mt7621_gcc-5.4.0_musl-1.1.24.Linux-x86_64/toolchain-mipsel_24kc_gcc-5.4.0_musl-1.1.24/bin/mipsel-openwrt-linux-musl-gcc -c -DRTAX53U -DRTAX53U -DRTAX53U -DMUSL_LIBC -DRTAX53U -DBCM_EVENTD -DEXT_ACS -D__CONFIG_EMF__ -D__CONFIG_WPS__ -Os -Wall -DLINUX26 -DCONFIG_RALINK -DMUSL_LIBC -DDEBUG_NOISY -DDEBUG_RCTEST -D_GNU_SOURCE -D__UAPI_DEF_ETHHDR -DRALINK_DBDC_MODE -pipe -funit-at-a-time -Wno-pointer-sign -mtune=mips32 -mips32 -DLINUX_KERNEL_VERSION=263366 --sysroot=/opt/lede-toolchain-ramips-mt7621_gcc-5.4.0_musl-1.1.24.Linux-x86_64/toolchain-mipsel_24kc_gcc-5.4.0_musl-1.1.24  -I/repo/Pass_GPL/asuswrt/release/src-ra-openwrt-4210/router/mipsel-musl/stage/usr/include -Wall -fno-strict-aliasing  conftest.c >&5
configure:13232: $? = 0
configure:13232: result: yes
configure:13232: checking poll.h presence
configure:13232: /opt/lede-toolchain-ramips-mt7621_gcc-5.4.0_musl-1.1.24.Linux-x86_64/toolchain-mipsel_24kc_gcc-5.4.0_musl-1.1.24/bin/mipsel-openwrt-linux-musl-gcc -E  conftest.c
configure:13232: $? = 0
configure:13232: result: yes
configure:13232: checking for poll.h
configure:13232: result: yes
configure:13232: checking for unistd.h
configure:13232: result: yes
configure:13232: checking sys/epoll.h usability
configure:13232: /opt/lede-toolchain-ramips-mt7621_gcc-5.4.0_musl-1.1.24.Linux-x86_64/toolchain-mipsel_24kc_gcc-5.4.0_musl-1.1.24/bin/mipsel-openwrt-linux-musl-gcc -c -DRTAX53U -DRTAX53U -DRTAX53U -DMUSL_LIBC -DRTAX53U -DBCM_EVENTD -DEXT_ACS -D__CONFIG_EMF__ -D__CONFIG_WPS__ -Os -Wall -DLINUX26 -DCONFIG_RALINK -DMUSL_LIBC -DDEBUG_NOISY -DDEBUG_RCTEST -D_GNU_SOURCE -D__UAPI_DEF_ETHHDR -DRALINK_DBDC_MODE -pipe -funit-at-a-time -Wno-pointer-sign -mtune=mips32 -mips32 -DLINUX_KERNEL_VERSION=263366 --sysroot=/opt/lede-toolchain-ramips-mt7621_gcc-5.4.0_musl-1.1.24.Linux-x86_64/toolchain-mipsel_24kc_gcc-5.4.0_musl-1.1.24  -I/repo/Pass_GPL/asuswrt/release/src-ra-openwrt-4210/router/mipsel-musl/stage/usr/include -Wall -fno-strict-aliasing  conftest.c >&5
configure:13232: $? = 0
configure:13232: result: yes
configure:13232: checking sys/epoll.h presence
configure:13232: /opt/lede-toolchain-ramips-mt7621_gcc-5.4.0_musl-1.1.24.Linux-x86_64/toolchain-mipsel_24kc_gcc-5.4.0_musl-1.1.24/bin/mipsel-openwrt-linux-musl-gcc -E  conftest.c
configure:13232: $? = 0
configure:13232: result: yes
configure:13232: checking for sys/epoll.h
configure:13232: result: yes
configure:13232: checking sys/time.h usability
configure:13232: /opt/lede-toolchain-ramips-mt7621_gcc-5.4.0_musl-1.1.24.Linux-x86_64/toolchain-mipsel_24kc_gcc-5.4.0_musl-1.1.24/bin/mipsel-openwrt-linux-musl-gcc -c -DRTAX53U -DRTAX53U -DRTAX53U -DMUSL_LIBC -DRTAX53U -DBCM_EVENTD -DEXT_ACS -D__CONFIG_EMF__ -D__CONFIG_WPS__ -Os -Wall -DLINUX26 -DCONFIG_RALINK -DMUSL_LIBC -DDEBUG_NOISY -DDEBUG_RCTEST -D_GNU_SOURCE -D__UAPI_DEF_ETHHDR -DRALINK_DBDC_MODE -pipe -funit-at-a-time -Wno-pointer-sign -mtune=mips32 -mips32 -DLINUX_KERNEL_VERSION=263366 --sysroot=/opt/lede-toolchain-ramips-mt7621_gcc-5.4.0_musl-1.1.24.Linux-x86_64/toolchain-mipsel_24kc_gcc-5.4.0_musl-1.1.24  -I/repo/Pass_GPL/asuswrt/release/src-ra-openwrt-4210/router/mipsel-musl/stage/usr/include -Wall -fno-strict-aliasing  conftest.c >&5
configure:13232: $? = 0
configure:13232: result: yes
configure:13232: checking sys/time.h presence
configure:13232: /opt/lede-toolchain-ramips-mt7621_gcc-5.4.0_musl-1.1.24.Linux-x86_64/toolchain-mipsel_24kc_gcc-5.4.0_musl-1.1.24/bin/mipsel-openwrt-linux-musl-gcc -E  conftest.c
configure:13232: $? = 0
configure:13232: result: yes
configure:13232: checking for sys/time.h
configure:13232: result: yes
configure:13232: checking sys/queue.h usability
configure:13232: /opt/lede-toolchain-ramips-mt7621_gcc-5.4.0_musl-1.1.24.Linux-x86_64/toolchain-mipsel_24kc_gcc-5.4.0_musl-1.1.24/bin/mipsel-openwrt-linux-musl-gcc -c -DRTAX53U -DRTAX53U -DRTAX53U -DMUSL_LIBC -DRTAX53U -DBCM_EVENTD -DEXT_ACS -D__CONFIG_EMF__ -D__CONFIG_WPS__ -Os -Wall -DLINUX26 -DCONFIG_RALINK -DMUSL_LIBC -DDEBUG_NOISY -DDEBUG_RCTEST -D_GNU_SOURCE -D__UAPI_DEF_ETHHDR -DRALINK_DBDC_MODE -pipe -funit-at-a-time -Wno-pointer-sign -mtune=mips32 -mips32 -DLINUX_KERNEL_VERSION=263366 --sysroot=/opt/lede-toolchain-ramips-mt7621_gcc-5.4.0_musl-1.1.24.Linux-x86_64/toolchain-mipsel_24kc_gcc-5.4.0_musl-1.1.24  -I/repo/Pass_GPL/asuswrt/release/src-ra-openwrt-4210/router/mipsel-musl/stage/usr/include -Wall -fno-strict-aliasing  conftest.c >&5
configure:13232: $? = 0
configure:13232: result: yes
configure:13232: checking sys/queue.h presence
configure:13232: /opt/lede-toolchain-ramips-mt7621_gcc-5.4.0_musl-1.1.24.Linux-x86_64/toolchain-mipsel_24kc_gcc-5.4.0_musl-1.1.24/bin/mipsel-openwrt-linux-musl-gcc -E  conftest.c
configure:13232: $? = 0
configure:13232: result: yes
configure:13232: checking for sys/queue.h
configure:13232: result: yes
configure:13232: checking sys/event.h usability
configure:13232: /opt/lede-toolchain-ramips-mt7621_gcc-5.4.0_musl-1.1.24.Linux-x86_64/toolchain-mipsel_24kc_gcc-5.4.0_musl-1.1.24/bin/mipsel-openwrt-linux-musl-gcc -c -DRTAX53U -DRTAX53U -DRTAX53U -DMUSL_LIBC -DRTAX53U -DBCM_EVENTD -DEXT_ACS -D__CONFIG_EMF__ -D__CONFIG_WPS__ -Os -Wall -DLINUX26 -DCONFIG_RALINK -DMUSL_LIBC -DDEBUG_NOISY -DDEBUG_RCTEST -D_GNU_SOURCE -D__UAPI_DEF_ETHHDR -DRALINK_DBDC_MODE -pipe -funit-at-a-time -Wno-pointer-sign -mtune=mips32 -mips32 -DLINUX_KERNEL_VERSION=263366 --sysroot=/opt/lede-toolchain-ramips-mt7621_gcc-5.4.0_musl-1.1.24.Linux-x86_64/toolchain-mipsel_24kc_gcc-5.4.0_musl-1.1.24  -I/repo/Pass_GPL/asuswrt/release/src-ra-openwrt-4210/router/mipsel-musl/stage/usr/include -Wall -fno-strict-aliasing  conftest.c >&5
conftest.c:71:23: fatal error: sys/event.h: No such file or directory
compilation terminated.
configure:13232: $? = 1
configure: failed program was:
| /* confdefs.h */
| #define PACKAGE_NAME ""
| #define PACKAGE_TARNAME ""
| #define PACKAGE_VERSION ""
| #define PACKAGE_STRING ""
| #define PACKAGE_BUGREPORT ""
| #define PACKAGE_URL ""
| #define PACKAGE "libevent"
| #define VERSION "2.0.21-stable"
| #define NUMERIC_VERSION 0x02001500
| #define STDC_HEADERS 1
| #define HAVE_SYS_TYPES_H 1
| #define HAVE_SYS_STAT_H 1
| #define HAVE_STDLIB_H 1
| #define HAVE_STRING_H 1
| #define HAVE_MEMORY_H 1
| #define HAVE_STRINGS_H 1
| #define HAVE_INTTYPES_H 1
| #define HAVE_STDINT_H 1
| #define HAVE_UNISTD_H 1
| #define HAVE_DLFCN_H 1
| #define LT_OBJDIR ".libs/"
| #define HAVE_ZLIB_H 1
| #define HAVE_LIBZ 1
| #define HAVE_OPENSSL_BIO_H 1
| #define STDC_HEADERS 1
| #define HAVE_FCNTL_H 1
| #define HAVE_STDARG_H 1
| #define HAVE_INTTYPES_H 1
| #define HAVE_STDINT_H 1
| #define HAVE_STDDEF_H 1
| #define HAVE_POLL_H 1
| #define HAVE_UNISTD_H 1
| #define HAVE_SYS_EPOLL_H 1
| #define HAVE_SYS_TIME_H 1
| #define HAVE_SYS_QUEUE_H 1
| /* end confdefs.h.  */
| #include <stdio.h>
| #ifdef HAVE_SYS_TYPES_H
| # include <sys/types.h>
| #endif
| #ifdef HAVE_SYS_STAT_H
| # include <sys/stat.h>
| #endif
| #ifdef STDC_HEADERS
| # include <stdlib.h>
| # include <stddef.h>
| #else
| # ifdef HAVE_STDLIB_H
| #  include <stdlib.h>
| # endif
| #endif
| #ifdef HAVE_STRING_H
| # if !defined STDC_HEADERS && defined HAVE_MEMORY_H
| #  include <memory.h>
| # endif
| # include <string.h>
| #endif
| #ifdef HAVE_STRINGS_H
| # include <strings.h>
| #endif
| #ifdef HAVE_INTTYPES_H
| # include <inttypes.h>
| #endif
| #ifdef HAVE_STDINT_H
| # include <stdint.h>
| #endif
| #ifdef HAVE_UNISTD_H
| # include <unistd.h>
| #endif
| #include <sys/event.h>
configure:13232: result: no
configure:13232: checking sys/event.h presence
configure:13232: /opt/lede-toolchain-ramips-mt7621_gcc-5.4.0_musl-1.1.24.Linux-x86_64/toolchain-mipsel_24kc_gcc-5.4.0_musl-1.1.24/bin/mipsel-openwrt-linux-musl-gcc -E  conftest.c
conftest.c:38:23: fatal error: sys/event.h: No such file or directory
compilation terminated.
configure:13232: $? = 1
configure: failed program was:
| /* confdefs.h */
| #define PACKAGE_NAME ""
| #define PACKAGE_TARNAME ""
| #define PACKAGE_VERSION ""
| #define PACKAGE_STRING ""
| #define PACKAGE_BUGREPORT ""
| #define PACKAGE_URL ""
| #define PACKAGE "libevent"
| #define VERSION "2.0.21-stable"
| #define NUMERIC_VERSION 0x02001500
| #define STDC_HEADERS 1
| #define HAVE_SYS_TYPES_H 1
| #define HAVE_SYS_STAT_H 1
| #define HAVE_STDLIB_H 1
| #define HAVE_STRING_H 1
| #define HAVE_MEMORY_H 1
| #define HAVE_STRINGS_H 1
| #define HAVE_INTTYPES_H 1
| #define HAVE_STDINT_H 1
| #define HAVE_UNISTD_H 1
| #define HAVE_DLFCN_H 1
| #define LT_OBJDIR ".libs/"
| #define HAVE_ZLIB_H 1
| #define HAVE_LIBZ 1
| #define HAVE_OPENSSL_BIO_H 1
| #define STDC_HEADERS 1
| #define HAVE_FCNTL_H 1
| #define HAVE_STDARG_H 1
| #define HAVE_INTTYPES_H 1
| #define HAVE_STDINT_H 1
| #define HAVE_STDDEF_H 1
| #define HAVE_POLL_H 1
| #define HAVE_UNISTD_H 1
| #define HAVE_SYS_EPOLL_H 1
| #define HAVE_SYS_TIME_H 1
| #define HAVE_SYS_QUEUE_H 1
| /* end confdefs.h.  */
| #include <sys/event.h>
configure:13232: result: no
configure:13232: checking for sys/event.h
configure:13232: result: no
configure:13232: checking sys/param.h usability
configure:13232: /opt/lede-toolchain-ramips-mt7621_gcc-5.4.0_musl-1.1.24.Linux-x86_64/toolchain-mipsel_24kc_gcc-5.4.0_musl-1.1.24/bin/mipsel-openwrt-linux-musl-gcc -c -DRTAX53U -DRTAX53U -DRTAX53U -DMUSL_LIBC -DRTAX53U -DBCM_EVENTD -DEXT_ACS -D__CONFIG_EMF__ -D__CONFIG_WPS__ -Os -Wall -DLINUX26 -DCONFIG_RALINK -DMUSL_LIBC -DDEBUG_NOISY -DDEBUG_RCTEST -D_GNU_SOURCE -D__UAPI_DEF_ETHHDR -DRALINK_DBDC_MODE -pipe -funit-at-a-time -Wno-pointer-sign -mtune=mips32 -mips32 -DLINUX_KERNEL_VERSION=263366 --sysroot=/opt/lede-toolchain-ramips-mt7621_gcc-5.4.0_musl-1.1.24.Linux-x86_64/toolchain-mipsel_24kc_gcc-5.4.0_musl-1.1.24  -I/repo/Pass_GPL/asuswrt/release/src-ra-openwrt-4210/router/mipsel-musl/stage/usr/include -Wall -fno-strict-aliasing  conftest.c >&5
configure:13232: $? = 0
configure:13232: result: yes
configure:13232: checking sys/param.h presence
configure:13232: /opt/lede-toolchain-ramips-mt7621_gcc-5.4.0_musl-1.1.24.Linux-x86_64/toolchain-mipsel_24kc_gcc-5.4.0_musl-1.1.24/bin/mipsel-openwrt-linux-musl-gcc -E  conftest.c
configure:13232: $? = 0
configure:13232: result: yes
configure:13232: checking for sys/param.h
configure:13232: result: yes
configure:13232: checking sys/ioctl.h usability
configure:13232: /opt/lede-toolchain-ramips-mt7621_gcc-5.4.0_musl-1.1.24.Linux-x86_64/toolchain-mipsel_24kc_gcc-5.4.0_musl-1.1.24/bin/mipsel-openwrt-linux-musl-gcc -c -DRTAX53U -DRTAX53U -DRTAX53U -DMUSL_LIBC -DRTAX53U -DBCM_EVENTD -DEXT_ACS -D__CONFIG_EMF__ -D__CONFIG_WPS__ -Os -Wall -DLINUX26 -DCONFIG_RALINK -DMUSL_LIBC -DDEBUG_NOISY -DDEBUG_RCTEST -D_GNU_SOURCE -D__UAPI_DEF_ETHHDR -DRALINK_DBDC_MODE -pipe -funit-at-a-time -Wno-pointer-sign -mtune=mips32 -mips32 -DLINUX_KERNEL_VERSION=263366 --sysroot=/opt/lede-toolchain-ramips-mt7621_gcc-5.4.0_musl-1.1.24.Linux-x86_64/toolchain-mipsel_24kc_gcc-5.4.0_musl-1.1.24  -I/repo/Pass_GPL/asuswrt/release/src-ra-openwrt-4210/router/mipsel-musl/stage/usr/include -Wall -fno-strict-aliasing  conftest.c >&5
configure:13232: $? = 0
configure:13232: result: yes
configure:13232: checking sys/ioctl.h presence
configure:13232: /opt/lede-toolchain-ramips-mt7621_gcc-5.4.0_musl-1.1.24.Linux-x86_64/toolchain-mipsel_24kc_gcc-5.4.0_musl-1.1.24/bin/mipsel-openwrt-linux-musl-gcc -E  conftest.c
configure:13232: $? = 0
configure:13232: result: yes
configure:13232: checking for sys/ioctl.h
configure:13232: result: yes
configure:13232: checking sys/select.h usability
configure:13232: /opt/lede-toolchain-ramips-mt7621_gcc-5.4.0_musl-1.1.24.Linux-x86_64/toolchain-mipsel_24kc_gcc-5.4.0_musl-1.1.24/bin/mipsel-openwrt-linux-musl-gcc -c -DRTAX53U -DRTAX53U -DRTAX53U -DMUSL_LIBC -DRTAX53U -DBCM_EVENTD -DEXT_ACS -D__CONFIG_EMF__ -D__CONFIG_WPS__ -Os -Wall -DLINUX26 -DCONFIG_RALINK -DMUSL_LIBC -DDEBUG_NOISY -DDEBUG_RCTEST -D_GNU_SOURCE -D__UAPI_DEF_ETHHDR -DRALINK_DBDC_MODE -pipe -funit-at-a-time -Wno-pointer-sign -mtune=mips32 -mips32 -DLINUX_KERNEL_VERSION=263366 --sysroot=/opt/lede-toolchain-ramips-mt7621_gcc-5.4.0_musl-1.1.24.Linux-x86_64/toolchain-mipsel_24kc_gcc-5.4.0_musl-1.1.24  -I/repo/Pass_GPL/asuswrt/release/src-ra-openwrt-4210/router/mipsel-musl/stage/usr/include -Wall -fno-strict-aliasing  conftest.c >&5
configure:13232: $? = 0
configure:13232: result: yes
configure:13232: checking sys/select.h presence
configure:13232: /opt/lede-toolchain-ramips-mt7621_gcc-5.4.0_musl-1.1.24.Linux-x86_64/toolchain-mipsel_24kc_gcc-5.4.0_musl-1.1.24/bin/mipsel-openwrt-linux-musl-gcc -E  conftest.c
configure:13232: $? = 0
configure:13232: result: yes
configure:13232: checking for sys/select.h
configure:13232: result: yes
configure:13232: checking sys/devpoll.h usability
configure:13232: /opt/lede-toolchain-ramips-mt7621_gcc-5.4.0_musl-1.1.24.Linux-x86_64/toolchain-mipsel_24kc_gcc-5.4.0_musl-1.1.24/bin/mipsel-openwrt-linux-musl-gcc -c -DRTAX53U -DRTAX53U -DRTAX53U -DMUSL_LIBC -DRTAX53U -DBCM_EVENTD -DEXT_ACS -D__CONFIG_EMF__ -D__CONFIG_WPS__ -Os -Wall -DLINUX26 -DCONFIG_RALINK -DMUSL_LIBC -DDEBUG_NOISY -DDEBUG_RCTEST -D_GNU_SOURCE -D__UAPI_DEF_ETHHDR -DRALINK_DBDC_MODE -pipe -funit-at-a-time -Wno-pointer-sign -mtune=mips32 -mips32 -DLINUX_KERNEL_VERSION=263366 --sysroot=/opt/lede-toolchain-ramips-mt7621_gcc-5.4.0_musl-1.1.24.Linux-x86_64/toolchain-mipsel_24kc_gcc-5.4.0_musl-1.1.24  -I/repo/Pass_GPL/asuswrt/release/src-ra-openwrt-4210/router/mipsel-musl/stage/usr/include -Wall -fno-strict-aliasing  conftest.c >&5
conftest.c:74:25: fatal error: sys/devpoll.h: No such file or directory
compilation terminated.
configure:13232: $? = 1
configure: failed program was:
| /* confdefs.h */
| #define PACKAGE_NAME ""
| #define PACKAGE_TARNAME ""
| #define PACKAGE_VERSION ""
| #define PACKAGE_STRING ""
| #define PACKAGE_BUGREPORT ""
| #define PACKAGE_URL ""
| #define PACKAGE "libevent"
| #define VERSION "2.0.21-stable"
| #define NUMERIC_VERSION 0x02001500
| #define STDC_HEADERS 1
| #define HAVE_SYS_TYPES_H 1
| #define HAVE_SYS_STAT_H 1
| #define HAVE_STDLIB_H 1
| #define HAVE_STRING_H 1
| #define HAVE_MEMORY_H 1
| #define HAVE_STRINGS_H 1
| #define HAVE_INTTYPES_H 1
| #define HAVE_STDINT_H 1
| #define HAVE_UNISTD_H 1
| #define HAVE_DLFCN_H 1
| #define LT_OBJDIR ".libs/"
| #define HAVE_ZLIB_H 1
| #define HAVE_LIBZ 1
| #define HAVE_OPENSSL_BIO_H 1
| #define STDC_HEADERS 1
| #define HAVE_FCNTL_H 1
| #define HAVE_STDARG_H 1
| #define HAVE_INTTYPES_H 1
| #define HAVE_STDINT_H 1
| #define HAVE_STDDEF_H 1
| #define HAVE_POLL_H 1
| #define HAVE_UNISTD_H 1
| #define HAVE_SYS_EPOLL_H 1
| #define HAVE_SYS_TIME_H 1
| #define HAVE_SYS_QUEUE_H 1
| #define HAVE_SYS_PARAM_H 1
| #define HAVE_SYS_IOCTL_H 1
| #define HAVE_SYS_SELECT_H 1
| /* end confdefs.h.  */
| #include <stdio.h>
| #ifdef HAVE_SYS_TYPES_H
| # include <sys/types.h>
| #endif
| #ifdef HAVE_SYS_STAT_H
| # include <sys/stat.h>
| #endif
| #ifdef STDC_HEADERS
| # include <stdlib.h>
| # include <stddef.h>
| #else
| # ifdef HAVE_STDLIB_H
| #  include <stdlib.h>
| # endif
| #endif
| #ifdef HAVE_STRING_H
| # if !defined STDC_HEADERS && defined HAVE_MEMORY_H
| #  include <memory.h>
| # endif
| # include <string.h>
| #endif
| #ifdef HAVE_STRINGS_H
| # include <strings.h>
| #endif
| #ifdef HAVE_INTTYPES_H
| # include <inttypes.h>
| #endif
| #ifdef HAVE_STDINT_H
| # include <stdint.h>
| #endif
| #ifdef HAVE_UNISTD_H
| # include <unistd.h>
| #endif
| #include <sys/devpoll.h>
configure:13232: result: no
configure:13232: checking sys/devpoll.h presence
configure:13232: /opt/lede-toolchain-ramips-mt7621_gcc-5.4.0_musl-1.1.24.Linux-x86_64/toolchain-mipsel_24kc_gcc-5.4.0_musl-1.1.24/bin/mipsel-openwrt-linux-musl-gcc -E  conftest.c
conftest.c:41:25: fatal error: sys/devpoll.h: No such file or directory
compilation terminated.
configure:13232: $? = 1
configure: failed program was:
| /* confdefs.h */
| #define PACKAGE_NAME ""
| #define PACKAGE_TARNAME ""
| #define PACKAGE_VERSION ""
| #define PACKAGE_STRING ""
| #define PACKAGE_BUGREPORT ""
| #define PACKAGE_URL ""
| #define PACKAGE "libevent"
| #define VERSION "2.0.21-stable"
| #define NUMERIC_VERSION 0x02001500
| #define STDC_HEADERS 1
| #define HAVE_SYS_TYPES_H 1
| #define HAVE_SYS_STAT_H 1
| #define HAVE_STDLIB_H 1
| #define HAVE_STRING_H 1
| #define HAVE_MEMORY_H 1
| #define HAVE_STRINGS_H 1
| #define HAVE_INTTYPES_H 1
| #define HAVE_STDINT_H 1
| #define HAVE_UNISTD_H 1
| #define HAVE_DLFCN_H 1
| #define LT_OBJDIR ".libs/"
| #define HAVE_ZLIB_H 1
| #define HAVE_LIBZ 1
| #define HAVE_OPENSSL_BIO_H 1
| #define STDC_HEADERS 1
| #define HAVE_FCNTL_H 1
| #define HAVE_STDARG_H 1
| #define HAVE_INTTYPES_H 1
| #define HAVE_STDINT_H 1
| #define HAVE_STDDEF_H 1
| #define HAVE_POLL_H 1
| #define HAVE_UNISTD_H 1
| #define HAVE_SYS_EPOLL_H 1
| #define HAVE_SYS_TIME_H 1
| #define HAVE_SYS_QUEUE_H 1
| #define HAVE_SYS_PARAM_H 1
| #define HAVE_SYS_IOCTL_H 1
| #define HAVE_SYS_SELECT_H 1
| /* end confdefs.h.  */
| #include <sys/devpoll.h>
configure:13232: result: no
configure:13232: checking for sys/devpoll.h
configure:13232: result: no
configure:13232: checking port.h usability
configure:13232: /opt/lede-toolchain-ramips-mt7621_gcc-5.4.0_musl-1.1.24.Linux-x86_64/toolchain-mipsel_24kc_gcc-5.4.0_musl-1.1.24/bin/mipsel-openwrt-linux-musl-gcc -c -DRTAX53U -DRTAX53U -DRTAX53U -DMUSL_LIBC -DRTAX53U -DBCM_EVENTD -DEXT_ACS -D__CONFIG_EMF__ -D__CONFIG_WPS__ -Os -Wall -DLINUX26 -DCONFIG_RALINK -DMUSL_LIBC -DDEBUG_NOISY -DDEBUG_RCTEST -D_GNU_SOURCE -D__UAPI_DEF_ETHHDR -DRALINK_DBDC_MODE -pipe -funit-at-a-time -Wno-pointer-sign -mtune=mips32 -mips32 -DLINUX_KERNEL_VERSION=263366 --sysroot=/opt/lede-toolchain-ramips-mt7621_gcc-5.4.0_musl-1.1.24.Linux-x86_64/toolchain-mipsel_24kc_gcc-5.4.0_musl-1.1.24  -I/repo/Pass_GPL/asuswrt/release/src-ra-openwrt-4210/router/mipsel-musl/stage/usr/include -Wall -fno-strict-aliasing  conftest.c >&5
conftest.c:74:18: fatal error: port.h: No such file or directory
compilation terminated.
configure:13232: $? = 1
configure: failed program was:
| /* confdefs.h */
| #define PACKAGE_NAME ""
| #define PACKAGE_TARNAME ""
| #define PACKAGE_VERSION ""
| #define PACKAGE_STRING ""
| #define PACKAGE_BUGREPORT ""
| #define PACKAGE_URL ""
| #define PACKAGE "libevent"
| #define VERSION "2.0.21-stable"
| #define NUMERIC_VERSION 0x02001500
| #define STDC_HEADERS 1
| #define HAVE_SYS_TYPES_H 1
| #define HAVE_SYS_STAT_H 1
| #define HAVE_STDLIB_H 1
| #define HAVE_STRING_H 1
| #define HAVE_MEMORY_H 1
| #define HAVE_STRINGS_H 1
| #define HAVE_INTTYPES_H 1
| #define HAVE_STDINT_H 1
| #define HAVE_UNISTD_H 1
| #define HAVE_DLFCN_H 1
| #define LT_OBJDIR ".libs/"
| #define HAVE_ZLIB_H 1
| #define HAVE_LIBZ 1
| #define HAVE_OPENSSL_BIO_H 1
| #define STDC_HEADERS 1
| #define HAVE_FCNTL_H 1
| #define HAVE_STDARG_H 1
| #define HAVE_INTTYPES_H 1
| #define HAVE_STDINT_H 1
| #define HAVE_STDDEF_H 1
| #define HAVE_POLL_H 1
| #define HAVE_UNISTD_H 1
| #define HAVE_SYS_EPOLL_H 1
| #define HAVE_SYS_TIME_H 1
| #define HAVE_SYS_QUEUE_H 1
| #define HAVE_SYS_PARAM_H 1
| #define HAVE_SYS_IOCTL_H 1
| #define HAVE_SYS_SELECT_H 1
| /* end confdefs.h.  */
| #include <stdio.h>
| #ifdef HAVE_SYS_TYPES_H
| # include <sys/types.h>
| #endif
| #ifdef HAVE_SYS_STAT_H
| # include <sys/stat.h>
| #endif
| #ifdef STDC_HEADERS
| # include <stdlib.h>
| # include <stddef.h>
| #else
| # ifdef HAVE_STDLIB_H
| #  include <stdlib.h>
| # endif
| #endif
| #ifdef HAVE_STRING_H
| # if !defined STDC_HEADERS && defined HAVE_MEMORY_H
| #  include <memory.h>
| # endif
| # include <string.h>
| #endif
| #ifdef HAVE_STRINGS_H
| # include <strings.h>
| #endif
| #ifdef HAVE_INTTYPES_H
| # include <inttypes.h>
| #endif
| #ifdef HAVE_STDINT_H
| # include <stdint.h>
| #endif
| #ifdef HAVE_UNISTD_H
| # include <unistd.h>
| #endif
| #include <port.h>
configure:13232: result: no
configure:13232: checking port.h presence
configure:13232: /opt/lede-toolchain-ramips-mt7621_gcc-5.4.0_musl-1.1.24.Linux-x86_64/toolchain-mipsel_24kc_gcc-5.4.0_musl-1.1.24/bin/mipsel-openwrt-linux-musl-gcc -E  conftest.c
conftest.c:41:18: fatal error: port.h: No such file or directory
compilation terminated.
configure:13232: $? = 1
configure: failed program was:
| /* confdefs.h */
| #define PACKAGE_NAME ""
| #define PACKAGE_TARNAME ""
| #define PACKAGE_VERSION ""
| #define PACKAGE_STRING ""
| #define PACKAGE_BUGREPORT ""
| #define PACKAGE_URL ""
| #define PACKAGE "libevent"
| #define VERSION "2.0.21-stable"
| #define NUMERIC_VERSION 0x02001500
| #define STDC_HEADERS 1
| #define HAVE_SYS_TYPES_H 1
| #define HAVE_SYS_STAT_H 1
| #define HAVE_STDLIB_H 1
| #define HAVE_STRING_H 1
| #define HAVE_MEMORY_H 1
| #define HAVE_STRINGS_H 1
| #define HAVE_INTTYPES_H 1
| #define HAVE_STDINT_H 1
| #define HAVE_UNISTD_H 1
| #define HAVE_DLFCN_H 1
| #define LT_OBJDIR ".libs/"
| #define HAVE_ZLIB_H 1
| #define HAVE_LIBZ 1
| #define HAVE_OPENSSL_BIO_H 1
| #define STDC_HEADERS 1
| #define HAVE_FCNTL_H 1
| #define HAVE_STDARG_H 1
| #define HAVE_INTTYPES_H 1
| #define HAVE_STDINT_H 1
| #define HAVE_STDDEF_H 1
| #define HAVE_POLL_H 1
| #define HAVE_UNISTD_H 1
| #define HAVE_SYS_EPOLL_H 1
| #define HAVE_SYS_TIME_H 1
| #define HAVE_SYS_QUEUE_H 1
| #define HAVE_SYS_PARAM_H 1
| #define HAVE_SYS_IOCTL_H 1
| #define HAVE_SYS_SELECT_H 1
| /* end confdefs.h.  */
| #include <port.h>
configure:13232: result: no
configure:13232: checking for port.h
configure:13232: result: no
configure:13232: checking netinet/in.h usability
configure:13232: /opt/lede-toolchain-ramips-mt7621_gcc-5.4.0_musl-1.1.24.Linux-x86_64/toolchain-mipsel_24kc_gcc-5.4.0_musl-1.1.24/bin/mipsel-openwrt-linux-musl-gcc -c -DRTAX53U -DRTAX53U -DRTAX53U -DMUSL_LIBC -DRTAX53U -DBCM_EVENTD -DEXT_ACS -D__CONFIG_EMF__ -D__CONFIG_WPS__ -Os -Wall -DLINUX26 -DCONFIG_RALINK -DMUSL_LIBC -DDEBUG_NOISY -DDEBUG_RCTEST -D_GNU_SOURCE -D__UAPI_DEF_ETHHDR -DRALINK_DBDC_MODE -pipe -funit-at-a-time -Wno-pointer-sign -mtune=mips32 -mips32 -DLINUX_KERNEL_VERSION=263366 --sysroot=/opt/lede-toolchain-ramips-mt7621_gcc-5.4.0_musl-1.1.24.Linux-x86_64/toolchain-mipsel_24kc_gcc-5.4.0_musl-1.1.24  -I/repo/Pass_GPL/asuswrt/release/src-ra-openwrt-4210/router/mipsel-musl/stage/usr/include -Wall -fno-strict-aliasing  conftest.c >&5
configure:13232: $? = 0
configure:13232: result: yes
configure:13232: checking netinet/in.h presence
configure:13232: /opt/lede-toolchain-ramips-mt7621_gcc-5.4.0_musl-1.1.24.Linux-x86_64/toolchain-mipsel_24kc_gcc-5.4.0_musl-1.1.24/bin/mipsel-openwrt-linux-musl-gcc -E  conftest.c
configure:13232: $? = 0
configure:13232: result: yes
configure:13232: checking for netinet/in.h
configure:13232: result: yes
configure:13232: checking netinet/in6.h usability
configure:13232: /opt/lede-toolchain-ramips-mt7621_gcc-5.4.0_musl-1.1.24.Linux-x86_64/toolchain-mipsel_24kc_gcc-5.4.0_musl-1.1.24/bin/mipsel-openwrt-linux-musl-gcc -c -DRTAX53U -DRTAX53U -DRTAX53U -DMUSL_LIBC -DRTAX53U -DBCM_EVENTD -DEXT_ACS -D__CONFIG_EMF__ -D__CONFIG_WPS__ -Os -Wall -DLINUX26 -DCONFIG_RALINK -DMUSL_LIBC -DDEBUG_NOISY -DDEBUG_RCTEST -D_GNU_SOURCE -D__UAPI_DEF_ETHHDR -DRALINK_DBDC_MODE -pipe -funit-at-a-time -Wno-pointer-sign -mtune=mips32 -mips32 -DLINUX_KERNEL_VERSION=263366 --sysroot=/opt/lede-toolchain-ramips-mt7621_gcc-5.4.0_musl-1.1.24.Linux-x86_64/toolchain-mipsel_24kc_gcc-5.4.0_musl-1.1.24  -I/repo/Pass_GPL/asuswrt/release/src-ra-openwrt-4210/router/mipsel-musl/stage/usr/include -Wall -fno-strict-aliasing  conftest.c >&5
conftest.c:75:25: fatal error: netinet/in6.h: No such file or directory
compilation terminated.
configure:13232: $? = 1
configure: failed program was:
| /* confdefs.h */
| #define PACKAGE_NAME ""
| #define PACKAGE_TARNAME ""
| #define PACKAGE_VERSION ""
| #define PACKAGE_STRING ""
| #define PACKAGE_BUGREPORT ""
| #define PACKAGE_URL ""
| #define PACKAGE "libevent"
| #define VERSION "2.0.21-stable"
| #define NUMERIC_VERSION 0x02001500
| #define STDC_HEADERS 1
| #define HAVE_SYS_TYPES_H 1
| #define HAVE_SYS_STAT_H 1
| #define HAVE_STDLIB_H 1
| #define HAVE_STRING_H 1
| #define HAVE_MEMORY_H 1
| #define HAVE_STRINGS_H 1
| #define HAVE_INTTYPES_H 1
| #define HAVE_STDINT_H 1
| #define HAVE_UNISTD_H 1
| #define HAVE_DLFCN_H 1
| #define LT_OBJDIR ".libs/"
| #define HAVE_ZLIB_H 1
| #define HAVE_LIBZ 1
| #define HAVE_OPENSSL_BIO_H 1
| #define STDC_HEADERS 1
| #define HAVE_FCNTL_H 1
| #define HAVE_STDARG_H 1
| #define HAVE_INTTYPES_H 1
| #define HAVE_STDINT_H 1
| #define HAVE_STDDEF_H 1
| #define HAVE_POLL_H 1
| #define HAVE_UNISTD_H 1
| #define HAVE_SYS_EPOLL_H 1
| #define HAVE_SYS_TIME_H 1
| #define HAVE_SYS_QUEUE_H 1
| #define HAVE_SYS_PARAM_H 1
| #define HAVE_SYS_IOCTL_H 1
| #define HAVE_SYS_SELECT_H 1
| #define HAVE_NETINET_IN_H 1
| /* end confdefs.h.  */
| #include <stdio.h>
| #ifdef HAVE_SYS_TYPES_H
| # include <sys/types.h>
| #endif
| #ifdef HAVE_SYS_STAT_H
| # include <sys/stat.h>
| #endif
| #ifdef STDC_HEADERS
| # include <stdlib.h>
| # include <stddef.h>
| #else
| # ifdef HAVE_STDLIB_H
| #  include <stdlib.h>
| # endif
| #endif
| #ifdef HAVE_STRING_H
| # if !defined STDC_HEADERS && defined HAVE_MEMORY_H
| #  include <memory.h>
| # endif
| # include <string.h>
| #endif
| #ifdef HAVE_STRINGS_H
| # include <strings.h>
| #endif
| #ifdef HAVE_INTTYPES_H
| # include <inttypes.h>
| #endif
| #ifdef HAVE_STDINT_H
| # include <stdint.h>
| #endif
| #ifdef HAVE_UNISTD_H
| # include <unistd.h>
| #endif
| #include <netinet/in6.h>
configure:13232: result: no
configure:13232: checking netinet/in6.h presence
configure:13232: /opt/lede-toolchain-ramips-mt7621_gcc-5.4.0_musl-1.1.24.Linux-x86_64/toolchain-mipsel_24kc_gcc-5.4.0_musl-1.1.24/bin/mipsel-openwrt-linux-musl-gcc -E  conftest.c
conftest.c:42:25: fatal error: netinet/in6.h: No such file or directory
compilation terminated.
configure:13232: $? = 1
configure: failed program was:
| /* confdefs.h */
| #define PACKAGE_NAME ""
| #define PACKAGE_TARNAME ""
| #define PACKAGE_VERSION ""
| #define PACKAGE_STRING ""
| #define PACKAGE_BUGREPORT ""
| #define PACKAGE_URL ""
| #define PACKAGE "libevent"
| #define VERSION "2.0.21-stable"
| #define NUMERIC_VERSION 0x02001500
| #define STDC_HEADERS 1
| #define HAVE_SYS_TYPES_H 1
| #define HAVE_SYS_STAT_H 1
| #define HAVE_STDLIB_H 1
| #define HAVE_STRING_H 1
| #define HAVE_MEMORY_H 1
| #define HAVE_STRINGS_H 1
| #define HAVE_INTTYPES_H 1
| #define HAVE_STDINT_H 1
| #define HAVE_UNISTD_H 1
| #define HAVE_DLFCN_H 1
| #define LT_OBJDIR ".libs/"
| #define HAVE_ZLIB_H 1
| #define HAVE_LIBZ 1
| #define HAVE_OPENSSL_BIO_H 1
| #define STDC_HEADERS 1
| #define HAVE_FCNTL_H 1
| #define HAVE_STDARG_H 1
| #define HAVE_INTTYPES_H 1
| #define HAVE_STDINT_H 1
| #define HAVE_STDDEF_H 1
| #define HAVE_POLL_H 1
| #define HAVE_UNISTD_H 1
| #define HAVE_SYS_EPOLL_H 1
| #define HAVE_SYS_TIME_H 1
| #define HAVE_SYS_QUEUE_H 1
| #define HAVE_SYS_PARAM_H 1
| #define HAVE_SYS_IOCTL_H 1
| #define HAVE_SYS_SELECT_H 1
| #define HAVE_NETINET_IN_H 1
| /* end confdefs.h.  */
| #include <netinet/in6.h>
configure:13232: result: no
configure:13232: checking for netinet/in6.h
configure:13232: result: no
configure:13232: checking sys/socket.h usability
configure:13232: /opt/lede-toolchain-ramips-mt7621_gcc-5.4.0_musl-1.1.24.Linux-x86_64/toolchain-mipsel_24kc_gcc-5.4.0_musl-1.1.24/bin/mipsel-openwrt-linux-musl-gcc -c -DRTAX53U -DRTAX53U -DRTAX53U -DMUSL_LIBC -DRTAX53U -DBCM_EVENTD -DEXT_ACS -D__CONFIG_EMF__ -D__CONFIG_WPS__ -Os -Wall -DLINUX26 -DCONFIG_RALINK -DMUSL_LIBC -DDEBUG_NOISY -DDEBUG_RCTEST -D_GNU_SOURCE -D__UAPI_DEF_ETHHDR -DRALINK_DBDC_MODE -pipe -funit-at-a-time -Wno-pointer-sign -mtune=mips32 -mips32 -DLINUX_KERNEL_VERSION=263366 --sysroot=/opt/lede-toolchain-ramips-mt7621_gcc-5.4.0_musl-1.1.24.Linux-x86_64/toolchain-mipsel_24kc_gcc-5.4.0_musl-1.1.24  -I/repo/Pass_GPL/asuswrt/release/src-ra-openwrt-4210/router/mipsel-musl/stage/usr/include -Wall -fno-strict-aliasing  conftest.c >&5
configure:13232: $? = 0
configure:13232: result: yes
configure:13232: checking sys/socket.h presence
configure:13232: /opt/lede-toolchain-ramips-mt7621_gcc-5.4.0_musl-1.1.24.Linux-x86_64/toolchain-mipsel_24kc_gcc-5.4.0_musl-1.1.24/bin/mipsel-openwrt-linux-musl-gcc -E  conftest.c
configure:13232: $? = 0
configure:13232: result: yes
configure:13232: checking for sys/socket.h
configure:13232: result: yes
configure:13232: checking sys/uio.h usability
configure:13232: /opt/lede-toolchain-ramips-mt7621_gcc-5.4.0_musl-1.1.24.Linux-x86_64/toolchain-mipsel_24kc_gcc-5.4.0_musl-1.1.24/bin/mipsel-openwrt-linux-musl-gcc -c -DRTAX53U -DRTAX53U -DRTAX53U -DMUSL_LIBC -DRTAX53U -DBCM_EVENTD -DEXT_ACS -D__CONFIG_EMF__ -D__CONFIG_WPS__ -Os -Wall -DLINUX26 -DCONFIG_RALINK -DMUSL_LIBC -DDEBUG_NOISY -DDEBUG_RCTEST -D_GNU_SOURCE -D__UAPI_DEF_ETHHDR -DRALINK_DBDC_MODE -pipe -funit-at-a-time -Wno-pointer-sign -mtune=mips32 -mips32 -DLINUX_KERNEL_VERSION=263366 --sysroot=/opt/lede-toolchain-ramips-mt7621_gcc-5.4.0_musl-1.1.24.Linux-x86_64/toolchain-mipsel_24kc_gcc-5.4.0_musl-1.1.24  -I/repo/Pass_GPL/asuswrt/release/src-ra-openwrt-4210/router/mipsel-musl/stage/usr/include -Wall -fno-strict-aliasing  conftest.c >&5
configure:13232: $? = 0
configure:13232: result: yes
configure:13232: checking sys/uio.h presence
configure:13232: /opt/lede-toolchain-ramips-mt7621_gcc-5.4.0_musl-1.1.24.Linux-x86_64/toolchain-mipsel_24kc_gcc-5.4.0_musl-1.1.24/bin/mipsel-openwrt-linux-musl-gcc -E  conftest.c
configure:13232: $? = 0
configure:13232: result: yes
configure:13232: checking for sys/uio.h
configure:13232: result: yes
configure:13232: checking arpa/inet.h usability
configure:13232: /opt/lede-toolchain-ramips-mt7621_gcc-5.4.0_musl-1.1.24.Linux-x86_64/toolchain-mipsel_24kc_gcc-5.4.0_musl-1.1.24/bin/mipsel-openwrt-linux-musl-gcc -c -DRTAX53U -DRTAX53U -DRTAX53U -DMUSL_LIBC -DRTAX53U -DBCM_EVENTD -DEXT_ACS -D__CONFIG_EMF__ -D__CONFIG_WPS__ -Os -Wall -DLINUX26 -DCONFIG_RALINK -DMUSL_LIBC -DDEBUG_NOISY -DDEBUG_RCTEST -D_GNU_SOURCE -D__UAPI_DEF_ETHHDR -DRALINK_DBDC_MODE -pipe -funit-at-a-time -Wno-pointer-sign -mtune=mips32 -mips32 -DLINUX_KERNEL_VERSION=263366 --sysroot=/opt/lede-toolchain-ramips-mt7621_gcc-5.4.0_musl-1.1.24.Linux-x86_64/toolchain-mipsel_24kc_gcc-5.4.0_musl-1.1.24  -I/repo/Pass_GPL/asuswrt/release/src-ra-openwrt-4210/router/mipsel-musl/stage/usr/include -Wall -fno-strict-aliasing  conftest.c >&5
configure:13232: $? = 0
configure:13232: result: yes
configure:13232: checking arpa/inet.h presence
configure:13232: /opt/lede-toolchain-ramips-mt7621_gcc-5.4.0_musl-1.1.24.Linux-x86_64/toolchain-mipsel_24kc_gcc-5.4.0_musl-1.1.24/bin/mipsel-openwrt-linux-musl-gcc -E  conftest.c
configure:13232: $? = 0
configure:13232: result: yes
configure:13232: checking for arpa/inet.h
configure:13232: result: yes
configure:13232: checking sys/eventfd.h usability
configure:13232: /opt/lede-toolchain-ramips-mt7621_gcc-5.4.0_musl-1.1.24.Linux-x86_64/toolchain-mipsel_24kc_gcc-5.4.0_musl-1.1.24/bin/mipsel-openwrt-linux-musl-gcc -c -DRTAX53U -DRTAX53U -DRTAX53U -DMUSL_LIBC -DRTAX53U -DBCM_EVENTD -DEXT_ACS -D__CONFIG_EMF__ -D__CONFIG_WPS__ -Os -Wall -DLINUX26 -DCONFIG_RALINK -DMUSL_LIBC -DDEBUG_NOISY -DDEBUG_RCTEST -D_GNU_SOURCE -D__UAPI_DEF_ETHHDR -DRALINK_DBDC_MODE -pipe -funit-at-a-time -Wno-pointer-sign -mtune=mips32 -mips32 -DLINUX_KERNEL_VERSION=263366 --sysroot=/opt/lede-toolchain-ramips-mt7621_gcc-5.4.0_musl-1.1.24.Linux-x86_64/toolchain-mipsel_24kc_gcc-5.4.0_musl-1.1.24  -I/repo/Pass_GPL/asuswrt/release/src-ra-openwrt-4210/router/mipsel-musl/stage/usr/include -Wall -fno-strict-aliasing  conftest.c >&5
configure:13232: $? = 0
configure:13232: result: yes
configure:13232: checking sys/eventfd.h presence
configure:13232: /opt/lede-toolchain-ramips-mt7621_gcc-5.4.0_musl-1.1.24.Linux-x86_64/toolchain-mipsel_24kc_gcc-5.4.0_musl-1.1.24/bin/mipsel-openwrt-linux-musl-gcc -E  conftest.c
configure:13232: $? = 0
configure:13232: result: yes
configure:13232: checking for sys/eventfd.h
configure:13232: result: yes
configure:13232: checking sys/mman.h usability
configure:13232: /opt/lede-toolchain-ramips-mt7621_gcc-5.4.0_musl-1.1.24.Linux-x86_64/toolchain-mipsel_24kc_gcc-5.4.0_musl-1.1.24/bin/mipsel-openwrt-linux-musl-gcc -c -DRTAX53U -DRTAX53U -DRTAX53U -DMUSL_LIBC -DRTAX53U -DBCM_EVENTD -DEXT_ACS -D__CONFIG_EMF__ -D__CONFIG_WPS__ -Os -Wall -DLINUX26 -DCONFIG_RALINK -DMUSL_LIBC -DDEBUG_NOISY -DDEBUG_RCTEST -D_GNU_SOURCE -D__UAPI_DEF_ETHHDR -DRALINK_DBDC_MODE -pipe -funit-at-a-time -Wno-pointer-sign -mtune=mips32 -mips32 -DLINUX_KERNEL_VERSION=263366 --sysroot=/opt/lede-toolchain-ramips-mt7621_gcc-5.4.0_musl-1.1.24.Linux-x86_64/toolchain-mipsel_24kc_gcc-5.4.0_musl-1.1.24  -I/repo/Pass_GPL/asuswrt/release/src-ra-openwrt-4210/router/mipsel-musl/stage/usr/include -Wall -fno-strict-aliasing  conftest.c >&5
configure:13232: $? = 0
configure:13232: result: yes
configure:13232: checking sys/mman.h presence
configure:13232: /opt/lede-toolchain-ramips-mt7621_gcc-5.4.0_musl-1.1.24.Linux-x86_64/toolchain-mipsel_24kc_gcc-5.4.0_musl-1.1.24/bin/mipsel-openwrt-linux-musl-gcc -E  conftest.c
configure:13232: $? = 0
configure:13232: result: yes
configure:13232: checking for sys/mman.h
configure:13232: result: yes
configure:13232: checking sys/sendfile.h usability
configure:13232: /opt/lede-toolchain-ramips-mt7621_gcc-5.4.0_musl-1.1.24.Linux-x86_64/toolchain-mipsel_24kc_gcc-5.4.0_musl-1.1.24/bin/mipsel-openwrt-linux-musl-gcc -c -DRTAX53U -DRTAX53U -DRTAX53U -DMUSL_LIBC -DRTAX53U -DBCM_EVENTD -DEXT_ACS -D__CONFIG_EMF__ -D__CONFIG_WPS__ -Os -Wall -DLINUX26 -DCONFIG_RALINK -DMUSL_LIBC -DDEBUG_NOISY -DDEBUG_RCTEST -D_GNU_SOURCE -D__UAPI_DEF_ETHHDR -DRALINK_DBDC_MODE -pipe -funit-at-a-time -Wno-pointer-sign -mtune=mips32 -mips32 -DLINUX_KERNEL_VERSION=263366 --sysroot=/opt/lede-toolchain-ramips-mt7621_gcc-5.4.0_musl-1.1.24.Linux-x86_64/toolchain-mipsel_24kc_gcc-5.4.0_musl-1.1.24  -I/repo/Pass_GPL/asuswrt/release/src-ra-openwrt-4210/router/mipsel-musl/stage/usr/include -Wall -fno-strict-aliasing  conftest.c >&5
configure:13232: $? = 0
configure:13232: result: yes
configure:13232: checking sys/sendfile.h presence
configure:13232: /opt/lede-toolchain-ramips-mt7621_gcc-5.4.0_musl-1.1.24.Linux-x86_64/toolchain-mipsel_24kc_gcc-5.4.0_musl-1.1.24/bin/mipsel-openwrt-linux-musl-gcc -E  conftest.c
configure:13232: $? = 0
configure:13232: result: yes
configure:13232: checking for sys/sendfile.h
configure:13232: result: yes
configure:13232: checking sys/wait.h usability
configure:13232: /opt/lede-toolchain-ramips-mt7621_gcc-5.4.0_musl-1.1.24.Linux-x86_64/toolchain-mipsel_24kc_gcc-5.4.0_musl-1.1.24/bin/mipsel-openwrt-linux-musl-gcc -c -DRTAX53U -DRTAX53U -DRTAX53U -DMUSL_LIBC -DRTAX53U -DBCM_EVENTD -DEXT_ACS -D__CONFIG_EMF__ -D__CONFIG_WPS__ -Os -Wall -DLINUX26 -DCONFIG_RALINK -DMUSL_LIBC -DDEBUG_NOISY -DDEBUG_RCTEST -D_GNU_SOURCE -D__UAPI_DEF_ETHHDR -DRALINK_DBDC_MODE -pipe -funit-at-a-time -Wno-pointer-sign -mtune=mips32 -mips32 -DLINUX_KERNEL_VERSION=263366 --sysroot=/opt/lede-toolchain-ramips-mt7621_gcc-5.4.0_musl-1.1.24.Linux-x86_64/toolchain-mipsel_24kc_gcc-5.4.0_musl-1.1.24  -I/repo/Pass_GPL/asuswrt/release/src-ra-openwrt-4210/router/mipsel-musl/stage/usr/include -Wall -fno-strict-aliasing  conftest.c >&5
configure:13232: $? = 0
configure:13232: result: yes
configure:13232: checking sys/wait.h presence
configure:13232: /opt/lede-toolchain-ramips-mt7621_gcc-5.4.0_musl-1.1.24.Linux-x86_64/toolchain-mipsel_24kc_gcc-5.4.0_musl-1.1.24/bin/mipsel-openwrt-linux-musl-gcc -E  conftest.c
configure:13232: $? = 0
configure:13232: result: yes
configure:13232: checking for sys/wait.h
configure:13232: result: yes
configure:13232: checking netdb.h usability
configure:13232: /opt/lede-toolchain-ramips-mt7621_gcc-5.4.0_musl-1.1.24.Linux-x86_64/toolchain-mipsel_24kc_gcc-5.4.0_musl-1.1.24/bin/mipsel-openwrt-linux-musl-gcc -c -DRTAX53U -DRTAX53U -DRTAX53U -DMUSL_LIBC -DRTAX53U -DBCM_EVENTD -DEXT_ACS -D__CONFIG_EMF__ -D__CONFIG_WPS__ -Os -Wall -DLINUX26 -DCONFIG_RALINK -DMUSL_LIBC -DDEBUG_NOISY -DDEBUG_RCTEST -D_GNU_SOURCE -D__UAPI_DEF_ETHHDR -DRALINK_DBDC_MODE -pipe -funit-at-a-time -Wno-pointer-sign -mtune=mips32 -mips32 -DLINUX_KERNEL_VERSION=263366 --sysroot=/opt/lede-toolchain-ramips-mt7621_gcc-5.4.0_musl-1.1.24.Linux-x86_64/toolchain-mipsel_24kc_gcc-5.4.0_musl-1.1.24  -I/repo/Pass_GPL/asuswrt/release/src-ra-openwrt-4210/router/mipsel-musl/stage/usr/include -Wall -fno-strict-aliasing  conftest.c >&5
configure:13232: $? = 0
configure:13232: result: yes
configure:13232: checking netdb.h presence
configure:13232: /opt/lede-toolchain-ramips-mt7621_gcc-5.4.0_musl-1.1.24.Linux-x86_64/toolchain-mipsel_24kc_gcc-5.4.0_musl-1.1.24/bin/mipsel-openwrt-linux-musl-gcc -E  conftest.c
configure:13232: $? = 0
configure:13232: result: yes
configure:13232: checking for netdb.h
configure:13232: result: yes
configure:13244: checking for sys/stat.h
configure:13244: result: yes
configure:13256: checking for sys/sysctl.h
configure:13256: /opt/lede-toolchain-ramips-mt7621_gcc-5.4.0_musl-1.1.24.Linux-x86_64/toolchain-mipsel_24kc_gcc-5.4.0_musl-1.1.24/bin/mipsel-openwrt-linux-musl-gcc -c -DRTAX53U -DRTAX53U -DRTAX53U -DMUSL_LIBC -DRTAX53U -DBCM_EVENTD -DEXT_ACS -D__CONFIG_EMF__ -D__CONFIG_WPS__ -Os -Wall -DLINUX26 -DCONFIG_RALINK -DMUSL_LIBC -DDEBUG_NOISY -DDEBUG_RCTEST -D_GNU_SOURCE -D__UAPI_DEF_ETHHDR -DRALINK_DBDC_MODE -pipe -funit-at-a-time -Wno-pointer-sign -mtune=mips32 -mips32 -DLINUX_KERNEL_VERSION=263366 --sysroot=/opt/lede-toolchain-ramips-mt7621_gcc-5.4.0_musl-1.1.24.Linux-x86_64/toolchain-mipsel_24kc_gcc-5.4.0_musl-1.1.24  -I/repo/Pass_GPL/asuswrt/release/src-ra-openwrt-4210/router/mipsel-musl/stage/usr/include -Wall -fno-strict-aliasing  conftest.c >&5
conftest.c:57:24: fatal error: sys/sysctl.h: No such file or directory
compilation terminated.
configure:13256: $? = 1
configure: failed program was:
| /* confdefs.h */
| #define PACKAGE_NAME ""
| #define PACKAGE_TARNAME ""
| #define PACKAGE_VERSION ""
| #define PACKAGE_STRING ""
| #define PACKAGE_BUGREPORT ""
| #define PACKAGE_URL ""
| #define PACKAGE "libevent"
| #define VERSION "2.0.21-stable"
| #define NUMERIC_VERSION 0x02001500
| #define STDC_HEADERS 1
| #define HAVE_SYS_TYPES_H 1
| #define HAVE_SYS_STAT_H 1
| #define HAVE_STDLIB_H 1
| #define HAVE_STRING_H 1
| #define HAVE_MEMORY_H 1
| #define HAVE_STRINGS_H 1
| #define HAVE_INTTYPES_H 1
| #define HAVE_STDINT_H 1
| #define HAVE_UNISTD_H 1
| #define HAVE_DLFCN_H 1
| #define LT_OBJDIR ".libs/"
| #define HAVE_ZLIB_H 1
| #define HAVE_LIBZ 1
| #define HAVE_OPENSSL_BIO_H 1
| #define STDC_HEADERS 1
| #define HAVE_FCNTL_H 1
| #define HAVE_STDARG_H 1
| #define HAVE_INTTYPES_H 1
| #define HAVE_STDINT_H 1
| #define HAVE_STDDEF_H 1
| #define HAVE_POLL_H 1
| #define HAVE_UNISTD_H 1
| #define HAVE_SYS_EPOLL_H 1
| #define HAVE_SYS_TIME_H 1
| #define HAVE_SYS_QUEUE_H 1
| #define HAVE_SYS_PARAM_H 1
| #define HAVE_SYS_IOCTL_H 1
| #define HAVE_SYS_SELECT_H 1
| #define HAVE_NETINET_IN_H 1
| #define HAVE_SYS_SOCKET_H 1
| #define HAVE_SYS_UIO_H 1
| #define HAVE_ARPA_INET_H 1
| #define HAVE_SYS_EVENTFD_H 1
| #define HAVE_SYS_MMAN_H 1
| #define HAVE_SYS_SENDFILE_H 1
| #define HAVE_SYS_WAIT_H 1
| #define HAVE_NETDB_H 1
| #define HAVE_SYS_STAT_H 1
| /* end confdefs.h.  */
| 
| #ifdef HAVE_SYS_PARAM_H
| #include <sys/param.h>
| #endif
| 
| 
| #include <sys/sysctl.h>
configure:13256: result: no
configure:13272: checking for TAILQ_FOREACH in sys/queue.h
configure:13285: result: yes
configure:13300: checking for timeradd in sys/time.h
configure:13316: result: yes
configure:13328: checking for timercmp in sys/time.h
configure:13344: result: yes
configure:13356: checking for timerclear in sys/time.h
configure:13372: result: yes
configure:13384: checking for timerisset in sys/time.h
configure:13400: result: yes
configure:13551: checking for an ANSI C-conforming const
configure:13617: /opt/lede-toolchain-ramips-mt7621_gcc-5.4.0_musl-1.1.24.Linux-x86_64/toolchain-mipsel_24kc_gcc-5.4.0_musl-1.1.24/bin/mipsel-openwrt-linux-musl-gcc -c -DRTAX53U -DRTAX53U -DRTAX53U -DMUSL_LIBC -DRTAX53U -DBCM_EVENTD -DEXT_ACS -D__CONFIG_EMF__ -D__CONFIG_WPS__ -Os -Wall -DLINUX26 -DCONFIG_RALINK -DMUSL_LIBC -DDEBUG_NOISY -DDEBUG_RCTEST -D_GNU_SOURCE -D__UAPI_DEF_ETHHDR -DRALINK_DBDC_MODE -pipe -funit-at-a-time -Wno-pointer-sign -mtune=mips32 -mips32 -DLINUX_KERNEL_VERSION=263366 --sysroot=/opt/lede-toolchain-ramips-mt7621_gcc-5.4.0_musl-1.1.24.Linux-x86_64/toolchain-mipsel_24kc_gcc-5.4.0_musl-1.1.24  -I/repo/Pass_GPL/asuswrt/release/src-ra-openwrt-4210/router/mipsel-musl/stage/usr/include -Wall -fno-strict-aliasing  conftest.c >&5
configure:13617: $? = 0
configure:13624: result: yes
configure:13632: checking for inline
configure:13648: /opt/lede-toolchain-ramips-mt7621_gcc-5.4.0_musl-1.1.24.Linux-x86_64/toolchain-mipsel_24kc_gcc-5.4.0_musl-1.1.24/bin/mipsel-openwrt-linux-musl-gcc -c -DRTAX53U -DRTAX53U -DRTAX53U -DMUSL_LIBC -DRTAX53U -DBCM_EVENTD -DEXT_ACS -D__CONFIG_EMF__ -D__CONFIG_WPS__ -Os -Wall -DLINUX26 -DCONFIG_RALINK -DMUSL_LIBC -DDEBUG_NOISY -DDEBUG_RCTEST -D_GNU_SOURCE -D__UAPI_DEF_ETHHDR -DRALINK_DBDC_MODE -pipe -funit-at-a-time -Wno-pointer-sign -mtune=mips32 -mips32 -DLINUX_KERNEL_VERSION=263366 --sysroot=/opt/lede-toolchain-ramips-mt7621_gcc-5.4.0_musl-1.1.24.Linux-x86_64/toolchain-mipsel_24kc_gcc-5.4.0_musl-1.1.24  -I/repo/Pass_GPL/asuswrt/release/src-ra-openwrt-4210/router/mipsel-musl/stage/usr/include -Wall -fno-strict-aliasing  conftest.c >&5
configure:13648: $? = 0
configure:13656: result: inline
configure:13674: checking whether time.h and sys/time.h may both be included
configure:13694: /opt/lede-toolchain-ramips-mt7621_gcc-5.4.0_musl-1.1.24.Linux-x86_64/toolchain-mipsel_24kc_gcc-5.4.0_musl-1.1.24/bin/mipsel-openwrt-linux-musl-gcc -c -DRTAX53U -DRTAX53U -DRTAX53U -DMUSL_LIBC -DRTAX53U -DBCM_EVENTD -DEXT_ACS -D__CONFIG_EMF__ -D__CONFIG_WPS__ -Os -Wall -DLINUX26 -DCONFIG_RALINK -DMUSL_LIBC -DDEBUG_NOISY -DDEBUG_RCTEST -D_GNU_SOURCE -D__UAPI_DEF_ETHHDR -DRALINK_DBDC_MODE -pipe -funit-at-a-time -Wno-pointer-sign -mtune=mips32 -mips32 -DLINUX_KERNEL_VERSION=263366 --sysroot=/opt/lede-toolchain-ramips-mt7621_gcc-5.4.0_musl-1.1.24.Linux-x86_64/toolchain-mipsel_24kc_gcc-5.4.0_musl-1.1.24  -I/repo/Pass_GPL/asuswrt/release/src-ra-openwrt-4210/router/mipsel-musl/stage/usr/include -Wall -fno-strict-aliasing  conftest.c >&5
configure:13694: $? = 0
configure:13701: result: yes
configure:13713: checking for gettimeofday
configure:13713: /opt/lede-toolchain-ramips-mt7621_gcc-5.4.0_musl-1.1.24.Linux-x86_64/toolchain-mipsel_24kc_gcc-5.4.0_musl-1.1.24/bin/mipsel-openwrt-linux-musl-gcc -o conftest -DRTAX53U -DRTAX53U -DRTAX53U -DMUSL_LIBC -DRTAX53U -DBCM_EVENTD -DEXT_ACS -D__CONFIG_EMF__ -D__CONFIG_WPS__ -Os -Wall -DLINUX26 -DCONFIG_RALINK -DMUSL_LIBC -DDEBUG_NOISY -DDEBUG_RCTEST -D_GNU_SOURCE -D__UAPI_DEF_ETHHDR -DRALINK_DBDC_MODE -pipe -funit-at-a-time -Wno-pointer-sign -mtune=mips32 -mips32 -DLINUX_KERNEL_VERSION=263366 --sysroot=/opt/lede-toolchain-ramips-mt7621_gcc-5.4.0_musl-1.1.24.Linux-x86_64/toolchain-mipsel_24kc_gcc-5.4.0_musl-1.1.24  -I/repo/Pass_GPL/asuswrt/release/src-ra-openwrt-4210/router/mipsel-musl/stage/usr/include -Wall -fno-strict-aliasing  -L/repo/Pass_GPL/asuswrt/release/src-ra-openwrt-4210/router/mipsel-musl/stage/usr/lib conftest.c  >&5
configure:13713: $? = 0
configure:13713: result: yes
configure:13713: checking for vasprintf
configure:13713: /opt/lede-toolchain-ramips-mt7621_gcc-5.4.0_musl-1.1.24.Linux-x86_64/toolchain-mipsel_24kc_gcc-5.4.0_musl-1.1.24/bin/mipsel-openwrt-linux-musl-gcc -o conftest -DRTAX53U -DRTAX53U -DRTAX53U -DMUSL_LIBC -DRTAX53U -DBCM_EVENTD -DEXT_ACS -D__CONFIG_EMF__ -D__CONFIG_WPS__ -Os -Wall -DLINUX26 -DCONFIG_RALINK -DMUSL_LIBC -DDEBUG_NOISY -DDEBUG_RCTEST -D_GNU_SOURCE -D__UAPI_DEF_ETHHDR -DRALINK_DBDC_MODE -pipe -funit-at-a-time -Wno-pointer-sign -mtune=mips32 -mips32 -DLINUX_KERNEL_VERSION=263366 --sysroot=/opt/lede-toolchain-ramips-mt7621_gcc-5.4.0_musl-1.1.24.Linux-x86_64/toolchain-mipsel_24kc_gcc-5.4.0_musl-1.1.24  -I/repo/Pass_GPL/asuswrt/release/src-ra-openwrt-4210/router/mipsel-musl/stage/usr/include -Wall -fno-strict-aliasing  -L/repo/Pass_GPL/asuswrt/release/src-ra-openwrt-4210/router/mipsel-musl/stage/usr/lib conftest.c  >&5
configure:13713: $? = 0
configure:13713: result: yes
configure:13713: checking for fcntl
configure:13713: /opt/lede-toolchain-ramips-mt7621_gcc-5.4.0_musl-1.1.24.Linux-x86_64/toolchain-mipsel_24kc_gcc-5.4.0_musl-1.1.24/bin/mipsel-openwrt-linux-musl-gcc -o conftest -DRTAX53U -DRTAX53U -DRTAX53U -DMUSL_LIBC -DRTAX53U -DBCM_EVENTD -DEXT_ACS -D__CONFIG_EMF__ -D__CONFIG_WPS__ -Os -Wall -DLINUX26 -DCONFIG_RALINK -DMUSL_LIBC -DDEBUG_NOISY -DDEBUG_RCTEST -D_GNU_SOURCE -D__UAPI_DEF_ETHHDR -DRALINK_DBDC_MODE -pipe -funit-at-a-time -Wno-pointer-sign -mtune=mips32 -mips32 -DLINUX_KERNEL_VERSION=263366 --sysroot=/opt/lede-toolchain-ramips-mt7621_gcc-5.4.0_musl-1.1.24.Linux-x86_64/toolchain-mipsel_24kc_gcc-5.4.0_musl-1.1.24  -I/repo/Pass_GPL/asuswrt/release/src-ra-openwrt-4210/router/mipsel-musl/stage/usr/include -Wall -fno-strict-aliasing  -L/repo/Pass_GPL/asuswrt/release/src-ra-openwrt-4210/router/mipsel-musl/stage/usr/lib conftest.c  >&5
configure:13713: $? = 0
configure:13713: result: yes
configure:13713: checking for clock_gettime
configure:13713: /opt/lede-toolchain-ramips-mt7621_gcc-5.4.0_musl-1.1.24.Linux-x86_64/toolchain-mipsel_24kc_gcc-5.4.0_musl-1.1.24/bin/mipsel-openwrt-linux-musl-gcc -o conftest -DRTAX53U -DRTAX53U -DRTAX53U -DMUSL_LIBC -DRTAX53U -DBCM_EVENTD -DEXT_ACS -D__CONFIG_EMF__ -D__CONFIG_WPS__ -Os -Wall -DLINUX26 -DCONFIG_RALINK -DMUSL_LIBC -DDEBUG_NOISY -DDEBUG_RCTEST -D_GNU_SOURCE -D__UAPI_DEF_ETHHDR -DRALINK_DBDC_MODE -pipe -funit-at-a-time -Wno-pointer-sign -mtune=mips32 -mips32 -DLINUX_KERNEL_VERSION=263366 --sysroot=/opt/lede-toolchain-ramips-mt7621_gcc-5.4.0_musl-1.1.24.Linux-x86_64/toolchain-mipsel_24kc_gcc-5.4.0_musl-1.1.24  -I/repo/Pass_GPL/asuswrt/release/src-ra-openwrt-4210/router/mipsel-musl/stage/usr/include -Wall -fno-strict-aliasing  -L/repo/Pass_GPL/asuswrt/release/src-ra-openwrt-4210/router/mipsel-musl/stage/usr/lib conftest.c  >&5
configure:13713: $? = 0
configure:13713: result: yes
configure:13713: checking for strtok_r
configure:13713: /opt/lede-toolchain-ramips-mt7621_gcc-5.4.0_musl-1.1.24.Linux-x86_64/toolchain-mipsel_24kc_gcc-5.4.0_musl-1.1.24/bin/mipsel-openwrt-linux-musl-gcc -o conftest -DRTAX53U -DRTAX53U -DRTAX53U -DMUSL_LIBC -DRTAX53U -DBCM_EVENTD -DEXT_ACS -D__CONFIG_EMF__ -D__CONFIG_WPS__ -Os -Wall -DLINUX26 -DCONFIG_RALINK -DMUSL_LIBC -DDEBUG_NOISY -DDEBUG_RCTEST -D_GNU_SOURCE -D__UAPI_DEF_ETHHDR -DRALINK_DBDC_MODE -pipe -funit-at-a-time -Wno-pointer-sign -mtune=mips32 -mips32 -DLINUX_KERNEL_VERSION=263366 --sysroot=/opt/lede-toolchain-ramips-mt7621_gcc-5.4.0_musl-1.1.24.Linux-x86_64/toolchain-mipsel_24kc_gcc-5.4.0_musl-1.1.24  -I/repo/Pass_GPL/asuswrt/release/src-ra-openwrt-4210/router/mipsel-musl/stage/usr/include -Wall -fno-strict-aliasing  -L/repo/Pass_GPL/asuswrt/release/src-ra-openwrt-4210/router/mipsel-musl/stage/usr/lib conftest.c  >&5
configure:13713: $? = 0
configure:13713: result: yes
configure:13713: checking for strsep
configure:13713: /opt/lede-toolchain-ramips-mt7621_gcc-5.4.0_musl-1.1.24.Linux-x86_64/toolchain-mipsel_24kc_gcc-5.4.0_musl-1.1.24/bin/mipsel-openwrt-linux-musl-gcc -o conftest -DRTAX53U -DRTAX53U -DRTAX53U -DMUSL_LIBC -DRTAX53U -DBCM_EVENTD -DEXT_ACS -D__CONFIG_EMF__ -D__CONFIG_WPS__ -Os -Wall -DLINUX26 -DCONFIG_RALINK -DMUSL_LIBC -DDEBUG_NOISY -DDEBUG_RCTEST -D_GNU_SOURCE -D__UAPI_DEF_ETHHDR -DRALINK_DBDC_MODE -pipe -funit-at-a-time -Wno-pointer-sign -mtune=mips32 -mips32 -DLINUX_KERNEL_VERSION=263366 --sysroot=/opt/lede-toolchain-ramips-mt7621_gcc-5.4.0_musl-1.1.24.Linux-x86_64/toolchain-mipsel_24kc_gcc-5.4.0_musl-1.1.24  -I/repo/Pass_GPL/asuswrt/release/src-ra-openwrt-4210/router/mipsel-musl/stage/usr/include -Wall -fno-strict-aliasing  -L/repo/Pass_GPL/asuswrt/release/src-ra-openwrt-4210/router/mipsel-musl/stage/usr/lib conftest.c  >&5
configure:13713: $? = 0
configure:13713: result: yes
configure:13725: checking for getnameinfo
configure:13725: /opt/lede-toolchain-ramips-mt7621_gcc-5.4.0_musl-1.1.24.Linux-x86_64/toolchain-mipsel_24kc_gcc-5.4.0_musl-1.1.24/bin/mipsel-openwrt-linux-musl-gcc -o conftest -DRTAX53U -DRTAX53U -DRTAX53U -DMUSL_LIBC -DRTAX53U -DBCM_EVENTD -DEXT_ACS -D__CONFIG_EMF__ -D__CONFIG_WPS__ -Os -Wall -DLINUX26 -DCONFIG_RALINK -DMUSL_LIBC -DDEBUG_NOISY -DDEBUG_RCTEST -D_GNU_SOURCE -D__UAPI_DEF_ETHHDR -DRALINK_DBDC_MODE -pipe -funit-at-a-time -Wno-pointer-sign -mtune=mips32 -mips32 -DLINUX_KERNEL_VERSION=263366 --sysroot=/opt/lede-toolchain-ramips-mt7621_gcc-5.4.0_musl-1.1.24.Linux-x86_64/toolchain-mipsel_24kc_gcc-5.4.0_musl-1.1.24  -I/repo/Pass_GPL/asuswrt/release/src-ra-openwrt-4210/router/mipsel-musl/stage/usr/include -Wall -fno-strict-aliasing  -L/repo/Pass_GPL/asuswrt/release/src-ra-openwrt-4210/router/mipsel-musl/stage/usr/lib conftest.c  >&5
configure:13725: $? = 0
configure:13725: result: yes
configure:13725: checking for strlcpy
configure:13725: /opt/lede-toolchain-ramips-mt7621_gcc-5.4.0_musl-1.1.24.Linux-x86_64/toolchain-mipsel_24kc_gcc-5.4.0_musl-1.1.24/bin/mipsel-openwrt-linux-musl-gcc -o conftest -DRTAX53U -DRTAX53U -DRTAX53U -DMUSL_LIBC -DRTAX53U -DBCM_EVENTD -DEXT_ACS -D__CONFIG_EMF__ -D__CONFIG_WPS__ -Os -Wall -DLINUX26 -DCONFIG_RALINK -DMUSL_LIBC -DDEBUG_NOISY -DDEBUG_RCTEST -D_GNU_SOURCE -D__UAPI_DEF_ETHHDR -DRALINK_DBDC_MODE -pipe -funit-at-a-time -Wno-pointer-sign -mtune=mips32 -mips32 -DLINUX_KERNEL_VERSION=263366 --sysroot=/opt/lede-toolchain-ramips-mt7621_gcc-5.4.0_musl-1.1.24.Linux-x86_64/toolchain-mipsel_24kc_gcc-5.4.0_musl-1.1.24  -I/repo/Pass_GPL/asuswrt/release/src-ra-openwrt-4210/router/mipsel-musl/stage/usr/include -Wall -fno-strict-aliasing  -L/repo/Pass_GPL/asuswrt/release/src-ra-openwrt-4210/router/mipsel-musl/stage/usr/lib conftest.c  >&5
configure:13725: $? = 0
configure:13725: result: yes
configure:13725: checking for inet_ntop
configure:13725: /opt/lede-toolchain-ramips-mt7621_gcc-5.4.0_musl-1.1.24.Linux-x86_64/toolchain-mipsel_24kc_gcc-5.4.0_musl-1.1.24/bin/mipsel-openwrt-linux-musl-gcc -o conftest -DRTAX53U -DRTAX53U -DRTAX53U -DMUSL_LIBC -DRTAX53U -DBCM_EVENTD -DEXT_ACS -D__CONFIG_EMF__ -D__CONFIG_WPS__ -Os -Wall -DLINUX26 -DCONFIG_RALINK -DMUSL_LIBC -DDEBUG_NOISY -DDEBUG_RCTEST -D_GNU_SOURCE -D__UAPI_DEF_ETHHDR -DRALINK_DBDC_MODE -pipe -funit-at-a-time -Wno-pointer-sign -mtune=mips32 -mips32 -DLINUX_KERNEL_VERSION=263366 --sysroot=/opt/lede-toolchain-ramips-mt7621_gcc-5.4.0_musl-1.1.24.Linux-x86_64/toolchain-mipsel_24kc_gcc-5.4.0_musl-1.1.24  -I/repo/Pass_GPL/asuswrt/release/src-ra-openwrt-4210/router/mipsel-musl/stage/usr/include -Wall -fno-strict-aliasing  -L/repo/Pass_GPL/asuswrt/release/src-ra-openwrt-4210/router/mipsel-musl/stage/usr/lib conftest.c  >&5
configure:13725: $? = 0
configure:13725: result: yes
configure:13725: checking for inet_pton
configure:13725: /opt/lede-toolchain-ramips-mt7621_gcc-5.4.0_musl-1.1.24.Linux-x86_64/toolchain-mipsel_24kc_gcc-5.4.0_musl-1.1.24/bin/mipsel-openwrt-linux-musl-gcc -o conftest -DRTAX53U -DRTAX53U -DRTAX53U -DMUSL_LIBC -DRTAX53U -DBCM_EVENTD -DEXT_ACS -D__CONFIG_EMF__ -D__CONFIG_WPS__ -Os -Wall -DLINUX26 -DCONFIG_RALINK -DMUSL_LIBC -DDEBUG_NOISY -DDEBUG_RCTEST -D_GNU_SOURCE -D__UAPI_DEF_ETHHDR -DRALINK_DBDC_MODE -pipe -funit-at-a-time -Wno-pointer-sign -mtune=mips32 -mips32 -DLINUX_KERNEL_VERSION=263366 --sysroot=/opt/lede-toolchain-ramips-mt7621_gcc-5.4.0_musl-1.1.24.Linux-x86_64/toolchain-mipsel_24kc_gcc-5.4.0_musl-1.1.24  -I/repo/Pass_GPL/asuswrt/release/src-ra-openwrt-4210/router/mipsel-musl/stage/usr/include -Wall -fno-strict-aliasing  -L/repo/Pass_GPL/asuswrt/release/src-ra-openwrt-4210/router/mipsel-musl/stage/usr/lib conftest.c  >&5
configure:13725: $? = 0
configure:13725: result: yes
configure:13725: checking for signal
configure:13725: /opt/lede-toolchain-ramips-mt7621_gcc-5.4.0_musl-1.1.24.Linux-x86_64/toolchain-mipsel_24kc_gcc-5.4.0_musl-1.1.24/bin/mipsel-openwrt-linux-musl-gcc -o conftest -DRTAX53U -DRTAX53U -DRTAX53U -DMUSL_LIBC -DRTAX53U -DBCM_EVENTD -DEXT_ACS -D__CONFIG_EMF__ -D__CONFIG_WPS__ -Os -Wall -DLINUX26 -DCONFIG_RALINK -DMUSL_LIBC -DDEBUG_NOISY -DDEBUG_RCTEST -D_GNU_SOURCE -D__UAPI_DEF_ETHHDR -DRALINK_DBDC_MODE -pipe -funit-at-a-time -Wno-pointer-sign -mtune=mips32 -mips32 -DLINUX_KERNEL_VERSION=263366 --sysroot=/opt/lede-toolchain-ramips-mt7621_gcc-5.4.0_musl-1.1.24.Linux-x86_64/toolchain-mipsel_24kc_gcc-5.4.0_musl-1.1.24  -I/repo/Pass_GPL/asuswrt/release/src-ra-openwrt-4210/router/mipsel-musl/stage/usr/include -Wall -fno-strict-aliasing  -L/repo/Pass_GPL/asuswrt/release/src-ra-openwrt-4210/router/mipsel-musl/stage/usr/lib conftest.c  >&5
configure:13725: $? = 0
configure:13725: result: yes
configure:13725: checking for sigaction
configure:13725: /opt/lede-toolchain-ramips-mt7621_gcc-5.4.0_musl-1.1.24.Linux-x86_64/toolchain-mipsel_24kc_gcc-5.4.0_musl-1.1.24/bin/mipsel-openwrt-linux-musl-gcc -o conftest -DRTAX53U -DRTAX53U -DRTAX53U -DMUSL_LIBC -DRTAX53U -DBCM_EVENTD -DEXT_ACS -D__CONFIG_EMF__ -D__CONFIG_WPS__ -Os -Wall -DLINUX26 -DCONFIG_RALINK -DMUSL_LIBC -DDEBUG_NOISY -DDEBUG_RCTEST -D_GNU_SOURCE -D__UAPI_DEF_ETHHDR -DRALINK_DBDC_MODE -pipe -funit-at-a-time -Wno-pointer-sign -mtune=mips32 -mips32 -DLINUX_KERNEL_VERSION=263366 --sysroot=/opt/lede-toolchain-ramips-mt7621_gcc-5.4.0_musl-1.1.24.Linux-x86_64/toolchain-mipsel_24kc_gcc-5.4.0_musl-1.1.24  -I/repo/Pass_GPL/asuswrt/release/src-ra-openwrt-4210/router/mipsel-musl/stage/usr/include -Wall -fno-strict-aliasing  -L/repo/Pass_GPL/asuswrt/release/src-ra-openwrt-4210/router/mipsel-musl/stage/usr/lib conftest.c  >&5
configure:13725: $? = 0
configure:13725: result: yes
configure:13725: checking for strtoll
configure:13725: /opt/lede-toolchain-ramips-mt7621_gcc-5.4.0_musl-1.1.24.Linux-x86_64/toolchain-mipsel_24kc_gcc-5.4.0_musl-1.1.24/bin/mipsel-openwrt-linux-musl-gcc -o conftest -DRTAX53U -DRTAX53U -DRTAX53U -DMUSL_LIBC -DRTAX53U -DBCM_EVENTD -DEXT_ACS -D__CONFIG_EMF__ -D__CONFIG_WPS__ -Os -Wall -DLINUX26 -DCONFIG_RALINK -DMUSL_LIBC -DDEBUG_NOISY -DDEBUG_RCTEST -D_GNU_SOURCE -D__UAPI_DEF_ETHHDR -DRALINK_DBDC_MODE -pipe -funit-at-a-time -Wno-pointer-sign -mtune=mips32 -mips32 -DLINUX_KERNEL_VERSION=263366 --sysroot=/opt/lede-toolchain-ramips-mt7621_gcc-5.4.0_musl-1.1.24.Linux-x86_64/toolchain-mipsel_24kc_gcc-5.4.0_musl-1.1.24  -I/repo/Pass_GPL/asuswrt/release/src-ra-openwrt-4210/router/mipsel-musl/stage/usr/include -Wall -fno-strict-aliasing  -L/repo/Pass_GPL/asuswrt/release/src-ra-openwrt-4210/router/mipsel-musl/stage/usr/lib conftest.c  >&5
configure:13725: $? = 0
configure:13725: result: yes
configure:13725: checking for inet_aton
configure:13725: /opt/lede-toolchain-ramips-mt7621_gcc-5.4.0_musl-1.1.24.Linux-x86_64/toolchain-mipsel_24kc_gcc-5.4.0_musl-1.1.24/bin/mipsel-openwrt-linux-musl-gcc -o conftest -DRTAX53U -DRTAX53U -DRTAX53U -DMUSL_LIBC -DRTAX53U -DBCM_EVENTD -DEXT_ACS -D__CONFIG_EMF__ -D__CONFIG_WPS__ -Os -Wall -DLINUX26 -DCONFIG_RALINK -DMUSL_LIBC -DDEBUG_NOISY -DDEBUG_RCTEST -D_GNU_SOURCE -D__UAPI_DEF_ETHHDR -DRALINK_DBDC_MODE -pipe -funit-at-a-time -Wno-pointer-sign -mtune=mips32 -mips32 -DLINUX_KERNEL_VERSION=263366 --sysroot=/opt/lede-toolchain-ramips-mt7621_gcc-5.4.0_musl-1.1.24.Linux-x86_64/toolchain-mipsel_24kc_gcc-5.4.0_musl-1.1.24  -I/repo/Pass_GPL/asuswrt/release/src-ra-openwrt-4210/router/mipsel-musl/stage/usr/include -Wall -fno-strict-aliasing  -L/repo/Pass_GPL/asuswrt/release/src-ra-openwrt-4210/router/mipsel-musl/stage/usr/lib conftest.c  >&5
configure:13725: $? = 0
configure:13725: result: yes
configure:13725: checking for pipe
configure:13725: /opt/lede-toolchain-ramips-mt7621_gcc-5.4.0_musl-1.1.24.Linux-x86_64/toolchain-mipsel_24kc_gcc-5.4.0_musl-1.1.24/bin/mipsel-openwrt-linux-musl-gcc -o conftest -DRTAX53U -DRTAX53U -DRTAX53U -DMUSL_LIBC -DRTAX53U -DBCM_EVENTD -DEXT_ACS -D__CONFIG_EMF__ -D__CONFIG_WPS__ -Os -Wall -DLINUX26 -DCONFIG_RALINK -DMUSL_LIBC -DDEBUG_NOISY -DDEBUG_RCTEST -D_GNU_SOURCE -D__UAPI_DEF_ETHHDR -DRALINK_DBDC_MODE -pipe -funit-at-a-time -Wno-pointer-sign -mtune=mips32 -mips32 -DLINUX_KERNEL_VERSION=263366 --sysroot=/opt/lede-toolchain-ramips-mt7621_gcc-5.4.0_musl-1.1.24.Linux-x86_64/toolchain-mipsel_24kc_gcc-5.4.0_musl-1.1.24  -I/repo/Pass_GPL/asuswrt/release/src-ra-openwrt-4210/router/mipsel-musl/stage/usr/include -Wall -fno-strict-aliasing  -L/repo/Pass_GPL/asuswrt/release/src-ra-openwrt-4210/router/mipsel-musl/stage/usr/lib conftest.c  >&5
configure:13725: $? = 0
configure:13725: result: yes
configure:13725: checking for eventfd
configure:13725: /opt/lede-toolchain-ramips-mt7621_gcc-5.4.0_musl-1.1.24.Linux-x86_64/toolchain-mipsel_24kc_gcc-5.4.0_musl-1.1.24/bin/mipsel-openwrt-linux-musl-gcc -o conftest -DRTAX53U -DRTAX53U -DRTAX53U -DMUSL_LIBC -DRTAX53U -DBCM_EVENTD -DEXT_ACS -D__CONFIG_EMF__ -D__CONFIG_WPS__ -Os -Wall -DLINUX26 -DCONFIG_RALINK -DMUSL_LIBC -DDEBUG_NOISY -DDEBUG_RCTEST -D_GNU_SOURCE -D__UAPI_DEF_ETHHDR -DRALINK_DBDC_MODE -pipe -funit-at-a-time -Wno-pointer-sign -mtune=mips32 -mips32 -DLINUX_KERNEL_VERSION=263366 --sysroot=/opt/lede-toolchain-ramips-mt7621_gcc-5.4.0_musl-1.1.24.Linux-x86_64/toolchain-mipsel_24kc_gcc-5.4.0_musl-1.1.24  -I/repo/Pass_GPL/asuswrt/release/src-ra-openwrt-4210/router/mipsel-musl/stage/usr/include -Wall -fno-strict-aliasing  -L/repo/Pass_GPL/asuswrt/release/src-ra-openwrt-4210/router/mipsel-musl/stage/usr/lib conftest.c  >&5
configure:13725: $? = 0
configure:13725: result: yes
configure:13725: checking for sendfile
configure:13725: /opt/lede-toolchain-ramips-mt7621_gcc-5.4.0_musl-1.1.24.Linux-x86_64/toolchain-mipsel_24kc_gcc-5.4.0_musl-1.1.24/bin/mipsel-openwrt-linux-musl-gcc -o conftest -DRTAX53U -DRTAX53U -DRTAX53U -DMUSL_LIBC -DRTAX53U -DBCM_EVENTD -DEXT_ACS -D__CONFIG_EMF__ -D__CONFIG_WPS__ -Os -Wall -DLINUX26 -DCONFIG_RALINK -DMUSL_LIBC -DDEBUG_NOISY -DDEBUG_RCTEST -D_GNU_SOURCE -D__UAPI_DEF_ETHHDR -DRALINK_DBDC_MODE -pipe -funit-at-a-time -Wno-pointer-sign -mtune=mips32 -mips32 -DLINUX_KERNEL_VERSION=263366 --sysroot=/opt/lede-toolchain-ramips-mt7621_gcc-5.4.0_musl-1.1.24.Linux-x86_64/toolchain-mipsel_24kc_gcc-5.4.0_musl-1.1.24  -I/repo/Pass_GPL/asuswrt/release/src-ra-openwrt-4210/router/mipsel-musl/stage/usr/include -Wall -fno-strict-aliasing  -L/repo/Pass_GPL/asuswrt/release/src-ra-openwrt-4210/router/mipsel-musl/stage/usr/lib conftest.c  >&5
configure:13725: $? = 0
configure:13725: result: yes
configure:13725: checking for mmap
configure:13725: /opt/lede-toolchain-ramips-mt7621_gcc-5.4.0_musl-1.1.24.Linux-x86_64/toolchain-mipsel_24kc_gcc-5.4.0_musl-1.1.24/bin/mipsel-openwrt-linux-musl-gcc -o conftest -DRTAX53U -DRTAX53U -DRTAX53U -DMUSL_LIBC -DRTAX53U -DBCM_EVENTD -DEXT_ACS -D__CONFIG_EMF__ -D__CONFIG_WPS__ -Os -Wall -DLINUX26 -DCONFIG_RALINK -DMUSL_LIBC -DDEBUG_NOISY -DDEBUG_RCTEST -D_GNU_SOURCE -D__UAPI_DEF_ETHHDR -DRALINK_DBDC_MODE -pipe -funit-at-a-time -Wno-pointer-sign -mtune=mips32 -mips32 -DLINUX_KERNEL_VERSION=263366 --sysroot=/opt/lede-toolchain-ramips-mt7621_gcc-5.4.0_musl-1.1.24.Linux-x86_64/toolchain-mipsel_24kc_gcc-5.4.0_musl-1.1.24  -I/repo/Pass_GPL/asuswrt/release/src-ra-openwrt-4210/router/mipsel-musl/stage/usr/include -Wall -fno-strict-aliasing  -L/repo/Pass_GPL/asuswrt/release/src-ra-openwrt-4210/router/mipsel-musl/stage/usr/lib conftest.c  >&5
configure:13725: $? = 0
configure:13725: result: yes
configure:13725: checking for splice
configure:13725: /opt/lede-toolchain-ramips-mt7621_gcc-5.4.0_musl-1.1.24.Linux-x86_64/toolchain-mipsel_24kc_gcc-5.4.0_musl-1.1.24/bin/mipsel-openwrt-linux-musl-gcc -o conftest -DRTAX53U -DRTAX53U -DRTAX53U -DMUSL_LIBC -DRTAX53U -DBCM_EVENTD -DEXT_ACS -D__CONFIG_EMF__ -D__CONFIG_WPS__ -Os -Wall -DLINUX26 -DCONFIG_RALINK -DMUSL_LIBC -DDEBUG_NOISY -DDEBUG_RCTEST -D_GNU_SOURCE -D__UAPI_DEF_ETHHDR -DRALINK_DBDC_MODE -pipe -funit-at-a-time -Wno-pointer-sign -mtune=mips32 -mips32 -DLINUX_KERNEL_VERSION=263366 --sysroot=/opt/lede-toolchain-ramips-mt7621_gcc-5.4.0_musl-1.1.24.Linux-x86_64/toolchain-mipsel_24kc_gcc-5.4.0_musl-1.1.24  -I/repo/Pass_GPL/asuswrt/release/src-ra-openwrt-4210/router/mipsel-musl/stage/usr/include -Wall -fno-strict-aliasing  -L/repo/Pass_GPL/asuswrt/release/src-ra-openwrt-4210/router/mipsel-musl/stage/usr/lib conftest.c  >&5
configure:13725: $? = 0
configure:13725: result: yes
configure:13725: checking for arc4random
configure:13725: /opt/lede-toolchain-ramips-mt7621_gcc-5.4.0_musl-1.1.24.Linux-x86_64/toolchain-mipsel_24kc_gcc-5.4.0_musl-1.1.24/bin/mipsel-openwrt-linux-musl-gcc -o conftest -DRTAX53U -DRTAX53U -DRTAX53U -DMUSL_LIBC -DRTAX53U -DBCM_EVENTD -DEXT_ACS -D__CONFIG_EMF__ -D__CONFIG_WPS__ -Os -Wall -DLINUX26 -DCONFIG_RALINK -DMUSL_LIBC -DDEBUG_NOISY -DDEBUG_RCTEST -D_GNU_SOURCE -D__UAPI_DEF_ETHHDR -DRALINK_DBDC_MODE -pipe -funit-at-a-time -Wno-pointer-sign -mtune=mips32 -mips32 -DLINUX_KERNEL_VERSION=263366 --sysroot=/opt/lede-toolchain-ramips-mt7621_gcc-5.4.0_musl-1.1.24.Linux-x86_64/toolchain-mipsel_24kc_gcc-5.4.0_musl-1.1.24  -I/repo/Pass_GPL/asuswrt/release/src-ra-openwrt-4210/router/mipsel-musl/stage/usr/include -Wall -fno-strict-aliasing  -L/repo/Pass_GPL/asuswrt/release/src-ra-openwrt-4210/router/mipsel-musl/stage/usr/lib conftest.c  >&5
/tmp/ccWj77jm.o: In function `main':
conftest.c:(.text.startup+0x8): undefined reference to `arc4random'
collect2: error: ld returned 1 exit status
configure:13725: $? = 1
configure: failed program was:
| /* confdefs.h */
| #define PACKAGE_NAME ""
| #define PACKAGE_TARNAME ""
| #define PACKAGE_VERSION ""
| #define PACKAGE_STRING ""
| #define PACKAGE_BUGREPORT ""
| #define PACKAGE_URL ""
| #define PACKAGE "libevent"
| #define VERSION "2.0.21-stable"
| #define NUMERIC_VERSION 0x02001500
| #define STDC_HEADERS 1
| #define HAVE_SYS_TYPES_H 1
| #define HAVE_SYS_STAT_H 1
| #define HAVE_STDLIB_H 1
| #define HAVE_STRING_H 1
| #define HAVE_MEMORY_H 1
| #define HAVE_STRINGS_H 1
| #define HAVE_INTTYPES_H 1
| #define HAVE_STDINT_H 1
| #define HAVE_UNISTD_H 1
| #define HAVE_DLFCN_H 1
| #define LT_OBJDIR ".libs/"
| #define HAVE_ZLIB_H 1
| #define HAVE_LIBZ 1
| #define HAVE_OPENSSL_BIO_H 1
| #define STDC_HEADERS 1
| #define HAVE_FCNTL_H 1
| #define HAVE_STDARG_H 1
| #define HAVE_INTTYPES_H 1
| #define HAVE_STDINT_H 1
| #define HAVE_STDDEF_H 1
| #define HAVE_POLL_H 1
| #define HAVE_UNISTD_H 1
| #define HAVE_SYS_EPOLL_H 1
| #define HAVE_SYS_TIME_H 1
| #define HAVE_SYS_QUEUE_H 1
| #define HAVE_SYS_PARAM_H 1
| #define HAVE_SYS_IOCTL_H 1
| #define HAVE_SYS_SELECT_H 1
| #define HAVE_NETINET_IN_H 1
| #define HAVE_SYS_SOCKET_H 1
| #define HAVE_SYS_UIO_H 1
| #define HAVE_ARPA_INET_H 1
| #define HAVE_SYS_EVENTFD_H 1
| #define HAVE_SYS_MMAN_H 1
| #define HAVE_SYS_SENDFILE_H 1
| #define HAVE_SYS_WAIT_H 1
| #define HAVE_NETDB_H 1
| #define HAVE_SYS_STAT_H 1
| #define HAVE_TAILQFOREACH 1
| #define HAVE_TIMERADD 1
| #define HAVE_TIMERCMP 1
| #define HAVE_TIMERCLEAR 1
| #define HAVE_TIMERISSET 1
| #define TIME_WITH_SYS_TIME 1
| #define HAVE_GETTIMEOFDAY 1
| #define HAVE_VASPRINTF 1
| #define HAVE_FCNTL 1
| #define HAVE_CLOCK_GETTIME 1
| #define HAVE_STRTOK_R 1
| #define HAVE_STRSEP 1
| #define HAVE_GETNAMEINFO 1
| #define HAVE_STRLCPY 1
| #define HAVE_INET_NTOP 1
| #define HAVE_INET_PTON 1
| #define HAVE_SIGNAL 1
| #define HAVE_SIGACTION 1
| #define HAVE_STRTOLL 1
| #define HAVE_INET_ATON 1
| #define HAVE_PIPE 1
| #define HAVE_EVENTFD 1
| #define HAVE_SENDFILE 1
| #define HAVE_MMAP 1
| #define HAVE_SPLICE 1
| /* end confdefs.h.  */
| /* Define arc4random to an innocuous variant, in case <limits.h> declares arc4random.
|    For example, HP-UX 11i <limits.h> declares gettimeofday.  */
| #define arc4random innocuous_arc4random
| 
| /* System header to define __stub macros and hopefully few prototypes,
|     which can conflict with char arc4random (); below.
|     Prefer <limits.h> to <assert.h> if __STDC__ is defined, since
|     <limits.h> exists even on freestanding compilers.  */
| 
| #ifdef __STDC__
| # include <limits.h>
| #else
| # include <assert.h>
| #endif
| 
| #undef arc4random
| 
| /* Override any GCC internal prototype to avoid an error.
|    Use char because int might match the return type of a GCC
|    builtin and then its argument prototype would still apply.  */
| #ifdef __cplusplus
| extern "C"
| #endif
| char arc4random ();
| /* The GNU C library defines this for functions which it implements
|     to always fail with ENOSYS.  Some functions are actually named
|     something starting with __ and the normal name is an alias.  */
| #if defined __stub_arc4random || defined __stub___arc4random
| choke me
| #endif
| 
| int
| main ()
| {
| return arc4random ();
|   ;
|   return 0;
| }
configure:13725: result: no
configure:13725: checking for arc4random_buf
configure:13725: /opt/lede-toolchain-ramips-mt7621_gcc-5.4.0_musl-1.1.24.Linux-x86_64/toolchain-mipsel_24kc_gcc-5.4.0_musl-1.1.24/bin/mipsel-openwrt-linux-musl-gcc -o conftest -DRTAX53U -DRTAX53U -DRTAX53U -DMUSL_LIBC -DRTAX53U -DBCM_EVENTD -DEXT_ACS -D__CONFIG_EMF__ -D__CONFIG_WPS__ -Os -Wall -DLINUX26 -DCONFIG_RALINK -DMUSL_LIBC -DDEBUG_NOISY -DDEBUG_RCTEST -D_GNU_SOURCE -D__UAPI_DEF_ETHHDR -DRALINK_DBDC_MODE -pipe -funit-at-a-time -Wno-pointer-sign -mtune=mips32 -mips32 -DLINUX_KERNEL_VERSION=263366 --sysroot=/opt/lede-toolchain-ramips-mt7621_gcc-5.4.0_musl-1.1.24.Linux-x86_64/toolchain-mipsel_24kc_gcc-5.4.0_musl-1.1.24  -I/repo/Pass_GPL/asuswrt/release/src-ra-openwrt-4210/router/mipsel-musl/stage/usr/include -Wall -fno-strict-aliasing  -L/repo/Pass_GPL/asuswrt/release/src-ra-openwrt-4210/router/mipsel-musl/stage/usr/lib conftest.c  >&5
/tmp/cc2v3xft.o: In function `main':
conftest.c:(.text.startup+0x8): undefined reference to `arc4random_buf'
collect2: error: ld returned 1 exit status
configure:13725: $? = 1
configure: failed program was:
| /* confdefs.h */
| #define PACKAGE_NAME ""
| #define PACKAGE_TARNAME ""
| #define PACKAGE_VERSION ""
| #define PACKAGE_STRING ""
| #define PACKAGE_BUGREPORT ""
| #define PACKAGE_URL ""
| #define PACKAGE "libevent"
| #define VERSION "2.0.21-stable"
| #define NUMERIC_VERSION 0x02001500
| #define STDC_HEADERS 1
| #define HAVE_SYS_TYPES_H 1
| #define HAVE_SYS_STAT_H 1
| #define HAVE_STDLIB_H 1
| #define HAVE_STRING_H 1
| #define HAVE_MEMORY_H 1
| #define HAVE_STRINGS_H 1
| #define HAVE_INTTYPES_H 1
| #define HAVE_STDINT_H 1
| #define HAVE_UNISTD_H 1
| #define HAVE_DLFCN_H 1
| #define LT_OBJDIR ".libs/"
| #define HAVE_ZLIB_H 1
| #define HAVE_LIBZ 1
| #define HAVE_OPENSSL_BIO_H 1
| #define STDC_HEADERS 1
| #define HAVE_FCNTL_H 1
| #define HAVE_STDARG_H 1
| #define HAVE_INTTYPES_H 1
| #define HAVE_STDINT_H 1
| #define HAVE_STDDEF_H 1
| #define HAVE_POLL_H 1
| #define HAVE_UNISTD_H 1
| #define HAVE_SYS_EPOLL_H 1
| #define HAVE_SYS_TIME_H 1
| #define HAVE_SYS_QUEUE_H 1
| #define HAVE_SYS_PARAM_H 1
| #define HAVE_SYS_IOCTL_H 1
| #define HAVE_SYS_SELECT_H 1
| #define HAVE_NETINET_IN_H 1
| #define HAVE_SYS_SOCKET_H 1
| #define HAVE_SYS_UIO_H 1
| #define HAVE_ARPA_INET_H 1
| #define HAVE_SYS_EVENTFD_H 1
| #define HAVE_SYS_MMAN_H 1
| #define HAVE_SYS_SENDFILE_H 1
| #define HAVE_SYS_WAIT_H 1
| #define HAVE_NETDB_H 1
| #define HAVE_SYS_STAT_H 1
| #define HAVE_TAILQFOREACH 1
| #define HAVE_TIMERADD 1
| #define HAVE_TIMERCMP 1
| #define HAVE_TIMERCLEAR 1
| #define HAVE_TIMERISSET 1
| #define TIME_WITH_SYS_TIME 1
| #define HAVE_GETTIMEOFDAY 1
| #define HAVE_VASPRINTF 1
| #define HAVE_FCNTL 1
| #define HAVE_CLOCK_GETTIME 1
| #define HAVE_STRTOK_R 1
| #define HAVE_STRSEP 1
| #define HAVE_GETNAMEINFO 1
| #define HAVE_STRLCPY 1
| #define HAVE_INET_NTOP 1
| #define HAVE_INET_PTON 1
| #define HAVE_SIGNAL 1
| #define HAVE_SIGACTION 1
| #define HAVE_STRTOLL 1
| #define HAVE_INET_ATON 1
| #define HAVE_PIPE 1
| #define HAVE_EVENTFD 1
| #define HAVE_SENDFILE 1
| #define HAVE_MMAP 1
| #define HAVE_SPLICE 1
| /* end confdefs.h.  */
| /* Define arc4random_buf to an innocuous variant, in case <limits.h> declares arc4random_buf.
|    For example, HP-UX 11i <limits.h> declares gettimeofday.  */
| #define arc4random_buf innocuous_arc4random_buf
| 
| /* System header to define __stub macros and hopefully few prototypes,
|     which can conflict with char arc4random_buf (); below.
|     Prefer <limits.h> to <assert.h> if __STDC__ is defined, since
|     <limits.h> exists even on freestanding compilers.  */
| 
| #ifdef __STDC__
| # include <limits.h>
| #else
| # include <assert.h>
| #endif
| 
| #undef arc4random_buf
| 
| /* Override any GCC internal prototype to avoid an error.
|    Use char because int might match the return type of a GCC
|    builtin and then its argument prototype would still apply.  */
| #ifdef __cplusplus
| extern "C"
| #endif
| char arc4random_buf ();
| /* The GNU C library defines this for functions which it implements
|     to always fail with ENOSYS.  Some functions are actually named
|     something starting with __ and the normal name is an alias.  */
| #if defined __stub_arc4random_buf || defined __stub___arc4random_buf
| choke me
| #endif
| 
| int
| main ()
| {
| return arc4random_buf ();
|   ;
|   return 0;
| }
configure:13725: result: no
configure:13725: checking for issetugid
configure:13725: /opt/lede-toolchain-ramips-mt7621_gcc-5.4.0_musl-1.1.24.Linux-x86_64/toolchain-mipsel_24kc_gcc-5.4.0_musl-1.1.24/bin/mipsel-openwrt-linux-musl-gcc -o conftest -DRTAX53U -DRTAX53U -DRTAX53U -DMUSL_LIBC -DRTAX53U -DBCM_EVENTD -DEXT_ACS -D__CONFIG_EMF__ -D__CONFIG_WPS__ -Os -Wall -DLINUX26 -DCONFIG_RALINK -DMUSL_LIBC -DDEBUG_NOISY -DDEBUG_RCTEST -D_GNU_SOURCE -D__UAPI_DEF_ETHHDR -DRALINK_DBDC_MODE -pipe -funit-at-a-time -Wno-pointer-sign -mtune=mips32 -mips32 -DLINUX_KERNEL_VERSION=263366 --sysroot=/opt/lede-toolchain-ramips-mt7621_gcc-5.4.0_musl-1.1.24.Linux-x86_64/toolchain-mipsel_24kc_gcc-5.4.0_musl-1.1.24  -I/repo/Pass_GPL/asuswrt/release/src-ra-openwrt-4210/router/mipsel-musl/stage/usr/include -Wall -fno-strict-aliasing  -L/repo/Pass_GPL/asuswrt/release/src-ra-openwrt-4210/router/mipsel-musl/stage/usr/lib conftest.c  >&5
configure:13725: $? = 0
configure:13725: result: yes
configure:13725: checking for geteuid
configure:13725: /opt/lede-toolchain-ramips-mt7621_gcc-5.4.0_musl-1.1.24.Linux-x86_64/toolchain-mipsel_24kc_gcc-5.4.0_musl-1.1.24/bin/mipsel-openwrt-linux-musl-gcc -o conftest -DRTAX53U -DRTAX53U -DRTAX53U -DMUSL_LIBC -DRTAX53U -DBCM_EVENTD -DEXT_ACS -D__CONFIG_EMF__ -D__CONFIG_WPS__ -Os -Wall -DLINUX26 -DCONFIG_RALINK -DMUSL_LIBC -DDEBUG_NOISY -DDEBUG_RCTEST -D_GNU_SOURCE -D__UAPI_DEF_ETHHDR -DRALINK_DBDC_MODE -pipe -funit-at-a-time -Wno-pointer-sign -mtune=mips32 -mips32 -DLINUX_KERNEL_VERSION=263366 --sysroot=/opt/lede-toolchain-ramips-mt7621_gcc-5.4.0_musl-1.1.24.Linux-x86_64/toolchain-mipsel_24kc_gcc-5.4.0_musl-1.1.24  -I/repo/Pass_GPL/asuswrt/release/src-ra-openwrt-4210/router/mipsel-musl/stage/usr/include -Wall -fno-strict-aliasing  -L/repo/Pass_GPL/asuswrt/release/src-ra-openwrt-4210/router/mipsel-musl/stage/usr/lib conftest.c  >&5
configure:13725: $? = 0
configure:13725: result: yes
configure:13725: checking for getegid
configure:13725: /opt/lede-toolchain-ramips-mt7621_gcc-5.4.0_musl-1.1.24.Linux-x86_64/toolchain-mipsel_24kc_gcc-5.4.0_musl-1.1.24/bin/mipsel-openwrt-linux-musl-gcc -o conftest -DRTAX53U -DRTAX53U -DRTAX53U -DMUSL_LIBC -DRTAX53U -DBCM_EVENTD -DEXT_ACS -D__CONFIG_EMF__ -D__CONFIG_WPS__ -Os -Wall -DLINUX26 -DCONFIG_RALINK -DMUSL_LIBC -DDEBUG_NOISY -DDEBUG_RCTEST -D_GNU_SOURCE -D__UAPI_DEF_ETHHDR -DRALINK_DBDC_MODE -pipe -funit-at-a-time -Wno-pointer-sign -mtune=mips32 -mips32 -DLINUX_KERNEL_VERSION=263366 --sysroot=/opt/lede-toolchain-ramips-mt7621_gcc-5.4.0_musl-1.1.24.Linux-x86_64/toolchain-mipsel_24kc_gcc-5.4.0_musl-1.1.24  -I/repo/Pass_GPL/asuswrt/release/src-ra-openwrt-4210/router/mipsel-musl/stage/usr/include -Wall -fno-strict-aliasing  -L/repo/Pass_GPL/asuswrt/release/src-ra-openwrt-4210/router/mipsel-musl/stage/usr/lib conftest.c  >&5
configure:13725: $? = 0
configure:13725: result: yes
configure:13725: checking for getprotobynumber
configure:13725: /opt/lede-toolchain-ramips-mt7621_gcc-5.4.0_musl-1.1.24.Linux-x86_64/toolchain-mipsel_24kc_gcc-5.4.0_musl-1.1.24/bin/mipsel-openwrt-linux-musl-gcc -o conftest -DRTAX53U -DRTAX53U -DRTAX53U -DMUSL_LIBC -DRTAX53U -DBCM_EVENTD -DEXT_ACS -D__CONFIG_EMF__ -D__CONFIG_WPS__ -Os -Wall -DLINUX26 -DCONFIG_RALINK -DMUSL_LIBC -DDEBUG_NOISY -DDEBUG_RCTEST -D_GNU_SOURCE -D__UAPI_DEF_ETHHDR -DRALINK_DBDC_MODE -pipe -funit-at-a-time -Wno-pointer-sign -mtune=mips32 -mips32 -DLINUX_KERNEL_VERSION=263366 --sysroot=/opt/lede-toolchain-ramips-mt7621_gcc-5.4.0_musl-1.1.24.Linux-x86_64/toolchain-mipsel_24kc_gcc-5.4.0_musl-1.1.24  -I/repo/Pass_GPL/asuswrt/release/src-ra-openwrt-4210/router/mipsel-musl/stage/usr/include -Wall -fno-strict-aliasing  -L/repo/Pass_GPL/asuswrt/release/src-ra-openwrt-4210/router/mipsel-musl/stage/usr/lib conftest.c  >&5
configure:13725: $? = 0
configure:13725: result: yes
configure:13725: checking for setenv
configure:13725: /opt/lede-toolchain-ramips-mt7621_gcc-5.4.0_musl-1.1.24.Linux-x86_64/toolchain-mipsel_24kc_gcc-5.4.0_musl-1.1.24/bin/mipsel-openwrt-linux-musl-gcc -o conftest -DRTAX53U -DRTAX53U -DRTAX53U -DMUSL_LIBC -DRTAX53U -DBCM_EVENTD -DEXT_ACS -D__CONFIG_EMF__ -D__CONFIG_WPS__ -Os -Wall -DLINUX26 -DCONFIG_RALINK -DMUSL_LIBC -DDEBUG_NOISY -DDEBUG_RCTEST -D_GNU_SOURCE -D__UAPI_DEF_ETHHDR -DRALINK_DBDC_MODE -pipe -funit-at-a-time -Wno-pointer-sign -mtune=mips32 -mips32 -DLINUX_KERNEL_VERSION=263366 --sysroot=/opt/lede-toolchain-ramips-mt7621_gcc-5.4.0_musl-1.1.24.Linux-x86_64/toolchain-mipsel_24kc_gcc-5.4.0_musl-1.1.24  -I/repo/Pass_GPL/asuswrt/release/src-ra-openwrt-4210/router/mipsel-musl/stage/usr/include -Wall -fno-strict-aliasing  -L/repo/Pass_GPL/asuswrt/release/src-ra-openwrt-4210/router/mipsel-musl/stage/usr/lib conftest.c  >&5
configure:13725: $? = 0
configure:13725: result: yes
configure:13725: checking for unsetenv
configure:13725: /opt/lede-toolchain-ramips-mt7621_gcc-5.4.0_musl-1.1.24.Linux-x86_64/toolchain-mipsel_24kc_gcc-5.4.0_musl-1.1.24/bin/mipsel-openwrt-linux-musl-gcc -o conftest -DRTAX53U -DRTAX53U -DRTAX53U -DMUSL_LIBC -DRTAX53U -DBCM_EVENTD -DEXT_ACS -D__CONFIG_EMF__ -D__CONFIG_WPS__ -Os -Wall -DLINUX26 -DCONFIG_RALINK -DMUSL_LIBC -DDEBUG_NOISY -DDEBUG_RCTEST -D_GNU_SOURCE -D__UAPI_DEF_ETHHDR -DRALINK_DBDC_MODE -pipe -funit-at-a-time -Wno-pointer-sign -mtune=mips32 -mips32 -DLINUX_KERNEL_VERSION=263366 --sysroot=/opt/lede-toolchain-ramips-mt7621_gcc-5.4.0_musl-1.1.24.Linux-x86_64/toolchain-mipsel_24kc_gcc-5.4.0_musl-1.1.24  -I/repo/Pass_GPL/asuswrt/release/src-ra-openwrt-4210/router/mipsel-musl/stage/usr/include -Wall -fno-strict-aliasing  -L/repo/Pass_GPL/asuswrt/release/src-ra-openwrt-4210/router/mipsel-musl/stage/usr/lib conftest.c  >&5
configure:13725: $? = 0
configure:13725: result: yes
configure:13725: checking for putenv
configure:13725: /opt/lede-toolchain-ramips-mt7621_gcc-5.4.0_musl-1.1.24.Linux-x86_64/toolchain-mipsel_24kc_gcc-5.4.0_musl-1.1.24/bin/mipsel-openwrt-linux-musl-gcc -o conftest -DRTAX53U -DRTAX53U -DRTAX53U -DMUSL_LIBC -DRTAX53U -DBCM_EVENTD -DEXT_ACS -D__CONFIG_EMF__ -D__CONFIG_WPS__ -Os -Wall -DLINUX26 -DCONFIG_RALINK -DMUSL_LIBC -DDEBUG_NOISY -DDEBUG_RCTEST -D_GNU_SOURCE -D__UAPI_DEF_ETHHDR -DRALINK_DBDC_MODE -pipe -funit-at-a-time -Wno-pointer-sign -mtune=mips32 -mips32 -DLINUX_KERNEL_VERSION=263366 --sysroot=/opt/lede-toolchain-ramips-mt7621_gcc-5.4.0_musl-1.1.24.Linux-x86_64/toolchain-mipsel_24kc_gcc-5.4.0_musl-1.1.24  -I/repo/Pass_GPL/asuswrt/release/src-ra-openwrt-4210/router/mipsel-musl/stage/usr/include -Wall -fno-strict-aliasing  -L/repo/Pass_GPL/asuswrt/release/src-ra-openwrt-4210/router/mipsel-musl/stage/usr/lib conftest.c  >&5
configure:13725: $? = 0
configure:13725: result: yes
configure:13725: checking for sysctl
configure:13725: /opt/lede-toolchain-ramips-mt7621_gcc-5.4.0_musl-1.1.24.Linux-x86_64/toolchain-mipsel_24kc_gcc-5.4.0_musl-1.1.24/bin/mipsel-openwrt-linux-musl-gcc -o conftest -DRTAX53U -DRTAX53U -DRTAX53U -DMUSL_LIBC -DRTAX53U -DBCM_EVENTD -DEXT_ACS -D__CONFIG_EMF__ -D__CONFIG_WPS__ -Os -Wall -DLINUX26 -DCONFIG_RALINK -DMUSL_LIBC -DDEBUG_NOISY -DDEBUG_RCTEST -D_GNU_SOURCE -D__UAPI_DEF_ETHHDR -DRALINK_DBDC_MODE -pipe -funit-at-a-time -Wno-pointer-sign -mtune=mips32 -mips32 -DLINUX_KERNEL_VERSION=263366 --sysroot=/opt/lede-toolchain-ramips-mt7621_gcc-5.4.0_musl-1.1.24.Linux-x86_64/toolchain-mipsel_24kc_gcc-5.4.0_musl-1.1.24  -I/repo/Pass_GPL/asuswrt/release/src-ra-openwrt-4210/router/mipsel-musl/stage/usr/include -Wall -fno-strict-aliasing  -L/repo/Pass_GPL/asuswrt/release/src-ra-openwrt-4210/router/mipsel-musl/stage/usr/lib conftest.c  >&5
/tmp/cchxUiwi.o: In function `main':
conftest.c:(.text.startup+0x8): undefined reference to `sysctl'
collect2: error: ld returned 1 exit status
configure:13725: $? = 1
configure: failed program was:
| /* confdefs.h */
| #define PACKAGE_NAME ""
| #define PACKAGE_TARNAME ""
| #define PACKAGE_VERSION ""
| #define PACKAGE_STRING ""
| #define PACKAGE_BUGREPORT ""
| #define PACKAGE_URL ""
| #define PACKAGE "libevent"
| #define VERSION "2.0.21-stable"
| #define NUMERIC_VERSION 0x02001500
| #define STDC_HEADERS 1
| #define HAVE_SYS_TYPES_H 1
| #define HAVE_SYS_STAT_H 1
| #define HAVE_STDLIB_H 1
| #define HAVE_STRING_H 1
| #define HAVE_MEMORY_H 1
| #define HAVE_STRINGS_H 1
| #define HAVE_INTTYPES_H 1
| #define HAVE_STDINT_H 1
| #define HAVE_UNISTD_H 1
| #define HAVE_DLFCN_H 1
| #define LT_OBJDIR ".libs/"
| #define HAVE_ZLIB_H 1
| #define HAVE_LIBZ 1
| #define HAVE_OPENSSL_BIO_H 1
| #define STDC_HEADERS 1
| #define HAVE_FCNTL_H 1
| #define HAVE_STDARG_H 1
| #define HAVE_INTTYPES_H 1
| #define HAVE_STDINT_H 1
| #define HAVE_STDDEF_H 1
| #define HAVE_POLL_H 1
| #define HAVE_UNISTD_H 1
| #define HAVE_SYS_EPOLL_H 1
| #define HAVE_SYS_TIME_H 1
| #define HAVE_SYS_QUEUE_H 1
| #define HAVE_SYS_PARAM_H 1
| #define HAVE_SYS_IOCTL_H 1
| #define HAVE_SYS_SELECT_H 1
| #define HAVE_NETINET_IN_H 1
| #define HAVE_SYS_SOCKET_H 1
| #define HAVE_SYS_UIO_H 1
| #define HAVE_ARPA_INET_H 1
| #define HAVE_SYS_EVENTFD_H 1
| #define HAVE_SYS_MMAN_H 1
| #define HAVE_SYS_SENDFILE_H 1
| #define HAVE_SYS_WAIT_H 1
| #define HAVE_NETDB_H 1
| #define HAVE_SYS_STAT_H 1
| #define HAVE_TAILQFOREACH 1
| #define HAVE_TIMERADD 1
| #define HAVE_TIMERCMP 1
| #define HAVE_TIMERCLEAR 1
| #define HAVE_TIMERISSET 1
| #define TIME_WITH_SYS_TIME 1
| #define HAVE_GETTIMEOFDAY 1
| #define HAVE_VASPRINTF 1
| #define HAVE_FCNTL 1
| #define HAVE_CLOCK_GETTIME 1
| #define HAVE_STRTOK_R 1
| #define HAVE_STRSEP 1
| #define HAVE_GETNAMEINFO 1
| #define HAVE_STRLCPY 1
| #define HAVE_INET_NTOP 1
| #define HAVE_INET_PTON 1
| #define HAVE_SIGNAL 1
| #define HAVE_SIGACTION 1
| #define HAVE_STRTOLL 1
| #define HAVE_INET_ATON 1
| #define HAVE_PIPE 1
| #define HAVE_EVENTFD 1
| #define HAVE_SENDFILE 1
| #define HAVE_MMAP 1
| #define HAVE_SPLICE 1
| #define HAVE_ISSETUGID 1
| #define HAVE_GETEUID 1
| #define HAVE_GETEGID 1
| #define HAVE_GETPROTOBYNUMBER 1
| #define HAVE_SETENV 1
| #define HAVE_UNSETENV 1
| #define HAVE_PUTENV 1
| /* end confdefs.h.  */
| /* Define sysctl to an innocuous variant, in case <limits.h> declares sysctl.
|    For example, HP-UX 11i <limits.h> declares gettimeofday.  */
| #define sysctl innocuous_sysctl
| 
| /* System header to define __stub macros and hopefully few prototypes,
|     which can conflict with char sysctl (); below.
|     Prefer <limits.h> to <assert.h> if __STDC__ is defined, since
|     <limits.h> exists even on freestanding compilers.  */
| 
| #ifdef __STDC__
| # include <limits.h>
| #else
| # include <assert.h>
| #endif
| 
| #undef sysctl
| 
| /* Override any GCC internal prototype to avoid an error.
|    Use char because int might match the return type of a GCC
|    builtin and then its argument prototype would still apply.  */
| #ifdef __cplusplus
| extern "C"
| #endif
| char sysctl ();
| /* The GNU C library defines this for functions which it implements
|     to always fail with ENOSYS.  Some functions are actually named
|     something starting with __ and the normal name is an alias.  */
| #if defined __stub_sysctl || defined __stub___sysctl
| choke me
| #endif
| 
| int
| main ()
| {
| return sysctl ();
|   ;
|   return 0;
| }
configure:13725: result: no
configure:13736: checking for umask
configure:13736: /opt/lede-toolchain-ramips-mt7621_gcc-5.4.0_musl-1.1.24.Linux-x86_64/toolchain-mipsel_24kc_gcc-5.4.0_musl-1.1.24/bin/mipsel-openwrt-linux-musl-gcc -o conftest -DRTAX53U -DRTAX53U -DRTAX53U -DMUSL_LIBC -DRTAX53U -DBCM_EVENTD -DEXT_ACS -D__CONFIG_EMF__ -D__CONFIG_WPS__ -Os -Wall -DLINUX26 -DCONFIG_RALINK -DMUSL_LIBC -DDEBUG_NOISY -DDEBUG_RCTEST -D_GNU_SOURCE -D__UAPI_DEF_ETHHDR -DRALINK_DBDC_MODE -pipe -funit-at-a-time -Wno-pointer-sign -mtune=mips32 -mips32 -DLINUX_KERNEL_VERSION=263366 --sysroot=/opt/lede-toolchain-ramips-mt7621_gcc-5.4.0_musl-1.1.24.Linux-x86_64/toolchain-mipsel_24kc_gcc-5.4.0_musl-1.1.24  -I/repo/Pass_GPL/asuswrt/release/src-ra-openwrt-4210/router/mipsel-musl/stage/usr/include -Wall -fno-strict-aliasing  -L/repo/Pass_GPL/asuswrt/release/src-ra-openwrt-4210/router/mipsel-musl/stage/usr/lib conftest.c  >&5
configure:13736: $? = 0
configure:13736: result: yes
configure:13746: checking for getaddrinfo
configure:13769: /opt/lede-toolchain-ramips-mt7621_gcc-5.4.0_musl-1.1.24.Linux-x86_64/toolchain-mipsel_24kc_gcc-5.4.0_musl-1.1.24/bin/mipsel-openwrt-linux-musl-gcc -o conftest -DRTAX53U -DRTAX53U -DRTAX53U -DMUSL_LIBC -DRTAX53U -DBCM_EVENTD -DEXT_ACS -D__CONFIG_EMF__ -D__CONFIG_WPS__ -Os -Wall -DLINUX26 -DCONFIG_RALINK -DMUSL_LIBC -DDEBUG_NOISY -DDEBUG_RCTEST -D_GNU_SOURCE -D__UAPI_DEF_ETHHDR -DRALINK_DBDC_MODE -pipe -funit-at-a-time -Wno-pointer-sign -mtune=mips32 -mips32 -DLINUX_KERNEL_VERSION=263366 --sysroot=/opt/lede-toolchain-ramips-mt7621_gcc-5.4.0_musl-1.1.24.Linux-x86_64/toolchain-mipsel_24kc_gcc-5.4.0_musl-1.1.24  -I/repo/Pass_GPL/asuswrt/release/src-ra-openwrt-4210/router/mipsel-musl/stage/usr/include -Wall -fno-strict-aliasing  -L/repo/Pass_GPL/asuswrt/release/src-ra-openwrt-4210/router/mipsel-musl/stage/usr/lib conftest.c  >&5
conftest.c: In function 'main':
conftest.c:93:3: warning: statement with no effect [-Wunused-value]
   getaddrinfo;
   ^
configure:13769: $? = 0
configure:13779: result: yes
configure:13922: checking size of long
configure:13927: /opt/lede-toolchain-ramips-mt7621_gcc-5.4.0_musl-1.1.24.Linux-x86_64/toolchain-mipsel_24kc_gcc-5.4.0_musl-1.1.24/bin/mipsel-openwrt-linux-musl-gcc -c -DRTAX53U -DRTAX53U -DRTAX53U -DMUSL_LIBC -DRTAX53U -DBCM_EVENTD -DEXT_ACS -D__CONFIG_EMF__ -D__CONFIG_WPS__ -Os -Wall -DLINUX26 -DCONFIG_RALINK -DMUSL_LIBC -DDEBUG_NOISY -DDEBUG_RCTEST -D_GNU_SOURCE -D__UAPI_DEF_ETHHDR -DRALINK_DBDC_MODE -pipe -funit-at-a-time -Wno-pointer-sign -mtune=mips32 -mips32 -DLINUX_KERNEL_VERSION=263366 --sysroot=/opt/lede-toolchain-ramips-mt7621_gcc-5.4.0_musl-1.1.24.Linux-x86_64/toolchain-mipsel_24kc_gcc-5.4.0_musl-1.1.24  -I/repo/Pass_GPL/asuswrt/release/src-ra-openwrt-4210/router/mipsel-musl/stage/usr/include -Wall -fno-strict-aliasing  conftest.c >&5
configure:13927: $? = 0
configure:13927: /opt/lede-toolchain-ramips-mt7621_gcc-5.4.0_musl-1.1.24.Linux-x86_64/toolchain-mipsel_24kc_gcc-5.4.0_musl-1.1.24/bin/mipsel-openwrt-linux-musl-gcc -c -DRTAX53U -DRTAX53U -DRTAX53U -DMUSL_LIBC -DRTAX53U -DBCM_EVENTD -DEXT_ACS -D__CONFIG_EMF__ -D__CONFIG_WPS__ -Os -Wall -DLINUX26 -DCONFIG_RALINK -DMUSL_LIBC -DDEBUG_NOISY -DDEBUG_RCTEST -D_GNU_SOURCE -D__UAPI_DEF_ETHHDR -DRALINK_DBDC_MODE -pipe -funit-at-a-time -Wno-pointer-sign -mtune=mips32 -mips32 -DLINUX_KERNEL_VERSION=263366 --sysroot=/opt/lede-toolchain-ramips-mt7621_gcc-5.4.0_musl-1.1.24.Linux-x86_64/toolchain-mipsel_24kc_gcc-5.4.0_musl-1.1.24  -I/repo/Pass_GPL/asuswrt/release/src-ra-openwrt-4210/router/mipsel-musl/stage/usr/include -Wall -fno-strict-aliasing  conftest.c >&5
conftest.c: In function 'main':
conftest.c:121:12: error: size of array 'test_array' is negative
 static int test_array [1 - 2 * !(((long int) (sizeof (long))) <= 0)];
            ^
configure:13927: $? = 1
configure: failed program was:
| /* confdefs.h */
| #define PACKAGE_NAME ""
| #define PACKAGE_TARNAME ""
| #define PACKAGE_VERSION ""
| #define PACKAGE_STRING ""
| #define PACKAGE_BUGREPORT ""
| #define PACKAGE_URL ""
| #define PACKAGE "libevent"
| #define VERSION "2.0.21-stable"
| #define NUMERIC_VERSION 0x02001500
| #define STDC_HEADERS 1
| #define HAVE_SYS_TYPES_H 1
| #define HAVE_SYS_STAT_H 1
| #define HAVE_STDLIB_H 1
| #define HAVE_STRING_H 1
| #define HAVE_MEMORY_H 1
| #define HAVE_STRINGS_H 1
| #define HAVE_INTTYPES_H 1
| #define HAVE_STDINT_H 1
| #define HAVE_UNISTD_H 1
| #define HAVE_DLFCN_H 1
| #define LT_OBJDIR ".libs/"
| #define HAVE_ZLIB_H 1
| #define HAVE_LIBZ 1
| #define HAVE_OPENSSL_BIO_H 1
| #define STDC_HEADERS 1
| #define HAVE_FCNTL_H 1
| #define HAVE_STDARG_H 1
| #define HAVE_INTTYPES_H 1
| #define HAVE_STDINT_H 1
| #define HAVE_STDDEF_H 1
| #define HAVE_POLL_H 1
| #define HAVE_UNISTD_H 1
| #define HAVE_SYS_EPOLL_H 1
| #define HAVE_SYS_TIME_H 1
| #define HAVE_SYS_QUEUE_H 1
| #define HAVE_SYS_PARAM_H 1
| #define HAVE_SYS_IOCTL_H 1
| #define HAVE_SYS_SELECT_H 1
| #define HAVE_NETINET_IN_H 1
| #define HAVE_SYS_SOCKET_H 1
| #define HAVE_SYS_UIO_H 1
| #define HAVE_ARPA_INET_H 1
| #define HAVE_SYS_EVENTFD_H 1
| #define HAVE_SYS_MMAN_H 1
| #define HAVE_SYS_SENDFILE_H 1
| #define HAVE_SYS_WAIT_H 1
| #define HAVE_NETDB_H 1
| #define HAVE_SYS_STAT_H 1
| #define HAVE_TAILQFOREACH 1
| #define HAVE_TIMERADD 1
| #define HAVE_TIMERCMP 1
| #define HAVE_TIMERCLEAR 1
| #define HAVE_TIMERISSET 1
| #define TIME_WITH_SYS_TIME 1
| #define HAVE_GETTIMEOFDAY 1
| #define HAVE_VASPRINTF 1
| #define HAVE_FCNTL 1
| #define HAVE_CLOCK_GETTIME 1
| #define HAVE_STRTOK_R 1
| #define HAVE_STRSEP 1
| #define HAVE_GETNAMEINFO 1
| #define HAVE_STRLCPY 1
| #define HAVE_INET_NTOP 1
| #define HAVE_INET_PTON 1
| #define HAVE_SIGNAL 1
| #define HAVE_SIGACTION 1
| #define HAVE_STRTOLL 1
| #define HAVE_INET_ATON 1
| #define HAVE_PIPE 1
| #define HAVE_EVENTFD 1
| #define HAVE_SENDFILE 1
| #define HAVE_MMAP 1
| #define HAVE_SPLICE 1
| #define HAVE_ISSETUGID 1
| #define HAVE_GETEUID 1
| #define HAVE_GETEGID 1
| #define HAVE_GETPROTOBYNUMBER 1
| #define HAVE_SETENV 1
| #define HAVE_UNSETENV 1
| #define HAVE_PUTENV 1
| #define HAVE_UMASK 1
| #define HAVE_GETADDRINFO 1
| /* end confdefs.h.  */
| #include <stdio.h>
| #ifdef HAVE_SYS_TYPES_H
| # include <sys/types.h>
| #endif
| #ifdef HAVE_SYS_STAT_H
| # include <sys/stat.h>
| #endif
| #ifdef STDC_HEADERS
| # include <stdlib.h>
| # include <stddef.h>
| #else
| # ifdef HAVE_STDLIB_H
| #  include <stdlib.h>
| # endif
| #endif
| #ifdef HAVE_STRING_H
| # if !defined STDC_HEADERS && defined HAVE_MEMORY_H
| #  include <memory.h>
| # endif
| # include <string.h>
| #endif
| #ifdef HAVE_STRINGS_H
| # include <strings.h>
| #endif
| #ifdef HAVE_INTTYPES_H
| # include <inttypes.h>
| #endif
| #ifdef HAVE_STDINT_H
| # include <stdint.h>
| #endif
| #ifdef HAVE_UNISTD_H
| # include <unistd.h>
| #endif
| int
| main ()
| {
| static int test_array [1 - 2 * !(((long int) (sizeof (long))) <= 0)];
| test_array [0] = 0;
| return test_array [0];
| 
|   ;
|   return 0;
| }
configure:13927: /opt/lede-toolchain-ramips-mt7621_gcc-5.4.0_musl-1.1.24.Linux-x86_64/toolchain-mipsel_24kc_gcc-5.4.0_musl-1.1.24/bin/mipsel-openwrt-linux-musl-gcc -c -DRTAX53U -DRTAX53U -DRTAX53U -DMUSL_LIBC -DRTAX53U -DBCM_EVENTD -DEXT_ACS -D__CONFIG_EMF__ -D__CONFIG_WPS__ -Os -Wall -DLINUX26 -DCONFIG_RALINK -DMUSL_LIBC -DDEBUG_NOISY -DDEBUG_RCTEST -D_GNU_SOURCE -D__UAPI_DEF_ETHHDR -DRALINK_DBDC_MODE -pipe -funit-at-a-time -Wno-pointer-sign -mtune=mips32 -mips32 -DLINUX_KERNEL_VERSION=263366 --sysroot=/opt/lede-toolchain-ramips-mt7621_gcc-5.4.0_musl-1.1.24.Linux-x86_64/toolchain-mipsel_24kc_gcc-5.4.0_musl-1.1.24  -I/repo/Pass_GPL/asuswrt/release/src-ra-openwrt-4210/router/mipsel-musl/stage/usr/include -Wall -fno-strict-aliasing  conftest.c >&5
conftest.c: In function 'main':
conftest.c:121:12: error: size of array 'test_array' is negative
 static int test_array [1 - 2 * !(((long int) (sizeof (long))) <= 1)];
            ^
configure:13927: $? = 1
configure: failed program was:
| /* confdefs.h */
| #define PACKAGE_NAME ""
| #define PACKAGE_TARNAME ""
| #define PACKAGE_VERSION ""
| #define PACKAGE_STRING ""
| #define PACKAGE_BUGREPORT ""
| #define PACKAGE_URL ""
| #define PACKAGE "libevent"
| #define VERSION "2.0.21-stable"
| #define NUMERIC_VERSION 0x02001500
| #define STDC_HEADERS 1
| #define HAVE_SYS_TYPES_H 1
| #define HAVE_SYS_STAT_H 1
| #define HAVE_STDLIB_H 1
| #define HAVE_STRING_H 1
| #define HAVE_MEMORY_H 1
| #define HAVE_STRINGS_H 1
| #define HAVE_INTTYPES_H 1
| #define HAVE_STDINT_H 1
| #define HAVE_UNISTD_H 1
| #define HAVE_DLFCN_H 1
| #define LT_OBJDIR ".libs/"
| #define HAVE_ZLIB_H 1
| #define HAVE_LIBZ 1
| #define HAVE_OPENSSL_BIO_H 1
| #define STDC_HEADERS 1
| #define HAVE_FCNTL_H 1
| #define HAVE_STDARG_H 1
| #define HAVE_INTTYPES_H 1
| #define HAVE_STDINT_H 1
| #define HAVE_STDDEF_H 1
| #define HAVE_POLL_H 1
| #define HAVE_UNISTD_H 1
| #define HAVE_SYS_EPOLL_H 1
| #define HAVE_SYS_TIME_H 1
| #define HAVE_SYS_QUEUE_H 1
| #define HAVE_SYS_PARAM_H 1
| #define HAVE_SYS_IOCTL_H 1
| #define HAVE_SYS_SELECT_H 1
| #define HAVE_NETINET_IN_H 1
| #define HAVE_SYS_SOCKET_H 1
| #define HAVE_SYS_UIO_H 1
| #define HAVE_ARPA_INET_H 1
| #define HAVE_SYS_EVENTFD_H 1
| #define HAVE_SYS_MMAN_H 1
| #define HAVE_SYS_SENDFILE_H 1
| #define HAVE_SYS_WAIT_H 1
| #define HAVE_NETDB_H 1
| #define HAVE_SYS_STAT_H 1
| #define HAVE_TAILQFOREACH 1
| #define HAVE_TIMERADD 1
| #define HAVE_TIMERCMP 1
| #define HAVE_TIMERCLEAR 1
| #define HAVE_TIMERISSET 1
| #define TIME_WITH_SYS_TIME 1
| #define HAVE_GETTIMEOFDAY 1
| #define HAVE_VASPRINTF 1
| #define HAVE_FCNTL 1
| #define HAVE_CLOCK_GETTIME 1
| #define HAVE_STRTOK_R 1
| #define HAVE_STRSEP 1
| #define HAVE_GETNAMEINFO 1
| #define HAVE_STRLCPY 1
| #define HAVE_INET_NTOP 1
| #define HAVE_INET_PTON 1
| #define HAVE_SIGNAL 1
| #define HAVE_SIGACTION 1
| #define HAVE_STRTOLL 1
| #define HAVE_INET_ATON 1
| #define HAVE_PIPE 1
| #define HAVE_EVENTFD 1
| #define HAVE_SENDFILE 1
| #define HAVE_MMAP 1
| #define HAVE_SPLICE 1
| #define HAVE_ISSETUGID 1
| #define HAVE_GETEUID 1
| #define HAVE_GETEGID 1
| #define HAVE_GETPROTOBYNUMBER 1
| #define HAVE_SETENV 1
| #define HAVE_UNSETENV 1
| #define HAVE_PUTENV 1
| #define HAVE_UMASK 1
| #define HAVE_GETADDRINFO 1
| /* end confdefs.h.  */
| #include <stdio.h>
| #ifdef HAVE_SYS_TYPES_H
| # include <sys/types.h>
| #endif
| #ifdef HAVE_SYS_STAT_H
| # include <sys/stat.h>
| #endif
| #ifdef STDC_HEADERS
| # include <stdlib.h>
| # include <stddef.h>
| #else
| # ifdef HAVE_STDLIB_H
| #  include <stdlib.h>
| # endif
| #endif
| #ifdef HAVE_STRING_H
| # if !defined STDC_HEADERS && defined HAVE_MEMORY_H
| #  include <memory.h>
| # endif
| # include <string.h>
| #endif
| #ifdef HAVE_STRINGS_H
| # include <strings.h>
| #endif
| #ifdef HAVE_INTTYPES_H
| # include <inttypes.h>
| #endif
| #ifdef HAVE_STDINT_H
| # include <stdint.h>
| #endif
| #ifdef HAVE_UNISTD_H
| # include <unistd.h>
| #endif
| int
| main ()
| {
| static int test_array [1 - 2 * !(((long int) (sizeof (long))) <= 1)];
| test_array [0] = 0;
| return test_array [0];
| 
|   ;
|   return 0;
| }
configure:13927: /opt/lede-toolchain-ramips-mt7621_gcc-5.4.0_musl-1.1.24.Linux-x86_64/toolchain-mipsel_24kc_gcc-5.4.0_musl-1.1.24/bin/mipsel-openwrt-linux-musl-gcc -c -DRTAX53U -DRTAX53U -DRTAX53U -DMUSL_LIBC -DRTAX53U -DBCM_EVENTD -DEXT_ACS -D__CONFIG_EMF__ -D__CONFIG_WPS__ -Os -Wall -DLINUX26 -DCONFIG_RALINK -DMUSL_LIBC -DDEBUG_NOISY -DDEBUG_RCTEST -D_GNU_SOURCE -D__UAPI_DEF_ETHHDR -DRALINK_DBDC_MODE -pipe -funit-at-a-time -Wno-pointer-sign -mtune=mips32 -mips32 -DLINUX_KERNEL_VERSION=263366 --sysroot=/opt/lede-toolchain-ramips-mt7621_gcc-5.4.0_musl-1.1.24.Linux-x86_64/toolchain-mipsel_24kc_gcc-5.4.0_musl-1.1.24  -I/repo/Pass_GPL/asuswrt/release/src-ra-openwrt-4210/router/mipsel-musl/stage/usr/include -Wall -fno-strict-aliasing  conftest.c >&5
conftest.c: In function 'main':
conftest.c:121:12: error: size of array 'test_array' is negative
 static int test_array [1 - 2 * !(((long int) (sizeof (long))) <= 3)];
            ^
configure:13927: $? = 1
configure: failed program was:
| /* confdefs.h */
| #define PACKAGE_NAME ""
| #define PACKAGE_TARNAME ""
| #define PACKAGE_VERSION ""
| #define PACKAGE_STRING ""
| #define PACKAGE_BUGREPORT ""
| #define PACKAGE_URL ""
| #define PACKAGE "libevent"
| #define VERSION "2.0.21-stable"
| #define NUMERIC_VERSION 0x02001500
| #define STDC_HEADERS 1
| #define HAVE_SYS_TYPES_H 1
| #define HAVE_SYS_STAT_H 1
| #define HAVE_STDLIB_H 1
| #define HAVE_STRING_H 1
| #define HAVE_MEMORY_H 1
| #define HAVE_STRINGS_H 1
| #define HAVE_INTTYPES_H 1
| #define HAVE_STDINT_H 1
| #define HAVE_UNISTD_H 1
| #define HAVE_DLFCN_H 1
| #define LT_OBJDIR ".libs/"
| #define HAVE_ZLIB_H 1
| #define HAVE_LIBZ 1
| #define HAVE_OPENSSL_BIO_H 1
| #define STDC_HEADERS 1
| #define HAVE_FCNTL_H 1
| #define HAVE_STDARG_H 1
| #define HAVE_INTTYPES_H 1
| #define HAVE_STDINT_H 1
| #define HAVE_STDDEF_H 1
| #define HAVE_POLL_H 1
| #define HAVE_UNISTD_H 1
| #define HAVE_SYS_EPOLL_H 1
| #define HAVE_SYS_TIME_H 1
| #define HAVE_SYS_QUEUE_H 1
| #define HAVE_SYS_PARAM_H 1
| #define HAVE_SYS_IOCTL_H 1
| #define HAVE_SYS_SELECT_H 1
| #define HAVE_NETINET_IN_H 1
| #define HAVE_SYS_SOCKET_H 1
| #define HAVE_SYS_UIO_H 1
| #define HAVE_ARPA_INET_H 1
| #define HAVE_SYS_EVENTFD_H 1
| #define HAVE_SYS_MMAN_H 1
| #define HAVE_SYS_SENDFILE_H 1
| #define HAVE_SYS_WAIT_H 1
| #define HAVE_NETDB_H 1
| #define HAVE_SYS_STAT_H 1
| #define HAVE_TAILQFOREACH 1
| #define HAVE_TIMERADD 1
| #define HAVE_TIMERCMP 1
| #define HAVE_TIMERCLEAR 1
| #define HAVE_TIMERISSET 1
| #define TIME_WITH_SYS_TIME 1
| #define HAVE_GETTIMEOFDAY 1
| #define HAVE_VASPRINTF 1
| #define HAVE_FCNTL 1
| #define HAVE_CLOCK_GETTIME 1
| #define HAVE_STRTOK_R 1
| #define HAVE_STRSEP 1
| #define HAVE_GETNAMEINFO 1
| #define HAVE_STRLCPY 1
| #define HAVE_INET_NTOP 1
| #define HAVE_INET_PTON 1
| #define HAVE_SIGNAL 1
| #define HAVE_SIGACTION 1
| #define HAVE_STRTOLL 1
| #define HAVE_INET_ATON 1
| #define HAVE_PIPE 1
| #define HAVE_EVENTFD 1
| #define HAVE_SENDFILE 1
| #define HAVE_MMAP 1
| #define HAVE_SPLICE 1
| #define HAVE_ISSETUGID 1
| #define HAVE_GETEUID 1
| #define HAVE_GETEGID 1
| #define HAVE_GETPROTOBYNUMBER 1
| #define HAVE_SETENV 1
| #define HAVE_UNSETENV 1
| #define HAVE_PUTENV 1
| #define HAVE_UMASK 1
| #define HAVE_GETADDRINFO 1
| /* end confdefs.h.  */
| #include <stdio.h>
| #ifdef HAVE_SYS_TYPES_H
| # include <sys/types.h>
| #endif
| #ifdef HAVE_SYS_STAT_H
| # include <sys/stat.h>
| #endif
| #ifdef STDC_HEADERS
| # include <stdlib.h>
| # include <stddef.h>
| #else
| # ifdef HAVE_STDLIB_H
| #  include <stdlib.h>
| # endif
| #endif
| #ifdef HAVE_STRING_H
| # if !defined STDC_HEADERS && defined HAVE_MEMORY_H
| #  include <memory.h>
| # endif
| # include <string.h>
| #endif
| #ifdef HAVE_STRINGS_H
| # include <strings.h>
| #endif
| #ifdef HAVE_INTTYPES_H
| # include <inttypes.h>
| #endif
| #ifdef HAVE_STDINT_H
| # include <stdint.h>
| #endif
| #ifdef HAVE_UNISTD_H
| # include <unistd.h>
| #endif
| int
| main ()
| {
| static int test_array [1 - 2 * !(((long int) (sizeof (long))) <= 3)];
| test_array [0] = 0;
| return test_array [0];
| 
|   ;
|   return 0;
| }
configure:13927: /opt/lede-toolchain-ramips-mt7621_gcc-5.4.0_musl-1.1.24.Linux-x86_64/toolchain-mipsel_24kc_gcc-5.4.0_musl-1.1.24/bin/mipsel-openwrt-linux-musl-gcc -c -DRTAX53U -DRTAX53U -DRTAX53U -DMUSL_LIBC -DRTAX53U -DBCM_EVENTD -DEXT_ACS -D__CONFIG_EMF__ -D__CONFIG_WPS__ -Os -Wall -DLINUX26 -DCONFIG_RALINK -DMUSL_LIBC -DDEBUG_NOISY -DDEBUG_RCTEST -D_GNU_SOURCE -D__UAPI_DEF_ETHHDR -DRALINK_DBDC_MODE -pipe -funit-at-a-time -Wno-pointer-sign -mtune=mips32 -mips32 -DLINUX_KERNEL_VERSION=263366 --sysroot=/opt/lede-toolchain-ramips-mt7621_gcc-5.4.0_musl-1.1.24.Linux-x86_64/toolchain-mipsel_24kc_gcc-5.4.0_musl-1.1.24  -I/repo/Pass_GPL/asuswrt/release/src-ra-openwrt-4210/router/mipsel-musl/stage/usr/include -Wall -fno-strict-aliasing  conftest.c >&5
configure:13927: $? = 0
configure:13927: /opt/lede-toolchain-ramips-mt7621_gcc-5.4.0_musl-1.1.24.Linux-x86_64/toolchain-mipsel_24kc_gcc-5.4.0_musl-1.1.24/bin/mipsel-openwrt-linux-musl-gcc -c -DRTAX53U -DRTAX53U -DRTAX53U -DMUSL_LIBC -DRTAX53U -DBCM_EVENTD -DEXT_ACS -D__CONFIG_EMF__ -D__CONFIG_WPS__ -Os -Wall -DLINUX26 -DCONFIG_RALINK -DMUSL_LIBC -DDEBUG_NOISY -DDEBUG_RCTEST -D_GNU_SOURCE -D__UAPI_DEF_ETHHDR -DRALINK_DBDC_MODE -pipe -funit-at-a-time -Wno-pointer-sign -mtune=mips32 -mips32 -DLINUX_KERNEL_VERSION=263366 --sysroot=/opt/lede-toolchain-ramips-mt7621_gcc-5.4.0_musl-1.1.24.Linux-x86_64/toolchain-mipsel_24kc_gcc-5.4.0_musl-1.1.24  -I/repo/Pass_GPL/asuswrt/release/src-ra-openwrt-4210/router/mipsel-musl/stage/usr/include -Wall -fno-strict-aliasing  conftest.c >&5
configure:13927: $? = 0
configure:13927: /opt/lede-toolchain-ramips-mt7621_gcc-5.4.0_musl-1.1.24.Linux-x86_64/toolchain-mipsel_24kc_gcc-5.4.0_musl-1.1.24/bin/mipsel-openwrt-linux-musl-gcc -c -DRTAX53U -DRTAX53U -DRTAX53U -DMUSL_LIBC -DRTAX53U -DBCM_EVENTD -DEXT_ACS -D__CONFIG_EMF__ -D__CONFIG_WPS__ -Os -Wall -DLINUX26 -DCONFIG_RALINK -DMUSL_LIBC -DDEBUG_NOISY -DDEBUG_RCTEST -D_GNU_SOURCE -D__UAPI_DEF_ETHHDR -DRALINK_DBDC_MODE -pipe -funit-at-a-time -Wno-pointer-sign -mtune=mips32 -mips32 -DLINUX_KERNEL_VERSION=263366 --sysroot=/opt/lede-toolchain-ramips-mt7621_gcc-5.4.0_musl-1.1.24.Linux-x86_64/toolchain-mipsel_24kc_gcc-5.4.0_musl-1.1.24  -I/repo/Pass_GPL/asuswrt/release/src-ra-openwrt-4210/router/mipsel-musl/stage/usr/include -Wall -fno-strict-aliasing  conftest.c >&5
configure:13927: $? = 0
configure:13941: result: 4
configure:13952: checking for F_SETFD in fcntl.h
configure:13969: result: yes
configure:13983: checking for select
configure:13983: /opt/lede-toolchain-ramips-mt7621_gcc-5.4.0_musl-1.1.24.Linux-x86_64/toolchain-mipsel_24kc_gcc-5.4.0_musl-1.1.24/bin/mipsel-openwrt-linux-musl-gcc -o conftest -DRTAX53U -DRTAX53U -DRTAX53U -DMUSL_LIBC -DRTAX53U -DBCM_EVENTD -DEXT_ACS -D__CONFIG_EMF__ -D__CONFIG_WPS__ -Os -Wall -DLINUX26 -DCONFIG_RALINK -DMUSL_LIBC -DDEBUG_NOISY -DDEBUG_RCTEST -D_GNU_SOURCE -D__UAPI_DEF_ETHHDR -DRALINK_DBDC_MODE -pipe -funit-at-a-time -Wno-pointer-sign -mtune=mips32 -mips32 -DLINUX_KERNEL_VERSION=263366 --sysroot=/opt/lede-toolchain-ramips-mt7621_gcc-5.4.0_musl-1.1.24.Linux-x86_64/toolchain-mipsel_24kc_gcc-5.4.0_musl-1.1.24  -I/repo/Pass_GPL/asuswrt/release/src-ra-openwrt-4210/router/mipsel-musl/stage/usr/include -Wall -fno-strict-aliasing  -L/repo/Pass_GPL/asuswrt/release/src-ra-openwrt-4210/router/mipsel-musl/stage/usr/lib conftest.c  >&5
configure:13983: $? = 0
configure:13983: result: yes
configure:14008: checking for poll
configure:14008: /opt/lede-toolchain-ramips-mt7621_gcc-5.4.0_musl-1.1.24.Linux-x86_64/toolchain-mipsel_24kc_gcc-5.4.0_musl-1.1.24/bin/mipsel-openwrt-linux-musl-gcc -o conftest -DRTAX53U -DRTAX53U -DRTAX53U -DMUSL_LIBC -DRTAX53U -DBCM_EVENTD -DEXT_ACS -D__CONFIG_EMF__ -D__CONFIG_WPS__ -Os -Wall -DLINUX26 -DCONFIG_RALINK -DMUSL_LIBC -DDEBUG_NOISY -DDEBUG_RCTEST -D_GNU_SOURCE -D__UAPI_DEF_ETHHDR -DRALINK_DBDC_MODE -pipe -funit-at-a-time -Wno-pointer-sign -mtune=mips32 -mips32 -DLINUX_KERNEL_VERSION=263366 --sysroot=/opt/lede-toolchain-ramips-mt7621_gcc-5.4.0_musl-1.1.24.Linux-x86_64/toolchain-mipsel_24kc_gcc-5.4.0_musl-1.1.24  -I/repo/Pass_GPL/asuswrt/release/src-ra-openwrt-4210/router/mipsel-musl/stage/usr/include -Wall -fno-strict-aliasing  -L/repo/Pass_GPL/asuswrt/release/src-ra-openwrt-4210/router/mipsel-musl/stage/usr/lib conftest.c  >&5
configure:14008: $? = 0
configure:14008: result: yes
configure:14144: checking for epoll_ctl
configure:14144: /opt/lede-toolchain-ramips-mt7621_gcc-5.4.0_musl-1.1.24.Linux-x86_64/toolchain-mipsel_24kc_gcc-5.4.0_musl-1.1.24/bin/mipsel-openwrt-linux-musl-gcc -o conftest -DRTAX53U -DRTAX53U -DRTAX53U -DMUSL_LIBC -DRTAX53U -DBCM_EVENTD -DEXT_ACS -D__CONFIG_EMF__ -D__CONFIG_WPS__ -Os -Wall -DLINUX26 -DCONFIG_RALINK -DMUSL_LIBC -DDEBUG_NOISY -DDEBUG_RCTEST -D_GNU_SOURCE -D__UAPI_DEF_ETHHDR -DRALINK_DBDC_MODE -pipe -funit-at-a-time -Wno-pointer-sign -mtune=mips32 -mips32 -DLINUX_KERNEL_VERSION=263366 --sysroot=/opt/lede-toolchain-ramips-mt7621_gcc-5.4.0_musl-1.1.24.Linux-x86_64/toolchain-mipsel_24kc_gcc-5.4.0_musl-1.1.24  -I/repo/Pass_GPL/asuswrt/release/src-ra-openwrt-4210/router/mipsel-musl/stage/usr/include -Wall -fno-strict-aliasing  -L/repo/Pass_GPL/asuswrt/release/src-ra-openwrt-4210/router/mipsel-musl/stage/usr/lib conftest.c  >&5
configure:14144: $? = 0
configure:14144: result: yes
configure:14228: checking for port_create
configure:14228: /opt/lede-toolchain-ramips-mt7621_gcc-5.4.0_musl-1.1.24.Linux-x86_64/toolchain-mipsel_24kc_gcc-5.4.0_musl-1.1.24/bin/mipsel-openwrt-linux-musl-gcc -o conftest -DRTAX53U -DRTAX53U -DRTAX53U -DMUSL_LIBC -DRTAX53U -DBCM_EVENTD -DEXT_ACS -D__CONFIG_EMF__ -D__CONFIG_WPS__ -Os -Wall -DLINUX26 -DCONFIG_RALINK -DMUSL_LIBC -DDEBUG_NOISY -DDEBUG_RCTEST -D_GNU_SOURCE -D__UAPI_DEF_ETHHDR -DRALINK_DBDC_MODE -pipe -funit-at-a-time -Wno-pointer-sign -mtune=mips32 -mips32 -DLINUX_KERNEL_VERSION=263366 --sysroot=/opt/lede-toolchain-ramips-mt7621_gcc-5.4.0_musl-1.1.24.Linux-x86_64/toolchain-mipsel_24kc_gcc-5.4.0_musl-1.1.24  -I/repo/Pass_GPL/asuswrt/release/src-ra-openwrt-4210/router/mipsel-musl/stage/usr/include -Wall -fno-strict-aliasing  -L/repo/Pass_GPL/asuswrt/release/src-ra-openwrt-4210/router/mipsel-musl/stage/usr/lib conftest.c  >&5
/tmp/ccBP1UHf.o: In function `main':
conftest.c:(.text.startup+0x8): undefined reference to `port_create'
collect2: error: ld returned 1 exit status
configure:14228: $? = 1
configure: failed program was:
| /* confdefs.h */
| #define PACKAGE_NAME ""
| #define PACKAGE_TARNAME ""
| #define PACKAGE_VERSION ""
| #define PACKAGE_STRING ""
| #define PACKAGE_BUGREPORT ""
| #define PACKAGE_URL ""
| #define PACKAGE "libevent"
| #define VERSION "2.0.21-stable"
| #define NUMERIC_VERSION 0x02001500
| #define STDC_HEADERS 1
| #define HAVE_SYS_TYPES_H 1
| #define HAVE_SYS_STAT_H 1
| #define HAVE_STDLIB_H 1
| #define HAVE_STRING_H 1
| #define HAVE_MEMORY_H 1
| #define HAVE_STRINGS_H 1
| #define HAVE_INTTYPES_H 1
| #define HAVE_STDINT_H 1
| #define HAVE_UNISTD_H 1
| #define HAVE_DLFCN_H 1
| #define LT_OBJDIR ".libs/"
| #define HAVE_ZLIB_H 1
| #define HAVE_LIBZ 1
| #define HAVE_OPENSSL_BIO_H 1
| #define STDC_HEADERS 1
| #define HAVE_FCNTL_H 1
| #define HAVE_STDARG_H 1
| #define HAVE_INTTYPES_H 1
| #define HAVE_STDINT_H 1
| #define HAVE_STDDEF_H 1
| #define HAVE_POLL_H 1
| #define HAVE_UNISTD_H 1
| #define HAVE_SYS_EPOLL_H 1
| #define HAVE_SYS_TIME_H 1
| #define HAVE_SYS_QUEUE_H 1
| #define HAVE_SYS_PARAM_H 1
| #define HAVE_SYS_IOCTL_H 1
| #define HAVE_SYS_SELECT_H 1
| #define HAVE_NETINET_IN_H 1
| #define HAVE_SYS_SOCKET_H 1
| #define HAVE_SYS_UIO_H 1
| #define HAVE_ARPA_INET_H 1
| #define HAVE_SYS_EVENTFD_H 1
| #define HAVE_SYS_MMAN_H 1
| #define HAVE_SYS_SENDFILE_H 1
| #define HAVE_SYS_WAIT_H 1
| #define HAVE_NETDB_H 1
| #define HAVE_SYS_STAT_H 1
| #define HAVE_TAILQFOREACH 1
| #define HAVE_TIMERADD 1
| #define HAVE_TIMERCMP 1
| #define HAVE_TIMERCLEAR 1
| #define HAVE_TIMERISSET 1
| #define TIME_WITH_SYS_TIME 1
| #define HAVE_GETTIMEOFDAY 1
| #define HAVE_VASPRINTF 1
| #define HAVE_FCNTL 1
| #define HAVE_CLOCK_GETTIME 1
| #define HAVE_STRTOK_R 1
| #define HAVE_STRSEP 1
| #define HAVE_GETNAMEINFO 1
| #define HAVE_STRLCPY 1
| #define HAVE_INET_NTOP 1
| #define HAVE_INET_PTON 1
| #define HAVE_SIGNAL 1
| #define HAVE_SIGACTION 1
| #define HAVE_STRTOLL 1
| #define HAVE_INET_ATON 1
| #define HAVE_PIPE 1
| #define HAVE_EVENTFD 1
| #define HAVE_SENDFILE 1
| #define HAVE_MMAP 1
| #define HAVE_SPLICE 1
| #define HAVE_ISSETUGID 1
| #define HAVE_GETEUID 1
| #define HAVE_GETEGID 1
| #define HAVE_GETPROTOBYNUMBER 1
| #define HAVE_SETENV 1
| #define HAVE_UNSETENV 1
| #define HAVE_PUTENV 1
| #define HAVE_UMASK 1
| #define HAVE_GETADDRINFO 1
| #define SIZEOF_LONG 4
| #define HAVE_SETFD 1
| #define HAVE_SELECT 1
| #define HAVE_POLL 1
| #define HAVE_EPOLL_CTL 1
| #define HAVE_EPOLL 1
| /* end confdefs.h.  */
| /* Define port_create to an innocuous variant, in case <limits.h> declares port_create.
|    For example, HP-UX 11i <limits.h> declares gettimeofday.  */
| #define port_create innocuous_port_create
| 
| /* System header to define __stub macros and hopefully few prototypes,
|     which can conflict with char port_create (); below.
|     Prefer <limits.h> to <assert.h> if __STDC__ is defined, since
|     <limits.h> exists even on freestanding compilers.  */
| 
| #ifdef __STDC__
| # include <limits.h>
| #else
| # include <assert.h>
| #endif
| 
| #undef port_create
| 
| /* Override any GCC internal prototype to avoid an error.
|    Use char because int might match the return type of a GCC
|    builtin and then its argument prototype would still apply.  */
| #ifdef __cplusplus
| extern "C"
| #endif
| char port_create ();
| /* The GNU C library defines this for functions which it implements
|     to always fail with ENOSYS.  Some functions are actually named
|     something starting with __ and the normal name is an alias.  */
| #if defined __stub_port_create || defined __stub___port_create
| choke me
| #endif
| 
| int
| main ()
| {
| return port_create ();
|   ;
|   return 0;
| }
configure:14228: result: no
configure:14265: checking for pid_t
configure:14265: /opt/lede-toolchain-ramips-mt7621_gcc-5.4.0_musl-1.1.24.Linux-x86_64/toolchain-mipsel_24kc_gcc-5.4.0_musl-1.1.24/bin/mipsel-openwrt-linux-musl-gcc -c -DRTAX53U -DRTAX53U -DRTAX53U -DMUSL_LIBC -DRTAX53U -DBCM_EVENTD -DEXT_ACS -D__CONFIG_EMF__ -D__CONFIG_WPS__ -Os -Wall -DLINUX26 -DCONFIG_RALINK -DMUSL_LIBC -DDEBUG_NOISY -DDEBUG_RCTEST -D_GNU_SOURCE -D__UAPI_DEF_ETHHDR -DRALINK_DBDC_MODE -pipe -funit-at-a-time -Wno-pointer-sign -mtune=mips32 -mips32 -DLINUX_KERNEL_VERSION=263366 --sysroot=/opt/lede-toolchain-ramips-mt7621_gcc-5.4.0_musl-1.1.24.Linux-x86_64/toolchain-mipsel_24kc_gcc-5.4.0_musl-1.1.24  -I/repo/Pass_GPL/asuswrt/release/src-ra-openwrt-4210/router/mipsel-musl/stage/usr/include -Wall -fno-strict-aliasing  conftest.c >&5
configure:14265: $? = 0
configure:14265: /opt/lede-toolchain-ramips-mt7621_gcc-5.4.0_musl-1.1.24.Linux-x86_64/toolchain-mipsel_24kc_gcc-5.4.0_musl-1.1.24/bin/mipsel-openwrt-linux-musl-gcc -c -DRTAX53U -DRTAX53U -DRTAX53U -DMUSL_LIBC -DRTAX53U -DBCM_EVENTD -DEXT_ACS -D__CONFIG_EMF__ -D__CONFIG_WPS__ -Os -Wall -DLINUX26 -DCONFIG_RALINK -DMUSL_LIBC -DDEBUG_NOISY -DDEBUG_RCTEST -D_GNU_SOURCE -D__UAPI_DEF_ETHHDR -DRALINK_DBDC_MODE -pipe -funit-at-a-time -Wno-pointer-sign -mtune=mips32 -mips32 -DLINUX_KERNEL_VERSION=263366 --sysroot=/opt/lede-toolchain-ramips-mt7621_gcc-5.4.0_musl-1.1.24.Linux-x86_64/toolchain-mipsel_24kc_gcc-5.4.0_musl-1.1.24  -I/repo/Pass_GPL/asuswrt/release/src-ra-openwrt-4210/router/mipsel-musl/stage/usr/include -Wall -fno-strict-aliasing  conftest.c >&5
conftest.c: In function 'main':
conftest.c:127:20: error: expected expression before ')' token
 if (sizeof ((pid_t)))
                    ^
configure:14265: $? = 1
configure: failed program was:
| /* confdefs.h */
| #define PACKAGE_NAME ""
| #define PACKAGE_TARNAME ""
| #define PACKAGE_VERSION ""
| #define PACKAGE_STRING ""
| #define PACKAGE_BUGREPORT ""
| #define PACKAGE_URL ""
| #define PACKAGE "libevent"
| #define VERSION "2.0.21-stable"
| #define NUMERIC_VERSION 0x02001500
| #define STDC_HEADERS 1
| #define HAVE_SYS_TYPES_H 1
| #define HAVE_SYS_STAT_H 1
| #define HAVE_STDLIB_H 1
| #define HAVE_STRING_H 1
| #define HAVE_MEMORY_H 1
| #define HAVE_STRINGS_H 1
| #define HAVE_INTTYPES_H 1
| #define HAVE_STDINT_H 1
| #define HAVE_UNISTD_H 1
| #define HAVE_DLFCN_H 1
| #define LT_OBJDIR ".libs/"
| #define HAVE_ZLIB_H 1
| #define HAVE_LIBZ 1
| #define HAVE_OPENSSL_BIO_H 1
| #define STDC_HEADERS 1
| #define HAVE_FCNTL_H 1
| #define HAVE_STDARG_H 1
| #define HAVE_INTTYPES_H 1
| #define HAVE_STDINT_H 1
| #define HAVE_STDDEF_H 1
| #define HAVE_POLL_H 1
| #define HAVE_UNISTD_H 1
| #define HAVE_SYS_EPOLL_H 1
| #define HAVE_SYS_TIME_H 1
| #define HAVE_SYS_QUEUE_H 1
| #define HAVE_SYS_PARAM_H 1
| #define HAVE_SYS_IOCTL_H 1
| #define HAVE_SYS_SELECT_H 1
| #define HAVE_NETINET_IN_H 1
| #define HAVE_SYS_SOCKET_H 1
| #define HAVE_SYS_UIO_H 1
| #define HAVE_ARPA_INET_H 1
| #define HAVE_SYS_EVENTFD_H 1
| #define HAVE_SYS_MMAN_H 1
| #define HAVE_SYS_SENDFILE_H 1
| #define HAVE_SYS_WAIT_H 1
| #define HAVE_NETDB_H 1
| #define HAVE_SYS_STAT_H 1
| #define HAVE_TAILQFOREACH 1
| #define HAVE_TIMERADD 1
| #define HAVE_TIMERCMP 1
| #define HAVE_TIMERCLEAR 1
| #define HAVE_TIMERISSET 1
| #define TIME_WITH_SYS_TIME 1
| #define HAVE_GETTIMEOFDAY 1
| #define HAVE_VASPRINTF 1
| #define HAVE_FCNTL 1
| #define HAVE_CLOCK_GETTIME 1
| #define HAVE_STRTOK_R 1
| #define HAVE_STRSEP 1
| #define HAVE_GETNAMEINFO 1
| #define HAVE_STRLCPY 1
| #define HAVE_INET_NTOP 1
| #define HAVE_INET_PTON 1
| #define HAVE_SIGNAL 1
| #define HAVE_SIGACTION 1
| #define HAVE_STRTOLL 1
| #define HAVE_INET_ATON 1
| #define HAVE_PIPE 1
| #define HAVE_EVENTFD 1
| #define HAVE_SENDFILE 1
| #define HAVE_MMAP 1
| #define HAVE_SPLICE 1
| #define HAVE_ISSETUGID 1
| #define HAVE_GETEUID 1
| #define HAVE_GETEGID 1
| #define HAVE_GETPROTOBYNUMBER 1
| #define HAVE_SETENV 1
| #define HAVE_UNSETENV 1
| #define HAVE_PUTENV 1
| #define HAVE_UMASK 1
| #define HAVE_GETADDRINFO 1
| #define SIZEOF_LONG 4
| #define HAVE_SETFD 1
| #define HAVE_SELECT 1
| #define HAVE_POLL 1
| #define HAVE_EPOLL_CTL 1
| #define HAVE_EPOLL 1
| /* end confdefs.h.  */
| #include <stdio.h>
| #ifdef HAVE_SYS_TYPES_H
| # include <sys/types.h>
| #endif
| #ifdef HAVE_SYS_STAT_H
| # include <sys/stat.h>
| #endif
| #ifdef STDC_HEADERS
| # include <stdlib.h>
| # include <stddef.h>
| #else
| # ifdef HAVE_STDLIB_H
| #  include <stdlib.h>
| # endif
| #endif
| #ifdef HAVE_STRING_H
| # if !defined STDC_HEADERS && defined HAVE_MEMORY_H
| #  include <memory.h>
| # endif
| # include <string.h>
| #endif
| #ifdef HAVE_STRINGS_H
| # include <strings.h>
| #endif
| #ifdef HAVE_INTTYPES_H
| # include <inttypes.h>
| #endif
| #ifdef HAVE_STDINT_H
| # include <stdint.h>
| #endif
| #ifdef HAVE_UNISTD_H
| # include <unistd.h>
| #endif
| int
| main ()
| {
| if (sizeof ((pid_t)))
| 	    return 0;
|   ;
|   return 0;
| }
configure:14265: result: yes
configure:14276: checking for size_t
configure:14276: /opt/lede-toolchain-ramips-mt7621_gcc-5.4.0_musl-1.1.24.Linux-x86_64/toolchain-mipsel_24kc_gcc-5.4.0_musl-1.1.24/bin/mipsel-openwrt-linux-musl-gcc -c -DRTAX53U -DRTAX53U -DRTAX53U -DMUSL_LIBC -DRTAX53U -DBCM_EVENTD -DEXT_ACS -D__CONFIG_EMF__ -D__CONFIG_WPS__ -Os -Wall -DLINUX26 -DCONFIG_RALINK -DMUSL_LIBC -DDEBUG_NOISY -DDEBUG_RCTEST -D_GNU_SOURCE -D__UAPI_DEF_ETHHDR -DRALINK_DBDC_MODE -pipe -funit-at-a-time -Wno-pointer-sign -mtune=mips32 -mips32 -DLINUX_KERNEL_VERSION=263366 --sysroot=/opt/lede-toolchain-ramips-mt7621_gcc-5.4.0_musl-1.1.24.Linux-x86_64/toolchain-mipsel_24kc_gcc-5.4.0_musl-1.1.24  -I/repo/Pass_GPL/asuswrt/release/src-ra-openwrt-4210/router/mipsel-musl/stage/usr/include -Wall -fno-strict-aliasing  conftest.c >&5
configure:14276: $? = 0
configure:14276: /opt/lede-toolchain-ramips-mt7621_gcc-5.4.0_musl-1.1.24.Linux-x86_64/toolchain-mipsel_24kc_gcc-5.4.0_musl-1.1.24/bin/mipsel-openwrt-linux-musl-gcc -c -DRTAX53U -DRTAX53U -DRTAX53U -DMUSL_LIBC -DRTAX53U -DBCM_EVENTD -DEXT_ACS -D__CONFIG_EMF__ -D__CONFIG_WPS__ -Os -Wall -DLINUX26 -DCONFIG_RALINK -DMUSL_LIBC -DDEBUG_NOISY -DDEBUG_RCTEST -D_GNU_SOURCE -D__UAPI_DEF_ETHHDR -DRALINK_DBDC_MODE -pipe -funit-at-a-time -Wno-pointer-sign -mtune=mips32 -mips32 -DLINUX_KERNEL_VERSION=263366 --sysroot=/opt/lede-toolchain-ramips-mt7621_gcc-5.4.0_musl-1.1.24.Linux-x86_64/toolchain-mipsel_24kc_gcc-5.4.0_musl-1.1.24  -I/repo/Pass_GPL/asuswrt/release/src-ra-openwrt-4210/router/mipsel-musl/stage/usr/include -Wall -fno-strict-aliasing  conftest.c >&5
conftest.c: In function 'main':
conftest.c:127:21: error: expected expression before ')' token
 if (sizeof ((size_t)))
                     ^
configure:14276: $? = 1
configure: failed program was:
| /* confdefs.h */
| #define PACKAGE_NAME ""
| #define PACKAGE_TARNAME ""
| #define PACKAGE_VERSION ""
| #define PACKAGE_STRING ""
| #define PACKAGE_BUGREPORT ""
| #define PACKAGE_URL ""
| #define PACKAGE "libevent"
| #define VERSION "2.0.21-stable"
| #define NUMERIC_VERSION 0x02001500
| #define STDC_HEADERS 1
| #define HAVE_SYS_TYPES_H 1
| #define HAVE_SYS_STAT_H 1
| #define HAVE_STDLIB_H 1
| #define HAVE_STRING_H 1
| #define HAVE_MEMORY_H 1
| #define HAVE_STRINGS_H 1
| #define HAVE_INTTYPES_H 1
| #define HAVE_STDINT_H 1
| #define HAVE_UNISTD_H 1
| #define HAVE_DLFCN_H 1
| #define LT_OBJDIR ".libs/"
| #define HAVE_ZLIB_H 1
| #define HAVE_LIBZ 1
| #define HAVE_OPENSSL_BIO_H 1
| #define STDC_HEADERS 1
| #define HAVE_FCNTL_H 1
| #define HAVE_STDARG_H 1
| #define HAVE_INTTYPES_H 1
| #define HAVE_STDINT_H 1
| #define HAVE_STDDEF_H 1
| #define HAVE_POLL_H 1
| #define HAVE_UNISTD_H 1
| #define HAVE_SYS_EPOLL_H 1
| #define HAVE_SYS_TIME_H 1
| #define HAVE_SYS_QUEUE_H 1
| #define HAVE_SYS_PARAM_H 1
| #define HAVE_SYS_IOCTL_H 1
| #define HAVE_SYS_SELECT_H 1
| #define HAVE_NETINET_IN_H 1
| #define HAVE_SYS_SOCKET_H 1
| #define HAVE_SYS_UIO_H 1
| #define HAVE_ARPA_INET_H 1
| #define HAVE_SYS_EVENTFD_H 1
| #define HAVE_SYS_MMAN_H 1
| #define HAVE_SYS_SENDFILE_H 1
| #define HAVE_SYS_WAIT_H 1
| #define HAVE_NETDB_H 1
| #define HAVE_SYS_STAT_H 1
| #define HAVE_TAILQFOREACH 1
| #define HAVE_TIMERADD 1
| #define HAVE_TIMERCMP 1
| #define HAVE_TIMERCLEAR 1
| #define HAVE_TIMERISSET 1
| #define TIME_WITH_SYS_TIME 1
| #define HAVE_GETTIMEOFDAY 1
| #define HAVE_VASPRINTF 1
| #define HAVE_FCNTL 1
| #define HAVE_CLOCK_GETTIME 1
| #define HAVE_STRTOK_R 1
| #define HAVE_STRSEP 1
| #define HAVE_GETNAMEINFO 1
| #define HAVE_STRLCPY 1
| #define HAVE_INET_NTOP 1
| #define HAVE_INET_PTON 1
| #define HAVE_SIGNAL 1
| #define HAVE_SIGACTION 1
| #define HAVE_STRTOLL 1
| #define HAVE_INET_ATON 1
| #define HAVE_PIPE 1
| #define HAVE_EVENTFD 1
| #define HAVE_SENDFILE 1
| #define HAVE_MMAP 1
| #define HAVE_SPLICE 1
| #define HAVE_ISSETUGID 1
| #define HAVE_GETEUID 1
| #define HAVE_GETEGID 1
| #define HAVE_GETPROTOBYNUMBER 1
| #define HAVE_SETENV 1
| #define HAVE_UNSETENV 1
| #define HAVE_PUTENV 1
| #define HAVE_UMASK 1
| #define HAVE_GETADDRINFO 1
| #define SIZEOF_LONG 4
| #define HAVE_SETFD 1
| #define HAVE_SELECT 1
| #define HAVE_POLL 1
| #define HAVE_EPOLL_CTL 1
| #define HAVE_EPOLL 1
| /* end confdefs.h.  */
| #include <stdio.h>
| #ifdef HAVE_SYS_TYPES_H
| # include <sys/types.h>
| #endif
| #ifdef HAVE_SYS_STAT_H
| # include <sys/stat.h>
| #endif
| #ifdef STDC_HEADERS
| # include <stdlib.h>
| # include <stddef.h>
| #else
| # ifdef HAVE_STDLIB_H
| #  include <stdlib.h>
| # endif
| #endif
| #ifdef HAVE_STRING_H
| # if !defined STDC_HEADERS && defined HAVE_MEMORY_H
| #  include <memory.h>
| # endif
| # include <string.h>
| #endif
| #ifdef HAVE_STRINGS_H
| # include <strings.h>
| #endif
| #ifdef HAVE_INTTYPES_H
| # include <inttypes.h>
| #endif
| #ifdef HAVE_STDINT_H
| # include <stdint.h>
| #endif
| #ifdef HAVE_UNISTD_H
| # include <unistd.h>
| #endif
| int
| main ()
| {
| if (sizeof ((size_t)))
| 	    return 0;
|   ;
|   return 0;
| }
configure:14276: result: yes
configure:14287: checking for ssize_t
configure:14287: /opt/lede-toolchain-ramips-mt7621_gcc-5.4.0_musl-1.1.24.Linux-x86_64/toolchain-mipsel_24kc_gcc-5.4.0_musl-1.1.24/bin/mipsel-openwrt-linux-musl-gcc -c -DRTAX53U -DRTAX53U -DRTAX53U -DMUSL_LIBC -DRTAX53U -DBCM_EVENTD -DEXT_ACS -D__CONFIG_EMF__ -D__CONFIG_WPS__ -Os -Wall -DLINUX26 -DCONFIG_RALINK -DMUSL_LIBC -DDEBUG_NOISY -DDEBUG_RCTEST -D_GNU_SOURCE -D__UAPI_DEF_ETHHDR -DRALINK_DBDC_MODE -pipe -funit-at-a-time -Wno-pointer-sign -mtune=mips32 -mips32 -DLINUX_KERNEL_VERSION=263366 --sysroot=/opt/lede-toolchain-ramips-mt7621_gcc-5.4.0_musl-1.1.24.Linux-x86_64/toolchain-mipsel_24kc_gcc-5.4.0_musl-1.1.24  -I/repo/Pass_GPL/asuswrt/release/src-ra-openwrt-4210/router/mipsel-musl/stage/usr/include -Wall -fno-strict-aliasing  conftest.c >&5
configure:14287: $? = 0
configure:14287: /opt/lede-toolchain-ramips-mt7621_gcc-5.4.0_musl-1.1.24.Linux-x86_64/toolchain-mipsel_24kc_gcc-5.4.0_musl-1.1.24/bin/mipsel-openwrt-linux-musl-gcc -c -DRTAX53U -DRTAX53U -DRTAX53U -DMUSL_LIBC -DRTAX53U -DBCM_EVENTD -DEXT_ACS -D__CONFIG_EMF__ -D__CONFIG_WPS__ -Os -Wall -DLINUX26 -DCONFIG_RALINK -DMUSL_LIBC -DDEBUG_NOISY -DDEBUG_RCTEST -D_GNU_SOURCE -D__UAPI_DEF_ETHHDR -DRALINK_DBDC_MODE -pipe -funit-at-a-time -Wno-pointer-sign -mtune=mips32 -mips32 -DLINUX_KERNEL_VERSION=263366 --sysroot=/opt/lede-toolchain-ramips-mt7621_gcc-5.4.0_musl-1.1.24.Linux-x86_64/toolchain-mipsel_24kc_gcc-5.4.0_musl-1.1.24  -I/repo/Pass_GPL/asuswrt/release/src-ra-openwrt-4210/router/mipsel-musl/stage/usr/include -Wall -fno-strict-aliasing  conftest.c >&5
conftest.c: In function 'main':
conftest.c:127:22: error: expected expression before ')' token
 if (sizeof ((ssize_t)))
                      ^
configure:14287: $? = 1
configure: failed program was:
| /* confdefs.h */
| #define PACKAGE_NAME ""
| #define PACKAGE_TARNAME ""
| #define PACKAGE_VERSION ""
| #define PACKAGE_STRING ""
| #define PACKAGE_BUGREPORT ""
| #define PACKAGE_URL ""
| #define PACKAGE "libevent"
| #define VERSION "2.0.21-stable"
| #define NUMERIC_VERSION 0x02001500
| #define STDC_HEADERS 1
| #define HAVE_SYS_TYPES_H 1
| #define HAVE_SYS_STAT_H 1
| #define HAVE_STDLIB_H 1
| #define HAVE_STRING_H 1
| #define HAVE_MEMORY_H 1
| #define HAVE_STRINGS_H 1
| #define HAVE_INTTYPES_H 1
| #define HAVE_STDINT_H 1
| #define HAVE_UNISTD_H 1
| #define HAVE_DLFCN_H 1
| #define LT_OBJDIR ".libs/"
| #define HAVE_ZLIB_H 1
| #define HAVE_LIBZ 1
| #define HAVE_OPENSSL_BIO_H 1
| #define STDC_HEADERS 1
| #define HAVE_FCNTL_H 1
| #define HAVE_STDARG_H 1
| #define HAVE_INTTYPES_H 1
| #define HAVE_STDINT_H 1
| #define HAVE_STDDEF_H 1
| #define HAVE_POLL_H 1
| #define HAVE_UNISTD_H 1
| #define HAVE_SYS_EPOLL_H 1
| #define HAVE_SYS_TIME_H 1
| #define HAVE_SYS_QUEUE_H 1
| #define HAVE_SYS_PARAM_H 1
| #define HAVE_SYS_IOCTL_H 1
| #define HAVE_SYS_SELECT_H 1
| #define HAVE_NETINET_IN_H 1
| #define HAVE_SYS_SOCKET_H 1
| #define HAVE_SYS_UIO_H 1
| #define HAVE_ARPA_INET_H 1
| #define HAVE_SYS_EVENTFD_H 1
| #define HAVE_SYS_MMAN_H 1
| #define HAVE_SYS_SENDFILE_H 1
| #define HAVE_SYS_WAIT_H 1
| #define HAVE_NETDB_H 1
| #define HAVE_SYS_STAT_H 1
| #define HAVE_TAILQFOREACH 1
| #define HAVE_TIMERADD 1
| #define HAVE_TIMERCMP 1
| #define HAVE_TIMERCLEAR 1
| #define HAVE_TIMERISSET 1
| #define TIME_WITH_SYS_TIME 1
| #define HAVE_GETTIMEOFDAY 1
| #define HAVE_VASPRINTF 1
| #define HAVE_FCNTL 1
| #define HAVE_CLOCK_GETTIME 1
| #define HAVE_STRTOK_R 1
| #define HAVE_STRSEP 1
| #define HAVE_GETNAMEINFO 1
| #define HAVE_STRLCPY 1
| #define HAVE_INET_NTOP 1
| #define HAVE_INET_PTON 1
| #define HAVE_SIGNAL 1
| #define HAVE_SIGACTION 1
| #define HAVE_STRTOLL 1
| #define HAVE_INET_ATON 1
| #define HAVE_PIPE 1
| #define HAVE_EVENTFD 1
| #define HAVE_SENDFILE 1
| #define HAVE_MMAP 1
| #define HAVE_SPLICE 1
| #define HAVE_ISSETUGID 1
| #define HAVE_GETEUID 1
| #define HAVE_GETEGID 1
| #define HAVE_GETPROTOBYNUMBER 1
| #define HAVE_SETENV 1
| #define HAVE_UNSETENV 1
| #define HAVE_PUTENV 1
| #define HAVE_UMASK 1
| #define HAVE_GETADDRINFO 1
| #define SIZEOF_LONG 4
| #define HAVE_SETFD 1
| #define HAVE_SELECT 1
| #define HAVE_POLL 1
| #define HAVE_EPOLL_CTL 1
| #define HAVE_EPOLL 1
| /* end confdefs.h.  */
| #include <stdio.h>
| #ifdef HAVE_SYS_TYPES_H
| # include <sys/types.h>
| #endif
| #ifdef HAVE_SYS_STAT_H
| # include <sys/stat.h>
| #endif
| #ifdef STDC_HEADERS
| # include <stdlib.h>
| # include <stddef.h>
| #else
| # ifdef HAVE_STDLIB_H
| #  include <stdlib.h>
| # endif
| #endif
| #ifdef HAVE_STRING_H
| # if !defined STDC_HEADERS && defined HAVE_MEMORY_H
| #  include <memory.h>
| # endif
| # include <string.h>
| #endif
| #ifdef HAVE_STRINGS_H
| # include <strings.h>
| #endif
| #ifdef HAVE_INTTYPES_H
| # include <inttypes.h>
| #endif
| #ifdef HAVE_STDINT_H
| # include <stdint.h>
| #endif
| #ifdef HAVE_UNISTD_H
| # include <unistd.h>
| #endif
| int
| main ()
| {
| if (sizeof ((ssize_t)))
| 	    return 0;
|   ;
|   return 0;
| }
configure:14287: result: yes
configure:14299: checking for uint64_t
configure:14299: /opt/lede-toolchain-ramips-mt7621_gcc-5.4.0_musl-1.1.24.Linux-x86_64/toolchain-mipsel_24kc_gcc-5.4.0_musl-1.1.24/bin/mipsel-openwrt-linux-musl-gcc -c -DRTAX53U -DRTAX53U -DRTAX53U -DMUSL_LIBC -DRTAX53U -DBCM_EVENTD -DEXT_ACS -D__CONFIG_EMF__ -D__CONFIG_WPS__ -Os -Wall -DLINUX26 -DCONFIG_RALINK -DMUSL_LIBC -DDEBUG_NOISY -DDEBUG_RCTEST -D_GNU_SOURCE -D__UAPI_DEF_ETHHDR -DRALINK_DBDC_MODE -pipe -funit-at-a-time -Wno-pointer-sign -mtune=mips32 -mips32 -DLINUX_KERNEL_VERSION=263366 --sysroot=/opt/lede-toolchain-ramips-mt7621_gcc-5.4.0_musl-1.1.24.Linux-x86_64/toolchain-mipsel_24kc_gcc-5.4.0_musl-1.1.24  -I/repo/Pass_GPL/asuswrt/release/src-ra-openwrt-4210/router/mipsel-musl/stage/usr/include -Wall -fno-strict-aliasing  conftest.c >&5
configure:14299: $? = 0
configure:14299: /opt/lede-toolchain-ramips-mt7621_gcc-5.4.0_musl-1.1.24.Linux-x86_64/toolchain-mipsel_24kc_gcc-5.4.0_musl-1.1.24/bin/mipsel-openwrt-linux-musl-gcc -c -DRTAX53U -DRTAX53U -DRTAX53U -DMUSL_LIBC -DRTAX53U -DBCM_EVENTD -DEXT_ACS -D__CONFIG_EMF__ -D__CONFIG_WPS__ -Os -Wall -DLINUX26 -DCONFIG_RALINK -DMUSL_LIBC -DDEBUG_NOISY -DDEBUG_RCTEST -D_GNU_SOURCE -D__UAPI_DEF_ETHHDR -DRALINK_DBDC_MODE -pipe -funit-at-a-time -Wno-pointer-sign -mtune=mips32 -mips32 -DLINUX_KERNEL_VERSION=263366 --sysroot=/opt/lede-toolchain-ramips-mt7621_gcc-5.4.0_musl-1.1.24.Linux-x86_64/toolchain-mipsel_24kc_gcc-5.4.0_musl-1.1.24  -I/repo/Pass_GPL/asuswrt/release/src-ra-openwrt-4210/router/mipsel-musl/stage/usr/include -Wall -fno-strict-aliasing  conftest.c >&5
conftest.c: In function 'main':
conftest.c:103:23: error: expected expression before ')' token
 if (sizeof ((uint64_t)))
                       ^
configure:14299: $? = 1
configure: failed program was:
| /* confdefs.h */
| #define PACKAGE_NAME ""
| #define PACKAGE_TARNAME ""
| #define PACKAGE_VERSION ""
| #define PACKAGE_STRING ""
| #define PACKAGE_BUGREPORT ""
| #define PACKAGE_URL ""
| #define PACKAGE "libevent"
| #define VERSION "2.0.21-stable"
| #define NUMERIC_VERSION 0x02001500
| #define STDC_HEADERS 1
| #define HAVE_SYS_TYPES_H 1
| #define HAVE_SYS_STAT_H 1
| #define HAVE_STDLIB_H 1
| #define HAVE_STRING_H 1
| #define HAVE_MEMORY_H 1
| #define HAVE_STRINGS_H 1
| #define HAVE_INTTYPES_H 1
| #define HAVE_STDINT_H 1
| #define HAVE_UNISTD_H 1
| #define HAVE_DLFCN_H 1
| #define LT_OBJDIR ".libs/"
| #define HAVE_ZLIB_H 1
| #define HAVE_LIBZ 1
| #define HAVE_OPENSSL_BIO_H 1
| #define STDC_HEADERS 1
| #define HAVE_FCNTL_H 1
| #define HAVE_STDARG_H 1
| #define HAVE_INTTYPES_H 1
| #define HAVE_STDINT_H 1
| #define HAVE_STDDEF_H 1
| #define HAVE_POLL_H 1
| #define HAVE_UNISTD_H 1
| #define HAVE_SYS_EPOLL_H 1
| #define HAVE_SYS_TIME_H 1
| #define HAVE_SYS_QUEUE_H 1
| #define HAVE_SYS_PARAM_H 1
| #define HAVE_SYS_IOCTL_H 1
| #define HAVE_SYS_SELECT_H 1
| #define HAVE_NETINET_IN_H 1
| #define HAVE_SYS_SOCKET_H 1
| #define HAVE_SYS_UIO_H 1
| #define HAVE_ARPA_INET_H 1
| #define HAVE_SYS_EVENTFD_H 1
| #define HAVE_SYS_MMAN_H 1
| #define HAVE_SYS_SENDFILE_H 1
| #define HAVE_SYS_WAIT_H 1
| #define HAVE_NETDB_H 1
| #define HAVE_SYS_STAT_H 1
| #define HAVE_TAILQFOREACH 1
| #define HAVE_TIMERADD 1
| #define HAVE_TIMERCMP 1
| #define HAVE_TIMERCLEAR 1
| #define HAVE_TIMERISSET 1
| #define TIME_WITH_SYS_TIME 1
| #define HAVE_GETTIMEOFDAY 1
| #define HAVE_VASPRINTF 1
| #define HAVE_FCNTL 1
| #define HAVE_CLOCK_GETTIME 1
| #define HAVE_STRTOK_R 1
| #define HAVE_STRSEP 1
| #define HAVE_GETNAMEINFO 1
| #define HAVE_STRLCPY 1
| #define HAVE_INET_NTOP 1
| #define HAVE_INET_PTON 1
| #define HAVE_SIGNAL 1
| #define HAVE_SIGACTION 1
| #define HAVE_STRTOLL 1
| #define HAVE_INET_ATON 1
| #define HAVE_PIPE 1
| #define HAVE_EVENTFD 1
| #define HAVE_SENDFILE 1
| #define HAVE_MMAP 1
| #define HAVE_SPLICE 1
| #define HAVE_ISSETUGID 1
| #define HAVE_GETEUID 1
| #define HAVE_GETEGID 1
| #define HAVE_GETPROTOBYNUMBER 1
| #define HAVE_SETENV 1
| #define HAVE_UNSETENV 1
| #define HAVE_PUTENV 1
| #define HAVE_UMASK 1
| #define HAVE_GETADDRINFO 1
| #define SIZEOF_LONG 4
| #define HAVE_SETFD 1
| #define HAVE_SELECT 1
| #define HAVE_POLL 1
| #define HAVE_EPOLL_CTL 1
| #define HAVE_EPOLL 1
| /* end confdefs.h.  */
| #ifdef HAVE_STDINT_H
| #include <stdint.h>
| #elif defined(HAVE_INTTYPES_H)
| #include <inttypes.h>
| #endif
| #ifdef HAVE_SYS_TYPES_H
| #include <sys/types.h>
| #endif
| 
| int
| main ()
| {
| if (sizeof ((uint64_t)))
| 	    return 0;
|   ;
|   return 0;
| }
configure:14299: result: yes
configure:14316: checking for uint32_t
configure:14316: /opt/lede-toolchain-ramips-mt7621_gcc-5.4.0_musl-1.1.24.Linux-x86_64/toolchain-mipsel_24kc_gcc-5.4.0_musl-1.1.24/bin/mipsel-openwrt-linux-musl-gcc -c -DRTAX53U -DRTAX53U -DRTAX53U -DMUSL_LIBC -DRTAX53U -DBCM_EVENTD -DEXT_ACS -D__CONFIG_EMF__ -D__CONFIG_WPS__ -Os -Wall -DLINUX26 -DCONFIG_RALINK -DMUSL_LIBC -DDEBUG_NOISY -DDEBUG_RCTEST -D_GNU_SOURCE -D__UAPI_DEF_ETHHDR -DRALINK_DBDC_MODE -pipe -funit-at-a-time -Wno-pointer-sign -mtune=mips32 -mips32 -DLINUX_KERNEL_VERSION=263366 --sysroot=/opt/lede-toolchain-ramips-mt7621_gcc-5.4.0_musl-1.1.24.Linux-x86_64/toolchain-mipsel_24kc_gcc-5.4.0_musl-1.1.24  -I/repo/Pass_GPL/asuswrt/release/src-ra-openwrt-4210/router/mipsel-musl/stage/usr/include -Wall -fno-strict-aliasing  conftest.c >&5
configure:14316: $? = 0
configure:14316: /opt/lede-toolchain-ramips-mt7621_gcc-5.4.0_musl-1.1.24.Linux-x86_64/toolchain-mipsel_24kc_gcc-5.4.0_musl-1.1.24/bin/mipsel-openwrt-linux-musl-gcc -c -DRTAX53U -DRTAX53U -DRTAX53U -DMUSL_LIBC -DRTAX53U -DBCM_EVENTD -DEXT_ACS -D__CONFIG_EMF__ -D__CONFIG_WPS__ -Os -Wall -DLINUX26 -DCONFIG_RALINK -DMUSL_LIBC -DDEBUG_NOISY -DDEBUG_RCTEST -D_GNU_SOURCE -D__UAPI_DEF_ETHHDR -DRALINK_DBDC_MODE -pipe -funit-at-a-time -Wno-pointer-sign -mtune=mips32 -mips32 -DLINUX_KERNEL_VERSION=263366 --sysroot=/opt/lede-toolchain-ramips-mt7621_gcc-5.4.0_musl-1.1.24.Linux-x86_64/toolchain-mipsel_24kc_gcc-5.4.0_musl-1.1.24  -I/repo/Pass_GPL/asuswrt/release/src-ra-openwrt-4210/router/mipsel-musl/stage/usr/include -Wall -fno-strict-aliasing  conftest.c >&5
conftest.c: In function 'main':
conftest.c:104:23: error: expected expression before ')' token
 if (sizeof ((uint32_t)))
                       ^
configure:14316: $? = 1
configure: failed program was:
| /* confdefs.h */
| #define PACKAGE_NAME ""
| #define PACKAGE_TARNAME ""
| #define PACKAGE_VERSION ""
| #define PACKAGE_STRING ""
| #define PACKAGE_BUGREPORT ""
| #define PACKAGE_URL ""
| #define PACKAGE "libevent"
| #define VERSION "2.0.21-stable"
| #define NUMERIC_VERSION 0x02001500
| #define STDC_HEADERS 1
| #define HAVE_SYS_TYPES_H 1
| #define HAVE_SYS_STAT_H 1
| #define HAVE_STDLIB_H 1
| #define HAVE_STRING_H 1
| #define HAVE_MEMORY_H 1
| #define HAVE_STRINGS_H 1
| #define HAVE_INTTYPES_H 1
| #define HAVE_STDINT_H 1
| #define HAVE_UNISTD_H 1
| #define HAVE_DLFCN_H 1
| #define LT_OBJDIR ".libs/"
| #define HAVE_ZLIB_H 1
| #define HAVE_LIBZ 1
| #define HAVE_OPENSSL_BIO_H 1
| #define STDC_HEADERS 1
| #define HAVE_FCNTL_H 1
| #define HAVE_STDARG_H 1
| #define HAVE_INTTYPES_H 1
| #define HAVE_STDINT_H 1
| #define HAVE_STDDEF_H 1
| #define HAVE_POLL_H 1
| #define HAVE_UNISTD_H 1
| #define HAVE_SYS_EPOLL_H 1
| #define HAVE_SYS_TIME_H 1
| #define HAVE_SYS_QUEUE_H 1
| #define HAVE_SYS_PARAM_H 1
| #define HAVE_SYS_IOCTL_H 1
| #define HAVE_SYS_SELECT_H 1
| #define HAVE_NETINET_IN_H 1
| #define HAVE_SYS_SOCKET_H 1
| #define HAVE_SYS_UIO_H 1
| #define HAVE_ARPA_INET_H 1
| #define HAVE_SYS_EVENTFD_H 1
| #define HAVE_SYS_MMAN_H 1
| #define HAVE_SYS_SENDFILE_H 1
| #define HAVE_SYS_WAIT_H 1
| #define HAVE_NETDB_H 1
| #define HAVE_SYS_STAT_H 1
| #define HAVE_TAILQFOREACH 1
| #define HAVE_TIMERADD 1
| #define HAVE_TIMERCMP 1
| #define HAVE_TIMERCLEAR 1
| #define HAVE_TIMERISSET 1
| #define TIME_WITH_SYS_TIME 1
| #define HAVE_GETTIMEOFDAY 1
| #define HAVE_VASPRINTF 1
| #define HAVE_FCNTL 1
| #define HAVE_CLOCK_GETTIME 1
| #define HAVE_STRTOK_R 1
| #define HAVE_STRSEP 1
| #define HAVE_GETNAMEINFO 1
| #define HAVE_STRLCPY 1
| #define HAVE_INET_NTOP 1
| #define HAVE_INET_PTON 1
| #define HAVE_SIGNAL 1
| #define HAVE_SIGACTION 1
| #define HAVE_STRTOLL 1
| #define HAVE_INET_ATON 1
| #define HAVE_PIPE 1
| #define HAVE_EVENTFD 1
| #define HAVE_SENDFILE 1
| #define HAVE_MMAP 1
| #define HAVE_SPLICE 1
| #define HAVE_ISSETUGID 1
| #define HAVE_GETEUID 1
| #define HAVE_GETEGID 1
| #define HAVE_GETPROTOBYNUMBER 1
| #define HAVE_SETENV 1
| #define HAVE_UNSETENV 1
| #define HAVE_PUTENV 1
| #define HAVE_UMASK 1
| #define HAVE_GETADDRINFO 1
| #define SIZEOF_LONG 4
| #define HAVE_SETFD 1
| #define HAVE_SELECT 1
| #define HAVE_POLL 1
| #define HAVE_EPOLL_CTL 1
| #define HAVE_EPOLL 1
| #define HAVE_UINT64_T 1
| /* end confdefs.h.  */
| #ifdef HAVE_STDINT_H
| #include <stdint.h>
| #elif defined(HAVE_INTTYPES_H)
| #include <inttypes.h>
| #endif
| #ifdef HAVE_SYS_TYPES_H
| #include <sys/types.h>
| #endif
| 
| int
| main ()
| {
| if (sizeof ((uint32_t)))
| 	    return 0;
|   ;
|   return 0;
| }
configure:14316: result: yes
configure:14333: checking for uint16_t
configure:14333: /opt/lede-toolchain-ramips-mt7621_gcc-5.4.0_musl-1.1.24.Linux-x86_64/toolchain-mipsel_24kc_gcc-5.4.0_musl-1.1.24/bin/mipsel-openwrt-linux-musl-gcc -c -DRTAX53U -DRTAX53U -DRTAX53U -DMUSL_LIBC -DRTAX53U -DBCM_EVENTD -DEXT_ACS -D__CONFIG_EMF__ -D__CONFIG_WPS__ -Os -Wall -DLINUX26 -DCONFIG_RALINK -DMUSL_LIBC -DDEBUG_NOISY -DDEBUG_RCTEST -D_GNU_SOURCE -D__UAPI_DEF_ETHHDR -DRALINK_DBDC_MODE -pipe -funit-at-a-time -Wno-pointer-sign -mtune=mips32 -mips32 -DLINUX_KERNEL_VERSION=263366 --sysroot=/opt/lede-toolchain-ramips-mt7621_gcc-5.4.0_musl-1.1.24.Linux-x86_64/toolchain-mipsel_24kc_gcc-5.4.0_musl-1.1.24  -I/repo/Pass_GPL/asuswrt/release/src-ra-openwrt-4210/router/mipsel-musl/stage/usr/include -Wall -fno-strict-aliasing  conftest.c >&5
configure:14333: $? = 0
configure:14333: /opt/lede-toolchain-ramips-mt7621_gcc-5.4.0_musl-1.1.24.Linux-x86_64/toolchain-mipsel_24kc_gcc-5.4.0_musl-1.1.24/bin/mipsel-openwrt-linux-musl-gcc -c -DRTAX53U -DRTAX53U -DRTAX53U -DMUSL_LIBC -DRTAX53U -DBCM_EVENTD -DEXT_ACS -D__CONFIG_EMF__ -D__CONFIG_WPS__ -Os -Wall -DLINUX26 -DCONFIG_RALINK -DMUSL_LIBC -DDEBUG_NOISY -DDEBUG_RCTEST -D_GNU_SOURCE -D__UAPI_DEF_ETHHDR -DRALINK_DBDC_MODE -pipe -funit-at-a-time -Wno-pointer-sign -mtune=mips32 -mips32 -DLINUX_KERNEL_VERSION=263366 --sysroot=/opt/lede-toolchain-ramips-mt7621_gcc-5.4.0_musl-1.1.24.Linux-x86_64/toolchain-mipsel_24kc_gcc-5.4.0_musl-1.1.24  -I/repo/Pass_GPL/asuswrt/release/src-ra-openwrt-4210/router/mipsel-musl/stage/usr/include -Wall -fno-strict-aliasing  conftest.c >&5
conftest.c: In function 'main':
conftest.c:105:23: error: expected expression before ')' token
 if (sizeof ((uint16_t)))
                       ^
configure:14333: $? = 1
configure: failed program was:
| /* confdefs.h */
| #define PACKAGE_NAME ""
| #define PACKAGE_TARNAME ""
| #define PACKAGE_VERSION ""
| #define PACKAGE_STRING ""
| #define PACKAGE_BUGREPORT ""
| #define PACKAGE_URL ""
| #define PACKAGE "libevent"
| #define VERSION "2.0.21-stable"
| #define NUMERIC_VERSION 0x02001500
| #define STDC_HEADERS 1
| #define HAVE_SYS_TYPES_H 1
| #define HAVE_SYS_STAT_H 1
| #define HAVE_STDLIB_H 1
| #define HAVE_STRING_H 1
| #define HAVE_MEMORY_H 1
| #define HAVE_STRINGS_H 1
| #define HAVE_INTTYPES_H 1
| #define HAVE_STDINT_H 1
| #define HAVE_UNISTD_H 1
| #define HAVE_DLFCN_H 1
| #define LT_OBJDIR ".libs/"
| #define HAVE_ZLIB_H 1
| #define HAVE_LIBZ 1
| #define HAVE_OPENSSL_BIO_H 1
| #define STDC_HEADERS 1
| #define HAVE_FCNTL_H 1
| #define HAVE_STDARG_H 1
| #define HAVE_INTTYPES_H 1
| #define HAVE_STDINT_H 1
| #define HAVE_STDDEF_H 1
| #define HAVE_POLL_H 1
| #define HAVE_UNISTD_H 1
| #define HAVE_SYS_EPOLL_H 1
| #define HAVE_SYS_TIME_H 1
| #define HAVE_SYS_QUEUE_H 1
| #define HAVE_SYS_PARAM_H 1
| #define HAVE_SYS_IOCTL_H 1
| #define HAVE_SYS_SELECT_H 1
| #define HAVE_NETINET_IN_H 1
| #define HAVE_SYS_SOCKET_H 1
| #define HAVE_SYS_UIO_H 1
| #define HAVE_ARPA_INET_H 1
| #define HAVE_SYS_EVENTFD_H 1
| #define HAVE_SYS_MMAN_H 1
| #define HAVE_SYS_SENDFILE_H 1
| #define HAVE_SYS_WAIT_H 1
| #define HAVE_NETDB_H 1
| #define HAVE_SYS_STAT_H 1
| #define HAVE_TAILQFOREACH 1
| #define HAVE_TIMERADD 1
| #define HAVE_TIMERCMP 1
| #define HAVE_TIMERCLEAR 1
| #define HAVE_TIMERISSET 1
| #define TIME_WITH_SYS_TIME 1
| #define HAVE_GETTIMEOFDAY 1
| #define HAVE_VASPRINTF 1
| #define HAVE_FCNTL 1
| #define HAVE_CLOCK_GETTIME 1
| #define HAVE_STRTOK_R 1
| #define HAVE_STRSEP 1
| #define HAVE_GETNAMEINFO 1
| #define HAVE_STRLCPY 1
| #define HAVE_INET_NTOP 1
| #define HAVE_INET_PTON 1
| #define HAVE_SIGNAL 1
| #define HAVE_SIGACTION 1
| #define HAVE_STRTOLL 1
| #define HAVE_INET_ATON 1
| #define HAVE_PIPE 1
| #define HAVE_EVENTFD 1
| #define HAVE_SENDFILE 1
| #define HAVE_MMAP 1
| #define HAVE_SPLICE 1
| #define HAVE_ISSETUGID 1
| #define HAVE_GETEUID 1
| #define HAVE_GETEGID 1
| #define HAVE_GETPROTOBYNUMBER 1
| #define HAVE_SETENV 1
| #define HAVE_UNSETENV 1
| #define HAVE_PUTENV 1
| #define HAVE_UMASK 1
| #define HAVE_GETADDRINFO 1
| #define SIZEOF_LONG 4
| #define HAVE_SETFD 1
| #define HAVE_SELECT 1
| #define HAVE_POLL 1
| #define HAVE_EPOLL_CTL 1
| #define HAVE_EPOLL 1
| #define HAVE_UINT64_T 1
| #define HAVE_UINT32_T 1
| /* end confdefs.h.  */
| #ifdef HAVE_STDINT_H
| #include <stdint.h>
| #elif defined(HAVE_INTTYPES_H)
| #include <inttypes.h>
| #endif
| #ifdef HAVE_SYS_TYPES_H
| #include <sys/types.h>
| #endif
| 
| int
| main ()
| {
| if (sizeof ((uint16_t)))
| 	    return 0;
|   ;
|   return 0;
| }
configure:14333: result: yes
configure:14350: checking for uint8_t
configure:14350: /opt/lede-toolchain-ramips-mt7621_gcc-5.4.0_musl-1.1.24.Linux-x86_64/toolchain-mipsel_24kc_gcc-5.4.0_musl-1.1.24/bin/mipsel-openwrt-linux-musl-gcc -c -DRTAX53U -DRTAX53U -DRTAX53U -DMUSL_LIBC -DRTAX53U -DBCM_EVENTD -DEXT_ACS -D__CONFIG_EMF__ -D__CONFIG_WPS__ -Os -Wall -DLINUX26 -DCONFIG_RALINK -DMUSL_LIBC -DDEBUG_NOISY -DDEBUG_RCTEST -D_GNU_SOURCE -D__UAPI_DEF_ETHHDR -DRALINK_DBDC_MODE -pipe -funit-at-a-time -Wno-pointer-sign -mtune=mips32 -mips32 -DLINUX_KERNEL_VERSION=263366 --sysroot=/opt/lede-toolchain-ramips-mt7621_gcc-5.4.0_musl-1.1.24.Linux-x86_64/toolchain-mipsel_24kc_gcc-5.4.0_musl-1.1.24  -I/repo/Pass_GPL/asuswrt/release/src-ra-openwrt-4210/router/mipsel-musl/stage/usr/include -Wall -fno-strict-aliasing  conftest.c >&5
configure:14350: $? = 0
configure:14350: /opt/lede-toolchain-ramips-mt7621_gcc-5.4.0_musl-1.1.24.Linux-x86_64/toolchain-mipsel_24kc_gcc-5.4.0_musl-1.1.24/bin/mipsel-openwrt-linux-musl-gcc -c -DRTAX53U -DRTAX53U -DRTAX53U -DMUSL_LIBC -DRTAX53U -DBCM_EVENTD -DEXT_ACS -D__CONFIG_EMF__ -D__CONFIG_WPS__ -Os -Wall -DLINUX26 -DCONFIG_RALINK -DMUSL_LIBC -DDEBUG_NOISY -DDEBUG_RCTEST -D_GNU_SOURCE -D__UAPI_DEF_ETHHDR -DRALINK_DBDC_MODE -pipe -funit-at-a-time -Wno-pointer-sign -mtune=mips32 -mips32 -DLINUX_KERNEL_VERSION=263366 --sysroot=/opt/lede-toolchain-ramips-mt7621_gcc-5.4.0_musl-1.1.24.Linux-x86_64/toolchain-mipsel_24kc_gcc-5.4.0_musl-1.1.24  -I/repo/Pass_GPL/asuswrt/release/src-ra-openwrt-4210/router/mipsel-musl/stage/usr/include -Wall -fno-strict-aliasing  conftest.c >&5
conftest.c: In function 'main':
conftest.c:106:22: error: expected expression before ')' token
 if (sizeof ((uint8_t)))
                      ^
configure:14350: $? = 1
configure: failed program was:
| /* confdefs.h */
| #define PACKAGE_NAME ""
| #define PACKAGE_TARNAME ""
| #define PACKAGE_VERSION ""
| #define PACKAGE_STRING ""
| #define PACKAGE_BUGREPORT ""
| #define PACKAGE_URL ""
| #define PACKAGE "libevent"
| #define VERSION "2.0.21-stable"
| #define NUMERIC_VERSION 0x02001500
| #define STDC_HEADERS 1
| #define HAVE_SYS_TYPES_H 1
| #define HAVE_SYS_STAT_H 1
| #define HAVE_STDLIB_H 1
| #define HAVE_STRING_H 1
| #define HAVE_MEMORY_H 1
| #define HAVE_STRINGS_H 1
| #define HAVE_INTTYPES_H 1
| #define HAVE_STDINT_H 1
| #define HAVE_UNISTD_H 1
| #define HAVE_DLFCN_H 1
| #define LT_OBJDIR ".libs/"
| #define HAVE_ZLIB_H 1
| #define HAVE_LIBZ 1
| #define HAVE_OPENSSL_BIO_H 1
| #define STDC_HEADERS 1
| #define HAVE_FCNTL_H 1
| #define HAVE_STDARG_H 1
| #define HAVE_INTTYPES_H 1
| #define HAVE_STDINT_H 1
| #define HAVE_STDDEF_H 1
| #define HAVE_POLL_H 1
| #define HAVE_UNISTD_H 1
| #define HAVE_SYS_EPOLL_H 1
| #define HAVE_SYS_TIME_H 1
| #define HAVE_SYS_QUEUE_H 1
| #define HAVE_SYS_PARAM_H 1
| #define HAVE_SYS_IOCTL_H 1
| #define HAVE_SYS_SELECT_H 1
| #define HAVE_NETINET_IN_H 1
| #define HAVE_SYS_SOCKET_H 1
| #define HAVE_SYS_UIO_H 1
| #define HAVE_ARPA_INET_H 1
| #define HAVE_SYS_EVENTFD_H 1
| #define HAVE_SYS_MMAN_H 1
| #define HAVE_SYS_SENDFILE_H 1
| #define HAVE_SYS_WAIT_H 1
| #define HAVE_NETDB_H 1
| #define HAVE_SYS_STAT_H 1
| #define HAVE_TAILQFOREACH 1
| #define HAVE_TIMERADD 1
| #define HAVE_TIMERCMP 1
| #define HAVE_TIMERCLEAR 1
| #define HAVE_TIMERISSET 1
| #define TIME_WITH_SYS_TIME 1
| #define HAVE_GETTIMEOFDAY 1
| #define HAVE_VASPRINTF 1
| #define HAVE_FCNTL 1
| #define HAVE_CLOCK_GETTIME 1
| #define HAVE_STRTOK_R 1
| #define HAVE_STRSEP 1
| #define HAVE_GETNAMEINFO 1
| #define HAVE_STRLCPY 1
| #define HAVE_INET_NTOP 1
| #define HAVE_INET_PTON 1
| #define HAVE_SIGNAL 1
| #define HAVE_SIGACTION 1
| #define HAVE_STRTOLL 1
| #define HAVE_INET_ATON 1
| #define HAVE_PIPE 1
| #define HAVE_EVENTFD 1
| #define HAVE_SENDFILE 1
| #define HAVE_MMAP 1
| #define HAVE_SPLICE 1
| #define HAVE_ISSETUGID 1
| #define HAVE_GETEUID 1
| #define HAVE_GETEGID 1
| #define HAVE_GETPROTOBYNUMBER 1
| #define HAVE_SETENV 1
| #define HAVE_UNSETENV 1
| #define HAVE_PUTENV 1
| #define HAVE_UMASK 1
| #define HAVE_GETADDRINFO 1
| #define SIZEOF_LONG 4
| #define HAVE_SETFD 1
| #define HAVE_SELECT 1
| #define HAVE_POLL 1
| #define HAVE_EPOLL_CTL 1
| #define HAVE_EPOLL 1
| #define HAVE_UINT64_T 1
| #define HAVE_UINT32_T 1
| #define HAVE_UINT16_T 1
| /* end confdefs.h.  */
| #ifdef HAVE_STDINT_H
| #include <stdint.h>
| #elif defined(HAVE_INTTYPES_H)
| #include <inttypes.h>
| #endif
| #ifdef HAVE_SYS_TYPES_H
| #include <sys/types.h>
| #endif
| 
| int
| main ()
| {
| if (sizeof ((uint8_t)))
| 	    return 0;
|   ;
|   return 0;
| }
configure:14350: result: yes
configure:14367: checking for uintptr_t
configure:14367: /opt/lede-toolchain-ramips-mt7621_gcc-5.4.0_musl-1.1.24.Linux-x86_64/toolchain-mipsel_24kc_gcc-5.4.0_musl-1.1.24/bin/mipsel-openwrt-linux-musl-gcc -c -DRTAX53U -DRTAX53U -DRTAX53U -DMUSL_LIBC -DRTAX53U -DBCM_EVENTD -DEXT_ACS -D__CONFIG_EMF__ -D__CONFIG_WPS__ -Os -Wall -DLINUX26 -DCONFIG_RALINK -DMUSL_LIBC -DDEBUG_NOISY -DDEBUG_RCTEST -D_GNU_SOURCE -D__UAPI_DEF_ETHHDR -DRALINK_DBDC_MODE -pipe -funit-at-a-time -Wno-pointer-sign -mtune=mips32 -mips32 -DLINUX_KERNEL_VERSION=263366 --sysroot=/opt/lede-toolchain-ramips-mt7621_gcc-5.4.0_musl-1.1.24.Linux-x86_64/toolchain-mipsel_24kc_gcc-5.4.0_musl-1.1.24  -I/repo/Pass_GPL/asuswrt/release/src-ra-openwrt-4210/router/mipsel-musl/stage/usr/include -Wall -fno-strict-aliasing  conftest.c >&5
configure:14367: $? = 0
configure:14367: /opt/lede-toolchain-ramips-mt7621_gcc-5.4.0_musl-1.1.24.Linux-x86_64/toolchain-mipsel_24kc_gcc-5.4.0_musl-1.1.24/bin/mipsel-openwrt-linux-musl-gcc -c -DRTAX53U -DRTAX53U -DRTAX53U -DMUSL_LIBC -DRTAX53U -DBCM_EVENTD -DEXT_ACS -D__CONFIG_EMF__ -D__CONFIG_WPS__ -Os -Wall -DLINUX26 -DCONFIG_RALINK -DMUSL_LIBC -DDEBUG_NOISY -DDEBUG_RCTEST -D_GNU_SOURCE -D__UAPI_DEF_ETHHDR -DRALINK_DBDC_MODE -pipe -funit-at-a-time -Wno-pointer-sign -mtune=mips32 -mips32 -DLINUX_KERNEL_VERSION=263366 --sysroot=/opt/lede-toolchain-ramips-mt7621_gcc-5.4.0_musl-1.1.24.Linux-x86_64/toolchain-mipsel_24kc_gcc-5.4.0_musl-1.1.24  -I/repo/Pass_GPL/asuswrt/release/src-ra-openwrt-4210/router/mipsel-musl/stage/usr/include -Wall -fno-strict-aliasing  conftest.c >&5
conftest.c: In function 'main':
conftest.c:107:24: error: expected expression before ')' token
 if (sizeof ((uintptr_t)))
                        ^
configure:14367: $? = 1
configure: failed program was:
| /* confdefs.h */
| #define PACKAGE_NAME ""
| #define PACKAGE_TARNAME ""
| #define PACKAGE_VERSION ""
| #define PACKAGE_STRING ""
| #define PACKAGE_BUGREPORT ""
| #define PACKAGE_URL ""
| #define PACKAGE "libevent"
| #define VERSION "2.0.21-stable"
| #define NUMERIC_VERSION 0x02001500
| #define STDC_HEADERS 1
| #define HAVE_SYS_TYPES_H 1
| #define HAVE_SYS_STAT_H 1
| #define HAVE_STDLIB_H 1
| #define HAVE_STRING_H 1
| #define HAVE_MEMORY_H 1
| #define HAVE_STRINGS_H 1
| #define HAVE_INTTYPES_H 1
| #define HAVE_STDINT_H 1
| #define HAVE_UNISTD_H 1
| #define HAVE_DLFCN_H 1
| #define LT_OBJDIR ".libs/"
| #define HAVE_ZLIB_H 1
| #define HAVE_LIBZ 1
| #define HAVE_OPENSSL_BIO_H 1
| #define STDC_HEADERS 1
| #define HAVE_FCNTL_H 1
| #define HAVE_STDARG_H 1
| #define HAVE_INTTYPES_H 1
| #define HAVE_STDINT_H 1
| #define HAVE_STDDEF_H 1
| #define HAVE_POLL_H 1
| #define HAVE_UNISTD_H 1
| #define HAVE_SYS_EPOLL_H 1
| #define HAVE_SYS_TIME_H 1
| #define HAVE_SYS_QUEUE_H 1
| #define HAVE_SYS_PARAM_H 1
| #define HAVE_SYS_IOCTL_H 1
| #define HAVE_SYS_SELECT_H 1
| #define HAVE_NETINET_IN_H 1
| #define HAVE_SYS_SOCKET_H 1
| #define HAVE_SYS_UIO_H 1
| #define HAVE_ARPA_INET_H 1
| #define HAVE_SYS_EVENTFD_H 1
| #define HAVE_SYS_MMAN_H 1
| #define HAVE_SYS_SENDFILE_H 1
| #define HAVE_SYS_WAIT_H 1
| #define HAVE_NETDB_H 1
| #define HAVE_SYS_STAT_H 1
| #define HAVE_TAILQFOREACH 1
| #define HAVE_TIMERADD 1
| #define HAVE_TIMERCMP 1
| #define HAVE_TIMERCLEAR 1
| #define HAVE_TIMERISSET 1
| #define TIME_WITH_SYS_TIME 1
| #define HAVE_GETTIMEOFDAY 1
| #define HAVE_VASPRINTF 1
| #define HAVE_FCNTL 1
| #define HAVE_CLOCK_GETTIME 1
| #define HAVE_STRTOK_R 1
| #define HAVE_STRSEP 1
| #define HAVE_GETNAMEINFO 1
| #define HAVE_STRLCPY 1
| #define HAVE_INET_NTOP 1
| #define HAVE_INET_PTON 1
| #define HAVE_SIGNAL 1
| #define HAVE_SIGACTION 1
| #define HAVE_STRTOLL 1
| #define HAVE_INET_ATON 1
| #define HAVE_PIPE 1
| #define HAVE_EVENTFD 1
| #define HAVE_SENDFILE 1
| #define HAVE_MMAP 1
| #define HAVE_SPLICE 1
| #define HAVE_ISSETUGID 1
| #define HAVE_GETEUID 1
| #define HAVE_GETEGID 1
| #define HAVE_GETPROTOBYNUMBER 1
| #define HAVE_SETENV 1
| #define HAVE_UNSETENV 1
| #define HAVE_PUTENV 1
| #define HAVE_UMASK 1
| #define HAVE_GETADDRINFO 1
| #define SIZEOF_LONG 4
| #define HAVE_SETFD 1
| #define HAVE_SELECT 1
| #define HAVE_POLL 1
| #define HAVE_EPOLL_CTL 1
| #define HAVE_EPOLL 1
| #define HAVE_UINT64_T 1
| #define HAVE_UINT32_T 1
| #define HAVE_UINT16_T 1
| #define HAVE_UINT8_T 1
| /* end confdefs.h.  */
| #ifdef HAVE_STDINT_H
| #include <stdint.h>
| #elif defined(HAVE_INTTYPES_H)
| #include <inttypes.h>
| #endif
| #ifdef HAVE_SYS_TYPES_H
| #include <sys/types.h>
| #endif
| 
| int
| main ()
| {
| if (sizeof ((uintptr_t)))
| 	    return 0;
|   ;
|   return 0;
| }
configure:14367: result: yes
configure:14386: checking for fd_mask
configure:14386: /opt/lede-toolchain-ramips-mt7621_gcc-5.4.0_musl-1.1.24.Linux-x86_64/toolchain-mipsel_24kc_gcc-5.4.0_musl-1.1.24/bin/mipsel-openwrt-linux-musl-gcc -c -DRTAX53U -DRTAX53U -DRTAX53U -DMUSL_LIBC -DRTAX53U -DBCM_EVENTD -DEXT_ACS -D__CONFIG_EMF__ -D__CONFIG_WPS__ -Os -Wall -DLINUX26 -DCONFIG_RALINK -DMUSL_LIBC -DDEBUG_NOISY -DDEBUG_RCTEST -D_GNU_SOURCE -D__UAPI_DEF_ETHHDR -DRALINK_DBDC_MODE -pipe -funit-at-a-time -Wno-pointer-sign -mtune=mips32 -mips32 -DLINUX_KERNEL_VERSION=263366 --sysroot=/opt/lede-toolchain-ramips-mt7621_gcc-5.4.0_musl-1.1.24.Linux-x86_64/toolchain-mipsel_24kc_gcc-5.4.0_musl-1.1.24  -I/repo/Pass_GPL/asuswrt/release/src-ra-openwrt-4210/router/mipsel-musl/stage/usr/include -Wall -fno-strict-aliasing  conftest.c >&5
configure:14386: $? = 0
configure:14386: /opt/lede-toolchain-ramips-mt7621_gcc-5.4.0_musl-1.1.24.Linux-x86_64/toolchain-mipsel_24kc_gcc-5.4.0_musl-1.1.24/bin/mipsel-openwrt-linux-musl-gcc -c -DRTAX53U -DRTAX53U -DRTAX53U -DMUSL_LIBC -DRTAX53U -DBCM_EVENTD -DEXT_ACS -D__CONFIG_EMF__ -D__CONFIG_WPS__ -Os -Wall -DLINUX26 -DCONFIG_RALINK -DMUSL_LIBC -DDEBUG_NOISY -DDEBUG_RCTEST -D_GNU_SOURCE -D__UAPI_DEF_ETHHDR -DRALINK_DBDC_MODE -pipe -funit-at-a-time -Wno-pointer-sign -mtune=mips32 -mips32 -DLINUX_KERNEL_VERSION=263366 --sysroot=/opt/lede-toolchain-ramips-mt7621_gcc-5.4.0_musl-1.1.24.Linux-x86_64/toolchain-mipsel_24kc_gcc-5.4.0_musl-1.1.24  -I/repo/Pass_GPL/asuswrt/release/src-ra-openwrt-4210/router/mipsel-musl/stage/usr/include -Wall -fno-strict-aliasing  conftest.c >&5
conftest.c: In function 'main':
conftest.c:106:22: error: expected expression before ')' token
 if (sizeof ((fd_mask)))
                      ^
configure:14386: $? = 1
configure: failed program was:
| /* confdefs.h */
| #define PACKAGE_NAME ""
| #define PACKAGE_TARNAME ""
| #define PACKAGE_VERSION ""
| #define PACKAGE_STRING ""
| #define PACKAGE_BUGREPORT ""
| #define PACKAGE_URL ""
| #define PACKAGE "libevent"
| #define VERSION "2.0.21-stable"
| #define NUMERIC_VERSION 0x02001500
| #define STDC_HEADERS 1
| #define HAVE_SYS_TYPES_H 1
| #define HAVE_SYS_STAT_H 1
| #define HAVE_STDLIB_H 1
| #define HAVE_STRING_H 1
| #define HAVE_MEMORY_H 1
| #define HAVE_STRINGS_H 1
| #define HAVE_INTTYPES_H 1
| #define HAVE_STDINT_H 1
| #define HAVE_UNISTD_H 1
| #define HAVE_DLFCN_H 1
| #define LT_OBJDIR ".libs/"
| #define HAVE_ZLIB_H 1
| #define HAVE_LIBZ 1
| #define HAVE_OPENSSL_BIO_H 1
| #define STDC_HEADERS 1
| #define HAVE_FCNTL_H 1
| #define HAVE_STDARG_H 1
| #define HAVE_INTTYPES_H 1
| #define HAVE_STDINT_H 1
| #define HAVE_STDDEF_H 1
| #define HAVE_POLL_H 1
| #define HAVE_UNISTD_H 1
| #define HAVE_SYS_EPOLL_H 1
| #define HAVE_SYS_TIME_H 1
| #define HAVE_SYS_QUEUE_H 1
| #define HAVE_SYS_PARAM_H 1
| #define HAVE_SYS_IOCTL_H 1
| #define HAVE_SYS_SELECT_H 1
| #define HAVE_NETINET_IN_H 1
| #define HAVE_SYS_SOCKET_H 1
| #define HAVE_SYS_UIO_H 1
| #define HAVE_ARPA_INET_H 1
| #define HAVE_SYS_EVENTFD_H 1
| #define HAVE_SYS_MMAN_H 1
| #define HAVE_SYS_SENDFILE_H 1
| #define HAVE_SYS_WAIT_H 1
| #define HAVE_NETDB_H 1
| #define HAVE_SYS_STAT_H 1
| #define HAVE_TAILQFOREACH 1
| #define HAVE_TIMERADD 1
| #define HAVE_TIMERCMP 1
| #define HAVE_TIMERCLEAR 1
| #define HAVE_TIMERISSET 1
| #define TIME_WITH_SYS_TIME 1
| #define HAVE_GETTIMEOFDAY 1
| #define HAVE_VASPRINTF 1
| #define HAVE_FCNTL 1
| #define HAVE_CLOCK_GETTIME 1
| #define HAVE_STRTOK_R 1
| #define HAVE_STRSEP 1
| #define HAVE_GETNAMEINFO 1
| #define HAVE_STRLCPY 1
| #define HAVE_INET_NTOP 1
| #define HAVE_INET_PTON 1
| #define HAVE_SIGNAL 1
| #define HAVE_SIGACTION 1
| #define HAVE_STRTOLL 1
| #define HAVE_INET_ATON 1
| #define HAVE_PIPE 1
| #define HAVE_EVENTFD 1
| #define HAVE_SENDFILE 1
| #define HAVE_MMAP 1
| #define HAVE_SPLICE 1
| #define HAVE_ISSETUGID 1
| #define HAVE_GETEUID 1
| #define HAVE_GETEGID 1
| #define HAVE_GETPROTOBYNUMBER 1
| #define HAVE_SETENV 1
| #define HAVE_UNSETENV 1
| #define HAVE_PUTENV 1
| #define HAVE_UMASK 1
| #define HAVE_GETADDRINFO 1
| #define SIZEOF_LONG 4
| #define HAVE_SETFD 1
| #define HAVE_SELECT 1
| #define HAVE_POLL 1
| #define HAVE_EPOLL_CTL 1
| #define HAVE_EPOLL 1
| #define HAVE_UINT64_T 1
| #define HAVE_UINT32_T 1
| #define HAVE_UINT16_T 1
| #define HAVE_UINT8_T 1
| #define HAVE_UINTPTR_T 1
| /* end confdefs.h.  */
| #ifdef HAVE_SYS_TYPES_H
| #include <sys/types.h>
| #endif
| #ifdef HAVE_SYS_SELECT_H
| #include <sys/select.h>
| #endif
| 
| int
| main ()
| {
| if (sizeof ((fd_mask)))
| 	    return 0;
|   ;
|   return 0;
| }
configure:14386: result: yes
configure:14407: checking size of long long
configure:14412: /opt/lede-toolchain-ramips-mt7621_gcc-5.4.0_musl-1.1.24.Linux-x86_64/toolchain-mipsel_24kc_gcc-5.4.0_musl-1.1.24/bin/mipsel-openwrt-linux-musl-gcc -c -DRTAX53U -DRTAX53U -DRTAX53U -DMUSL_LIBC -DRTAX53U -DBCM_EVENTD -DEXT_ACS -D__CONFIG_EMF__ -D__CONFIG_WPS__ -Os -Wall -DLINUX26 -DCONFIG_RALINK -DMUSL_LIBC -DDEBUG_NOISY -DDEBUG_RCTEST -D_GNU_SOURCE -D__UAPI_DEF_ETHHDR -DRALINK_DBDC_MODE -pipe -funit-at-a-time -Wno-pointer-sign -mtune=mips32 -mips32 -DLINUX_KERNEL_VERSION=263366 --sysroot=/opt/lede-toolchain-ramips-mt7621_gcc-5.4.0_musl-1.1.24.Linux-x86_64/toolchain-mipsel_24kc_gcc-5.4.0_musl-1.1.24  -I/repo/Pass_GPL/asuswrt/release/src-ra-openwrt-4210/router/mipsel-musl/stage/usr/include -Wall -fno-strict-aliasing  conftest.c >&5
configure:14412: $? = 0
configure:14412: /opt/lede-toolchain-ramips-mt7621_gcc-5.4.0_musl-1.1.24.Linux-x86_64/toolchain-mipsel_24kc_gcc-5.4.0_musl-1.1.24/bin/mipsel-openwrt-linux-musl-gcc -c -DRTAX53U -DRTAX53U -DRTAX53U -DMUSL_LIBC -DRTAX53U -DBCM_EVENTD -DEXT_ACS -D__CONFIG_EMF__ -D__CONFIG_WPS__ -Os -Wall -DLINUX26 -DCONFIG_RALINK -DMUSL_LIBC -DDEBUG_NOISY -DDEBUG_RCTEST -D_GNU_SOURCE -D__UAPI_DEF_ETHHDR -DRALINK_DBDC_MODE -pipe -funit-at-a-time -Wno-pointer-sign -mtune=mips32 -mips32 -DLINUX_KERNEL_VERSION=263366 --sysroot=/opt/lede-toolchain-ramips-mt7621_gcc-5.4.0_musl-1.1.24.Linux-x86_64/toolchain-mipsel_24kc_gcc-5.4.0_musl-1.1.24  -I/repo/Pass_GPL/asuswrt/release/src-ra-openwrt-4210/router/mipsel-musl/stage/usr/include -Wall -fno-strict-aliasing  conftest.c >&5
conftest.c: In function 'main':
conftest.c:133:12: error: size of array 'test_array' is negative
 static int test_array [1 - 2 * !(((long int) (sizeof (long long))) <= 0)];
            ^
configure:14412: $? = 1
configure: failed program was:
| /* confdefs.h */
| #define PACKAGE_NAME ""
| #define PACKAGE_TARNAME ""
| #define PACKAGE_VERSION ""
| #define PACKAGE_STRING ""
| #define PACKAGE_BUGREPORT ""
| #define PACKAGE_URL ""
| #define PACKAGE "libevent"
| #define VERSION "2.0.21-stable"
| #define NUMERIC_VERSION 0x02001500
| #define STDC_HEADERS 1
| #define HAVE_SYS_TYPES_H 1
| #define HAVE_SYS_STAT_H 1
| #define HAVE_STDLIB_H 1
| #define HAVE_STRING_H 1
| #define HAVE_MEMORY_H 1
| #define HAVE_STRINGS_H 1
| #define HAVE_INTTYPES_H 1
| #define HAVE_STDINT_H 1
| #define HAVE_UNISTD_H 1
| #define HAVE_DLFCN_H 1
| #define LT_OBJDIR ".libs/"
| #define HAVE_ZLIB_H 1
| #define HAVE_LIBZ 1
| #define HAVE_OPENSSL_BIO_H 1
| #define STDC_HEADERS 1
| #define HAVE_FCNTL_H 1
| #define HAVE_STDARG_H 1
| #define HAVE_INTTYPES_H 1
| #define HAVE_STDINT_H 1
| #define HAVE_STDDEF_H 1
| #define HAVE_POLL_H 1
| #define HAVE_UNISTD_H 1
| #define HAVE_SYS_EPOLL_H 1
| #define HAVE_SYS_TIME_H 1
| #define HAVE_SYS_QUEUE_H 1
| #define HAVE_SYS_PARAM_H 1
| #define HAVE_SYS_IOCTL_H 1
| #define HAVE_SYS_SELECT_H 1
| #define HAVE_NETINET_IN_H 1
| #define HAVE_SYS_SOCKET_H 1
| #define HAVE_SYS_UIO_H 1
| #define HAVE_ARPA_INET_H 1
| #define HAVE_SYS_EVENTFD_H 1
| #define HAVE_SYS_MMAN_H 1
| #define HAVE_SYS_SENDFILE_H 1
| #define HAVE_SYS_WAIT_H 1
| #define HAVE_NETDB_H 1
| #define HAVE_SYS_STAT_H 1
| #define HAVE_TAILQFOREACH 1
| #define HAVE_TIMERADD 1
| #define HAVE_TIMERCMP 1
| #define HAVE_TIMERCLEAR 1
| #define HAVE_TIMERISSET 1
| #define TIME_WITH_SYS_TIME 1
| #define HAVE_GETTIMEOFDAY 1
| #define HAVE_VASPRINTF 1
| #define HAVE_FCNTL 1
| #define HAVE_CLOCK_GETTIME 1
| #define HAVE_STRTOK_R 1
| #define HAVE_STRSEP 1
| #define HAVE_GETNAMEINFO 1
| #define HAVE_STRLCPY 1
| #define HAVE_INET_NTOP 1
| #define HAVE_INET_PTON 1
| #define HAVE_SIGNAL 1
| #define HAVE_SIGACTION 1
| #define HAVE_STRTOLL 1
| #define HAVE_INET_ATON 1
| #define HAVE_PIPE 1
| #define HAVE_EVENTFD 1
| #define HAVE_SENDFILE 1
| #define HAVE_MMAP 1
| #define HAVE_SPLICE 1
| #define HAVE_ISSETUGID 1
| #define HAVE_GETEUID 1
| #define HAVE_GETEGID 1
| #define HAVE_GETPROTOBYNUMBER 1
| #define HAVE_SETENV 1
| #define HAVE_UNSETENV 1
| #define HAVE_PUTENV 1
| #define HAVE_UMASK 1
| #define HAVE_GETADDRINFO 1
| #define SIZEOF_LONG 4
| #define HAVE_SETFD 1
| #define HAVE_SELECT 1
| #define HAVE_POLL 1
| #define HAVE_EPOLL_CTL 1
| #define HAVE_EPOLL 1
| #define HAVE_UINT64_T 1
| #define HAVE_UINT32_T 1
| #define HAVE_UINT16_T 1
| #define HAVE_UINT8_T 1
| #define HAVE_UINTPTR_T 1
| #define HAVE_FD_MASK 1
| /* end confdefs.h.  */
| #include <stdio.h>
| #ifdef HAVE_SYS_TYPES_H
| # include <sys/types.h>
| #endif
| #ifdef HAVE_SYS_STAT_H
| # include <sys/stat.h>
| #endif
| #ifdef STDC_HEADERS
| # include <stdlib.h>
| # include <stddef.h>
| #else
| # ifdef HAVE_STDLIB_H
| #  include <stdlib.h>
| # endif
| #endif
| #ifdef HAVE_STRING_H
| # if !defined STDC_HEADERS && defined HAVE_MEMORY_H
| #  include <memory.h>
| # endif
| # include <string.h>
| #endif
| #ifdef HAVE_STRINGS_H
| # include <strings.h>
| #endif
| #ifdef HAVE_INTTYPES_H
| # include <inttypes.h>
| #endif
| #ifdef HAVE_STDINT_H
| # include <stdint.h>
| #endif
| #ifdef HAVE_UNISTD_H
| # include <unistd.h>
| #endif
| int
| main ()
| {
| static int test_array [1 - 2 * !(((long int) (sizeof (long long))) <= 0)];
| test_array [0] = 0;
| return test_array [0];
| 
|   ;
|   return 0;
| }
configure:14412: /opt/lede-toolchain-ramips-mt7621_gcc-5.4.0_musl-1.1.24.Linux-x86_64/toolchain-mipsel_24kc_gcc-5.4.0_musl-1.1.24/bin/mipsel-openwrt-linux-musl-gcc -c -DRTAX53U -DRTAX53U -DRTAX53U -DMUSL_LIBC -DRTAX53U -DBCM_EVENTD -DEXT_ACS -D__CONFIG_EMF__ -D__CONFIG_WPS__ -Os -Wall -DLINUX26 -DCONFIG_RALINK -DMUSL_LIBC -DDEBUG_NOISY -DDEBUG_RCTEST -D_GNU_SOURCE -D__UAPI_DEF_ETHHDR -DRALINK_DBDC_MODE -pipe -funit-at-a-time -Wno-pointer-sign -mtune=mips32 -mips32 -DLINUX_KERNEL_VERSION=263366 --sysroot=/opt/lede-toolchain-ramips-mt7621_gcc-5.4.0_musl-1.1.24.Linux-x86_64/toolchain-mipsel_24kc_gcc-5.4.0_musl-1.1.24  -I/repo/Pass_GPL/asuswrt/release/src-ra-openwrt-4210/router/mipsel-musl/stage/usr/include -Wall -fno-strict-aliasing  conftest.c >&5
conftest.c: In function 'main':
conftest.c:133:12: error: size of array 'test_array' is negative
 static int test_array [1 - 2 * !(((long int) (sizeof (long long))) <= 1)];
            ^
configure:14412: $? = 1
configure: failed program was:
| /* confdefs.h */
| #define PACKAGE_NAME ""
| #define PACKAGE_TARNAME ""
| #define PACKAGE_VERSION ""
| #define PACKAGE_STRING ""
| #define PACKAGE_BUGREPORT ""
| #define PACKAGE_URL ""
| #define PACKAGE "libevent"
| #define VERSION "2.0.21-stable"
| #define NUMERIC_VERSION 0x02001500
| #define STDC_HEADERS 1
| #define HAVE_SYS_TYPES_H 1
| #define HAVE_SYS_STAT_H 1
| #define HAVE_STDLIB_H 1
| #define HAVE_STRING_H 1
| #define HAVE_MEMORY_H 1
| #define HAVE_STRINGS_H 1
| #define HAVE_INTTYPES_H 1
| #define HAVE_STDINT_H 1
| #define HAVE_UNISTD_H 1
| #define HAVE_DLFCN_H 1
| #define LT_OBJDIR ".libs/"
| #define HAVE_ZLIB_H 1
| #define HAVE_LIBZ 1
| #define HAVE_OPENSSL_BIO_H 1
| #define STDC_HEADERS 1
| #define HAVE_FCNTL_H 1
| #define HAVE_STDARG_H 1
| #define HAVE_INTTYPES_H 1
| #define HAVE_STDINT_H 1
| #define HAVE_STDDEF_H 1
| #define HAVE_POLL_H 1
| #define HAVE_UNISTD_H 1
| #define HAVE_SYS_EPOLL_H 1
| #define HAVE_SYS_TIME_H 1
| #define HAVE_SYS_QUEUE_H 1
| #define HAVE_SYS_PARAM_H 1
| #define HAVE_SYS_IOCTL_H 1
| #define HAVE_SYS_SELECT_H 1
| #define HAVE_NETINET_IN_H 1
| #define HAVE_SYS_SOCKET_H 1
| #define HAVE_SYS_UIO_H 1
| #define HAVE_ARPA_INET_H 1
| #define HAVE_SYS_EVENTFD_H 1
| #define HAVE_SYS_MMAN_H 1
| #define HAVE_SYS_SENDFILE_H 1
| #define HAVE_SYS_WAIT_H 1
| #define HAVE_NETDB_H 1
| #define HAVE_SYS_STAT_H 1
| #define HAVE_TAILQFOREACH 1
| #define HAVE_TIMERADD 1
| #define HAVE_TIMERCMP 1
| #define HAVE_TIMERCLEAR 1
| #define HAVE_TIMERISSET 1
| #define TIME_WITH_SYS_TIME 1
| #define HAVE_GETTIMEOFDAY 1
| #define HAVE_VASPRINTF 1
| #define HAVE_FCNTL 1
| #define HAVE_CLOCK_GETTIME 1
| #define HAVE_STRTOK_R 1
| #define HAVE_STRSEP 1
| #define HAVE_GETNAMEINFO 1
| #define HAVE_STRLCPY 1
| #define HAVE_INET_NTOP 1
| #define HAVE_INET_PTON 1
| #define HAVE_SIGNAL 1
| #define HAVE_SIGACTION 1
| #define HAVE_STRTOLL 1
| #define HAVE_INET_ATON 1
| #define HAVE_PIPE 1
| #define HAVE_EVENTFD 1
| #define HAVE_SENDFILE 1
| #define HAVE_MMAP 1
| #define HAVE_SPLICE 1
| #define HAVE_ISSETUGID 1
| #define HAVE_GETEUID 1
| #define HAVE_GETEGID 1
| #define HAVE_GETPROTOBYNUMBER 1
| #define HAVE_SETENV 1
| #define HAVE_UNSETENV 1
| #define HAVE_PUTENV 1
| #define HAVE_UMASK 1
| #define HAVE_GETADDRINFO 1
| #define SIZEOF_LONG 4
| #define HAVE_SETFD 1
| #define HAVE_SELECT 1
| #define HAVE_POLL 1
| #define HAVE_EPOLL_CTL 1
| #define HAVE_EPOLL 1
| #define HAVE_UINT64_T 1
| #define HAVE_UINT32_T 1
| #define HAVE_UINT16_T 1
| #define HAVE_UINT8_T 1
| #define HAVE_UINTPTR_T 1
| #define HAVE_FD_MASK 1
| /* end confdefs.h.  */
| #include <stdio.h>
| #ifdef HAVE_SYS_TYPES_H
| # include <sys/types.h>
| #endif
| #ifdef HAVE_SYS_STAT_H
| # include <sys/stat.h>
| #endif
| #ifdef STDC_HEADERS
| # include <stdlib.h>
| # include <stddef.h>
| #else
| # ifdef HAVE_STDLIB_H
| #  include <stdlib.h>
| # endif
| #endif
| #ifdef HAVE_STRING_H
| # if !defined STDC_HEADERS && defined HAVE_MEMORY_H
| #  include <memory.h>
| # endif
| # include <string.h>
| #endif
| #ifdef HAVE_STRINGS_H
| # include <strings.h>
| #endif
| #ifdef HAVE_INTTYPES_H
| # include <inttypes.h>
| #endif
| #ifdef HAVE_STDINT_H
| # include <stdint.h>
| #endif
| #ifdef HAVE_UNISTD_H
| # include <unistd.h>
| #endif
| int
| main ()
| {
| static int test_array [1 - 2 * !(((long int) (sizeof (long long))) <= 1)];
| test_array [0] = 0;
| return test_array [0];
| 
|   ;
|   return 0;
| }
configure:14412: /opt/lede-toolchain-ramips-mt7621_gcc-5.4.0_musl-1.1.24.Linux-x86_64/toolchain-mipsel_24kc_gcc-5.4.0_musl-1.1.24/bin/mipsel-openwrt-linux-musl-gcc -c -DRTAX53U -DRTAX53U -DRTAX53U -DMUSL_LIBC -DRTAX53U -DBCM_EVENTD -DEXT_ACS -D__CONFIG_EMF__ -D__CONFIG_WPS__ -Os -Wall -DLINUX26 -DCONFIG_RALINK -DMUSL_LIBC -DDEBUG_NOISY -DDEBUG_RCTEST -D_GNU_SOURCE -D__UAPI_DEF_ETHHDR -DRALINK_DBDC_MODE -pipe -funit-at-a-time -Wno-pointer-sign -mtune=mips32 -mips32 -DLINUX_KERNEL_VERSION=263366 --sysroot=/opt/lede-toolchain-ramips-mt7621_gcc-5.4.0_musl-1.1.24.Linux-x86_64/toolchain-mipsel_24kc_gcc-5.4.0_musl-1.1.24  -I/repo/Pass_GPL/asuswrt/release/src-ra-openwrt-4210/router/mipsel-musl/stage/usr/include -Wall -fno-strict-aliasing  conftest.c >&5
conftest.c: In function 'main':
conftest.c:133:12: error: size of array 'test_array' is negative
 static int test_array [1 - 2 * !(((long int) (sizeof (long long))) <= 3)];
            ^
configure:14412: $? = 1
configure: failed program was:
| /* confdefs.h */
| #define PACKAGE_NAME ""
| #define PACKAGE_TARNAME ""
| #define PACKAGE_VERSION ""
| #define PACKAGE_STRING ""
| #define PACKAGE_BUGREPORT ""
| #define PACKAGE_URL ""
| #define PACKAGE "libevent"
| #define VERSION "2.0.21-stable"
| #define NUMERIC_VERSION 0x02001500
| #define STDC_HEADERS 1
| #define HAVE_SYS_TYPES_H 1
| #define HAVE_SYS_STAT_H 1
| #define HAVE_STDLIB_H 1
| #define HAVE_STRING_H 1
| #define HAVE_MEMORY_H 1
| #define HAVE_STRINGS_H 1
| #define HAVE_INTTYPES_H 1
| #define HAVE_STDINT_H 1
| #define HAVE_UNISTD_H 1
| #define HAVE_DLFCN_H 1
| #define LT_OBJDIR ".libs/"
| #define HAVE_ZLIB_H 1
| #define HAVE_LIBZ 1
| #define HAVE_OPENSSL_BIO_H 1
| #define STDC_HEADERS 1
| #define HAVE_FCNTL_H 1
| #define HAVE_STDARG_H 1
| #define HAVE_INTTYPES_H 1
| #define HAVE_STDINT_H 1
| #define HAVE_STDDEF_H 1
| #define HAVE_POLL_H 1
| #define HAVE_UNISTD_H 1
| #define HAVE_SYS_EPOLL_H 1
| #define HAVE_SYS_TIME_H 1
| #define HAVE_SYS_QUEUE_H 1
| #define HAVE_SYS_PARAM_H 1
| #define HAVE_SYS_IOCTL_H 1
| #define HAVE_SYS_SELECT_H 1
| #define HAVE_NETINET_IN_H 1
| #define HAVE_SYS_SOCKET_H 1
| #define HAVE_SYS_UIO_H 1
| #define HAVE_ARPA_INET_H 1
| #define HAVE_SYS_EVENTFD_H 1
| #define HAVE_SYS_MMAN_H 1
| #define HAVE_SYS_SENDFILE_H 1
| #define HAVE_SYS_WAIT_H 1
| #define HAVE_NETDB_H 1
| #define HAVE_SYS_STAT_H 1
| #define HAVE_TAILQFOREACH 1
| #define HAVE_TIMERADD 1
| #define HAVE_TIMERCMP 1
| #define HAVE_TIMERCLEAR 1
| #define HAVE_TIMERISSET 1
| #define TIME_WITH_SYS_TIME 1
| #define HAVE_GETTIMEOFDAY 1
| #define HAVE_VASPRINTF 1
| #define HAVE_FCNTL 1
| #define HAVE_CLOCK_GETTIME 1
| #define HAVE_STRTOK_R 1
| #define HAVE_STRSEP 1
| #define HAVE_GETNAMEINFO 1
| #define HAVE_STRLCPY 1
| #define HAVE_INET_NTOP 1
| #define HAVE_INET_PTON 1
| #define HAVE_SIGNAL 1
| #define HAVE_SIGACTION 1
| #define HAVE_STRTOLL 1
| #define HAVE_INET_ATON 1
| #define HAVE_PIPE 1
| #define HAVE_EVENTFD 1
| #define HAVE_SENDFILE 1
| #define HAVE_MMAP 1
| #define HAVE_SPLICE 1
| #define HAVE_ISSETUGID 1
| #define HAVE_GETEUID 1
| #define HAVE_GETEGID 1
| #define HAVE_GETPROTOBYNUMBER 1
| #define HAVE_SETENV 1
| #define HAVE_UNSETENV 1
| #define HAVE_PUTENV 1
| #define HAVE_UMASK 1
| #define HAVE_GETADDRINFO 1
| #define SIZEOF_LONG 4
| #define HAVE_SETFD 1
| #define HAVE_SELECT 1
| #define HAVE_POLL 1
| #define HAVE_EPOLL_CTL 1
| #define HAVE_EPOLL 1
| #define HAVE_UINT64_T 1
| #define HAVE_UINT32_T 1
| #define HAVE_UINT16_T 1
| #define HAVE_UINT8_T 1
| #define HAVE_UINTPTR_T 1
| #define HAVE_FD_MASK 1
| /* end confdefs.h.  */
| #include <stdio.h>
| #ifdef HAVE_SYS_TYPES_H
| # include <sys/types.h>
| #endif
| #ifdef HAVE_SYS_STAT_H
| # include <sys/stat.h>
| #endif
| #ifdef STDC_HEADERS
| # include <stdlib.h>
| # include <stddef.h>
| #else
| # ifdef HAVE_STDLIB_H
| #  include <stdlib.h>
| # endif
| #endif
| #ifdef HAVE_STRING_H
| # if !defined STDC_HEADERS && defined HAVE_MEMORY_H
| #  include <memory.h>
| # endif
| # include <string.h>
| #endif
| #ifdef HAVE_STRINGS_H
| # include <strings.h>
| #endif
| #ifdef HAVE_INTTYPES_H
| # include <inttypes.h>
| #endif
| #ifdef HAVE_STDINT_H
| # include <stdint.h>
| #endif
| #ifdef HAVE_UNISTD_H
| # include <unistd.h>
| #endif
| int
| main ()
| {
| static int test_array [1 - 2 * !(((long int) (sizeof (long long))) <= 3)];
| test_array [0] = 0;
| return test_array [0];
| 
|   ;
|   return 0;
| }
configure:14412: /opt/lede-toolchain-ramips-mt7621_gcc-5.4.0_musl-1.1.24.Linux-x86_64/toolchain-mipsel_24kc_gcc-5.4.0_musl-1.1.24/bin/mipsel-openwrt-linux-musl-gcc -c -DRTAX53U -DRTAX53U -DRTAX53U -DMUSL_LIBC -DRTAX53U -DBCM_EVENTD -DEXT_ACS -D__CONFIG_EMF__ -D__CONFIG_WPS__ -Os -Wall -DLINUX26 -DCONFIG_RALINK -DMUSL_LIBC -DDEBUG_NOISY -DDEBUG_RCTEST -D_GNU_SOURCE -D__UAPI_DEF_ETHHDR -DRALINK_DBDC_MODE -pipe -funit-at-a-time -Wno-pointer-sign -mtune=mips32 -mips32 -DLINUX_KERNEL_VERSION=263366 --sysroot=/opt/lede-toolchain-ramips-mt7621_gcc-5.4.0_musl-1.1.24.Linux-x86_64/toolchain-mipsel_24kc_gcc-5.4.0_musl-1.1.24  -I/repo/Pass_GPL/asuswrt/release/src-ra-openwrt-4210/router/mipsel-musl/stage/usr/include -Wall -fno-strict-aliasing  conftest.c >&5
conftest.c: In function 'main':
conftest.c:133:12: error: size of array 'test_array' is negative
 static int test_array [1 - 2 * !(((long int) (sizeof (long long))) <= 7)];
            ^
configure:14412: $? = 1
configure: failed program was:
| /* confdefs.h */
| #define PACKAGE_NAME ""
| #define PACKAGE_TARNAME ""
| #define PACKAGE_VERSION ""
| #define PACKAGE_STRING ""
| #define PACKAGE_BUGREPORT ""
| #define PACKAGE_URL ""
| #define PACKAGE "libevent"
| #define VERSION "2.0.21-stable"
| #define NUMERIC_VERSION 0x02001500
| #define STDC_HEADERS 1
| #define HAVE_SYS_TYPES_H 1
| #define HAVE_SYS_STAT_H 1
| #define HAVE_STDLIB_H 1
| #define HAVE_STRING_H 1
| #define HAVE_MEMORY_H 1
| #define HAVE_STRINGS_H 1
| #define HAVE_INTTYPES_H 1
| #define HAVE_STDINT_H 1
| #define HAVE_UNISTD_H 1
| #define HAVE_DLFCN_H 1
| #define LT_OBJDIR ".libs/"
| #define HAVE_ZLIB_H 1
| #define HAVE_LIBZ 1
| #define HAVE_OPENSSL_BIO_H 1
| #define STDC_HEADERS 1
| #define HAVE_FCNTL_H 1
| #define HAVE_STDARG_H 1
| #define HAVE_INTTYPES_H 1
| #define HAVE_STDINT_H 1
| #define HAVE_STDDEF_H 1
| #define HAVE_POLL_H 1
| #define HAVE_UNISTD_H 1
| #define HAVE_SYS_EPOLL_H 1
| #define HAVE_SYS_TIME_H 1
| #define HAVE_SYS_QUEUE_H 1
| #define HAVE_SYS_PARAM_H 1
| #define HAVE_SYS_IOCTL_H 1
| #define HAVE_SYS_SELECT_H 1
| #define HAVE_NETINET_IN_H 1
| #define HAVE_SYS_SOCKET_H 1
| #define HAVE_SYS_UIO_H 1
| #define HAVE_ARPA_INET_H 1
| #define HAVE_SYS_EVENTFD_H 1
| #define HAVE_SYS_MMAN_H 1
| #define HAVE_SYS_SENDFILE_H 1
| #define HAVE_SYS_WAIT_H 1
| #define HAVE_NETDB_H 1
| #define HAVE_SYS_STAT_H 1
| #define HAVE_TAILQFOREACH 1
| #define HAVE_TIMERADD 1
| #define HAVE_TIMERCMP 1
| #define HAVE_TIMERCLEAR 1
| #define HAVE_TIMERISSET 1
| #define TIME_WITH_SYS_TIME 1
| #define HAVE_GETTIMEOFDAY 1
| #define HAVE_VASPRINTF 1
| #define HAVE_FCNTL 1
| #define HAVE_CLOCK_GETTIME 1
| #define HAVE_STRTOK_R 1
| #define HAVE_STRSEP 1
| #define HAVE_GETNAMEINFO 1
| #define HAVE_STRLCPY 1
| #define HAVE_INET_NTOP 1
| #define HAVE_INET_PTON 1
| #define HAVE_SIGNAL 1
| #define HAVE_SIGACTION 1
| #define HAVE_STRTOLL 1
| #define HAVE_INET_ATON 1
| #define HAVE_PIPE 1
| #define HAVE_EVENTFD 1
| #define HAVE_SENDFILE 1
| #define HAVE_MMAP 1
| #define HAVE_SPLICE 1
| #define HAVE_ISSETUGID 1
| #define HAVE_GETEUID 1
| #define HAVE_GETEGID 1
| #define HAVE_GETPROTOBYNUMBER 1
| #define HAVE_SETENV 1
| #define HAVE_UNSETENV 1
| #define HAVE_PUTENV 1
| #define HAVE_UMASK 1
| #define HAVE_GETADDRINFO 1
| #define SIZEOF_LONG 4
| #define HAVE_SETFD 1
| #define HAVE_SELECT 1
| #define HAVE_POLL 1
| #define HAVE_EPOLL_CTL 1
| #define HAVE_EPOLL 1
| #define HAVE_UINT64_T 1
| #define HAVE_UINT32_T 1
| #define HAVE_UINT16_T 1
| #define HAVE_UINT8_T 1
| #define HAVE_UINTPTR_T 1
| #define HAVE_FD_MASK 1
| /* end confdefs.h.  */
| #include <stdio.h>
| #ifdef HAVE_SYS_TYPES_H
| # include <sys/types.h>
| #endif
| #ifdef HAVE_SYS_STAT_H
| # include <sys/stat.h>
| #endif
| #ifdef STDC_HEADERS
| # include <stdlib.h>
| # include <stddef.h>
| #else
| # ifdef HAVE_STDLIB_H
| #  include <stdlib.h>
| # endif
| #endif
| #ifdef HAVE_STRING_H
| # if !defined STDC_HEADERS && defined HAVE_MEMORY_H
| #  include <memory.h>
| # endif
| # include <string.h>
| #endif
| #ifdef HAVE_STRINGS_H
| # include <strings.h>
| #endif
| #ifdef HAVE_INTTYPES_H
| # include <inttypes.h>
| #endif
| #ifdef HAVE_STDINT_H
| # include <stdint.h>
| #endif
| #ifdef HAVE_UNISTD_H
| # include <unistd.h>
| #endif
| int
| main ()
| {
| static int test_array [1 - 2 * !(((long int) (sizeof (long long))) <= 7)];
| test_array [0] = 0;
| return test_array [0];
| 
|   ;
|   return 0;
| }
configure:14412: /opt/lede-toolchain-ramips-mt7621_gcc-5.4.0_musl-1.1.24.Linux-x86_64/toolchain-mipsel_24kc_gcc-5.4.0_musl-1.1.24/bin/mipsel-openwrt-linux-musl-gcc -c -DRTAX53U -DRTAX53U -DRTAX53U -DMUSL_LIBC -DRTAX53U -DBCM_EVENTD -DEXT_ACS -D__CONFIG_EMF__ -D__CONFIG_WPS__ -Os -Wall -DLINUX26 -DCONFIG_RALINK -DMUSL_LIBC -DDEBUG_NOISY -DDEBUG_RCTEST -D_GNU_SOURCE -D__UAPI_DEF_ETHHDR -DRALINK_DBDC_MODE -pipe -funit-at-a-time -Wno-pointer-sign -mtune=mips32 -mips32 -DLINUX_KERNEL_VERSION=263366 --sysroot=/opt/lede-toolchain-ramips-mt7621_gcc-5.4.0_musl-1.1.24.Linux-x86_64/toolchain-mipsel_24kc_gcc-5.4.0_musl-1.1.24  -I/repo/Pass_GPL/asuswrt/release/src-ra-openwrt-4210/router/mipsel-musl/stage/usr/include -Wall -fno-strict-aliasing  conftest.c >&5
configure:14412: $? = 0
configure:14412: /opt/lede-toolchain-ramips-mt7621_gcc-5.4.0_musl-1.1.24.Linux-x86_64/toolchain-mipsel_24kc_gcc-5.4.0_musl-1.1.24/bin/mipsel-openwrt-linux-musl-gcc -c -DRTAX53U -DRTAX53U -DRTAX53U -DMUSL_LIBC -DRTAX53U -DBCM_EVENTD -DEXT_ACS -D__CONFIG_EMF__ -D__CONFIG_WPS__ -Os -Wall -DLINUX26 -DCONFIG_RALINK -DMUSL_LIBC -DDEBUG_NOISY -DDEBUG_RCTEST -D_GNU_SOURCE -D__UAPI_DEF_ETHHDR -DRALINK_DBDC_MODE -pipe -funit-at-a-time -Wno-pointer-sign -mtune=mips32 -mips32 -DLINUX_KERNEL_VERSION=263366 --sysroot=/opt/lede-toolchain-ramips-mt7621_gcc-5.4.0_musl-1.1.24.Linux-x86_64/toolchain-mipsel_24kc_gcc-5.4.0_musl-1.1.24  -I/repo/Pass_GPL/asuswrt/release/src-ra-openwrt-4210/router/mipsel-musl/stage/usr/include -Wall -fno-strict-aliasing  conftest.c >&5
configure:14412: $? = 0
configure:14412: /opt/lede-toolchain-ramips-mt7621_gcc-5.4.0_musl-1.1.24.Linux-x86_64/toolchain-mipsel_24kc_gcc-5.4.0_musl-1.1.24/bin/mipsel-openwrt-linux-musl-gcc -c -DRTAX53U -DRTAX53U -DRTAX53U -DMUSL_LIBC -DRTAX53U -DBCM_EVENTD -DEXT_ACS -D__CONFIG_EMF__ -D__CONFIG_WPS__ -Os -Wall -DLINUX26 -DCONFIG_RALINK -DMUSL_LIBC -DDEBUG_NOISY -DDEBUG_RCTEST -D_GNU_SOURCE -D__UAPI_DEF_ETHHDR -DRALINK_DBDC_MODE -pipe -funit-at-a-time -Wno-pointer-sign -mtune=mips32 -mips32 -DLINUX_KERNEL_VERSION=263366 --sysroot=/opt/lede-toolchain-ramips-mt7621_gcc-5.4.0_musl-1.1.24.Linux-x86_64/toolchain-mipsel_24kc_gcc-5.4.0_musl-1.1.24  -I/repo/Pass_GPL/asuswrt/release/src-ra-openwrt-4210/router/mipsel-musl/stage/usr/include -Wall -fno-strict-aliasing  conftest.c >&5
configure:14412: $? = 0
configure:14412: /opt/lede-toolchain-ramips-mt7621_gcc-5.4.0_musl-1.1.24.Linux-x86_64/toolchain-mipsel_24kc_gcc-5.4.0_musl-1.1.24/bin/mipsel-openwrt-linux-musl-gcc -c -DRTAX53U -DRTAX53U -DRTAX53U -DMUSL_LIBC -DRTAX53U -DBCM_EVENTD -DEXT_ACS -D__CONFIG_EMF__ -D__CONFIG_WPS__ -Os -Wall -DLINUX26 -DCONFIG_RALINK -DMUSL_LIBC -DDEBUG_NOISY -DDEBUG_RCTEST -D_GNU_SOURCE -D__UAPI_DEF_ETHHDR -DRALINK_DBDC_MODE -pipe -funit-at-a-time -Wno-pointer-sign -mtune=mips32 -mips32 -DLINUX_KERNEL_VERSION=263366 --sysroot=/opt/lede-toolchain-ramips-mt7621_gcc-5.4.0_musl-1.1.24.Linux-x86_64/toolchain-mipsel_24kc_gcc-5.4.0_musl-1.1.24  -I/repo/Pass_GPL/asuswrt/release/src-ra-openwrt-4210/router/mipsel-musl/stage/usr/include -Wall -fno-strict-aliasing  conftest.c >&5
configure:14412: $? = 0
configure:14426: result: 8
configure:14440: checking size of long
configure:14459: result: 4
configure:14473: checking size of int
configure:14478: /opt/lede-toolchain-ramips-mt7621_gcc-5.4.0_musl-1.1.24.Linux-x86_64/toolchain-mipsel_24kc_gcc-5.4.0_musl-1.1.24/bin/mipsel-openwrt-linux-musl-gcc -c -DRTAX53U -DRTAX53U -DRTAX53U -DMUSL_LIBC -DRTAX53U -DBCM_EVENTD -DEXT_ACS -D__CONFIG_EMF__ -D__CONFIG_WPS__ -Os -Wall -DLINUX26 -DCONFIG_RALINK -DMUSL_LIBC -DDEBUG_NOISY -DDEBUG_RCTEST -D_GNU_SOURCE -D__UAPI_DEF_ETHHDR -DRALINK_DBDC_MODE -pipe -funit-at-a-time -Wno-pointer-sign -mtune=mips32 -mips32 -DLINUX_KERNEL_VERSION=263366 --sysroot=/opt/lede-toolchain-ramips-mt7621_gcc-5.4.0_musl-1.1.24.Linux-x86_64/toolchain-mipsel_24kc_gcc-5.4.0_musl-1.1.24  -I/repo/Pass_GPL/asuswrt/release/src-ra-openwrt-4210/router/mipsel-musl/stage/usr/include -Wall -fno-strict-aliasing  conftest.c >&5
configure:14478: $? = 0
configure:14478: /opt/lede-toolchain-ramips-mt7621_gcc-5.4.0_musl-1.1.24.Linux-x86_64/toolchain-mipsel_24kc_gcc-5.4.0_musl-1.1.24/bin/mipsel-openwrt-linux-musl-gcc -c -DRTAX53U -DRTAX53U -DRTAX53U -DMUSL_LIBC -DRTAX53U -DBCM_EVENTD -DEXT_ACS -D__CONFIG_EMF__ -D__CONFIG_WPS__ -Os -Wall -DLINUX26 -DCONFIG_RALINK -DMUSL_LIBC -DDEBUG_NOISY -DDEBUG_RCTEST -D_GNU_SOURCE -D__UAPI_DEF_ETHHDR -DRALINK_DBDC_MODE -pipe -funit-at-a-time -Wno-pointer-sign -mtune=mips32 -mips32 -DLINUX_KERNEL_VERSION=263366 --sysroot=/opt/lede-toolchain-ramips-mt7621_gcc-5.4.0_musl-1.1.24.Linux-x86_64/toolchain-mipsel_24kc_gcc-5.4.0_musl-1.1.24  -I/repo/Pass_GPL/asuswrt/release/src-ra-openwrt-4210/router/mipsel-musl/stage/usr/include -Wall -fno-strict-aliasing  conftest.c >&5
conftest.c: In function 'main':
conftest.c:135:12: error: size of array 'test_array' is negative
 static int test_array [1 - 2 * !(((long int) (sizeof (int))) <= 0)];
            ^
configure:14478: $? = 1
configure: failed program was:
| /* confdefs.h */
| #define PACKAGE_NAME ""
| #define PACKAGE_TARNAME ""
| #define PACKAGE_VERSION ""
| #define PACKAGE_STRING ""
| #define PACKAGE_BUGREPORT ""
| #define PACKAGE_URL ""
| #define PACKAGE "libevent"
| #define VERSION "2.0.21-stable"
| #define NUMERIC_VERSION 0x02001500
| #define STDC_HEADERS 1
| #define HAVE_SYS_TYPES_H 1
| #define HAVE_SYS_STAT_H 1
| #define HAVE_STDLIB_H 1
| #define HAVE_STRING_H 1
| #define HAVE_MEMORY_H 1
| #define HAVE_STRINGS_H 1
| #define HAVE_INTTYPES_H 1
| #define HAVE_STDINT_H 1
| #define HAVE_UNISTD_H 1
| #define HAVE_DLFCN_H 1
| #define LT_OBJDIR ".libs/"
| #define HAVE_ZLIB_H 1
| #define HAVE_LIBZ 1
| #define HAVE_OPENSSL_BIO_H 1
| #define STDC_HEADERS 1
| #define HAVE_FCNTL_H 1
| #define HAVE_STDARG_H 1
| #define HAVE_INTTYPES_H 1
| #define HAVE_STDINT_H 1
| #define HAVE_STDDEF_H 1
| #define HAVE_POLL_H 1
| #define HAVE_UNISTD_H 1
| #define HAVE_SYS_EPOLL_H 1
| #define HAVE_SYS_TIME_H 1
| #define HAVE_SYS_QUEUE_H 1
| #define HAVE_SYS_PARAM_H 1
| #define HAVE_SYS_IOCTL_H 1
| #define HAVE_SYS_SELECT_H 1
| #define HAVE_NETINET_IN_H 1
| #define HAVE_SYS_SOCKET_H 1
| #define HAVE_SYS_UIO_H 1
| #define HAVE_ARPA_INET_H 1
| #define HAVE_SYS_EVENTFD_H 1
| #define HAVE_SYS_MMAN_H 1
| #define HAVE_SYS_SENDFILE_H 1
| #define HAVE_SYS_WAIT_H 1
| #define HAVE_NETDB_H 1
| #define HAVE_SYS_STAT_H 1
| #define HAVE_TAILQFOREACH 1
| #define HAVE_TIMERADD 1
| #define HAVE_TIMERCMP 1
| #define HAVE_TIMERCLEAR 1
| #define HAVE_TIMERISSET 1
| #define TIME_WITH_SYS_TIME 1
| #define HAVE_GETTIMEOFDAY 1
| #define HAVE_VASPRINTF 1
| #define HAVE_FCNTL 1
| #define HAVE_CLOCK_GETTIME 1
| #define HAVE_STRTOK_R 1
| #define HAVE_STRSEP 1
| #define HAVE_GETNAMEINFO 1
| #define HAVE_STRLCPY 1
| #define HAVE_INET_NTOP 1
| #define HAVE_INET_PTON 1
| #define HAVE_SIGNAL 1
| #define HAVE_SIGACTION 1
| #define HAVE_STRTOLL 1
| #define HAVE_INET_ATON 1
| #define HAVE_PIPE 1
| #define HAVE_EVENTFD 1
| #define HAVE_SENDFILE 1
| #define HAVE_MMAP 1
| #define HAVE_SPLICE 1
| #define HAVE_ISSETUGID 1
| #define HAVE_GETEUID 1
| #define HAVE_GETEGID 1
| #define HAVE_GETPROTOBYNUMBER 1
| #define HAVE_SETENV 1
| #define HAVE_UNSETENV 1
| #define HAVE_PUTENV 1
| #define HAVE_UMASK 1
| #define HAVE_GETADDRINFO 1
| #define SIZEOF_LONG 4
| #define HAVE_SETFD 1
| #define HAVE_SELECT 1
| #define HAVE_POLL 1
| #define HAVE_EPOLL_CTL 1
| #define HAVE_EPOLL 1
| #define HAVE_UINT64_T 1
| #define HAVE_UINT32_T 1
| #define HAVE_UINT16_T 1
| #define HAVE_UINT8_T 1
| #define HAVE_UINTPTR_T 1
| #define HAVE_FD_MASK 1
| #define SIZEOF_LONG_LONG 8
| #define SIZEOF_LONG 4
| /* end confdefs.h.  */
| #include <stdio.h>
| #ifdef HAVE_SYS_TYPES_H
| # include <sys/types.h>
| #endif
| #ifdef HAVE_SYS_STAT_H
| # include <sys/stat.h>
| #endif
| #ifdef STDC_HEADERS
| # include <stdlib.h>
| # include <stddef.h>
| #else
| # ifdef HAVE_STDLIB_H
| #  include <stdlib.h>
| # endif
| #endif
| #ifdef HAVE_STRING_H
| # if !defined STDC_HEADERS && defined HAVE_MEMORY_H
| #  include <memory.h>
| # endif
| # include <string.h>
| #endif
| #ifdef HAVE_STRINGS_H
| # include <strings.h>
| #endif
| #ifdef HAVE_INTTYPES_H
| # include <inttypes.h>
| #endif
| #ifdef HAVE_STDINT_H
| # include <stdint.h>
| #endif
| #ifdef HAVE_UNISTD_H
| # include <unistd.h>
| #endif
| int
| main ()
| {
| static int test_array [1 - 2 * !(((long int) (sizeof (int))) <= 0)];
| test_array [0] = 0;
| return test_array [0];
| 
|   ;
|   return 0;
| }
configure:14478: /opt/lede-toolchain-ramips-mt7621_gcc-5.4.0_musl-1.1.24.Linux-x86_64/toolchain-mipsel_24kc_gcc-5.4.0_musl-1.1.24/bin/mipsel-openwrt-linux-musl-gcc -c -DRTAX53U -DRTAX53U -DRTAX53U -DMUSL_LIBC -DRTAX53U -DBCM_EVENTD -DEXT_ACS -D__CONFIG_EMF__ -D__CONFIG_WPS__ -Os -Wall -DLINUX26 -DCONFIG_RALINK -DMUSL_LIBC -DDEBUG_NOISY -DDEBUG_RCTEST -D_GNU_SOURCE -D__UAPI_DEF_ETHHDR -DRALINK_DBDC_MODE -pipe -funit-at-a-time -Wno-pointer-sign -mtune=mips32 -mips32 -DLINUX_KERNEL_VERSION=263366 --sysroot=/opt/lede-toolchain-ramips-mt7621_gcc-5.4.0_musl-1.1.24.Linux-x86_64/toolchain-mipsel_24kc_gcc-5.4.0_musl-1.1.24  -I/repo/Pass_GPL/asuswrt/release/src-ra-openwrt-4210/router/mipsel-musl/stage/usr/include -Wall -fno-strict-aliasing  conftest.c >&5
conftest.c: In function 'main':
conftest.c:135:12: error: size of array 'test_array' is negative
 static int test_array [1 - 2 * !(((long int) (sizeof (int))) <= 1)];
            ^
configure:14478: $? = 1
configure: failed program was:
| /* confdefs.h */
| #define PACKAGE_NAME ""
| #define PACKAGE_TARNAME ""
| #define PACKAGE_VERSION ""
| #define PACKAGE_STRING ""
| #define PACKAGE_BUGREPORT ""
| #define PACKAGE_URL ""
| #define PACKAGE "libevent"
| #define VERSION "2.0.21-stable"
| #define NUMERIC_VERSION 0x02001500
| #define STDC_HEADERS 1
| #define HAVE_SYS_TYPES_H 1
| #define HAVE_SYS_STAT_H 1
| #define HAVE_STDLIB_H 1
| #define HAVE_STRING_H 1
| #define HAVE_MEMORY_H 1
| #define HAVE_STRINGS_H 1
| #define HAVE_INTTYPES_H 1
| #define HAVE_STDINT_H 1
| #define HAVE_UNISTD_H 1
| #define HAVE_DLFCN_H 1
| #define LT_OBJDIR ".libs/"
| #define HAVE_ZLIB_H 1
| #define HAVE_LIBZ 1
| #define HAVE_OPENSSL_BIO_H 1
| #define STDC_HEADERS 1
| #define HAVE_FCNTL_H 1
| #define HAVE_STDARG_H 1
| #define HAVE_INTTYPES_H 1
| #define HAVE_STDINT_H 1
| #define HAVE_STDDEF_H 1
| #define HAVE_POLL_H 1
| #define HAVE_UNISTD_H 1
| #define HAVE_SYS_EPOLL_H 1
| #define HAVE_SYS_TIME_H 1
| #define HAVE_SYS_QUEUE_H 1
| #define HAVE_SYS_PARAM_H 1
| #define HAVE_SYS_IOCTL_H 1
| #define HAVE_SYS_SELECT_H 1
| #define HAVE_NETINET_IN_H 1
| #define HAVE_SYS_SOCKET_H 1
| #define HAVE_SYS_UIO_H 1
| #define HAVE_ARPA_INET_H 1
| #define HAVE_SYS_EVENTFD_H 1
| #define HAVE_SYS_MMAN_H 1
| #define HAVE_SYS_SENDFILE_H 1
| #define HAVE_SYS_WAIT_H 1
| #define HAVE_NETDB_H 1
| #define HAVE_SYS_STAT_H 1
| #define HAVE_TAILQFOREACH 1
| #define HAVE_TIMERADD 1
| #define HAVE_TIMERCMP 1
| #define HAVE_TIMERCLEAR 1
| #define HAVE_TIMERISSET 1
| #define TIME_WITH_SYS_TIME 1
| #define HAVE_GETTIMEOFDAY 1
| #define HAVE_VASPRINTF 1
| #define HAVE_FCNTL 1
| #define HAVE_CLOCK_GETTIME 1
| #define HAVE_STRTOK_R 1
| #define HAVE_STRSEP 1
| #define HAVE_GETNAMEINFO 1
| #define HAVE_STRLCPY 1
| #define HAVE_INET_NTOP 1
| #define HAVE_INET_PTON 1
| #define HAVE_SIGNAL 1
| #define HAVE_SIGACTION 1
| #define HAVE_STRTOLL 1
| #define HAVE_INET_ATON 1
| #define HAVE_PIPE 1
| #define HAVE_EVENTFD 1
| #define HAVE_SENDFILE 1
| #define HAVE_MMAP 1
| #define HAVE_SPLICE 1
| #define HAVE_ISSETUGID 1
| #define HAVE_GETEUID 1
| #define HAVE_GETEGID 1
| #define HAVE_GETPROTOBYNUMBER 1
| #define HAVE_SETENV 1
| #define HAVE_UNSETENV 1
| #define HAVE_PUTENV 1
| #define HAVE_UMASK 1
| #define HAVE_GETADDRINFO 1
| #define SIZEOF_LONG 4
| #define HAVE_SETFD 1
| #define HAVE_SELECT 1
| #define HAVE_POLL 1
| #define HAVE_EPOLL_CTL 1
| #define HAVE_EPOLL 1
| #define HAVE_UINT64_T 1
| #define HAVE_UINT32_T 1
| #define HAVE_UINT16_T 1
| #define HAVE_UINT8_T 1
| #define HAVE_UINTPTR_T 1
| #define HAVE_FD_MASK 1
| #define SIZEOF_LONG_LONG 8
| #define SIZEOF_LONG 4
| /* end confdefs.h.  */
| #include <stdio.h>
| #ifdef HAVE_SYS_TYPES_H
| # include <sys/types.h>
| #endif
| #ifdef HAVE_SYS_STAT_H
| # include <sys/stat.h>
| #endif
| #ifdef STDC_HEADERS
| # include <stdlib.h>
| # include <stddef.h>
| #else
| # ifdef HAVE_STDLIB_H
| #  include <stdlib.h>
| # endif
| #endif
| #ifdef HAVE_STRING_H
| # if !defined STDC_HEADERS && defined HAVE_MEMORY_H
| #  include <memory.h>
| # endif
| # include <string.h>
| #endif
| #ifdef HAVE_STRINGS_H
| # include <strings.h>
| #endif
| #ifdef HAVE_INTTYPES_H
| # include <inttypes.h>
| #endif
| #ifdef HAVE_STDINT_H
| # include <stdint.h>
| #endif
| #ifdef HAVE_UNISTD_H
| # include <unistd.h>
| #endif
| int
| main ()
| {
| static int test_array [1 - 2 * !(((long int) (sizeof (int))) <= 1)];
| test_array [0] = 0;
| return test_array [0];
| 
|   ;
|   return 0;
| }
configure:14478: /opt/lede-toolchain-ramips-mt7621_gcc-5.4.0_musl-1.1.24.Linux-x86_64/toolchain-mipsel_24kc_gcc-5.4.0_musl-1.1.24/bin/mipsel-openwrt-linux-musl-gcc -c -DRTAX53U -DRTAX53U -DRTAX53U -DMUSL_LIBC -DRTAX53U -DBCM_EVENTD -DEXT_ACS -D__CONFIG_EMF__ -D__CONFIG_WPS__ -Os -Wall -DLINUX26 -DCONFIG_RALINK -DMUSL_LIBC -DDEBUG_NOISY -DDEBUG_RCTEST -D_GNU_SOURCE -D__UAPI_DEF_ETHHDR -DRALINK_DBDC_MODE -pipe -funit-at-a-time -Wno-pointer-sign -mtune=mips32 -mips32 -DLINUX_KERNEL_VERSION=263366 --sysroot=/opt/lede-toolchain-ramips-mt7621_gcc-5.4.0_musl-1.1.24.Linux-x86_64/toolchain-mipsel_24kc_gcc-5.4.0_musl-1.1.24  -I/repo/Pass_GPL/asuswrt/release/src-ra-openwrt-4210/router/mipsel-musl/stage/usr/include -Wall -fno-strict-aliasing  conftest.c >&5
conftest.c: In function 'main':
conftest.c:135:12: error: size of array 'test_array' is negative
 static int test_array [1 - 2 * !(((long int) (sizeof (int))) <= 3)];
            ^
configure:14478: $? = 1
configure: failed program was:
| /* confdefs.h */
| #define PACKAGE_NAME ""
| #define PACKAGE_TARNAME ""
| #define PACKAGE_VERSION ""
| #define PACKAGE_STRING ""
| #define PACKAGE_BUGREPORT ""
| #define PACKAGE_URL ""
| #define PACKAGE "libevent"
| #define VERSION "2.0.21-stable"
| #define NUMERIC_VERSION 0x02001500
| #define STDC_HEADERS 1
| #define HAVE_SYS_TYPES_H 1
| #define HAVE_SYS_STAT_H 1
| #define HAVE_STDLIB_H 1
| #define HAVE_STRING_H 1
| #define HAVE_MEMORY_H 1
| #define HAVE_STRINGS_H 1
| #define HAVE_INTTYPES_H 1
| #define HAVE_STDINT_H 1
| #define HAVE_UNISTD_H 1
| #define HAVE_DLFCN_H 1
| #define LT_OBJDIR ".libs/"
| #define HAVE_ZLIB_H 1
| #define HAVE_LIBZ 1
| #define HAVE_OPENSSL_BIO_H 1
| #define STDC_HEADERS 1
| #define HAVE_FCNTL_H 1
| #define HAVE_STDARG_H 1
| #define HAVE_INTTYPES_H 1
| #define HAVE_STDINT_H 1
| #define HAVE_STDDEF_H 1
| #define HAVE_POLL_H 1
| #define HAVE_UNISTD_H 1
| #define HAVE_SYS_EPOLL_H 1
| #define HAVE_SYS_TIME_H 1
| #define HAVE_SYS_QUEUE_H 1
| #define HAVE_SYS_PARAM_H 1
| #define HAVE_SYS_IOCTL_H 1
| #define HAVE_SYS_SELECT_H 1
| #define HAVE_NETINET_IN_H 1
| #define HAVE_SYS_SOCKET_H 1
| #define HAVE_SYS_UIO_H 1
| #define HAVE_ARPA_INET_H 1
| #define HAVE_SYS_EVENTFD_H 1
| #define HAVE_SYS_MMAN_H 1
| #define HAVE_SYS_SENDFILE_H 1
| #define HAVE_SYS_WAIT_H 1
| #define HAVE_NETDB_H 1
| #define HAVE_SYS_STAT_H 1
| #define HAVE_TAILQFOREACH 1
| #define HAVE_TIMERADD 1
| #define HAVE_TIMERCMP 1
| #define HAVE_TIMERCLEAR 1
| #define HAVE_TIMERISSET 1
| #define TIME_WITH_SYS_TIME 1
| #define HAVE_GETTIMEOFDAY 1
| #define HAVE_VASPRINTF 1
| #define HAVE_FCNTL 1
| #define HAVE_CLOCK_GETTIME 1
| #define HAVE_STRTOK_R 1
| #define HAVE_STRSEP 1
| #define HAVE_GETNAMEINFO 1
| #define HAVE_STRLCPY 1
| #define HAVE_INET_NTOP 1
| #define HAVE_INET_PTON 1
| #define HAVE_SIGNAL 1
| #define HAVE_SIGACTION 1
| #define HAVE_STRTOLL 1
| #define HAVE_INET_ATON 1
| #define HAVE_PIPE 1
| #define HAVE_EVENTFD 1
| #define HAVE_SENDFILE 1
| #define HAVE_MMAP 1
| #define HAVE_SPLICE 1
| #define HAVE_ISSETUGID 1
| #define HAVE_GETEUID 1
| #define HAVE_GETEGID 1
| #define HAVE_GETPROTOBYNUMBER 1
| #define HAVE_SETENV 1
| #define HAVE_UNSETENV 1
| #define HAVE_PUTENV 1
| #define HAVE_UMASK 1
| #define HAVE_GETADDRINFO 1
| #define SIZEOF_LONG 4
| #define HAVE_SETFD 1
| #define HAVE_SELECT 1
| #define HAVE_POLL 1
| #define HAVE_EPOLL_CTL 1
| #define HAVE_EPOLL 1
| #define HAVE_UINT64_T 1
| #define HAVE_UINT32_T 1
| #define HAVE_UINT16_T 1
| #define HAVE_UINT8_T 1
| #define HAVE_UINTPTR_T 1
| #define HAVE_FD_MASK 1
| #define SIZEOF_LONG_LONG 8
| #define SIZEOF_LONG 4
| /* end confdefs.h.  */
| #include <stdio.h>
| #ifdef HAVE_SYS_TYPES_H
| # include <sys/types.h>
| #endif
| #ifdef HAVE_SYS_STAT_H
| # include <sys/stat.h>
| #endif
| #ifdef STDC_HEADERS
| # include <stdlib.h>
| # include <stddef.h>
| #else
| # ifdef HAVE_STDLIB_H
| #  include <stdlib.h>
| # endif
| #endif
| #ifdef HAVE_STRING_H
| # if !defined STDC_HEADERS && defined HAVE_MEMORY_H
| #  include <memory.h>
| # endif
| # include <string.h>
| #endif
| #ifdef HAVE_STRINGS_H
| # include <strings.h>
| #endif
| #ifdef HAVE_INTTYPES_H
| # include <inttypes.h>
| #endif
| #ifdef HAVE_STDINT_H
| # include <stdint.h>
| #endif
| #ifdef HAVE_UNISTD_H
| # include <unistd.h>
| #endif
| int
| main ()
| {
| static int test_array [1 - 2 * !(((long int) (sizeof (int))) <= 3)];
| test_array [0] = 0;
| return test_array [0];
| 
|   ;
|   return 0;
| }
configure:14478: /opt/lede-toolchain-ramips-mt7621_gcc-5.4.0_musl-1.1.24.Linux-x86_64/toolchain-mipsel_24kc_gcc-5.4.0_musl-1.1.24/bin/mipsel-openwrt-linux-musl-gcc -c -DRTAX53U -DRTAX53U -DRTAX53U -DMUSL_LIBC -DRTAX53U -DBCM_EVENTD -DEXT_ACS -D__CONFIG_EMF__ -D__CONFIG_WPS__ -Os -Wall -DLINUX26 -DCONFIG_RALINK -DMUSL_LIBC -DDEBUG_NOISY -DDEBUG_RCTEST -D_GNU_SOURCE -D__UAPI_DEF_ETHHDR -DRALINK_DBDC_MODE -pipe -funit-at-a-time -Wno-pointer-sign -mtune=mips32 -mips32 -DLINUX_KERNEL_VERSION=263366 --sysroot=/opt/lede-toolchain-ramips-mt7621_gcc-5.4.0_musl-1.1.24.Linux-x86_64/toolchain-mipsel_24kc_gcc-5.4.0_musl-1.1.24  -I/repo/Pass_GPL/asuswrt/release/src-ra-openwrt-4210/router/mipsel-musl/stage/usr/include -Wall -fno-strict-aliasing  conftest.c >&5
configure:14478: $? = 0
configure:14478: /opt/lede-toolchain-ramips-mt7621_gcc-5.4.0_musl-1.1.24.Linux-x86_64/toolchain-mipsel_24kc_gcc-5.4.0_musl-1.1.24/bin/mipsel-openwrt-linux-musl-gcc -c -DRTAX53U -DRTAX53U -DRTAX53U -DMUSL_LIBC -DRTAX53U -DBCM_EVENTD -DEXT_ACS -D__CONFIG_EMF__ -D__CONFIG_WPS__ -Os -Wall -DLINUX26 -DCONFIG_RALINK -DMUSL_LIBC -DDEBUG_NOISY -DDEBUG_RCTEST -D_GNU_SOURCE -D__UAPI_DEF_ETHHDR -DRALINK_DBDC_MODE -pipe -funit-at-a-time -Wno-pointer-sign -mtune=mips32 -mips32 -DLINUX_KERNEL_VERSION=263366 --sysroot=/opt/lede-toolchain-ramips-mt7621_gcc-5.4.0_musl-1.1.24.Linux-x86_64/toolchain-mipsel_24kc_gcc-5.4.0_musl-1.1.24  -I/repo/Pass_GPL/asuswrt/release/src-ra-openwrt-4210/router/mipsel-musl/stage/usr/include -Wall -fno-strict-aliasing  conftest.c >&5
configure:14478: $? = 0
configure:14478: /opt/lede-toolchain-ramips-mt7621_gcc-5.4.0_musl-1.1.24.Linux-x86_64/toolchain-mipsel_24kc_gcc-5.4.0_musl-1.1.24/bin/mipsel-openwrt-linux-musl-gcc -c -DRTAX53U -DRTAX53U -DRTAX53U -DMUSL_LIBC -DRTAX53U -DBCM_EVENTD -DEXT_ACS -D__CONFIG_EMF__ -D__CONFIG_WPS__ -Os -Wall -DLINUX26 -DCONFIG_RALINK -DMUSL_LIBC -DDEBUG_NOISY -DDEBUG_RCTEST -D_GNU_SOURCE -D__UAPI_DEF_ETHHDR -DRALINK_DBDC_MODE -pipe -funit-at-a-time -Wno-pointer-sign -mtune=mips32 -mips32 -DLINUX_KERNEL_VERSION=263366 --sysroot=/opt/lede-toolchain-ramips-mt7621_gcc-5.4.0_musl-1.1.24.Linux-x86_64/toolchain-mipsel_24kc_gcc-5.4.0_musl-1.1.24  -I/repo/Pass_GPL/asuswrt/release/src-ra-openwrt-4210/router/mipsel-musl/stage/usr/include -Wall -fno-strict-aliasing  conftest.c >&5
configure:14478: $? = 0
configure:14492: result: 4
configure:14506: checking size of short
configure:14511: /opt/lede-toolchain-ramips-mt7621_gcc-5.4.0_musl-1.1.24.Linux-x86_64/toolchain-mipsel_24kc_gcc-5.4.0_musl-1.1.24/bin/mipsel-openwrt-linux-musl-gcc -c -DRTAX53U -DRTAX53U -DRTAX53U -DMUSL_LIBC -DRTAX53U -DBCM_EVENTD -DEXT_ACS -D__CONFIG_EMF__ -D__CONFIG_WPS__ -Os -Wall -DLINUX26 -DCONFIG_RALINK -DMUSL_LIBC -DDEBUG_NOISY -DDEBUG_RCTEST -D_GNU_SOURCE -D__UAPI_DEF_ETHHDR -DRALINK_DBDC_MODE -pipe -funit-at-a-time -Wno-pointer-sign -mtune=mips32 -mips32 -DLINUX_KERNEL_VERSION=263366 --sysroot=/opt/lede-toolchain-ramips-mt7621_gcc-5.4.0_musl-1.1.24.Linux-x86_64/toolchain-mipsel_24kc_gcc-5.4.0_musl-1.1.24  -I/repo/Pass_GPL/asuswrt/release/src-ra-openwrt-4210/router/mipsel-musl/stage/usr/include -Wall -fno-strict-aliasing  conftest.c >&5
configure:14511: $? = 0
configure:14511: /opt/lede-toolchain-ramips-mt7621_gcc-5.4.0_musl-1.1.24.Linux-x86_64/toolchain-mipsel_24kc_gcc-5.4.0_musl-1.1.24/bin/mipsel-openwrt-linux-musl-gcc -c -DRTAX53U -DRTAX53U -DRTAX53U -DMUSL_LIBC -DRTAX53U -DBCM_EVENTD -DEXT_ACS -D__CONFIG_EMF__ -D__CONFIG_WPS__ -Os -Wall -DLINUX26 -DCONFIG_RALINK -DMUSL_LIBC -DDEBUG_NOISY -DDEBUG_RCTEST -D_GNU_SOURCE -D__UAPI_DEF_ETHHDR -DRALINK_DBDC_MODE -pipe -funit-at-a-time -Wno-pointer-sign -mtune=mips32 -mips32 -DLINUX_KERNEL_VERSION=263366 --sysroot=/opt/lede-toolchain-ramips-mt7621_gcc-5.4.0_musl-1.1.24.Linux-x86_64/toolchain-mipsel_24kc_gcc-5.4.0_musl-1.1.24  -I/repo/Pass_GPL/asuswrt/release/src-ra-openwrt-4210/router/mipsel-musl/stage/usr/include -Wall -fno-strict-aliasing  conftest.c >&5
conftest.c: In function 'main':
conftest.c:136:12: error: size of array 'test_array' is negative
 static int test_array [1 - 2 * !(((long int) (sizeof (short))) <= 0)];
            ^
configure:14511: $? = 1
configure: failed program was:
| /* confdefs.h */
| #define PACKAGE_NAME ""
| #define PACKAGE_TARNAME ""
| #define PACKAGE_VERSION ""
| #define PACKAGE_STRING ""
| #define PACKAGE_BUGREPORT ""
| #define PACKAGE_URL ""
| #define PACKAGE "libevent"
| #define VERSION "2.0.21-stable"
| #define NUMERIC_VERSION 0x02001500
| #define STDC_HEADERS 1
| #define HAVE_SYS_TYPES_H 1
| #define HAVE_SYS_STAT_H 1
| #define HAVE_STDLIB_H 1
| #define HAVE_STRING_H 1
| #define HAVE_MEMORY_H 1
| #define HAVE_STRINGS_H 1
| #define HAVE_INTTYPES_H 1
| #define HAVE_STDINT_H 1
| #define HAVE_UNISTD_H 1
| #define HAVE_DLFCN_H 1
| #define LT_OBJDIR ".libs/"
| #define HAVE_ZLIB_H 1
| #define HAVE_LIBZ 1
| #define HAVE_OPENSSL_BIO_H 1
| #define STDC_HEADERS 1
| #define HAVE_FCNTL_H 1
| #define HAVE_STDARG_H 1
| #define HAVE_INTTYPES_H 1
| #define HAVE_STDINT_H 1
| #define HAVE_STDDEF_H 1
| #define HAVE_POLL_H 1
| #define HAVE_UNISTD_H 1
| #define HAVE_SYS_EPOLL_H 1
| #define HAVE_SYS_TIME_H 1
| #define HAVE_SYS_QUEUE_H 1
| #define HAVE_SYS_PARAM_H 1
| #define HAVE_SYS_IOCTL_H 1
| #define HAVE_SYS_SELECT_H 1
| #define HAVE_NETINET_IN_H 1
| #define HAVE_SYS_SOCKET_H 1
| #define HAVE_SYS_UIO_H 1
| #define HAVE_ARPA_INET_H 1
| #define HAVE_SYS_EVENTFD_H 1
| #define HAVE_SYS_MMAN_H 1
| #define HAVE_SYS_SENDFILE_H 1
| #define HAVE_SYS_WAIT_H 1
| #define HAVE_NETDB_H 1
| #define HAVE_SYS_STAT_H 1
| #define HAVE_TAILQFOREACH 1
| #define HAVE_TIMERADD 1
| #define HAVE_TIMERCMP 1
| #define HAVE_TIMERCLEAR 1
| #define HAVE_TIMERISSET 1
| #define TIME_WITH_SYS_TIME 1
| #define HAVE_GETTIMEOFDAY 1
| #define HAVE_VASPRINTF 1
| #define HAVE_FCNTL 1
| #define HAVE_CLOCK_GETTIME 1
| #define HAVE_STRTOK_R 1
| #define HAVE_STRSEP 1
| #define HAVE_GETNAMEINFO 1
| #define HAVE_STRLCPY 1
| #define HAVE_INET_NTOP 1
| #define HAVE_INET_PTON 1
| #define HAVE_SIGNAL 1
| #define HAVE_SIGACTION 1
| #define HAVE_STRTOLL 1
| #define HAVE_INET_ATON 1
| #define HAVE_PIPE 1
| #define HAVE_EVENTFD 1
| #define HAVE_SENDFILE 1
| #define HAVE_MMAP 1
| #define HAVE_SPLICE 1
| #define HAVE_ISSETUGID 1
| #define HAVE_GETEUID 1
| #define HAVE_GETEGID 1
| #define HAVE_GETPROTOBYNUMBER 1
| #define HAVE_SETENV 1
| #define HAVE_UNSETENV 1
| #define HAVE_PUTENV 1
| #define HAVE_UMASK 1
| #define HAVE_GETADDRINFO 1
| #define SIZEOF_LONG 4
| #define HAVE_SETFD 1
| #define HAVE_SELECT 1
| #define HAVE_POLL 1
| #define HAVE_EPOLL_CTL 1
| #define HAVE_EPOLL 1
| #define HAVE_UINT64_T 1
| #define HAVE_UINT32_T 1
| #define HAVE_UINT16_T 1
| #define HAVE_UINT8_T 1
| #define HAVE_UINTPTR_T 1
| #define HAVE_FD_MASK 1
| #define SIZEOF_LONG_LONG 8
| #define SIZEOF_LONG 4
| #define SIZEOF_INT 4
| /* end confdefs.h.  */
| #include <stdio.h>
| #ifdef HAVE_SYS_TYPES_H
| # include <sys/types.h>
| #endif
| #ifdef HAVE_SYS_STAT_H
| # include <sys/stat.h>
| #endif
| #ifdef STDC_HEADERS
| # include <stdlib.h>
| # include <stddef.h>
| #else
| # ifdef HAVE_STDLIB_H
| #  include <stdlib.h>
| # endif
| #endif
| #ifdef HAVE_STRING_H
| # if !defined STDC_HEADERS && defined HAVE_MEMORY_H
| #  include <memory.h>
| # endif
| # include <string.h>
| #endif
| #ifdef HAVE_STRINGS_H
| # include <strings.h>
| #endif
| #ifdef HAVE_INTTYPES_H
| # include <inttypes.h>
| #endif
| #ifdef HAVE_STDINT_H
| # include <stdint.h>
| #endif
| #ifdef HAVE_UNISTD_H
| # include <unistd.h>
| #endif
| int
| main ()
| {
| static int test_array [1 - 2 * !(((long int) (sizeof (short))) <= 0)];
| test_array [0] = 0;
| return test_array [0];
| 
|   ;
|   return 0;
| }
configure:14511: /opt/lede-toolchain-ramips-mt7621_gcc-5.4.0_musl-1.1.24.Linux-x86_64/toolchain-mipsel_24kc_gcc-5.4.0_musl-1.1.24/bin/mipsel-openwrt-linux-musl-gcc -c -DRTAX53U -DRTAX53U -DRTAX53U -DMUSL_LIBC -DRTAX53U -DBCM_EVENTD -DEXT_ACS -D__CONFIG_EMF__ -D__CONFIG_WPS__ -Os -Wall -DLINUX26 -DCONFIG_RALINK -DMUSL_LIBC -DDEBUG_NOISY -DDEBUG_RCTEST -D_GNU_SOURCE -D__UAPI_DEF_ETHHDR -DRALINK_DBDC_MODE -pipe -funit-at-a-time -Wno-pointer-sign -mtune=mips32 -mips32 -DLINUX_KERNEL_VERSION=263366 --sysroot=/opt/lede-toolchain-ramips-mt7621_gcc-5.4.0_musl-1.1.24.Linux-x86_64/toolchain-mipsel_24kc_gcc-5.4.0_musl-1.1.24  -I/repo/Pass_GPL/asuswrt/release/src-ra-openwrt-4210/router/mipsel-musl/stage/usr/include -Wall -fno-strict-aliasing  conftest.c >&5
conftest.c: In function 'main':
conftest.c:136:12: error: size of array 'test_array' is negative
 static int test_array [1 - 2 * !(((long int) (sizeof (short))) <= 1)];
            ^
configure:14511: $? = 1
configure: failed program was:
| /* confdefs.h */
| #define PACKAGE_NAME ""
| #define PACKAGE_TARNAME ""
| #define PACKAGE_VERSION ""
| #define PACKAGE_STRING ""
| #define PACKAGE_BUGREPORT ""
| #define PACKAGE_URL ""
| #define PACKAGE "libevent"
| #define VERSION "2.0.21-stable"
| #define NUMERIC_VERSION 0x02001500
| #define STDC_HEADERS 1
| #define HAVE_SYS_TYPES_H 1
| #define HAVE_SYS_STAT_H 1
| #define HAVE_STDLIB_H 1
| #define HAVE_STRING_H 1
| #define HAVE_MEMORY_H 1
| #define HAVE_STRINGS_H 1
| #define HAVE_INTTYPES_H 1
| #define HAVE_STDINT_H 1
| #define HAVE_UNISTD_H 1
| #define HAVE_DLFCN_H 1
| #define LT_OBJDIR ".libs/"
| #define HAVE_ZLIB_H 1
| #define HAVE_LIBZ 1
| #define HAVE_OPENSSL_BIO_H 1
| #define STDC_HEADERS 1
| #define HAVE_FCNTL_H 1
| #define HAVE_STDARG_H 1
| #define HAVE_INTTYPES_H 1
| #define HAVE_STDINT_H 1
| #define HAVE_STDDEF_H 1
| #define HAVE_POLL_H 1
| #define HAVE_UNISTD_H 1
| #define HAVE_SYS_EPOLL_H 1
| #define HAVE_SYS_TIME_H 1
| #define HAVE_SYS_QUEUE_H 1
| #define HAVE_SYS_PARAM_H 1
| #define HAVE_SYS_IOCTL_H 1
| #define HAVE_SYS_SELECT_H 1
| #define HAVE_NETINET_IN_H 1
| #define HAVE_SYS_SOCKET_H 1
| #define HAVE_SYS_UIO_H 1
| #define HAVE_ARPA_INET_H 1
| #define HAVE_SYS_EVENTFD_H 1
| #define HAVE_SYS_MMAN_H 1
| #define HAVE_SYS_SENDFILE_H 1
| #define HAVE_SYS_WAIT_H 1
| #define HAVE_NETDB_H 1
| #define HAVE_SYS_STAT_H 1
| #define HAVE_TAILQFOREACH 1
| #define HAVE_TIMERADD 1
| #define HAVE_TIMERCMP 1
| #define HAVE_TIMERCLEAR 1
| #define HAVE_TIMERISSET 1
| #define TIME_WITH_SYS_TIME 1
| #define HAVE_GETTIMEOFDAY 1
| #define HAVE_VASPRINTF 1
| #define HAVE_FCNTL 1
| #define HAVE_CLOCK_GETTIME 1
| #define HAVE_STRTOK_R 1
| #define HAVE_STRSEP 1
| #define HAVE_GETNAMEINFO 1
| #define HAVE_STRLCPY 1
| #define HAVE_INET_NTOP 1
| #define HAVE_INET_PTON 1
| #define HAVE_SIGNAL 1
| #define HAVE_SIGACTION 1
| #define HAVE_STRTOLL 1
| #define HAVE_INET_ATON 1
| #define HAVE_PIPE 1
| #define HAVE_EVENTFD 1
| #define HAVE_SENDFILE 1
| #define HAVE_MMAP 1
| #define HAVE_SPLICE 1
| #define HAVE_ISSETUGID 1
| #define HAVE_GETEUID 1
| #define HAVE_GETEGID 1
| #define HAVE_GETPROTOBYNUMBER 1
| #define HAVE_SETENV 1
| #define HAVE_UNSETENV 1
| #define HAVE_PUTENV 1
| #define HAVE_UMASK 1
| #define HAVE_GETADDRINFO 1
| #define SIZEOF_LONG 4
| #define HAVE_SETFD 1
| #define HAVE_SELECT 1
| #define HAVE_POLL 1
| #define HAVE_EPOLL_CTL 1
| #define HAVE_EPOLL 1
| #define HAVE_UINT64_T 1
| #define HAVE_UINT32_T 1
| #define HAVE_UINT16_T 1
| #define HAVE_UINT8_T 1
| #define HAVE_UINTPTR_T 1
| #define HAVE_FD_MASK 1
| #define SIZEOF_LONG_LONG 8
| #define SIZEOF_LONG 4
| #define SIZEOF_INT 4
| /* end confdefs.h.  */
| #include <stdio.h>
| #ifdef HAVE_SYS_TYPES_H
| # include <sys/types.h>
| #endif
| #ifdef HAVE_SYS_STAT_H
| # include <sys/stat.h>
| #endif
| #ifdef STDC_HEADERS
| # include <stdlib.h>
| # include <stddef.h>
| #else
| # ifdef HAVE_STDLIB_H
| #  include <stdlib.h>
| # endif
| #endif
| #ifdef HAVE_STRING_H
| # if !defined STDC_HEADERS && defined HAVE_MEMORY_H
| #  include <memory.h>
| # endif
| # include <string.h>
| #endif
| #ifdef HAVE_STRINGS_H
| # include <strings.h>
| #endif
| #ifdef HAVE_INTTYPES_H
| # include <inttypes.h>
| #endif
| #ifdef HAVE_STDINT_H
| # include <stdint.h>
| #endif
| #ifdef HAVE_UNISTD_H
| # include <unistd.h>
| #endif
| int
| main ()
| {
| static int test_array [1 - 2 * !(((long int) (sizeof (short))) <= 1)];
| test_array [0] = 0;
| return test_array [0];
| 
|   ;
|   return 0;
| }
configure:14511: /opt/lede-toolchain-ramips-mt7621_gcc-5.4.0_musl-1.1.24.Linux-x86_64/toolchain-mipsel_24kc_gcc-5.4.0_musl-1.1.24/bin/mipsel-openwrt-linux-musl-gcc -c -DRTAX53U -DRTAX53U -DRTAX53U -DMUSL_LIBC -DRTAX53U -DBCM_EVENTD -DEXT_ACS -D__CONFIG_EMF__ -D__CONFIG_WPS__ -Os -Wall -DLINUX26 -DCONFIG_RALINK -DMUSL_LIBC -DDEBUG_NOISY -DDEBUG_RCTEST -D_GNU_SOURCE -D__UAPI_DEF_ETHHDR -DRALINK_DBDC_MODE -pipe -funit-at-a-time -Wno-pointer-sign -mtune=mips32 -mips32 -DLINUX_KERNEL_VERSION=263366 --sysroot=/opt/lede-toolchain-ramips-mt7621_gcc-5.4.0_musl-1.1.24.Linux-x86_64/toolchain-mipsel_24kc_gcc-5.4.0_musl-1.1.24  -I/repo/Pass_GPL/asuswrt/release/src-ra-openwrt-4210/router/mipsel-musl/stage/usr/include -Wall -fno-strict-aliasing  conftest.c >&5
configure:14511: $? = 0
configure:14511: /opt/lede-toolchain-ramips-mt7621_gcc-5.4.0_musl-1.1.24.Linux-x86_64/toolchain-mipsel_24kc_gcc-5.4.0_musl-1.1.24/bin/mipsel-openwrt-linux-musl-gcc -c -DRTAX53U -DRTAX53U -DRTAX53U -DMUSL_LIBC -DRTAX53U -DBCM_EVENTD -DEXT_ACS -D__CONFIG_EMF__ -D__CONFIG_WPS__ -Os -Wall -DLINUX26 -DCONFIG_RALINK -DMUSL_LIBC -DDEBUG_NOISY -DDEBUG_RCTEST -D_GNU_SOURCE -D__UAPI_DEF_ETHHDR -DRALINK_DBDC_MODE -pipe -funit-at-a-time -Wno-pointer-sign -mtune=mips32 -mips32 -DLINUX_KERNEL_VERSION=263366 --sysroot=/opt/lede-toolchain-ramips-mt7621_gcc-5.4.0_musl-1.1.24.Linux-x86_64/toolchain-mipsel_24kc_gcc-5.4.0_musl-1.1.24  -I/repo/Pass_GPL/asuswrt/release/src-ra-openwrt-4210/router/mipsel-musl/stage/usr/include -Wall -fno-strict-aliasing  conftest.c >&5
configure:14511: $? = 0
configure:14525: result: 2
configure:14539: checking size of size_t
configure:14544: /opt/lede-toolchain-ramips-mt7621_gcc-5.4.0_musl-1.1.24.Linux-x86_64/toolchain-mipsel_24kc_gcc-5.4.0_musl-1.1.24/bin/mipsel-openwrt-linux-musl-gcc -c -DRTAX53U -DRTAX53U -DRTAX53U -DMUSL_LIBC -DRTAX53U -DBCM_EVENTD -DEXT_ACS -D__CONFIG_EMF__ -D__CONFIG_WPS__ -Os -Wall -DLINUX26 -DCONFIG_RALINK -DMUSL_LIBC -DDEBUG_NOISY -DDEBUG_RCTEST -D_GNU_SOURCE -D__UAPI_DEF_ETHHDR -DRALINK_DBDC_MODE -pipe -funit-at-a-time -Wno-pointer-sign -mtune=mips32 -mips32 -DLINUX_KERNEL_VERSION=263366 --sysroot=/opt/lede-toolchain-ramips-mt7621_gcc-5.4.0_musl-1.1.24.Linux-x86_64/toolchain-mipsel_24kc_gcc-5.4.0_musl-1.1.24  -I/repo/Pass_GPL/asuswrt/release/src-ra-openwrt-4210/router/mipsel-musl/stage/usr/include -Wall -fno-strict-aliasing  conftest.c >&5
configure:14544: $? = 0
configure:14544: /opt/lede-toolchain-ramips-mt7621_gcc-5.4.0_musl-1.1.24.Linux-x86_64/toolchain-mipsel_24kc_gcc-5.4.0_musl-1.1.24/bin/mipsel-openwrt-linux-musl-gcc -c -DRTAX53U -DRTAX53U -DRTAX53U -DMUSL_LIBC -DRTAX53U -DBCM_EVENTD -DEXT_ACS -D__CONFIG_EMF__ -D__CONFIG_WPS__ -Os -Wall -DLINUX26 -DCONFIG_RALINK -DMUSL_LIBC -DDEBUG_NOISY -DDEBUG_RCTEST -D_GNU_SOURCE -D__UAPI_DEF_ETHHDR -DRALINK_DBDC_MODE -pipe -funit-at-a-time -Wno-pointer-sign -mtune=mips32 -mips32 -DLINUX_KERNEL_VERSION=263366 --sysroot=/opt/lede-toolchain-ramips-mt7621_gcc-5.4.0_musl-1.1.24.Linux-x86_64/toolchain-mipsel_24kc_gcc-5.4.0_musl-1.1.24  -I/repo/Pass_GPL/asuswrt/release/src-ra-openwrt-4210/router/mipsel-musl/stage/usr/include -Wall -fno-strict-aliasing  conftest.c >&5
conftest.c: In function 'main':
conftest.c:137:12: error: size of array 'test_array' is negative
 static int test_array [1 - 2 * !(((long int) (sizeof (size_t))) <= 0)];
            ^
configure:14544: $? = 1
configure: failed program was:
| /* confdefs.h */
| #define PACKAGE_NAME ""
| #define PACKAGE_TARNAME ""
| #define PACKAGE_VERSION ""
| #define PACKAGE_STRING ""
| #define PACKAGE_BUGREPORT ""
| #define PACKAGE_URL ""
| #define PACKAGE "libevent"
| #define VERSION "2.0.21-stable"
| #define NUMERIC_VERSION 0x02001500
| #define STDC_HEADERS 1
| #define HAVE_SYS_TYPES_H 1
| #define HAVE_SYS_STAT_H 1
| #define HAVE_STDLIB_H 1
| #define HAVE_STRING_H 1
| #define HAVE_MEMORY_H 1
| #define HAVE_STRINGS_H 1
| #define HAVE_INTTYPES_H 1
| #define HAVE_STDINT_H 1
| #define HAVE_UNISTD_H 1
| #define HAVE_DLFCN_H 1
| #define LT_OBJDIR ".libs/"
| #define HAVE_ZLIB_H 1
| #define HAVE_LIBZ 1
| #define HAVE_OPENSSL_BIO_H 1
| #define STDC_HEADERS 1
| #define HAVE_FCNTL_H 1
| #define HAVE_STDARG_H 1
| #define HAVE_INTTYPES_H 1
| #define HAVE_STDINT_H 1
| #define HAVE_STDDEF_H 1
| #define HAVE_POLL_H 1
| #define HAVE_UNISTD_H 1
| #define HAVE_SYS_EPOLL_H 1
| #define HAVE_SYS_TIME_H 1
| #define HAVE_SYS_QUEUE_H 1
| #define HAVE_SYS_PARAM_H 1
| #define HAVE_SYS_IOCTL_H 1
| #define HAVE_SYS_SELECT_H 1
| #define HAVE_NETINET_IN_H 1
| #define HAVE_SYS_SOCKET_H 1
| #define HAVE_SYS_UIO_H 1
| #define HAVE_ARPA_INET_H 1
| #define HAVE_SYS_EVENTFD_H 1
| #define HAVE_SYS_MMAN_H 1
| #define HAVE_SYS_SENDFILE_H 1
| #define HAVE_SYS_WAIT_H 1
| #define HAVE_NETDB_H 1
| #define HAVE_SYS_STAT_H 1
| #define HAVE_TAILQFOREACH 1
| #define HAVE_TIMERADD 1
| #define HAVE_TIMERCMP 1
| #define HAVE_TIMERCLEAR 1
| #define HAVE_TIMERISSET 1
| #define TIME_WITH_SYS_TIME 1
| #define HAVE_GETTIMEOFDAY 1
| #define HAVE_VASPRINTF 1
| #define HAVE_FCNTL 1
| #define HAVE_CLOCK_GETTIME 1
| #define HAVE_STRTOK_R 1
| #define HAVE_STRSEP 1
| #define HAVE_GETNAMEINFO 1
| #define HAVE_STRLCPY 1
| #define HAVE_INET_NTOP 1
| #define HAVE_INET_PTON 1
| #define HAVE_SIGNAL 1
| #define HAVE_SIGACTION 1
| #define HAVE_STRTOLL 1
| #define HAVE_INET_ATON 1
| #define HAVE_PIPE 1
| #define HAVE_EVENTFD 1
| #define HAVE_SENDFILE 1
| #define HAVE_MMAP 1
| #define HAVE_SPLICE 1
| #define HAVE_ISSETUGID 1
| #define HAVE_GETEUID 1
| #define HAVE_GETEGID 1
| #define HAVE_GETPROTOBYNUMBER 1
| #define HAVE_SETENV 1
| #define HAVE_UNSETENV 1
| #define HAVE_PUTENV 1
| #define HAVE_UMASK 1
| #define HAVE_GETADDRINFO 1
| #define SIZEOF_LONG 4
| #define HAVE_SETFD 1
| #define HAVE_SELECT 1
| #define HAVE_POLL 1
| #define HAVE_EPOLL_CTL 1
| #define HAVE_EPOLL 1
| #define HAVE_UINT64_T 1
| #define HAVE_UINT32_T 1
| #define HAVE_UINT16_T 1
| #define HAVE_UINT8_T 1
| #define HAVE_UINTPTR_T 1
| #define HAVE_FD_MASK 1
| #define SIZEOF_LONG_LONG 8
| #define SIZEOF_LONG 4
| #define SIZEOF_INT 4
| #define SIZEOF_SHORT 2
| /* end confdefs.h.  */
| #include <stdio.h>
| #ifdef HAVE_SYS_TYPES_H
| # include <sys/types.h>
| #endif
| #ifdef HAVE_SYS_STAT_H
| # include <sys/stat.h>
| #endif
| #ifdef STDC_HEADERS
| # include <stdlib.h>
| # include <stddef.h>
| #else
| # ifdef HAVE_STDLIB_H
| #  include <stdlib.h>
| # endif
| #endif
| #ifdef HAVE_STRING_H
| # if !defined STDC_HEADERS && defined HAVE_MEMORY_H
| #  include <memory.h>
| # endif
| # include <string.h>
| #endif
| #ifdef HAVE_STRINGS_H
| # include <strings.h>
| #endif
| #ifdef HAVE_INTTYPES_H
| # include <inttypes.h>
| #endif
| #ifdef HAVE_STDINT_H
| # include <stdint.h>
| #endif
| #ifdef HAVE_UNISTD_H
| # include <unistd.h>
| #endif
| int
| main ()
| {
| static int test_array [1 - 2 * !(((long int) (sizeof (size_t))) <= 0)];
| test_array [0] = 0;
| return test_array [0];
| 
|   ;
|   return 0;
| }
configure:14544: /opt/lede-toolchain-ramips-mt7621_gcc-5.4.0_musl-1.1.24.Linux-x86_64/toolchain-mipsel_24kc_gcc-5.4.0_musl-1.1.24/bin/mipsel-openwrt-linux-musl-gcc -c -DRTAX53U -DRTAX53U -DRTAX53U -DMUSL_LIBC -DRTAX53U -DBCM_EVENTD -DEXT_ACS -D__CONFIG_EMF__ -D__CONFIG_WPS__ -Os -Wall -DLINUX26 -DCONFIG_RALINK -DMUSL_LIBC -DDEBUG_NOISY -DDEBUG_RCTEST -D_GNU_SOURCE -D__UAPI_DEF_ETHHDR -DRALINK_DBDC_MODE -pipe -funit-at-a-time -Wno-pointer-sign -mtune=mips32 -mips32 -DLINUX_KERNEL_VERSION=263366 --sysroot=/opt/lede-toolchain-ramips-mt7621_gcc-5.4.0_musl-1.1.24.Linux-x86_64/toolchain-mipsel_24kc_gcc-5.4.0_musl-1.1.24  -I/repo/Pass_GPL/asuswrt/release/src-ra-openwrt-4210/router/mipsel-musl/stage/usr/include -Wall -fno-strict-aliasing  conftest.c >&5
conftest.c: In function 'main':
conftest.c:137:12: error: size of array 'test_array' is negative
 static int test_array [1 - 2 * !(((long int) (sizeof (size_t))) <= 1)];
            ^
configure:14544: $? = 1
configure: failed program was:
| /* confdefs.h */
| #define PACKAGE_NAME ""
| #define PACKAGE_TARNAME ""
| #define PACKAGE_VERSION ""
| #define PACKAGE_STRING ""
| #define PACKAGE_BUGREPORT ""
| #define PACKAGE_URL ""
| #define PACKAGE "libevent"
| #define VERSION "2.0.21-stable"
| #define NUMERIC_VERSION 0x02001500
| #define STDC_HEADERS 1
| #define HAVE_SYS_TYPES_H 1
| #define HAVE_SYS_STAT_H 1
| #define HAVE_STDLIB_H 1
| #define HAVE_STRING_H 1
| #define HAVE_MEMORY_H 1
| #define HAVE_STRINGS_H 1
| #define HAVE_INTTYPES_H 1
| #define HAVE_STDINT_H 1
| #define HAVE_UNISTD_H 1
| #define HAVE_DLFCN_H 1
| #define LT_OBJDIR ".libs/"
| #define HAVE_ZLIB_H 1
| #define HAVE_LIBZ 1
| #define HAVE_OPENSSL_BIO_H 1
| #define STDC_HEADERS 1
| #define HAVE_FCNTL_H 1
| #define HAVE_STDARG_H 1
| #define HAVE_INTTYPES_H 1
| #define HAVE_STDINT_H 1
| #define HAVE_STDDEF_H 1
| #define HAVE_POLL_H 1
| #define HAVE_UNISTD_H 1
| #define HAVE_SYS_EPOLL_H 1
| #define HAVE_SYS_TIME_H 1
| #define HAVE_SYS_QUEUE_H 1
| #define HAVE_SYS_PARAM_H 1
| #define HAVE_SYS_IOCTL_H 1
| #define HAVE_SYS_SELECT_H 1
| #define HAVE_NETINET_IN_H 1
| #define HAVE_SYS_SOCKET_H 1
| #define HAVE_SYS_UIO_H 1
| #define HAVE_ARPA_INET_H 1
| #define HAVE_SYS_EVENTFD_H 1
| #define HAVE_SYS_MMAN_H 1
| #define HAVE_SYS_SENDFILE_H 1
| #define HAVE_SYS_WAIT_H 1
| #define HAVE_NETDB_H 1
| #define HAVE_SYS_STAT_H 1
| #define HAVE_TAILQFOREACH 1
| #define HAVE_TIMERADD 1
| #define HAVE_TIMERCMP 1
| #define HAVE_TIMERCLEAR 1
| #define HAVE_TIMERISSET 1
| #define TIME_WITH_SYS_TIME 1
| #define HAVE_GETTIMEOFDAY 1
| #define HAVE_VASPRINTF 1
| #define HAVE_FCNTL 1
| #define HAVE_CLOCK_GETTIME 1
| #define HAVE_STRTOK_R 1
| #define HAVE_STRSEP 1
| #define HAVE_GETNAMEINFO 1
| #define HAVE_STRLCPY 1
| #define HAVE_INET_NTOP 1
| #define HAVE_INET_PTON 1
| #define HAVE_SIGNAL 1
| #define HAVE_SIGACTION 1
| #define HAVE_STRTOLL 1
| #define HAVE_INET_ATON 1
| #define HAVE_PIPE 1
| #define HAVE_EVENTFD 1
| #define HAVE_SENDFILE 1
| #define HAVE_MMAP 1
| #define HAVE_SPLICE 1
| #define HAVE_ISSETUGID 1
| #define HAVE_GETEUID 1
| #define HAVE_GETEGID 1
| #define HAVE_GETPROTOBYNUMBER 1
| #define HAVE_SETENV 1
| #define HAVE_UNSETENV 1
| #define HAVE_PUTENV 1
| #define HAVE_UMASK 1
| #define HAVE_GETADDRINFO 1
| #define SIZEOF_LONG 4
| #define HAVE_SETFD 1
| #define HAVE_SELECT 1
| #define HAVE_POLL 1
| #define HAVE_EPOLL_CTL 1
| #define HAVE_EPOLL 1
| #define HAVE_UINT64_T 1
| #define HAVE_UINT32_T 1
| #define HAVE_UINT16_T 1
| #define HAVE_UINT8_T 1
| #define HAVE_UINTPTR_T 1
| #define HAVE_FD_MASK 1
| #define SIZEOF_LONG_LONG 8
| #define SIZEOF_LONG 4
| #define SIZEOF_INT 4
| #define SIZEOF_SHORT 2
| /* end confdefs.h.  */
| #include <stdio.h>
| #ifdef HAVE_SYS_TYPES_H
| # include <sys/types.h>
| #endif
| #ifdef HAVE_SYS_STAT_H
| # include <sys/stat.h>
| #endif
| #ifdef STDC_HEADERS
| # include <stdlib.h>
| # include <stddef.h>
| #else
| # ifdef HAVE_STDLIB_H
| #  include <stdlib.h>
| # endif
| #endif
| #ifdef HAVE_STRING_H
| # if !defined STDC_HEADERS && defined HAVE_MEMORY_H
| #  include <memory.h>
| # endif
| # include <string.h>
| #endif
| #ifdef HAVE_STRINGS_H
| # include <strings.h>
| #endif
| #ifdef HAVE_INTTYPES_H
| # include <inttypes.h>
| #endif
| #ifdef HAVE_STDINT_H
| # include <stdint.h>
| #endif
| #ifdef HAVE_UNISTD_H
| # include <unistd.h>
| #endif
| int
| main ()
| {
| static int test_array [1 - 2 * !(((long int) (sizeof (size_t))) <= 1)];
| test_array [0] = 0;
| return test_array [0];
| 
|   ;
|   return 0;
| }
configure:14544: /opt/lede-toolchain-ramips-mt7621_gcc-5.4.0_musl-1.1.24.Linux-x86_64/toolchain-mipsel_24kc_gcc-5.4.0_musl-1.1.24/bin/mipsel-openwrt-linux-musl-gcc -c -DRTAX53U -DRTAX53U -DRTAX53U -DMUSL_LIBC -DRTAX53U -DBCM_EVENTD -DEXT_ACS -D__CONFIG_EMF__ -D__CONFIG_WPS__ -Os -Wall -DLINUX26 -DCONFIG_RALINK -DMUSL_LIBC -DDEBUG_NOISY -DDEBUG_RCTEST -D_GNU_SOURCE -D__UAPI_DEF_ETHHDR -DRALINK_DBDC_MODE -pipe -funit-at-a-time -Wno-pointer-sign -mtune=mips32 -mips32 -DLINUX_KERNEL_VERSION=263366 --sysroot=/opt/lede-toolchain-ramips-mt7621_gcc-5.4.0_musl-1.1.24.Linux-x86_64/toolchain-mipsel_24kc_gcc-5.4.0_musl-1.1.24  -I/repo/Pass_GPL/asuswrt/release/src-ra-openwrt-4210/router/mipsel-musl/stage/usr/include -Wall -fno-strict-aliasing  conftest.c >&5
conftest.c: In function 'main':
conftest.c:137:12: error: size of array 'test_array' is negative
 static int test_array [1 - 2 * !(((long int) (sizeof (size_t))) <= 3)];
            ^
configure:14544: $? = 1
configure: failed program was:
| /* confdefs.h */
| #define PACKAGE_NAME ""
| #define PACKAGE_TARNAME ""
| #define PACKAGE_VERSION ""
| #define PACKAGE_STRING ""
| #define PACKAGE_BUGREPORT ""
| #define PACKAGE_URL ""
| #define PACKAGE "libevent"
| #define VERSION "2.0.21-stable"
| #define NUMERIC_VERSION 0x02001500
| #define STDC_HEADERS 1
| #define HAVE_SYS_TYPES_H 1
| #define HAVE_SYS_STAT_H 1
| #define HAVE_STDLIB_H 1
| #define HAVE_STRING_H 1
| #define HAVE_MEMORY_H 1
| #define HAVE_STRINGS_H 1
| #define HAVE_INTTYPES_H 1
| #define HAVE_STDINT_H 1
| #define HAVE_UNISTD_H 1
| #define HAVE_DLFCN_H 1
| #define LT_OBJDIR ".libs/"
| #define HAVE_ZLIB_H 1
| #define HAVE_LIBZ 1
| #define HAVE_OPENSSL_BIO_H 1
| #define STDC_HEADERS 1
| #define HAVE_FCNTL_H 1
| #define HAVE_STDARG_H 1
| #define HAVE_INTTYPES_H 1
| #define HAVE_STDINT_H 1
| #define HAVE_STDDEF_H 1
| #define HAVE_POLL_H 1
| #define HAVE_UNISTD_H 1
| #define HAVE_SYS_EPOLL_H 1
| #define HAVE_SYS_TIME_H 1
| #define HAVE_SYS_QUEUE_H 1
| #define HAVE_SYS_PARAM_H 1
| #define HAVE_SYS_IOCTL_H 1
| #define HAVE_SYS_SELECT_H 1
| #define HAVE_NETINET_IN_H 1
| #define HAVE_SYS_SOCKET_H 1
| #define HAVE_SYS_UIO_H 1
| #define HAVE_ARPA_INET_H 1
| #define HAVE_SYS_EVENTFD_H 1
| #define HAVE_SYS_MMAN_H 1
| #define HAVE_SYS_SENDFILE_H 1
| #define HAVE_SYS_WAIT_H 1
| #define HAVE_NETDB_H 1
| #define HAVE_SYS_STAT_H 1
| #define HAVE_TAILQFOREACH 1
| #define HAVE_TIMERADD 1
| #define HAVE_TIMERCMP 1
| #define HAVE_TIMERCLEAR 1
| #define HAVE_TIMERISSET 1
| #define TIME_WITH_SYS_TIME 1
| #define HAVE_GETTIMEOFDAY 1
| #define HAVE_VASPRINTF 1
| #define HAVE_FCNTL 1
| #define HAVE_CLOCK_GETTIME 1
| #define HAVE_STRTOK_R 1
| #define HAVE_STRSEP 1
| #define HAVE_GETNAMEINFO 1
| #define HAVE_STRLCPY 1
| #define HAVE_INET_NTOP 1
| #define HAVE_INET_PTON 1
| #define HAVE_SIGNAL 1
| #define HAVE_SIGACTION 1
| #define HAVE_STRTOLL 1
| #define HAVE_INET_ATON 1
| #define HAVE_PIPE 1
| #define HAVE_EVENTFD 1
| #define HAVE_SENDFILE 1
| #define HAVE_MMAP 1
| #define HAVE_SPLICE 1
| #define HAVE_ISSETUGID 1
| #define HAVE_GETEUID 1
| #define HAVE_GETEGID 1
| #define HAVE_GETPROTOBYNUMBER 1
| #define HAVE_SETENV 1
| #define HAVE_UNSETENV 1
| #define HAVE_PUTENV 1
| #define HAVE_UMASK 1
| #define HAVE_GETADDRINFO 1
| #define SIZEOF_LONG 4
| #define HAVE_SETFD 1
| #define HAVE_SELECT 1
| #define HAVE_POLL 1
| #define HAVE_EPOLL_CTL 1
| #define HAVE_EPOLL 1
| #define HAVE_UINT64_T 1
| #define HAVE_UINT32_T 1
| #define HAVE_UINT16_T 1
| #define HAVE_UINT8_T 1
| #define HAVE_UINTPTR_T 1
| #define HAVE_FD_MASK 1
| #define SIZEOF_LONG_LONG 8
| #define SIZEOF_LONG 4
| #define SIZEOF_INT 4
| #define SIZEOF_SHORT 2
| /* end confdefs.h.  */
| #include <stdio.h>
| #ifdef HAVE_SYS_TYPES_H
| # include <sys/types.h>
| #endif
| #ifdef HAVE_SYS_STAT_H
| # include <sys/stat.h>
| #endif
| #ifdef STDC_HEADERS
| # include <stdlib.h>
| # include <stddef.h>
| #else
| # ifdef HAVE_STDLIB_H
| #  include <stdlib.h>
| # endif
| #endif
| #ifdef HAVE_STRING_H
| # if !defined STDC_HEADERS && defined HAVE_MEMORY_H
| #  include <memory.h>
| # endif
| # include <string.h>
| #endif
| #ifdef HAVE_STRINGS_H
| # include <strings.h>
| #endif
| #ifdef HAVE_INTTYPES_H
| # include <inttypes.h>
| #endif
| #ifdef HAVE_STDINT_H
| # include <stdint.h>
| #endif
| #ifdef HAVE_UNISTD_H
| # include <unistd.h>
| #endif
| int
| main ()
| {
| static int test_array [1 - 2 * !(((long int) (sizeof (size_t))) <= 3)];
| test_array [0] = 0;
| return test_array [0];
| 
|   ;
|   return 0;
| }
configure:14544: /opt/lede-toolchain-ramips-mt7621_gcc-5.4.0_musl-1.1.24.Linux-x86_64/toolchain-mipsel_24kc_gcc-5.4.0_musl-1.1.24/bin/mipsel-openwrt-linux-musl-gcc -c -DRTAX53U -DRTAX53U -DRTAX53U -DMUSL_LIBC -DRTAX53U -DBCM_EVENTD -DEXT_ACS -D__CONFIG_EMF__ -D__CONFIG_WPS__ -Os -Wall -DLINUX26 -DCONFIG_RALINK -DMUSL_LIBC -DDEBUG_NOISY -DDEBUG_RCTEST -D_GNU_SOURCE -D__UAPI_DEF_ETHHDR -DRALINK_DBDC_MODE -pipe -funit-at-a-time -Wno-pointer-sign -mtune=mips32 -mips32 -DLINUX_KERNEL_VERSION=263366 --sysroot=/opt/lede-toolchain-ramips-mt7621_gcc-5.4.0_musl-1.1.24.Linux-x86_64/toolchain-mipsel_24kc_gcc-5.4.0_musl-1.1.24  -I/repo/Pass_GPL/asuswrt/release/src-ra-openwrt-4210/router/mipsel-musl/stage/usr/include -Wall -fno-strict-aliasing  conftest.c >&5
configure:14544: $? = 0
configure:14544: /opt/lede-toolchain-ramips-mt7621_gcc-5.4.0_musl-1.1.24.Linux-x86_64/toolchain-mipsel_24kc_gcc-5.4.0_musl-1.1.24/bin/mipsel-openwrt-linux-musl-gcc -c -DRTAX53U -DRTAX53U -DRTAX53U -DMUSL_LIBC -DRTAX53U -DBCM_EVENTD -DEXT_ACS -D__CONFIG_EMF__ -D__CONFIG_WPS__ -Os -Wall -DLINUX26 -DCONFIG_RALINK -DMUSL_LIBC -DDEBUG_NOISY -DDEBUG_RCTEST -D_GNU_SOURCE -D__UAPI_DEF_ETHHDR -DRALINK_DBDC_MODE -pipe -funit-at-a-time -Wno-pointer-sign -mtune=mips32 -mips32 -DLINUX_KERNEL_VERSION=263366 --sysroot=/opt/lede-toolchain-ramips-mt7621_gcc-5.4.0_musl-1.1.24.Linux-x86_64/toolchain-mipsel_24kc_gcc-5.4.0_musl-1.1.24  -I/repo/Pass_GPL/asuswrt/release/src-ra-openwrt-4210/router/mipsel-musl/stage/usr/include -Wall -fno-strict-aliasing  conftest.c >&5
configure:14544: $? = 0
configure:14544: /opt/lede-toolchain-ramips-mt7621_gcc-5.4.0_musl-1.1.24.Linux-x86_64/toolchain-mipsel_24kc_gcc-5.4.0_musl-1.1.24/bin/mipsel-openwrt-linux-musl-gcc -c -DRTAX53U -DRTAX53U -DRTAX53U -DMUSL_LIBC -DRTAX53U -DBCM_EVENTD -DEXT_ACS -D__CONFIG_EMF__ -D__CONFIG_WPS__ -Os -Wall -DLINUX26 -DCONFIG_RALINK -DMUSL_LIBC -DDEBUG_NOISY -DDEBUG_RCTEST -D_GNU_SOURCE -D__UAPI_DEF_ETHHDR -DRALINK_DBDC_MODE -pipe -funit-at-a-time -Wno-pointer-sign -mtune=mips32 -mips32 -DLINUX_KERNEL_VERSION=263366 --sysroot=/opt/lede-toolchain-ramips-mt7621_gcc-5.4.0_musl-1.1.24.Linux-x86_64/toolchain-mipsel_24kc_gcc-5.4.0_musl-1.1.24  -I/repo/Pass_GPL/asuswrt/release/src-ra-openwrt-4210/router/mipsel-musl/stage/usr/include -Wall -fno-strict-aliasing  conftest.c >&5
configure:14544: $? = 0
configure:14558: result: 4
configure:14572: checking size of void *
configure:14577: /opt/lede-toolchain-ramips-mt7621_gcc-5.4.0_musl-1.1.24.Linux-x86_64/toolchain-mipsel_24kc_gcc-5.4.0_musl-1.1.24/bin/mipsel-openwrt-linux-musl-gcc -c -DRTAX53U -DRTAX53U -DRTAX53U -DMUSL_LIBC -DRTAX53U -DBCM_EVENTD -DEXT_ACS -D__CONFIG_EMF__ -D__CONFIG_WPS__ -Os -Wall -DLINUX26 -DCONFIG_RALINK -DMUSL_LIBC -DDEBUG_NOISY -DDEBUG_RCTEST -D_GNU_SOURCE -D__UAPI_DEF_ETHHDR -DRALINK_DBDC_MODE -pipe -funit-at-a-time -Wno-pointer-sign -mtune=mips32 -mips32 -DLINUX_KERNEL_VERSION=263366 --sysroot=/opt/lede-toolchain-ramips-mt7621_gcc-5.4.0_musl-1.1.24.Linux-x86_64/toolchain-mipsel_24kc_gcc-5.4.0_musl-1.1.24  -I/repo/Pass_GPL/asuswrt/release/src-ra-openwrt-4210/router/mipsel-musl/stage/usr/include -Wall -fno-strict-aliasing  conftest.c >&5
configure:14577: $? = 0
configure:14577: /opt/lede-toolchain-ramips-mt7621_gcc-5.4.0_musl-1.1.24.Linux-x86_64/toolchain-mipsel_24kc_gcc-5.4.0_musl-1.1.24/bin/mipsel-openwrt-linux-musl-gcc -c -DRTAX53U -DRTAX53U -DRTAX53U -DMUSL_LIBC -DRTAX53U -DBCM_EVENTD -DEXT_ACS -D__CONFIG_EMF__ -D__CONFIG_WPS__ -Os -Wall -DLINUX26 -DCONFIG_RALINK -DMUSL_LIBC -DDEBUG_NOISY -DDEBUG_RCTEST -D_GNU_SOURCE -D__UAPI_DEF_ETHHDR -DRALINK_DBDC_MODE -pipe -funit-at-a-time -Wno-pointer-sign -mtune=mips32 -mips32 -DLINUX_KERNEL_VERSION=263366 --sysroot=/opt/lede-toolchain-ramips-mt7621_gcc-5.4.0_musl-1.1.24.Linux-x86_64/toolchain-mipsel_24kc_gcc-5.4.0_musl-1.1.24  -I/repo/Pass_GPL/asuswrt/release/src-ra-openwrt-4210/router/mipsel-musl/stage/usr/include -Wall -fno-strict-aliasing  conftest.c >&5
conftest.c: In function 'main':
conftest.c:138:12: error: size of array 'test_array' is negative
 static int test_array [1 - 2 * !(((long int) (sizeof (void *))) <= 0)];
            ^
configure:14577: $? = 1
configure: failed program was:
| /* confdefs.h */
| #define PACKAGE_NAME ""
| #define PACKAGE_TARNAME ""
| #define PACKAGE_VERSION ""
| #define PACKAGE_STRING ""
| #define PACKAGE_BUGREPORT ""
| #define PACKAGE_URL ""
| #define PACKAGE "libevent"
| #define VERSION "2.0.21-stable"
| #define NUMERIC_VERSION 0x02001500
| #define STDC_HEADERS 1
| #define HAVE_SYS_TYPES_H 1
| #define HAVE_SYS_STAT_H 1
| #define HAVE_STDLIB_H 1
| #define HAVE_STRING_H 1
| #define HAVE_MEMORY_H 1
| #define HAVE_STRINGS_H 1
| #define HAVE_INTTYPES_H 1
| #define HAVE_STDINT_H 1
| #define HAVE_UNISTD_H 1
| #define HAVE_DLFCN_H 1
| #define LT_OBJDIR ".libs/"
| #define HAVE_ZLIB_H 1
| #define HAVE_LIBZ 1
| #define HAVE_OPENSSL_BIO_H 1
| #define STDC_HEADERS 1
| #define HAVE_FCNTL_H 1
| #define HAVE_STDARG_H 1
| #define HAVE_INTTYPES_H 1
| #define HAVE_STDINT_H 1
| #define HAVE_STDDEF_H 1
| #define HAVE_POLL_H 1
| #define HAVE_UNISTD_H 1
| #define HAVE_SYS_EPOLL_H 1
| #define HAVE_SYS_TIME_H 1
| #define HAVE_SYS_QUEUE_H 1
| #define HAVE_SYS_PARAM_H 1
| #define HAVE_SYS_IOCTL_H 1
| #define HAVE_SYS_SELECT_H 1
| #define HAVE_NETINET_IN_H 1
| #define HAVE_SYS_SOCKET_H 1
| #define HAVE_SYS_UIO_H 1
| #define HAVE_ARPA_INET_H 1
| #define HAVE_SYS_EVENTFD_H 1
| #define HAVE_SYS_MMAN_H 1
| #define HAVE_SYS_SENDFILE_H 1
| #define HAVE_SYS_WAIT_H 1
| #define HAVE_NETDB_H 1
| #define HAVE_SYS_STAT_H 1
| #define HAVE_TAILQFOREACH 1
| #define HAVE_TIMERADD 1
| #define HAVE_TIMERCMP 1
| #define HAVE_TIMERCLEAR 1
| #define HAVE_TIMERISSET 1
| #define TIME_WITH_SYS_TIME 1
| #define HAVE_GETTIMEOFDAY 1
| #define HAVE_VASPRINTF 1
| #define HAVE_FCNTL 1
| #define HAVE_CLOCK_GETTIME 1
| #define HAVE_STRTOK_R 1
| #define HAVE_STRSEP 1
| #define HAVE_GETNAMEINFO 1
| #define HAVE_STRLCPY 1
| #define HAVE_INET_NTOP 1
| #define HAVE_INET_PTON 1
| #define HAVE_SIGNAL 1
| #define HAVE_SIGACTION 1
| #define HAVE_STRTOLL 1
| #define HAVE_INET_ATON 1
| #define HAVE_PIPE 1
| #define HAVE_EVENTFD 1
| #define HAVE_SENDFILE 1
| #define HAVE_MMAP 1
| #define HAVE_SPLICE 1
| #define HAVE_ISSETUGID 1
| #define HAVE_GETEUID 1
| #define HAVE_GETEGID 1
| #define HAVE_GETPROTOBYNUMBER 1
| #define HAVE_SETENV 1
| #define HAVE_UNSETENV 1
| #define HAVE_PUTENV 1
| #define HAVE_UMASK 1
| #define HAVE_GETADDRINFO 1
| #define SIZEOF_LONG 4
| #define HAVE_SETFD 1
| #define HAVE_SELECT 1
| #define HAVE_POLL 1
| #define HAVE_EPOLL_CTL 1
| #define HAVE_EPOLL 1
| #define HAVE_UINT64_T 1
| #define HAVE_UINT32_T 1
| #define HAVE_UINT16_T 1
| #define HAVE_UINT8_T 1
| #define HAVE_UINTPTR_T 1
| #define HAVE_FD_MASK 1
| #define SIZEOF_LONG_LONG 8
| #define SIZEOF_LONG 4
| #define SIZEOF_INT 4
| #define SIZEOF_SHORT 2
| #define SIZEOF_SIZE_T 4
| /* end confdefs.h.  */
| #include <stdio.h>
| #ifdef HAVE_SYS_TYPES_H
| # include <sys/types.h>
| #endif
| #ifdef HAVE_SYS_STAT_H
| # include <sys/stat.h>
| #endif
| #ifdef STDC_HEADERS
| # include <stdlib.h>
| # include <stddef.h>
| #else
| # ifdef HAVE_STDLIB_H
| #  include <stdlib.h>
| # endif
| #endif
| #ifdef HAVE_STRING_H
| # if !defined STDC_HEADERS && defined HAVE_MEMORY_H
| #  include <memory.h>
| # endif
| # include <string.h>
| #endif
| #ifdef HAVE_STRINGS_H
| # include <strings.h>
| #endif
| #ifdef HAVE_INTTYPES_H
| # include <inttypes.h>
| #endif
| #ifdef HAVE_STDINT_H
| # include <stdint.h>
| #endif
| #ifdef HAVE_UNISTD_H
| # include <unistd.h>
| #endif
| int
| main ()
| {
| static int test_array [1 - 2 * !(((long int) (sizeof (void *))) <= 0)];
| test_array [0] = 0;
| return test_array [0];
| 
|   ;
|   return 0;
| }
configure:14577: /opt/lede-toolchain-ramips-mt7621_gcc-5.4.0_musl-1.1.24.Linux-x86_64/toolchain-mipsel_24kc_gcc-5.4.0_musl-1.1.24/bin/mipsel-openwrt-linux-musl-gcc -c -DRTAX53U -DRTAX53U -DRTAX53U -DMUSL_LIBC -DRTAX53U -DBCM_EVENTD -DEXT_ACS -D__CONFIG_EMF__ -D__CONFIG_WPS__ -Os -Wall -DLINUX26 -DCONFIG_RALINK -DMUSL_LIBC -DDEBUG_NOISY -DDEBUG_RCTEST -D_GNU_SOURCE -D__UAPI_DEF_ETHHDR -DRALINK_DBDC_MODE -pipe -funit-at-a-time -Wno-pointer-sign -mtune=mips32 -mips32 -DLINUX_KERNEL_VERSION=263366 --sysroot=/opt/lede-toolchain-ramips-mt7621_gcc-5.4.0_musl-1.1.24.Linux-x86_64/toolchain-mipsel_24kc_gcc-5.4.0_musl-1.1.24  -I/repo/Pass_GPL/asuswrt/release/src-ra-openwrt-4210/router/mipsel-musl/stage/usr/include -Wall -fno-strict-aliasing  conftest.c >&5
conftest.c: In function 'main':
conftest.c:138:12: error: size of array 'test_array' is negative
 static int test_array [1 - 2 * !(((long int) (sizeof (void *))) <= 1)];
            ^
configure:14577: $? = 1
configure: failed program was:
| /* confdefs.h */
| #define PACKAGE_NAME ""
| #define PACKAGE_TARNAME ""
| #define PACKAGE_VERSION ""
| #define PACKAGE_STRING ""
| #define PACKAGE_BUGREPORT ""
| #define PACKAGE_URL ""
| #define PACKAGE "libevent"
| #define VERSION "2.0.21-stable"
| #define NUMERIC_VERSION 0x02001500
| #define STDC_HEADERS 1
| #define HAVE_SYS_TYPES_H 1
| #define HAVE_SYS_STAT_H 1
| #define HAVE_STDLIB_H 1
| #define HAVE_STRING_H 1
| #define HAVE_MEMORY_H 1
| #define HAVE_STRINGS_H 1
| #define HAVE_INTTYPES_H 1
| #define HAVE_STDINT_H 1
| #define HAVE_UNISTD_H 1
| #define HAVE_DLFCN_H 1
| #define LT_OBJDIR ".libs/"
| #define HAVE_ZLIB_H 1
| #define HAVE_LIBZ 1
| #define HAVE_OPENSSL_BIO_H 1
| #define STDC_HEADERS 1
| #define HAVE_FCNTL_H 1
| #define HAVE_STDARG_H 1
| #define HAVE_INTTYPES_H 1
| #define HAVE_STDINT_H 1
| #define HAVE_STDDEF_H 1
| #define HAVE_POLL_H 1
| #define HAVE_UNISTD_H 1
| #define HAVE_SYS_EPOLL_H 1
| #define HAVE_SYS_TIME_H 1
| #define HAVE_SYS_QUEUE_H 1
| #define HAVE_SYS_PARAM_H 1
| #define HAVE_SYS_IOCTL_H 1
| #define HAVE_SYS_SELECT_H 1
| #define HAVE_NETINET_IN_H 1
| #define HAVE_SYS_SOCKET_H 1
| #define HAVE_SYS_UIO_H 1
| #define HAVE_ARPA_INET_H 1
| #define HAVE_SYS_EVENTFD_H 1
| #define HAVE_SYS_MMAN_H 1
| #define HAVE_SYS_SENDFILE_H 1
| #define HAVE_SYS_WAIT_H 1
| #define HAVE_NETDB_H 1
| #define HAVE_SYS_STAT_H 1
| #define HAVE_TAILQFOREACH 1
| #define HAVE_TIMERADD 1
| #define HAVE_TIMERCMP 1
| #define HAVE_TIMERCLEAR 1
| #define HAVE_TIMERISSET 1
| #define TIME_WITH_SYS_TIME 1
| #define HAVE_GETTIMEOFDAY 1
| #define HAVE_VASPRINTF 1
| #define HAVE_FCNTL 1
| #define HAVE_CLOCK_GETTIME 1
| #define HAVE_STRTOK_R 1
| #define HAVE_STRSEP 1
| #define HAVE_GETNAMEINFO 1
| #define HAVE_STRLCPY 1
| #define HAVE_INET_NTOP 1
| #define HAVE_INET_PTON 1
| #define HAVE_SIGNAL 1
| #define HAVE_SIGACTION 1
| #define HAVE_STRTOLL 1
| #define HAVE_INET_ATON 1
| #define HAVE_PIPE 1
| #define HAVE_EVENTFD 1
| #define HAVE_SENDFILE 1
| #define HAVE_MMAP 1
| #define HAVE_SPLICE 1
| #define HAVE_ISSETUGID 1
| #define HAVE_GETEUID 1
| #define HAVE_GETEGID 1
| #define HAVE_GETPROTOBYNUMBER 1
| #define HAVE_SETENV 1
| #define HAVE_UNSETENV 1
| #define HAVE_PUTENV 1
| #define HAVE_UMASK 1
| #define HAVE_GETADDRINFO 1
| #define SIZEOF_LONG 4
| #define HAVE_SETFD 1
| #define HAVE_SELECT 1
| #define HAVE_POLL 1
| #define HAVE_EPOLL_CTL 1
| #define HAVE_EPOLL 1
| #define HAVE_UINT64_T 1
| #define HAVE_UINT32_T 1
| #define HAVE_UINT16_T 1
| #define HAVE_UINT8_T 1
| #define HAVE_UINTPTR_T 1
| #define HAVE_FD_MASK 1
| #define SIZEOF_LONG_LONG 8
| #define SIZEOF_LONG 4
| #define SIZEOF_INT 4
| #define SIZEOF_SHORT 2
| #define SIZEOF_SIZE_T 4
| /* end confdefs.h.  */
| #include <stdio.h>
| #ifdef HAVE_SYS_TYPES_H
| # include <sys/types.h>
| #endif
| #ifdef HAVE_SYS_STAT_H
| # include <sys/stat.h>
| #endif
| #ifdef STDC_HEADERS
| # include <stdlib.h>
| # include <stddef.h>
| #else
| # ifdef HAVE_STDLIB_H
| #  include <stdlib.h>
| # endif
| #endif
| #ifdef HAVE_STRING_H
| # if !defined STDC_HEADERS && defined HAVE_MEMORY_H
| #  include <memory.h>
| # endif
| # include <string.h>
| #endif
| #ifdef HAVE_STRINGS_H
| # include <strings.h>
| #endif
| #ifdef HAVE_INTTYPES_H
| # include <inttypes.h>
| #endif
| #ifdef HAVE_STDINT_H
| # include <stdint.h>
| #endif
| #ifdef HAVE_UNISTD_H
| # include <unistd.h>
| #endif
| int
| main ()
| {
| static int test_array [1 - 2 * !(((long int) (sizeof (void *))) <= 1)];
| test_array [0] = 0;
| return test_array [0];
| 
|   ;
|   return 0;
| }
configure:14577: /opt/lede-toolchain-ramips-mt7621_gcc-5.4.0_musl-1.1.24.Linux-x86_64/toolchain-mipsel_24kc_gcc-5.4.0_musl-1.1.24/bin/mipsel-openwrt-linux-musl-gcc -c -DRTAX53U -DRTAX53U -DRTAX53U -DMUSL_LIBC -DRTAX53U -DBCM_EVENTD -DEXT_ACS -D__CONFIG_EMF__ -D__CONFIG_WPS__ -Os -Wall -DLINUX26 -DCONFIG_RALINK -DMUSL_LIBC -DDEBUG_NOISY -DDEBUG_RCTEST -D_GNU_SOURCE -D__UAPI_DEF_ETHHDR -DRALINK_DBDC_MODE -pipe -funit-at-a-time -Wno-pointer-sign -mtune=mips32 -mips32 -DLINUX_KERNEL_VERSION=263366 --sysroot=/opt/lede-toolchain-ramips-mt7621_gcc-5.4.0_musl-1.1.24.Linux-x86_64/toolchain-mipsel_24kc_gcc-5.4.0_musl-1.1.24  -I/repo/Pass_GPL/asuswrt/release/src-ra-openwrt-4210/router/mipsel-musl/stage/usr/include -Wall -fno-strict-aliasing  conftest.c >&5
conftest.c: In function 'main':
conftest.c:138:12: error: size of array 'test_array' is negative
 static int test_array [1 - 2 * !(((long int) (sizeof (void *))) <= 3)];
            ^
configure:14577: $? = 1
configure: failed program was:
| /* confdefs.h */
| #define PACKAGE_NAME ""
| #define PACKAGE_TARNAME ""
| #define PACKAGE_VERSION ""
| #define PACKAGE_STRING ""
| #define PACKAGE_BUGREPORT ""
| #define PACKAGE_URL ""
| #define PACKAGE "libevent"
| #define VERSION "2.0.21-stable"
| #define NUMERIC_VERSION 0x02001500
| #define STDC_HEADERS 1
| #define HAVE_SYS_TYPES_H 1
| #define HAVE_SYS_STAT_H 1
| #define HAVE_STDLIB_H 1
| #define HAVE_STRING_H 1
| #define HAVE_MEMORY_H 1
| #define HAVE_STRINGS_H 1
| #define HAVE_INTTYPES_H 1
| #define HAVE_STDINT_H 1
| #define HAVE_UNISTD_H 1
| #define HAVE_DLFCN_H 1
| #define LT_OBJDIR ".libs/"
| #define HAVE_ZLIB_H 1
| #define HAVE_LIBZ 1
| #define HAVE_OPENSSL_BIO_H 1
| #define STDC_HEADERS 1
| #define HAVE_FCNTL_H 1
| #define HAVE_STDARG_H 1
| #define HAVE_INTTYPES_H 1
| #define HAVE_STDINT_H 1
| #define HAVE_STDDEF_H 1
| #define HAVE_POLL_H 1
| #define HAVE_UNISTD_H 1
| #define HAVE_SYS_EPOLL_H 1
| #define HAVE_SYS_TIME_H 1
| #define HAVE_SYS_QUEUE_H 1
| #define HAVE_SYS_PARAM_H 1
| #define HAVE_SYS_IOCTL_H 1
| #define HAVE_SYS_SELECT_H 1
| #define HAVE_NETINET_IN_H 1
| #define HAVE_SYS_SOCKET_H 1
| #define HAVE_SYS_UIO_H 1
| #define HAVE_ARPA_INET_H 1
| #define HAVE_SYS_EVENTFD_H 1
| #define HAVE_SYS_MMAN_H 1
| #define HAVE_SYS_SENDFILE_H 1
| #define HAVE_SYS_WAIT_H 1
| #define HAVE_NETDB_H 1
| #define HAVE_SYS_STAT_H 1
| #define HAVE_TAILQFOREACH 1
| #define HAVE_TIMERADD 1
| #define HAVE_TIMERCMP 1
| #define HAVE_TIMERCLEAR 1
| #define HAVE_TIMERISSET 1
| #define TIME_WITH_SYS_TIME 1
| #define HAVE_GETTIMEOFDAY 1
| #define HAVE_VASPRINTF 1
| #define HAVE_FCNTL 1
| #define HAVE_CLOCK_GETTIME 1
| #define HAVE_STRTOK_R 1
| #define HAVE_STRSEP 1
| #define HAVE_GETNAMEINFO 1
| #define HAVE_STRLCPY 1
| #define HAVE_INET_NTOP 1
| #define HAVE_INET_PTON 1
| #define HAVE_SIGNAL 1
| #define HAVE_SIGACTION 1
| #define HAVE_STRTOLL 1
| #define HAVE_INET_ATON 1
| #define HAVE_PIPE 1
| #define HAVE_EVENTFD 1
| #define HAVE_SENDFILE 1
| #define HAVE_MMAP 1
| #define HAVE_SPLICE 1
| #define HAVE_ISSETUGID 1
| #define HAVE_GETEUID 1
| #define HAVE_GETEGID 1
| #define HAVE_GETPROTOBYNUMBER 1
| #define HAVE_SETENV 1
| #define HAVE_UNSETENV 1
| #define HAVE_PUTENV 1
| #define HAVE_UMASK 1
| #define HAVE_GETADDRINFO 1
| #define SIZEOF_LONG 4
| #define HAVE_SETFD 1
| #define HAVE_SELECT 1
| #define HAVE_POLL 1
| #define HAVE_EPOLL_CTL 1
| #define HAVE_EPOLL 1
| #define HAVE_UINT64_T 1
| #define HAVE_UINT32_T 1
| #define HAVE_UINT16_T 1
| #define HAVE_UINT8_T 1
| #define HAVE_UINTPTR_T 1
| #define HAVE_FD_MASK 1
| #define SIZEOF_LONG_LONG 8
| #define SIZEOF_LONG 4
| #define SIZEOF_INT 4
| #define SIZEOF_SHORT 2
| #define SIZEOF_SIZE_T 4
| /* end confdefs.h.  */
| #include <stdio.h>
| #ifdef HAVE_SYS_TYPES_H
| # include <sys/types.h>
| #endif
| #ifdef HAVE_SYS_STAT_H
| # include <sys/stat.h>
| #endif
| #ifdef STDC_HEADERS
| # include <stdlib.h>
| # include <stddef.h>
| #else
| # ifdef HAVE_STDLIB_H
| #  include <stdlib.h>
| # endif
| #endif
| #ifdef HAVE_STRING_H
| # if !defined STDC_HEADERS && defined HAVE_MEMORY_H
| #  include <memory.h>
| # endif
| # include <string.h>
| #endif
| #ifdef HAVE_STRINGS_H
| # include <strings.h>
| #endif
| #ifdef HAVE_INTTYPES_H
| # include <inttypes.h>
| #endif
| #ifdef HAVE_STDINT_H
| # include <stdint.h>
| #endif
| #ifdef HAVE_UNISTD_H
| # include <unistd.h>
| #endif
| int
| main ()
| {
| static int test_array [1 - 2 * !(((long int) (sizeof (void *))) <= 3)];
| test_array [0] = 0;
| return test_array [0];
| 
|   ;
|   return 0;
| }
configure:14577: /opt/lede-toolchain-ramips-mt7621_gcc-5.4.0_musl-1.1.24.Linux-x86_64/toolchain-mipsel_24kc_gcc-5.4.0_musl-1.1.24/bin/mipsel-openwrt-linux-musl-gcc -c -DRTAX53U -DRTAX53U -DRTAX53U -DMUSL_LIBC -DRTAX53U -DBCM_EVENTD -DEXT_ACS -D__CONFIG_EMF__ -D__CONFIG_WPS__ -Os -Wall -DLINUX26 -DCONFIG_RALINK -DMUSL_LIBC -DDEBUG_NOISY -DDEBUG_RCTEST -D_GNU_SOURCE -D__UAPI_DEF_ETHHDR -DRALINK_DBDC_MODE -pipe -funit-at-a-time -Wno-pointer-sign -mtune=mips32 -mips32 -DLINUX_KERNEL_VERSION=263366 --sysroot=/opt/lede-toolchain-ramips-mt7621_gcc-5.4.0_musl-1.1.24.Linux-x86_64/toolchain-mipsel_24kc_gcc-5.4.0_musl-1.1.24  -I/repo/Pass_GPL/asuswrt/release/src-ra-openwrt-4210/router/mipsel-musl/stage/usr/include -Wall -fno-strict-aliasing  conftest.c >&5
configure:14577: $? = 0
configure:14577: /opt/lede-toolchain-ramips-mt7621_gcc-5.4.0_musl-1.1.24.Linux-x86_64/toolchain-mipsel_24kc_gcc-5.4.0_musl-1.1.24/bin/mipsel-openwrt-linux-musl-gcc -c -DRTAX53U -DRTAX53U -DRTAX53U -DMUSL_LIBC -DRTAX53U -DBCM_EVENTD -DEXT_ACS -D__CONFIG_EMF__ -D__CONFIG_WPS__ -Os -Wall -DLINUX26 -DCONFIG_RALINK -DMUSL_LIBC -DDEBUG_NOISY -DDEBUG_RCTEST -D_GNU_SOURCE -D__UAPI_DEF_ETHHDR -DRALINK_DBDC_MODE -pipe -funit-at-a-time -Wno-pointer-sign -mtune=mips32 -mips32 -DLINUX_KERNEL_VERSION=263366 --sysroot=/opt/lede-toolchain-ramips-mt7621_gcc-5.4.0_musl-1.1.24.Linux-x86_64/toolchain-mipsel_24kc_gcc-5.4.0_musl-1.1.24  -I/repo/Pass_GPL/asuswrt/release/src-ra-openwrt-4210/router/mipsel-musl/stage/usr/include -Wall -fno-strict-aliasing  conftest.c >&5
configure:14577: $? = 0
configure:14577: /opt/lede-toolchain-ramips-mt7621_gcc-5.4.0_musl-1.1.24.Linux-x86_64/toolchain-mipsel_24kc_gcc-5.4.0_musl-1.1.24/bin/mipsel-openwrt-linux-musl-gcc -c -DRTAX53U -DRTAX53U -DRTAX53U -DMUSL_LIBC -DRTAX53U -DBCM_EVENTD -DEXT_ACS -D__CONFIG_EMF__ -D__CONFIG_WPS__ -Os -Wall -DLINUX26 -DCONFIG_RALINK -DMUSL_LIBC -DDEBUG_NOISY -DDEBUG_RCTEST -D_GNU_SOURCE -D__UAPI_DEF_ETHHDR -DRALINK_DBDC_MODE -pipe -funit-at-a-time -Wno-pointer-sign -mtune=mips32 -mips32 -DLINUX_KERNEL_VERSION=263366 --sysroot=/opt/lede-toolchain-ramips-mt7621_gcc-5.4.0_musl-1.1.24.Linux-x86_64/toolchain-mipsel_24kc_gcc-5.4.0_musl-1.1.24  -I/repo/Pass_GPL/asuswrt/release/src-ra-openwrt-4210/router/mipsel-musl/stage/usr/include -Wall -fno-strict-aliasing  conftest.c >&5
configure:14577: $? = 0
configure:14591: result: 4
configure:14602: checking for struct in6_addr
configure:14602: /opt/lede-toolchain-ramips-mt7621_gcc-5.4.0_musl-1.1.24.Linux-x86_64/toolchain-mipsel_24kc_gcc-5.4.0_musl-1.1.24/bin/mipsel-openwrt-linux-musl-gcc -c -DRTAX53U -DRTAX53U -DRTAX53U -DMUSL_LIBC -DRTAX53U -DBCM_EVENTD -DEXT_ACS -D__CONFIG_EMF__ -D__CONFIG_WPS__ -Os -Wall -DLINUX26 -DCONFIG_RALINK -DMUSL_LIBC -DDEBUG_NOISY -DDEBUG_RCTEST -D_GNU_SOURCE -D__UAPI_DEF_ETHHDR -DRALINK_DBDC_MODE -pipe -funit-at-a-time -Wno-pointer-sign -mtune=mips32 -mips32 -DLINUX_KERNEL_VERSION=263366 --sysroot=/opt/lede-toolchain-ramips-mt7621_gcc-5.4.0_musl-1.1.24.Linux-x86_64/toolchain-mipsel_24kc_gcc-5.4.0_musl-1.1.24  -I/repo/Pass_GPL/asuswrt/release/src-ra-openwrt-4210/router/mipsel-musl/stage/usr/include -Wall -fno-strict-aliasing  conftest.c >&5
conftest.c:103:0: warning: "_GNU_SOURCE" redefined
 #define _GNU_SOURCE
 ^
<command-line>:0:0: note: this is the location of the previous definition
configure:14602: $? = 0
configure:14602: /opt/lede-toolchain-ramips-mt7621_gcc-5.4.0_musl-1.1.24.Linux-x86_64/toolchain-mipsel_24kc_gcc-5.4.0_musl-1.1.24/bin/mipsel-openwrt-linux-musl-gcc -c -DRTAX53U -DRTAX53U -DRTAX53U -DMUSL_LIBC -DRTAX53U -DBCM_EVENTD -DEXT_ACS -D__CONFIG_EMF__ -D__CONFIG_WPS__ -Os -Wall -DLINUX26 -DCONFIG_RALINK -DMUSL_LIBC -DDEBUG_NOISY -DDEBUG_RCTEST -D_GNU_SOURCE -D__UAPI_DEF_ETHHDR -DRALINK_DBDC_MODE -pipe -funit-at-a-time -Wno-pointer-sign -mtune=mips32 -mips32 -DLINUX_KERNEL_VERSION=263366 --sysroot=/opt/lede-toolchain-ramips-mt7621_gcc-5.4.0_musl-1.1.24.Linux-x86_64/toolchain-mipsel_24kc_gcc-5.4.0_musl-1.1.24  -I/repo/Pass_GPL/asuswrt/release/src-ra-openwrt-4210/router/mipsel-musl/stage/usr/include -Wall -fno-strict-aliasing  conftest.c >&5
conftest.c:103:0: warning: "_GNU_SOURCE" redefined
 #define _GNU_SOURCE
 ^
<command-line>:0:0: note: this is the location of the previous definition
conftest.c: In function 'main':
conftest.c:133:30: error: expected expression before ')' token
 if (sizeof ((struct in6_addr)))
                              ^
configure:14602: $? = 1
configure: failed program was:
| /* confdefs.h */
| #define PACKAGE_NAME ""
| #define PACKAGE_TARNAME ""
| #define PACKAGE_VERSION ""
| #define PACKAGE_STRING ""
| #define PACKAGE_BUGREPORT ""
| #define PACKAGE_URL ""
| #define PACKAGE "libevent"
| #define VERSION "2.0.21-stable"
| #define NUMERIC_VERSION 0x02001500
| #define STDC_HEADERS 1
| #define HAVE_SYS_TYPES_H 1
| #define HAVE_SYS_STAT_H 1
| #define HAVE_STDLIB_H 1
| #define HAVE_STRING_H 1
| #define HAVE_MEMORY_H 1
| #define HAVE_STRINGS_H 1
| #define HAVE_INTTYPES_H 1
| #define HAVE_STDINT_H 1
| #define HAVE_UNISTD_H 1
| #define HAVE_DLFCN_H 1
| #define LT_OBJDIR ".libs/"
| #define HAVE_ZLIB_H 1
| #define HAVE_LIBZ 1
| #define HAVE_OPENSSL_BIO_H 1
| #define STDC_HEADERS 1
| #define HAVE_FCNTL_H 1
| #define HAVE_STDARG_H 1
| #define HAVE_INTTYPES_H 1
| #define HAVE_STDINT_H 1
| #define HAVE_STDDEF_H 1
| #define HAVE_POLL_H 1
| #define HAVE_UNISTD_H 1
| #define HAVE_SYS_EPOLL_H 1
| #define HAVE_SYS_TIME_H 1
| #define HAVE_SYS_QUEUE_H 1
| #define HAVE_SYS_PARAM_H 1
| #define HAVE_SYS_IOCTL_H 1
| #define HAVE_SYS_SELECT_H 1
| #define HAVE_NETINET_IN_H 1
| #define HAVE_SYS_SOCKET_H 1
| #define HAVE_SYS_UIO_H 1
| #define HAVE_ARPA_INET_H 1
| #define HAVE_SYS_EVENTFD_H 1
| #define HAVE_SYS_MMAN_H 1
| #define HAVE_SYS_SENDFILE_H 1
| #define HAVE_SYS_WAIT_H 1
| #define HAVE_NETDB_H 1
| #define HAVE_SYS_STAT_H 1
| #define HAVE_TAILQFOREACH 1
| #define HAVE_TIMERADD 1
| #define HAVE_TIMERCMP 1
| #define HAVE_TIMERCLEAR 1
| #define HAVE_TIMERISSET 1
| #define TIME_WITH_SYS_TIME 1
| #define HAVE_GETTIMEOFDAY 1
| #define HAVE_VASPRINTF 1
| #define HAVE_FCNTL 1
| #define HAVE_CLOCK_GETTIME 1
| #define HAVE_STRTOK_R 1
| #define HAVE_STRSEP 1
| #define HAVE_GETNAMEINFO 1
| #define HAVE_STRLCPY 1
| #define HAVE_INET_NTOP 1
| #define HAVE_INET_PTON 1
| #define HAVE_SIGNAL 1
| #define HAVE_SIGACTION 1
| #define HAVE_STRTOLL 1
| #define HAVE_INET_ATON 1
| #define HAVE_PIPE 1
| #define HAVE_EVENTFD 1
| #define HAVE_SENDFILE 1
| #define HAVE_MMAP 1
| #define HAVE_SPLICE 1
| #define HAVE_ISSETUGID 1
| #define HAVE_GETEUID 1
| #define HAVE_GETEGID 1
| #define HAVE_GETPROTOBYNUMBER 1
| #define HAVE_SETENV 1
| #define HAVE_UNSETENV 1
| #define HAVE_PUTENV 1
| #define HAVE_UMASK 1
| #define HAVE_GETADDRINFO 1
| #define SIZEOF_LONG 4
| #define HAVE_SETFD 1
| #define HAVE_SELECT 1
| #define HAVE_POLL 1
| #define HAVE_EPOLL_CTL 1
| #define HAVE_EPOLL 1
| #define HAVE_UINT64_T 1
| #define HAVE_UINT32_T 1
| #define HAVE_UINT16_T 1
| #define HAVE_UINT8_T 1
| #define HAVE_UINTPTR_T 1
| #define HAVE_FD_MASK 1
| #define SIZEOF_LONG_LONG 8
| #define SIZEOF_LONG 4
| #define SIZEOF_INT 4
| #define SIZEOF_SHORT 2
| #define SIZEOF_SIZE_T 4
| #define SIZEOF_VOID_P 4
| /* end confdefs.h.  */
| #define _GNU_SOURCE
| #include <sys/types.h>
| #ifdef HAVE_NETINET_IN_H
| #include <netinet/in.h>
| #endif
| #ifdef HAVE_NETINET_IN6_H
| #include <netinet/in6.h>
| #endif
| #ifdef HAVE_SYS_SOCKET_H
| #include <sys/socket.h>
| #endif
| #ifdef HAVE_NETDB_H
| #include <netdb.h>
| #endif
| #ifdef WIN32
| #define WIN32_WINNT 0x400
| #define _WIN32_WINNT 0x400
| #define WIN32_LEAN_AND_MEAN
| #if defined(_MSC_VER) && (_MSC_VER < 1300)
| #include <winsock.h>
| #else
| #include <winsock2.h>
| #include <ws2tcpip.h>
| #endif
| #endif
| 
| 
| int
| main ()
| {
| if (sizeof ((struct in6_addr)))
| 	    return 0;
|   ;
|   return 0;
| }
configure:14602: result: yes
configure:14637: checking for struct sockaddr_in6
configure:14637: /opt/lede-toolchain-ramips-mt7621_gcc-5.4.0_musl-1.1.24.Linux-x86_64/toolchain-mipsel_24kc_gcc-5.4.0_musl-1.1.24/bin/mipsel-openwrt-linux-musl-gcc -c -DRTAX53U -DRTAX53U -DRTAX53U -DMUSL_LIBC -DRTAX53U -DBCM_EVENTD -DEXT_ACS -D__CONFIG_EMF__ -D__CONFIG_WPS__ -Os -Wall -DLINUX26 -DCONFIG_RALINK -DMUSL_LIBC -DDEBUG_NOISY -DDEBUG_RCTEST -D_GNU_SOURCE -D__UAPI_DEF_ETHHDR -DRALINK_DBDC_MODE -pipe -funit-at-a-time -Wno-pointer-sign -mtune=mips32 -mips32 -DLINUX_KERNEL_VERSION=263366 --sysroot=/opt/lede-toolchain-ramips-mt7621_gcc-5.4.0_musl-1.1.24.Linux-x86_64/toolchain-mipsel_24kc_gcc-5.4.0_musl-1.1.24  -I/repo/Pass_GPL/asuswrt/release/src-ra-openwrt-4210/router/mipsel-musl/stage/usr/include -Wall -fno-strict-aliasing  conftest.c >&5
conftest.c:104:0: warning: "_GNU_SOURCE" redefined
 #define _GNU_SOURCE
 ^
<command-line>:0:0: note: this is the location of the previous definition
configure:14637: $? = 0
configure:14637: /opt/lede-toolchain-ramips-mt7621_gcc-5.4.0_musl-1.1.24.Linux-x86_64/toolchain-mipsel_24kc_gcc-5.4.0_musl-1.1.24/bin/mipsel-openwrt-linux-musl-gcc -c -DRTAX53U -DRTAX53U -DRTAX53U -DMUSL_LIBC -DRTAX53U -DBCM_EVENTD -DEXT_ACS -D__CONFIG_EMF__ -D__CONFIG_WPS__ -Os -Wall -DLINUX26 -DCONFIG_RALINK -DMUSL_LIBC -DDEBUG_NOISY -DDEBUG_RCTEST -D_GNU_SOURCE -D__UAPI_DEF_ETHHDR -DRALINK_DBDC_MODE -pipe -funit-at-a-time -Wno-pointer-sign -mtune=mips32 -mips32 -DLINUX_KERNEL_VERSION=263366 --sysroot=/opt/lede-toolchain-ramips-mt7621_gcc-5.4.0_musl-1.1.24.Linux-x86_64/toolchain-mipsel_24kc_gcc-5.4.0_musl-1.1.24  -I/repo/Pass_GPL/asuswrt/release/src-ra-openwrt-4210/router/mipsel-musl/stage/usr/include -Wall -fno-strict-aliasing  conftest.c >&5
conftest.c:104:0: warning: "_GNU_SOURCE" redefined
 #define _GNU_SOURCE
 ^
<command-line>:0:0: note: this is the location of the previous definition
conftest.c: In function 'main':
conftest.c:134:34: error: expected expression before ')' token
 if (sizeof ((struct sockaddr_in6)))
                                  ^
configure:14637: $? = 1
configure: failed program was:
| /* confdefs.h */
| #define PACKAGE_NAME ""
| #define PACKAGE_TARNAME ""
| #define PACKAGE_VERSION ""
| #define PACKAGE_STRING ""
| #define PACKAGE_BUGREPORT ""
| #define PACKAGE_URL ""
| #define PACKAGE "libevent"
| #define VERSION "2.0.21-stable"
| #define NUMERIC_VERSION 0x02001500
| #define STDC_HEADERS 1
| #define HAVE_SYS_TYPES_H 1
| #define HAVE_SYS_STAT_H 1
| #define HAVE_STDLIB_H 1
| #define HAVE_STRING_H 1
| #define HAVE_MEMORY_H 1
| #define HAVE_STRINGS_H 1
| #define HAVE_INTTYPES_H 1
| #define HAVE_STDINT_H 1
| #define HAVE_UNISTD_H 1
| #define HAVE_DLFCN_H 1
| #define LT_OBJDIR ".libs/"
| #define HAVE_ZLIB_H 1
| #define HAVE_LIBZ 1
| #define HAVE_OPENSSL_BIO_H 1
| #define STDC_HEADERS 1
| #define HAVE_FCNTL_H 1
| #define HAVE_STDARG_H 1
| #define HAVE_INTTYPES_H 1
| #define HAVE_STDINT_H 1
| #define HAVE_STDDEF_H 1
| #define HAVE_POLL_H 1
| #define HAVE_UNISTD_H 1
| #define HAVE_SYS_EPOLL_H 1
| #define HAVE_SYS_TIME_H 1
| #define HAVE_SYS_QUEUE_H 1
| #define HAVE_SYS_PARAM_H 1
| #define HAVE_SYS_IOCTL_H 1
| #define HAVE_SYS_SELECT_H 1
| #define HAVE_NETINET_IN_H 1
| #define HAVE_SYS_SOCKET_H 1
| #define HAVE_SYS_UIO_H 1
| #define HAVE_ARPA_INET_H 1
| #define HAVE_SYS_EVENTFD_H 1
| #define HAVE_SYS_MMAN_H 1
| #define HAVE_SYS_SENDFILE_H 1
| #define HAVE_SYS_WAIT_H 1
| #define HAVE_NETDB_H 1
| #define HAVE_SYS_STAT_H 1
| #define HAVE_TAILQFOREACH 1
| #define HAVE_TIMERADD 1
| #define HAVE_TIMERCMP 1
| #define HAVE_TIMERCLEAR 1
| #define HAVE_TIMERISSET 1
| #define TIME_WITH_SYS_TIME 1
| #define HAVE_GETTIMEOFDAY 1
| #define HAVE_VASPRINTF 1
| #define HAVE_FCNTL 1
| #define HAVE_CLOCK_GETTIME 1
| #define HAVE_STRTOK_R 1
| #define HAVE_STRSEP 1
| #define HAVE_GETNAMEINFO 1
| #define HAVE_STRLCPY 1
| #define HAVE_INET_NTOP 1
| #define HAVE_INET_PTON 1
| #define HAVE_SIGNAL 1
| #define HAVE_SIGACTION 1
| #define HAVE_STRTOLL 1
| #define HAVE_INET_ATON 1
| #define HAVE_PIPE 1
| #define HAVE_EVENTFD 1
| #define HAVE_SENDFILE 1
| #define HAVE_MMAP 1
| #define HAVE_SPLICE 1
| #define HAVE_ISSETUGID 1
| #define HAVE_GETEUID 1
| #define HAVE_GETEGID 1
| #define HAVE_GETPROTOBYNUMBER 1
| #define HAVE_SETENV 1
| #define HAVE_UNSETENV 1
| #define HAVE_PUTENV 1
| #define HAVE_UMASK 1
| #define HAVE_GETADDRINFO 1
| #define SIZEOF_LONG 4
| #define HAVE_SETFD 1
| #define HAVE_SELECT 1
| #define HAVE_POLL 1
| #define HAVE_EPOLL_CTL 1
| #define HAVE_EPOLL 1
| #define HAVE_UINT64_T 1
| #define HAVE_UINT32_T 1
| #define HAVE_UINT16_T 1
| #define HAVE_UINT8_T 1
| #define HAVE_UINTPTR_T 1
| #define HAVE_FD_MASK 1
| #define SIZEOF_LONG_LONG 8
| #define SIZEOF_LONG 4
| #define SIZEOF_INT 4
| #define SIZEOF_SHORT 2
| #define SIZEOF_SIZE_T 4
| #define SIZEOF_VOID_P 4
| #define HAVE_STRUCT_IN6_ADDR 1
| /* end confdefs.h.  */
| #define _GNU_SOURCE
| #include <sys/types.h>
| #ifdef HAVE_NETINET_IN_H
| #include <netinet/in.h>
| #endif
| #ifdef HAVE_NETINET_IN6_H
| #include <netinet/in6.h>
| #endif
| #ifdef HAVE_SYS_SOCKET_H
| #include <sys/socket.h>
| #endif
| #ifdef HAVE_NETDB_H
| #include <netdb.h>
| #endif
| #ifdef WIN32
| #define WIN32_WINNT 0x400
| #define _WIN32_WINNT 0x400
| #define WIN32_LEAN_AND_MEAN
| #if defined(_MSC_VER) && (_MSC_VER < 1300)
| #include <winsock.h>
| #else
| #include <winsock2.h>
| #include <ws2tcpip.h>
| #endif
| #endif
| 
| 
| int
| main ()
| {
| if (sizeof ((struct sockaddr_in6)))
| 	    return 0;
|   ;
|   return 0;
| }
configure:14637: result: yes
configure:14672: checking for sa_family_t
configure:14672: /opt/lede-toolchain-ramips-mt7621_gcc-5.4.0_musl-1.1.24.Linux-x86_64/toolchain-mipsel_24kc_gcc-5.4.0_musl-1.1.24/bin/mipsel-openwrt-linux-musl-gcc -c -DRTAX53U -DRTAX53U -DRTAX53U -DMUSL_LIBC -DRTAX53U -DBCM_EVENTD -DEXT_ACS -D__CONFIG_EMF__ -D__CONFIG_WPS__ -Os -Wall -DLINUX26 -DCONFIG_RALINK -DMUSL_LIBC -DDEBUG_NOISY -DDEBUG_RCTEST -D_GNU_SOURCE -D__UAPI_DEF_ETHHDR -DRALINK_DBDC_MODE -pipe -funit-at-a-time -Wno-pointer-sign -mtune=mips32 -mips32 -DLINUX_KERNEL_VERSION=263366 --sysroot=/opt/lede-toolchain-ramips-mt7621_gcc-5.4.0_musl-1.1.24.Linux-x86_64/toolchain-mipsel_24kc_gcc-5.4.0_musl-1.1.24  -I/repo/Pass_GPL/asuswrt/release/src-ra-openwrt-4210/router/mipsel-musl/stage/usr/include -Wall -fno-strict-aliasing  conftest.c >&5
conftest.c:105:0: warning: "_GNU_SOURCE" redefined
 #define _GNU_SOURCE
 ^
<command-line>:0:0: note: this is the location of the previous definition
configure:14672: $? = 0
configure:14672: /opt/lede-toolchain-ramips-mt7621_gcc-5.4.0_musl-1.1.24.Linux-x86_64/toolchain-mipsel_24kc_gcc-5.4.0_musl-1.1.24/bin/mipsel-openwrt-linux-musl-gcc -c -DRTAX53U -DRTAX53U -DRTAX53U -DMUSL_LIBC -DRTAX53U -DBCM_EVENTD -DEXT_ACS -D__CONFIG_EMF__ -D__CONFIG_WPS__ -Os -Wall -DLINUX26 -DCONFIG_RALINK -DMUSL_LIBC -DDEBUG_NOISY -DDEBUG_RCTEST -D_GNU_SOURCE -D__UAPI_DEF_ETHHDR -DRALINK_DBDC_MODE -pipe -funit-at-a-time -Wno-pointer-sign -mtune=mips32 -mips32 -DLINUX_KERNEL_VERSION=263366 --sysroot=/opt/lede-toolchain-ramips-mt7621_gcc-5.4.0_musl-1.1.24.Linux-x86_64/toolchain-mipsel_24kc_gcc-5.4.0_musl-1.1.24  -I/repo/Pass_GPL/asuswrt/release/src-ra-openwrt-4210/router/mipsel-musl/stage/usr/include -Wall -fno-strict-aliasing  conftest.c >&5
conftest.c:105:0: warning: "_GNU_SOURCE" redefined
 #define _GNU_SOURCE
 ^
<command-line>:0:0: note: this is the location of the previous definition
conftest.c: In function 'main':
conftest.c:135:26: error: expected expression before ')' token
 if (sizeof ((sa_family_t)))
                          ^
configure:14672: $? = 1
configure: failed program was:
| /* confdefs.h */
| #define PACKAGE_NAME ""
| #define PACKAGE_TARNAME ""
| #define PACKAGE_VERSION ""
| #define PACKAGE_STRING ""
| #define PACKAGE_BUGREPORT ""
| #define PACKAGE_URL ""
| #define PACKAGE "libevent"
| #define VERSION "2.0.21-stable"
| #define NUMERIC_VERSION 0x02001500
| #define STDC_HEADERS 1
| #define HAVE_SYS_TYPES_H 1
| #define HAVE_SYS_STAT_H 1
| #define HAVE_STDLIB_H 1
| #define HAVE_STRING_H 1
| #define HAVE_MEMORY_H 1
| #define HAVE_STRINGS_H 1
| #define HAVE_INTTYPES_H 1
| #define HAVE_STDINT_H 1
| #define HAVE_UNISTD_H 1
| #define HAVE_DLFCN_H 1
| #define LT_OBJDIR ".libs/"
| #define HAVE_ZLIB_H 1
| #define HAVE_LIBZ 1
| #define HAVE_OPENSSL_BIO_H 1
| #define STDC_HEADERS 1
| #define HAVE_FCNTL_H 1
| #define HAVE_STDARG_H 1
| #define HAVE_INTTYPES_H 1
| #define HAVE_STDINT_H 1
| #define HAVE_STDDEF_H 1
| #define HAVE_POLL_H 1
| #define HAVE_UNISTD_H 1
| #define HAVE_SYS_EPOLL_H 1
| #define HAVE_SYS_TIME_H 1
| #define HAVE_SYS_QUEUE_H 1
| #define HAVE_SYS_PARAM_H 1
| #define HAVE_SYS_IOCTL_H 1
| #define HAVE_SYS_SELECT_H 1
| #define HAVE_NETINET_IN_H 1
| #define HAVE_SYS_SOCKET_H 1
| #define HAVE_SYS_UIO_H 1
| #define HAVE_ARPA_INET_H 1
| #define HAVE_SYS_EVENTFD_H 1
| #define HAVE_SYS_MMAN_H 1
| #define HAVE_SYS_SENDFILE_H 1
| #define HAVE_SYS_WAIT_H 1
| #define HAVE_NETDB_H 1
| #define HAVE_SYS_STAT_H 1
| #define HAVE_TAILQFOREACH 1
| #define HAVE_TIMERADD 1
| #define HAVE_TIMERCMP 1
| #define HAVE_TIMERCLEAR 1
| #define HAVE_TIMERISSET 1
| #define TIME_WITH_SYS_TIME 1
| #define HAVE_GETTIMEOFDAY 1
| #define HAVE_VASPRINTF 1
| #define HAVE_FCNTL 1
| #define HAVE_CLOCK_GETTIME 1
| #define HAVE_STRTOK_R 1
| #define HAVE_STRSEP 1
| #define HAVE_GETNAMEINFO 1
| #define HAVE_STRLCPY 1
| #define HAVE_INET_NTOP 1
| #define HAVE_INET_PTON 1
| #define HAVE_SIGNAL 1
| #define HAVE_SIGACTION 1
| #define HAVE_STRTOLL 1
| #define HAVE_INET_ATON 1
| #define HAVE_PIPE 1
| #define HAVE_EVENTFD 1
| #define HAVE_SENDFILE 1
| #define HAVE_MMAP 1
| #define HAVE_SPLICE 1
| #define HAVE_ISSETUGID 1
| #define HAVE_GETEUID 1
| #define HAVE_GETEGID 1
| #define HAVE_GETPROTOBYNUMBER 1
| #define HAVE_SETENV 1
| #define HAVE_UNSETENV 1
| #define HAVE_PUTENV 1
| #define HAVE_UMASK 1
| #define HAVE_GETADDRINFO 1
| #define SIZEOF_LONG 4
| #define HAVE_SETFD 1
| #define HAVE_SELECT 1
| #define HAVE_POLL 1
| #define HAVE_EPOLL_CTL 1
| #define HAVE_EPOLL 1
| #define HAVE_UINT64_T 1
| #define HAVE_UINT32_T 1
| #define HAVE_UINT16_T 1
| #define HAVE_UINT8_T 1
| #define HAVE_UINTPTR_T 1
| #define HAVE_FD_MASK 1
| #define SIZEOF_LONG_LONG 8
| #define SIZEOF_LONG 4
| #define SIZEOF_INT 4
| #define SIZEOF_SHORT 2
| #define SIZEOF_SIZE_T 4
| #define SIZEOF_VOID_P 4
| #define HAVE_STRUCT_IN6_ADDR 1
| #define HAVE_STRUCT_SOCKADDR_IN6 1
| /* end confdefs.h.  */
| #define _GNU_SOURCE
| #include <sys/types.h>
| #ifdef HAVE_NETINET_IN_H
| #include <netinet/in.h>
| #endif
| #ifdef HAVE_NETINET_IN6_H
| #include <netinet/in6.h>
| #endif
| #ifdef HAVE_SYS_SOCKET_H
| #include <sys/socket.h>
| #endif
| #ifdef HAVE_NETDB_H
| #include <netdb.h>
| #endif
| #ifdef WIN32
| #define WIN32_WINNT 0x400
| #define _WIN32_WINNT 0x400
| #define WIN32_LEAN_AND_MEAN
| #if defined(_MSC_VER) && (_MSC_VER < 1300)
| #include <winsock.h>
| #else
| #include <winsock2.h>
| #include <ws2tcpip.h>
| #endif
| #endif
| 
| 
| int
| main ()
| {
| if (sizeof ((sa_family_t)))
| 	    return 0;
|   ;
|   return 0;
| }
configure:14672: result: yes
configure:14707: checking for struct addrinfo
configure:14707: /opt/lede-toolchain-ramips-mt7621_gcc-5.4.0_musl-1.1.24.Linux-x86_64/toolchain-mipsel_24kc_gcc-5.4.0_musl-1.1.24/bin/mipsel-openwrt-linux-musl-gcc -c -DRTAX53U -DRTAX53U -DRTAX53U -DMUSL_LIBC -DRTAX53U -DBCM_EVENTD -DEXT_ACS -D__CONFIG_EMF__ -D__CONFIG_WPS__ -Os -Wall -DLINUX26 -DCONFIG_RALINK -DMUSL_LIBC -DDEBUG_NOISY -DDEBUG_RCTEST -D_GNU_SOURCE -D__UAPI_DEF_ETHHDR -DRALINK_DBDC_MODE -pipe -funit-at-a-time -Wno-pointer-sign -mtune=mips32 -mips32 -DLINUX_KERNEL_VERSION=263366 --sysroot=/opt/lede-toolchain-ramips-mt7621_gcc-5.4.0_musl-1.1.24.Linux-x86_64/toolchain-mipsel_24kc_gcc-5.4.0_musl-1.1.24  -I/repo/Pass_GPL/asuswrt/release/src-ra-openwrt-4210/router/mipsel-musl/stage/usr/include -Wall -fno-strict-aliasing  conftest.c >&5
conftest.c:106:0: warning: "_GNU_SOURCE" redefined
 #define _GNU_SOURCE
 ^
<command-line>:0:0: note: this is the location of the previous definition
configure:14707: $? = 0
configure:14707: /opt/lede-toolchain-ramips-mt7621_gcc-5.4.0_musl-1.1.24.Linux-x86_64/toolchain-mipsel_24kc_gcc-5.4.0_musl-1.1.24/bin/mipsel-openwrt-linux-musl-gcc -c -DRTAX53U -DRTAX53U -DRTAX53U -DMUSL_LIBC -DRTAX53U -DBCM_EVENTD -DEXT_ACS -D__CONFIG_EMF__ -D__CONFIG_WPS__ -Os -Wall -DLINUX26 -DCONFIG_RALINK -DMUSL_LIBC -DDEBUG_NOISY -DDEBUG_RCTEST -D_GNU_SOURCE -D__UAPI_DEF_ETHHDR -DRALINK_DBDC_MODE -pipe -funit-at-a-time -Wno-pointer-sign -mtune=mips32 -mips32 -DLINUX_KERNEL_VERSION=263366 --sysroot=/opt/lede-toolchain-ramips-mt7621_gcc-5.4.0_musl-1.1.24.Linux-x86_64/toolchain-mipsel_24kc_gcc-5.4.0_musl-1.1.24  -I/repo/Pass_GPL/asuswrt/release/src-ra-openwrt-4210/router/mipsel-musl/stage/usr/include -Wall -fno-strict-aliasing  conftest.c >&5
conftest.c:106:0: warning: "_GNU_SOURCE" redefined
 #define _GNU_SOURCE
 ^
<command-line>:0:0: note: this is the location of the previous definition
conftest.c: In function 'main':
conftest.c:136:30: error: expected expression before ')' token
 if (sizeof ((struct addrinfo)))
                              ^
configure:14707: $? = 1
configure: failed program was:
| /* confdefs.h */
| #define PACKAGE_NAME ""
| #define PACKAGE_TARNAME ""
| #define PACKAGE_VERSION ""
| #define PACKAGE_STRING ""
| #define PACKAGE_BUGREPORT ""
| #define PACKAGE_URL ""
| #define PACKAGE "libevent"
| #define VERSION "2.0.21-stable"
| #define NUMERIC_VERSION 0x02001500
| #define STDC_HEADERS 1
| #define HAVE_SYS_TYPES_H 1
| #define HAVE_SYS_STAT_H 1
| #define HAVE_STDLIB_H 1
| #define HAVE_STRING_H 1
| #define HAVE_MEMORY_H 1
| #define HAVE_STRINGS_H 1
| #define HAVE_INTTYPES_H 1
| #define HAVE_STDINT_H 1
| #define HAVE_UNISTD_H 1
| #define HAVE_DLFCN_H 1
| #define LT_OBJDIR ".libs/"
| #define HAVE_ZLIB_H 1
| #define HAVE_LIBZ 1
| #define HAVE_OPENSSL_BIO_H 1
| #define STDC_HEADERS 1
| #define HAVE_FCNTL_H 1
| #define HAVE_STDARG_H 1
| #define HAVE_INTTYPES_H 1
| #define HAVE_STDINT_H 1
| #define HAVE_STDDEF_H 1
| #define HAVE_POLL_H 1
| #define HAVE_UNISTD_H 1
| #define HAVE_SYS_EPOLL_H 1
| #define HAVE_SYS_TIME_H 1
| #define HAVE_SYS_QUEUE_H 1
| #define HAVE_SYS_PARAM_H 1
| #define HAVE_SYS_IOCTL_H 1
| #define HAVE_SYS_SELECT_H 1
| #define HAVE_NETINET_IN_H 1
| #define HAVE_SYS_SOCKET_H 1
| #define HAVE_SYS_UIO_H 1
| #define HAVE_ARPA_INET_H 1
| #define HAVE_SYS_EVENTFD_H 1
| #define HAVE_SYS_MMAN_H 1
| #define HAVE_SYS_SENDFILE_H 1
| #define HAVE_SYS_WAIT_H 1
| #define HAVE_NETDB_H 1
| #define HAVE_SYS_STAT_H 1
| #define HAVE_TAILQFOREACH 1
| #define HAVE_TIMERADD 1
| #define HAVE_TIMERCMP 1
| #define HAVE_TIMERCLEAR 1
| #define HAVE_TIMERISSET 1
| #define TIME_WITH_SYS_TIME 1
| #define HAVE_GETTIMEOFDAY 1
| #define HAVE_VASPRINTF 1
| #define HAVE_FCNTL 1
| #define HAVE_CLOCK_GETTIME 1
| #define HAVE_STRTOK_R 1
| #define HAVE_STRSEP 1
| #define HAVE_GETNAMEINFO 1
| #define HAVE_STRLCPY 1
| #define HAVE_INET_NTOP 1
| #define HAVE_INET_PTON 1
| #define HAVE_SIGNAL 1
| #define HAVE_SIGACTION 1
| #define HAVE_STRTOLL 1
| #define HAVE_INET_ATON 1
| #define HAVE_PIPE 1
| #define HAVE_EVENTFD 1
| #define HAVE_SENDFILE 1
| #define HAVE_MMAP 1
| #define HAVE_SPLICE 1
| #define HAVE_ISSETUGID 1
| #define HAVE_GETEUID 1
| #define HAVE_GETEGID 1
| #define HAVE_GETPROTOBYNUMBER 1
| #define HAVE_SETENV 1
| #define HAVE_UNSETENV 1
| #define HAVE_PUTENV 1
| #define HAVE_UMASK 1
| #define HAVE_GETADDRINFO 1
| #define SIZEOF_LONG 4
| #define HAVE_SETFD 1
| #define HAVE_SELECT 1
| #define HAVE_POLL 1
| #define HAVE_EPOLL_CTL 1
| #define HAVE_EPOLL 1
| #define HAVE_UINT64_T 1
| #define HAVE_UINT32_T 1
| #define HAVE_UINT16_T 1
| #define HAVE_UINT8_T 1
| #define HAVE_UINTPTR_T 1
| #define HAVE_FD_MASK 1
| #define SIZEOF_LONG_LONG 8
| #define SIZEOF_LONG 4
| #define SIZEOF_INT 4
| #define SIZEOF_SHORT 2
| #define SIZEOF_SIZE_T 4
| #define SIZEOF_VOID_P 4
| #define HAVE_STRUCT_IN6_ADDR 1
| #define HAVE_STRUCT_SOCKADDR_IN6 1
| #define HAVE_SA_FAMILY_T 1
| /* end confdefs.h.  */
| #define _GNU_SOURCE
| #include <sys/types.h>
| #ifdef HAVE_NETINET_IN_H
| #include <netinet/in.h>
| #endif
| #ifdef HAVE_NETINET_IN6_H
| #include <netinet/in6.h>
| #endif
| #ifdef HAVE_SYS_SOCKET_H
| #include <sys/socket.h>
| #endif
| #ifdef HAVE_NETDB_H
| #include <netdb.h>
| #endif
| #ifdef WIN32
| #define WIN32_WINNT 0x400
| #define _WIN32_WINNT 0x400
| #define WIN32_LEAN_AND_MEAN
| #if defined(_MSC_VER) && (_MSC_VER < 1300)
| #include <winsock.h>
| #else
| #include <winsock2.h>
| #include <ws2tcpip.h>
| #endif
| #endif
| 
| 
| int
| main ()
| {
| if (sizeof ((struct addrinfo)))
| 	    return 0;
|   ;
|   return 0;
| }
configure:14707: result: yes
configure:14742: checking for struct sockaddr_storage
configure:14742: /opt/lede-toolchain-ramips-mt7621_gcc-5.4.0_musl-1.1.24.Linux-x86_64/toolchain-mipsel_24kc_gcc-5.4.0_musl-1.1.24/bin/mipsel-openwrt-linux-musl-gcc -c -DRTAX53U -DRTAX53U -DRTAX53U -DMUSL_LIBC -DRTAX53U -DBCM_EVENTD -DEXT_ACS -D__CONFIG_EMF__ -D__CONFIG_WPS__ -Os -Wall -DLINUX26 -DCONFIG_RALINK -DMUSL_LIBC -DDEBUG_NOISY -DDEBUG_RCTEST -D_GNU_SOURCE -D__UAPI_DEF_ETHHDR -DRALINK_DBDC_MODE -pipe -funit-at-a-time -Wno-pointer-sign -mtune=mips32 -mips32 -DLINUX_KERNEL_VERSION=263366 --sysroot=/opt/lede-toolchain-ramips-mt7621_gcc-5.4.0_musl-1.1.24.Linux-x86_64/toolchain-mipsel_24kc_gcc-5.4.0_musl-1.1.24  -I/repo/Pass_GPL/asuswrt/release/src-ra-openwrt-4210/router/mipsel-musl/stage/usr/include -Wall -fno-strict-aliasing  conftest.c >&5
conftest.c:107:0: warning: "_GNU_SOURCE" redefined
 #define _GNU_SOURCE
 ^
<command-line>:0:0: note: this is the location of the previous definition
configure:14742: $? = 0
configure:14742: /opt/lede-toolchain-ramips-mt7621_gcc-5.4.0_musl-1.1.24.Linux-x86_64/toolchain-mipsel_24kc_gcc-5.4.0_musl-1.1.24/bin/mipsel-openwrt-linux-musl-gcc -c -DRTAX53U -DRTAX53U -DRTAX53U -DMUSL_LIBC -DRTAX53U -DBCM_EVENTD -DEXT_ACS -D__CONFIG_EMF__ -D__CONFIG_WPS__ -Os -Wall -DLINUX26 -DCONFIG_RALINK -DMUSL_LIBC -DDEBUG_NOISY -DDEBUG_RCTEST -D_GNU_SOURCE -D__UAPI_DEF_ETHHDR -DRALINK_DBDC_MODE -pipe -funit-at-a-time -Wno-pointer-sign -mtune=mips32 -mips32 -DLINUX_KERNEL_VERSION=263366 --sysroot=/opt/lede-toolchain-ramips-mt7621_gcc-5.4.0_musl-1.1.24.Linux-x86_64/toolchain-mipsel_24kc_gcc-5.4.0_musl-1.1.24  -I/repo/Pass_GPL/asuswrt/release/src-ra-openwrt-4210/router/mipsel-musl/stage/usr/include -Wall -fno-strict-aliasing  conftest.c >&5
conftest.c:107:0: warning: "_GNU_SOURCE" redefined
 #define _GNU_SOURCE
 ^
<command-line>:0:0: note: this is the location of the previous definition
conftest.c: In function 'main':
conftest.c:137:38: error: expected expression before ')' token
 if (sizeof ((struct sockaddr_storage)))
                                      ^
configure:14742: $? = 1
configure: failed program was:
| /* confdefs.h */
| #define PACKAGE_NAME ""
| #define PACKAGE_TARNAME ""
| #define PACKAGE_VERSION ""
| #define PACKAGE_STRING ""
| #define PACKAGE_BUGREPORT ""
| #define PACKAGE_URL ""
| #define PACKAGE "libevent"
| #define VERSION "2.0.21-stable"
| #define NUMERIC_VERSION 0x02001500
| #define STDC_HEADERS 1
| #define HAVE_SYS_TYPES_H 1
| #define HAVE_SYS_STAT_H 1
| #define HAVE_STDLIB_H 1
| #define HAVE_STRING_H 1
| #define HAVE_MEMORY_H 1
| #define HAVE_STRINGS_H 1
| #define HAVE_INTTYPES_H 1
| #define HAVE_STDINT_H 1
| #define HAVE_UNISTD_H 1
| #define HAVE_DLFCN_H 1
| #define LT_OBJDIR ".libs/"
| #define HAVE_ZLIB_H 1
| #define HAVE_LIBZ 1
| #define HAVE_OPENSSL_BIO_H 1
| #define STDC_HEADERS 1
| #define HAVE_FCNTL_H 1
| #define HAVE_STDARG_H 1
| #define HAVE_INTTYPES_H 1
| #define HAVE_STDINT_H 1
| #define HAVE_STDDEF_H 1
| #define HAVE_POLL_H 1
| #define HAVE_UNISTD_H 1
| #define HAVE_SYS_EPOLL_H 1
| #define HAVE_SYS_TIME_H 1
| #define HAVE_SYS_QUEUE_H 1
| #define HAVE_SYS_PARAM_H 1
| #define HAVE_SYS_IOCTL_H 1
| #define HAVE_SYS_SELECT_H 1
| #define HAVE_NETINET_IN_H 1
| #define HAVE_SYS_SOCKET_H 1
| #define HAVE_SYS_UIO_H 1
| #define HAVE_ARPA_INET_H 1
| #define HAVE_SYS_EVENTFD_H 1
| #define HAVE_SYS_MMAN_H 1
| #define HAVE_SYS_SENDFILE_H 1
| #define HAVE_SYS_WAIT_H 1
| #define HAVE_NETDB_H 1
| #define HAVE_SYS_STAT_H 1
| #define HAVE_TAILQFOREACH 1
| #define HAVE_TIMERADD 1
| #define HAVE_TIMERCMP 1
| #define HAVE_TIMERCLEAR 1
| #define HAVE_TIMERISSET 1
| #define TIME_WITH_SYS_TIME 1
| #define HAVE_GETTIMEOFDAY 1
| #define HAVE_VASPRINTF 1
| #define HAVE_FCNTL 1
| #define HAVE_CLOCK_GETTIME 1
| #define HAVE_STRTOK_R 1
| #define HAVE_STRSEP 1
| #define HAVE_GETNAMEINFO 1
| #define HAVE_STRLCPY 1
| #define HAVE_INET_NTOP 1
| #define HAVE_INET_PTON 1
| #define HAVE_SIGNAL 1
| #define HAVE_SIGACTION 1
| #define HAVE_STRTOLL 1
| #define HAVE_INET_ATON 1
| #define HAVE_PIPE 1
| #define HAVE_EVENTFD 1
| #define HAVE_SENDFILE 1
| #define HAVE_MMAP 1
| #define HAVE_SPLICE 1
| #define HAVE_ISSETUGID 1
| #define HAVE_GETEUID 1
| #define HAVE_GETEGID 1
| #define HAVE_GETPROTOBYNUMBER 1
| #define HAVE_SETENV 1
| #define HAVE_UNSETENV 1
| #define HAVE_PUTENV 1
| #define HAVE_UMASK 1
| #define HAVE_GETADDRINFO 1
| #define SIZEOF_LONG 4
| #define HAVE_SETFD 1
| #define HAVE_SELECT 1
| #define HAVE_POLL 1
| #define HAVE_EPOLL_CTL 1
| #define HAVE_EPOLL 1
| #define HAVE_UINT64_T 1
| #define HAVE_UINT32_T 1
| #define HAVE_UINT16_T 1
| #define HAVE_UINT8_T 1
| #define HAVE_UINTPTR_T 1
| #define HAVE_FD_MASK 1
| #define SIZEOF_LONG_LONG 8
| #define SIZEOF_LONG 4
| #define SIZEOF_INT 4
| #define SIZEOF_SHORT 2
| #define SIZEOF_SIZE_T 4
| #define SIZEOF_VOID_P 4
| #define HAVE_STRUCT_IN6_ADDR 1
| #define HAVE_STRUCT_SOCKADDR_IN6 1
| #define HAVE_SA_FAMILY_T 1
| #define HAVE_STRUCT_ADDRINFO 1
| /* end confdefs.h.  */
| #define _GNU_SOURCE
| #include <sys/types.h>
| #ifdef HAVE_NETINET_IN_H
| #include <netinet/in.h>
| #endif
| #ifdef HAVE_NETINET_IN6_H
| #include <netinet/in6.h>
| #endif
| #ifdef HAVE_SYS_SOCKET_H
| #include <sys/socket.h>
| #endif
| #ifdef HAVE_NETDB_H
| #include <netdb.h>
| #endif
| #ifdef WIN32
| #define WIN32_WINNT 0x400
| #define _WIN32_WINNT 0x400
| #define WIN32_LEAN_AND_MEAN
| #if defined(_MSC_VER) && (_MSC_VER < 1300)
| #include <winsock.h>
| #else
| #include <winsock2.h>
| #include <ws2tcpip.h>
| #endif
| #endif
| 
| 
| int
| main ()
| {
| if (sizeof ((struct sockaddr_storage)))
| 	    return 0;
|   ;
|   return 0;
| }
configure:14742: result: yes
configure:14778: checking for struct in6_addr.s6_addr32
configure:14778: /opt/lede-toolchain-ramips-mt7621_gcc-5.4.0_musl-1.1.24.Linux-x86_64/toolchain-mipsel_24kc_gcc-5.4.0_musl-1.1.24/bin/mipsel-openwrt-linux-musl-gcc -c -DRTAX53U -DRTAX53U -DRTAX53U -DMUSL_LIBC -DRTAX53U -DBCM_EVENTD -DEXT_ACS -D__CONFIG_EMF__ -D__CONFIG_WPS__ -Os -Wall -DLINUX26 -DCONFIG_RALINK -DMUSL_LIBC -DDEBUG_NOISY -DDEBUG_RCTEST -D_GNU_SOURCE -D__UAPI_DEF_ETHHDR -DRALINK_DBDC_MODE -pipe -funit-at-a-time -Wno-pointer-sign -mtune=mips32 -mips32 -DLINUX_KERNEL_VERSION=263366 --sysroot=/opt/lede-toolchain-ramips-mt7621_gcc-5.4.0_musl-1.1.24.Linux-x86_64/toolchain-mipsel_24kc_gcc-5.4.0_musl-1.1.24  -I/repo/Pass_GPL/asuswrt/release/src-ra-openwrt-4210/router/mipsel-musl/stage/usr/include -Wall -fno-strict-aliasing  conftest.c >&5
configure:14778: $? = 0
configure:14778: result: yes
configure:14809: checking for struct in6_addr.s6_addr16
configure:14809: /opt/lede-toolchain-ramips-mt7621_gcc-5.4.0_musl-1.1.24.Linux-x86_64/toolchain-mipsel_24kc_gcc-5.4.0_musl-1.1.24/bin/mipsel-openwrt-linux-musl-gcc -c -DRTAX53U -DRTAX53U -DRTAX53U -DMUSL_LIBC -DRTAX53U -DBCM_EVENTD -DEXT_ACS -D__CONFIG_EMF__ -D__CONFIG_WPS__ -Os -Wall -DLINUX26 -DCONFIG_RALINK -DMUSL_LIBC -DDEBUG_NOISY -DDEBUG_RCTEST -D_GNU_SOURCE -D__UAPI_DEF_ETHHDR -DRALINK_DBDC_MODE -pipe -funit-at-a-time -Wno-pointer-sign -mtune=mips32 -mips32 -DLINUX_KERNEL_VERSION=263366 --sysroot=/opt/lede-toolchain-ramips-mt7621_gcc-5.4.0_musl-1.1.24.Linux-x86_64/toolchain-mipsel_24kc_gcc-5.4.0_musl-1.1.24  -I/repo/Pass_GPL/asuswrt/release/src-ra-openwrt-4210/router/mipsel-musl/stage/usr/include -Wall -fno-strict-aliasing  conftest.c >&5
configure:14809: $? = 0
configure:14809: result: yes
configure:14840: checking for struct sockaddr_in.sin_len
configure:14840: /opt/lede-toolchain-ramips-mt7621_gcc-5.4.0_musl-1.1.24.Linux-x86_64/toolchain-mipsel_24kc_gcc-5.4.0_musl-1.1.24/bin/mipsel-openwrt-linux-musl-gcc -c -DRTAX53U -DRTAX53U -DRTAX53U -DMUSL_LIBC -DRTAX53U -DBCM_EVENTD -DEXT_ACS -D__CONFIG_EMF__ -D__CONFIG_WPS__ -Os -Wall -DLINUX26 -DCONFIG_RALINK -DMUSL_LIBC -DDEBUG_NOISY -DDEBUG_RCTEST -D_GNU_SOURCE -D__UAPI_DEF_ETHHDR -DRALINK_DBDC_MODE -pipe -funit-at-a-time -Wno-pointer-sign -mtune=mips32 -mips32 -DLINUX_KERNEL_VERSION=263366 --sysroot=/opt/lede-toolchain-ramips-mt7621_gcc-5.4.0_musl-1.1.24.Linux-x86_64/toolchain-mipsel_24kc_gcc-5.4.0_musl-1.1.24  -I/repo/Pass_GPL/asuswrt/release/src-ra-openwrt-4210/router/mipsel-musl/stage/usr/include -Wall -fno-strict-aliasing  conftest.c >&5
conftest.c: In function 'main':
conftest.c:137:12: error: 'struct sockaddr_in' has no member named 'sin_len'
 if (ac_aggr.sin_len)
            ^
conftest.c:136:27: warning: variable 'ac_aggr' set but not used [-Wunused-but-set-variable]
 static struct sockaddr_in ac_aggr;
                           ^
configure:14840: $? = 1
configure: failed program was:
| /* confdefs.h */
| #define PACKAGE_NAME ""
| #define PACKAGE_TARNAME ""
| #define PACKAGE_VERSION ""
| #define PACKAGE_STRING ""
| #define PACKAGE_BUGREPORT ""
| #define PACKAGE_URL ""
| #define PACKAGE "libevent"
| #define VERSION "2.0.21-stable"
| #define NUMERIC_VERSION 0x02001500
| #define STDC_HEADERS 1
| #define HAVE_SYS_TYPES_H 1
| #define HAVE_SYS_STAT_H 1
| #define HAVE_STDLIB_H 1
| #define HAVE_STRING_H 1
| #define HAVE_MEMORY_H 1
| #define HAVE_STRINGS_H 1
| #define HAVE_INTTYPES_H 1
| #define HAVE_STDINT_H 1
| #define HAVE_UNISTD_H 1
| #define HAVE_DLFCN_H 1
| #define LT_OBJDIR ".libs/"
| #define HAVE_ZLIB_H 1
| #define HAVE_LIBZ 1
| #define HAVE_OPENSSL_BIO_H 1
| #define STDC_HEADERS 1
| #define HAVE_FCNTL_H 1
| #define HAVE_STDARG_H 1
| #define HAVE_INTTYPES_H 1
| #define HAVE_STDINT_H 1
| #define HAVE_STDDEF_H 1
| #define HAVE_POLL_H 1
| #define HAVE_UNISTD_H 1
| #define HAVE_SYS_EPOLL_H 1
| #define HAVE_SYS_TIME_H 1
| #define HAVE_SYS_QUEUE_H 1
| #define HAVE_SYS_PARAM_H 1
| #define HAVE_SYS_IOCTL_H 1
| #define HAVE_SYS_SELECT_H 1
| #define HAVE_NETINET_IN_H 1
| #define HAVE_SYS_SOCKET_H 1
| #define HAVE_SYS_UIO_H 1
| #define HAVE_ARPA_INET_H 1
| #define HAVE_SYS_EVENTFD_H 1
| #define HAVE_SYS_MMAN_H 1
| #define HAVE_SYS_SENDFILE_H 1
| #define HAVE_SYS_WAIT_H 1
| #define HAVE_NETDB_H 1
| #define HAVE_SYS_STAT_H 1
| #define HAVE_TAILQFOREACH 1
| #define HAVE_TIMERADD 1
| #define HAVE_TIMERCMP 1
| #define HAVE_TIMERCLEAR 1
| #define HAVE_TIMERISSET 1
| #define TIME_WITH_SYS_TIME 1
| #define HAVE_GETTIMEOFDAY 1
| #define HAVE_VASPRINTF 1
| #define HAVE_FCNTL 1
| #define HAVE_CLOCK_GETTIME 1
| #define HAVE_STRTOK_R 1
| #define HAVE_STRSEP 1
| #define HAVE_GETNAMEINFO 1
| #define HAVE_STRLCPY 1
| #define HAVE_INET_NTOP 1
| #define HAVE_INET_PTON 1
| #define HAVE_SIGNAL 1
| #define HAVE_SIGACTION 1
| #define HAVE_STRTOLL 1
| #define HAVE_INET_ATON 1
| #define HAVE_PIPE 1
| #define HAVE_EVENTFD 1
| #define HAVE_SENDFILE 1
| #define HAVE_MMAP 1
| #define HAVE_SPLICE 1
| #define HAVE_ISSETUGID 1
| #define HAVE_GETEUID 1
| #define HAVE_GETEGID 1
| #define HAVE_GETPROTOBYNUMBER 1
| #define HAVE_SETENV 1
| #define HAVE_UNSETENV 1
| #define HAVE_PUTENV 1
| #define HAVE_UMASK 1
| #define HAVE_GETADDRINFO 1
| #define SIZEOF_LONG 4
| #define HAVE_SETFD 1
| #define HAVE_SELECT 1
| #define HAVE_POLL 1
| #define HAVE_EPOLL_CTL 1
| #define HAVE_EPOLL 1
| #define HAVE_UINT64_T 1
| #define HAVE_UINT32_T 1
| #define HAVE_UINT16_T 1
| #define HAVE_UINT8_T 1
| #define HAVE_UINTPTR_T 1
| #define HAVE_FD_MASK 1
| #define SIZEOF_LONG_LONG 8
| #define SIZEOF_LONG 4
| #define SIZEOF_INT 4
| #define SIZEOF_SHORT 2
| #define SIZEOF_SIZE_T 4
| #define SIZEOF_VOID_P 4
| #define HAVE_STRUCT_IN6_ADDR 1
| #define HAVE_STRUCT_SOCKADDR_IN6 1
| #define HAVE_SA_FAMILY_T 1
| #define HAVE_STRUCT_ADDRINFO 1
| #define HAVE_STRUCT_SOCKADDR_STORAGE 1
| #define HAVE_STRUCT_IN6_ADDR_S6_ADDR32 1
| #define HAVE_STRUCT_IN6_ADDR_S6_ADDR16 1
| /* end confdefs.h.  */
| #include <sys/types.h>
| #ifdef HAVE_NETINET_IN_H
| #include <netinet/in.h>
| #endif
| #ifdef HAVE_NETINET_IN6_H
| #include <netinet/in6.h>
| #endif
| #ifdef HAVE_SYS_SOCKET_H
| #include <sys/socket.h>
| #endif
| #ifdef WIN32
| #define WIN32_WINNT 0x400
| #define _WIN32_WINNT 0x400
| #define WIN32_LEAN_AND_MEAN
| #if defined(_MSC_VER) && (_MSC_VER < 1300)
| #include <winsock.h>
| #else
| #include <winsock2.h>
| #include <ws2tcpip.h>
| #endif
| #endif
| 
| 
| int
| main ()
| {
| static struct sockaddr_in ac_aggr;
| if (ac_aggr.sin_len)
| return 0;
|   ;
|   return 0;
| }
configure:14840: /opt/lede-toolchain-ramips-mt7621_gcc-5.4.0_musl-1.1.24.Linux-x86_64/toolchain-mipsel_24kc_gcc-5.4.0_musl-1.1.24/bin/mipsel-openwrt-linux-musl-gcc -c -DRTAX53U -DRTAX53U -DRTAX53U -DMUSL_LIBC -DRTAX53U -DBCM_EVENTD -DEXT_ACS -D__CONFIG_EMF__ -D__CONFIG_WPS__ -Os -Wall -DLINUX26 -DCONFIG_RALINK -DMUSL_LIBC -DDEBUG_NOISY -DDEBUG_RCTEST -D_GNU_SOURCE -D__UAPI_DEF_ETHHDR -DRALINK_DBDC_MODE -pipe -funit-at-a-time -Wno-pointer-sign -mtune=mips32 -mips32 -DLINUX_KERNEL_VERSION=263366 --sysroot=/opt/lede-toolchain-ramips-mt7621_gcc-5.4.0_musl-1.1.24.Linux-x86_64/toolchain-mipsel_24kc_gcc-5.4.0_musl-1.1.24  -I/repo/Pass_GPL/asuswrt/release/src-ra-openwrt-4210/router/mipsel-musl/stage/usr/include -Wall -fno-strict-aliasing  conftest.c >&5
conftest.c: In function 'main':
conftest.c:137:19: error: 'struct sockaddr_in' has no member named 'sin_len'
 if (sizeof ac_aggr.sin_len)
                   ^
conftest.c:136:27: warning: variable 'ac_aggr' set but not used [-Wunused-but-set-variable]
 static struct sockaddr_in ac_aggr;
                           ^
configure:14840: $? = 1
configure: failed program was:
| /* confdefs.h */
| #define PACKAGE_NAME ""
| #define PACKAGE_TARNAME ""
| #define PACKAGE_VERSION ""
| #define PACKAGE_STRING ""
| #define PACKAGE_BUGREPORT ""
| #define PACKAGE_URL ""
| #define PACKAGE "libevent"
| #define VERSION "2.0.21-stable"
| #define NUMERIC_VERSION 0x02001500
| #define STDC_HEADERS 1
| #define HAVE_SYS_TYPES_H 1
| #define HAVE_SYS_STAT_H 1
| #define HAVE_STDLIB_H 1
| #define HAVE_STRING_H 1
| #define HAVE_MEMORY_H 1
| #define HAVE_STRINGS_H 1
| #define HAVE_INTTYPES_H 1
| #define HAVE_STDINT_H 1
| #define HAVE_UNISTD_H 1
| #define HAVE_DLFCN_H 1
| #define LT_OBJDIR ".libs/"
| #define HAVE_ZLIB_H 1
| #define HAVE_LIBZ 1
| #define HAVE_OPENSSL_BIO_H 1
| #define STDC_HEADERS 1
| #define HAVE_FCNTL_H 1
| #define HAVE_STDARG_H 1
| #define HAVE_INTTYPES_H 1
| #define HAVE_STDINT_H 1
| #define HAVE_STDDEF_H 1
| #define HAVE_POLL_H 1
| #define HAVE_UNISTD_H 1
| #define HAVE_SYS_EPOLL_H 1
| #define HAVE_SYS_TIME_H 1
| #define HAVE_SYS_QUEUE_H 1
| #define HAVE_SYS_PARAM_H 1
| #define HAVE_SYS_IOCTL_H 1
| #define HAVE_SYS_SELECT_H 1
| #define HAVE_NETINET_IN_H 1
| #define HAVE_SYS_SOCKET_H 1
| #define HAVE_SYS_UIO_H 1
| #define HAVE_ARPA_INET_H 1
| #define HAVE_SYS_EVENTFD_H 1
| #define HAVE_SYS_MMAN_H 1
| #define HAVE_SYS_SENDFILE_H 1
| #define HAVE_SYS_WAIT_H 1
| #define HAVE_NETDB_H 1
| #define HAVE_SYS_STAT_H 1
| #define HAVE_TAILQFOREACH 1
| #define HAVE_TIMERADD 1
| #define HAVE_TIMERCMP 1
| #define HAVE_TIMERCLEAR 1
| #define HAVE_TIMERISSET 1
| #define TIME_WITH_SYS_TIME 1
| #define HAVE_GETTIMEOFDAY 1
| #define HAVE_VASPRINTF 1
| #define HAVE_FCNTL 1
| #define HAVE_CLOCK_GETTIME 1
| #define HAVE_STRTOK_R 1
| #define HAVE_STRSEP 1
| #define HAVE_GETNAMEINFO 1
| #define HAVE_STRLCPY 1
| #define HAVE_INET_NTOP 1
| #define HAVE_INET_PTON 1
| #define HAVE_SIGNAL 1
| #define HAVE_SIGACTION 1
| #define HAVE_STRTOLL 1
| #define HAVE_INET_ATON 1
| #define HAVE_PIPE 1
| #define HAVE_EVENTFD 1
| #define HAVE_SENDFILE 1
| #define HAVE_MMAP 1
| #define HAVE_SPLICE 1
| #define HAVE_ISSETUGID 1
| #define HAVE_GETEUID 1
| #define HAVE_GETEGID 1
| #define HAVE_GETPROTOBYNUMBER 1
| #define HAVE_SETENV 1
| #define HAVE_UNSETENV 1
| #define HAVE_PUTENV 1
| #define HAVE_UMASK 1
| #define HAVE_GETADDRINFO 1
| #define SIZEOF_LONG 4
| #define HAVE_SETFD 1
| #define HAVE_SELECT 1
| #define HAVE_POLL 1
| #define HAVE_EPOLL_CTL 1
| #define HAVE_EPOLL 1
| #define HAVE_UINT64_T 1
| #define HAVE_UINT32_T 1
| #define HAVE_UINT16_T 1
| #define HAVE_UINT8_T 1
| #define HAVE_UINTPTR_T 1
| #define HAVE_FD_MASK 1
| #define SIZEOF_LONG_LONG 8
| #define SIZEOF_LONG 4
| #define SIZEOF_INT 4
| #define SIZEOF_SHORT 2
| #define SIZEOF_SIZE_T 4
| #define SIZEOF_VOID_P 4
| #define HAVE_STRUCT_IN6_ADDR 1
| #define HAVE_STRUCT_SOCKADDR_IN6 1
| #define HAVE_SA_FAMILY_T 1
| #define HAVE_STRUCT_ADDRINFO 1
| #define HAVE_STRUCT_SOCKADDR_STORAGE 1
| #define HAVE_STRUCT_IN6_ADDR_S6_ADDR32 1
| #define HAVE_STRUCT_IN6_ADDR_S6_ADDR16 1
| /* end confdefs.h.  */
| #include <sys/types.h>
| #ifdef HAVE_NETINET_IN_H
| #include <netinet/in.h>
| #endif
| #ifdef HAVE_NETINET_IN6_H
| #include <netinet/in6.h>
| #endif
| #ifdef HAVE_SYS_SOCKET_H
| #include <sys/socket.h>
| #endif
| #ifdef WIN32
| #define WIN32_WINNT 0x400
| #define _WIN32_WINNT 0x400
| #define WIN32_LEAN_AND_MEAN
| #if defined(_MSC_VER) && (_MSC_VER < 1300)
| #include <winsock.h>
| #else
| #include <winsock2.h>
| #include <ws2tcpip.h>
| #endif
| #endif
| 
| 
| int
| main ()
| {
| static struct sockaddr_in ac_aggr;
| if (sizeof ac_aggr.sin_len)
| return 0;
|   ;
|   return 0;
| }
configure:14840: result: no
configure:14871: checking for struct sockaddr_in6.sin6_len
configure:14871: /opt/lede-toolchain-ramips-mt7621_gcc-5.4.0_musl-1.1.24.Linux-x86_64/toolchain-mipsel_24kc_gcc-5.4.0_musl-1.1.24/bin/mipsel-openwrt-linux-musl-gcc -c -DRTAX53U -DRTAX53U -DRTAX53U -DMUSL_LIBC -DRTAX53U -DBCM_EVENTD -DEXT_ACS -D__CONFIG_EMF__ -D__CONFIG_WPS__ -Os -Wall -DLINUX26 -DCONFIG_RALINK -DMUSL_LIBC -DDEBUG_NOISY -DDEBUG_RCTEST -D_GNU_SOURCE -D__UAPI_DEF_ETHHDR -DRALINK_DBDC_MODE -pipe -funit-at-a-time -Wno-pointer-sign -mtune=mips32 -mips32 -DLINUX_KERNEL_VERSION=263366 --sysroot=/opt/lede-toolchain-ramips-mt7621_gcc-5.4.0_musl-1.1.24.Linux-x86_64/toolchain-mipsel_24kc_gcc-5.4.0_musl-1.1.24  -I/repo/Pass_GPL/asuswrt/release/src-ra-openwrt-4210/router/mipsel-musl/stage/usr/include -Wall -fno-strict-aliasing  conftest.c >&5
conftest.c: In function 'main':
conftest.c:137:12: error: 'struct sockaddr_in6' has no member named 'sin6_len'
 if (ac_aggr.sin6_len)
            ^
conftest.c:136:28: warning: variable 'ac_aggr' set but not used [-Wunused-but-set-variable]
 static struct sockaddr_in6 ac_aggr;
                            ^
configure:14871: $? = 1
configure: failed program was:
| /* confdefs.h */
| #define PACKAGE_NAME ""
| #define PACKAGE_TARNAME ""
| #define PACKAGE_VERSION ""
| #define PACKAGE_STRING ""
| #define PACKAGE_BUGREPORT ""
| #define PACKAGE_URL ""
| #define PACKAGE "libevent"
| #define VERSION "2.0.21-stable"
| #define NUMERIC_VERSION 0x02001500
| #define STDC_HEADERS 1
| #define HAVE_SYS_TYPES_H 1
| #define HAVE_SYS_STAT_H 1
| #define HAVE_STDLIB_H 1
| #define HAVE_STRING_H 1
| #define HAVE_MEMORY_H 1
| #define HAVE_STRINGS_H 1
| #define HAVE_INTTYPES_H 1
| #define HAVE_STDINT_H 1
| #define HAVE_UNISTD_H 1
| #define HAVE_DLFCN_H 1
| #define LT_OBJDIR ".libs/"
| #define HAVE_ZLIB_H 1
| #define HAVE_LIBZ 1
| #define HAVE_OPENSSL_BIO_H 1
| #define STDC_HEADERS 1
| #define HAVE_FCNTL_H 1
| #define HAVE_STDARG_H 1
| #define HAVE_INTTYPES_H 1
| #define HAVE_STDINT_H 1
| #define HAVE_STDDEF_H 1
| #define HAVE_POLL_H 1
| #define HAVE_UNISTD_H 1
| #define HAVE_SYS_EPOLL_H 1
| #define HAVE_SYS_TIME_H 1
| #define HAVE_SYS_QUEUE_H 1
| #define HAVE_SYS_PARAM_H 1
| #define HAVE_SYS_IOCTL_H 1
| #define HAVE_SYS_SELECT_H 1
| #define HAVE_NETINET_IN_H 1
| #define HAVE_SYS_SOCKET_H 1
| #define HAVE_SYS_UIO_H 1
| #define HAVE_ARPA_INET_H 1
| #define HAVE_SYS_EVENTFD_H 1
| #define HAVE_SYS_MMAN_H 1
| #define HAVE_SYS_SENDFILE_H 1
| #define HAVE_SYS_WAIT_H 1
| #define HAVE_NETDB_H 1
| #define HAVE_SYS_STAT_H 1
| #define HAVE_TAILQFOREACH 1
| #define HAVE_TIMERADD 1
| #define HAVE_TIMERCMP 1
| #define HAVE_TIMERCLEAR 1
| #define HAVE_TIMERISSET 1
| #define TIME_WITH_SYS_TIME 1
| #define HAVE_GETTIMEOFDAY 1
| #define HAVE_VASPRINTF 1
| #define HAVE_FCNTL 1
| #define HAVE_CLOCK_GETTIME 1
| #define HAVE_STRTOK_R 1
| #define HAVE_STRSEP 1
| #define HAVE_GETNAMEINFO 1
| #define HAVE_STRLCPY 1
| #define HAVE_INET_NTOP 1
| #define HAVE_INET_PTON 1
| #define HAVE_SIGNAL 1
| #define HAVE_SIGACTION 1
| #define HAVE_STRTOLL 1
| #define HAVE_INET_ATON 1
| #define HAVE_PIPE 1
| #define HAVE_EVENTFD 1
| #define HAVE_SENDFILE 1
| #define HAVE_MMAP 1
| #define HAVE_SPLICE 1
| #define HAVE_ISSETUGID 1
| #define HAVE_GETEUID 1
| #define HAVE_GETEGID 1
| #define HAVE_GETPROTOBYNUMBER 1
| #define HAVE_SETENV 1
| #define HAVE_UNSETENV 1
| #define HAVE_PUTENV 1
| #define HAVE_UMASK 1
| #define HAVE_GETADDRINFO 1
| #define SIZEOF_LONG 4
| #define HAVE_SETFD 1
| #define HAVE_SELECT 1
| #define HAVE_POLL 1
| #define HAVE_EPOLL_CTL 1
| #define HAVE_EPOLL 1
| #define HAVE_UINT64_T 1
| #define HAVE_UINT32_T 1
| #define HAVE_UINT16_T 1
| #define HAVE_UINT8_T 1
| #define HAVE_UINTPTR_T 1
| #define HAVE_FD_MASK 1
| #define SIZEOF_LONG_LONG 8
| #define SIZEOF_LONG 4
| #define SIZEOF_INT 4
| #define SIZEOF_SHORT 2
| #define SIZEOF_SIZE_T 4
| #define SIZEOF_VOID_P 4
| #define HAVE_STRUCT_IN6_ADDR 1
| #define HAVE_STRUCT_SOCKADDR_IN6 1
| #define HAVE_SA_FAMILY_T 1
| #define HAVE_STRUCT_ADDRINFO 1
| #define HAVE_STRUCT_SOCKADDR_STORAGE 1
| #define HAVE_STRUCT_IN6_ADDR_S6_ADDR32 1
| #define HAVE_STRUCT_IN6_ADDR_S6_ADDR16 1
| /* end confdefs.h.  */
| #include <sys/types.h>
| #ifdef HAVE_NETINET_IN_H
| #include <netinet/in.h>
| #endif
| #ifdef HAVE_NETINET_IN6_H
| #include <netinet/in6.h>
| #endif
| #ifdef HAVE_SYS_SOCKET_H
| #include <sys/socket.h>
| #endif
| #ifdef WIN32
| #define WIN32_WINNT 0x400
| #define _WIN32_WINNT 0x400
| #define WIN32_LEAN_AND_MEAN
| #if defined(_MSC_VER) && (_MSC_VER < 1300)
| #include <winsock.h>
| #else
| #include <winsock2.h>
| #include <ws2tcpip.h>
| #endif
| #endif
| 
| 
| int
| main ()
| {
| static struct sockaddr_in6 ac_aggr;
| if (ac_aggr.sin6_len)
| return 0;
|   ;
|   return 0;
| }
configure:14871: /opt/lede-toolchain-ramips-mt7621_gcc-5.4.0_musl-1.1.24.Linux-x86_64/toolchain-mipsel_24kc_gcc-5.4.0_musl-1.1.24/bin/mipsel-openwrt-linux-musl-gcc -c -DRTAX53U -DRTAX53U -DRTAX53U -DMUSL_LIBC -DRTAX53U -DBCM_EVENTD -DEXT_ACS -D__CONFIG_EMF__ -D__CONFIG_WPS__ -Os -Wall -DLINUX26 -DCONFIG_RALINK -DMUSL_LIBC -DDEBUG_NOISY -DDEBUG_RCTEST -D_GNU_SOURCE -D__UAPI_DEF_ETHHDR -DRALINK_DBDC_MODE -pipe -funit-at-a-time -Wno-pointer-sign -mtune=mips32 -mips32 -DLINUX_KERNEL_VERSION=263366 --sysroot=/opt/lede-toolchain-ramips-mt7621_gcc-5.4.0_musl-1.1.24.Linux-x86_64/toolchain-mipsel_24kc_gcc-5.4.0_musl-1.1.24  -I/repo/Pass_GPL/asuswrt/release/src-ra-openwrt-4210/router/mipsel-musl/stage/usr/include -Wall -fno-strict-aliasing  conftest.c >&5
conftest.c: In function 'main':
conftest.c:137:19: error: 'struct sockaddr_in6' has no member named 'sin6_len'
 if (sizeof ac_aggr.sin6_len)
                   ^
conftest.c:136:28: warning: variable 'ac_aggr' set but not used [-Wunused-but-set-variable]
 static struct sockaddr_in6 ac_aggr;
                            ^
configure:14871: $? = 1
configure: failed program was:
| /* confdefs.h */
| #define PACKAGE_NAME ""
| #define PACKAGE_TARNAME ""
| #define PACKAGE_VERSION ""
| #define PACKAGE_STRING ""
| #define PACKAGE_BUGREPORT ""
| #define PACKAGE_URL ""
| #define PACKAGE "libevent"
| #define VERSION "2.0.21-stable"
| #define NUMERIC_VERSION 0x02001500
| #define STDC_HEADERS 1
| #define HAVE_SYS_TYPES_H 1
| #define HAVE_SYS_STAT_H 1
| #define HAVE_STDLIB_H 1
| #define HAVE_STRING_H 1
| #define HAVE_MEMORY_H 1
| #define HAVE_STRINGS_H 1
| #define HAVE_INTTYPES_H 1
| #define HAVE_STDINT_H 1
| #define HAVE_UNISTD_H 1
| #define HAVE_DLFCN_H 1
| #define LT_OBJDIR ".libs/"
| #define HAVE_ZLIB_H 1
| #define HAVE_LIBZ 1
| #define HAVE_OPENSSL_BIO_H 1
| #define STDC_HEADERS 1
| #define HAVE_FCNTL_H 1
| #define HAVE_STDARG_H 1
| #define HAVE_INTTYPES_H 1
| #define HAVE_STDINT_H 1
| #define HAVE_STDDEF_H 1
| #define HAVE_POLL_H 1
| #define HAVE_UNISTD_H 1
| #define HAVE_SYS_EPOLL_H 1
| #define HAVE_SYS_TIME_H 1
| #define HAVE_SYS_QUEUE_H 1
| #define HAVE_SYS_PARAM_H 1
| #define HAVE_SYS_IOCTL_H 1
| #define HAVE_SYS_SELECT_H 1
| #define HAVE_NETINET_IN_H 1
| #define HAVE_SYS_SOCKET_H 1
| #define HAVE_SYS_UIO_H 1
| #define HAVE_ARPA_INET_H 1
| #define HAVE_SYS_EVENTFD_H 1
| #define HAVE_SYS_MMAN_H 1
| #define HAVE_SYS_SENDFILE_H 1
| #define HAVE_SYS_WAIT_H 1
| #define HAVE_NETDB_H 1
| #define HAVE_SYS_STAT_H 1
| #define HAVE_TAILQFOREACH 1
| #define HAVE_TIMERADD 1
| #define HAVE_TIMERCMP 1
| #define HAVE_TIMERCLEAR 1
| #define HAVE_TIMERISSET 1
| #define TIME_WITH_SYS_TIME 1
| #define HAVE_GETTIMEOFDAY 1
| #define HAVE_VASPRINTF 1
| #define HAVE_FCNTL 1
| #define HAVE_CLOCK_GETTIME 1
| #define HAVE_STRTOK_R 1
| #define HAVE_STRSEP 1
| #define HAVE_GETNAMEINFO 1
| #define HAVE_STRLCPY 1
| #define HAVE_INET_NTOP 1
| #define HAVE_INET_PTON 1
| #define HAVE_SIGNAL 1
| #define HAVE_SIGACTION 1
| #define HAVE_STRTOLL 1
| #define HAVE_INET_ATON 1
| #define HAVE_PIPE 1
| #define HAVE_EVENTFD 1
| #define HAVE_SENDFILE 1
| #define HAVE_MMAP 1
| #define HAVE_SPLICE 1
| #define HAVE_ISSETUGID 1
| #define HAVE_GETEUID 1
| #define HAVE_GETEGID 1
| #define HAVE_GETPROTOBYNUMBER 1
| #define HAVE_SETENV 1
| #define HAVE_UNSETENV 1
| #define HAVE_PUTENV 1
| #define HAVE_UMASK 1
| #define HAVE_GETADDRINFO 1
| #define SIZEOF_LONG 4
| #define HAVE_SETFD 1
| #define HAVE_SELECT 1
| #define HAVE_POLL 1
| #define HAVE_EPOLL_CTL 1
| #define HAVE_EPOLL 1
| #define HAVE_UINT64_T 1
| #define HAVE_UINT32_T 1
| #define HAVE_UINT16_T 1
| #define HAVE_UINT8_T 1
| #define HAVE_UINTPTR_T 1
| #define HAVE_FD_MASK 1
| #define SIZEOF_LONG_LONG 8
| #define SIZEOF_LONG 4
| #define SIZEOF_INT 4
| #define SIZEOF_SHORT 2
| #define SIZEOF_SIZE_T 4
| #define SIZEOF_VOID_P 4
| #define HAVE_STRUCT_IN6_ADDR 1
| #define HAVE_STRUCT_SOCKADDR_IN6 1
| #define HAVE_SA_FAMILY_T 1
| #define HAVE_STRUCT_ADDRINFO 1
| #define HAVE_STRUCT_SOCKADDR_STORAGE 1
| #define HAVE_STRUCT_IN6_ADDR_S6_ADDR32 1
| #define HAVE_STRUCT_IN6_ADDR_S6_ADDR16 1
| /* end confdefs.h.  */
| #include <sys/types.h>
| #ifdef HAVE_NETINET_IN_H
| #include <netinet/in.h>
| #endif
| #ifdef HAVE_NETINET_IN6_H
| #include <netinet/in6.h>
| #endif
| #ifdef HAVE_SYS_SOCKET_H
| #include <sys/socket.h>
| #endif
| #ifdef WIN32
| #define WIN32_WINNT 0x400
| #define _WIN32_WINNT 0x400
| #define WIN32_LEAN_AND_MEAN
| #if defined(_MSC_VER) && (_MSC_VER < 1300)
| #include <winsock.h>
| #else
| #include <winsock2.h>
| #include <ws2tcpip.h>
| #endif
| #endif
| 
| 
| int
| main ()
| {
| static struct sockaddr_in6 ac_aggr;
| if (sizeof ac_aggr.sin6_len)
| return 0;
|   ;
|   return 0;
| }
configure:14871: result: no
configure:14902: checking for struct sockaddr_storage.ss_family
configure:14902: /opt/lede-toolchain-ramips-mt7621_gcc-5.4.0_musl-1.1.24.Linux-x86_64/toolchain-mipsel_24kc_gcc-5.4.0_musl-1.1.24/bin/mipsel-openwrt-linux-musl-gcc -c -DRTAX53U -DRTAX53U -DRTAX53U -DMUSL_LIBC -DRTAX53U -DBCM_EVENTD -DEXT_ACS -D__CONFIG_EMF__ -D__CONFIG_WPS__ -Os -Wall -DLINUX26 -DCONFIG_RALINK -DMUSL_LIBC -DDEBUG_NOISY -DDEBUG_RCTEST -D_GNU_SOURCE -D__UAPI_DEF_ETHHDR -DRALINK_DBDC_MODE -pipe -funit-at-a-time -Wno-pointer-sign -mtune=mips32 -mips32 -DLINUX_KERNEL_VERSION=263366 --sysroot=/opt/lede-toolchain-ramips-mt7621_gcc-5.4.0_musl-1.1.24.Linux-x86_64/toolchain-mipsel_24kc_gcc-5.4.0_musl-1.1.24  -I/repo/Pass_GPL/asuswrt/release/src-ra-openwrt-4210/router/mipsel-musl/stage/usr/include -Wall -fno-strict-aliasing  conftest.c >&5
configure:14902: $? = 0
configure:14902: result: yes
configure:14933: checking for struct sockaddr_storage.__ss_family
configure:14933: /opt/lede-toolchain-ramips-mt7621_gcc-5.4.0_musl-1.1.24.Linux-x86_64/toolchain-mipsel_24kc_gcc-5.4.0_musl-1.1.24/bin/mipsel-openwrt-linux-musl-gcc -c -DRTAX53U -DRTAX53U -DRTAX53U -DMUSL_LIBC -DRTAX53U -DBCM_EVENTD -DEXT_ACS -D__CONFIG_EMF__ -D__CONFIG_WPS__ -Os -Wall -DLINUX26 -DCONFIG_RALINK -DMUSL_LIBC -DDEBUG_NOISY -DDEBUG_RCTEST -D_GNU_SOURCE -D__UAPI_DEF_ETHHDR -DRALINK_DBDC_MODE -pipe -funit-at-a-time -Wno-pointer-sign -mtune=mips32 -mips32 -DLINUX_KERNEL_VERSION=263366 --sysroot=/opt/lede-toolchain-ramips-mt7621_gcc-5.4.0_musl-1.1.24.Linux-x86_64/toolchain-mipsel_24kc_gcc-5.4.0_musl-1.1.24  -I/repo/Pass_GPL/asuswrt/release/src-ra-openwrt-4210/router/mipsel-musl/stage/usr/include -Wall -fno-strict-aliasing  conftest.c >&5
conftest.c: In function 'main':
conftest.c:138:12: error: 'struct sockaddr_storage' has no member named '__ss_family'
 if (ac_aggr.__ss_family)
            ^
conftest.c:137:32: warning: variable 'ac_aggr' set but not used [-Wunused-but-set-variable]
 static struct sockaddr_storage ac_aggr;
                                ^
configure:14933: $? = 1
configure: failed program was:
| /* confdefs.h */
| #define PACKAGE_NAME ""
| #define PACKAGE_TARNAME ""
| #define PACKAGE_VERSION ""
| #define PACKAGE_STRING ""
| #define PACKAGE_BUGREPORT ""
| #define PACKAGE_URL ""
| #define PACKAGE "libevent"
| #define VERSION "2.0.21-stable"
| #define NUMERIC_VERSION 0x02001500
| #define STDC_HEADERS 1
| #define HAVE_SYS_TYPES_H 1
| #define HAVE_SYS_STAT_H 1
| #define HAVE_STDLIB_H 1
| #define HAVE_STRING_H 1
| #define HAVE_MEMORY_H 1
| #define HAVE_STRINGS_H 1
| #define HAVE_INTTYPES_H 1
| #define HAVE_STDINT_H 1
| #define HAVE_UNISTD_H 1
| #define HAVE_DLFCN_H 1
| #define LT_OBJDIR ".libs/"
| #define HAVE_ZLIB_H 1
| #define HAVE_LIBZ 1
| #define HAVE_OPENSSL_BIO_H 1
| #define STDC_HEADERS 1
| #define HAVE_FCNTL_H 1
| #define HAVE_STDARG_H 1
| #define HAVE_INTTYPES_H 1
| #define HAVE_STDINT_H 1
| #define HAVE_STDDEF_H 1
| #define HAVE_POLL_H 1
| #define HAVE_UNISTD_H 1
| #define HAVE_SYS_EPOLL_H 1
| #define HAVE_SYS_TIME_H 1
| #define HAVE_SYS_QUEUE_H 1
| #define HAVE_SYS_PARAM_H 1
| #define HAVE_SYS_IOCTL_H 1
| #define HAVE_SYS_SELECT_H 1
| #define HAVE_NETINET_IN_H 1
| #define HAVE_SYS_SOCKET_H 1
| #define HAVE_SYS_UIO_H 1
| #define HAVE_ARPA_INET_H 1
| #define HAVE_SYS_EVENTFD_H 1
| #define HAVE_SYS_MMAN_H 1
| #define HAVE_SYS_SENDFILE_H 1
| #define HAVE_SYS_WAIT_H 1
| #define HAVE_NETDB_H 1
| #define HAVE_SYS_STAT_H 1
| #define HAVE_TAILQFOREACH 1
| #define HAVE_TIMERADD 1
| #define HAVE_TIMERCMP 1
| #define HAVE_TIMERCLEAR 1
| #define HAVE_TIMERISSET 1
| #define TIME_WITH_SYS_TIME 1
| #define HAVE_GETTIMEOFDAY 1
| #define HAVE_VASPRINTF 1
| #define HAVE_FCNTL 1
| #define HAVE_CLOCK_GETTIME 1
| #define HAVE_STRTOK_R 1
| #define HAVE_STRSEP 1
| #define HAVE_GETNAMEINFO 1
| #define HAVE_STRLCPY 1
| #define HAVE_INET_NTOP 1
| #define HAVE_INET_PTON 1
| #define HAVE_SIGNAL 1
| #define HAVE_SIGACTION 1
| #define HAVE_STRTOLL 1
| #define HAVE_INET_ATON 1
| #define HAVE_PIPE 1
| #define HAVE_EVENTFD 1
| #define HAVE_SENDFILE 1
| #define HAVE_MMAP 1
| #define HAVE_SPLICE 1
| #define HAVE_ISSETUGID 1
| #define HAVE_GETEUID 1
| #define HAVE_GETEGID 1
| #define HAVE_GETPROTOBYNUMBER 1
| #define HAVE_SETENV 1
| #define HAVE_UNSETENV 1
| #define HAVE_PUTENV 1
| #define HAVE_UMASK 1
| #define HAVE_GETADDRINFO 1
| #define SIZEOF_LONG 4
| #define HAVE_SETFD 1
| #define HAVE_SELECT 1
| #define HAVE_POLL 1
| #define HAVE_EPOLL_CTL 1
| #define HAVE_EPOLL 1
| #define HAVE_UINT64_T 1
| #define HAVE_UINT32_T 1
| #define HAVE_UINT16_T 1
| #define HAVE_UINT8_T 1
| #define HAVE_UINTPTR_T 1
| #define HAVE_FD_MASK 1
| #define SIZEOF_LONG_LONG 8
| #define SIZEOF_LONG 4
| #define SIZEOF_INT 4
| #define SIZEOF_SHORT 2
| #define SIZEOF_SIZE_T 4
| #define SIZEOF_VOID_P 4
| #define HAVE_STRUCT_IN6_ADDR 1
| #define HAVE_STRUCT_SOCKADDR_IN6 1
| #define HAVE_SA_FAMILY_T 1
| #define HAVE_STRUCT_ADDRINFO 1
| #define HAVE_STRUCT_SOCKADDR_STORAGE 1
| #define HAVE_STRUCT_IN6_ADDR_S6_ADDR32 1
| #define HAVE_STRUCT_IN6_ADDR_S6_ADDR16 1
| #define HAVE_STRUCT_SOCKADDR_STORAGE_SS_FAMILY 1
| /* end confdefs.h.  */
| #include <sys/types.h>
| #ifdef HAVE_NETINET_IN_H
| #include <netinet/in.h>
| #endif
| #ifdef HAVE_NETINET_IN6_H
| #include <netinet/in6.h>
| #endif
| #ifdef HAVE_SYS_SOCKET_H
| #include <sys/socket.h>
| #endif
| #ifdef WIN32
| #define WIN32_WINNT 0x400
| #define _WIN32_WINNT 0x400
| #define WIN32_LEAN_AND_MEAN
| #if defined(_MSC_VER) && (_MSC_VER < 1300)
| #include <winsock.h>
| #else
| #include <winsock2.h>
| #include <ws2tcpip.h>
| #endif
| #endif
| 
| 
| int
| main ()
| {
| static struct sockaddr_storage ac_aggr;
| if (ac_aggr.__ss_family)
| return 0;
|   ;
|   return 0;
| }
configure:14933: /opt/lede-toolchain-ramips-mt7621_gcc-5.4.0_musl-1.1.24.Linux-x86_64/toolchain-mipsel_24kc_gcc-5.4.0_musl-1.1.24/bin/mipsel-openwrt-linux-musl-gcc -c -DRTAX53U -DRTAX53U -DRTAX53U -DMUSL_LIBC -DRTAX53U -DBCM_EVENTD -DEXT_ACS -D__CONFIG_EMF__ -D__CONFIG_WPS__ -Os -Wall -DLINUX26 -DCONFIG_RALINK -DMUSL_LIBC -DDEBUG_NOISY -DDEBUG_RCTEST -D_GNU_SOURCE -D__UAPI_DEF_ETHHDR -DRALINK_DBDC_MODE -pipe -funit-at-a-time -Wno-pointer-sign -mtune=mips32 -mips32 -DLINUX_KERNEL_VERSION=263366 --sysroot=/opt/lede-toolchain-ramips-mt7621_gcc-5.4.0_musl-1.1.24.Linux-x86_64/toolchain-mipsel_24kc_gcc-5.4.0_musl-1.1.24  -I/repo/Pass_GPL/asuswrt/release/src-ra-openwrt-4210/router/mipsel-musl/stage/usr/include -Wall -fno-strict-aliasing  conftest.c >&5
conftest.c: In function 'main':
conftest.c:138:19: error: 'struct sockaddr_storage' has no member named '__ss_family'
 if (sizeof ac_aggr.__ss_family)
                   ^
conftest.c:137:32: warning: variable 'ac_aggr' set but not used [-Wunused-but-set-variable]
 static struct sockaddr_storage ac_aggr;
                                ^
configure:14933: $? = 1
configure: failed program was:
| /* confdefs.h */
| #define PACKAGE_NAME ""
| #define PACKAGE_TARNAME ""
| #define PACKAGE_VERSION ""
| #define PACKAGE_STRING ""
| #define PACKAGE_BUGREPORT ""
| #define PACKAGE_URL ""
| #define PACKAGE "libevent"
| #define VERSION "2.0.21-stable"
| #define NUMERIC_VERSION 0x02001500
| #define STDC_HEADERS 1
| #define HAVE_SYS_TYPES_H 1
| #define HAVE_SYS_STAT_H 1
| #define HAVE_STDLIB_H 1
| #define HAVE_STRING_H 1
| #define HAVE_MEMORY_H 1
| #define HAVE_STRINGS_H 1
| #define HAVE_INTTYPES_H 1
| #define HAVE_STDINT_H 1
| #define HAVE_UNISTD_H 1
| #define HAVE_DLFCN_H 1
| #define LT_OBJDIR ".libs/"
| #define HAVE_ZLIB_H 1
| #define HAVE_LIBZ 1
| #define HAVE_OPENSSL_BIO_H 1
| #define STDC_HEADERS 1
| #define HAVE_FCNTL_H 1
| #define HAVE_STDARG_H 1
| #define HAVE_INTTYPES_H 1
| #define HAVE_STDINT_H 1
| #define HAVE_STDDEF_H 1
| #define HAVE_POLL_H 1
| #define HAVE_UNISTD_H 1
| #define HAVE_SYS_EPOLL_H 1
| #define HAVE_SYS_TIME_H 1
| #define HAVE_SYS_QUEUE_H 1
| #define HAVE_SYS_PARAM_H 1
| #define HAVE_SYS_IOCTL_H 1
| #define HAVE_SYS_SELECT_H 1
| #define HAVE_NETINET_IN_H 1
| #define HAVE_SYS_SOCKET_H 1
| #define HAVE_SYS_UIO_H 1
| #define HAVE_ARPA_INET_H 1
| #define HAVE_SYS_EVENTFD_H 1
| #define HAVE_SYS_MMAN_H 1
| #define HAVE_SYS_SENDFILE_H 1
| #define HAVE_SYS_WAIT_H 1
| #define HAVE_NETDB_H 1
| #define HAVE_SYS_STAT_H 1
| #define HAVE_TAILQFOREACH 1
| #define HAVE_TIMERADD 1
| #define HAVE_TIMERCMP 1
| #define HAVE_TIMERCLEAR 1
| #define HAVE_TIMERISSET 1
| #define TIME_WITH_SYS_TIME 1
| #define HAVE_GETTIMEOFDAY 1
| #define HAVE_VASPRINTF 1
| #define HAVE_FCNTL 1
| #define HAVE_CLOCK_GETTIME 1
| #define HAVE_STRTOK_R 1
| #define HAVE_STRSEP 1
| #define HAVE_GETNAMEINFO 1
| #define HAVE_STRLCPY 1
| #define HAVE_INET_NTOP 1
| #define HAVE_INET_PTON 1
| #define HAVE_SIGNAL 1
| #define HAVE_SIGACTION 1
| #define HAVE_STRTOLL 1
| #define HAVE_INET_ATON 1
| #define HAVE_PIPE 1
| #define HAVE_EVENTFD 1
| #define HAVE_SENDFILE 1
| #define HAVE_MMAP 1
| #define HAVE_SPLICE 1
| #define HAVE_ISSETUGID 1
| #define HAVE_GETEUID 1
| #define HAVE_GETEGID 1
| #define HAVE_GETPROTOBYNUMBER 1
| #define HAVE_SETENV 1
| #define HAVE_UNSETENV 1
| #define HAVE_PUTENV 1
| #define HAVE_UMASK 1
| #define HAVE_GETADDRINFO 1
| #define SIZEOF_LONG 4
| #define HAVE_SETFD 1
| #define HAVE_SELECT 1
| #define HAVE_POLL 1
| #define HAVE_EPOLL_CTL 1
| #define HAVE_EPOLL 1
| #define HAVE_UINT64_T 1
| #define HAVE_UINT32_T 1
| #define HAVE_UINT16_T 1
| #define HAVE_UINT8_T 1
| #define HAVE_UINTPTR_T 1
| #define HAVE_FD_MASK 1
| #define SIZEOF_LONG_LONG 8
| #define SIZEOF_LONG 4
| #define SIZEOF_INT 4
| #define SIZEOF_SHORT 2
| #define SIZEOF_SIZE_T 4
| #define SIZEOF_VOID_P 4
| #define HAVE_STRUCT_IN6_ADDR 1
| #define HAVE_STRUCT_SOCKADDR_IN6 1
| #define HAVE_SA_FAMILY_T 1
| #define HAVE_STRUCT_ADDRINFO 1
| #define HAVE_STRUCT_SOCKADDR_STORAGE 1
| #define HAVE_STRUCT_IN6_ADDR_S6_ADDR32 1
| #define HAVE_STRUCT_IN6_ADDR_S6_ADDR16 1
| #define HAVE_STRUCT_SOCKADDR_STORAGE_SS_FAMILY 1
| /* end confdefs.h.  */
| #include <sys/types.h>
| #ifdef HAVE_NETINET_IN_H
| #include <netinet/in.h>
| #endif
| #ifdef HAVE_NETINET_IN6_H
| #include <netinet/in6.h>
| #endif
| #ifdef HAVE_SYS_SOCKET_H
| #include <sys/socket.h>
| #endif
| #ifdef WIN32
| #define WIN32_WINNT 0x400
| #define _WIN32_WINNT 0x400
| #define WIN32_LEAN_AND_MEAN
| #if defined(_MSC_VER) && (_MSC_VER < 1300)
| #include <winsock.h>
| #else
| #include <winsock2.h>
| #include <ws2tcpip.h>
| #endif
| #endif
| 
| 
| int
| main ()
| {
| static struct sockaddr_storage ac_aggr;
| if (sizeof ac_aggr.__ss_family)
| return 0;
|   ;
|   return 0;
| }
configure:14933: result: no
configure:14966: checking for socklen_t
configure:14981: /opt/lede-toolchain-ramips-mt7621_gcc-5.4.0_musl-1.1.24.Linux-x86_64/toolchain-mipsel_24kc_gcc-5.4.0_musl-1.1.24/bin/mipsel-openwrt-linux-musl-gcc -c -DRTAX53U -DRTAX53U -DRTAX53U -DMUSL_LIBC -DRTAX53U -DBCM_EVENTD -DEXT_ACS -D__CONFIG_EMF__ -D__CONFIG_WPS__ -Os -Wall -DLINUX26 -DCONFIG_RALINK -DMUSL_LIBC -DDEBUG_NOISY -DDEBUG_RCTEST -D_GNU_SOURCE -D__UAPI_DEF_ETHHDR -DRALINK_DBDC_MODE -pipe -funit-at-a-time -Wno-pointer-sign -mtune=mips32 -mips32 -DLINUX_KERNEL_VERSION=263366 --sysroot=/opt/lede-toolchain-ramips-mt7621_gcc-5.4.0_musl-1.1.24.Linux-x86_64/toolchain-mipsel_24kc_gcc-5.4.0_musl-1.1.24  -I/repo/Pass_GPL/asuswrt/release/src-ra-openwrt-4210/router/mipsel-musl/stage/usr/include -Wall -fno-strict-aliasing  conftest.c >&5
conftest.c: In function 'main':
conftest.c:117:11: warning: unused variable 'x' [-Wunused-variable]
 socklen_t x;
           ^
configure:14981: $? = 0
configure:14982: result: yes
configure:14994: checking whether our compiler supports __func__
configure:15007: /opt/lede-toolchain-ramips-mt7621_gcc-5.4.0_musl-1.1.24.Linux-x86_64/toolchain-mipsel_24kc_gcc-5.4.0_musl-1.1.24/bin/mipsel-openwrt-linux-musl-gcc -c -DRTAX53U -DRTAX53U -DRTAX53U -DMUSL_LIBC -DRTAX53U -DBCM_EVENTD -DEXT_ACS -D__CONFIG_EMF__ -D__CONFIG_WPS__ -Os -Wall -DLINUX26 -DCONFIG_RALINK -DMUSL_LIBC -DDEBUG_NOISY -DDEBUG_RCTEST -D_GNU_SOURCE -D__UAPI_DEF_ETHHDR -DRALINK_DBDC_MODE -pipe -funit-at-a-time -Wno-pointer-sign -mtune=mips32 -mips32 -DLINUX_KERNEL_VERSION=263366 --sysroot=/opt/lede-toolchain-ramips-mt7621_gcc-5.4.0_musl-1.1.24.Linux-x86_64/toolchain-mipsel_24kc_gcc-5.4.0_musl-1.1.24  -I/repo/Pass_GPL/asuswrt/release/src-ra-openwrt-4210/router/mipsel-musl/stage/usr/include -Wall -fno-strict-aliasing  conftest.c >&5
conftest.c: In function 'main':
conftest.c:115:14: warning: unused variable 'cp' [-Wunused-variable]
  const char *cp = __func__;
              ^
configure:15007: $? = 0
configure:15008: result: yes
configure:15212: checking for the pthreads library -lpthreads
configure:15245: /opt/lede-toolchain-ramips-mt7621_gcc-5.4.0_musl-1.1.24.Linux-x86_64/toolchain-mipsel_24kc_gcc-5.4.0_musl-1.1.24/bin/mipsel-openwrt-linux-musl-gcc -o conftest -DRTAX53U -DRTAX53U -DRTAX53U -DMUSL_LIBC -DRTAX53U -DBCM_EVENTD -DEXT_ACS -D__CONFIG_EMF__ -D__CONFIG_WPS__ -Os -Wall -DLINUX26 -DCONFIG_RALINK -DMUSL_LIBC -DDEBUG_NOISY -DDEBUG_RCTEST -D_GNU_SOURCE -D__UAPI_DEF_ETHHDR -DRALINK_DBDC_MODE -pipe -funit-at-a-time -Wno-pointer-sign -mtune=mips32 -mips32 -DLINUX_KERNEL_VERSION=263366 --sysroot=/opt/lede-toolchain-ramips-mt7621_gcc-5.4.0_musl-1.1.24.Linux-x86_64/toolchain-mipsel_24kc_gcc-5.4.0_musl-1.1.24  -I/repo/Pass_GPL/asuswrt/release/src-ra-openwrt-4210/router/mipsel-musl/stage/usr/include -Wall -fno-strict-aliasing   -L/repo/Pass_GPL/asuswrt/release/src-ra-openwrt-4210/router/mipsel-musl/stage/usr/lib conftest.c -lpthreads  >&5
conftest.c: In function 'main':
conftest.c:115:15: warning: 'th' is used uninitialized in this function [-Wuninitialized]
 pthread_t th; pthread_join(th, 0);
               ^
/opt/lede-toolchain-ramips-mt7621_gcc-5.4.0_musl-1.1.24.Linux-x86_64/toolchain-mipsel_24kc_gcc-5.4.0_musl-1.1.24/bin/../lib/gcc/mipsel-openwrt-linux-musl/5.4.0/../../../../mipsel-openwrt-linux-musl/bin/ld: cannot find -lpthreads
collect2: error: ld returned 1 exit status
configure:15245: $? = 1
configure: failed program was:
| /* confdefs.h */
| #define PACKAGE_NAME ""
| #define PACKAGE_TARNAME ""
| #define PACKAGE_VERSION ""
| #define PACKAGE_STRING ""
| #define PACKAGE_BUGREPORT ""
| #define PACKAGE_URL ""
| #define PACKAGE "libevent"
| #define VERSION "2.0.21-stable"
| #define NUMERIC_VERSION 0x02001500
| #define STDC_HEADERS 1
| #define HAVE_SYS_TYPES_H 1
| #define HAVE_SYS_STAT_H 1
| #define HAVE_STDLIB_H 1
| #define HAVE_STRING_H 1
| #define HAVE_MEMORY_H 1
| #define HAVE_STRINGS_H 1
| #define HAVE_INTTYPES_H 1
| #define HAVE_STDINT_H 1
| #define HAVE_UNISTD_H 1
| #define HAVE_DLFCN_H 1
| #define LT_OBJDIR ".libs/"
| #define HAVE_ZLIB_H 1
| #define HAVE_LIBZ 1
| #define HAVE_OPENSSL_BIO_H 1
| #define STDC_HEADERS 1
| #define HAVE_FCNTL_H 1
| #define HAVE_STDARG_H 1
| #define HAVE_INTTYPES_H 1
| #define HAVE_STDINT_H 1
| #define HAVE_STDDEF_H 1
| #define HAVE_POLL_H 1
| #define HAVE_UNISTD_H 1
| #define HAVE_SYS_EPOLL_H 1
| #define HAVE_SYS_TIME_H 1
| #define HAVE_SYS_QUEUE_H 1
| #define HAVE_SYS_PARAM_H 1
| #define HAVE_SYS_IOCTL_H 1
| #define HAVE_SYS_SELECT_H 1
| #define HAVE_NETINET_IN_H 1
| #define HAVE_SYS_SOCKET_H 1
| #define HAVE_SYS_UIO_H 1
| #define HAVE_ARPA_INET_H 1
| #define HAVE_SYS_EVENTFD_H 1
| #define HAVE_SYS_MMAN_H 1
| #define HAVE_SYS_SENDFILE_H 1
| #define HAVE_SYS_WAIT_H 1
| #define HAVE_NETDB_H 1
| #define HAVE_SYS_STAT_H 1
| #define HAVE_TAILQFOREACH 1
| #define HAVE_TIMERADD 1
| #define HAVE_TIMERCMP 1
| #define HAVE_TIMERCLEAR 1
| #define HAVE_TIMERISSET 1
| #define TIME_WITH_SYS_TIME 1
| #define HAVE_GETTIMEOFDAY 1
| #define HAVE_VASPRINTF 1
| #define HAVE_FCNTL 1
| #define HAVE_CLOCK_GETTIME 1
| #define HAVE_STRTOK_R 1
| #define HAVE_STRSEP 1
| #define HAVE_GETNAMEINFO 1
| #define HAVE_STRLCPY 1
| #define HAVE_INET_NTOP 1
| #define HAVE_INET_PTON 1
| #define HAVE_SIGNAL 1
| #define HAVE_SIGACTION 1
| #define HAVE_STRTOLL 1
| #define HAVE_INET_ATON 1
| #define HAVE_PIPE 1
| #define HAVE_EVENTFD 1
| #define HAVE_SENDFILE 1
| #define HAVE_MMAP 1
| #define HAVE_SPLICE 1
| #define HAVE_ISSETUGID 1
| #define HAVE_GETEUID 1
| #define HAVE_GETEGID 1
| #define HAVE_GETPROTOBYNUMBER 1
| #define HAVE_SETENV 1
| #define HAVE_UNSETENV 1
| #define HAVE_PUTENV 1
| #define HAVE_UMASK 1
| #define HAVE_GETADDRINFO 1
| #define SIZEOF_LONG 4
| #define HAVE_SETFD 1
| #define HAVE_SELECT 1
| #define HAVE_POLL 1
| #define HAVE_EPOLL_CTL 1
| #define HAVE_EPOLL 1
| #define HAVE_UINT64_T 1
| #define HAVE_UINT32_T 1
| #define HAVE_UINT16_T 1
| #define HAVE_UINT8_T 1
| #define HAVE_UINTPTR_T 1
| #define HAVE_FD_MASK 1
| #define SIZEOF_LONG_LONG 8
| #define SIZEOF_LONG 4
| #define SIZEOF_INT 4
| #define SIZEOF_SHORT 2
| #define SIZEOF_SIZE_T 4
| #define SIZEOF_VOID_P 4
| #define HAVE_STRUCT_IN6_ADDR 1
| #define HAVE_STRUCT_SOCKADDR_IN6 1
| #define HAVE_SA_FAMILY_T 1
| #define HAVE_STRUCT_ADDRINFO 1
| #define HAVE_STRUCT_SOCKADDR_STORAGE 1
| #define HAVE_STRUCT_IN6_ADDR_S6_ADDR32 1
| #define HAVE_STRUCT_IN6_ADDR_S6_ADDR16 1
| #define HAVE_STRUCT_SOCKADDR_STORAGE_SS_FAMILY 1
| /* end confdefs.h.  */
| #include <pthread.h>
| int
| main ()
| {
| pthread_t th; pthread_join(th, 0);
|                      pthread_attr_init(0); pthread_cleanup_push(0, 0);
|                      pthread_create(0,0,0,0); pthread_cleanup_pop(0);
|   ;
|   return 0;
| }
configure:15254: result: no
configure:15157: checking whether pthreads work without any flags
configure:15245: /opt/lede-toolchain-ramips-mt7621_gcc-5.4.0_musl-1.1.24.Linux-x86_64/toolchain-mipsel_24kc_gcc-5.4.0_musl-1.1.24/bin/mipsel-openwrt-linux-musl-gcc -o conftest -DRTAX53U -DRTAX53U -DRTAX53U -DMUSL_LIBC -DRTAX53U -DBCM_EVENTD -DEXT_ACS -D__CONFIG_EMF__ -D__CONFIG_WPS__ -Os -Wall -DLINUX26 -DCONFIG_RALINK -DMUSL_LIBC -DDEBUG_NOISY -DDEBUG_RCTEST -D_GNU_SOURCE -D__UAPI_DEF_ETHHDR -DRALINK_DBDC_MODE -pipe -funit-at-a-time -Wno-pointer-sign -mtune=mips32 -mips32 -DLINUX_KERNEL_VERSION=263366 --sysroot=/opt/lede-toolchain-ramips-mt7621_gcc-5.4.0_musl-1.1.24.Linux-x86_64/toolchain-mipsel_24kc_gcc-5.4.0_musl-1.1.24  -I/repo/Pass_GPL/asuswrt/release/src-ra-openwrt-4210/router/mipsel-musl/stage/usr/include -Wall -fno-strict-aliasing   -L/repo/Pass_GPL/asuswrt/release/src-ra-openwrt-4210/router/mipsel-musl/stage/usr/lib conftest.c   >&5
conftest.c: In function 'main':
conftest.c:115:15: warning: 'th' is used uninitialized in this function [-Wuninitialized]
 pthread_t th; pthread_join(th, 0);
               ^
configure:15245: $? = 0
configure:15254: result: yes
configure:15273: checking for joinable pthread attribute
configure:15288: /opt/lede-toolchain-ramips-mt7621_gcc-5.4.0_musl-1.1.24.Linux-x86_64/toolchain-mipsel_24kc_gcc-5.4.0_musl-1.1.24/bin/mipsel-openwrt-linux-musl-gcc -o conftest -DRTAX53U -DRTAX53U -DRTAX53U -DMUSL_LIBC -DRTAX53U -DBCM_EVENTD -DEXT_ACS -D__CONFIG_EMF__ -D__CONFIG_WPS__ -Os -Wall -DLINUX26 -DCONFIG_RALINK -DMUSL_LIBC -DDEBUG_NOISY -DDEBUG_RCTEST -D_GNU_SOURCE -D__UAPI_DEF_ETHHDR -DRALINK_DBDC_MODE -pipe -funit-at-a-time -Wno-pointer-sign -mtune=mips32 -mips32 -DLINUX_KERNEL_VERSION=263366 --sysroot=/opt/lede-toolchain-ramips-mt7621_gcc-5.4.0_musl-1.1.24.Linux-x86_64/toolchain-mipsel_24kc_gcc-5.4.0_musl-1.1.24  -I/repo/Pass_GPL/asuswrt/release/src-ra-openwrt-4210/router/mipsel-musl/stage/usr/include -Wall -fno-strict-aliasing   -L/repo/Pass_GPL/asuswrt/release/src-ra-openwrt-4210/router/mipsel-musl/stage/usr/lib conftest.c   >&5
configure:15288: $? = 0
configure:15294: result: PTHREAD_CREATE_JOINABLE
configure:15304: checking if more special flags are required for pthreads
configure:15311: result: no
configure:15400: checking size of pthread_t
configure:15405: /opt/lede-toolchain-ramips-mt7621_gcc-5.4.0_musl-1.1.24.Linux-x86_64/toolchain-mipsel_24kc_gcc-5.4.0_musl-1.1.24/bin/mipsel-openwrt-linux-musl-gcc -c -DRTAX53U -DRTAX53U -DRTAX53U -DMUSL_LIBC -DRTAX53U -DBCM_EVENTD -DEXT_ACS -D__CONFIG_EMF__ -D__CONFIG_WPS__ -Os -Wall -DLINUX26 -DCONFIG_RALINK -DMUSL_LIBC -DDEBUG_NOISY -DDEBUG_RCTEST -D_GNU_SOURCE -D__UAPI_DEF_ETHHDR -DRALINK_DBDC_MODE -pipe -funit-at-a-time -Wno-pointer-sign -mtune=mips32 -mips32 -DLINUX_KERNEL_VERSION=263366 --sysroot=/opt/lede-toolchain-ramips-mt7621_gcc-5.4.0_musl-1.1.24.Linux-x86_64/toolchain-mipsel_24kc_gcc-5.4.0_musl-1.1.24  -I/repo/Pass_GPL/asuswrt/release/src-ra-openwrt-4210/router/mipsel-musl/stage/usr/include -Wall -fno-strict-aliasing   conftest.c >&5
configure:15405: $? = 0
configure:15405: /opt/lede-toolchain-ramips-mt7621_gcc-5.4.0_musl-1.1.24.Linux-x86_64/toolchain-mipsel_24kc_gcc-5.4.0_musl-1.1.24/bin/mipsel-openwrt-linux-musl-gcc -c -DRTAX53U -DRTAX53U -DRTAX53U -DMUSL_LIBC -DRTAX53U -DBCM_EVENTD -DEXT_ACS -D__CONFIG_EMF__ -D__CONFIG_WPS__ -Os -Wall -DLINUX26 -DCONFIG_RALINK -DMUSL_LIBC -DDEBUG_NOISY -DDEBUG_RCTEST -D_GNU_SOURCE -D__UAPI_DEF_ETHHDR -DRALINK_DBDC_MODE -pipe -funit-at-a-time -Wno-pointer-sign -mtune=mips32 -mips32 -DLINUX_KERNEL_VERSION=263366 --sysroot=/opt/lede-toolchain-ramips-mt7621_gcc-5.4.0_musl-1.1.24.Linux-x86_64/toolchain-mipsel_24kc_gcc-5.4.0_musl-1.1.24  -I/repo/Pass_GPL/asuswrt/release/src-ra-openwrt-4210/router/mipsel-musl/stage/usr/include -Wall -fno-strict-aliasing   conftest.c >&5
conftest.c: In function 'main':
conftest.c:151:12: error: size of array 'test_array' is negative
 static int test_array [1 - 2 * !(((long int) (sizeof (pthread_t))) <= 0)];
            ^
configure:15405: $? = 1
configure: failed program was:
| /* confdefs.h */
| #define PACKAGE_NAME ""
| #define PACKAGE_TARNAME ""
| #define PACKAGE_VERSION ""
| #define PACKAGE_STRING ""
| #define PACKAGE_BUGREPORT ""
| #define PACKAGE_URL ""
| #define PACKAGE "libevent"
| #define VERSION "2.0.21-stable"
| #define NUMERIC_VERSION 0x02001500
| #define STDC_HEADERS 1
| #define HAVE_SYS_TYPES_H 1
| #define HAVE_SYS_STAT_H 1
| #define HAVE_STDLIB_H 1
| #define HAVE_STRING_H 1
| #define HAVE_MEMORY_H 1
| #define HAVE_STRINGS_H 1
| #define HAVE_INTTYPES_H 1
| #define HAVE_STDINT_H 1
| #define HAVE_UNISTD_H 1
| #define HAVE_DLFCN_H 1
| #define LT_OBJDIR ".libs/"
| #define HAVE_ZLIB_H 1
| #define HAVE_LIBZ 1
| #define HAVE_OPENSSL_BIO_H 1
| #define STDC_HEADERS 1
| #define HAVE_FCNTL_H 1
| #define HAVE_STDARG_H 1
| #define HAVE_INTTYPES_H 1
| #define HAVE_STDINT_H 1
| #define HAVE_STDDEF_H 1
| #define HAVE_POLL_H 1
| #define HAVE_UNISTD_H 1
| #define HAVE_SYS_EPOLL_H 1
| #define HAVE_SYS_TIME_H 1
| #define HAVE_SYS_QUEUE_H 1
| #define HAVE_SYS_PARAM_H 1
| #define HAVE_SYS_IOCTL_H 1
| #define HAVE_SYS_SELECT_H 1
| #define HAVE_NETINET_IN_H 1
| #define HAVE_SYS_SOCKET_H 1
| #define HAVE_SYS_UIO_H 1
| #define HAVE_ARPA_INET_H 1
| #define HAVE_SYS_EVENTFD_H 1
| #define HAVE_SYS_MMAN_H 1
| #define HAVE_SYS_SENDFILE_H 1
| #define HAVE_SYS_WAIT_H 1
| #define HAVE_NETDB_H 1
| #define HAVE_SYS_STAT_H 1
| #define HAVE_TAILQFOREACH 1
| #define HAVE_TIMERADD 1
| #define HAVE_TIMERCMP 1
| #define HAVE_TIMERCLEAR 1
| #define HAVE_TIMERISSET 1
| #define TIME_WITH_SYS_TIME 1
| #define HAVE_GETTIMEOFDAY 1
| #define HAVE_VASPRINTF 1
| #define HAVE_FCNTL 1
| #define HAVE_CLOCK_GETTIME 1
| #define HAVE_STRTOK_R 1
| #define HAVE_STRSEP 1
| #define HAVE_GETNAMEINFO 1
| #define HAVE_STRLCPY 1
| #define HAVE_INET_NTOP 1
| #define HAVE_INET_PTON 1
| #define HAVE_SIGNAL 1
| #define HAVE_SIGACTION 1
| #define HAVE_STRTOLL 1
| #define HAVE_INET_ATON 1
| #define HAVE_PIPE 1
| #define HAVE_EVENTFD 1
| #define HAVE_SENDFILE 1
| #define HAVE_MMAP 1
| #define HAVE_SPLICE 1
| #define HAVE_ISSETUGID 1
| #define HAVE_GETEUID 1
| #define HAVE_GETEGID 1
| #define HAVE_GETPROTOBYNUMBER 1
| #define HAVE_SETENV 1
| #define HAVE_UNSETENV 1
| #define HAVE_PUTENV 1
| #define HAVE_UMASK 1
| #define HAVE_GETADDRINFO 1
| #define SIZEOF_LONG 4
| #define HAVE_SETFD 1
| #define HAVE_SELECT 1
| #define HAVE_POLL 1
| #define HAVE_EPOLL_CTL 1
| #define HAVE_EPOLL 1
| #define HAVE_UINT64_T 1
| #define HAVE_UINT32_T 1
| #define HAVE_UINT16_T 1
| #define HAVE_UINT8_T 1
| #define HAVE_UINTPTR_T 1
| #define HAVE_FD_MASK 1
| #define SIZEOF_LONG_LONG 8
| #define SIZEOF_LONG 4
| #define SIZEOF_INT 4
| #define SIZEOF_SHORT 2
| #define SIZEOF_SIZE_T 4
| #define SIZEOF_VOID_P 4
| #define HAVE_STRUCT_IN6_ADDR 1
| #define HAVE_STRUCT_SOCKADDR_IN6 1
| #define HAVE_SA_FAMILY_T 1
| #define HAVE_STRUCT_ADDRINFO 1
| #define HAVE_STRUCT_SOCKADDR_STORAGE 1
| #define HAVE_STRUCT_IN6_ADDR_S6_ADDR32 1
| #define HAVE_STRUCT_IN6_ADDR_S6_ADDR16 1
| #define HAVE_STRUCT_SOCKADDR_STORAGE_SS_FAMILY 1
| #define HAVE_PTHREADS 1
| /* end confdefs.h.  */
| #include <stdio.h>
| #ifdef HAVE_SYS_TYPES_H
| # include <sys/types.h>
| #endif
| #ifdef HAVE_SYS_STAT_H
| # include <sys/stat.h>
| #endif
| #ifdef STDC_HEADERS
| # include <stdlib.h>
| # include <stddef.h>
| #else
| # ifdef HAVE_STDLIB_H
| #  include <stdlib.h>
| # endif
| #endif
| #ifdef HAVE_STRING_H
| # if !defined STDC_HEADERS && defined HAVE_MEMORY_H
| #  include <memory.h>
| # endif
| # include <string.h>
| #endif
| #ifdef HAVE_STRINGS_H
| # include <strings.h>
| #endif
| #ifdef HAVE_INTTYPES_H
| # include <inttypes.h>
| #endif
| #ifdef HAVE_STDINT_H
| # include <stdint.h>
| #endif
| #ifdef HAVE_UNISTD_H
| # include <unistd.h>
| #endif
|       #include <pthread.h>
| 
| 
| int
| main ()
| {
| static int test_array [1 - 2 * !(((long int) (sizeof (pthread_t))) <= 0)];
| test_array [0] = 0;
| return test_array [0];
| 
|   ;
|   return 0;
| }
configure:15405: /opt/lede-toolchain-ramips-mt7621_gcc-5.4.0_musl-1.1.24.Linux-x86_64/toolchain-mipsel_24kc_gcc-5.4.0_musl-1.1.24/bin/mipsel-openwrt-linux-musl-gcc -c -DRTAX53U -DRTAX53U -DRTAX53U -DMUSL_LIBC -DRTAX53U -DBCM_EVENTD -DEXT_ACS -D__CONFIG_EMF__ -D__CONFIG_WPS__ -Os -Wall -DLINUX26 -DCONFIG_RALINK -DMUSL_LIBC -DDEBUG_NOISY -DDEBUG_RCTEST -D_GNU_SOURCE -D__UAPI_DEF_ETHHDR -DRALINK_DBDC_MODE -pipe -funit-at-a-time -Wno-pointer-sign -mtune=mips32 -mips32 -DLINUX_KERNEL_VERSION=263366 --sysroot=/opt/lede-toolchain-ramips-mt7621_gcc-5.4.0_musl-1.1.24.Linux-x86_64/toolchain-mipsel_24kc_gcc-5.4.0_musl-1.1.24  -I/repo/Pass_GPL/asuswrt/release/src-ra-openwrt-4210/router/mipsel-musl/stage/usr/include -Wall -fno-strict-aliasing   conftest.c >&5
conftest.c: In function 'main':
conftest.c:151:12: error: size of array 'test_array' is negative
 static int test_array [1 - 2 * !(((long int) (sizeof (pthread_t))) <= 1)];
            ^
configure:15405: $? = 1
configure: failed program was:
| /* confdefs.h */
| #define PACKAGE_NAME ""
| #define PACKAGE_TARNAME ""
| #define PACKAGE_VERSION ""
| #define PACKAGE_STRING ""
| #define PACKAGE_BUGREPORT ""
| #define PACKAGE_URL ""
| #define PACKAGE "libevent"
| #define VERSION "2.0.21-stable"
| #define NUMERIC_VERSION 0x02001500
| #define STDC_HEADERS 1
| #define HAVE_SYS_TYPES_H 1
| #define HAVE_SYS_STAT_H 1
| #define HAVE_STDLIB_H 1
| #define HAVE_STRING_H 1
| #define HAVE_MEMORY_H 1
| #define HAVE_STRINGS_H 1
| #define HAVE_INTTYPES_H 1
| #define HAVE_STDINT_H 1
| #define HAVE_UNISTD_H 1
| #define HAVE_DLFCN_H 1
| #define LT_OBJDIR ".libs/"
| #define HAVE_ZLIB_H 1
| #define HAVE_LIBZ 1
| #define HAVE_OPENSSL_BIO_H 1
| #define STDC_HEADERS 1
| #define HAVE_FCNTL_H 1
| #define HAVE_STDARG_H 1
| #define HAVE_INTTYPES_H 1
| #define HAVE_STDINT_H 1
| #define HAVE_STDDEF_H 1
| #define HAVE_POLL_H 1
| #define HAVE_UNISTD_H 1
| #define HAVE_SYS_EPOLL_H 1
| #define HAVE_SYS_TIME_H 1
| #define HAVE_SYS_QUEUE_H 1
| #define HAVE_SYS_PARAM_H 1
| #define HAVE_SYS_IOCTL_H 1
| #define HAVE_SYS_SELECT_H 1
| #define HAVE_NETINET_IN_H 1
| #define HAVE_SYS_SOCKET_H 1
| #define HAVE_SYS_UIO_H 1
| #define HAVE_ARPA_INET_H 1
| #define HAVE_SYS_EVENTFD_H 1
| #define HAVE_SYS_MMAN_H 1
| #define HAVE_SYS_SENDFILE_H 1
| #define HAVE_SYS_WAIT_H 1
| #define HAVE_NETDB_H 1
| #define HAVE_SYS_STAT_H 1
| #define HAVE_TAILQFOREACH 1
| #define HAVE_TIMERADD 1
| #define HAVE_TIMERCMP 1
| #define HAVE_TIMERCLEAR 1
| #define HAVE_TIMERISSET 1
| #define TIME_WITH_SYS_TIME 1
| #define HAVE_GETTIMEOFDAY 1
| #define HAVE_VASPRINTF 1
| #define HAVE_FCNTL 1
| #define HAVE_CLOCK_GETTIME 1
| #define HAVE_STRTOK_R 1
| #define HAVE_STRSEP 1
| #define HAVE_GETNAMEINFO 1
| #define HAVE_STRLCPY 1
| #define HAVE_INET_NTOP 1
| #define HAVE_INET_PTON 1
| #define HAVE_SIGNAL 1
| #define HAVE_SIGACTION 1
| #define HAVE_STRTOLL 1
| #define HAVE_INET_ATON 1
| #define HAVE_PIPE 1
| #define HAVE_EVENTFD 1
| #define HAVE_SENDFILE 1
| #define HAVE_MMAP 1
| #define HAVE_SPLICE 1
| #define HAVE_ISSETUGID 1
| #define HAVE_GETEUID 1
| #define HAVE_GETEGID 1
| #define HAVE_GETPROTOBYNUMBER 1
| #define HAVE_SETENV 1
| #define HAVE_UNSETENV 1
| #define HAVE_PUTENV 1
| #define HAVE_UMASK 1
| #define HAVE_GETADDRINFO 1
| #define SIZEOF_LONG 4
| #define HAVE_SETFD 1
| #define HAVE_SELECT 1
| #define HAVE_POLL 1
| #define HAVE_EPOLL_CTL 1
| #define HAVE_EPOLL 1
| #define HAVE_UINT64_T 1
| #define HAVE_UINT32_T 1
| #define HAVE_UINT16_T 1
| #define HAVE_UINT8_T 1
| #define HAVE_UINTPTR_T 1
| #define HAVE_FD_MASK 1
| #define SIZEOF_LONG_LONG 8
| #define SIZEOF_LONG 4
| #define SIZEOF_INT 4
| #define SIZEOF_SHORT 2
| #define SIZEOF_SIZE_T 4
| #define SIZEOF_VOID_P 4
| #define HAVE_STRUCT_IN6_ADDR 1
| #define HAVE_STRUCT_SOCKADDR_IN6 1
| #define HAVE_SA_FAMILY_T 1
| #define HAVE_STRUCT_ADDRINFO 1
| #define HAVE_STRUCT_SOCKADDR_STORAGE 1
| #define HAVE_STRUCT_IN6_ADDR_S6_ADDR32 1
| #define HAVE_STRUCT_IN6_ADDR_S6_ADDR16 1
| #define HAVE_STRUCT_SOCKADDR_STORAGE_SS_FAMILY 1
| #define HAVE_PTHREADS 1
| /* end confdefs.h.  */
| #include <stdio.h>
| #ifdef HAVE_SYS_TYPES_H
| # include <sys/types.h>
| #endif
| #ifdef HAVE_SYS_STAT_H
| # include <sys/stat.h>
| #endif
| #ifdef STDC_HEADERS
| # include <stdlib.h>
| # include <stddef.h>
| #else
| # ifdef HAVE_STDLIB_H
| #  include <stdlib.h>
| # endif
| #endif
| #ifdef HAVE_STRING_H
| # if !defined STDC_HEADERS && defined HAVE_MEMORY_H
| #  include <memory.h>
| # endif
| # include <string.h>
| #endif
| #ifdef HAVE_STRINGS_H
| # include <strings.h>
| #endif
| #ifdef HAVE_INTTYPES_H
| # include <inttypes.h>
| #endif
| #ifdef HAVE_STDINT_H
| # include <stdint.h>
| #endif
| #ifdef HAVE_UNISTD_H
| # include <unistd.h>
| #endif
|       #include <pthread.h>
| 
| 
| int
| main ()
| {
| static int test_array [1 - 2 * !(((long int) (sizeof (pthread_t))) <= 1)];
| test_array [0] = 0;
| return test_array [0];
| 
|   ;
|   return 0;
| }
configure:15405: /opt/lede-toolchain-ramips-mt7621_gcc-5.4.0_musl-1.1.24.Linux-x86_64/toolchain-mipsel_24kc_gcc-5.4.0_musl-1.1.24/bin/mipsel-openwrt-linux-musl-gcc -c -DRTAX53U -DRTAX53U -DRTAX53U -DMUSL_LIBC -DRTAX53U -DBCM_EVENTD -DEXT_ACS -D__CONFIG_EMF__ -D__CONFIG_WPS__ -Os -Wall -DLINUX26 -DCONFIG_RALINK -DMUSL_LIBC -DDEBUG_NOISY -DDEBUG_RCTEST -D_GNU_SOURCE -D__UAPI_DEF_ETHHDR -DRALINK_DBDC_MODE -pipe -funit-at-a-time -Wno-pointer-sign -mtune=mips32 -mips32 -DLINUX_KERNEL_VERSION=263366 --sysroot=/opt/lede-toolchain-ramips-mt7621_gcc-5.4.0_musl-1.1.24.Linux-x86_64/toolchain-mipsel_24kc_gcc-5.4.0_musl-1.1.24  -I/repo/Pass_GPL/asuswrt/release/src-ra-openwrt-4210/router/mipsel-musl/stage/usr/include -Wall -fno-strict-aliasing   conftest.c >&5
conftest.c: In function 'main':
conftest.c:151:12: error: size of array 'test_array' is negative
 static int test_array [1 - 2 * !(((long int) (sizeof (pthread_t))) <= 3)];
            ^
configure:15405: $? = 1
configure: failed program was:
| /* confdefs.h */
| #define PACKAGE_NAME ""
| #define PACKAGE_TARNAME ""
| #define PACKAGE_VERSION ""
| #define PACKAGE_STRING ""
| #define PACKAGE_BUGREPORT ""
| #define PACKAGE_URL ""
| #define PACKAGE "libevent"
| #define VERSION "2.0.21-stable"
| #define NUMERIC_VERSION 0x02001500
| #define STDC_HEADERS 1
| #define HAVE_SYS_TYPES_H 1
| #define HAVE_SYS_STAT_H 1
| #define HAVE_STDLIB_H 1
| #define HAVE_STRING_H 1
| #define HAVE_MEMORY_H 1
| #define HAVE_STRINGS_H 1
| #define HAVE_INTTYPES_H 1
| #define HAVE_STDINT_H 1
| #define HAVE_UNISTD_H 1
| #define HAVE_DLFCN_H 1
| #define LT_OBJDIR ".libs/"
| #define HAVE_ZLIB_H 1
| #define HAVE_LIBZ 1
| #define HAVE_OPENSSL_BIO_H 1
| #define STDC_HEADERS 1
| #define HAVE_FCNTL_H 1
| #define HAVE_STDARG_H 1
| #define HAVE_INTTYPES_H 1
| #define HAVE_STDINT_H 1
| #define HAVE_STDDEF_H 1
| #define HAVE_POLL_H 1
| #define HAVE_UNISTD_H 1
| #define HAVE_SYS_EPOLL_H 1
| #define HAVE_SYS_TIME_H 1
| #define HAVE_SYS_QUEUE_H 1
| #define HAVE_SYS_PARAM_H 1
| #define HAVE_SYS_IOCTL_H 1
| #define HAVE_SYS_SELECT_H 1
| #define HAVE_NETINET_IN_H 1
| #define HAVE_SYS_SOCKET_H 1
| #define HAVE_SYS_UIO_H 1
| #define HAVE_ARPA_INET_H 1
| #define HAVE_SYS_EVENTFD_H 1
| #define HAVE_SYS_MMAN_H 1
| #define HAVE_SYS_SENDFILE_H 1
| #define HAVE_SYS_WAIT_H 1
| #define HAVE_NETDB_H 1
| #define HAVE_SYS_STAT_H 1
| #define HAVE_TAILQFOREACH 1
| #define HAVE_TIMERADD 1
| #define HAVE_TIMERCMP 1
| #define HAVE_TIMERCLEAR 1
| #define HAVE_TIMERISSET 1
| #define TIME_WITH_SYS_TIME 1
| #define HAVE_GETTIMEOFDAY 1
| #define HAVE_VASPRINTF 1
| #define HAVE_FCNTL 1
| #define HAVE_CLOCK_GETTIME 1
| #define HAVE_STRTOK_R 1
| #define HAVE_STRSEP 1
| #define HAVE_GETNAMEINFO 1
| #define HAVE_STRLCPY 1
| #define HAVE_INET_NTOP 1
| #define HAVE_INET_PTON 1
| #define HAVE_SIGNAL 1
| #define HAVE_SIGACTION 1
| #define HAVE_STRTOLL 1
| #define HAVE_INET_ATON 1
| #define HAVE_PIPE 1
| #define HAVE_EVENTFD 1
| #define HAVE_SENDFILE 1
| #define HAVE_MMAP 1
| #define HAVE_SPLICE 1
| #define HAVE_ISSETUGID 1
| #define HAVE_GETEUID 1
| #define HAVE_GETEGID 1
| #define HAVE_GETPROTOBYNUMBER 1
| #define HAVE_SETENV 1
| #define HAVE_UNSETENV 1
| #define HAVE_PUTENV 1
| #define HAVE_UMASK 1
| #define HAVE_GETADDRINFO 1
| #define SIZEOF_LONG 4
| #define HAVE_SETFD 1
| #define HAVE_SELECT 1
| #define HAVE_POLL 1
| #define HAVE_EPOLL_CTL 1
| #define HAVE_EPOLL 1
| #define HAVE_UINT64_T 1
| #define HAVE_UINT32_T 1
| #define HAVE_UINT16_T 1
| #define HAVE_UINT8_T 1
| #define HAVE_UINTPTR_T 1
| #define HAVE_FD_MASK 1
| #define SIZEOF_LONG_LONG 8
| #define SIZEOF_LONG 4
| #define SIZEOF_INT 4
| #define SIZEOF_SHORT 2
| #define SIZEOF_SIZE_T 4
| #define SIZEOF_VOID_P 4
| #define HAVE_STRUCT_IN6_ADDR 1
| #define HAVE_STRUCT_SOCKADDR_IN6 1
| #define HAVE_SA_FAMILY_T 1
| #define HAVE_STRUCT_ADDRINFO 1
| #define HAVE_STRUCT_SOCKADDR_STORAGE 1
| #define HAVE_STRUCT_IN6_ADDR_S6_ADDR32 1
| #define HAVE_STRUCT_IN6_ADDR_S6_ADDR16 1
| #define HAVE_STRUCT_SOCKADDR_STORAGE_SS_FAMILY 1
| #define HAVE_PTHREADS 1
| /* end confdefs.h.  */
| #include <stdio.h>
| #ifdef HAVE_SYS_TYPES_H
| # include <sys/types.h>
| #endif
| #ifdef HAVE_SYS_STAT_H
| # include <sys/stat.h>
| #endif
| #ifdef STDC_HEADERS
| # include <stdlib.h>
| # include <stddef.h>
| #else
| # ifdef HAVE_STDLIB_H
| #  include <stdlib.h>
| # endif
| #endif
| #ifdef HAVE_STRING_H
| # if !defined STDC_HEADERS && defined HAVE_MEMORY_H
| #  include <memory.h>
| # endif
| # include <string.h>
| #endif
| #ifdef HAVE_STRINGS_H
| # include <strings.h>
| #endif
| #ifdef HAVE_INTTYPES_H
| # include <inttypes.h>
| #endif
| #ifdef HAVE_STDINT_H
| # include <stdint.h>
| #endif
| #ifdef HAVE_UNISTD_H
| # include <unistd.h>
| #endif
|       #include <pthread.h>
| 
| 
| int
| main ()
| {
| static int test_array [1 - 2 * !(((long int) (sizeof (pthread_t))) <= 3)];
| test_array [0] = 0;
| return test_array [0];
| 
|   ;
|   return 0;
| }
configure:15405: /opt/lede-toolchain-ramips-mt7621_gcc-5.4.0_musl-1.1.24.Linux-x86_64/toolchain-mipsel_24kc_gcc-5.4.0_musl-1.1.24/bin/mipsel-openwrt-linux-musl-gcc -c -DRTAX53U -DRTAX53U -DRTAX53U -DMUSL_LIBC -DRTAX53U -DBCM_EVENTD -DEXT_ACS -D__CONFIG_EMF__ -D__CONFIG_WPS__ -Os -Wall -DLINUX26 -DCONFIG_RALINK -DMUSL_LIBC -DDEBUG_NOISY -DDEBUG_RCTEST -D_GNU_SOURCE -D__UAPI_DEF_ETHHDR -DRALINK_DBDC_MODE -pipe -funit-at-a-time -Wno-pointer-sign -mtune=mips32 -mips32 -DLINUX_KERNEL_VERSION=263366 --sysroot=/opt/lede-toolchain-ramips-mt7621_gcc-5.4.0_musl-1.1.24.Linux-x86_64/toolchain-mipsel_24kc_gcc-5.4.0_musl-1.1.24  -I/repo/Pass_GPL/asuswrt/release/src-ra-openwrt-4210/router/mipsel-musl/stage/usr/include -Wall -fno-strict-aliasing   conftest.c >&5
configure:15405: $? = 0
configure:15405: /opt/lede-toolchain-ramips-mt7621_gcc-5.4.0_musl-1.1.24.Linux-x86_64/toolchain-mipsel_24kc_gcc-5.4.0_musl-1.1.24/bin/mipsel-openwrt-linux-musl-gcc -c -DRTAX53U -DRTAX53U -DRTAX53U -DMUSL_LIBC -DRTAX53U -DBCM_EVENTD -DEXT_ACS -D__CONFIG_EMF__ -D__CONFIG_WPS__ -Os -Wall -DLINUX26 -DCONFIG_RALINK -DMUSL_LIBC -DDEBUG_NOISY -DDEBUG_RCTEST -D_GNU_SOURCE -D__UAPI_DEF_ETHHDR -DRALINK_DBDC_MODE -pipe -funit-at-a-time -Wno-pointer-sign -mtune=mips32 -mips32 -DLINUX_KERNEL_VERSION=263366 --sysroot=/opt/lede-toolchain-ramips-mt7621_gcc-5.4.0_musl-1.1.24.Linux-x86_64/toolchain-mipsel_24kc_gcc-5.4.0_musl-1.1.24  -I/repo/Pass_GPL/asuswrt/release/src-ra-openwrt-4210/router/mipsel-musl/stage/usr/include -Wall -fno-strict-aliasing   conftest.c >&5
configure:15405: $? = 0
configure:15405: /opt/lede-toolchain-ramips-mt7621_gcc-5.4.0_musl-1.1.24.Linux-x86_64/toolchain-mipsel_24kc_gcc-5.4.0_musl-1.1.24/bin/mipsel-openwrt-linux-musl-gcc -c -DRTAX53U -DRTAX53U -DRTAX53U -DMUSL_LIBC -DRTAX53U -DBCM_EVENTD -DEXT_ACS -D__CONFIG_EMF__ -D__CONFIG_WPS__ -Os -Wall -DLINUX26 -DCONFIG_RALINK -DMUSL_LIBC -DDEBUG_NOISY -DDEBUG_RCTEST -D_GNU_SOURCE -D__UAPI_DEF_ETHHDR -DRALINK_DBDC_MODE -pipe -funit-at-a-time -Wno-pointer-sign -mtune=mips32 -mips32 -DLINUX_KERNEL_VERSION=263366 --sysroot=/opt/lede-toolchain-ramips-mt7621_gcc-5.4.0_musl-1.1.24.Linux-x86_64/toolchain-mipsel_24kc_gcc-5.4.0_musl-1.1.24  -I/repo/Pass_GPL/asuswrt/release/src-ra-openwrt-4210/router/mipsel-musl/stage/usr/include -Wall -fno-strict-aliasing   conftest.c >&5
configure:15405: $? = 0
configure:15422: result: 4
configure:15794: checking that generated files are newer than configure
configure:15800: result: done
configure:15883: creating ./config.status

## ---------------------- ##
## Running config.status. ##
## ---------------------- ##

This file was extended by config.status, which was
generated by GNU Autoconf 2.69.  Invocation command line was

  CONFIG_FILES    = 
  CONFIG_HEADERS  = 
  CONFIG_LINKS    = 
  CONFIG_COMMANDS = 
  $ ./config.status 

on 820a0eb7ac91

config.status:1229: creating libevent.pc
config.status:1229: creating libevent_openssl.pc
config.status:1229: creating libevent_pthreads.pc
config.status:1229: creating Makefile
config.status:1229: creating include/Makefile
config.status:1229: creating test/Makefile
config.status:1229: creating sample/Makefile
config.status:1229: creating config.h
config.status:1458: executing depfiles commands
config.status:1458: executing libtool commands

## ---------------- ##
## Cache variables. ##
## ---------------- ##

ac_cv_build=x86_64-pc-linux-gnu
ac_cv_c_compiler_gnu=yes
ac_cv_c_const=yes
ac_cv_c_inline=inline
ac_cv_env_CC_set=set
ac_cv_env_CC_value=/opt/lede-toolchain-ramips-mt7621_gcc-5.4.0_musl-1.1.24.Linux-x86_64/toolchain-mipsel_24kc_gcc-5.4.0_musl-1.1.24/bin/mipsel-openwrt-linux-musl-gcc
ac_cv_env_CFLAGS_set=set
ac_cv_env_CFLAGS_value='-DRTAX53U -DRTAX53U -DRTAX53U -DMUSL_LIBC -DRTAX53U -DBCM_EVENTD -DEXT_ACS -D__CONFIG_EMF__ -D__CONFIG_WPS__ -Os -Wall -DLINUX26 -DCONFIG_RALINK -DMUSL_LIBC -DDEBUG_NOISY -DDEBUG_RCTEST -D_GNU_SOURCE -D__UAPI_DEF_ETHHDR -DRALINK_DBDC_MODE -pipe -funit-at-a-time -Wno-pointer-sign -mtune=mips32 -mips32 -DLINUX_KERNEL_VERSION=263366 --sysroot=/opt/lede-toolchain-ramips-mt7621_gcc-5.4.0_musl-1.1.24.Linux-x86_64/toolchain-mipsel_24kc_gcc-5.4.0_musl-1.1.24  -I/repo/Pass_GPL/asuswrt/release/src-ra-openwrt-4210/router/mipsel-musl/stage/usr/include'
ac_cv_env_CPPFLAGS_set=
ac_cv_env_CPPFLAGS_value=
ac_cv_env_CPP_set=
ac_cv_env_CPP_value=
ac_cv_env_LDFLAGS_set=set
ac_cv_env_LDFLAGS_value=-L/repo/Pass_GPL/asuswrt/release/src-ra-openwrt-4210/router/mipsel-musl/stage/usr/lib
ac_cv_env_LIBS_set=
ac_cv_env_LIBS_value=
ac_cv_env_LT_SYS_LIBRARY_PATH_set=
ac_cv_env_LT_SYS_LIBRARY_PATH_value=
ac_cv_env_build_alias_set=set
ac_cv_env_build_alias_value=x86_64-linux-gnu
ac_cv_env_host_alias_set=set
ac_cv_env_host_alias_value=mipsel-linux
ac_cv_env_target_alias_set=
ac_cv_env_target_alias_value=
ac_cv_func_arc4random=no
ac_cv_func_arc4random_buf=no
ac_cv_func_clock_gettime=yes
ac_cv_func_epoll_ctl=yes
ac_cv_func_eventfd=yes
ac_cv_func_fcntl=yes
ac_cv_func_getegid=yes
ac_cv_func_geteuid=yes
ac_cv_func_getnameinfo=yes
ac_cv_func_getprotobynumber=yes
ac_cv_func_gettimeofday=yes
ac_cv_func_inet_aton=yes
ac_cv_func_inet_ntop=yes
ac_cv_func_inet_pton=yes
ac_cv_func_issetugid=yes
ac_cv_func_mmap=yes
ac_cv_func_pipe=yes
ac_cv_func_poll=yes
ac_cv_func_port_create=no
ac_cv_func_putenv=yes
ac_cv_func_select=yes
ac_cv_func_sendfile=yes
ac_cv_func_setenv=yes
ac_cv_func_sigaction=yes
ac_cv_func_signal=yes
ac_cv_func_splice=yes
ac_cv_func_strlcpy=yes
ac_cv_func_strsep=yes
ac_cv_func_strtok_r=yes
ac_cv_func_strtoll=yes
ac_cv_func_sysctl=no
ac_cv_func_umask=yes
ac_cv_func_unsetenv=yes
ac_cv_func_vasprintf=yes
ac_cv_header_arpa_inet_h=yes
ac_cv_header_dlfcn_h=yes
ac_cv_header_fcntl_h=yes
ac_cv_header_inttypes_h=yes
ac_cv_header_memory_h=yes
ac_cv_header_netdb_h=yes
ac_cv_header_netinet_in6_h=no
ac_cv_header_netinet_in_h=yes
ac_cv_header_openssl_bio_h=yes
ac_cv_header_poll_h=yes
ac_cv_header_port_h=no
ac_cv_header_stdarg_h=yes
ac_cv_header_stdc=yes
ac_cv_header_stddef_h=yes
ac_cv_header_stdint_h=yes
ac_cv_header_stdlib_h=yes
ac_cv_header_string_h=yes
ac_cv_header_strings_h=yes
ac_cv_header_sys_devpoll_h=no
ac_cv_header_sys_epoll_h=yes
ac_cv_header_sys_event_h=no
ac_cv_header_sys_eventfd_h=yes
ac_cv_header_sys_ioctl_h=yes
ac_cv_header_sys_mman_h=yes
ac_cv_header_sys_param_h=yes
ac_cv_header_sys_queue_h=yes
ac_cv_header_sys_select_h=yes
ac_cv_header_sys_sendfile_h=yes
ac_cv_header_sys_socket_h=yes
ac_cv_header_sys_stat_h=yes
ac_cv_header_sys_sysctl_h=no
ac_cv_header_sys_time_h=yes
ac_cv_header_sys_types_h=yes
ac_cv_header_sys_uio_h=yes
ac_cv_header_sys_wait_h=yes
ac_cv_header_time=yes
ac_cv_header_unistd_h=yes
ac_cv_header_zlib_h=yes
ac_cv_host=mipsel-unknown-linux-gnu
ac_cv_member_struct_in6_addr_s6_addr16=yes
ac_cv_member_struct_in6_addr_s6_addr32=yes
ac_cv_member_struct_sockaddr_in6_sin6_len=no
ac_cv_member_struct_sockaddr_in_sin_len=no
ac_cv_member_struct_sockaddr_storage___ss_family=no
ac_cv_member_struct_sockaddr_storage_ss_family=yes
ac_cv_objext=o
ac_cv_path_EGREP='/bin/grep -E'
ac_cv_path_FGREP='/bin/grep -F'
ac_cv_path_GREP=/bin/grep
ac_cv_path_SED=/bin/sed
ac_cv_path_install='/usr/bin/install -c'
ac_cv_path_lt_DD=/bin/dd
ac_cv_path_mkdir=/bin/mkdir
ac_cv_prog_AR=/opt/lede-toolchain-ramips-mt7621_gcc-5.4.0_musl-1.1.24.Linux-x86_64/toolchain-mipsel_24kc_gcc-5.4.0_musl-1.1.24/bin/mipsel-openwrt-linux-musl-ar
ac_cv_prog_AWK=gawk
ac_cv_prog_CC=/opt/lede-toolchain-ramips-mt7621_gcc-5.4.0_musl-1.1.24.Linux-x86_64/toolchain-mipsel_24kc_gcc-5.4.0_musl-1.1.24/bin/mipsel-openwrt-linux-musl-gcc
ac_cv_prog_CPP='/opt/lede-toolchain-ramips-mt7621_gcc-5.4.0_musl-1.1.24.Linux-x86_64/toolchain-mipsel_24kc_gcc-5.4.0_musl-1.1.24/bin/mipsel-openwrt-linux-musl-gcc -E'
ac_cv_prog_OBJDUMP=/opt/lede-toolchain-ramips-mt7621_gcc-5.4.0_musl-1.1.24.Linux-x86_64/toolchain-mipsel_24kc_gcc-5.4.0_musl-1.1.24/bin/mipsel-openwrt-linux-musl-objdump
ac_cv_prog_RANLIB=/opt/lede-toolchain-ramips-mt7621_gcc-5.4.0_musl-1.1.24.Linux-x86_64/toolchain-mipsel_24kc_gcc-5.4.0_musl-1.1.24/bin/mipsel-openwrt-linux-musl-ranlib
ac_cv_prog_STRIP='/opt/lede-toolchain-ramips-mt7621_gcc-5.4.0_musl-1.1.24.Linux-x86_64/toolchain-mipsel_24kc_gcc-5.4.0_musl-1.1.24/bin/mipsel-openwrt-linux-musl-strip -R .note -R .comment'
ac_cv_prog_cc_c89=
ac_cv_prog_cc_g=yes
ac_cv_prog_gcc_traditional=no
ac_cv_prog_make_make_set=yes
ac_cv_search_clock_gettime='none required'
ac_cv_search_inet_aton='none required'
ac_cv_search_inet_ntoa='none required'
ac_cv_search_inflateEnd=-lz
ac_cv_search_sendfile='none required'
ac_cv_search_socket='none required'
ac_cv_sizeof_int=4
ac_cv_sizeof_long=4
ac_cv_sizeof_long_long=8
ac_cv_sizeof_pthread_t=4
ac_cv_sizeof_short=2
ac_cv_sizeof_size_t=4
ac_cv_sizeof_void_p=4
ac_cv_type_fd_mask=yes
ac_cv_type_pid_t=yes
ac_cv_type_sa_family_t=yes
ac_cv_type_size_t=yes
ac_cv_type_ssize_t=yes
ac_cv_type_struct_addrinfo=yes
ac_cv_type_struct_in6_addr=yes
ac_cv_type_struct_sockaddr_in6=yes
ac_cv_type_struct_sockaddr_storage=yes
ac_cv_type_uint16_t=yes
ac_cv_type_uint32_t=yes
ac_cv_type_uint64_t=yes
ac_cv_type_uint8_t=yes
ac_cv_type_uintptr_t=yes
am_cv_CC_dependencies_compiler_type=gcc3
am_cv_make_support_nested_variables=yes
am_cv_prog_cc_c_o=yes
libevent_cv_getaddrinfo=yes
lt_cv_ar_at_file=@
lt_cv_archive_cmds_need_lc=no
lt_cv_deplibs_check_method=pass_all
lt_cv_file_magic_cmd='$MAGIC_CMD'
lt_cv_file_magic_test_file=
lt_cv_ld_reload_flag=-r
lt_cv_nm_interface='BSD nm'
lt_cv_objdir=.libs
lt_cv_path_LD=/opt/lede-toolchain-ramips-mt7621_gcc-5.4.0_musl-1.1.24.Linux-x86_64/toolchain-mipsel_24kc_gcc-5.4.0_musl-1.1.24/bin/mipsel-openwrt-linux-musl-ld
lt_cv_path_NM=/opt/lede-toolchain-ramips-mt7621_gcc-5.4.0_musl-1.1.24.Linux-x86_64/toolchain-mipsel_24kc_gcc-5.4.0_musl-1.1.24/bin/mipsel-openwrt-linux-musl-nm
lt_cv_path_mainfest_tool=no
lt_cv_prog_compiler_c_o=yes
lt_cv_prog_compiler_pic='-fPIC -DPIC'
lt_cv_prog_compiler_pic_works=yes
lt_cv_prog_compiler_rtti_exceptions=no
lt_cv_prog_compiler_static_works=yes
lt_cv_prog_gnu_ld=yes
lt_cv_sharedlib_from_linklib_cmd='printf %s\n'
lt_cv_shlibpath_overrides_runpath=no
lt_cv_sys_global_symbol_pipe='sed -n -e '\''s/^.*[	 ]\([ABCDGIRSTW][ABCDGIRSTW]*\)[	 ][	 ]*\([_A-Za-z][_A-Za-z0-9]*\)$/\1 \2 \2/p'\'' | sed '\''/ __gnu_lto/d'\'''
lt_cv_sys_global_symbol_to_c_name_address='sed -n -e '\''s/^: \(.*\) .*$/  {"\1", (void *) 0},/p'\'' -e '\''s/^[ABCDGIRSTW][ABCDGIRSTW]* .* \(.*\)$/  {"\1", (void *) \&\1},/p'\'''
lt_cv_sys_global_symbol_to_c_name_address_lib_prefix='sed -n -e '\''s/^: \(.*\) .*$/  {"\1", (void *) 0},/p'\'' -e '\''s/^[ABCDGIRSTW][ABCDGIRSTW]* .* \(lib.*\)$/  {"\1", (void *) \&\1},/p'\'' -e '\''s/^[ABCDGIRSTW][ABCDGIRSTW]* .* \(.*\)$/  {"lib\1", (void *) \&\1},/p'\'''
lt_cv_sys_global_symbol_to_cdecl='sed -n -e '\''s/^T .* \(.*\)$/extern int \1();/p'\'' -e '\''s/^[ABCDGIRSTW][ABCDGIRSTW]* .* \(.*\)$/extern char \1;/p'\'''
lt_cv_sys_global_symbol_to_import=
lt_cv_sys_max_cmd_len=1572864
lt_cv_to_host_file_cmd=func_convert_file_noop
lt_cv_to_tool_file_cmd=func_convert_file_noop
lt_cv_truncate_bin='/bin/dd bs=4096 count=1'

## ----------------- ##
## Output variables. ##
## ----------------- ##

ACLOCAL='${SHELL} /repo/Pass_GPL/asuswrt/release/src/router/libevent-2.0.21/missing aclocal-1.15'
AMDEPBACKSLASH='\'
AMDEP_FALSE='#'
AMDEP_TRUE=''
AMTAR='$${TAR-tar}'
AM_BACKSLASH='\'
AM_DEFAULT_V='$(AM_DEFAULT_VERBOSITY)'
AM_DEFAULT_VERBOSITY='1'
AM_V='$(V)'
AR='/opt/lede-toolchain-ramips-mt7621_gcc-5.4.0_musl-1.1.24.Linux-x86_64/toolchain-mipsel_24kc_gcc-5.4.0_musl-1.1.24/bin/mipsel-openwrt-linux-musl-ar'
AUTOCONF='${SHELL} /repo/Pass_GPL/asuswrt/release/src/router/libevent-2.0.21/missing autoconf'
AUTOHEADER='${SHELL} /repo/Pass_GPL/asuswrt/release/src/router/libevent-2.0.21/missing autoheader'
AUTOMAKE='${SHELL} /repo/Pass_GPL/asuswrt/release/src/router/libevent-2.0.21/missing automake-1.15'
AWK='gawk'
BUILD_CYGWIN_FALSE=''
BUILD_CYGWIN_TRUE='#'
BUILD_REGRESS_FALSE='#'
BUILD_REGRESS_TRUE=''
BUILD_WIN32_FALSE=''
BUILD_WIN32_TRUE='#'
BUILD_WITH_NO_UNDEFINED_FALSE=''
BUILD_WITH_NO_UNDEFINED_TRUE='#'
CC='/opt/lede-toolchain-ramips-mt7621_gcc-5.4.0_musl-1.1.24.Linux-x86_64/toolchain-mipsel_24kc_gcc-5.4.0_musl-1.1.24/bin/mipsel-openwrt-linux-musl-gcc'
CCDEPMODE='depmode=gcc3'
CFLAGS='-DRTAX53U -DRTAX53U -DRTAX53U -DMUSL_LIBC -DRTAX53U -DBCM_EVENTD -DEXT_ACS -D__CONFIG_EMF__ -D__CONFIG_WPS__ -Os -Wall -DLINUX26 -DCONFIG_RALINK -DMUSL_LIBC -DDEBUG_NOISY -DDEBUG_RCTEST -D_GNU_SOURCE -D__UAPI_DEF_ETHHDR -DRALINK_DBDC_MODE -pipe -funit-at-a-time -Wno-pointer-sign -mtune=mips32 -mips32 -DLINUX_KERNEL_VERSION=263366 --sysroot=/opt/lede-toolchain-ramips-mt7621_gcc-5.4.0_musl-1.1.24.Linux-x86_64/toolchain-mipsel_24kc_gcc-5.4.0_musl-1.1.24  -I/repo/Pass_GPL/asuswrt/release/src-ra-openwrt-4210/router/mipsel-musl/stage/usr/include -Wall -fno-strict-aliasing '
CPP='/opt/lede-toolchain-ramips-mt7621_gcc-5.4.0_musl-1.1.24.Linux-x86_64/toolchain-mipsel_24kc_gcc-5.4.0_musl-1.1.24/bin/mipsel-openwrt-linux-musl-gcc -E'
CPPFLAGS=''
CYGPATH_W='echo'
DEFS='-DHAVE_CONFIG_H'
DEPDIR='.deps'
DEVPOLL_BACKEND_FALSE=''
DEVPOLL_BACKEND_TRUE='#'
DLLTOOL='false'
DSYMUTIL=''
DUMPBIN=''
ECHO_C=''
ECHO_N='-n'
ECHO_T=''
EGREP='/bin/grep -E'
EPOLL_BACKEND_FALSE='#'
EPOLL_BACKEND_TRUE=''
EVPORT_BACKEND_FALSE=''
EVPORT_BACKEND_TRUE='#'
EV_LIB_GDI=''
EV_LIB_WS32=''
EXEEXT=''
FGREP='/bin/grep -F'
GREP='/bin/grep'
INSTALL_DATA='${INSTALL} -m 644'
INSTALL_LIBEVENT_FALSE='#'
INSTALL_LIBEVENT_TRUE=''
INSTALL_PROGRAM='${INSTALL}'
INSTALL_SCRIPT='${INSTALL}'
INSTALL_STRIP_PROGRAM='$(install_sh) -c -s'
KQUEUE_BACKEND_FALSE=''
KQUEUE_BACKEND_TRUE='#'
LD='/opt/lede-toolchain-ramips-mt7621_gcc-5.4.0_musl-1.1.24.Linux-x86_64/toolchain-mipsel_24kc_gcc-5.4.0_musl-1.1.24/bin/mipsel-openwrt-linux-musl-ld'
LDFLAGS='-L/repo/Pass_GPL/asuswrt/release/src-ra-openwrt-4210/router/mipsel-musl/stage/usr/lib'
LIBEVENT_GC_SECTIONS=''
LIBOBJS=''
LIBS=''
LIBTOOL='$(SHELL) $(top_builddir)/libtool'
LIBTOOL_DEPS='./ltmain.sh'
LIPO=''
LN_S='ln -s'
LTLIBOBJS=''
LT_SYS_LIBRARY_PATH=''
MAKEINFO='${SHELL} /repo/Pass_GPL/asuswrt/release/src/router/libevent-2.0.21/missing makeinfo'
MANIFEST_TOOL=':'
MKDIR_P='/bin/mkdir -p'
NM='/opt/lede-toolchain-ramips-mt7621_gcc-5.4.0_musl-1.1.24.Linux-x86_64/toolchain-mipsel_24kc_gcc-5.4.0_musl-1.1.24/bin/mipsel-openwrt-linux-musl-nm'
NMEDIT=''
OBJDUMP='/opt/lede-toolchain-ramips-mt7621_gcc-5.4.0_musl-1.1.24.Linux-x86_64/toolchain-mipsel_24kc_gcc-5.4.0_musl-1.1.24/bin/mipsel-openwrt-linux-musl-objdump'
OBJEXT='o'
OPENSSL_FALSE=''
OPENSSL_LIBADD=''
OPENSSL_LIBS=''
OPENSSL_TRUE='#'
OTOOL64=''
OTOOL=''
PACKAGE='libevent'
PACKAGE_BUGREPORT=''
PACKAGE_NAME=''
PACKAGE_STRING=''
PACKAGE_TARNAME=''
PACKAGE_URL=''
PACKAGE_VERSION=''
PATH_SEPARATOR=':'
POLL_BACKEND_FALSE='#'
POLL_BACKEND_TRUE=''
PTHREADS_FALSE='#'
PTHREADS_TRUE=''
PTHREAD_CC='/opt/lede-toolchain-ramips-mt7621_gcc-5.4.0_musl-1.1.24.Linux-x86_64/toolchain-mipsel_24kc_gcc-5.4.0_musl-1.1.24/bin/mipsel-openwrt-linux-musl-gcc'
PTHREAD_CFLAGS=''
PTHREAD_LIBS=''
RANLIB='/opt/lede-toolchain-ramips-mt7621_gcc-5.4.0_musl-1.1.24.Linux-x86_64/toolchain-mipsel_24kc_gcc-5.4.0_musl-1.1.24/bin/mipsel-openwrt-linux-musl-ranlib'
SED='/bin/sed'
SELECT_BACKEND_FALSE='#'
SELECT_BACKEND_TRUE=''
SET_MAKE=''
SHELL='/bin/sh'
SIGNAL_SUPPORT_FALSE='#'
SIGNAL_SUPPORT_TRUE=''
STRIP='/opt/lede-toolchain-ramips-mt7621_gcc-5.4.0_musl-1.1.24.Linux-x86_64/toolchain-mipsel_24kc_gcc-5.4.0_musl-1.1.24/bin/mipsel-openwrt-linux-musl-strip -R .note -R .comment'
VERSION='2.0.21-stable'
ZLIB_LIBS='-lz '
ZLIB_REGRESS_FALSE='#'
ZLIB_REGRESS_TRUE=''
ac_ct_AR=''
ac_ct_CC=''
ac_ct_DUMPBIN=''
acx_pthread_config=''
am__EXEEXT_FALSE=''
am__EXEEXT_TRUE='#'
am__fastdepCC_FALSE='#'
am__fastdepCC_TRUE=''
am__include='include'
am__isrc=''
am__leading_dot='.'
am__nodep='_no'
am__quote=''
am__tar='$${TAR-tar} chof - "$$tardir"'
am__untar='$${TAR-tar} xf -'
bindir='/usr/sbin'
build='x86_64-pc-linux-gnu'
build_alias='x86_64-linux-gnu'
build_cpu='x86_64'
build_os='linux-gnu'
build_vendor='pc'
datadir='${datarootdir}'
datarootdir='${prefix}/share'
docdir='${datarootdir}/doc/${PACKAGE}'
dvidir='${docdir}'
exec_prefix='${prefix}'
host='mipsel-unknown-linux-gnu'
host_alias='mipsel-linux'
host_cpu='mipsel'
host_os='linux-gnu'
host_vendor='unknown'
htmldir='${docdir}'
includedir='${prefix}/include'
infodir='${datarootdir}/info'
install_sh='${SHELL} /repo/Pass_GPL/asuswrt/release/src/router/libevent-2.0.21/install-sh'
libdir='/usr/lib'
libexecdir='${exec_prefix}/libexec'
localedir='${datarootdir}/locale'
localstatedir='${prefix}/var'
mandir='${datarootdir}/man'
mkdir_p='$(MKDIR_P)'
oldincludedir='/usr/include'
pdfdir='${docdir}'
prefix='/usr'
program_transform_name='s,x,x,'
psdir='${docdir}'
runstatedir='${localstatedir}/run'
sbindir='${exec_prefix}/sbin'
sharedstatedir='${prefix}/com'
sysconfdir='${prefix}/etc'
target_alias=''

## ----------- ##
## confdefs.h. ##
## ----------- ##

/* confdefs.h */
#define PACKAGE_NAME ""
#define PACKAGE_TARNAME ""
#define PACKAGE_VERSION ""
#define PACKAGE_STRING ""
#define PACKAGE_BUGREPORT ""
#define PACKAGE_URL ""
#define PACKAGE "libevent"
#define VERSION "2.0.21-stable"
#define NUMERIC_VERSION 0x02001500
#define STDC_HEADERS 1
#define HAVE_SYS_TYPES_H 1
#define HAVE_SYS_STAT_H 1
#define HAVE_STDLIB_H 1
#define HAVE_STRING_H 1
#define HAVE_MEMORY_H 1
#define HAVE_STRINGS_H 1
#define HAVE_INTTYPES_H 1
#define HAVE_STDINT_H 1
#define HAVE_UNISTD_H 1
#define HAVE_DLFCN_H 1
#define LT_OBJDIR ".libs/"
#define HAVE_ZLIB_H 1
#define HAVE_LIBZ 1
#define HAVE_OPENSSL_BIO_H 1
#define STDC_HEADERS 1
#define HAVE_FCNTL_H 1
#define HAVE_STDARG_H 1
#define HAVE_INTTYPES_H 1
#define HAVE_STDINT_H 1
#define HAVE_STDDEF_H 1
#define HAVE_POLL_H 1
#define HAVE_UNISTD_H 1
#define HAVE_SYS_EPOLL_H 1
#define HAVE_SYS_TIME_H 1
#define HAVE_SYS_QUEUE_H 1
#define HAVE_SYS_PARAM_H 1
#define HAVE_SYS_IOCTL_H 1
#define HAVE_SYS_SELECT_H 1
#define HAVE_NETINET_IN_H 1
#define HAVE_SYS_SOCKET_H 1
#define HAVE_SYS_UIO_H 1
#define HAVE_ARPA_INET_H 1
#define HAVE_SYS_EVENTFD_H 1
#define HAVE_SYS_MMAN_H 1
#define HAVE_SYS_SENDFILE_H 1
#define HAVE_SYS_WAIT_H 1
#define HAVE_NETDB_H 1
#define HAVE_SYS_STAT_H 1
#define HAVE_TAILQFOREACH 1
#define HAVE_TIMERADD 1
#define HAVE_TIMERCMP 1
#define HAVE_TIMERCLEAR 1
#define HAVE_TIMERISSET 1
#define TIME_WITH_SYS_TIME 1
#define HAVE_GETTIMEOFDAY 1
#define HAVE_VASPRINTF 1
#define HAVE_FCNTL 1
#define HAVE_CLOCK_GETTIME 1
#define HAVE_STRTOK_R 1
#define HAVE_STRSEP 1
#define HAVE_GETNAMEINFO 1
#define HAVE_STRLCPY 1
#define HAVE_INET_NTOP 1
#define HAVE_INET_PTON 1
#define HAVE_SIGNAL 1
#define HAVE_SIGACTION 1
#define HAVE_STRTOLL 1
#define HAVE_INET_ATON 1
#define HAVE_PIPE 1
#define HAVE_EVENTFD 1
#define HAVE_SENDFILE 1
#define HAVE_MMAP 1
#define HAVE_SPLICE 1
#define HAVE_ISSETUGID 1
#define HAVE_GETEUID 1
#define HAVE_GETEGID 1
#define HAVE_GETPROTOBYNUMBER 1
#define HAVE_SETENV 1
#define HAVE_UNSETENV 1
#define HAVE_PUTENV 1
#define HAVE_UMASK 1
#define HAVE_GETADDRINFO 1
#define SIZEOF_LONG 4
#define HAVE_SETFD 1
#define HAVE_SELECT 1
#define HAVE_POLL 1
#define HAVE_EPOLL_CTL 1
#define HAVE_EPOLL 1
#define HAVE_UINT64_T 1
#define HAVE_UINT32_T 1
#define HAVE_UINT16_T 1
#define HAVE_UINT8_T 1
#define HAVE_UINTPTR_T 1
#define HAVE_FD_MASK 1
#define SIZEOF_LONG_LONG 8
#define SIZEOF_LONG 4
#define SIZEOF_INT 4
#define SIZEOF_SHORT 2
#define SIZEOF_SIZE_T 4
#define SIZEOF_VOID_P 4
#define HAVE_STRUCT_IN6_ADDR 1
#define HAVE_STRUCT_SOCKADDR_IN6 1
#define HAVE_SA_FAMILY_T 1
#define HAVE_STRUCT_ADDRINFO 1
#define HAVE_STRUCT_SOCKADDR_STORAGE 1
#define HAVE_STRUCT_IN6_ADDR_S6_ADDR32 1
#define HAVE_STRUCT_IN6_ADDR_S6_ADDR16 1
#define HAVE_STRUCT_SOCKADDR_STORAGE_SS_FAMILY 1
#define HAVE_PTHREADS 1
#define SIZEOF_PTHREAD_T 4
#define DISABLE_DEBUG_MODE 1

configure: exit 0
