This file contains any messages produced by compilers while
running configure, to aid debugging if configure makes a mistake.

It was created by configure, which was
generated by GNU Autoconf 2.69.  Invocation command line was

  $ ./configure --disable-option-checking --prefix= --host=mipsel-linux --build=x86_64-linux-gnu --bindir=/usr/sbin --libdir=/usr/lib CFLAGS=-g -O2 -I/repo/Fail_GPL/asuswrt/release/src-ra-openwrt-4210/router/mipsel-musl/stage/usr/include LDFLAGS=-L/repo/Fail_GPL/asuswrt/release/src-ra-openwrt-4210/router/lldpd-0.9.8/lib -lm -L/repo/Fail_GPL/asuswrt/release/src-ra-openwrt-4210/router/mipsel-musl/stage/usr/lib -ljansson -L/repo/Fail_GPL/asuswrt/release/src-ra-openwrt-4210/router/json-c/.libs -ldl --with-privsep-user=nobody --with-privsep-group=root --with-privsep-path=/var/run/lldpd --enable-oldies --with-json=yes build_alias=x86_64-linux-gnu host_alias=mipsel-linux CC=/opt/lede-toolchain-ramips-mt7621_gcc-5.4.0_musl-1.1.24.Linux-x86_64/toolchain-mipsel_24kc_gcc-5.4.0_musl-1.1.24/bin/mipsel-openwrt-linux-musl-gcc CXX=/opt/lede-toolchain-ramips-mt7621_gcc-5.4.0_musl-1.1.24.Linux-x86_64/toolchain-mipsel_24kc_gcc-5.4.0_musl-1.1.24/bin/mipsel-openwrt-linux-musl-g++ PKG_CONFIG_PATH=/repo/Fail_GPL/asuswrt/release/src-ra-openwrt-4210/router/mipsel-musl/stage/usr/lib/pkgconfig:/repo/Fail_GPL/asuswrt/release/src-ra-openwrt-4210/router/mipsel-musl/stage/etc/lib/pkgconfig PKG_CONFIG_LIBDIR=/repo/Fail_GPL/asuswrt/release/src-ra-openwrt-4210/router/mipsel-musl/stage/usr/lib/pkgconfig:/repo/Fail_GPL/asuswrt/release/src-ra-openwrt-4210/router/mipsel-musl/stage/usr/local/lib/pkgconfig:/repo/Fail_GPL/asuswrt/release/src-ra-openwrt-4210/router/mipsel-musl/stage/etc/lib/pkgconfig --enable-silent-rules --disable-libevent-regress --disable-thread-support --disable-openssl --disable-malloc-replacement --disable-debug-mode --enable-function-sections --disable-shared --with-pic --enable-static --cache-file=/dev/null --srcdir=.

## --------- ##
## Platform. ##
## --------- ##

hostname = fd69b6f2cff8
uname -m = x86_64
uname -r = 6.8.0-137-generic
uname -s = Linux
uname -v = #137-Ubuntu SMP PREEMPT_DYNAMIC Fri Jul 17 20:28:23 UTC 2026

/usr/bin/uname -p = unknown
/bin/uname -X     = unknown

/bin/arch              = unknown
/usr/bin/arch -k       = unknown
/usr/convex/getsysinfo = unknown
/usr/bin/hostinfo      = unknown
/bin/machine           = unknown
/usr/bin/oslevel       = unknown
/bin/universe          = unknown

PATH: /repo/Fail_GPL/asuswrt/release/tools
PATH: /repo/Fail_GPL/asuswrt/release/src-ra-openwrt-4210/ctools
PATH: /repo/Fail_GPL/asuswrt/release/tools
PATH: /repo/Fail_GPL/asuswrt/release/src-ra-openwrt-4210/ctools
PATH: /repo/Fail_GPL/asuswrt/release/tools
PATH: /repo/Fail_GPL/asuswrt/release/src-ra-openwrt-4210/ctools
PATH: /usr/local/sbin
PATH: /usr/local/bin
PATH: /usr/sbin
PATH: /usr/bin
PATH: /sbin
PATH: /bin
PATH: /home/asuswrt/bin
PATH: /home/asuswrt/mybash
PATH: /opt/buildroot-gcc342/bin
PATH: /opt/buildroot-gcc463/bin
PATH: /opt/brcm/hndtools-mipsel-linux/bin
PATH: /opt/brcm/hndtools-mipsel-uclibc/bin
PATH: /opt/projects/hnd/tools/linux/hndtools-arm-linux-2.6.36-uclibc-4.5.3/bin
PATH: /opt/projects/hnd/tools/linux/hndtools-arm-linux-2.6.36-uclibc-4.5.3/arm-linux/bin
PATH: /opt/projects/hnd/tools/linux/hndtools-arm-linux-2.6.36-uclibc-4.5.3/usr/bin
PATH: /opt/toolchains/crosstools-arm-gcc-5.3-linux-4.1-glibc-2.22-binutils-2.25/usr/bin
PATH: /opt/toolchains/crosstools-aarch64-gcc-5.3-linux-4.1-glibc-2.22-binutils-2.25/usr/bin
PATH: /opt/toolchains/crosstools-arm-gcc-9.2-linux-4.19-glibc-2.30-binutils-2.32/usr/lib
PATH: /opt/toolchains/crosstools-aarch64-gcc-9.2-linux-4.19-glibc-2.30-binutils-2.32/bin
PATH: /opt/toolchains/crosstools-arm-gcc-10.3-linux-4.19-glibc-2.32-binutils-2.36.1/bin
PATH: /opt/toolchains/crosstools-aarch64-gcc-10.3-linux-4.19-glibc-2.32-binutils-2.36.1/bin
PATH: /opt/openwrt-gcc463.arm/bin
PATH: /opt/openwrt-gcc463.mips.mesh/bin
PATH: /opt/openwrt-gcc520_musl.aarch64/bin
PATH: /opt/openwrt-gcc840_musl.aarch64/bin


## ----------- ##
## Core tests. ##
## ----------- ##

configure:2667: checking for a BSD-compatible install
configure:2735: result: /usr/bin/install -c
configure:2746: checking whether build environment is sane
configure:2801: result: yes
configure:2860: checking for mipsel-linux-strip
configure:2887: result: /opt/lede-toolchain-ramips-mt7621_gcc-5.4.0_musl-1.1.24.Linux-x86_64/toolchain-mipsel_24kc_gcc-5.4.0_musl-1.1.24/bin/mipsel-openwrt-linux-musl-strip -R .note -R .comment
configure:2952: checking for a thread-safe mkdir -p
configure:2991: result: /bin/mkdir -p
configure:2998: checking for gawk
configure:3014: found /usr/bin/gawk
configure:3025: result: gawk
configure:3036: checking whether make sets $(MAKE)
configure:3058: result: yes
configure:3087: checking whether make supports nested variables
configure:3104: result: yes
configure:3245: checking build system type
configure:3259: result: x86_64-pc-linux-gnu
configure:3279: checking host system type
configure:3292: result: mipsel-unknown-linux-gnu
configure:3328: checking for mipsel-linux-gcc
configure:3355: result: /opt/lede-toolchain-ramips-mt7621_gcc-5.4.0_musl-1.1.24.Linux-x86_64/toolchain-mipsel_24kc_gcc-5.4.0_musl-1.1.24/bin/mipsel-openwrt-linux-musl-gcc
configure:3624: checking for C compiler version
configure:3633: /opt/lede-toolchain-ramips-mt7621_gcc-5.4.0_musl-1.1.24.Linux-x86_64/toolchain-mipsel_24kc_gcc-5.4.0_musl-1.1.24/bin/mipsel-openwrt-linux-musl-gcc --version >&5
mipsel-openwrt-linux-musl-gcc.bin (LEDE GCC 5.4.0 unknown) 5.4.0
Copyright (C) 2015 Free Software Foundation, Inc.
This is free software; see the source for copying conditions.  There is NO
warranty; not even for MERCHANTABILITY or FITNESS FOR A PARTICULAR PURPOSE.

configure:3644: $? = 0
configure:3633: /opt/lede-toolchain-ramips-mt7621_gcc-5.4.0_musl-1.1.24.Linux-x86_64/toolchain-mipsel_24kc_gcc-5.4.0_musl-1.1.24/bin/mipsel-openwrt-linux-musl-gcc -v >&5
Reading specs from /opt/lede-toolchain-ramips-mt7621_gcc-5.4.0_musl-1.1.24.Linux-x86_64/toolchain-mipsel_24kc_gcc-5.4.0_musl-1.1.24/bin/../lib/gcc/mipsel-openwrt-linux-musl/5.4.0/specs
COLLECT_GCC=mipsel-openwrt-linux-musl-gcc.bin
COLLECT_LTO_WRAPPER=/opt/lede-toolchain-ramips-mt7621_gcc-5.4.0_musl-1.1.24.Linux-x86_64/toolchain-mipsel_24kc_gcc-5.4.0_musl-1.1.24/bin/../libexec/gcc/mipsel-openwrt-linux-musl/5.4.0/lto-wrapper
Target: mipsel-openwrt-linux-musl
Configured with: /data2/heidi_wen/SW4_git/OpenWRT_4210_20230308/mtk-openwrt-lede-4.2.1.0/build_dir/toolchain-mipsel_24kc_gcc-5.4.0_musl-1.1.24/gcc-5.4.0/configure --with-bugurl=http://www.lede-project.org/bugs/ --with-pkgversion='LEDE GCC 5.4.0 unknown' --prefix=/data2/heidi_wen/SW4_git/OpenWRT_4210_20230308/mtk-openwrt-lede-4.2.1.0/staging_dir/toolchain-mipsel_24kc_gcc-5.4.0_musl-1.1.24 --build=x86_64-linux-gnu --host=x86_64-linux-gnu --target=mipsel-openwrt-linux-musl --with-gnu-ld --enable-target-optspace --disable-libgomp --disable-libmudflap --disable-multilib --disable-libmpx --disable-nls --without-isl --without-cloog --with-host-libstdcxx=-lstdc++ --with-float=soft --with-gmp=/data2/heidi_wen/SW4_git/OpenWRT_4210_20230308/mtk-openwrt-lede-4.2.1.0/staging_dir/host --with-mpfr=/data2/heidi_wen/SW4_git/OpenWRT_4210_20230308/mtk-openwrt-lede-4.2.1.0/staging_dir/host --with-mpc=/data2/heidi_wen/SW4_git/OpenWRT_4210_20230308/mtk-openwrt-lede-4.2.1.0/staging_dir/host --disable-decimal-float --with-mips-plt --with-diagnostics-color=auto-if-env --disable-libssp --enable-__cxa_atexit --with-headers=/data2/heidi_wen/SW4_git/OpenWRT_4210_20230308/mtk-openwrt-lede-4.2.1.0/staging_dir/toolchain-mipsel_24kc_gcc-5.4.0_musl-1.1.24/include --disable-libsanitizer --enable-languages=c,c++ --enable-shared --enable-threads --with-slibdir=/data2/heidi_wen/SW4_git/OpenWRT_4210_20230308/mtk-openwrt-lede-4.2.1.0/staging_dir/toolchain-mipsel_24kc_gcc-5.4.0_musl-1.1.24/lib --enable-lto --with-libelf=/data2/heidi_wen/SW4_git/OpenWRT_4210_20230308/mtk-openwrt-lede-4.2.1.0/staging_dir/host
Thread model: posix
gcc version 5.4.0 (LEDE GCC 5.4.0 unknown) 
COMPILER_PATH=/opt/lede-toolchain-ramips-mt7621_gcc-5.4.0_musl-1.1.24.Linux-x86_64/toolchain-mipsel_24kc_gcc-5.4.0_musl-1.1.24/bin/../libexec/gcc/mipsel-openwrt-linux-musl/5.4.0/:/opt/lede-toolchain-ramips-mt7621_gcc-5.4.0_musl-1.1.24.Linux-x86_64/toolchain-mipsel_24kc_gcc-5.4.0_musl-1.1.24/bin/../libexec/gcc/:/opt/lede-toolchain-ramips-mt7621_gcc-5.4.0_musl-1.1.24.Linux-x86_64/toolchain-mipsel_24kc_gcc-5.4.0_musl-1.1.24/bin/../lib/gcc/mipsel-openwrt-linux-musl/5.4.0/../../../../mipsel-openwrt-linux-musl/bin/
LIBRARY_PATH=/opt/lede-toolchain-ramips-mt7621_gcc-5.4.0_musl-1.1.24.Linux-x86_64/toolchain-mipsel_24kc_gcc-5.4.0_musl-1.1.24/bin/../lib/gcc/mipsel-openwrt-linux-musl/5.4.0/:/opt/lede-toolchain-ramips-mt7621_gcc-5.4.0_musl-1.1.24.Linux-x86_64/toolchain-mipsel_24kc_gcc-5.4.0_musl-1.1.24/bin/../lib/gcc/:/opt/lede-toolchain-ramips-mt7621_gcc-5.4.0_musl-1.1.24.Linux-x86_64/toolchain-mipsel_24kc_gcc-5.4.0_musl-1.1.24/bin/../lib/gcc/mipsel-openwrt-linux-musl/5.4.0/../../../../mipsel-openwrt-linux-musl/lib/
COLLECT_GCC_OPTIONS='-v' '-msoft-float' '-mllsc' '-mplt' '-mno-shared' '-EL' '-mabi=32'
... rest of stderr output deleted ...
configure:3644: $? = 1
configure:3633: /opt/lede-toolchain-ramips-mt7621_gcc-5.4.0_musl-1.1.24.Linux-x86_64/toolchain-mipsel_24kc_gcc-5.4.0_musl-1.1.24/bin/mipsel-openwrt-linux-musl-gcc -V >&5
mipsel-openwrt-linux-musl-gcc.bin: error: unrecognized command line option '-V'
configure:3644: $? = 1
configure:3633: /opt/lede-toolchain-ramips-mt7621_gcc-5.4.0_musl-1.1.24.Linux-x86_64/toolchain-mipsel_24kc_gcc-5.4.0_musl-1.1.24/bin/mipsel-openwrt-linux-musl-gcc -qversion >&5
mipsel-openwrt-linux-musl-gcc.bin: error: unrecognized command line option '-qversion'
configure:3644: $? = 1
configure:3664: checking whether the C compiler works
configure:3686: /opt/lede-toolchain-ramips-mt7621_gcc-5.4.0_musl-1.1.24.Linux-x86_64/toolchain-mipsel_24kc_gcc-5.4.0_musl-1.1.24/bin/mipsel-openwrt-linux-musl-gcc -g -O2 -I/repo/Fail_GPL/asuswrt/release/src-ra-openwrt-4210/router/mipsel-musl/stage/usr/include  -L/repo/Fail_GPL/asuswrt/release/src-ra-openwrt-4210/router/lldpd-0.9.8/lib -lm -L/repo/Fail_GPL/asuswrt/release/src-ra-openwrt-4210/router/mipsel-musl/stage/usr/lib -ljansson -L/repo/Fail_GPL/asuswrt/release/src-ra-openwrt-4210/router/json-c/.libs -ldl conftest.c  >&5
configure:3690: $? = 0
configure:3738: result: yes
configure:3741: checking for C compiler default output file name
configure:3743: result: a.out
configure:3749: checking for suffix of executables
configure:3756: /opt/lede-toolchain-ramips-mt7621_gcc-5.4.0_musl-1.1.24.Linux-x86_64/toolchain-mipsel_24kc_gcc-5.4.0_musl-1.1.24/bin/mipsel-openwrt-linux-musl-gcc -o conftest -g -O2 -I/repo/Fail_GPL/asuswrt/release/src-ra-openwrt-4210/router/mipsel-musl/stage/usr/include  -L/repo/Fail_GPL/asuswrt/release/src-ra-openwrt-4210/router/lldpd-0.9.8/lib -lm -L/repo/Fail_GPL/asuswrt/release/src-ra-openwrt-4210/router/mipsel-musl/stage/usr/lib -ljansson -L/repo/Fail_GPL/asuswrt/release/src-ra-openwrt-4210/router/json-c/.libs -ldl conftest.c  >&5
configure:3760: $? = 0
configure:3782: result: 
configure:3804: checking whether we are cross compiling
configure:3842: result: yes
configure:3847: checking for suffix of object files
configure:3869: /opt/lede-toolchain-ramips-mt7621_gcc-5.4.0_musl-1.1.24.Linux-x86_64/toolchain-mipsel_24kc_gcc-5.4.0_musl-1.1.24/bin/mipsel-openwrt-linux-musl-gcc -c -g -O2 -I/repo/Fail_GPL/asuswrt/release/src-ra-openwrt-4210/router/mipsel-musl/stage/usr/include  conftest.c >&5
configure:3873: $? = 0
configure:3894: result: o
configure:3898: checking whether we are using the GNU C compiler
configure:3917: /opt/lede-toolchain-ramips-mt7621_gcc-5.4.0_musl-1.1.24.Linux-x86_64/toolchain-mipsel_24kc_gcc-5.4.0_musl-1.1.24/bin/mipsel-openwrt-linux-musl-gcc -c -g -O2 -I/repo/Fail_GPL/asuswrt/release/src-ra-openwrt-4210/router/mipsel-musl/stage/usr/include  conftest.c >&5
configure:3917: $? = 0
configure:3926: result: yes
configure:3935: checking whether /opt/lede-toolchain-ramips-mt7621_gcc-5.4.0_musl-1.1.24.Linux-x86_64/toolchain-mipsel_24kc_gcc-5.4.0_musl-1.1.24/bin/mipsel-openwrt-linux-musl-gcc accepts -g
configure:3955: /opt/lede-toolchain-ramips-mt7621_gcc-5.4.0_musl-1.1.24.Linux-x86_64/toolchain-mipsel_24kc_gcc-5.4.0_musl-1.1.24/bin/mipsel-openwrt-linux-musl-gcc -c -g  conftest.c >&5
configure:3955: $? = 0
configure:3996: result: yes
configure:4013: checking for /opt/lede-toolchain-ramips-mt7621_gcc-5.4.0_musl-1.1.24.Linux-x86_64/toolchain-mipsel_24kc_gcc-5.4.0_musl-1.1.24/bin/mipsel-openwrt-linux-musl-gcc option to accept ISO C89
configure:4076: /opt/lede-toolchain-ramips-mt7621_gcc-5.4.0_musl-1.1.24.Linux-x86_64/toolchain-mipsel_24kc_gcc-5.4.0_musl-1.1.24/bin/mipsel-openwrt-linux-musl-gcc  -c -g -O2 -I/repo/Fail_GPL/asuswrt/release/src-ra-openwrt-4210/router/mipsel-musl/stage/usr/include  conftest.c >&5
configure:4076: $? = 0
configure:4089: result: none needed
configure:4114: checking whether /opt/lede-toolchain-ramips-mt7621_gcc-5.4.0_musl-1.1.24.Linux-x86_64/toolchain-mipsel_24kc_gcc-5.4.0_musl-1.1.24/bin/mipsel-openwrt-linux-musl-gcc understands -c and -o together
configure:4136: /opt/lede-toolchain-ramips-mt7621_gcc-5.4.0_musl-1.1.24.Linux-x86_64/toolchain-mipsel_24kc_gcc-5.4.0_musl-1.1.24/bin/mipsel-openwrt-linux-musl-gcc -c conftest.c -o conftest2.o
configure:4139: $? = 0
configure:4136: /opt/lede-toolchain-ramips-mt7621_gcc-5.4.0_musl-1.1.24.Linux-x86_64/toolchain-mipsel_24kc_gcc-5.4.0_musl-1.1.24/bin/mipsel-openwrt-linux-musl-gcc -c conftest.c -o conftest2.o
configure:4139: $? = 0
configure:4151: result: yes
configure:4179: checking for style of include used by make
configure:4207: result: GNU
configure:4233: checking dependency style of /opt/lede-toolchain-ramips-mt7621_gcc-5.4.0_musl-1.1.24.Linux-x86_64/toolchain-mipsel_24kc_gcc-5.4.0_musl-1.1.24/bin/mipsel-openwrt-linux-musl-gcc
configure:4344: result: gcc3
configure:4361: checking whether ln -s works
configure:4365: result: yes
configure:4376: checking for a sed that does not truncate output
configure:4440: result: /bin/sed
configure:4452: checking how to run the C preprocessor
configure:4483: /opt/lede-toolchain-ramips-mt7621_gcc-5.4.0_musl-1.1.24.Linux-x86_64/toolchain-mipsel_24kc_gcc-5.4.0_musl-1.1.24/bin/mipsel-openwrt-linux-musl-gcc -E  conftest.c
configure:4483: $? = 0
configure:4497: /opt/lede-toolchain-ramips-mt7621_gcc-5.4.0_musl-1.1.24.Linux-x86_64/toolchain-mipsel_24kc_gcc-5.4.0_musl-1.1.24/bin/mipsel-openwrt-linux-musl-gcc -E  conftest.c
conftest.c:12:28: fatal error: ac_nonexistent.h: No such file or directory
compilation terminated.
configure:4497: $? = 1
configure: failed program was:
| /* confdefs.h */
| #define PACKAGE_NAME ""
| #define PACKAGE_TARNAME ""
| #define PACKAGE_VERSION ""
| #define PACKAGE_STRING ""
| #define PACKAGE_BUGREPORT ""
| #define PACKAGE_URL ""
| #define PACKAGE "libevent"
| #define VERSION "2.0.22-stable"
| #define NUMERIC_VERSION 0x02001600
| /* end confdefs.h.  */
| #include <ac_nonexistent.h>
configure:4522: result: /opt/lede-toolchain-ramips-mt7621_gcc-5.4.0_musl-1.1.24.Linux-x86_64/toolchain-mipsel_24kc_gcc-5.4.0_musl-1.1.24/bin/mipsel-openwrt-linux-musl-gcc -E
configure:4542: /opt/lede-toolchain-ramips-mt7621_gcc-5.4.0_musl-1.1.24.Linux-x86_64/toolchain-mipsel_24kc_gcc-5.4.0_musl-1.1.24/bin/mipsel-openwrt-linux-musl-gcc -E  conftest.c
configure:4542: $? = 0
configure:4556: /opt/lede-toolchain-ramips-mt7621_gcc-5.4.0_musl-1.1.24.Linux-x86_64/toolchain-mipsel_24kc_gcc-5.4.0_musl-1.1.24/bin/mipsel-openwrt-linux-musl-gcc -E  conftest.c
conftest.c:12:28: fatal error: ac_nonexistent.h: No such file or directory
compilation terminated.
configure:4556: $? = 1
configure: failed program was:
| /* confdefs.h */
| #define PACKAGE_NAME ""
| #define PACKAGE_TARNAME ""
| #define PACKAGE_VERSION ""
| #define PACKAGE_STRING ""
| #define PACKAGE_BUGREPORT ""
| #define PACKAGE_URL ""
| #define PACKAGE "libevent"
| #define VERSION "2.0.22-stable"
| #define NUMERIC_VERSION 0x02001600
| /* end confdefs.h.  */
| #include <ac_nonexistent.h>
configure:4585: checking for grep that handles long lines and -e
configure:4643: result: /bin/grep
configure:4648: checking for egrep
configure:4710: result: /bin/grep -E
configure:4716: checking whether /opt/lede-toolchain-ramips-mt7621_gcc-5.4.0_musl-1.1.24.Linux-x86_64/toolchain-mipsel_24kc_gcc-5.4.0_musl-1.1.24/bin/mipsel-openwrt-linux-musl-gcc needs -traditional
conftest.c:12:19: fatal error: sgtty.h: No such file or directory
compilation terminated.
conftest.c:12:20: fatal error: termio.h: No such file or directory
compilation terminated.
configure:4750: result: no
configure:4774: /opt/lede-toolchain-ramips-mt7621_gcc-5.4.0_musl-1.1.24.Linux-x86_64/toolchain-mipsel_24kc_gcc-5.4.0_musl-1.1.24/bin/mipsel-openwrt-linux-musl-gcc -c -g -O2 -I/repo/Fail_GPL/asuswrt/release/src-ra-openwrt-4210/router/mipsel-musl/stage/usr/include  conftest.c >&5
configure:4774: $? = 0
configure:4902: checking how to print strings
configure:4929: result: printf
configure:4950: checking for a sed that does not truncate output
configure:5014: result: /bin/sed
configure:5032: checking for fgrep
configure:5094: result: /bin/grep -F
configure:5129: checking for ld used by /opt/lede-toolchain-ramips-mt7621_gcc-5.4.0_musl-1.1.24.Linux-x86_64/toolchain-mipsel_24kc_gcc-5.4.0_musl-1.1.24/bin/mipsel-openwrt-linux-musl-gcc
configure:5196: result: /opt/lede-toolchain-ramips-mt7621_gcc-5.4.0_musl-1.1.24.Linux-x86_64/toolchain-mipsel_24kc_gcc-5.4.0_musl-1.1.24/bin/mipsel-openwrt-linux-musl-ld
configure:5203: checking if the linker (/opt/lede-toolchain-ramips-mt7621_gcc-5.4.0_musl-1.1.24.Linux-x86_64/toolchain-mipsel_24kc_gcc-5.4.0_musl-1.1.24/bin/mipsel-openwrt-linux-musl-ld) is GNU ld
configure:5218: result: yes
configure:5230: checking for BSD- or MS-compatible name lister (nm)
configure:5284: result: /opt/lede-toolchain-ramips-mt7621_gcc-5.4.0_musl-1.1.24.Linux-x86_64/toolchain-mipsel_24kc_gcc-5.4.0_musl-1.1.24/bin/mipsel-openwrt-linux-musl-nm
configure:5414: checking the name lister (/opt/lede-toolchain-ramips-mt7621_gcc-5.4.0_musl-1.1.24.Linux-x86_64/toolchain-mipsel_24kc_gcc-5.4.0_musl-1.1.24/bin/mipsel-openwrt-linux-musl-nm) interface
configure:5421: /opt/lede-toolchain-ramips-mt7621_gcc-5.4.0_musl-1.1.24.Linux-x86_64/toolchain-mipsel_24kc_gcc-5.4.0_musl-1.1.24/bin/mipsel-openwrt-linux-musl-gcc -c -g -O2 -I/repo/Fail_GPL/asuswrt/release/src-ra-openwrt-4210/router/mipsel-musl/stage/usr/include -Wall -fno-strict-aliasing  conftest.c >&5
configure:5424: /opt/lede-toolchain-ramips-mt7621_gcc-5.4.0_musl-1.1.24.Linux-x86_64/toolchain-mipsel_24kc_gcc-5.4.0_musl-1.1.24/bin/mipsel-openwrt-linux-musl-nm "conftest.o"
configure:5427: output
00000000 B some_variable
configure:5434: result: BSD nm
configure:5438: checking the maximum length of command line arguments
configure:5569: result: 1572864
configure:5617: checking how to convert x86_64-pc-linux-gnu file names to mipsel-unknown-linux-gnu format
configure:5657: result: func_convert_file_noop
configure:5664: checking how to convert x86_64-pc-linux-gnu file names to toolchain format
configure:5684: result: func_convert_file_noop
configure:5691: checking for /opt/lede-toolchain-ramips-mt7621_gcc-5.4.0_musl-1.1.24.Linux-x86_64/toolchain-mipsel_24kc_gcc-5.4.0_musl-1.1.24/bin/mipsel-openwrt-linux-musl-ld option to reload object files
configure:5698: result: -r
configure:5732: checking for mipsel-linux-objdump
configure:5759: result: /opt/lede-toolchain-ramips-mt7621_gcc-5.4.0_musl-1.1.24.Linux-x86_64/toolchain-mipsel_24kc_gcc-5.4.0_musl-1.1.24/bin/mipsel-openwrt-linux-musl-objdump
configure:5831: checking how to recognize dependent libraries
configure:6031: result: pass_all
configure:6076: checking for mipsel-linux-dlltool
configure:6106: result: no
configure:6116: checking for dlltool
configure:6146: result: no
configure:6176: checking how to associate runtime and link libraries
configure:6203: result: printf %s\n
configure:6219: checking for mipsel-linux-ar
configure:6246: result: /opt/lede-toolchain-ramips-mt7621_gcc-5.4.0_musl-1.1.24.Linux-x86_64/toolchain-mipsel_24kc_gcc-5.4.0_musl-1.1.24/bin/mipsel-openwrt-linux-musl-ar
configure:6327: checking for archiver @FILE support
configure:6344: /opt/lede-toolchain-ramips-mt7621_gcc-5.4.0_musl-1.1.24.Linux-x86_64/toolchain-mipsel_24kc_gcc-5.4.0_musl-1.1.24/bin/mipsel-openwrt-linux-musl-gcc -c -g -O2 -I/repo/Fail_GPL/asuswrt/release/src-ra-openwrt-4210/router/mipsel-musl/stage/usr/include -Wall -fno-strict-aliasing  conftest.c >&5
configure:6344: $? = 0
configure:6347: /opt/lede-toolchain-ramips-mt7621_gcc-5.4.0_musl-1.1.24.Linux-x86_64/toolchain-mipsel_24kc_gcc-5.4.0_musl-1.1.24/bin/mipsel-openwrt-linux-musl-ar cru libconftest.a @conftest.lst >&5
/opt/lede-toolchain-ramips-mt7621_gcc-5.4.0_musl-1.1.24.Linux-x86_64/toolchain-mipsel_24kc_gcc-5.4.0_musl-1.1.24/bin/mipsel-openwrt-linux-musl-ar: `u' modifier ignored since `D' is the default (see `U')
configure:6350: $? = 0
configure:6355: /opt/lede-toolchain-ramips-mt7621_gcc-5.4.0_musl-1.1.24.Linux-x86_64/toolchain-mipsel_24kc_gcc-5.4.0_musl-1.1.24/bin/mipsel-openwrt-linux-musl-ar cru libconftest.a @conftest.lst >&5
/opt/lede-toolchain-ramips-mt7621_gcc-5.4.0_musl-1.1.24.Linux-x86_64/toolchain-mipsel_24kc_gcc-5.4.0_musl-1.1.24/bin/mipsel-openwrt-linux-musl-ar: `u' modifier ignored since `D' is the default (see `U')
/opt/lede-toolchain-ramips-mt7621_gcc-5.4.0_musl-1.1.24.Linux-x86_64/toolchain-mipsel_24kc_gcc-5.4.0_musl-1.1.24/bin/mipsel-openwrt-linux-musl-ar: conftest.o: No such file or directory
configure:6358: $? = 1
configure:6370: result: @
configure:6388: checking for mipsel-linux-strip
configure:6415: result: /opt/lede-toolchain-ramips-mt7621_gcc-5.4.0_musl-1.1.24.Linux-x86_64/toolchain-mipsel_24kc_gcc-5.4.0_musl-1.1.24/bin/mipsel-openwrt-linux-musl-strip -R .note -R .comment
configure:6487: checking for mipsel-linux-ranlib
configure:6514: result: /opt/lede-toolchain-ramips-mt7621_gcc-5.4.0_musl-1.1.24.Linux-x86_64/toolchain-mipsel_24kc_gcc-5.4.0_musl-1.1.24/bin/mipsel-openwrt-linux-musl-ranlib
configure:6656: checking command to parse /opt/lede-toolchain-ramips-mt7621_gcc-5.4.0_musl-1.1.24.Linux-x86_64/toolchain-mipsel_24kc_gcc-5.4.0_musl-1.1.24/bin/mipsel-openwrt-linux-musl-nm output from /opt/lede-toolchain-ramips-mt7621_gcc-5.4.0_musl-1.1.24.Linux-x86_64/toolchain-mipsel_24kc_gcc-5.4.0_musl-1.1.24/bin/mipsel-openwrt-linux-musl-gcc object
configure:6809: /opt/lede-toolchain-ramips-mt7621_gcc-5.4.0_musl-1.1.24.Linux-x86_64/toolchain-mipsel_24kc_gcc-5.4.0_musl-1.1.24/bin/mipsel-openwrt-linux-musl-gcc -c -g -O2 -I/repo/Fail_GPL/asuswrt/release/src-ra-openwrt-4210/router/mipsel-musl/stage/usr/include -Wall -fno-strict-aliasing  conftest.c >&5
configure:6812: $? = 0
configure:6816: /opt/lede-toolchain-ramips-mt7621_gcc-5.4.0_musl-1.1.24.Linux-x86_64/toolchain-mipsel_24kc_gcc-5.4.0_musl-1.1.24/bin/mipsel-openwrt-linux-musl-nm conftest.o \| sed -n -e 's/^.*[ ]\([ABCDGIRSTW][ABCDGIRSTW]*\)[ ][ ]*\([_A-Za-z][_A-Za-z0-9]*\)$/\1 \2 \2/p' | sed '/ __gnu_lto/d' \> conftest.nm
configure:6819: $? = 0
configure:6885: /opt/lede-toolchain-ramips-mt7621_gcc-5.4.0_musl-1.1.24.Linux-x86_64/toolchain-mipsel_24kc_gcc-5.4.0_musl-1.1.24/bin/mipsel-openwrt-linux-musl-gcc -o conftest -g -O2 -I/repo/Fail_GPL/asuswrt/release/src-ra-openwrt-4210/router/mipsel-musl/stage/usr/include -Wall -fno-strict-aliasing  -L/repo/Fail_GPL/asuswrt/release/src-ra-openwrt-4210/router/lldpd-0.9.8/lib -lm -L/repo/Fail_GPL/asuswrt/release/src-ra-openwrt-4210/router/mipsel-musl/stage/usr/lib -ljansson -L/repo/Fail_GPL/asuswrt/release/src-ra-openwrt-4210/router/json-c/.libs -ldl conftest.c conftstm.o >&5
configure:6888: $? = 0
configure:6926: result: ok
configure:6973: checking for sysroot
configure:7003: result: no
configure:7010: checking for a working dd
configure:7048: result: /bin/dd
configure:7052: checking how to truncate binary pipes
configure:7067: result: /bin/dd bs=4096 count=1
configure:7356: checking for mipsel-linux-mt
configure:7386: result: no
configure:7396: checking for mt
configure:7426: result: no
configure:7446: checking if : is a manifest tool
configure:7452: : '-?'
configure:7460: result: no
configure:8132: checking for ANSI C header files
configure:8152: /opt/lede-toolchain-ramips-mt7621_gcc-5.4.0_musl-1.1.24.Linux-x86_64/toolchain-mipsel_24kc_gcc-5.4.0_musl-1.1.24/bin/mipsel-openwrt-linux-musl-gcc -c -g -O2 -I/repo/Fail_GPL/asuswrt/release/src-ra-openwrt-4210/router/mipsel-musl/stage/usr/include -Wall -fno-strict-aliasing  conftest.c >&5
configure:8152: $? = 0
configure:8236: result: yes
configure:8249: checking for sys/types.h
configure:8249: /opt/lede-toolchain-ramips-mt7621_gcc-5.4.0_musl-1.1.24.Linux-x86_64/toolchain-mipsel_24kc_gcc-5.4.0_musl-1.1.24/bin/mipsel-openwrt-linux-musl-gcc -c -g -O2 -I/repo/Fail_GPL/asuswrt/release/src-ra-openwrt-4210/router/mipsel-musl/stage/usr/include -Wall -fno-strict-aliasing  conftest.c >&5
configure:8249: $? = 0
configure:8249: result: yes
configure:8249: checking for sys/stat.h
configure:8249: /opt/lede-toolchain-ramips-mt7621_gcc-5.4.0_musl-1.1.24.Linux-x86_64/toolchain-mipsel_24kc_gcc-5.4.0_musl-1.1.24/bin/mipsel-openwrt-linux-musl-gcc -c -g -O2 -I/repo/Fail_GPL/asuswrt/release/src-ra-openwrt-4210/router/mipsel-musl/stage/usr/include -Wall -fno-strict-aliasing  conftest.c >&5
configure:8249: $? = 0
configure:8249: result: yes
configure:8249: checking for stdlib.h
configure:8249: /opt/lede-toolchain-ramips-mt7621_gcc-5.4.0_musl-1.1.24.Linux-x86_64/toolchain-mipsel_24kc_gcc-5.4.0_musl-1.1.24/bin/mipsel-openwrt-linux-musl-gcc -c -g -O2 -I/repo/Fail_GPL/asuswrt/release/src-ra-openwrt-4210/router/mipsel-musl/stage/usr/include -Wall -fno-strict-aliasing  conftest.c >&5
configure:8249: $? = 0
configure:8249: result: yes
configure:8249: checking for string.h
configure:8249: /opt/lede-toolchain-ramips-mt7621_gcc-5.4.0_musl-1.1.24.Linux-x86_64/toolchain-mipsel_24kc_gcc-5.4.0_musl-1.1.24/bin/mipsel-openwrt-linux-musl-gcc -c -g -O2 -I/repo/Fail_GPL/asuswrt/release/src-ra-openwrt-4210/router/mipsel-musl/stage/usr/include -Wall -fno-strict-aliasing  conftest.c >&5
configure:8249: $? = 0
configure:8249: result: yes
configure:8249: checking for memory.h
configure:8249: /opt/lede-toolchain-ramips-mt7621_gcc-5.4.0_musl-1.1.24.Linux-x86_64/toolchain-mipsel_24kc_gcc-5.4.0_musl-1.1.24/bin/mipsel-openwrt-linux-musl-gcc -c -g -O2 -I/repo/Fail_GPL/asuswrt/release/src-ra-openwrt-4210/router/mipsel-musl/stage/usr/include -Wall -fno-strict-aliasing  conftest.c >&5
configure:8249: $? = 0
configure:8249: result: yes
configure:8249: checking for strings.h
configure:8249: /opt/lede-toolchain-ramips-mt7621_gcc-5.4.0_musl-1.1.24.Linux-x86_64/toolchain-mipsel_24kc_gcc-5.4.0_musl-1.1.24/bin/mipsel-openwrt-linux-musl-gcc -c -g -O2 -I/repo/Fail_GPL/asuswrt/release/src-ra-openwrt-4210/router/mipsel-musl/stage/usr/include -Wall -fno-strict-aliasing  conftest.c >&5
configure:8249: $? = 0
configure:8249: result: yes
configure:8249: checking for inttypes.h
configure:8249: /opt/lede-toolchain-ramips-mt7621_gcc-5.4.0_musl-1.1.24.Linux-x86_64/toolchain-mipsel_24kc_gcc-5.4.0_musl-1.1.24/bin/mipsel-openwrt-linux-musl-gcc -c -g -O2 -I/repo/Fail_GPL/asuswrt/release/src-ra-openwrt-4210/router/mipsel-musl/stage/usr/include -Wall -fno-strict-aliasing  conftest.c >&5
configure:8249: $? = 0
configure:8249: result: yes
configure:8249: checking for stdint.h
configure:8249: /opt/lede-toolchain-ramips-mt7621_gcc-5.4.0_musl-1.1.24.Linux-x86_64/toolchain-mipsel_24kc_gcc-5.4.0_musl-1.1.24/bin/mipsel-openwrt-linux-musl-gcc -c -g -O2 -I/repo/Fail_GPL/asuswrt/release/src-ra-openwrt-4210/router/mipsel-musl/stage/usr/include -Wall -fno-strict-aliasing  conftest.c >&5
configure:8249: $? = 0
configure:8249: result: yes
configure:8249: checking for unistd.h
configure:8249: /opt/lede-toolchain-ramips-mt7621_gcc-5.4.0_musl-1.1.24.Linux-x86_64/toolchain-mipsel_24kc_gcc-5.4.0_musl-1.1.24/bin/mipsel-openwrt-linux-musl-gcc -c -g -O2 -I/repo/Fail_GPL/asuswrt/release/src-ra-openwrt-4210/router/mipsel-musl/stage/usr/include -Wall -fno-strict-aliasing  conftest.c >&5
configure:8249: $? = 0
configure:8249: result: yes
configure:8263: checking for dlfcn.h
configure:8263: /opt/lede-toolchain-ramips-mt7621_gcc-5.4.0_musl-1.1.24.Linux-x86_64/toolchain-mipsel_24kc_gcc-5.4.0_musl-1.1.24/bin/mipsel-openwrt-linux-musl-gcc -c -g -O2 -I/repo/Fail_GPL/asuswrt/release/src-ra-openwrt-4210/router/mipsel-musl/stage/usr/include -Wall -fno-strict-aliasing  conftest.c >&5
configure:8263: $? = 0
configure:8263: result: yes
configure:8519: checking for objdir
configure:8534: result: .libs
configure:8798: checking if /opt/lede-toolchain-ramips-mt7621_gcc-5.4.0_musl-1.1.24.Linux-x86_64/toolchain-mipsel_24kc_gcc-5.4.0_musl-1.1.24/bin/mipsel-openwrt-linux-musl-gcc supports -fno-rtti -fno-exceptions
configure:8816: /opt/lede-toolchain-ramips-mt7621_gcc-5.4.0_musl-1.1.24.Linux-x86_64/toolchain-mipsel_24kc_gcc-5.4.0_musl-1.1.24/bin/mipsel-openwrt-linux-musl-gcc -c -g -O2 -I/repo/Fail_GPL/asuswrt/release/src-ra-openwrt-4210/router/mipsel-musl/stage/usr/include -Wall -fno-strict-aliasing  -fno-rtti -fno-exceptions conftest.c >&5
cc1: warning: command line option '-fno-rtti' is valid for C++/ObjC++ but not for C
configure:8820: $? = 0
configure:8833: result: no
configure:9191: checking for /opt/lede-toolchain-ramips-mt7621_gcc-5.4.0_musl-1.1.24.Linux-x86_64/toolchain-mipsel_24kc_gcc-5.4.0_musl-1.1.24/bin/mipsel-openwrt-linux-musl-gcc option to produce PIC
configure:9198: result: -fPIC -DPIC
configure:9206: checking if /opt/lede-toolchain-ramips-mt7621_gcc-5.4.0_musl-1.1.24.Linux-x86_64/toolchain-mipsel_24kc_gcc-5.4.0_musl-1.1.24/bin/mipsel-openwrt-linux-musl-gcc PIC flag -fPIC -DPIC works
configure:9224: /opt/lede-toolchain-ramips-mt7621_gcc-5.4.0_musl-1.1.24.Linux-x86_64/toolchain-mipsel_24kc_gcc-5.4.0_musl-1.1.24/bin/mipsel-openwrt-linux-musl-gcc -c -g -O2 -I/repo/Fail_GPL/asuswrt/release/src-ra-openwrt-4210/router/mipsel-musl/stage/usr/include -Wall -fno-strict-aliasing  -fPIC -DPIC -DPIC conftest.c >&5
configure:9228: $? = 0
configure:9241: result: yes
configure:9270: checking if /opt/lede-toolchain-ramips-mt7621_gcc-5.4.0_musl-1.1.24.Linux-x86_64/toolchain-mipsel_24kc_gcc-5.4.0_musl-1.1.24/bin/mipsel-openwrt-linux-musl-gcc static flag -static works
configure:9298: result: yes
configure:9313: checking if /opt/lede-toolchain-ramips-mt7621_gcc-5.4.0_musl-1.1.24.Linux-x86_64/toolchain-mipsel_24kc_gcc-5.4.0_musl-1.1.24/bin/mipsel-openwrt-linux-musl-gcc supports -c -o file.o
configure:9334: /opt/lede-toolchain-ramips-mt7621_gcc-5.4.0_musl-1.1.24.Linux-x86_64/toolchain-mipsel_24kc_gcc-5.4.0_musl-1.1.24/bin/mipsel-openwrt-linux-musl-gcc -c -g -O2 -I/repo/Fail_GPL/asuswrt/release/src-ra-openwrt-4210/router/mipsel-musl/stage/usr/include -Wall -fno-strict-aliasing  -o out/conftest2.o conftest.c >&5
configure:9338: $? = 0
configure:9360: result: yes
configure:9368: checking if /opt/lede-toolchain-ramips-mt7621_gcc-5.4.0_musl-1.1.24.Linux-x86_64/toolchain-mipsel_24kc_gcc-5.4.0_musl-1.1.24/bin/mipsel-openwrt-linux-musl-gcc supports -c -o file.o
configure:9415: result: yes
configure:9448: checking whether the /opt/lede-toolchain-ramips-mt7621_gcc-5.4.0_musl-1.1.24.Linux-x86_64/toolchain-mipsel_24kc_gcc-5.4.0_musl-1.1.24/bin/mipsel-openwrt-linux-musl-gcc linker (/opt/lede-toolchain-ramips-mt7621_gcc-5.4.0_musl-1.1.24.Linux-x86_64/toolchain-mipsel_24kc_gcc-5.4.0_musl-1.1.24/bin/mipsel-openwrt-linux-musl-ld) supports shared libraries
configure:10711: result: yes
configure:10951: checking dynamic linker characteristics
configure:11532: /opt/lede-toolchain-ramips-mt7621_gcc-5.4.0_musl-1.1.24.Linux-x86_64/toolchain-mipsel_24kc_gcc-5.4.0_musl-1.1.24/bin/mipsel-openwrt-linux-musl-gcc -o conftest -g -O2 -I/repo/Fail_GPL/asuswrt/release/src-ra-openwrt-4210/router/mipsel-musl/stage/usr/include -Wall -fno-strict-aliasing  -L/repo/Fail_GPL/asuswrt/release/src-ra-openwrt-4210/router/lldpd-0.9.8/lib -lm -L/repo/Fail_GPL/asuswrt/release/src-ra-openwrt-4210/router/mipsel-musl/stage/usr/lib -ljansson -L/repo/Fail_GPL/asuswrt/release/src-ra-openwrt-4210/router/json-c/.libs -ldl -Wl,-rpath -Wl,/foo conftest.c  >&5
configure:11532: $? = 0
configure:11781: result: GNU/Linux ld.so
configure:11903: checking how to hardcode library paths into programs
configure:11928: result: immediate
configure:12476: checking whether stripping libraries is possible
configure:12481: result: yes
configure:12516: checking if libtool supports shared libraries
configure:12518: result: yes
configure:12521: checking whether to build shared libraries
configure:12546: result: no
configure:12549: checking whether to build static libraries
configure:12553: result: yes
configure:12602: checking for library containing inet_ntoa
configure:12633: /opt/lede-toolchain-ramips-mt7621_gcc-5.4.0_musl-1.1.24.Linux-x86_64/toolchain-mipsel_24kc_gcc-5.4.0_musl-1.1.24/bin/mipsel-openwrt-linux-musl-gcc -o conftest -g -O2 -I/repo/Fail_GPL/asuswrt/release/src-ra-openwrt-4210/router/mipsel-musl/stage/usr/include -Wall -fno-strict-aliasing  -L/repo/Fail_GPL/asuswrt/release/src-ra-openwrt-4210/router/lldpd-0.9.8/lib -lm -L/repo/Fail_GPL/asuswrt/release/src-ra-openwrt-4210/router/mipsel-musl/stage/usr/lib -ljansson -L/repo/Fail_GPL/asuswrt/release/src-ra-openwrt-4210/router/json-c/.libs -ldl conftest.c  >&5
configure:12633: $? = 0
configure:12650: result: none required
configure:12658: checking for library containing socket
configure:12689: /opt/lede-toolchain-ramips-mt7621_gcc-5.4.0_musl-1.1.24.Linux-x86_64/toolchain-mipsel_24kc_gcc-5.4.0_musl-1.1.24/bin/mipsel-openwrt-linux-musl-gcc -o conftest -g -O2 -I/repo/Fail_GPL/asuswrt/release/src-ra-openwrt-4210/router/mipsel-musl/stage/usr/include -Wall -fno-strict-aliasing  -L/repo/Fail_GPL/asuswrt/release/src-ra-openwrt-4210/router/lldpd-0.9.8/lib -lm -L/repo/Fail_GPL/asuswrt/release/src-ra-openwrt-4210/router/mipsel-musl/stage/usr/lib -ljansson -L/repo/Fail_GPL/asuswrt/release/src-ra-openwrt-4210/router/json-c/.libs -ldl conftest.c  >&5
configure:12689: $? = 0
configure:12706: result: none required
configure:12714: checking for library containing inet_aton
configure:12745: /opt/lede-toolchain-ramips-mt7621_gcc-5.4.0_musl-1.1.24.Linux-x86_64/toolchain-mipsel_24kc_gcc-5.4.0_musl-1.1.24/bin/mipsel-openwrt-linux-musl-gcc -o conftest -g -O2 -I/repo/Fail_GPL/asuswrt/release/src-ra-openwrt-4210/router/mipsel-musl/stage/usr/include -Wall -fno-strict-aliasing  -L/repo/Fail_GPL/asuswrt/release/src-ra-openwrt-4210/router/lldpd-0.9.8/lib -lm -L/repo/Fail_GPL/asuswrt/release/src-ra-openwrt-4210/router/mipsel-musl/stage/usr/lib -ljansson -L/repo/Fail_GPL/asuswrt/release/src-ra-openwrt-4210/router/json-c/.libs -ldl conftest.c  >&5
configure:12745: $? = 0
configure:12762: result: none required
configure:12770: checking for library containing clock_gettime
configure:12801: /opt/lede-toolchain-ramips-mt7621_gcc-5.4.0_musl-1.1.24.Linux-x86_64/toolchain-mipsel_24kc_gcc-5.4.0_musl-1.1.24/bin/mipsel-openwrt-linux-musl-gcc -o conftest -g -O2 -I/repo/Fail_GPL/asuswrt/release/src-ra-openwrt-4210/router/mipsel-musl/stage/usr/include -Wall -fno-strict-aliasing  -L/repo/Fail_GPL/asuswrt/release/src-ra-openwrt-4210/router/lldpd-0.9.8/lib -lm -L/repo/Fail_GPL/asuswrt/release/src-ra-openwrt-4210/router/mipsel-musl/stage/usr/lib -ljansson -L/repo/Fail_GPL/asuswrt/release/src-ra-openwrt-4210/router/json-c/.libs -ldl conftest.c  >&5
configure:12801: $? = 0
configure:12818: result: none required
configure:12826: checking for library containing sendfile
configure:12857: /opt/lede-toolchain-ramips-mt7621_gcc-5.4.0_musl-1.1.24.Linux-x86_64/toolchain-mipsel_24kc_gcc-5.4.0_musl-1.1.24/bin/mipsel-openwrt-linux-musl-gcc -o conftest -g -O2 -I/repo/Fail_GPL/asuswrt/release/src-ra-openwrt-4210/router/mipsel-musl/stage/usr/include -Wall -fno-strict-aliasing  -L/repo/Fail_GPL/asuswrt/release/src-ra-openwrt-4210/router/lldpd-0.9.8/lib -lm -L/repo/Fail_GPL/asuswrt/release/src-ra-openwrt-4210/router/mipsel-musl/stage/usr/lib -ljansson -L/repo/Fail_GPL/asuswrt/release/src-ra-openwrt-4210/router/json-c/.libs -ldl conftest.c  >&5
configure:12857: $? = 0
configure:12874: result: none required
configure:12883: checking for WIN32
configure:12900: /opt/lede-toolchain-ramips-mt7621_gcc-5.4.0_musl-1.1.24.Linux-x86_64/toolchain-mipsel_24kc_gcc-5.4.0_musl-1.1.24/bin/mipsel-openwrt-linux-musl-gcc -c -g -O2 -I/repo/Fail_GPL/asuswrt/release/src-ra-openwrt-4210/router/mipsel-musl/stage/usr/include -Wall -fno-strict-aliasing  conftest.c >&5
conftest.c: In function 'main':
conftest.c:30:1: error: unknown type name 'die'
 die horribly
 ^
conftest.c:30:5: warning: unused variable 'horribly' [-Wunused-variable]
 die horribly
     ^
configure:12900: $? = 1
configure: failed program was:
| /* confdefs.h */
| #define PACKAGE_NAME ""
| #define PACKAGE_TARNAME ""
| #define PACKAGE_VERSION ""
| #define PACKAGE_STRING ""
| #define PACKAGE_BUGREPORT ""
| #define PACKAGE_URL ""
| #define PACKAGE "libevent"
| #define VERSION "2.0.22-stable"
| #define NUMERIC_VERSION 0x02001600
| #define STDC_HEADERS 1
| #define HAVE_SYS_TYPES_H 1
| #define HAVE_SYS_STAT_H 1
| #define HAVE_STDLIB_H 1
| #define HAVE_STRING_H 1
| #define HAVE_MEMORY_H 1
| #define HAVE_STRINGS_H 1
| #define HAVE_INTTYPES_H 1
| #define HAVE_STDINT_H 1
| #define HAVE_UNISTD_H 1
| #define HAVE_DLFCN_H 1
| #define LT_OBJDIR ".libs/"
| /* end confdefs.h.  */
| 
| int
| main ()
| {
| 
| #ifndef WIN32
| die horribly
| #endif
| 
|   ;
|   return 0;
| }
configure:12904: result: no
configure:12909: checking for CYGWIN
configure:12926: /opt/lede-toolchain-ramips-mt7621_gcc-5.4.0_musl-1.1.24.Linux-x86_64/toolchain-mipsel_24kc_gcc-5.4.0_musl-1.1.24/bin/mipsel-openwrt-linux-musl-gcc -c -g -O2 -I/repo/Fail_GPL/asuswrt/release/src-ra-openwrt-4210/router/mipsel-musl/stage/usr/include -Wall -fno-strict-aliasing  conftest.c >&5
conftest.c: In function 'main':
conftest.c:30:1: error: unknown type name 'die'
 die horribly
 ^
conftest.c:30:5: warning: unused variable 'horribly' [-Wunused-variable]
 die horribly
     ^
configure:12926: $? = 1
configure: failed program was:
| /* confdefs.h */
| #define PACKAGE_NAME ""
| #define PACKAGE_TARNAME ""
| #define PACKAGE_VERSION ""
| #define PACKAGE_STRING ""
| #define PACKAGE_BUGREPORT ""
| #define PACKAGE_URL ""
| #define PACKAGE "libevent"
| #define VERSION "2.0.22-stable"
| #define NUMERIC_VERSION 0x02001600
| #define STDC_HEADERS 1
| #define HAVE_SYS_TYPES_H 1
| #define HAVE_SYS_STAT_H 1
| #define HAVE_STDLIB_H 1
| #define HAVE_STRING_H 1
| #define HAVE_MEMORY_H 1
| #define HAVE_STRINGS_H 1
| #define HAVE_INTTYPES_H 1
| #define HAVE_STDINT_H 1
| #define HAVE_UNISTD_H 1
| #define HAVE_DLFCN_H 1
| #define LT_OBJDIR ".libs/"
| /* end confdefs.h.  */
| 
| int
| main ()
| {
| 
| #ifndef __CYGWIN__
| die horribly
| #endif
| 
|   ;
|   return 0;
| }
configure:12930: result: no
configure:12937: checking zlib.h usability
configure:12937: /opt/lede-toolchain-ramips-mt7621_gcc-5.4.0_musl-1.1.24.Linux-x86_64/toolchain-mipsel_24kc_gcc-5.4.0_musl-1.1.24/bin/mipsel-openwrt-linux-musl-gcc -c -g -O2 -I/repo/Fail_GPL/asuswrt/release/src-ra-openwrt-4210/router/mipsel-musl/stage/usr/include -Wall -fno-strict-aliasing  conftest.c >&5
configure:12937: $? = 0
configure:12937: result: yes
configure:12937: checking zlib.h presence
configure:12937: /opt/lede-toolchain-ramips-mt7621_gcc-5.4.0_musl-1.1.24.Linux-x86_64/toolchain-mipsel_24kc_gcc-5.4.0_musl-1.1.24/bin/mipsel-openwrt-linux-musl-gcc -E  conftest.c
conftest.c:24:18: fatal error: zlib.h: No such file or directory
compilation terminated.
configure:12937: $? = 1
configure: failed program was:
| /* confdefs.h */
| #define PACKAGE_NAME ""
| #define PACKAGE_TARNAME ""
| #define PACKAGE_VERSION ""
| #define PACKAGE_STRING ""
| #define PACKAGE_BUGREPORT ""
| #define PACKAGE_URL ""
| #define PACKAGE "libevent"
| #define VERSION "2.0.22-stable"
| #define NUMERIC_VERSION 0x02001600
| #define STDC_HEADERS 1
| #define HAVE_SYS_TYPES_H 1
| #define HAVE_SYS_STAT_H 1
| #define HAVE_STDLIB_H 1
| #define HAVE_STRING_H 1
| #define HAVE_MEMORY_H 1
| #define HAVE_STRINGS_H 1
| #define HAVE_INTTYPES_H 1
| #define HAVE_STDINT_H 1
| #define HAVE_UNISTD_H 1
| #define HAVE_DLFCN_H 1
| #define LT_OBJDIR ".libs/"
| /* end confdefs.h.  */
| #include <zlib.h>
configure:12937: result: no
configure:12937: WARNING: zlib.h: accepted by the compiler, rejected by the preprocessor!
configure:12937: WARNING: zlib.h: proceeding with the compiler's result
configure:12937: checking for zlib.h
configure:12937: result: yes
configure:12953: checking for library containing inflateEnd
configure:12984: /opt/lede-toolchain-ramips-mt7621_gcc-5.4.0_musl-1.1.24.Linux-x86_64/toolchain-mipsel_24kc_gcc-5.4.0_musl-1.1.24/bin/mipsel-openwrt-linux-musl-gcc -o conftest -g -O2 -I/repo/Fail_GPL/asuswrt/release/src-ra-openwrt-4210/router/mipsel-musl/stage/usr/include -Wall -fno-strict-aliasing  -L/repo/Fail_GPL/asuswrt/release/src-ra-openwrt-4210/router/lldpd-0.9.8/lib -lm -L/repo/Fail_GPL/asuswrt/release/src-ra-openwrt-4210/router/mipsel-musl/stage/usr/lib -ljansson -L/repo/Fail_GPL/asuswrt/release/src-ra-openwrt-4210/router/json-c/.libs -ldl conftest.c  >&5
/tmp/ccnIcLCA.o: In function `main':
/repo/Fail_GPL/asuswrt/release/src/router/lldpd-0.9.8/libevent/conftest.c:36: undefined reference to `inflateEnd'
collect2: error: ld returned 1 exit status
configure:12984: $? = 1
configure: failed program was:
| /* confdefs.h */
| #define PACKAGE_NAME ""
| #define PACKAGE_TARNAME ""
| #define PACKAGE_VERSION ""
| #define PACKAGE_STRING ""
| #define PACKAGE_BUGREPORT ""
| #define PACKAGE_URL ""
| #define PACKAGE "libevent"
| #define VERSION "2.0.22-stable"
| #define NUMERIC_VERSION 0x02001600
| #define STDC_HEADERS 1
| #define HAVE_SYS_TYPES_H 1
| #define HAVE_SYS_STAT_H 1
| #define HAVE_STDLIB_H 1
| #define HAVE_STRING_H 1
| #define HAVE_MEMORY_H 1
| #define HAVE_STRINGS_H 1
| #define HAVE_INTTYPES_H 1
| #define HAVE_STDINT_H 1
| #define HAVE_UNISTD_H 1
| #define HAVE_DLFCN_H 1
| #define LT_OBJDIR ".libs/"
| #define HAVE_ZLIB_H 1
| /* end confdefs.h.  */
| 
| /* Override any GCC internal prototype to avoid an error.
|    Use char because int might match the return type of a GCC
|    builtin and then its argument prototype would still apply.  */
| #ifdef __cplusplus
| extern "C"
| #endif
| char inflateEnd ();
| int
| main ()
| {
| return inflateEnd ();
|   ;
|   return 0;
| }
configure:12984: /opt/lede-toolchain-ramips-mt7621_gcc-5.4.0_musl-1.1.24.Linux-x86_64/toolchain-mipsel_24kc_gcc-5.4.0_musl-1.1.24/bin/mipsel-openwrt-linux-musl-gcc -o conftest -g -O2 -I/repo/Fail_GPL/asuswrt/release/src-ra-openwrt-4210/router/mipsel-musl/stage/usr/include -Wall -fno-strict-aliasing  -L/repo/Fail_GPL/asuswrt/release/src-ra-openwrt-4210/router/lldpd-0.9.8/lib -lm -L/repo/Fail_GPL/asuswrt/release/src-ra-openwrt-4210/router/mipsel-musl/stage/usr/lib -ljansson -L/repo/Fail_GPL/asuswrt/release/src-ra-openwrt-4210/router/json-c/.libs -ldl conftest.c -lz   >&5
configure:12984: $? = 0
configure:13001: result: -lz
configure:13038: checking openssl/bio.h usability
configure:13038: /opt/lede-toolchain-ramips-mt7621_gcc-5.4.0_musl-1.1.24.Linux-x86_64/toolchain-mipsel_24kc_gcc-5.4.0_musl-1.1.24/bin/mipsel-openwrt-linux-musl-gcc -c -g -O2 -I/repo/Fail_GPL/asuswrt/release/src-ra-openwrt-4210/router/mipsel-musl/stage/usr/include -Wall -fno-strict-aliasing  conftest.c >&5
configure:13038: $? = 0
configure:13038: result: yes
configure:13038: checking openssl/bio.h presence
configure:13038: /opt/lede-toolchain-ramips-mt7621_gcc-5.4.0_musl-1.1.24.Linux-x86_64/toolchain-mipsel_24kc_gcc-5.4.0_musl-1.1.24/bin/mipsel-openwrt-linux-musl-gcc -E  conftest.c
conftest.c:26:25: fatal error: openssl/bio.h: No such file or directory
compilation terminated.
configure:13038: $? = 1
configure: failed program was:
| /* confdefs.h */
| #define PACKAGE_NAME ""
| #define PACKAGE_TARNAME ""
| #define PACKAGE_VERSION ""
| #define PACKAGE_STRING ""
| #define PACKAGE_BUGREPORT ""
| #define PACKAGE_URL ""
| #define PACKAGE "libevent"
| #define VERSION "2.0.22-stable"
| #define NUMERIC_VERSION 0x02001600
| #define STDC_HEADERS 1
| #define HAVE_SYS_TYPES_H 1
| #define HAVE_SYS_STAT_H 1
| #define HAVE_STDLIB_H 1
| #define HAVE_STRING_H 1
| #define HAVE_MEMORY_H 1
| #define HAVE_STRINGS_H 1
| #define HAVE_INTTYPES_H 1
| #define HAVE_STDINT_H 1
| #define HAVE_UNISTD_H 1
| #define HAVE_DLFCN_H 1
| #define LT_OBJDIR ".libs/"
| #define HAVE_ZLIB_H 1
| #define HAVE_LIBZ 1
| /* end confdefs.h.  */
| #include <openssl/bio.h>
configure:13038: result: no
configure:13038: WARNING: openssl/bio.h: accepted by the compiler, rejected by the preprocessor!
configure:13038: WARNING: openssl/bio.h: proceeding with the compiler's result
configure:13038: checking for openssl/bio.h
configure:13038: result: yes
configure:13120: checking for ANSI C header files
configure:13224: result: yes
configure:13235: checking fcntl.h usability
configure:13235: /opt/lede-toolchain-ramips-mt7621_gcc-5.4.0_musl-1.1.24.Linux-x86_64/toolchain-mipsel_24kc_gcc-5.4.0_musl-1.1.24/bin/mipsel-openwrt-linux-musl-gcc -c -g -O2 -I/repo/Fail_GPL/asuswrt/release/src-ra-openwrt-4210/router/mipsel-musl/stage/usr/include -Wall -fno-strict-aliasing  conftest.c >&5
configure:13235: $? = 0
configure:13235: result: yes
configure:13235: checking fcntl.h presence
configure:13235: /opt/lede-toolchain-ramips-mt7621_gcc-5.4.0_musl-1.1.24.Linux-x86_64/toolchain-mipsel_24kc_gcc-5.4.0_musl-1.1.24/bin/mipsel-openwrt-linux-musl-gcc -E  conftest.c
configure:13235: $? = 0
configure:13235: result: yes
configure:13235: checking for fcntl.h
configure:13235: result: yes
configure:13235: checking stdarg.h usability
configure:13235: /opt/lede-toolchain-ramips-mt7621_gcc-5.4.0_musl-1.1.24.Linux-x86_64/toolchain-mipsel_24kc_gcc-5.4.0_musl-1.1.24/bin/mipsel-openwrt-linux-musl-gcc -c -g -O2 -I/repo/Fail_GPL/asuswrt/release/src-ra-openwrt-4210/router/mipsel-musl/stage/usr/include -Wall -fno-strict-aliasing  conftest.c >&5
configure:13235: $? = 0
configure:13235: result: yes
configure:13235: checking stdarg.h presence
configure:13235: /opt/lede-toolchain-ramips-mt7621_gcc-5.4.0_musl-1.1.24.Linux-x86_64/toolchain-mipsel_24kc_gcc-5.4.0_musl-1.1.24/bin/mipsel-openwrt-linux-musl-gcc -E  conftest.c
configure:13235: $? = 0
configure:13235: result: yes
configure:13235: checking for stdarg.h
configure:13235: result: yes
configure:13235: checking for inttypes.h
configure:13235: result: yes
configure:13235: checking for stdint.h
configure:13235: result: yes
configure:13235: checking stddef.h usability
configure:13235: /opt/lede-toolchain-ramips-mt7621_gcc-5.4.0_musl-1.1.24.Linux-x86_64/toolchain-mipsel_24kc_gcc-5.4.0_musl-1.1.24/bin/mipsel-openwrt-linux-musl-gcc -c -g -O2 -I/repo/Fail_GPL/asuswrt/release/src-ra-openwrt-4210/router/mipsel-musl/stage/usr/include -Wall -fno-strict-aliasing  conftest.c >&5
configure:13235: $? = 0
configure:13235: result: yes
configure:13235: checking stddef.h presence
configure:13235: /opt/lede-toolchain-ramips-mt7621_gcc-5.4.0_musl-1.1.24.Linux-x86_64/toolchain-mipsel_24kc_gcc-5.4.0_musl-1.1.24/bin/mipsel-openwrt-linux-musl-gcc -E  conftest.c
configure:13235: $? = 0
configure:13235: result: yes
configure:13235: checking for stddef.h
configure:13235: result: yes
configure:13235: checking poll.h usability
configure:13235: /opt/lede-toolchain-ramips-mt7621_gcc-5.4.0_musl-1.1.24.Linux-x86_64/toolchain-mipsel_24kc_gcc-5.4.0_musl-1.1.24/bin/mipsel-openwrt-linux-musl-gcc -c -g -O2 -I/repo/Fail_GPL/asuswrt/release/src-ra-openwrt-4210/router/mipsel-musl/stage/usr/include -Wall -fno-strict-aliasing  conftest.c >&5
configure:13235: $? = 0
configure:13235: result: yes
configure:13235: checking poll.h presence
configure:13235: /opt/lede-toolchain-ramips-mt7621_gcc-5.4.0_musl-1.1.24.Linux-x86_64/toolchain-mipsel_24kc_gcc-5.4.0_musl-1.1.24/bin/mipsel-openwrt-linux-musl-gcc -E  conftest.c
configure:13235: $? = 0
configure:13235: result: yes
configure:13235: checking for poll.h
configure:13235: result: yes
configure:13235: checking for unistd.h
configure:13235: result: yes
configure:13235: checking sys/epoll.h usability
configure:13235: /opt/lede-toolchain-ramips-mt7621_gcc-5.4.0_musl-1.1.24.Linux-x86_64/toolchain-mipsel_24kc_gcc-5.4.0_musl-1.1.24/bin/mipsel-openwrt-linux-musl-gcc -c -g -O2 -I/repo/Fail_GPL/asuswrt/release/src-ra-openwrt-4210/router/mipsel-musl/stage/usr/include -Wall -fno-strict-aliasing  conftest.c >&5
configure:13235: $? = 0
configure:13235: result: yes
configure:13235: checking sys/epoll.h presence
configure:13235: /opt/lede-toolchain-ramips-mt7621_gcc-5.4.0_musl-1.1.24.Linux-x86_64/toolchain-mipsel_24kc_gcc-5.4.0_musl-1.1.24/bin/mipsel-openwrt-linux-musl-gcc -E  conftest.c
configure:13235: $? = 0
configure:13235: result: yes
configure:13235: checking for sys/epoll.h
configure:13235: result: yes
configure:13235: checking sys/time.h usability
configure:13235: /opt/lede-toolchain-ramips-mt7621_gcc-5.4.0_musl-1.1.24.Linux-x86_64/toolchain-mipsel_24kc_gcc-5.4.0_musl-1.1.24/bin/mipsel-openwrt-linux-musl-gcc -c -g -O2 -I/repo/Fail_GPL/asuswrt/release/src-ra-openwrt-4210/router/mipsel-musl/stage/usr/include -Wall -fno-strict-aliasing  conftest.c >&5
configure:13235: $? = 0
configure:13235: result: yes
configure:13235: checking sys/time.h presence
configure:13235: /opt/lede-toolchain-ramips-mt7621_gcc-5.4.0_musl-1.1.24.Linux-x86_64/toolchain-mipsel_24kc_gcc-5.4.0_musl-1.1.24/bin/mipsel-openwrt-linux-musl-gcc -E  conftest.c
configure:13235: $? = 0
configure:13235: result: yes
configure:13235: checking for sys/time.h
configure:13235: result: yes
configure:13235: checking sys/queue.h usability
configure:13235: /opt/lede-toolchain-ramips-mt7621_gcc-5.4.0_musl-1.1.24.Linux-x86_64/toolchain-mipsel_24kc_gcc-5.4.0_musl-1.1.24/bin/mipsel-openwrt-linux-musl-gcc -c -g -O2 -I/repo/Fail_GPL/asuswrt/release/src-ra-openwrt-4210/router/mipsel-musl/stage/usr/include -Wall -fno-strict-aliasing  conftest.c >&5
configure:13235: $? = 0
configure:13235: result: yes
configure:13235: checking sys/queue.h presence
configure:13235: /opt/lede-toolchain-ramips-mt7621_gcc-5.4.0_musl-1.1.24.Linux-x86_64/toolchain-mipsel_24kc_gcc-5.4.0_musl-1.1.24/bin/mipsel-openwrt-linux-musl-gcc -E  conftest.c
configure:13235: $? = 0
configure:13235: result: yes
configure:13235: checking for sys/queue.h
configure:13235: result: yes
configure:13235: checking sys/event.h usability
configure:13235: /opt/lede-toolchain-ramips-mt7621_gcc-5.4.0_musl-1.1.24.Linux-x86_64/toolchain-mipsel_24kc_gcc-5.4.0_musl-1.1.24/bin/mipsel-openwrt-linux-musl-gcc -c -g -O2 -I/repo/Fail_GPL/asuswrt/release/src-ra-openwrt-4210/router/mipsel-musl/stage/usr/include -Wall -fno-strict-aliasing  conftest.c >&5
conftest.c:71:23: fatal error: sys/event.h: No such file or directory
compilation terminated.
configure:13235: $? = 1
configure: failed program was:
| /* confdefs.h */
| #define PACKAGE_NAME ""
| #define PACKAGE_TARNAME ""
| #define PACKAGE_VERSION ""
| #define PACKAGE_STRING ""
| #define PACKAGE_BUGREPORT ""
| #define PACKAGE_URL ""
| #define PACKAGE "libevent"
| #define VERSION "2.0.22-stable"
| #define NUMERIC_VERSION 0x02001600
| #define STDC_HEADERS 1
| #define HAVE_SYS_TYPES_H 1
| #define HAVE_SYS_STAT_H 1
| #define HAVE_STDLIB_H 1
| #define HAVE_STRING_H 1
| #define HAVE_MEMORY_H 1
| #define HAVE_STRINGS_H 1
| #define HAVE_INTTYPES_H 1
| #define HAVE_STDINT_H 1
| #define HAVE_UNISTD_H 1
| #define HAVE_DLFCN_H 1
| #define LT_OBJDIR ".libs/"
| #define HAVE_ZLIB_H 1
| #define HAVE_LIBZ 1
| #define HAVE_OPENSSL_BIO_H 1
| #define STDC_HEADERS 1
| #define HAVE_FCNTL_H 1
| #define HAVE_STDARG_H 1
| #define HAVE_INTTYPES_H 1
| #define HAVE_STDINT_H 1
| #define HAVE_STDDEF_H 1
| #define HAVE_POLL_H 1
| #define HAVE_UNISTD_H 1
| #define HAVE_SYS_EPOLL_H 1
| #define HAVE_SYS_TIME_H 1
| #define HAVE_SYS_QUEUE_H 1
| /* end confdefs.h.  */
| #include <stdio.h>
| #ifdef HAVE_SYS_TYPES_H
| # include <sys/types.h>
| #endif
| #ifdef HAVE_SYS_STAT_H
| # include <sys/stat.h>
| #endif
| #ifdef STDC_HEADERS
| # include <stdlib.h>
| # include <stddef.h>
| #else
| # ifdef HAVE_STDLIB_H
| #  include <stdlib.h>
| # endif
| #endif
| #ifdef HAVE_STRING_H
| # if !defined STDC_HEADERS && defined HAVE_MEMORY_H
| #  include <memory.h>
| # endif
| # include <string.h>
| #endif
| #ifdef HAVE_STRINGS_H
| # include <strings.h>
| #endif
| #ifdef HAVE_INTTYPES_H
| # include <inttypes.h>
| #endif
| #ifdef HAVE_STDINT_H
| # include <stdint.h>
| #endif
| #ifdef HAVE_UNISTD_H
| # include <unistd.h>
| #endif
| #include <sys/event.h>
configure:13235: result: no
configure:13235: checking sys/event.h presence
configure:13235: /opt/lede-toolchain-ramips-mt7621_gcc-5.4.0_musl-1.1.24.Linux-x86_64/toolchain-mipsel_24kc_gcc-5.4.0_musl-1.1.24/bin/mipsel-openwrt-linux-musl-gcc -E  conftest.c
conftest.c:38:23: fatal error: sys/event.h: No such file or directory
compilation terminated.
configure:13235: $? = 1
configure: failed program was:
| /* confdefs.h */
| #define PACKAGE_NAME ""
| #define PACKAGE_TARNAME ""
| #define PACKAGE_VERSION ""
| #define PACKAGE_STRING ""
| #define PACKAGE_BUGREPORT ""
| #define PACKAGE_URL ""
| #define PACKAGE "libevent"
| #define VERSION "2.0.22-stable"
| #define NUMERIC_VERSION 0x02001600
| #define STDC_HEADERS 1
| #define HAVE_SYS_TYPES_H 1
| #define HAVE_SYS_STAT_H 1
| #define HAVE_STDLIB_H 1
| #define HAVE_STRING_H 1
| #define HAVE_MEMORY_H 1
| #define HAVE_STRINGS_H 1
| #define HAVE_INTTYPES_H 1
| #define HAVE_STDINT_H 1
| #define HAVE_UNISTD_H 1
| #define HAVE_DLFCN_H 1
| #define LT_OBJDIR ".libs/"
| #define HAVE_ZLIB_H 1
| #define HAVE_LIBZ 1
| #define HAVE_OPENSSL_BIO_H 1
| #define STDC_HEADERS 1
| #define HAVE_FCNTL_H 1
| #define HAVE_STDARG_H 1
| #define HAVE_INTTYPES_H 1
| #define HAVE_STDINT_H 1
| #define HAVE_STDDEF_H 1
| #define HAVE_POLL_H 1
| #define HAVE_UNISTD_H 1
| #define HAVE_SYS_EPOLL_H 1
| #define HAVE_SYS_TIME_H 1
| #define HAVE_SYS_QUEUE_H 1
| /* end confdefs.h.  */
| #include <sys/event.h>
configure:13235: result: no
configure:13235: checking for sys/event.h
configure:13235: result: no
configure:13235: checking sys/param.h usability
configure:13235: /opt/lede-toolchain-ramips-mt7621_gcc-5.4.0_musl-1.1.24.Linux-x86_64/toolchain-mipsel_24kc_gcc-5.4.0_musl-1.1.24/bin/mipsel-openwrt-linux-musl-gcc -c -g -O2 -I/repo/Fail_GPL/asuswrt/release/src-ra-openwrt-4210/router/mipsel-musl/stage/usr/include -Wall -fno-strict-aliasing  conftest.c >&5
configure:13235: $? = 0
configure:13235: result: yes
configure:13235: checking sys/param.h presence
configure:13235: /opt/lede-toolchain-ramips-mt7621_gcc-5.4.0_musl-1.1.24.Linux-x86_64/toolchain-mipsel_24kc_gcc-5.4.0_musl-1.1.24/bin/mipsel-openwrt-linux-musl-gcc -E  conftest.c
configure:13235: $? = 0
configure:13235: result: yes
configure:13235: checking for sys/param.h
configure:13235: result: yes
configure:13235: checking sys/ioctl.h usability
configure:13235: /opt/lede-toolchain-ramips-mt7621_gcc-5.4.0_musl-1.1.24.Linux-x86_64/toolchain-mipsel_24kc_gcc-5.4.0_musl-1.1.24/bin/mipsel-openwrt-linux-musl-gcc -c -g -O2 -I/repo/Fail_GPL/asuswrt/release/src-ra-openwrt-4210/router/mipsel-musl/stage/usr/include -Wall -fno-strict-aliasing  conftest.c >&5
configure:13235: $? = 0
configure:13235: result: yes
configure:13235: checking sys/ioctl.h presence
configure:13235: /opt/lede-toolchain-ramips-mt7621_gcc-5.4.0_musl-1.1.24.Linux-x86_64/toolchain-mipsel_24kc_gcc-5.4.0_musl-1.1.24/bin/mipsel-openwrt-linux-musl-gcc -E  conftest.c
configure:13235: $? = 0
configure:13235: result: yes
configure:13235: checking for sys/ioctl.h
configure:13235: result: yes
configure:13235: checking sys/select.h usability
configure:13235: /opt/lede-toolchain-ramips-mt7621_gcc-5.4.0_musl-1.1.24.Linux-x86_64/toolchain-mipsel_24kc_gcc-5.4.0_musl-1.1.24/bin/mipsel-openwrt-linux-musl-gcc -c -g -O2 -I/repo/Fail_GPL/asuswrt/release/src-ra-openwrt-4210/router/mipsel-musl/stage/usr/include -Wall -fno-strict-aliasing  conftest.c >&5
configure:13235: $? = 0
configure:13235: result: yes
configure:13235: checking sys/select.h presence
configure:13235: /opt/lede-toolchain-ramips-mt7621_gcc-5.4.0_musl-1.1.24.Linux-x86_64/toolchain-mipsel_24kc_gcc-5.4.0_musl-1.1.24/bin/mipsel-openwrt-linux-musl-gcc -E  conftest.c
configure:13235: $? = 0
configure:13235: result: yes
configure:13235: checking for sys/select.h
configure:13235: result: yes
configure:13235: checking sys/devpoll.h usability
configure:13235: /opt/lede-toolchain-ramips-mt7621_gcc-5.4.0_musl-1.1.24.Linux-x86_64/toolchain-mipsel_24kc_gcc-5.4.0_musl-1.1.24/bin/mipsel-openwrt-linux-musl-gcc -c -g -O2 -I/repo/Fail_GPL/asuswrt/release/src-ra-openwrt-4210/router/mipsel-musl/stage/usr/include -Wall -fno-strict-aliasing  conftest.c >&5
conftest.c:74:25: fatal error: sys/devpoll.h: No such file or directory
compilation terminated.
configure:13235: $? = 1
configure: failed program was:
| /* confdefs.h */
| #define PACKAGE_NAME ""
| #define PACKAGE_TARNAME ""
| #define PACKAGE_VERSION ""
| #define PACKAGE_STRING ""
| #define PACKAGE_BUGREPORT ""
| #define PACKAGE_URL ""
| #define PACKAGE "libevent"
| #define VERSION "2.0.22-stable"
| #define NUMERIC_VERSION 0x02001600
| #define STDC_HEADERS 1
| #define HAVE_SYS_TYPES_H 1
| #define HAVE_SYS_STAT_H 1
| #define HAVE_STDLIB_H 1
| #define HAVE_STRING_H 1
| #define HAVE_MEMORY_H 1
| #define HAVE_STRINGS_H 1
| #define HAVE_INTTYPES_H 1
| #define HAVE_STDINT_H 1
| #define HAVE_UNISTD_H 1
| #define HAVE_DLFCN_H 1
| #define LT_OBJDIR ".libs/"
| #define HAVE_ZLIB_H 1
| #define HAVE_LIBZ 1
| #define HAVE_OPENSSL_BIO_H 1
| #define STDC_HEADERS 1
| #define HAVE_FCNTL_H 1
| #define HAVE_STDARG_H 1
| #define HAVE_INTTYPES_H 1
| #define HAVE_STDINT_H 1
| #define HAVE_STDDEF_H 1
| #define HAVE_POLL_H 1
| #define HAVE_UNISTD_H 1
| #define HAVE_SYS_EPOLL_H 1
| #define HAVE_SYS_TIME_H 1
| #define HAVE_SYS_QUEUE_H 1
| #define HAVE_SYS_PARAM_H 1
| #define HAVE_SYS_IOCTL_H 1
| #define HAVE_SYS_SELECT_H 1
| /* end confdefs.h.  */
| #include <stdio.h>
| #ifdef HAVE_SYS_TYPES_H
| # include <sys/types.h>
| #endif
| #ifdef HAVE_SYS_STAT_H
| # include <sys/stat.h>
| #endif
| #ifdef STDC_HEADERS
| # include <stdlib.h>
| # include <stddef.h>
| #else
| # ifdef HAVE_STDLIB_H
| #  include <stdlib.h>
| # endif
| #endif
| #ifdef HAVE_STRING_H
| # if !defined STDC_HEADERS && defined HAVE_MEMORY_H
| #  include <memory.h>
| # endif
| # include <string.h>
| #endif
| #ifdef HAVE_STRINGS_H
| # include <strings.h>
| #endif
| #ifdef HAVE_INTTYPES_H
| # include <inttypes.h>
| #endif
| #ifdef HAVE_STDINT_H
| # include <stdint.h>
| #endif
| #ifdef HAVE_UNISTD_H
| # include <unistd.h>
| #endif
| #include <sys/devpoll.h>
configure:13235: result: no
configure:13235: checking sys/devpoll.h presence
configure:13235: /opt/lede-toolchain-ramips-mt7621_gcc-5.4.0_musl-1.1.24.Linux-x86_64/toolchain-mipsel_24kc_gcc-5.4.0_musl-1.1.24/bin/mipsel-openwrt-linux-musl-gcc -E  conftest.c
conftest.c:41:25: fatal error: sys/devpoll.h: No such file or directory
compilation terminated.
configure:13235: $? = 1
configure: failed program was:
| /* confdefs.h */
| #define PACKAGE_NAME ""
| #define PACKAGE_TARNAME ""
| #define PACKAGE_VERSION ""
| #define PACKAGE_STRING ""
| #define PACKAGE_BUGREPORT ""
| #define PACKAGE_URL ""
| #define PACKAGE "libevent"
| #define VERSION "2.0.22-stable"
| #define NUMERIC_VERSION 0x02001600
| #define STDC_HEADERS 1
| #define HAVE_SYS_TYPES_H 1
| #define HAVE_SYS_STAT_H 1
| #define HAVE_STDLIB_H 1
| #define HAVE_STRING_H 1
| #define HAVE_MEMORY_H 1
| #define HAVE_STRINGS_H 1
| #define HAVE_INTTYPES_H 1
| #define HAVE_STDINT_H 1
| #define HAVE_UNISTD_H 1
| #define HAVE_DLFCN_H 1
| #define LT_OBJDIR ".libs/"
| #define HAVE_ZLIB_H 1
| #define HAVE_LIBZ 1
| #define HAVE_OPENSSL_BIO_H 1
| #define STDC_HEADERS 1
| #define HAVE_FCNTL_H 1
| #define HAVE_STDARG_H 1
| #define HAVE_INTTYPES_H 1
| #define HAVE_STDINT_H 1
| #define HAVE_STDDEF_H 1
| #define HAVE_POLL_H 1
| #define HAVE_UNISTD_H 1
| #define HAVE_SYS_EPOLL_H 1
| #define HAVE_SYS_TIME_H 1
| #define HAVE_SYS_QUEUE_H 1
| #define HAVE_SYS_PARAM_H 1
| #define HAVE_SYS_IOCTL_H 1
| #define HAVE_SYS_SELECT_H 1
| /* end confdefs.h.  */
| #include <sys/devpoll.h>
configure:13235: result: no
configure:13235: checking for sys/devpoll.h
configure:13235: result: no
configure:13235: checking port.h usability
configure:13235: /opt/lede-toolchain-ramips-mt7621_gcc-5.4.0_musl-1.1.24.Linux-x86_64/toolchain-mipsel_24kc_gcc-5.4.0_musl-1.1.24/bin/mipsel-openwrt-linux-musl-gcc -c -g -O2 -I/repo/Fail_GPL/asuswrt/release/src-ra-openwrt-4210/router/mipsel-musl/stage/usr/include -Wall -fno-strict-aliasing  conftest.c >&5
conftest.c:74:18: fatal error: port.h: No such file or directory
compilation terminated.
configure:13235: $? = 1
configure: failed program was:
| /* confdefs.h */
| #define PACKAGE_NAME ""
| #define PACKAGE_TARNAME ""
| #define PACKAGE_VERSION ""
| #define PACKAGE_STRING ""
| #define PACKAGE_BUGREPORT ""
| #define PACKAGE_URL ""
| #define PACKAGE "libevent"
| #define VERSION "2.0.22-stable"
| #define NUMERIC_VERSION 0x02001600
| #define STDC_HEADERS 1
| #define HAVE_SYS_TYPES_H 1
| #define HAVE_SYS_STAT_H 1
| #define HAVE_STDLIB_H 1
| #define HAVE_STRING_H 1
| #define HAVE_MEMORY_H 1
| #define HAVE_STRINGS_H 1
| #define HAVE_INTTYPES_H 1
| #define HAVE_STDINT_H 1
| #define HAVE_UNISTD_H 1
| #define HAVE_DLFCN_H 1
| #define LT_OBJDIR ".libs/"
| #define HAVE_ZLIB_H 1
| #define HAVE_LIBZ 1
| #define HAVE_OPENSSL_BIO_H 1
| #define STDC_HEADERS 1
| #define HAVE_FCNTL_H 1
| #define HAVE_STDARG_H 1
| #define HAVE_INTTYPES_H 1
| #define HAVE_STDINT_H 1
| #define HAVE_STDDEF_H 1
| #define HAVE_POLL_H 1
| #define HAVE_UNISTD_H 1
| #define HAVE_SYS_EPOLL_H 1
| #define HAVE_SYS_TIME_H 1
| #define HAVE_SYS_QUEUE_H 1
| #define HAVE_SYS_PARAM_H 1
| #define HAVE_SYS_IOCTL_H 1
| #define HAVE_SYS_SELECT_H 1
| /* end confdefs.h.  */
| #include <stdio.h>
| #ifdef HAVE_SYS_TYPES_H
| # include <sys/types.h>
| #endif
| #ifdef HAVE_SYS_STAT_H
| # include <sys/stat.h>
| #endif
| #ifdef STDC_HEADERS
| # include <stdlib.h>
| # include <stddef.h>
| #else
| # ifdef HAVE_STDLIB_H
| #  include <stdlib.h>
| # endif
| #endif
| #ifdef HAVE_STRING_H
| # if !defined STDC_HEADERS && defined HAVE_MEMORY_H
| #  include <memory.h>
| # endif
| # include <string.h>
| #endif
| #ifdef HAVE_STRINGS_H
| # include <strings.h>
| #endif
| #ifdef HAVE_INTTYPES_H
| # include <inttypes.h>
| #endif
| #ifdef HAVE_STDINT_H
| # include <stdint.h>
| #endif
| #ifdef HAVE_UNISTD_H
| # include <unistd.h>
| #endif
| #include <port.h>
configure:13235: result: no
configure:13235: checking port.h presence
configure:13235: /opt/lede-toolchain-ramips-mt7621_gcc-5.4.0_musl-1.1.24.Linux-x86_64/toolchain-mipsel_24kc_gcc-5.4.0_musl-1.1.24/bin/mipsel-openwrt-linux-musl-gcc -E  conftest.c
conftest.c:41:18: fatal error: port.h: No such file or directory
compilation terminated.
configure:13235: $? = 1
configure: failed program was:
| /* confdefs.h */
| #define PACKAGE_NAME ""
| #define PACKAGE_TARNAME ""
| #define PACKAGE_VERSION ""
| #define PACKAGE_STRING ""
| #define PACKAGE_BUGREPORT ""
| #define PACKAGE_URL ""
| #define PACKAGE "libevent"
| #define VERSION "2.0.22-stable"
| #define NUMERIC_VERSION 0x02001600
| #define STDC_HEADERS 1
| #define HAVE_SYS_TYPES_H 1
| #define HAVE_SYS_STAT_H 1
| #define HAVE_STDLIB_H 1
| #define HAVE_STRING_H 1
| #define HAVE_MEMORY_H 1
| #define HAVE_STRINGS_H 1
| #define HAVE_INTTYPES_H 1
| #define HAVE_STDINT_H 1
| #define HAVE_UNISTD_H 1
| #define HAVE_DLFCN_H 1
| #define LT_OBJDIR ".libs/"
| #define HAVE_ZLIB_H 1
| #define HAVE_LIBZ 1
| #define HAVE_OPENSSL_BIO_H 1
| #define STDC_HEADERS 1
| #define HAVE_FCNTL_H 1
| #define HAVE_STDARG_H 1
| #define HAVE_INTTYPES_H 1
| #define HAVE_STDINT_H 1
| #define HAVE_STDDEF_H 1
| #define HAVE_POLL_H 1
| #define HAVE_UNISTD_H 1
| #define HAVE_SYS_EPOLL_H 1
| #define HAVE_SYS_TIME_H 1
| #define HAVE_SYS_QUEUE_H 1
| #define HAVE_SYS_PARAM_H 1
| #define HAVE_SYS_IOCTL_H 1
| #define HAVE_SYS_SELECT_H 1
| /* end confdefs.h.  */
| #include <port.h>
configure:13235: result: no
configure:13235: checking for port.h
configure:13235: result: no
configure:13235: checking netinet/in.h usability
configure:13235: /opt/lede-toolchain-ramips-mt7621_gcc-5.4.0_musl-1.1.24.Linux-x86_64/toolchain-mipsel_24kc_gcc-5.4.0_musl-1.1.24/bin/mipsel-openwrt-linux-musl-gcc -c -g -O2 -I/repo/Fail_GPL/asuswrt/release/src-ra-openwrt-4210/router/mipsel-musl/stage/usr/include -Wall -fno-strict-aliasing  conftest.c >&5
configure:13235: $? = 0
configure:13235: result: yes
configure:13235: checking netinet/in.h presence
configure:13235: /opt/lede-toolchain-ramips-mt7621_gcc-5.4.0_musl-1.1.24.Linux-x86_64/toolchain-mipsel_24kc_gcc-5.4.0_musl-1.1.24/bin/mipsel-openwrt-linux-musl-gcc -E  conftest.c
configure:13235: $? = 0
configure:13235: result: yes
configure:13235: checking for netinet/in.h
configure:13235: result: yes
configure:13235: checking netinet/in6.h usability
configure:13235: /opt/lede-toolchain-ramips-mt7621_gcc-5.4.0_musl-1.1.24.Linux-x86_64/toolchain-mipsel_24kc_gcc-5.4.0_musl-1.1.24/bin/mipsel-openwrt-linux-musl-gcc -c -g -O2 -I/repo/Fail_GPL/asuswrt/release/src-ra-openwrt-4210/router/mipsel-musl/stage/usr/include -Wall -fno-strict-aliasing  conftest.c >&5
conftest.c:75:25: fatal error: netinet/in6.h: No such file or directory
compilation terminated.
configure:13235: $? = 1
configure: failed program was:
| /* confdefs.h */
| #define PACKAGE_NAME ""
| #define PACKAGE_TARNAME ""
| #define PACKAGE_VERSION ""
| #define PACKAGE_STRING ""
| #define PACKAGE_BUGREPORT ""
| #define PACKAGE_URL ""
| #define PACKAGE "libevent"
| #define VERSION "2.0.22-stable"
| #define NUMERIC_VERSION 0x02001600
| #define STDC_HEADERS 1
| #define HAVE_SYS_TYPES_H 1
| #define HAVE_SYS_STAT_H 1
| #define HAVE_STDLIB_H 1
| #define HAVE_STRING_H 1
| #define HAVE_MEMORY_H 1
| #define HAVE_STRINGS_H 1
| #define HAVE_INTTYPES_H 1
| #define HAVE_STDINT_H 1
| #define HAVE_UNISTD_H 1
| #define HAVE_DLFCN_H 1
| #define LT_OBJDIR ".libs/"
| #define HAVE_ZLIB_H 1
| #define HAVE_LIBZ 1
| #define HAVE_OPENSSL_BIO_H 1
| #define STDC_HEADERS 1
| #define HAVE_FCNTL_H 1
| #define HAVE_STDARG_H 1
| #define HAVE_INTTYPES_H 1
| #define HAVE_STDINT_H 1
| #define HAVE_STDDEF_H 1
| #define HAVE_POLL_H 1
| #define HAVE_UNISTD_H 1
| #define HAVE_SYS_EPOLL_H 1
| #define HAVE_SYS_TIME_H 1
| #define HAVE_SYS_QUEUE_H 1
| #define HAVE_SYS_PARAM_H 1
| #define HAVE_SYS_IOCTL_H 1
| #define HAVE_SYS_SELECT_H 1
| #define HAVE_NETINET_IN_H 1
| /* end confdefs.h.  */
| #include <stdio.h>
| #ifdef HAVE_SYS_TYPES_H
| # include <sys/types.h>
| #endif
| #ifdef HAVE_SYS_STAT_H
| # include <sys/stat.h>
| #endif
| #ifdef STDC_HEADERS
| # include <stdlib.h>
| # include <stddef.h>
| #else
| # ifdef HAVE_STDLIB_H
| #  include <stdlib.h>
| # endif
| #endif
| #ifdef HAVE_STRING_H
| # if !defined STDC_HEADERS && defined HAVE_MEMORY_H
| #  include <memory.h>
| # endif
| # include <string.h>
| #endif
| #ifdef HAVE_STRINGS_H
| # include <strings.h>
| #endif
| #ifdef HAVE_INTTYPES_H
| # include <inttypes.h>
| #endif
| #ifdef HAVE_STDINT_H
| # include <stdint.h>
| #endif
| #ifdef HAVE_UNISTD_H
| # include <unistd.h>
| #endif
| #include <netinet/in6.h>
configure:13235: result: no
configure:13235: checking netinet/in6.h presence
configure:13235: /opt/lede-toolchain-ramips-mt7621_gcc-5.4.0_musl-1.1.24.Linux-x86_64/toolchain-mipsel_24kc_gcc-5.4.0_musl-1.1.24/bin/mipsel-openwrt-linux-musl-gcc -E  conftest.c
conftest.c:42:25: fatal error: netinet/in6.h: No such file or directory
compilation terminated.
configure:13235: $? = 1
configure: failed program was:
| /* confdefs.h */
| #define PACKAGE_NAME ""
| #define PACKAGE_TARNAME ""
| #define PACKAGE_VERSION ""
| #define PACKAGE_STRING ""
| #define PACKAGE_BUGREPORT ""
| #define PACKAGE_URL ""
| #define PACKAGE "libevent"
| #define VERSION "2.0.22-stable"
| #define NUMERIC_VERSION 0x02001600
| #define STDC_HEADERS 1
| #define HAVE_SYS_TYPES_H 1
| #define HAVE_SYS_STAT_H 1
| #define HAVE_STDLIB_H 1
| #define HAVE_STRING_H 1
| #define HAVE_MEMORY_H 1
| #define HAVE_STRINGS_H 1
| #define HAVE_INTTYPES_H 1
| #define HAVE_STDINT_H 1
| #define HAVE_UNISTD_H 1
| #define HAVE_DLFCN_H 1
| #define LT_OBJDIR ".libs/"
| #define HAVE_ZLIB_H 1
| #define HAVE_LIBZ 1
| #define HAVE_OPENSSL_BIO_H 1
| #define STDC_HEADERS 1
| #define HAVE_FCNTL_H 1
| #define HAVE_STDARG_H 1
| #define HAVE_INTTYPES_H 1
| #define HAVE_STDINT_H 1
| #define HAVE_STDDEF_H 1
| #define HAVE_POLL_H 1
| #define HAVE_UNISTD_H 1
| #define HAVE_SYS_EPOLL_H 1
| #define HAVE_SYS_TIME_H 1
| #define HAVE_SYS_QUEUE_H 1
| #define HAVE_SYS_PARAM_H 1
| #define HAVE_SYS_IOCTL_H 1
| #define HAVE_SYS_SELECT_H 1
| #define HAVE_NETINET_IN_H 1
| /* end confdefs.h.  */
| #include <netinet/in6.h>
configure:13235: result: no
configure:13235: checking for netinet/in6.h
configure:13235: result: no
configure:13235: checking sys/socket.h usability
configure:13235: /opt/lede-toolchain-ramips-mt7621_gcc-5.4.0_musl-1.1.24.Linux-x86_64/toolchain-mipsel_24kc_gcc-5.4.0_musl-1.1.24/bin/mipsel-openwrt-linux-musl-gcc -c -g -O2 -I/repo/Fail_GPL/asuswrt/release/src-ra-openwrt-4210/router/mipsel-musl/stage/usr/include -Wall -fno-strict-aliasing  conftest.c >&5
configure:13235: $? = 0
configure:13235: result: yes
configure:13235: checking sys/socket.h presence
configure:13235: /opt/lede-toolchain-ramips-mt7621_gcc-5.4.0_musl-1.1.24.Linux-x86_64/toolchain-mipsel_24kc_gcc-5.4.0_musl-1.1.24/bin/mipsel-openwrt-linux-musl-gcc -E  conftest.c
configure:13235: $? = 0
configure:13235: result: yes
configure:13235: checking for sys/socket.h
configure:13235: result: yes
configure:13235: checking sys/uio.h usability
configure:13235: /opt/lede-toolchain-ramips-mt7621_gcc-5.4.0_musl-1.1.24.Linux-x86_64/toolchain-mipsel_24kc_gcc-5.4.0_musl-1.1.24/bin/mipsel-openwrt-linux-musl-gcc -c -g -O2 -I/repo/Fail_GPL/asuswrt/release/src-ra-openwrt-4210/router/mipsel-musl/stage/usr/include -Wall -fno-strict-aliasing  conftest.c >&5
configure:13235: $? = 0
configure:13235: result: yes
configure:13235: checking sys/uio.h presence
configure:13235: /opt/lede-toolchain-ramips-mt7621_gcc-5.4.0_musl-1.1.24.Linux-x86_64/toolchain-mipsel_24kc_gcc-5.4.0_musl-1.1.24/bin/mipsel-openwrt-linux-musl-gcc -E  conftest.c
configure:13235: $? = 0
configure:13235: result: yes
configure:13235: checking for sys/uio.h
configure:13235: result: yes
configure:13235: checking arpa/inet.h usability
configure:13235: /opt/lede-toolchain-ramips-mt7621_gcc-5.4.0_musl-1.1.24.Linux-x86_64/toolchain-mipsel_24kc_gcc-5.4.0_musl-1.1.24/bin/mipsel-openwrt-linux-musl-gcc -c -g -O2 -I/repo/Fail_GPL/asuswrt/release/src-ra-openwrt-4210/router/mipsel-musl/stage/usr/include -Wall -fno-strict-aliasing  conftest.c >&5
configure:13235: $? = 0
configure:13235: result: yes
configure:13235: checking arpa/inet.h presence
configure:13235: /opt/lede-toolchain-ramips-mt7621_gcc-5.4.0_musl-1.1.24.Linux-x86_64/toolchain-mipsel_24kc_gcc-5.4.0_musl-1.1.24/bin/mipsel-openwrt-linux-musl-gcc -E  conftest.c
configure:13235: $? = 0
configure:13235: result: yes
configure:13235: checking for arpa/inet.h
configure:13235: result: yes
configure:13235: checking sys/eventfd.h usability
configure:13235: /opt/lede-toolchain-ramips-mt7621_gcc-5.4.0_musl-1.1.24.Linux-x86_64/toolchain-mipsel_24kc_gcc-5.4.0_musl-1.1.24/bin/mipsel-openwrt-linux-musl-gcc -c -g -O2 -I/repo/Fail_GPL/asuswrt/release/src-ra-openwrt-4210/router/mipsel-musl/stage/usr/include -Wall -fno-strict-aliasing  conftest.c >&5
configure:13235: $? = 0
configure:13235: result: yes
configure:13235: checking sys/eventfd.h presence
configure:13235: /opt/lede-toolchain-ramips-mt7621_gcc-5.4.0_musl-1.1.24.Linux-x86_64/toolchain-mipsel_24kc_gcc-5.4.0_musl-1.1.24/bin/mipsel-openwrt-linux-musl-gcc -E  conftest.c
configure:13235: $? = 0
configure:13235: result: yes
configure:13235: checking for sys/eventfd.h
configure:13235: result: yes
configure:13235: checking sys/mman.h usability
configure:13235: /opt/lede-toolchain-ramips-mt7621_gcc-5.4.0_musl-1.1.24.Linux-x86_64/toolchain-mipsel_24kc_gcc-5.4.0_musl-1.1.24/bin/mipsel-openwrt-linux-musl-gcc -c -g -O2 -I/repo/Fail_GPL/asuswrt/release/src-ra-openwrt-4210/router/mipsel-musl/stage/usr/include -Wall -fno-strict-aliasing  conftest.c >&5
configure:13235: $? = 0
configure:13235: result: yes
configure:13235: checking sys/mman.h presence
configure:13235: /opt/lede-toolchain-ramips-mt7621_gcc-5.4.0_musl-1.1.24.Linux-x86_64/toolchain-mipsel_24kc_gcc-5.4.0_musl-1.1.24/bin/mipsel-openwrt-linux-musl-gcc -E  conftest.c
configure:13235: $? = 0
configure:13235: result: yes
configure:13235: checking for sys/mman.h
configure:13235: result: yes
configure:13235: checking sys/sendfile.h usability
configure:13235: /opt/lede-toolchain-ramips-mt7621_gcc-5.4.0_musl-1.1.24.Linux-x86_64/toolchain-mipsel_24kc_gcc-5.4.0_musl-1.1.24/bin/mipsel-openwrt-linux-musl-gcc -c -g -O2 -I/repo/Fail_GPL/asuswrt/release/src-ra-openwrt-4210/router/mipsel-musl/stage/usr/include -Wall -fno-strict-aliasing  conftest.c >&5
configure:13235: $? = 0
configure:13235: result: yes
configure:13235: checking sys/sendfile.h presence
configure:13235: /opt/lede-toolchain-ramips-mt7621_gcc-5.4.0_musl-1.1.24.Linux-x86_64/toolchain-mipsel_24kc_gcc-5.4.0_musl-1.1.24/bin/mipsel-openwrt-linux-musl-gcc -E  conftest.c
configure:13235: $? = 0
configure:13235: result: yes
configure:13235: checking for sys/sendfile.h
configure:13235: result: yes
configure:13235: checking sys/wait.h usability
configure:13235: /opt/lede-toolchain-ramips-mt7621_gcc-5.4.0_musl-1.1.24.Linux-x86_64/toolchain-mipsel_24kc_gcc-5.4.0_musl-1.1.24/bin/mipsel-openwrt-linux-musl-gcc -c -g -O2 -I/repo/Fail_GPL/asuswrt/release/src-ra-openwrt-4210/router/mipsel-musl/stage/usr/include -Wall -fno-strict-aliasing  conftest.c >&5
configure:13235: $? = 0
configure:13235: result: yes
configure:13235: checking sys/wait.h presence
configure:13235: /opt/lede-toolchain-ramips-mt7621_gcc-5.4.0_musl-1.1.24.Linux-x86_64/toolchain-mipsel_24kc_gcc-5.4.0_musl-1.1.24/bin/mipsel-openwrt-linux-musl-gcc -E  conftest.c
configure:13235: $? = 0
configure:13235: result: yes
configure:13235: checking for sys/wait.h
configure:13235: result: yes
configure:13235: checking netdb.h usability
configure:13235: /opt/lede-toolchain-ramips-mt7621_gcc-5.4.0_musl-1.1.24.Linux-x86_64/toolchain-mipsel_24kc_gcc-5.4.0_musl-1.1.24/bin/mipsel-openwrt-linux-musl-gcc -c -g -O2 -I/repo/Fail_GPL/asuswrt/release/src-ra-openwrt-4210/router/mipsel-musl/stage/usr/include -Wall -fno-strict-aliasing  conftest.c >&5
configure:13235: $? = 0
configure:13235: result: yes
configure:13235: checking netdb.h presence
configure:13235: /opt/lede-toolchain-ramips-mt7621_gcc-5.4.0_musl-1.1.24.Linux-x86_64/toolchain-mipsel_24kc_gcc-5.4.0_musl-1.1.24/bin/mipsel-openwrt-linux-musl-gcc -E  conftest.c
configure:13235: $? = 0
configure:13235: result: yes
configure:13235: checking for netdb.h
configure:13235: result: yes
configure:13247: checking for sys/stat.h
configure:13247: result: yes
configure:13259: checking for sys/sysctl.h
configure:13259: /opt/lede-toolchain-ramips-mt7621_gcc-5.4.0_musl-1.1.24.Linux-x86_64/toolchain-mipsel_24kc_gcc-5.4.0_musl-1.1.24/bin/mipsel-openwrt-linux-musl-gcc -c -g -O2 -I/repo/Fail_GPL/asuswrt/release/src-ra-openwrt-4210/router/mipsel-musl/stage/usr/include -Wall -fno-strict-aliasing  conftest.c >&5
conftest.c:57:24: fatal error: sys/sysctl.h: No such file or directory
compilation terminated.
configure:13259: $? = 1
configure: failed program was:
| /* confdefs.h */
| #define PACKAGE_NAME ""
| #define PACKAGE_TARNAME ""
| #define PACKAGE_VERSION ""
| #define PACKAGE_STRING ""
| #define PACKAGE_BUGREPORT ""
| #define PACKAGE_URL ""
| #define PACKAGE "libevent"
| #define VERSION "2.0.22-stable"
| #define NUMERIC_VERSION 0x02001600
| #define STDC_HEADERS 1
| #define HAVE_SYS_TYPES_H 1
| #define HAVE_SYS_STAT_H 1
| #define HAVE_STDLIB_H 1
| #define HAVE_STRING_H 1
| #define HAVE_MEMORY_H 1
| #define HAVE_STRINGS_H 1
| #define HAVE_INTTYPES_H 1
| #define HAVE_STDINT_H 1
| #define HAVE_UNISTD_H 1
| #define HAVE_DLFCN_H 1
| #define LT_OBJDIR ".libs/"
| #define HAVE_ZLIB_H 1
| #define HAVE_LIBZ 1
| #define HAVE_OPENSSL_BIO_H 1
| #define STDC_HEADERS 1
| #define HAVE_FCNTL_H 1
| #define HAVE_STDARG_H 1
| #define HAVE_INTTYPES_H 1
| #define HAVE_STDINT_H 1
| #define HAVE_STDDEF_H 1
| #define HAVE_POLL_H 1
| #define HAVE_UNISTD_H 1
| #define HAVE_SYS_EPOLL_H 1
| #define HAVE_SYS_TIME_H 1
| #define HAVE_SYS_QUEUE_H 1
| #define HAVE_SYS_PARAM_H 1
| #define HAVE_SYS_IOCTL_H 1
| #define HAVE_SYS_SELECT_H 1
| #define HAVE_NETINET_IN_H 1
| #define HAVE_SYS_SOCKET_H 1
| #define HAVE_SYS_UIO_H 1
| #define HAVE_ARPA_INET_H 1
| #define HAVE_SYS_EVENTFD_H 1
| #define HAVE_SYS_MMAN_H 1
| #define HAVE_SYS_SENDFILE_H 1
| #define HAVE_SYS_WAIT_H 1
| #define HAVE_NETDB_H 1
| #define HAVE_SYS_STAT_H 1
| /* end confdefs.h.  */
| 
| #ifdef HAVE_SYS_PARAM_H
| #include <sys/param.h>
| #endif
| 
| 
| #include <sys/sysctl.h>
configure:13259: result: no
configure:13275: checking for TAILQ_FOREACH in sys/queue.h
configure:13288: result: yes
configure:13303: checking for timeradd in sys/time.h
configure:13319: result: yes
configure:13331: checking for timercmp in sys/time.h
configure:13347: result: yes
configure:13359: checking for timerclear in sys/time.h
configure:13375: result: yes
configure:13387: checking for timerisset in sys/time.h
configure:13403: result: yes
configure:13554: checking for an ANSI C-conforming const
configure:13620: /opt/lede-toolchain-ramips-mt7621_gcc-5.4.0_musl-1.1.24.Linux-x86_64/toolchain-mipsel_24kc_gcc-5.4.0_musl-1.1.24/bin/mipsel-openwrt-linux-musl-gcc -c -g -O2 -I/repo/Fail_GPL/asuswrt/release/src-ra-openwrt-4210/router/mipsel-musl/stage/usr/include -Wall -fno-strict-aliasing  conftest.c >&5
configure:13620: $? = 0
configure:13627: result: yes
configure:13635: checking for inline
configure:13651: /opt/lede-toolchain-ramips-mt7621_gcc-5.4.0_musl-1.1.24.Linux-x86_64/toolchain-mipsel_24kc_gcc-5.4.0_musl-1.1.24/bin/mipsel-openwrt-linux-musl-gcc -c -g -O2 -I/repo/Fail_GPL/asuswrt/release/src-ra-openwrt-4210/router/mipsel-musl/stage/usr/include -Wall -fno-strict-aliasing  conftest.c >&5
configure:13651: $? = 0
configure:13659: result: inline
configure:13677: checking whether time.h and sys/time.h may both be included
configure:13697: /opt/lede-toolchain-ramips-mt7621_gcc-5.4.0_musl-1.1.24.Linux-x86_64/toolchain-mipsel_24kc_gcc-5.4.0_musl-1.1.24/bin/mipsel-openwrt-linux-musl-gcc -c -g -O2 -I/repo/Fail_GPL/asuswrt/release/src-ra-openwrt-4210/router/mipsel-musl/stage/usr/include -Wall -fno-strict-aliasing  conftest.c >&5
configure:13697: $? = 0
configure:13704: result: yes
configure:13716: checking for gettimeofday
configure:13716: /opt/lede-toolchain-ramips-mt7621_gcc-5.4.0_musl-1.1.24.Linux-x86_64/toolchain-mipsel_24kc_gcc-5.4.0_musl-1.1.24/bin/mipsel-openwrt-linux-musl-gcc -o conftest -g -O2 -I/repo/Fail_GPL/asuswrt/release/src-ra-openwrt-4210/router/mipsel-musl/stage/usr/include -Wall -fno-strict-aliasing  -L/repo/Fail_GPL/asuswrt/release/src-ra-openwrt-4210/router/lldpd-0.9.8/lib -lm -L/repo/Fail_GPL/asuswrt/release/src-ra-openwrt-4210/router/mipsel-musl/stage/usr/lib -ljansson -L/repo/Fail_GPL/asuswrt/release/src-ra-openwrt-4210/router/json-c/.libs -ldl conftest.c  >&5
configure:13716: $? = 0
configure:13716: result: yes
configure:13716: checking for vasprintf
configure:13716: /opt/lede-toolchain-ramips-mt7621_gcc-5.4.0_musl-1.1.24.Linux-x86_64/toolchain-mipsel_24kc_gcc-5.4.0_musl-1.1.24/bin/mipsel-openwrt-linux-musl-gcc -o conftest -g -O2 -I/repo/Fail_GPL/asuswrt/release/src-ra-openwrt-4210/router/mipsel-musl/stage/usr/include -Wall -fno-strict-aliasing  -L/repo/Fail_GPL/asuswrt/release/src-ra-openwrt-4210/router/lldpd-0.9.8/lib -lm -L/repo/Fail_GPL/asuswrt/release/src-ra-openwrt-4210/router/mipsel-musl/stage/usr/lib -ljansson -L/repo/Fail_GPL/asuswrt/release/src-ra-openwrt-4210/router/json-c/.libs -ldl conftest.c  >&5
configure:13716: $? = 0
configure:13716: result: yes
configure:13716: checking for fcntl
configure:13716: /opt/lede-toolchain-ramips-mt7621_gcc-5.4.0_musl-1.1.24.Linux-x86_64/toolchain-mipsel_24kc_gcc-5.4.0_musl-1.1.24/bin/mipsel-openwrt-linux-musl-gcc -o conftest -g -O2 -I/repo/Fail_GPL/asuswrt/release/src-ra-openwrt-4210/router/mipsel-musl/stage/usr/include -Wall -fno-strict-aliasing  -L/repo/Fail_GPL/asuswrt/release/src-ra-openwrt-4210/router/lldpd-0.9.8/lib -lm -L/repo/Fail_GPL/asuswrt/release/src-ra-openwrt-4210/router/mipsel-musl/stage/usr/lib -ljansson -L/repo/Fail_GPL/asuswrt/release/src-ra-openwrt-4210/router/json-c/.libs -ldl conftest.c  >&5
configure:13716: $? = 0
configure:13716: result: yes
configure:13716: checking for clock_gettime
configure:13716: /opt/lede-toolchain-ramips-mt7621_gcc-5.4.0_musl-1.1.24.Linux-x86_64/toolchain-mipsel_24kc_gcc-5.4.0_musl-1.1.24/bin/mipsel-openwrt-linux-musl-gcc -o conftest -g -O2 -I/repo/Fail_GPL/asuswrt/release/src-ra-openwrt-4210/router/mipsel-musl/stage/usr/include -Wall -fno-strict-aliasing  -L/repo/Fail_GPL/asuswrt/release/src-ra-openwrt-4210/router/lldpd-0.9.8/lib -lm -L/repo/Fail_GPL/asuswrt/release/src-ra-openwrt-4210/router/mipsel-musl/stage/usr/lib -ljansson -L/repo/Fail_GPL/asuswrt/release/src-ra-openwrt-4210/router/json-c/.libs -ldl conftest.c  >&5
configure:13716: $? = 0
configure:13716: result: yes
configure:13716: checking for strtok_r
configure:13716: /opt/lede-toolchain-ramips-mt7621_gcc-5.4.0_musl-1.1.24.Linux-x86_64/toolchain-mipsel_24kc_gcc-5.4.0_musl-1.1.24/bin/mipsel-openwrt-linux-musl-gcc -o conftest -g -O2 -I/repo/Fail_GPL/asuswrt/release/src-ra-openwrt-4210/router/mipsel-musl/stage/usr/include -Wall -fno-strict-aliasing  -L/repo/Fail_GPL/asuswrt/release/src-ra-openwrt-4210/router/lldpd-0.9.8/lib -lm -L/repo/Fail_GPL/asuswrt/release/src-ra-openwrt-4210/router/mipsel-musl/stage/usr/lib -ljansson -L/repo/Fail_GPL/asuswrt/release/src-ra-openwrt-4210/router/json-c/.libs -ldl conftest.c  >&5
configure:13716: $? = 0
configure:13716: result: yes
configure:13716: checking for strsep
configure:13716: /opt/lede-toolchain-ramips-mt7621_gcc-5.4.0_musl-1.1.24.Linux-x86_64/toolchain-mipsel_24kc_gcc-5.4.0_musl-1.1.24/bin/mipsel-openwrt-linux-musl-gcc -o conftest -g -O2 -I/repo/Fail_GPL/asuswrt/release/src-ra-openwrt-4210/router/mipsel-musl/stage/usr/include -Wall -fno-strict-aliasing  -L/repo/Fail_GPL/asuswrt/release/src-ra-openwrt-4210/router/lldpd-0.9.8/lib -lm -L/repo/Fail_GPL/asuswrt/release/src-ra-openwrt-4210/router/mipsel-musl/stage/usr/lib -ljansson -L/repo/Fail_GPL/asuswrt/release/src-ra-openwrt-4210/router/json-c/.libs -ldl conftest.c  >&5
configure:13716: $? = 0
configure:13716: result: yes
configure:13728: checking for getnameinfo
configure:13728: /opt/lede-toolchain-ramips-mt7621_gcc-5.4.0_musl-1.1.24.Linux-x86_64/toolchain-mipsel_24kc_gcc-5.4.0_musl-1.1.24/bin/mipsel-openwrt-linux-musl-gcc -o conftest -g -O2 -I/repo/Fail_GPL/asuswrt/release/src-ra-openwrt-4210/router/mipsel-musl/stage/usr/include -Wall -fno-strict-aliasing  -L/repo/Fail_GPL/asuswrt/release/src-ra-openwrt-4210/router/lldpd-0.9.8/lib -lm -L/repo/Fail_GPL/asuswrt/release/src-ra-openwrt-4210/router/mipsel-musl/stage/usr/lib -ljansson -L/repo/Fail_GPL/asuswrt/release/src-ra-openwrt-4210/router/json-c/.libs -ldl conftest.c  >&5
configure:13728: $? = 0
configure:13728: result: yes
configure:13728: checking for strlcpy
configure:13728: /opt/lede-toolchain-ramips-mt7621_gcc-5.4.0_musl-1.1.24.Linux-x86_64/toolchain-mipsel_24kc_gcc-5.4.0_musl-1.1.24/bin/mipsel-openwrt-linux-musl-gcc -o conftest -g -O2 -I/repo/Fail_GPL/asuswrt/release/src-ra-openwrt-4210/router/mipsel-musl/stage/usr/include -Wall -fno-strict-aliasing  -L/repo/Fail_GPL/asuswrt/release/src-ra-openwrt-4210/router/lldpd-0.9.8/lib -lm -L/repo/Fail_GPL/asuswrt/release/src-ra-openwrt-4210/router/mipsel-musl/stage/usr/lib -ljansson -L/repo/Fail_GPL/asuswrt/release/src-ra-openwrt-4210/router/json-c/.libs -ldl conftest.c  >&5
configure:13728: $? = 0
configure:13728: result: yes
configure:13728: checking for inet_ntop
configure:13728: /opt/lede-toolchain-ramips-mt7621_gcc-5.4.0_musl-1.1.24.Linux-x86_64/toolchain-mipsel_24kc_gcc-5.4.0_musl-1.1.24/bin/mipsel-openwrt-linux-musl-gcc -o conftest -g -O2 -I/repo/Fail_GPL/asuswrt/release/src-ra-openwrt-4210/router/mipsel-musl/stage/usr/include -Wall -fno-strict-aliasing  -L/repo/Fail_GPL/asuswrt/release/src-ra-openwrt-4210/router/lldpd-0.9.8/lib -lm -L/repo/Fail_GPL/asuswrt/release/src-ra-openwrt-4210/router/mipsel-musl/stage/usr/lib -ljansson -L/repo/Fail_GPL/asuswrt/release/src-ra-openwrt-4210/router/json-c/.libs -ldl conftest.c  >&5
configure:13728: $? = 0
configure:13728: result: yes
configure:13728: checking for inet_pton
configure:13728: /opt/lede-toolchain-ramips-mt7621_gcc-5.4.0_musl-1.1.24.Linux-x86_64/toolchain-mipsel_24kc_gcc-5.4.0_musl-1.1.24/bin/mipsel-openwrt-linux-musl-gcc -o conftest -g -O2 -I/repo/Fail_GPL/asuswrt/release/src-ra-openwrt-4210/router/mipsel-musl/stage/usr/include -Wall -fno-strict-aliasing  -L/repo/Fail_GPL/asuswrt/release/src-ra-openwrt-4210/router/lldpd-0.9.8/lib -lm -L/repo/Fail_GPL/asuswrt/release/src-ra-openwrt-4210/router/mipsel-musl/stage/usr/lib -ljansson -L/repo/Fail_GPL/asuswrt/release/src-ra-openwrt-4210/router/json-c/.libs -ldl conftest.c  >&5
configure:13728: $? = 0
configure:13728: result: yes
configure:13728: checking for signal
configure:13728: /opt/lede-toolchain-ramips-mt7621_gcc-5.4.0_musl-1.1.24.Linux-x86_64/toolchain-mipsel_24kc_gcc-5.4.0_musl-1.1.24/bin/mipsel-openwrt-linux-musl-gcc -o conftest -g -O2 -I/repo/Fail_GPL/asuswrt/release/src-ra-openwrt-4210/router/mipsel-musl/stage/usr/include -Wall -fno-strict-aliasing  -L/repo/Fail_GPL/asuswrt/release/src-ra-openwrt-4210/router/lldpd-0.9.8/lib -lm -L/repo/Fail_GPL/asuswrt/release/src-ra-openwrt-4210/router/mipsel-musl/stage/usr/lib -ljansson -L/repo/Fail_GPL/asuswrt/release/src-ra-openwrt-4210/router/json-c/.libs -ldl conftest.c  >&5
configure:13728: $? = 0
configure:13728: result: yes
configure:13728: checking for sigaction
configure:13728: /opt/lede-toolchain-ramips-mt7621_gcc-5.4.0_musl-1.1.24.Linux-x86_64/toolchain-mipsel_24kc_gcc-5.4.0_musl-1.1.24/bin/mipsel-openwrt-linux-musl-gcc -o conftest -g -O2 -I/repo/Fail_GPL/asuswrt/release/src-ra-openwrt-4210/router/mipsel-musl/stage/usr/include -Wall -fno-strict-aliasing  -L/repo/Fail_GPL/asuswrt/release/src-ra-openwrt-4210/router/lldpd-0.9.8/lib -lm -L/repo/Fail_GPL/asuswrt/release/src-ra-openwrt-4210/router/mipsel-musl/stage/usr/lib -ljansson -L/repo/Fail_GPL/asuswrt/release/src-ra-openwrt-4210/router/json-c/.libs -ldl conftest.c  >&5
configure:13728: $? = 0
configure:13728: result: yes
configure:13728: checking for strtoll
configure:13728: /opt/lede-toolchain-ramips-mt7621_gcc-5.4.0_musl-1.1.24.Linux-x86_64/toolchain-mipsel_24kc_gcc-5.4.0_musl-1.1.24/bin/mipsel-openwrt-linux-musl-gcc -o conftest -g -O2 -I/repo/Fail_GPL/asuswrt/release/src-ra-openwrt-4210/router/mipsel-musl/stage/usr/include -Wall -fno-strict-aliasing  -L/repo/Fail_GPL/asuswrt/release/src-ra-openwrt-4210/router/lldpd-0.9.8/lib -lm -L/repo/Fail_GPL/asuswrt/release/src-ra-openwrt-4210/router/mipsel-musl/stage/usr/lib -ljansson -L/repo/Fail_GPL/asuswrt/release/src-ra-openwrt-4210/router/json-c/.libs -ldl conftest.c  >&5
configure:13728: $? = 0
configure:13728: result: yes
configure:13728: checking for inet_aton
configure:13728: /opt/lede-toolchain-ramips-mt7621_gcc-5.4.0_musl-1.1.24.Linux-x86_64/toolchain-mipsel_24kc_gcc-5.4.0_musl-1.1.24/bin/mipsel-openwrt-linux-musl-gcc -o conftest -g -O2 -I/repo/Fail_GPL/asuswrt/release/src-ra-openwrt-4210/router/mipsel-musl/stage/usr/include -Wall -fno-strict-aliasing  -L/repo/Fail_GPL/asuswrt/release/src-ra-openwrt-4210/router/lldpd-0.9.8/lib -lm -L/repo/Fail_GPL/asuswrt/release/src-ra-openwrt-4210/router/mipsel-musl/stage/usr/lib -ljansson -L/repo/Fail_GPL/asuswrt/release/src-ra-openwrt-4210/router/json-c/.libs -ldl conftest.c  >&5
configure:13728: $? = 0
configure:13728: result: yes
configure:13728: checking for pipe
configure:13728: /opt/lede-toolchain-ramips-mt7621_gcc-5.4.0_musl-1.1.24.Linux-x86_64/toolchain-mipsel_24kc_gcc-5.4.0_musl-1.1.24/bin/mipsel-openwrt-linux-musl-gcc -o conftest -g -O2 -I/repo/Fail_GPL/asuswrt/release/src-ra-openwrt-4210/router/mipsel-musl/stage/usr/include -Wall -fno-strict-aliasing  -L/repo/Fail_GPL/asuswrt/release/src-ra-openwrt-4210/router/lldpd-0.9.8/lib -lm -L/repo/Fail_GPL/asuswrt/release/src-ra-openwrt-4210/router/mipsel-musl/stage/usr/lib -ljansson -L/repo/Fail_GPL/asuswrt/release/src-ra-openwrt-4210/router/json-c/.libs -ldl conftest.c  >&5
configure:13728: $? = 0
configure:13728: result: yes
configure:13728: checking for eventfd
configure:13728: /opt/lede-toolchain-ramips-mt7621_gcc-5.4.0_musl-1.1.24.Linux-x86_64/toolchain-mipsel_24kc_gcc-5.4.0_musl-1.1.24/bin/mipsel-openwrt-linux-musl-gcc -o conftest -g -O2 -I/repo/Fail_GPL/asuswrt/release/src-ra-openwrt-4210/router/mipsel-musl/stage/usr/include -Wall -fno-strict-aliasing  -L/repo/Fail_GPL/asuswrt/release/src-ra-openwrt-4210/router/lldpd-0.9.8/lib -lm -L/repo/Fail_GPL/asuswrt/release/src-ra-openwrt-4210/router/mipsel-musl/stage/usr/lib -ljansson -L/repo/Fail_GPL/asuswrt/release/src-ra-openwrt-4210/router/json-c/.libs -ldl conftest.c  >&5
configure:13728: $? = 0
configure:13728: result: yes
configure:13728: checking for sendfile
configure:13728: /opt/lede-toolchain-ramips-mt7621_gcc-5.4.0_musl-1.1.24.Linux-x86_64/toolchain-mipsel_24kc_gcc-5.4.0_musl-1.1.24/bin/mipsel-openwrt-linux-musl-gcc -o conftest -g -O2 -I/repo/Fail_GPL/asuswrt/release/src-ra-openwrt-4210/router/mipsel-musl/stage/usr/include -Wall -fno-strict-aliasing  -L/repo/Fail_GPL/asuswrt/release/src-ra-openwrt-4210/router/lldpd-0.9.8/lib -lm -L/repo/Fail_GPL/asuswrt/release/src-ra-openwrt-4210/router/mipsel-musl/stage/usr/lib -ljansson -L/repo/Fail_GPL/asuswrt/release/src-ra-openwrt-4210/router/json-c/.libs -ldl conftest.c  >&5
configure:13728: $? = 0
configure:13728: result: yes
configure:13728: checking for mmap
configure:13728: /opt/lede-toolchain-ramips-mt7621_gcc-5.4.0_musl-1.1.24.Linux-x86_64/toolchain-mipsel_24kc_gcc-5.4.0_musl-1.1.24/bin/mipsel-openwrt-linux-musl-gcc -o conftest -g -O2 -I/repo/Fail_GPL/asuswrt/release/src-ra-openwrt-4210/router/mipsel-musl/stage/usr/include -Wall -fno-strict-aliasing  -L/repo/Fail_GPL/asuswrt/release/src-ra-openwrt-4210/router/lldpd-0.9.8/lib -lm -L/repo/Fail_GPL/asuswrt/release/src-ra-openwrt-4210/router/mipsel-musl/stage/usr/lib -ljansson -L/repo/Fail_GPL/asuswrt/release/src-ra-openwrt-4210/router/json-c/.libs -ldl conftest.c  >&5
configure:13728: $? = 0
configure:13728: result: yes
configure:13728: checking for splice
configure:13728: /opt/lede-toolchain-ramips-mt7621_gcc-5.4.0_musl-1.1.24.Linux-x86_64/toolchain-mipsel_24kc_gcc-5.4.0_musl-1.1.24/bin/mipsel-openwrt-linux-musl-gcc -o conftest -g -O2 -I/repo/Fail_GPL/asuswrt/release/src-ra-openwrt-4210/router/mipsel-musl/stage/usr/include -Wall -fno-strict-aliasing  -L/repo/Fail_GPL/asuswrt/release/src-ra-openwrt-4210/router/lldpd-0.9.8/lib -lm -L/repo/Fail_GPL/asuswrt/release/src-ra-openwrt-4210/router/mipsel-musl/stage/usr/lib -ljansson -L/repo/Fail_GPL/asuswrt/release/src-ra-openwrt-4210/router/json-c/.libs -ldl conftest.c  >&5
configure:13728: $? = 0
configure:13728: result: yes
configure:13728: checking for arc4random
configure:13728: /opt/lede-toolchain-ramips-mt7621_gcc-5.4.0_musl-1.1.24.Linux-x86_64/toolchain-mipsel_24kc_gcc-5.4.0_musl-1.1.24/bin/mipsel-openwrt-linux-musl-gcc -o conftest -g -O2 -I/repo/Fail_GPL/asuswrt/release/src-ra-openwrt-4210/router/mipsel-musl/stage/usr/include -Wall -fno-strict-aliasing  -L/repo/Fail_GPL/asuswrt/release/src-ra-openwrt-4210/router/lldpd-0.9.8/lib -lm -L/repo/Fail_GPL/asuswrt/release/src-ra-openwrt-4210/router/mipsel-musl/stage/usr/lib -ljansson -L/repo/Fail_GPL/asuswrt/release/src-ra-openwrt-4210/router/json-c/.libs -ldl conftest.c  >&5
/tmp/ccoqvpxF.o: In function `main':
/repo/Fail_GPL/asuswrt/release/src/router/lldpd-0.9.8/libevent/conftest.c:110: undefined reference to `arc4random'
collect2: error: ld returned 1 exit status
configure:13728: $? = 1
configure: failed program was:
| /* confdefs.h */
| #define PACKAGE_NAME ""
| #define PACKAGE_TARNAME ""
| #define PACKAGE_VERSION ""
| #define PACKAGE_STRING ""
| #define PACKAGE_BUGREPORT ""
| #define PACKAGE_URL ""
| #define PACKAGE "libevent"
| #define VERSION "2.0.22-stable"
| #define NUMERIC_VERSION 0x02001600
| #define STDC_HEADERS 1
| #define HAVE_SYS_TYPES_H 1
| #define HAVE_SYS_STAT_H 1
| #define HAVE_STDLIB_H 1
| #define HAVE_STRING_H 1
| #define HAVE_MEMORY_H 1
| #define HAVE_STRINGS_H 1
| #define HAVE_INTTYPES_H 1
| #define HAVE_STDINT_H 1
| #define HAVE_UNISTD_H 1
| #define HAVE_DLFCN_H 1
| #define LT_OBJDIR ".libs/"
| #define HAVE_ZLIB_H 1
| #define HAVE_LIBZ 1
| #define HAVE_OPENSSL_BIO_H 1
| #define STDC_HEADERS 1
| #define HAVE_FCNTL_H 1
| #define HAVE_STDARG_H 1
| #define HAVE_INTTYPES_H 1
| #define HAVE_STDINT_H 1
| #define HAVE_STDDEF_H 1
| #define HAVE_POLL_H 1
| #define HAVE_UNISTD_H 1
| #define HAVE_SYS_EPOLL_H 1
| #define HAVE_SYS_TIME_H 1
| #define HAVE_SYS_QUEUE_H 1
| #define HAVE_SYS_PARAM_H 1
| #define HAVE_SYS_IOCTL_H 1
| #define HAVE_SYS_SELECT_H 1
| #define HAVE_NETINET_IN_H 1
| #define HAVE_SYS_SOCKET_H 1
| #define HAVE_SYS_UIO_H 1
| #define HAVE_ARPA_INET_H 1
| #define HAVE_SYS_EVENTFD_H 1
| #define HAVE_SYS_MMAN_H 1
| #define HAVE_SYS_SENDFILE_H 1
| #define HAVE_SYS_WAIT_H 1
| #define HAVE_NETDB_H 1
| #define HAVE_SYS_STAT_H 1
| #define HAVE_TAILQFOREACH 1
| #define HAVE_TIMERADD 1
| #define HAVE_TIMERCMP 1
| #define HAVE_TIMERCLEAR 1
| #define HAVE_TIMERISSET 1
| #define TIME_WITH_SYS_TIME 1
| #define HAVE_GETTIMEOFDAY 1
| #define HAVE_VASPRINTF 1
| #define HAVE_FCNTL 1
| #define HAVE_CLOCK_GETTIME 1
| #define HAVE_STRTOK_R 1
| #define HAVE_STRSEP 1
| #define HAVE_GETNAMEINFO 1
| #define HAVE_STRLCPY 1
| #define HAVE_INET_NTOP 1
| #define HAVE_INET_PTON 1
| #define HAVE_SIGNAL 1
| #define HAVE_SIGACTION 1
| #define HAVE_STRTOLL 1
| #define HAVE_INET_ATON 1
| #define HAVE_PIPE 1
| #define HAVE_EVENTFD 1
| #define HAVE_SENDFILE 1
| #define HAVE_MMAP 1
| #define HAVE_SPLICE 1
| /* end confdefs.h.  */
| /* Define arc4random to an innocuous variant, in case <limits.h> declares arc4random.
|    For example, HP-UX 11i <limits.h> declares gettimeofday.  */
| #define arc4random innocuous_arc4random
| 
| /* System header to define __stub macros and hopefully few prototypes,
|     which can conflict with char arc4random (); below.
|     Prefer <limits.h> to <assert.h> if __STDC__ is defined, since
|     <limits.h> exists even on freestanding compilers.  */
| 
| #ifdef __STDC__
| # include <limits.h>
| #else
| # include <assert.h>
| #endif
| 
| #undef arc4random
| 
| /* Override any GCC internal prototype to avoid an error.
|    Use char because int might match the return type of a GCC
|    builtin and then its argument prototype would still apply.  */
| #ifdef __cplusplus
| extern "C"
| #endif
| char arc4random ();
| /* The GNU C library defines this for functions which it implements
|     to always fail with ENOSYS.  Some functions are actually named
|     something starting with __ and the normal name is an alias.  */
| #if defined __stub_arc4random || defined __stub___arc4random
| choke me
| #endif
| 
| int
| main ()
| {
| return arc4random ();
|   ;
|   return 0;
| }
configure:13728: result: no
configure:13728: checking for arc4random_buf
configure:13728: /opt/lede-toolchain-ramips-mt7621_gcc-5.4.0_musl-1.1.24.Linux-x86_64/toolchain-mipsel_24kc_gcc-5.4.0_musl-1.1.24/bin/mipsel-openwrt-linux-musl-gcc -o conftest -g -O2 -I/repo/Fail_GPL/asuswrt/release/src-ra-openwrt-4210/router/mipsel-musl/stage/usr/include -Wall -fno-strict-aliasing  -L/repo/Fail_GPL/asuswrt/release/src-ra-openwrt-4210/router/lldpd-0.9.8/lib -lm -L/repo/Fail_GPL/asuswrt/release/src-ra-openwrt-4210/router/mipsel-musl/stage/usr/lib -ljansson -L/repo/Fail_GPL/asuswrt/release/src-ra-openwrt-4210/router/json-c/.libs -ldl conftest.c  >&5
/tmp/ccGJ9fRL.o: In function `main':
/repo/Fail_GPL/asuswrt/release/src/router/lldpd-0.9.8/libevent/conftest.c:110: undefined reference to `arc4random_buf'
collect2: error: ld returned 1 exit status
configure:13728: $? = 1
configure: failed program was:
| /* confdefs.h */
| #define PACKAGE_NAME ""
| #define PACKAGE_TARNAME ""
| #define PACKAGE_VERSION ""
| #define PACKAGE_STRING ""
| #define PACKAGE_BUGREPORT ""
| #define PACKAGE_URL ""
| #define PACKAGE "libevent"
| #define VERSION "2.0.22-stable"
| #define NUMERIC_VERSION 0x02001600
| #define STDC_HEADERS 1
| #define HAVE_SYS_TYPES_H 1
| #define HAVE_SYS_STAT_H 1
| #define HAVE_STDLIB_H 1
| #define HAVE_STRING_H 1
| #define HAVE_MEMORY_H 1
| #define HAVE_STRINGS_H 1
| #define HAVE_INTTYPES_H 1
| #define HAVE_STDINT_H 1
| #define HAVE_UNISTD_H 1
| #define HAVE_DLFCN_H 1
| #define LT_OBJDIR ".libs/"
| #define HAVE_ZLIB_H 1
| #define HAVE_LIBZ 1
| #define HAVE_OPENSSL_BIO_H 1
| #define STDC_HEADERS 1
| #define HAVE_FCNTL_H 1
| #define HAVE_STDARG_H 1
| #define HAVE_INTTYPES_H 1
| #define HAVE_STDINT_H 1
| #define HAVE_STDDEF_H 1
| #define HAVE_POLL_H 1
| #define HAVE_UNISTD_H 1
| #define HAVE_SYS_EPOLL_H 1
| #define HAVE_SYS_TIME_H 1
| #define HAVE_SYS_QUEUE_H 1
| #define HAVE_SYS_PARAM_H 1
| #define HAVE_SYS_IOCTL_H 1
| #define HAVE_SYS_SELECT_H 1
| #define HAVE_NETINET_IN_H 1
| #define HAVE_SYS_SOCKET_H 1
| #define HAVE_SYS_UIO_H 1
| #define HAVE_ARPA_INET_H 1
| #define HAVE_SYS_EVENTFD_H 1
| #define HAVE_SYS_MMAN_H 1
| #define HAVE_SYS_SENDFILE_H 1
| #define HAVE_SYS_WAIT_H 1
| #define HAVE_NETDB_H 1
| #define HAVE_SYS_STAT_H 1
| #define HAVE_TAILQFOREACH 1
| #define HAVE_TIMERADD 1
| #define HAVE_TIMERCMP 1
| #define HAVE_TIMERCLEAR 1
| #define HAVE_TIMERISSET 1
| #define TIME_WITH_SYS_TIME 1
| #define HAVE_GETTIMEOFDAY 1
| #define HAVE_VASPRINTF 1
| #define HAVE_FCNTL 1
| #define HAVE_CLOCK_GETTIME 1
| #define HAVE_STRTOK_R 1
| #define HAVE_STRSEP 1
| #define HAVE_GETNAMEINFO 1
| #define HAVE_STRLCPY 1
| #define HAVE_INET_NTOP 1
| #define HAVE_INET_PTON 1
| #define HAVE_SIGNAL 1
| #define HAVE_SIGACTION 1
| #define HAVE_STRTOLL 1
| #define HAVE_INET_ATON 1
| #define HAVE_PIPE 1
| #define HAVE_EVENTFD 1
| #define HAVE_SENDFILE 1
| #define HAVE_MMAP 1
| #define HAVE_SPLICE 1
| /* end confdefs.h.  */
| /* Define arc4random_buf to an innocuous variant, in case <limits.h> declares arc4random_buf.
|    For example, HP-UX 11i <limits.h> declares gettimeofday.  */
| #define arc4random_buf innocuous_arc4random_buf
| 
| /* System header to define __stub macros and hopefully few prototypes,
|     which can conflict with char arc4random_buf (); below.
|     Prefer <limits.h> to <assert.h> if __STDC__ is defined, since
|     <limits.h> exists even on freestanding compilers.  */
| 
| #ifdef __STDC__
| # include <limits.h>
| #else
| # include <assert.h>
| #endif
| 
| #undef arc4random_buf
| 
| /* Override any GCC internal prototype to avoid an error.
|    Use char because int might match the return type of a GCC
|    builtin and then its argument prototype would still apply.  */
| #ifdef __cplusplus
| extern "C"
| #endif
| char arc4random_buf ();
| /* The GNU C library defines this for functions which it implements
|     to always fail with ENOSYS.  Some functions are actually named
|     something starting with __ and the normal name is an alias.  */
| #if defined __stub_arc4random_buf || defined __stub___arc4random_buf
| choke me
| #endif
| 
| int
| main ()
| {
| return arc4random_buf ();
|   ;
|   return 0;
| }
configure:13728: result: no
configure:13728: checking for issetugid
configure:13728: /opt/lede-toolchain-ramips-mt7621_gcc-5.4.0_musl-1.1.24.Linux-x86_64/toolchain-mipsel_24kc_gcc-5.4.0_musl-1.1.24/bin/mipsel-openwrt-linux-musl-gcc -o conftest -g -O2 -I/repo/Fail_GPL/asuswrt/release/src-ra-openwrt-4210/router/mipsel-musl/stage/usr/include -Wall -fno-strict-aliasing  -L/repo/Fail_GPL/asuswrt/release/src-ra-openwrt-4210/router/lldpd-0.9.8/lib -lm -L/repo/Fail_GPL/asuswrt/release/src-ra-openwrt-4210/router/mipsel-musl/stage/usr/lib -ljansson -L/repo/Fail_GPL/asuswrt/release/src-ra-openwrt-4210/router/json-c/.libs -ldl conftest.c  >&5
configure:13728: $? = 0
configure:13728: result: yes
configure:13728: checking for geteuid
configure:13728: /opt/lede-toolchain-ramips-mt7621_gcc-5.4.0_musl-1.1.24.Linux-x86_64/toolchain-mipsel_24kc_gcc-5.4.0_musl-1.1.24/bin/mipsel-openwrt-linux-musl-gcc -o conftest -g -O2 -I/repo/Fail_GPL/asuswrt/release/src-ra-openwrt-4210/router/mipsel-musl/stage/usr/include -Wall -fno-strict-aliasing  -L/repo/Fail_GPL/asuswrt/release/src-ra-openwrt-4210/router/lldpd-0.9.8/lib -lm -L/repo/Fail_GPL/asuswrt/release/src-ra-openwrt-4210/router/mipsel-musl/stage/usr/lib -ljansson -L/repo/Fail_GPL/asuswrt/release/src-ra-openwrt-4210/router/json-c/.libs -ldl conftest.c  >&5
configure:13728: $? = 0
configure:13728: result: yes
configure:13728: checking for getegid
configure:13728: /opt/lede-toolchain-ramips-mt7621_gcc-5.4.0_musl-1.1.24.Linux-x86_64/toolchain-mipsel_24kc_gcc-5.4.0_musl-1.1.24/bin/mipsel-openwrt-linux-musl-gcc -o conftest -g -O2 -I/repo/Fail_GPL/asuswrt/release/src-ra-openwrt-4210/router/mipsel-musl/stage/usr/include -Wall -fno-strict-aliasing  -L/repo/Fail_GPL/asuswrt/release/src-ra-openwrt-4210/router/lldpd-0.9.8/lib -lm -L/repo/Fail_GPL/asuswrt/release/src-ra-openwrt-4210/router/mipsel-musl/stage/usr/lib -ljansson -L/repo/Fail_GPL/asuswrt/release/src-ra-openwrt-4210/router/json-c/.libs -ldl conftest.c  >&5
configure:13728: $? = 0
configure:13728: result: yes
configure:13728: checking for getprotobynumber
configure:13728: /opt/lede-toolchain-ramips-mt7621_gcc-5.4.0_musl-1.1.24.Linux-x86_64/toolchain-mipsel_24kc_gcc-5.4.0_musl-1.1.24/bin/mipsel-openwrt-linux-musl-gcc -o conftest -g -O2 -I/repo/Fail_GPL/asuswrt/release/src-ra-openwrt-4210/router/mipsel-musl/stage/usr/include -Wall -fno-strict-aliasing  -L/repo/Fail_GPL/asuswrt/release/src-ra-openwrt-4210/router/lldpd-0.9.8/lib -lm -L/repo/Fail_GPL/asuswrt/release/src-ra-openwrt-4210/router/mipsel-musl/stage/usr/lib -ljansson -L/repo/Fail_GPL/asuswrt/release/src-ra-openwrt-4210/router/json-c/.libs -ldl conftest.c  >&5
configure:13728: $? = 0
configure:13728: result: yes
configure:13728: checking for setenv
configure:13728: /opt/lede-toolchain-ramips-mt7621_gcc-5.4.0_musl-1.1.24.Linux-x86_64/toolchain-mipsel_24kc_gcc-5.4.0_musl-1.1.24/bin/mipsel-openwrt-linux-musl-gcc -o conftest -g -O2 -I/repo/Fail_GPL/asuswrt/release/src-ra-openwrt-4210/router/mipsel-musl/stage/usr/include -Wall -fno-strict-aliasing  -L/repo/Fail_GPL/asuswrt/release/src-ra-openwrt-4210/router/lldpd-0.9.8/lib -lm -L/repo/Fail_GPL/asuswrt/release/src-ra-openwrt-4210/router/mipsel-musl/stage/usr/lib -ljansson -L/repo/Fail_GPL/asuswrt/release/src-ra-openwrt-4210/router/json-c/.libs -ldl conftest.c  >&5
configure:13728: $? = 0
configure:13728: result: yes
configure:13728: checking for unsetenv
configure:13728: /opt/lede-toolchain-ramips-mt7621_gcc-5.4.0_musl-1.1.24.Linux-x86_64/toolchain-mipsel_24kc_gcc-5.4.0_musl-1.1.24/bin/mipsel-openwrt-linux-musl-gcc -o conftest -g -O2 -I/repo/Fail_GPL/asuswrt/release/src-ra-openwrt-4210/router/mipsel-musl/stage/usr/include -Wall -fno-strict-aliasing  -L/repo/Fail_GPL/asuswrt/release/src-ra-openwrt-4210/router/lldpd-0.9.8/lib -lm -L/repo/Fail_GPL/asuswrt/release/src-ra-openwrt-4210/router/mipsel-musl/stage/usr/lib -ljansson -L/repo/Fail_GPL/asuswrt/release/src-ra-openwrt-4210/router/json-c/.libs -ldl conftest.c  >&5
configure:13728: $? = 0
configure:13728: result: yes
configure:13728: checking for putenv
configure:13728: /opt/lede-toolchain-ramips-mt7621_gcc-5.4.0_musl-1.1.24.Linux-x86_64/toolchain-mipsel_24kc_gcc-5.4.0_musl-1.1.24/bin/mipsel-openwrt-linux-musl-gcc -o conftest -g -O2 -I/repo/Fail_GPL/asuswrt/release/src-ra-openwrt-4210/router/mipsel-musl/stage/usr/include -Wall -fno-strict-aliasing  -L/repo/Fail_GPL/asuswrt/release/src-ra-openwrt-4210/router/lldpd-0.9.8/lib -lm -L/repo/Fail_GPL/asuswrt/release/src-ra-openwrt-4210/router/mipsel-musl/stage/usr/lib -ljansson -L/repo/Fail_GPL/asuswrt/release/src-ra-openwrt-4210/router/json-c/.libs -ldl conftest.c  >&5
configure:13728: $? = 0
configure:13728: result: yes
configure:13728: checking for sysctl
configure:13728: /opt/lede-toolchain-ramips-mt7621_gcc-5.4.0_musl-1.1.24.Linux-x86_64/toolchain-mipsel_24kc_gcc-5.4.0_musl-1.1.24/bin/mipsel-openwrt-linux-musl-gcc -o conftest -g -O2 -I/repo/Fail_GPL/asuswrt/release/src-ra-openwrt-4210/router/mipsel-musl/stage/usr/include -Wall -fno-strict-aliasing  -L/repo/Fail_GPL/asuswrt/release/src-ra-openwrt-4210/router/lldpd-0.9.8/lib -lm -L/repo/Fail_GPL/asuswrt/release/src-ra-openwrt-4210/router/mipsel-musl/stage/usr/lib -ljansson -L/repo/Fail_GPL/asuswrt/release/src-ra-openwrt-4210/router/json-c/.libs -ldl conftest.c  >&5
/tmp/cc0d9rfL.o: In function `main':
/repo/Fail_GPL/asuswrt/release/src/router/lldpd-0.9.8/libevent/conftest.c:117: undefined reference to `sysctl'
collect2: error: ld returned 1 exit status
configure:13728: $? = 1
configure: failed program was:
| /* confdefs.h */
| #define PACKAGE_NAME ""
| #define PACKAGE_TARNAME ""
| #define PACKAGE_VERSION ""
| #define PACKAGE_STRING ""
| #define PACKAGE_BUGREPORT ""
| #define PACKAGE_URL ""
| #define PACKAGE "libevent"
| #define VERSION "2.0.22-stable"
| #define NUMERIC_VERSION 0x02001600
| #define STDC_HEADERS 1
| #define HAVE_SYS_TYPES_H 1
| #define HAVE_SYS_STAT_H 1
| #define HAVE_STDLIB_H 1
| #define HAVE_STRING_H 1
| #define HAVE_MEMORY_H 1
| #define HAVE_STRINGS_H 1
| #define HAVE_INTTYPES_H 1
| #define HAVE_STDINT_H 1
| #define HAVE_UNISTD_H 1
| #define HAVE_DLFCN_H 1
| #define LT_OBJDIR ".libs/"
| #define HAVE_ZLIB_H 1
| #define HAVE_LIBZ 1
| #define HAVE_OPENSSL_BIO_H 1
| #define STDC_HEADERS 1
| #define HAVE_FCNTL_H 1
| #define HAVE_STDARG_H 1
| #define HAVE_INTTYPES_H 1
| #define HAVE_STDINT_H 1
| #define HAVE_STDDEF_H 1
| #define HAVE_POLL_H 1
| #define HAVE_UNISTD_H 1
| #define HAVE_SYS_EPOLL_H 1
| #define HAVE_SYS_TIME_H 1
| #define HAVE_SYS_QUEUE_H 1
| #define HAVE_SYS_PARAM_H 1
| #define HAVE_SYS_IOCTL_H 1
| #define HAVE_SYS_SELECT_H 1
| #define HAVE_NETINET_IN_H 1
| #define HAVE_SYS_SOCKET_H 1
| #define HAVE_SYS_UIO_H 1
| #define HAVE_ARPA_INET_H 1
| #define HAVE_SYS_EVENTFD_H 1
| #define HAVE_SYS_MMAN_H 1
| #define HAVE_SYS_SENDFILE_H 1
| #define HAVE_SYS_WAIT_H 1
| #define HAVE_NETDB_H 1
| #define HAVE_SYS_STAT_H 1
| #define HAVE_TAILQFOREACH 1
| #define HAVE_TIMERADD 1
| #define HAVE_TIMERCMP 1
| #define HAVE_TIMERCLEAR 1
| #define HAVE_TIMERISSET 1
| #define TIME_WITH_SYS_TIME 1
| #define HAVE_GETTIMEOFDAY 1
| #define HAVE_VASPRINTF 1
| #define HAVE_FCNTL 1
| #define HAVE_CLOCK_GETTIME 1
| #define HAVE_STRTOK_R 1
| #define HAVE_STRSEP 1
| #define HAVE_GETNAMEINFO 1
| #define HAVE_STRLCPY 1
| #define HAVE_INET_NTOP 1
| #define HAVE_INET_PTON 1
| #define HAVE_SIGNAL 1
| #define HAVE_SIGACTION 1
| #define HAVE_STRTOLL 1
| #define HAVE_INET_ATON 1
| #define HAVE_PIPE 1
| #define HAVE_EVENTFD 1
| #define HAVE_SENDFILE 1
| #define HAVE_MMAP 1
| #define HAVE_SPLICE 1
| #define HAVE_ISSETUGID 1
| #define HAVE_GETEUID 1
| #define HAVE_GETEGID 1
| #define HAVE_GETPROTOBYNUMBER 1
| #define HAVE_SETENV 1
| #define HAVE_UNSETENV 1
| #define HAVE_PUTENV 1
| /* end confdefs.h.  */
| /* Define sysctl to an innocuous variant, in case <limits.h> declares sysctl.
|    For example, HP-UX 11i <limits.h> declares gettimeofday.  */
| #define sysctl innocuous_sysctl
| 
| /* System header to define __stub macros and hopefully few prototypes,
|     which can conflict with char sysctl (); below.
|     Prefer <limits.h> to <assert.h> if __STDC__ is defined, since
|     <limits.h> exists even on freestanding compilers.  */
| 
| #ifdef __STDC__
| # include <limits.h>
| #else
| # include <assert.h>
| #endif
| 
| #undef sysctl
| 
| /* Override any GCC internal prototype to avoid an error.
|    Use char because int might match the return type of a GCC
|    builtin and then its argument prototype would still apply.  */
| #ifdef __cplusplus
| extern "C"
| #endif
| char sysctl ();
| /* The GNU C library defines this for functions which it implements
|     to always fail with ENOSYS.  Some functions are actually named
|     something starting with __ and the normal name is an alias.  */
| #if defined __stub_sysctl || defined __stub___sysctl
| choke me
| #endif
| 
| int
| main ()
| {
| return sysctl ();
|   ;
|   return 0;
| }
configure:13728: result: no
configure:13739: checking for umask
configure:13739: /opt/lede-toolchain-ramips-mt7621_gcc-5.4.0_musl-1.1.24.Linux-x86_64/toolchain-mipsel_24kc_gcc-5.4.0_musl-1.1.24/bin/mipsel-openwrt-linux-musl-gcc -o conftest -g -O2 -I/repo/Fail_GPL/asuswrt/release/src-ra-openwrt-4210/router/mipsel-musl/stage/usr/include -Wall -fno-strict-aliasing  -L/repo/Fail_GPL/asuswrt/release/src-ra-openwrt-4210/router/lldpd-0.9.8/lib -lm -L/repo/Fail_GPL/asuswrt/release/src-ra-openwrt-4210/router/mipsel-musl/stage/usr/lib -ljansson -L/repo/Fail_GPL/asuswrt/release/src-ra-openwrt-4210/router/json-c/.libs -ldl conftest.c  >&5
configure:13739: $? = 0
configure:13739: result: yes
configure:13749: checking for getaddrinfo
configure:13772: /opt/lede-toolchain-ramips-mt7621_gcc-5.4.0_musl-1.1.24.Linux-x86_64/toolchain-mipsel_24kc_gcc-5.4.0_musl-1.1.24/bin/mipsel-openwrt-linux-musl-gcc -o conftest -g -O2 -I/repo/Fail_GPL/asuswrt/release/src-ra-openwrt-4210/router/mipsel-musl/stage/usr/include -Wall -fno-strict-aliasing  -L/repo/Fail_GPL/asuswrt/release/src-ra-openwrt-4210/router/lldpd-0.9.8/lib -lm -L/repo/Fail_GPL/asuswrt/release/src-ra-openwrt-4210/router/mipsel-musl/stage/usr/lib -ljansson -L/repo/Fail_GPL/asuswrt/release/src-ra-openwrt-4210/router/json-c/.libs -ldl conftest.c  >&5
conftest.c: In function 'main':
conftest.c:93:3: warning: statement with no effect [-Wunused-value]
   getaddrinfo;
   ^
configure:13772: $? = 0
configure:13782: result: yes
configure:13925: checking size of long
configure:13930: /opt/lede-toolchain-ramips-mt7621_gcc-5.4.0_musl-1.1.24.Linux-x86_64/toolchain-mipsel_24kc_gcc-5.4.0_musl-1.1.24/bin/mipsel-openwrt-linux-musl-gcc -c -g -O2 -I/repo/Fail_GPL/asuswrt/release/src-ra-openwrt-4210/router/mipsel-musl/stage/usr/include -Wall -fno-strict-aliasing  conftest.c >&5
configure:13930: $? = 0
configure:13930: /opt/lede-toolchain-ramips-mt7621_gcc-5.4.0_musl-1.1.24.Linux-x86_64/toolchain-mipsel_24kc_gcc-5.4.0_musl-1.1.24/bin/mipsel-openwrt-linux-musl-gcc -c -g -O2 -I/repo/Fail_GPL/asuswrt/release/src-ra-openwrt-4210/router/mipsel-musl/stage/usr/include -Wall -fno-strict-aliasing  conftest.c >&5
conftest.c: In function 'main':
conftest.c:121:12: error: size of array 'test_array' is negative
 static int test_array [1 - 2 * !(((long int) (sizeof (long))) <= 0)];
            ^
configure:13930: $? = 1
configure: failed program was:
| /* confdefs.h */
| #define PACKAGE_NAME ""
| #define PACKAGE_TARNAME ""
| #define PACKAGE_VERSION ""
| #define PACKAGE_STRING ""
| #define PACKAGE_BUGREPORT ""
| #define PACKAGE_URL ""
| #define PACKAGE "libevent"
| #define VERSION "2.0.22-stable"
| #define NUMERIC_VERSION 0x02001600
| #define STDC_HEADERS 1
| #define HAVE_SYS_TYPES_H 1
| #define HAVE_SYS_STAT_H 1
| #define HAVE_STDLIB_H 1
| #define HAVE_STRING_H 1
| #define HAVE_MEMORY_H 1
| #define HAVE_STRINGS_H 1
| #define HAVE_INTTYPES_H 1
| #define HAVE_STDINT_H 1
| #define HAVE_UNISTD_H 1
| #define HAVE_DLFCN_H 1
| #define LT_OBJDIR ".libs/"
| #define HAVE_ZLIB_H 1
| #define HAVE_LIBZ 1
| #define HAVE_OPENSSL_BIO_H 1
| #define STDC_HEADERS 1
| #define HAVE_FCNTL_H 1
| #define HAVE_STDARG_H 1
| #define HAVE_INTTYPES_H 1
| #define HAVE_STDINT_H 1
| #define HAVE_STDDEF_H 1
| #define HAVE_POLL_H 1
| #define HAVE_UNISTD_H 1
| #define HAVE_SYS_EPOLL_H 1
| #define HAVE_SYS_TIME_H 1
| #define HAVE_SYS_QUEUE_H 1
| #define HAVE_SYS_PARAM_H 1
| #define HAVE_SYS_IOCTL_H 1
| #define HAVE_SYS_SELECT_H 1
| #define HAVE_NETINET_IN_H 1
| #define HAVE_SYS_SOCKET_H 1
| #define HAVE_SYS_UIO_H 1
| #define HAVE_ARPA_INET_H 1
| #define HAVE_SYS_EVENTFD_H 1
| #define HAVE_SYS_MMAN_H 1
| #define HAVE_SYS_SENDFILE_H 1
| #define HAVE_SYS_WAIT_H 1
| #define HAVE_NETDB_H 1
| #define HAVE_SYS_STAT_H 1
| #define HAVE_TAILQFOREACH 1
| #define HAVE_TIMERADD 1
| #define HAVE_TIMERCMP 1
| #define HAVE_TIMERCLEAR 1
| #define HAVE_TIMERISSET 1
| #define TIME_WITH_SYS_TIME 1
| #define HAVE_GETTIMEOFDAY 1
| #define HAVE_VASPRINTF 1
| #define HAVE_FCNTL 1
| #define HAVE_CLOCK_GETTIME 1
| #define HAVE_STRTOK_R 1
| #define HAVE_STRSEP 1
| #define HAVE_GETNAMEINFO 1
| #define HAVE_STRLCPY 1
| #define HAVE_INET_NTOP 1
| #define HAVE_INET_PTON 1
| #define HAVE_SIGNAL 1
| #define HAVE_SIGACTION 1
| #define HAVE_STRTOLL 1
| #define HAVE_INET_ATON 1
| #define HAVE_PIPE 1
| #define HAVE_EVENTFD 1
| #define HAVE_SENDFILE 1
| #define HAVE_MMAP 1
| #define HAVE_SPLICE 1
| #define HAVE_ISSETUGID 1
| #define HAVE_GETEUID 1
| #define HAVE_GETEGID 1
| #define HAVE_GETPROTOBYNUMBER 1
| #define HAVE_SETENV 1
| #define HAVE_UNSETENV 1
| #define HAVE_PUTENV 1
| #define HAVE_UMASK 1
| #define HAVE_GETADDRINFO 1
| /* end confdefs.h.  */
| #include <stdio.h>
| #ifdef HAVE_SYS_TYPES_H
| # include <sys/types.h>
| #endif
| #ifdef HAVE_SYS_STAT_H
| # include <sys/stat.h>
| #endif
| #ifdef STDC_HEADERS
| # include <stdlib.h>
| # include <stddef.h>
| #else
| # ifdef HAVE_STDLIB_H
| #  include <stdlib.h>
| # endif
| #endif
| #ifdef HAVE_STRING_H
| # if !defined STDC_HEADERS && defined HAVE_MEMORY_H
| #  include <memory.h>
| # endif
| # include <string.h>
| #endif
| #ifdef HAVE_STRINGS_H
| # include <strings.h>
| #endif
| #ifdef HAVE_INTTYPES_H
| # include <inttypes.h>
| #endif
| #ifdef HAVE_STDINT_H
| # include <stdint.h>
| #endif
| #ifdef HAVE_UNISTD_H
| # include <unistd.h>
| #endif
| int
| main ()
| {
| static int test_array [1 - 2 * !(((long int) (sizeof (long))) <= 0)];
| test_array [0] = 0;
| return test_array [0];
| 
|   ;
|   return 0;
| }
configure:13930: /opt/lede-toolchain-ramips-mt7621_gcc-5.4.0_musl-1.1.24.Linux-x86_64/toolchain-mipsel_24kc_gcc-5.4.0_musl-1.1.24/bin/mipsel-openwrt-linux-musl-gcc -c -g -O2 -I/repo/Fail_GPL/asuswrt/release/src-ra-openwrt-4210/router/mipsel-musl/stage/usr/include -Wall -fno-strict-aliasing  conftest.c >&5
conftest.c: In function 'main':
conftest.c:121:12: error: size of array 'test_array' is negative
 static int test_array [1 - 2 * !(((long int) (sizeof (long))) <= 1)];
            ^
configure:13930: $? = 1
configure: failed program was:
| /* confdefs.h */
| #define PACKAGE_NAME ""
| #define PACKAGE_TARNAME ""
| #define PACKAGE_VERSION ""
| #define PACKAGE_STRING ""
| #define PACKAGE_BUGREPORT ""
| #define PACKAGE_URL ""
| #define PACKAGE "libevent"
| #define VERSION "2.0.22-stable"
| #define NUMERIC_VERSION 0x02001600
| #define STDC_HEADERS 1
| #define HAVE_SYS_TYPES_H 1
| #define HAVE_SYS_STAT_H 1
| #define HAVE_STDLIB_H 1
| #define HAVE_STRING_H 1
| #define HAVE_MEMORY_H 1
| #define HAVE_STRINGS_H 1
| #define HAVE_INTTYPES_H 1
| #define HAVE_STDINT_H 1
| #define HAVE_UNISTD_H 1
| #define HAVE_DLFCN_H 1
| #define LT_OBJDIR ".libs/"
| #define HAVE_ZLIB_H 1
| #define HAVE_LIBZ 1
| #define HAVE_OPENSSL_BIO_H 1
| #define STDC_HEADERS 1
| #define HAVE_FCNTL_H 1
| #define HAVE_STDARG_H 1
| #define HAVE_INTTYPES_H 1
| #define HAVE_STDINT_H 1
| #define HAVE_STDDEF_H 1
| #define HAVE_POLL_H 1
| #define HAVE_UNISTD_H 1
| #define HAVE_SYS_EPOLL_H 1
| #define HAVE_SYS_TIME_H 1
| #define HAVE_SYS_QUEUE_H 1
| #define HAVE_SYS_PARAM_H 1
| #define HAVE_SYS_IOCTL_H 1
| #define HAVE_SYS_SELECT_H 1
| #define HAVE_NETINET_IN_H 1
| #define HAVE_SYS_SOCKET_H 1
| #define HAVE_SYS_UIO_H 1
| #define HAVE_ARPA_INET_H 1
| #define HAVE_SYS_EVENTFD_H 1
| #define HAVE_SYS_MMAN_H 1
| #define HAVE_SYS_SENDFILE_H 1
| #define HAVE_SYS_WAIT_H 1
| #define HAVE_NETDB_H 1
| #define HAVE_SYS_STAT_H 1
| #define HAVE_TAILQFOREACH 1
| #define HAVE_TIMERADD 1
| #define HAVE_TIMERCMP 1
| #define HAVE_TIMERCLEAR 1
| #define HAVE_TIMERISSET 1
| #define TIME_WITH_SYS_TIME 1
| #define HAVE_GETTIMEOFDAY 1
| #define HAVE_VASPRINTF 1
| #define HAVE_FCNTL 1
| #define HAVE_CLOCK_GETTIME 1
| #define HAVE_STRTOK_R 1
| #define HAVE_STRSEP 1
| #define HAVE_GETNAMEINFO 1
| #define HAVE_STRLCPY 1
| #define HAVE_INET_NTOP 1
| #define HAVE_INET_PTON 1
| #define HAVE_SIGNAL 1
| #define HAVE_SIGACTION 1
| #define HAVE_STRTOLL 1
| #define HAVE_INET_ATON 1
| #define HAVE_PIPE 1
| #define HAVE_EVENTFD 1
| #define HAVE_SENDFILE 1
| #define HAVE_MMAP 1
| #define HAVE_SPLICE 1
| #define HAVE_ISSETUGID 1
| #define HAVE_GETEUID 1
| #define HAVE_GETEGID 1
| #define HAVE_GETPROTOBYNUMBER 1
| #define HAVE_SETENV 1
| #define HAVE_UNSETENV 1
| #define HAVE_PUTENV 1
| #define HAVE_UMASK 1
| #define HAVE_GETADDRINFO 1
| /* end confdefs.h.  */
| #include <stdio.h>
| #ifdef HAVE_SYS_TYPES_H
| # include <sys/types.h>
| #endif
| #ifdef HAVE_SYS_STAT_H
| # include <sys/stat.h>
| #endif
| #ifdef STDC_HEADERS
| # include <stdlib.h>
| # include <stddef.h>
| #else
| # ifdef HAVE_STDLIB_H
| #  include <stdlib.h>
| # endif
| #endif
| #ifdef HAVE_STRING_H
| # if !defined STDC_HEADERS && defined HAVE_MEMORY_H
| #  include <memory.h>
| # endif
| # include <string.h>
| #endif
| #ifdef HAVE_STRINGS_H
| # include <strings.h>
| #endif
| #ifdef HAVE_INTTYPES_H
| # include <inttypes.h>
| #endif
| #ifdef HAVE_STDINT_H
| # include <stdint.h>
| #endif
| #ifdef HAVE_UNISTD_H
| # include <unistd.h>
| #endif
| int
| main ()
| {
| static int test_array [1 - 2 * !(((long int) (sizeof (long))) <= 1)];
| test_array [0] = 0;
| return test_array [0];
| 
|   ;
|   return 0;
| }
configure:13930: /opt/lede-toolchain-ramips-mt7621_gcc-5.4.0_musl-1.1.24.Linux-x86_64/toolchain-mipsel_24kc_gcc-5.4.0_musl-1.1.24/bin/mipsel-openwrt-linux-musl-gcc -c -g -O2 -I/repo/Fail_GPL/asuswrt/release/src-ra-openwrt-4210/router/mipsel-musl/stage/usr/include -Wall -fno-strict-aliasing  conftest.c >&5
conftest.c: In function 'main':
conftest.c:121:12: error: size of array 'test_array' is negative
 static int test_array [1 - 2 * !(((long int) (sizeof (long))) <= 3)];
            ^
configure:13930: $? = 1
configure: failed program was:
| /* confdefs.h */
| #define PACKAGE_NAME ""
| #define PACKAGE_TARNAME ""
| #define PACKAGE_VERSION ""
| #define PACKAGE_STRING ""
| #define PACKAGE_BUGREPORT ""
| #define PACKAGE_URL ""
| #define PACKAGE "libevent"
| #define VERSION "2.0.22-stable"
| #define NUMERIC_VERSION 0x02001600
| #define STDC_HEADERS 1
| #define HAVE_SYS_TYPES_H 1
| #define HAVE_SYS_STAT_H 1
| #define HAVE_STDLIB_H 1
| #define HAVE_STRING_H 1
| #define HAVE_MEMORY_H 1
| #define HAVE_STRINGS_H 1
| #define HAVE_INTTYPES_H 1
| #define HAVE_STDINT_H 1
| #define HAVE_UNISTD_H 1
| #define HAVE_DLFCN_H 1
| #define LT_OBJDIR ".libs/"
| #define HAVE_ZLIB_H 1
| #define HAVE_LIBZ 1
| #define HAVE_OPENSSL_BIO_H 1
| #define STDC_HEADERS 1
| #define HAVE_FCNTL_H 1
| #define HAVE_STDARG_H 1
| #define HAVE_INTTYPES_H 1
| #define HAVE_STDINT_H 1
| #define HAVE_STDDEF_H 1
| #define HAVE_POLL_H 1
| #define HAVE_UNISTD_H 1
| #define HAVE_SYS_EPOLL_H 1
| #define HAVE_SYS_TIME_H 1
| #define HAVE_SYS_QUEUE_H 1
| #define HAVE_SYS_PARAM_H 1
| #define HAVE_SYS_IOCTL_H 1
| #define HAVE_SYS_SELECT_H 1
| #define HAVE_NETINET_IN_H 1
| #define HAVE_SYS_SOCKET_H 1
| #define HAVE_SYS_UIO_H 1
| #define HAVE_ARPA_INET_H 1
| #define HAVE_SYS_EVENTFD_H 1
| #define HAVE_SYS_MMAN_H 1
| #define HAVE_SYS_SENDFILE_H 1
| #define HAVE_SYS_WAIT_H 1
| #define HAVE_NETDB_H 1
| #define HAVE_SYS_STAT_H 1
| #define HAVE_TAILQFOREACH 1
| #define HAVE_TIMERADD 1
| #define HAVE_TIMERCMP 1
| #define HAVE_TIMERCLEAR 1
| #define HAVE_TIMERISSET 1
| #define TIME_WITH_SYS_TIME 1
| #define HAVE_GETTIMEOFDAY 1
| #define HAVE_VASPRINTF 1
| #define HAVE_FCNTL 1
| #define HAVE_CLOCK_GETTIME 1
| #define HAVE_STRTOK_R 1
| #define HAVE_STRSEP 1
| #define HAVE_GETNAMEINFO 1
| #define HAVE_STRLCPY 1
| #define HAVE_INET_NTOP 1
| #define HAVE_INET_PTON 1
| #define HAVE_SIGNAL 1
| #define HAVE_SIGACTION 1
| #define HAVE_STRTOLL 1
| #define HAVE_INET_ATON 1
| #define HAVE_PIPE 1
| #define HAVE_EVENTFD 1
| #define HAVE_SENDFILE 1
| #define HAVE_MMAP 1
| #define HAVE_SPLICE 1
| #define HAVE_ISSETUGID 1
| #define HAVE_GETEUID 1
| #define HAVE_GETEGID 1
| #define HAVE_GETPROTOBYNUMBER 1
| #define HAVE_SETENV 1
| #define HAVE_UNSETENV 1
| #define HAVE_PUTENV 1
| #define HAVE_UMASK 1
| #define HAVE_GETADDRINFO 1
| /* end confdefs.h.  */
| #include <stdio.h>
| #ifdef HAVE_SYS_TYPES_H
| # include <sys/types.h>
| #endif
| #ifdef HAVE_SYS_STAT_H
| # include <sys/stat.h>
| #endif
| #ifdef STDC_HEADERS
| # include <stdlib.h>
| # include <stddef.h>
| #else
| # ifdef HAVE_STDLIB_H
| #  include <stdlib.h>
| # endif
| #endif
| #ifdef HAVE_STRING_H
| # if !defined STDC_HEADERS && defined HAVE_MEMORY_H
| #  include <memory.h>
| # endif
| # include <string.h>
| #endif
| #ifdef HAVE_STRINGS_H
| # include <strings.h>
| #endif
| #ifdef HAVE_INTTYPES_H
| # include <inttypes.h>
| #endif
| #ifdef HAVE_STDINT_H
| # include <stdint.h>
| #endif
| #ifdef HAVE_UNISTD_H
| # include <unistd.h>
| #endif
| int
| main ()
| {
| static int test_array [1 - 2 * !(((long int) (sizeof (long))) <= 3)];
| test_array [0] = 0;
| return test_array [0];
| 
|   ;
|   return 0;
| }
configure:13930: /opt/lede-toolchain-ramips-mt7621_gcc-5.4.0_musl-1.1.24.Linux-x86_64/toolchain-mipsel_24kc_gcc-5.4.0_musl-1.1.24/bin/mipsel-openwrt-linux-musl-gcc -c -g -O2 -I/repo/Fail_GPL/asuswrt/release/src-ra-openwrt-4210/router/mipsel-musl/stage/usr/include -Wall -fno-strict-aliasing  conftest.c >&5
configure:13930: $? = 0
configure:13930: /opt/lede-toolchain-ramips-mt7621_gcc-5.4.0_musl-1.1.24.Linux-x86_64/toolchain-mipsel_24kc_gcc-5.4.0_musl-1.1.24/bin/mipsel-openwrt-linux-musl-gcc -c -g -O2 -I/repo/Fail_GPL/asuswrt/release/src-ra-openwrt-4210/router/mipsel-musl/stage/usr/include -Wall -fno-strict-aliasing  conftest.c >&5
configure:13930: $? = 0
configure:13930: /opt/lede-toolchain-ramips-mt7621_gcc-5.4.0_musl-1.1.24.Linux-x86_64/toolchain-mipsel_24kc_gcc-5.4.0_musl-1.1.24/bin/mipsel-openwrt-linux-musl-gcc -c -g -O2 -I/repo/Fail_GPL/asuswrt/release/src-ra-openwrt-4210/router/mipsel-musl/stage/usr/include -Wall -fno-strict-aliasing  conftest.c >&5
configure:13930: $? = 0
configure:13944: result: 4
configure:13955: checking for F_SETFD in fcntl.h
configure:13972: result: yes
configure:13986: checking for select
configure:13986: /opt/lede-toolchain-ramips-mt7621_gcc-5.4.0_musl-1.1.24.Linux-x86_64/toolchain-mipsel_24kc_gcc-5.4.0_musl-1.1.24/bin/mipsel-openwrt-linux-musl-gcc -o conftest -g -O2 -I/repo/Fail_GPL/asuswrt/release/src-ra-openwrt-4210/router/mipsel-musl/stage/usr/include -Wall -fno-strict-aliasing  -L/repo/Fail_GPL/asuswrt/release/src-ra-openwrt-4210/router/lldpd-0.9.8/lib -lm -L/repo/Fail_GPL/asuswrt/release/src-ra-openwrt-4210/router/mipsel-musl/stage/usr/lib -ljansson -L/repo/Fail_GPL/asuswrt/release/src-ra-openwrt-4210/router/json-c/.libs -ldl conftest.c  >&5
configure:13986: $? = 0
configure:13986: result: yes
configure:14011: checking for poll
configure:14011: /opt/lede-toolchain-ramips-mt7621_gcc-5.4.0_musl-1.1.24.Linux-x86_64/toolchain-mipsel_24kc_gcc-5.4.0_musl-1.1.24/bin/mipsel-openwrt-linux-musl-gcc -o conftest -g -O2 -I/repo/Fail_GPL/asuswrt/release/src-ra-openwrt-4210/router/mipsel-musl/stage/usr/include -Wall -fno-strict-aliasing  -L/repo/Fail_GPL/asuswrt/release/src-ra-openwrt-4210/router/lldpd-0.9.8/lib -lm -L/repo/Fail_GPL/asuswrt/release/src-ra-openwrt-4210/router/mipsel-musl/stage/usr/lib -ljansson -L/repo/Fail_GPL/asuswrt/release/src-ra-openwrt-4210/router/json-c/.libs -ldl conftest.c  >&5
configure:14011: $? = 0
configure:14011: result: yes
configure:14147: checking for epoll_ctl
configure:14147: /opt/lede-toolchain-ramips-mt7621_gcc-5.4.0_musl-1.1.24.Linux-x86_64/toolchain-mipsel_24kc_gcc-5.4.0_musl-1.1.24/bin/mipsel-openwrt-linux-musl-gcc -o conftest -g -O2 -I/repo/Fail_GPL/asuswrt/release/src-ra-openwrt-4210/router/mipsel-musl/stage/usr/include -Wall -fno-strict-aliasing  -L/repo/Fail_GPL/asuswrt/release/src-ra-openwrt-4210/router/lldpd-0.9.8/lib -lm -L/repo/Fail_GPL/asuswrt/release/src-ra-openwrt-4210/router/mipsel-musl/stage/usr/lib -ljansson -L/repo/Fail_GPL/asuswrt/release/src-ra-openwrt-4210/router/json-c/.libs -ldl conftest.c  >&5
configure:14147: $? = 0
configure:14147: result: yes
configure:14231: checking for port_create
configure:14231: /opt/lede-toolchain-ramips-mt7621_gcc-5.4.0_musl-1.1.24.Linux-x86_64/toolchain-mipsel_24kc_gcc-5.4.0_musl-1.1.24/bin/mipsel-openwrt-linux-musl-gcc -o conftest -g -O2 -I/repo/Fail_GPL/asuswrt/release/src-ra-openwrt-4210/router/mipsel-musl/stage/usr/include -Wall -fno-strict-aliasing  -L/repo/Fail_GPL/asuswrt/release/src-ra-openwrt-4210/router/lldpd-0.9.8/lib -lm -L/repo/Fail_GPL/asuswrt/release/src-ra-openwrt-4210/router/mipsel-musl/stage/usr/lib -ljansson -L/repo/Fail_GPL/asuswrt/release/src-ra-openwrt-4210/router/json-c/.libs -ldl conftest.c  >&5
/tmp/cckA4FeS.o: In function `main':
/repo/Fail_GPL/asuswrt/release/src/router/lldpd-0.9.8/libevent/conftest.c:125: undefined reference to `port_create'
collect2: error: ld returned 1 exit status
configure:14231: $? = 1
configure: failed program was:
| /* confdefs.h */
| #define PACKAGE_NAME ""
| #define PACKAGE_TARNAME ""
| #define PACKAGE_VERSION ""
| #define PACKAGE_STRING ""
| #define PACKAGE_BUGREPORT ""
| #define PACKAGE_URL ""
| #define PACKAGE "libevent"
| #define VERSION "2.0.22-stable"
| #define NUMERIC_VERSION 0x02001600
| #define STDC_HEADERS 1
| #define HAVE_SYS_TYPES_H 1
| #define HAVE_SYS_STAT_H 1
| #define HAVE_STDLIB_H 1
| #define HAVE_STRING_H 1
| #define HAVE_MEMORY_H 1
| #define HAVE_STRINGS_H 1
| #define HAVE_INTTYPES_H 1
| #define HAVE_STDINT_H 1
| #define HAVE_UNISTD_H 1
| #define HAVE_DLFCN_H 1
| #define LT_OBJDIR ".libs/"
| #define HAVE_ZLIB_H 1
| #define HAVE_LIBZ 1
| #define HAVE_OPENSSL_BIO_H 1
| #define STDC_HEADERS 1
| #define HAVE_FCNTL_H 1
| #define HAVE_STDARG_H 1
| #define HAVE_INTTYPES_H 1
| #define HAVE_STDINT_H 1
| #define HAVE_STDDEF_H 1
| #define HAVE_POLL_H 1
| #define HAVE_UNISTD_H 1
| #define HAVE_SYS_EPOLL_H 1
| #define HAVE_SYS_TIME_H 1
| #define HAVE_SYS_QUEUE_H 1
| #define HAVE_SYS_PARAM_H 1
| #define HAVE_SYS_IOCTL_H 1
| #define HAVE_SYS_SELECT_H 1
| #define HAVE_NETINET_IN_H 1
| #define HAVE_SYS_SOCKET_H 1
| #define HAVE_SYS_UIO_H 1
| #define HAVE_ARPA_INET_H 1
| #define HAVE_SYS_EVENTFD_H 1
| #define HAVE_SYS_MMAN_H 1
| #define HAVE_SYS_SENDFILE_H 1
| #define HAVE_SYS_WAIT_H 1
| #define HAVE_NETDB_H 1
| #define HAVE_SYS_STAT_H 1
| #define HAVE_TAILQFOREACH 1
| #define HAVE_TIMERADD 1
| #define HAVE_TIMERCMP 1
| #define HAVE_TIMERCLEAR 1
| #define HAVE_TIMERISSET 1
| #define TIME_WITH_SYS_TIME 1
| #define HAVE_GETTIMEOFDAY 1
| #define HAVE_VASPRINTF 1
| #define HAVE_FCNTL 1
| #define HAVE_CLOCK_GETTIME 1
| #define HAVE_STRTOK_R 1
| #define HAVE_STRSEP 1
| #define HAVE_GETNAMEINFO 1
| #define HAVE_STRLCPY 1
| #define HAVE_INET_NTOP 1
| #define HAVE_INET_PTON 1
| #define HAVE_SIGNAL 1
| #define HAVE_SIGACTION 1
| #define HAVE_STRTOLL 1
| #define HAVE_INET_ATON 1
| #define HAVE_PIPE 1
| #define HAVE_EVENTFD 1
| #define HAVE_SENDFILE 1
| #define HAVE_MMAP 1
| #define HAVE_SPLICE 1
| #define HAVE_ISSETUGID 1
| #define HAVE_GETEUID 1
| #define HAVE_GETEGID 1
| #define HAVE_GETPROTOBYNUMBER 1
| #define HAVE_SETENV 1
| #define HAVE_UNSETENV 1
| #define HAVE_PUTENV 1
| #define HAVE_UMASK 1
| #define HAVE_GETADDRINFO 1
| #define SIZEOF_LONG 4
| #define HAVE_SETFD 1
| #define HAVE_SELECT 1
| #define HAVE_POLL 1
| #define HAVE_EPOLL_CTL 1
| #define HAVE_EPOLL 1
| /* end confdefs.h.  */
| /* Define port_create to an innocuous variant, in case <limits.h> declares port_create.
|    For example, HP-UX 11i <limits.h> declares gettimeofday.  */
| #define port_create innocuous_port_create
| 
| /* System header to define __stub macros and hopefully few prototypes,
|     which can conflict with char port_create (); below.
|     Prefer <limits.h> to <assert.h> if __STDC__ is defined, since
|     <limits.h> exists even on freestanding compilers.  */
| 
| #ifdef __STDC__
| # include <limits.h>
| #else
| # include <assert.h>
| #endif
| 
| #undef port_create
| 
| /* Override any GCC internal prototype to avoid an error.
|    Use char because int might match the return type of a GCC
|    builtin and then its argument prototype would still apply.  */
| #ifdef __cplusplus
| extern "C"
| #endif
| char port_create ();
| /* The GNU C library defines this for functions which it implements
|     to always fail with ENOSYS.  Some functions are actually named
|     something starting with __ and the normal name is an alias.  */
| #if defined __stub_port_create || defined __stub___port_create
| choke me
| #endif
| 
| int
| main ()
| {
| return port_create ();
|   ;
|   return 0;
| }
configure:14231: result: no
configure:14268: checking for pid_t
configure:14268: /opt/lede-toolchain-ramips-mt7621_gcc-5.4.0_musl-1.1.24.Linux-x86_64/toolchain-mipsel_24kc_gcc-5.4.0_musl-1.1.24/bin/mipsel-openwrt-linux-musl-gcc -c -g -O2 -I/repo/Fail_GPL/asuswrt/release/src-ra-openwrt-4210/router/mipsel-musl/stage/usr/include -Wall -fno-strict-aliasing  conftest.c >&5
configure:14268: $? = 0
configure:14268: /opt/lede-toolchain-ramips-mt7621_gcc-5.4.0_musl-1.1.24.Linux-x86_64/toolchain-mipsel_24kc_gcc-5.4.0_musl-1.1.24/bin/mipsel-openwrt-linux-musl-gcc -c -g -O2 -I/repo/Fail_GPL/asuswrt/release/src-ra-openwrt-4210/router/mipsel-musl/stage/usr/include -Wall -fno-strict-aliasing  conftest.c >&5
conftest.c: In function 'main':
conftest.c:127:20: error: expected expression before ')' token
 if (sizeof ((pid_t)))
                    ^
configure:14268: $? = 1
configure: failed program was:
| /* confdefs.h */
| #define PACKAGE_NAME ""
| #define PACKAGE_TARNAME ""
| #define PACKAGE_VERSION ""
| #define PACKAGE_STRING ""
| #define PACKAGE_BUGREPORT ""
| #define PACKAGE_URL ""
| #define PACKAGE "libevent"
| #define VERSION "2.0.22-stable"
| #define NUMERIC_VERSION 0x02001600
| #define STDC_HEADERS 1
| #define HAVE_SYS_TYPES_H 1
| #define HAVE_SYS_STAT_H 1
| #define HAVE_STDLIB_H 1
| #define HAVE_STRING_H 1
| #define HAVE_MEMORY_H 1
| #define HAVE_STRINGS_H 1
| #define HAVE_INTTYPES_H 1
| #define HAVE_STDINT_H 1
| #define HAVE_UNISTD_H 1
| #define HAVE_DLFCN_H 1
| #define LT_OBJDIR ".libs/"
| #define HAVE_ZLIB_H 1
| #define HAVE_LIBZ 1
| #define HAVE_OPENSSL_BIO_H 1
| #define STDC_HEADERS 1
| #define HAVE_FCNTL_H 1
| #define HAVE_STDARG_H 1
| #define HAVE_INTTYPES_H 1
| #define HAVE_STDINT_H 1
| #define HAVE_STDDEF_H 1
| #define HAVE_POLL_H 1
| #define HAVE_UNISTD_H 1
| #define HAVE_SYS_EPOLL_H 1
| #define HAVE_SYS_TIME_H 1
| #define HAVE_SYS_QUEUE_H 1
| #define HAVE_SYS_PARAM_H 1
| #define HAVE_SYS_IOCTL_H 1
| #define HAVE_SYS_SELECT_H 1
| #define HAVE_NETINET_IN_H 1
| #define HAVE_SYS_SOCKET_H 1
| #define HAVE_SYS_UIO_H 1
| #define HAVE_ARPA_INET_H 1
| #define HAVE_SYS_EVENTFD_H 1
| #define HAVE_SYS_MMAN_H 1
| #define HAVE_SYS_SENDFILE_H 1
| #define HAVE_SYS_WAIT_H 1
| #define HAVE_NETDB_H 1
| #define HAVE_SYS_STAT_H 1
| #define HAVE_TAILQFOREACH 1
| #define HAVE_TIMERADD 1
| #define HAVE_TIMERCMP 1
| #define HAVE_TIMERCLEAR 1
| #define HAVE_TIMERISSET 1
| #define TIME_WITH_SYS_TIME 1
| #define HAVE_GETTIMEOFDAY 1
| #define HAVE_VASPRINTF 1
| #define HAVE_FCNTL 1
| #define HAVE_CLOCK_GETTIME 1
| #define HAVE_STRTOK_R 1
| #define HAVE_STRSEP 1
| #define HAVE_GETNAMEINFO 1
| #define HAVE_STRLCPY 1
| #define HAVE_INET_NTOP 1
| #define HAVE_INET_PTON 1
| #define HAVE_SIGNAL 1
| #define HAVE_SIGACTION 1
| #define HAVE_STRTOLL 1
| #define HAVE_INET_ATON 1
| #define HAVE_PIPE 1
| #define HAVE_EVENTFD 1
| #define HAVE_SENDFILE 1
| #define HAVE_MMAP 1
| #define HAVE_SPLICE 1
| #define HAVE_ISSETUGID 1
| #define HAVE_GETEUID 1
| #define HAVE_GETEGID 1
| #define HAVE_GETPROTOBYNUMBER 1
| #define HAVE_SETENV 1
| #define HAVE_UNSETENV 1
| #define HAVE_PUTENV 1
| #define HAVE_UMASK 1
| #define HAVE_GETADDRINFO 1
| #define SIZEOF_LONG 4
| #define HAVE_SETFD 1
| #define HAVE_SELECT 1
| #define HAVE_POLL 1
| #define HAVE_EPOLL_CTL 1
| #define HAVE_EPOLL 1
| /* end confdefs.h.  */
| #include <stdio.h>
| #ifdef HAVE_SYS_TYPES_H
| # include <sys/types.h>
| #endif
| #ifdef HAVE_SYS_STAT_H
| # include <sys/stat.h>
| #endif
| #ifdef STDC_HEADERS
| # include <stdlib.h>
| # include <stddef.h>
| #else
| # ifdef HAVE_STDLIB_H
| #  include <stdlib.h>
| # endif
| #endif
| #ifdef HAVE_STRING_H
| # if !defined STDC_HEADERS && defined HAVE_MEMORY_H
| #  include <memory.h>
| # endif
| # include <string.h>
| #endif
| #ifdef HAVE_STRINGS_H
| # include <strings.h>
| #endif
| #ifdef HAVE_INTTYPES_H
| # include <inttypes.h>
| #endif
| #ifdef HAVE_STDINT_H
| # include <stdint.h>
| #endif
| #ifdef HAVE_UNISTD_H
| # include <unistd.h>
| #endif
| int
| main ()
| {
| if (sizeof ((pid_t)))
| 	    return 0;
|   ;
|   return 0;
| }
configure:14268: result: yes
configure:14279: checking for size_t
configure:14279: /opt/lede-toolchain-ramips-mt7621_gcc-5.4.0_musl-1.1.24.Linux-x86_64/toolchain-mipsel_24kc_gcc-5.4.0_musl-1.1.24/bin/mipsel-openwrt-linux-musl-gcc -c -g -O2 -I/repo/Fail_GPL/asuswrt/release/src-ra-openwrt-4210/router/mipsel-musl/stage/usr/include -Wall -fno-strict-aliasing  conftest.c >&5
configure:14279: $? = 0
configure:14279: /opt/lede-toolchain-ramips-mt7621_gcc-5.4.0_musl-1.1.24.Linux-x86_64/toolchain-mipsel_24kc_gcc-5.4.0_musl-1.1.24/bin/mipsel-openwrt-linux-musl-gcc -c -g -O2 -I/repo/Fail_GPL/asuswrt/release/src-ra-openwrt-4210/router/mipsel-musl/stage/usr/include -Wall -fno-strict-aliasing  conftest.c >&5
conftest.c: In function 'main':
conftest.c:127:21: error: expected expression before ')' token
 if (sizeof ((size_t)))
                     ^
configure:14279: $? = 1
configure: failed program was:
| /* confdefs.h */
| #define PACKAGE_NAME ""
| #define PACKAGE_TARNAME ""
| #define PACKAGE_VERSION ""
| #define PACKAGE_STRING ""
| #define PACKAGE_BUGREPORT ""
| #define PACKAGE_URL ""
| #define PACKAGE "libevent"
| #define VERSION "2.0.22-stable"
| #define NUMERIC_VERSION 0x02001600
| #define STDC_HEADERS 1
| #define HAVE_SYS_TYPES_H 1
| #define HAVE_SYS_STAT_H 1
| #define HAVE_STDLIB_H 1
| #define HAVE_STRING_H 1
| #define HAVE_MEMORY_H 1
| #define HAVE_STRINGS_H 1
| #define HAVE_INTTYPES_H 1
| #define HAVE_STDINT_H 1
| #define HAVE_UNISTD_H 1
| #define HAVE_DLFCN_H 1
| #define LT_OBJDIR ".libs/"
| #define HAVE_ZLIB_H 1
| #define HAVE_LIBZ 1
| #define HAVE_OPENSSL_BIO_H 1
| #define STDC_HEADERS 1
| #define HAVE_FCNTL_H 1
| #define HAVE_STDARG_H 1
| #define HAVE_INTTYPES_H 1
| #define HAVE_STDINT_H 1
| #define HAVE_STDDEF_H 1
| #define HAVE_POLL_H 1
| #define HAVE_UNISTD_H 1
| #define HAVE_SYS_EPOLL_H 1
| #define HAVE_SYS_TIME_H 1
| #define HAVE_SYS_QUEUE_H 1
| #define HAVE_SYS_PARAM_H 1
| #define HAVE_SYS_IOCTL_H 1
| #define HAVE_SYS_SELECT_H 1
| #define HAVE_NETINET_IN_H 1
| #define HAVE_SYS_SOCKET_H 1
| #define HAVE_SYS_UIO_H 1
| #define HAVE_ARPA_INET_H 1
| #define HAVE_SYS_EVENTFD_H 1
| #define HAVE_SYS_MMAN_H 1
| #define HAVE_SYS_SENDFILE_H 1
| #define HAVE_SYS_WAIT_H 1
| #define HAVE_NETDB_H 1
| #define HAVE_SYS_STAT_H 1
| #define HAVE_TAILQFOREACH 1
| #define HAVE_TIMERADD 1
| #define HAVE_TIMERCMP 1
| #define HAVE_TIMERCLEAR 1
| #define HAVE_TIMERISSET 1
| #define TIME_WITH_SYS_TIME 1
| #define HAVE_GETTIMEOFDAY 1
| #define HAVE_VASPRINTF 1
| #define HAVE_FCNTL 1
| #define HAVE_CLOCK_GETTIME 1
| #define HAVE_STRTOK_R 1
| #define HAVE_STRSEP 1
| #define HAVE_GETNAMEINFO 1
| #define HAVE_STRLCPY 1
| #define HAVE_INET_NTOP 1
| #define HAVE_INET_PTON 1
| #define HAVE_SIGNAL 1
| #define HAVE_SIGACTION 1
| #define HAVE_STRTOLL 1
| #define HAVE_INET_ATON 1
| #define HAVE_PIPE 1
| #define HAVE_EVENTFD 1
| #define HAVE_SENDFILE 1
| #define HAVE_MMAP 1
| #define HAVE_SPLICE 1
| #define HAVE_ISSETUGID 1
| #define HAVE_GETEUID 1
| #define HAVE_GETEGID 1
| #define HAVE_GETPROTOBYNUMBER 1
| #define HAVE_SETENV 1
| #define HAVE_UNSETENV 1
| #define HAVE_PUTENV 1
| #define HAVE_UMASK 1
| #define HAVE_GETADDRINFO 1
| #define SIZEOF_LONG 4
| #define HAVE_SETFD 1
| #define HAVE_SELECT 1
| #define HAVE_POLL 1
| #define HAVE_EPOLL_CTL 1
| #define HAVE_EPOLL 1
| /* end confdefs.h.  */
| #include <stdio.h>
| #ifdef HAVE_SYS_TYPES_H
| # include <sys/types.h>
| #endif
| #ifdef HAVE_SYS_STAT_H
| # include <sys/stat.h>
| #endif
| #ifdef STDC_HEADERS
| # include <stdlib.h>
| # include <stddef.h>
| #else
| # ifdef HAVE_STDLIB_H
| #  include <stdlib.h>
| # endif
| #endif
| #ifdef HAVE_STRING_H
| # if !defined STDC_HEADERS && defined HAVE_MEMORY_H
| #  include <memory.h>
| # endif
| # include <string.h>
| #endif
| #ifdef HAVE_STRINGS_H
| # include <strings.h>
| #endif
| #ifdef HAVE_INTTYPES_H
| # include <inttypes.h>
| #endif
| #ifdef HAVE_STDINT_H
| # include <stdint.h>
| #endif
| #ifdef HAVE_UNISTD_H
| # include <unistd.h>
| #endif
| int
| main ()
| {
| if (sizeof ((size_t)))
| 	    return 0;
|   ;
|   return 0;
| }
configure:14279: result: yes
configure:14290: checking for ssize_t
configure:14290: /opt/lede-toolchain-ramips-mt7621_gcc-5.4.0_musl-1.1.24.Linux-x86_64/toolchain-mipsel_24kc_gcc-5.4.0_musl-1.1.24/bin/mipsel-openwrt-linux-musl-gcc -c -g -O2 -I/repo/Fail_GPL/asuswrt/release/src-ra-openwrt-4210/router/mipsel-musl/stage/usr/include -Wall -fno-strict-aliasing  conftest.c >&5
configure:14290: $? = 0
configure:14290: /opt/lede-toolchain-ramips-mt7621_gcc-5.4.0_musl-1.1.24.Linux-x86_64/toolchain-mipsel_24kc_gcc-5.4.0_musl-1.1.24/bin/mipsel-openwrt-linux-musl-gcc -c -g -O2 -I/repo/Fail_GPL/asuswrt/release/src-ra-openwrt-4210/router/mipsel-musl/stage/usr/include -Wall -fno-strict-aliasing  conftest.c >&5
conftest.c: In function 'main':
conftest.c:127:22: error: expected expression before ')' token
 if (sizeof ((ssize_t)))
                      ^
configure:14290: $? = 1
configure: failed program was:
| /* confdefs.h */
| #define PACKAGE_NAME ""
| #define PACKAGE_TARNAME ""
| #define PACKAGE_VERSION ""
| #define PACKAGE_STRING ""
| #define PACKAGE_BUGREPORT ""
| #define PACKAGE_URL ""
| #define PACKAGE "libevent"
| #define VERSION "2.0.22-stable"
| #define NUMERIC_VERSION 0x02001600
| #define STDC_HEADERS 1
| #define HAVE_SYS_TYPES_H 1
| #define HAVE_SYS_STAT_H 1
| #define HAVE_STDLIB_H 1
| #define HAVE_STRING_H 1
| #define HAVE_MEMORY_H 1
| #define HAVE_STRINGS_H 1
| #define HAVE_INTTYPES_H 1
| #define HAVE_STDINT_H 1
| #define HAVE_UNISTD_H 1
| #define HAVE_DLFCN_H 1
| #define LT_OBJDIR ".libs/"
| #define HAVE_ZLIB_H 1
| #define HAVE_LIBZ 1
| #define HAVE_OPENSSL_BIO_H 1
| #define STDC_HEADERS 1
| #define HAVE_FCNTL_H 1
| #define HAVE_STDARG_H 1
| #define HAVE_INTTYPES_H 1
| #define HAVE_STDINT_H 1
| #define HAVE_STDDEF_H 1
| #define HAVE_POLL_H 1
| #define HAVE_UNISTD_H 1
| #define HAVE_SYS_EPOLL_H 1
| #define HAVE_SYS_TIME_H 1
| #define HAVE_SYS_QUEUE_H 1
| #define HAVE_SYS_PARAM_H 1
| #define HAVE_SYS_IOCTL_H 1
| #define HAVE_SYS_SELECT_H 1
| #define HAVE_NETINET_IN_H 1
| #define HAVE_SYS_SOCKET_H 1
| #define HAVE_SYS_UIO_H 1
| #define HAVE_ARPA_INET_H 1
| #define HAVE_SYS_EVENTFD_H 1
| #define HAVE_SYS_MMAN_H 1
| #define HAVE_SYS_SENDFILE_H 1
| #define HAVE_SYS_WAIT_H 1
| #define HAVE_NETDB_H 1
| #define HAVE_SYS_STAT_H 1
| #define HAVE_TAILQFOREACH 1
| #define HAVE_TIMERADD 1
| #define HAVE_TIMERCMP 1
| #define HAVE_TIMERCLEAR 1
| #define HAVE_TIMERISSET 1
| #define TIME_WITH_SYS_TIME 1
| #define HAVE_GETTIMEOFDAY 1
| #define HAVE_VASPRINTF 1
| #define HAVE_FCNTL 1
| #define HAVE_CLOCK_GETTIME 1
| #define HAVE_STRTOK_R 1
| #define HAVE_STRSEP 1
| #define HAVE_GETNAMEINFO 1
| #define HAVE_STRLCPY 1
| #define HAVE_INET_NTOP 1
| #define HAVE_INET_PTON 1
| #define HAVE_SIGNAL 1
| #define HAVE_SIGACTION 1
| #define HAVE_STRTOLL 1
| #define HAVE_INET_ATON 1
| #define HAVE_PIPE 1
| #define HAVE_EVENTFD 1
| #define HAVE_SENDFILE 1
| #define HAVE_MMAP 1
| #define HAVE_SPLICE 1
| #define HAVE_ISSETUGID 1
| #define HAVE_GETEUID 1
| #define HAVE_GETEGID 1
| #define HAVE_GETPROTOBYNUMBER 1
| #define HAVE_SETENV 1
| #define HAVE_UNSETENV 1
| #define HAVE_PUTENV 1
| #define HAVE_UMASK 1
| #define HAVE_GETADDRINFO 1
| #define SIZEOF_LONG 4
| #define HAVE_SETFD 1
| #define HAVE_SELECT 1
| #define HAVE_POLL 1
| #define HAVE_EPOLL_CTL 1
| #define HAVE_EPOLL 1
| /* end confdefs.h.  */
| #include <stdio.h>
| #ifdef HAVE_SYS_TYPES_H
| # include <sys/types.h>
| #endif
| #ifdef HAVE_SYS_STAT_H
| # include <sys/stat.h>
| #endif
| #ifdef STDC_HEADERS
| # include <stdlib.h>
| # include <stddef.h>
| #else
| # ifdef HAVE_STDLIB_H
| #  include <stdlib.h>
| # endif
| #endif
| #ifdef HAVE_STRING_H
| # if !defined STDC_HEADERS && defined HAVE_MEMORY_H
| #  include <memory.h>
| # endif
| # include <string.h>
| #endif
| #ifdef HAVE_STRINGS_H
| # include <strings.h>
| #endif
| #ifdef HAVE_INTTYPES_H
| # include <inttypes.h>
| #endif
| #ifdef HAVE_STDINT_H
| # include <stdint.h>
| #endif
| #ifdef HAVE_UNISTD_H
| # include <unistd.h>
| #endif
| int
| main ()
| {
| if (sizeof ((ssize_t)))
| 	    return 0;
|   ;
|   return 0;
| }
configure:14290: result: yes
configure:14302: checking for uint64_t
configure:14302: /opt/lede-toolchain-ramips-mt7621_gcc-5.4.0_musl-1.1.24.Linux-x86_64/toolchain-mipsel_24kc_gcc-5.4.0_musl-1.1.24/bin/mipsel-openwrt-linux-musl-gcc -c -g -O2 -I/repo/Fail_GPL/asuswrt/release/src-ra-openwrt-4210/router/mipsel-musl/stage/usr/include -Wall -fno-strict-aliasing  conftest.c >&5
configure:14302: $? = 0
configure:14302: /opt/lede-toolchain-ramips-mt7621_gcc-5.4.0_musl-1.1.24.Linux-x86_64/toolchain-mipsel_24kc_gcc-5.4.0_musl-1.1.24/bin/mipsel-openwrt-linux-musl-gcc -c -g -O2 -I/repo/Fail_GPL/asuswrt/release/src-ra-openwrt-4210/router/mipsel-musl/stage/usr/include -Wall -fno-strict-aliasing  conftest.c >&5
conftest.c: In function 'main':
conftest.c:103:23: error: expected expression before ')' token
 if (sizeof ((uint64_t)))
                       ^
configure:14302: $? = 1
configure: failed program was:
| /* confdefs.h */
| #define PACKAGE_NAME ""
| #define PACKAGE_TARNAME ""
| #define PACKAGE_VERSION ""
| #define PACKAGE_STRING ""
| #define PACKAGE_BUGREPORT ""
| #define PACKAGE_URL ""
| #define PACKAGE "libevent"
| #define VERSION "2.0.22-stable"
| #define NUMERIC_VERSION 0x02001600
| #define STDC_HEADERS 1
| #define HAVE_SYS_TYPES_H 1
| #define HAVE_SYS_STAT_H 1
| #define HAVE_STDLIB_H 1
| #define HAVE_STRING_H 1
| #define HAVE_MEMORY_H 1
| #define HAVE_STRINGS_H 1
| #define HAVE_INTTYPES_H 1
| #define HAVE_STDINT_H 1
| #define HAVE_UNISTD_H 1
| #define HAVE_DLFCN_H 1
| #define LT_OBJDIR ".libs/"
| #define HAVE_ZLIB_H 1
| #define HAVE_LIBZ 1
| #define HAVE_OPENSSL_BIO_H 1
| #define STDC_HEADERS 1
| #define HAVE_FCNTL_H 1
| #define HAVE_STDARG_H 1
| #define HAVE_INTTYPES_H 1
| #define HAVE_STDINT_H 1
| #define HAVE_STDDEF_H 1
| #define HAVE_POLL_H 1
| #define HAVE_UNISTD_H 1
| #define HAVE_SYS_EPOLL_H 1
| #define HAVE_SYS_TIME_H 1
| #define HAVE_SYS_QUEUE_H 1
| #define HAVE_SYS_PARAM_H 1
| #define HAVE_SYS_IOCTL_H 1
| #define HAVE_SYS_SELECT_H 1
| #define HAVE_NETINET_IN_H 1
| #define HAVE_SYS_SOCKET_H 1
| #define HAVE_SYS_UIO_H 1
| #define HAVE_ARPA_INET_H 1
| #define HAVE_SYS_EVENTFD_H 1
| #define HAVE_SYS_MMAN_H 1
| #define HAVE_SYS_SENDFILE_H 1
| #define HAVE_SYS_WAIT_H 1
| #define HAVE_NETDB_H 1
| #define HAVE_SYS_STAT_H 1
| #define HAVE_TAILQFOREACH 1
| #define HAVE_TIMERADD 1
| #define HAVE_TIMERCMP 1
| #define HAVE_TIMERCLEAR 1
| #define HAVE_TIMERISSET 1
| #define TIME_WITH_SYS_TIME 1
| #define HAVE_GETTIMEOFDAY 1
| #define HAVE_VASPRINTF 1
| #define HAVE_FCNTL 1
| #define HAVE_CLOCK_GETTIME 1
| #define HAVE_STRTOK_R 1
| #define HAVE_STRSEP 1
| #define HAVE_GETNAMEINFO 1
| #define HAVE_STRLCPY 1
| #define HAVE_INET_NTOP 1
| #define HAVE_INET_PTON 1
| #define HAVE_SIGNAL 1
| #define HAVE_SIGACTION 1
| #define HAVE_STRTOLL 1
| #define HAVE_INET_ATON 1
| #define HAVE_PIPE 1
| #define HAVE_EVENTFD 1
| #define HAVE_SENDFILE 1
| #define HAVE_MMAP 1
| #define HAVE_SPLICE 1
| #define HAVE_ISSETUGID 1
| #define HAVE_GETEUID 1
| #define HAVE_GETEGID 1
| #define HAVE_GETPROTOBYNUMBER 1
| #define HAVE_SETENV 1
| #define HAVE_UNSETENV 1
| #define HAVE_PUTENV 1
| #define HAVE_UMASK 1
| #define HAVE_GETADDRINFO 1
| #define SIZEOF_LONG 4
| #define HAVE_SETFD 1
| #define HAVE_SELECT 1
| #define HAVE_POLL 1
| #define HAVE_EPOLL_CTL 1
| #define HAVE_EPOLL 1
| /* end confdefs.h.  */
| #ifdef HAVE_STDINT_H
| #include <stdint.h>
| #elif defined(HAVE_INTTYPES_H)
| #include <inttypes.h>
| #endif
| #ifdef HAVE_SYS_TYPES_H
| #include <sys/types.h>
| #endif
| 
| int
| main ()
| {
| if (sizeof ((uint64_t)))
| 	    return 0;
|   ;
|   return 0;
| }
configure:14302: result: yes
configure:14319: checking for uint32_t
configure:14319: /opt/lede-toolchain-ramips-mt7621_gcc-5.4.0_musl-1.1.24.Linux-x86_64/toolchain-mipsel_24kc_gcc-5.4.0_musl-1.1.24/bin/mipsel-openwrt-linux-musl-gcc -c -g -O2 -I/repo/Fail_GPL/asuswrt/release/src-ra-openwrt-4210/router/mipsel-musl/stage/usr/include -Wall -fno-strict-aliasing  conftest.c >&5
configure:14319: $? = 0
configure:14319: /opt/lede-toolchain-ramips-mt7621_gcc-5.4.0_musl-1.1.24.Linux-x86_64/toolchain-mipsel_24kc_gcc-5.4.0_musl-1.1.24/bin/mipsel-openwrt-linux-musl-gcc -c -g -O2 -I/repo/Fail_GPL/asuswrt/release/src-ra-openwrt-4210/router/mipsel-musl/stage/usr/include -Wall -fno-strict-aliasing  conftest.c >&5
conftest.c: In function 'main':
conftest.c:104:23: error: expected expression before ')' token
 if (sizeof ((uint32_t)))
                       ^
configure:14319: $? = 1
configure: failed program was:
| /* confdefs.h */
| #define PACKAGE_NAME ""
| #define PACKAGE_TARNAME ""
| #define PACKAGE_VERSION ""
| #define PACKAGE_STRING ""
| #define PACKAGE_BUGREPORT ""
| #define PACKAGE_URL ""
| #define PACKAGE "libevent"
| #define VERSION "2.0.22-stable"
| #define NUMERIC_VERSION 0x02001600
| #define STDC_HEADERS 1
| #define HAVE_SYS_TYPES_H 1
| #define HAVE_SYS_STAT_H 1
| #define HAVE_STDLIB_H 1
| #define HAVE_STRING_H 1
| #define HAVE_MEMORY_H 1
| #define HAVE_STRINGS_H 1
| #define HAVE_INTTYPES_H 1
| #define HAVE_STDINT_H 1
| #define HAVE_UNISTD_H 1
| #define HAVE_DLFCN_H 1
| #define LT_OBJDIR ".libs/"
| #define HAVE_ZLIB_H 1
| #define HAVE_LIBZ 1
| #define HAVE_OPENSSL_BIO_H 1
| #define STDC_HEADERS 1
| #define HAVE_FCNTL_H 1
| #define HAVE_STDARG_H 1
| #define HAVE_INTTYPES_H 1
| #define HAVE_STDINT_H 1
| #define HAVE_STDDEF_H 1
| #define HAVE_POLL_H 1
| #define HAVE_UNISTD_H 1
| #define HAVE_SYS_EPOLL_H 1
| #define HAVE_SYS_TIME_H 1
| #define HAVE_SYS_QUEUE_H 1
| #define HAVE_SYS_PARAM_H 1
| #define HAVE_SYS_IOCTL_H 1
| #define HAVE_SYS_SELECT_H 1
| #define HAVE_NETINET_IN_H 1
| #define HAVE_SYS_SOCKET_H 1
| #define HAVE_SYS_UIO_H 1
| #define HAVE_ARPA_INET_H 1
| #define HAVE_SYS_EVENTFD_H 1
| #define HAVE_SYS_MMAN_H 1
| #define HAVE_SYS_SENDFILE_H 1
| #define HAVE_SYS_WAIT_H 1
| #define HAVE_NETDB_H 1
| #define HAVE_SYS_STAT_H 1
| #define HAVE_TAILQFOREACH 1
| #define HAVE_TIMERADD 1
| #define HAVE_TIMERCMP 1
| #define HAVE_TIMERCLEAR 1
| #define HAVE_TIMERISSET 1
| #define TIME_WITH_SYS_TIME 1
| #define HAVE_GETTIMEOFDAY 1
| #define HAVE_VASPRINTF 1
| #define HAVE_FCNTL 1
| #define HAVE_CLOCK_GETTIME 1
| #define HAVE_STRTOK_R 1
| #define HAVE_STRSEP 1
| #define HAVE_GETNAMEINFO 1
| #define HAVE_STRLCPY 1
| #define HAVE_INET_NTOP 1
| #define HAVE_INET_PTON 1
| #define HAVE_SIGNAL 1
| #define HAVE_SIGACTION 1
| #define HAVE_STRTOLL 1
| #define HAVE_INET_ATON 1
| #define HAVE_PIPE 1
| #define HAVE_EVENTFD 1
| #define HAVE_SENDFILE 1
| #define HAVE_MMAP 1
| #define HAVE_SPLICE 1
| #define HAVE_ISSETUGID 1
| #define HAVE_GETEUID 1
| #define HAVE_GETEGID 1
| #define HAVE_GETPROTOBYNUMBER 1
| #define HAVE_SETENV 1
| #define HAVE_UNSETENV 1
| #define HAVE_PUTENV 1
| #define HAVE_UMASK 1
| #define HAVE_GETADDRINFO 1
| #define SIZEOF_LONG 4
| #define HAVE_SETFD 1
| #define HAVE_SELECT 1
| #define HAVE_POLL 1
| #define HAVE_EPOLL_CTL 1
| #define HAVE_EPOLL 1
| #define HAVE_UINT64_T 1
| /* end confdefs.h.  */
| #ifdef HAVE_STDINT_H
| #include <stdint.h>
| #elif defined(HAVE_INTTYPES_H)
| #include <inttypes.h>
| #endif
| #ifdef HAVE_SYS_TYPES_H
| #include <sys/types.h>
| #endif
| 
| int
| main ()
| {
| if (sizeof ((uint32_t)))
| 	    return 0;
|   ;
|   return 0;
| }
configure:14319: result: yes
configure:14336: checking for uint16_t
configure:14336: /opt/lede-toolchain-ramips-mt7621_gcc-5.4.0_musl-1.1.24.Linux-x86_64/toolchain-mipsel_24kc_gcc-5.4.0_musl-1.1.24/bin/mipsel-openwrt-linux-musl-gcc -c -g -O2 -I/repo/Fail_GPL/asuswrt/release/src-ra-openwrt-4210/router/mipsel-musl/stage/usr/include -Wall -fno-strict-aliasing  conftest.c >&5
configure:14336: $? = 0
configure:14336: /opt/lede-toolchain-ramips-mt7621_gcc-5.4.0_musl-1.1.24.Linux-x86_64/toolchain-mipsel_24kc_gcc-5.4.0_musl-1.1.24/bin/mipsel-openwrt-linux-musl-gcc -c -g -O2 -I/repo/Fail_GPL/asuswrt/release/src-ra-openwrt-4210/router/mipsel-musl/stage/usr/include -Wall -fno-strict-aliasing  conftest.c >&5
conftest.c: In function 'main':
conftest.c:105:23: error: expected expression before ')' token
 if (sizeof ((uint16_t)))
                       ^
configure:14336: $? = 1
configure: failed program was:
| /* confdefs.h */
| #define PACKAGE_NAME ""
| #define PACKAGE_TARNAME ""
| #define PACKAGE_VERSION ""
| #define PACKAGE_STRING ""
| #define PACKAGE_BUGREPORT ""
| #define PACKAGE_URL ""
| #define PACKAGE "libevent"
| #define VERSION "2.0.22-stable"
| #define NUMERIC_VERSION 0x02001600
| #define STDC_HEADERS 1
| #define HAVE_SYS_TYPES_H 1
| #define HAVE_SYS_STAT_H 1
| #define HAVE_STDLIB_H 1
| #define HAVE_STRING_H 1
| #define HAVE_MEMORY_H 1
| #define HAVE_STRINGS_H 1
| #define HAVE_INTTYPES_H 1
| #define HAVE_STDINT_H 1
| #define HAVE_UNISTD_H 1
| #define HAVE_DLFCN_H 1
| #define LT_OBJDIR ".libs/"
| #define HAVE_ZLIB_H 1
| #define HAVE_LIBZ 1
| #define HAVE_OPENSSL_BIO_H 1
| #define STDC_HEADERS 1
| #define HAVE_FCNTL_H 1
| #define HAVE_STDARG_H 1
| #define HAVE_INTTYPES_H 1
| #define HAVE_STDINT_H 1
| #define HAVE_STDDEF_H 1
| #define HAVE_POLL_H 1
| #define HAVE_UNISTD_H 1
| #define HAVE_SYS_EPOLL_H 1
| #define HAVE_SYS_TIME_H 1
| #define HAVE_SYS_QUEUE_H 1
| #define HAVE_SYS_PARAM_H 1
| #define HAVE_SYS_IOCTL_H 1
| #define HAVE_SYS_SELECT_H 1
| #define HAVE_NETINET_IN_H 1
| #define HAVE_SYS_SOCKET_H 1
| #define HAVE_SYS_UIO_H 1
| #define HAVE_ARPA_INET_H 1
| #define HAVE_SYS_EVENTFD_H 1
| #define HAVE_SYS_MMAN_H 1
| #define HAVE_SYS_SENDFILE_H 1
| #define HAVE_SYS_WAIT_H 1
| #define HAVE_NETDB_H 1
| #define HAVE_SYS_STAT_H 1
| #define HAVE_TAILQFOREACH 1
| #define HAVE_TIMERADD 1
| #define HAVE_TIMERCMP 1
| #define HAVE_TIMERCLEAR 1
| #define HAVE_TIMERISSET 1
| #define TIME_WITH_SYS_TIME 1
| #define HAVE_GETTIMEOFDAY 1
| #define HAVE_VASPRINTF 1
| #define HAVE_FCNTL 1
| #define HAVE_CLOCK_GETTIME 1
| #define HAVE_STRTOK_R 1
| #define HAVE_STRSEP 1
| #define HAVE_GETNAMEINFO 1
| #define HAVE_STRLCPY 1
| #define HAVE_INET_NTOP 1
| #define HAVE_INET_PTON 1
| #define HAVE_SIGNAL 1
| #define HAVE_SIGACTION 1
| #define HAVE_STRTOLL 1
| #define HAVE_INET_ATON 1
| #define HAVE_PIPE 1
| #define HAVE_EVENTFD 1
| #define HAVE_SENDFILE 1
| #define HAVE_MMAP 1
| #define HAVE_SPLICE 1
| #define HAVE_ISSETUGID 1
| #define HAVE_GETEUID 1
| #define HAVE_GETEGID 1
| #define HAVE_GETPROTOBYNUMBER 1
| #define HAVE_SETENV 1
| #define HAVE_UNSETENV 1
| #define HAVE_PUTENV 1
| #define HAVE_UMASK 1
| #define HAVE_GETADDRINFO 1
| #define SIZEOF_LONG 4
| #define HAVE_SETFD 1
| #define HAVE_SELECT 1
| #define HAVE_POLL 1
| #define HAVE_EPOLL_CTL 1
| #define HAVE_EPOLL 1
| #define HAVE_UINT64_T 1
| #define HAVE_UINT32_T 1
| /* end confdefs.h.  */
| #ifdef HAVE_STDINT_H
| #include <stdint.h>
| #elif defined(HAVE_INTTYPES_H)
| #include <inttypes.h>
| #endif
| #ifdef HAVE_SYS_TYPES_H
| #include <sys/types.h>
| #endif
| 
| int
| main ()
| {
| if (sizeof ((uint16_t)))
| 	    return 0;
|   ;
|   return 0;
| }
configure:14336: result: yes
configure:14353: checking for uint8_t
configure:14353: /opt/lede-toolchain-ramips-mt7621_gcc-5.4.0_musl-1.1.24.Linux-x86_64/toolchain-mipsel_24kc_gcc-5.4.0_musl-1.1.24/bin/mipsel-openwrt-linux-musl-gcc -c -g -O2 -I/repo/Fail_GPL/asuswrt/release/src-ra-openwrt-4210/router/mipsel-musl/stage/usr/include -Wall -fno-strict-aliasing  conftest.c >&5
configure:14353: $? = 0
configure:14353: /opt/lede-toolchain-ramips-mt7621_gcc-5.4.0_musl-1.1.24.Linux-x86_64/toolchain-mipsel_24kc_gcc-5.4.0_musl-1.1.24/bin/mipsel-openwrt-linux-musl-gcc -c -g -O2 -I/repo/Fail_GPL/asuswrt/release/src-ra-openwrt-4210/router/mipsel-musl/stage/usr/include -Wall -fno-strict-aliasing  conftest.c >&5
conftest.c: In function 'main':
conftest.c:106:22: error: expected expression before ')' token
 if (sizeof ((uint8_t)))
                      ^
configure:14353: $? = 1
configure: failed program was:
| /* confdefs.h */
| #define PACKAGE_NAME ""
| #define PACKAGE_TARNAME ""
| #define PACKAGE_VERSION ""
| #define PACKAGE_STRING ""
| #define PACKAGE_BUGREPORT ""
| #define PACKAGE_URL ""
| #define PACKAGE "libevent"
| #define VERSION "2.0.22-stable"
| #define NUMERIC_VERSION 0x02001600
| #define STDC_HEADERS 1
| #define HAVE_SYS_TYPES_H 1
| #define HAVE_SYS_STAT_H 1
| #define HAVE_STDLIB_H 1
| #define HAVE_STRING_H 1
| #define HAVE_MEMORY_H 1
| #define HAVE_STRINGS_H 1
| #define HAVE_INTTYPES_H 1
| #define HAVE_STDINT_H 1
| #define HAVE_UNISTD_H 1
| #define HAVE_DLFCN_H 1
| #define LT_OBJDIR ".libs/"
| #define HAVE_ZLIB_H 1
| #define HAVE_LIBZ 1
| #define HAVE_OPENSSL_BIO_H 1
| #define STDC_HEADERS 1
| #define HAVE_FCNTL_H 1
| #define HAVE_STDARG_H 1
| #define HAVE_INTTYPES_H 1
| #define HAVE_STDINT_H 1
| #define HAVE_STDDEF_H 1
| #define HAVE_POLL_H 1
| #define HAVE_UNISTD_H 1
| #define HAVE_SYS_EPOLL_H 1
| #define HAVE_SYS_TIME_H 1
| #define HAVE_SYS_QUEUE_H 1
| #define HAVE_SYS_PARAM_H 1
| #define HAVE_SYS_IOCTL_H 1
| #define HAVE_SYS_SELECT_H 1
| #define HAVE_NETINET_IN_H 1
| #define HAVE_SYS_SOCKET_H 1
| #define HAVE_SYS_UIO_H 1
| #define HAVE_ARPA_INET_H 1
| #define HAVE_SYS_EVENTFD_H 1
| #define HAVE_SYS_MMAN_H 1
| #define HAVE_SYS_SENDFILE_H 1
| #define HAVE_SYS_WAIT_H 1
| #define HAVE_NETDB_H 1
| #define HAVE_SYS_STAT_H 1
| #define HAVE_TAILQFOREACH 1
| #define HAVE_TIMERADD 1
| #define HAVE_TIMERCMP 1
| #define HAVE_TIMERCLEAR 1
| #define HAVE_TIMERISSET 1
| #define TIME_WITH_SYS_TIME 1
| #define HAVE_GETTIMEOFDAY 1
| #define HAVE_VASPRINTF 1
| #define HAVE_FCNTL 1
| #define HAVE_CLOCK_GETTIME 1
| #define HAVE_STRTOK_R 1
| #define HAVE_STRSEP 1
| #define HAVE_GETNAMEINFO 1
| #define HAVE_STRLCPY 1
| #define HAVE_INET_NTOP 1
| #define HAVE_INET_PTON 1
| #define HAVE_SIGNAL 1
| #define HAVE_SIGACTION 1
| #define HAVE_STRTOLL 1
| #define HAVE_INET_ATON 1
| #define HAVE_PIPE 1
| #define HAVE_EVENTFD 1
| #define HAVE_SENDFILE 1
| #define HAVE_MMAP 1
| #define HAVE_SPLICE 1
| #define HAVE_ISSETUGID 1
| #define HAVE_GETEUID 1
| #define HAVE_GETEGID 1
| #define HAVE_GETPROTOBYNUMBER 1
| #define HAVE_SETENV 1
| #define HAVE_UNSETENV 1
| #define HAVE_PUTENV 1
| #define HAVE_UMASK 1
| #define HAVE_GETADDRINFO 1
| #define SIZEOF_LONG 4
| #define HAVE_SETFD 1
| #define HAVE_SELECT 1
| #define HAVE_POLL 1
| #define HAVE_EPOLL_CTL 1
| #define HAVE_EPOLL 1
| #define HAVE_UINT64_T 1
| #define HAVE_UINT32_T 1
| #define HAVE_UINT16_T 1
| /* end confdefs.h.  */
| #ifdef HAVE_STDINT_H
| #include <stdint.h>
| #elif defined(HAVE_INTTYPES_H)
| #include <inttypes.h>
| #endif
| #ifdef HAVE_SYS_TYPES_H
| #include <sys/types.h>
| #endif
| 
| int
| main ()
| {
| if (sizeof ((uint8_t)))
| 	    return 0;
|   ;
|   return 0;
| }
configure:14353: result: yes
configure:14370: checking for uintptr_t
configure:14370: /opt/lede-toolchain-ramips-mt7621_gcc-5.4.0_musl-1.1.24.Linux-x86_64/toolchain-mipsel_24kc_gcc-5.4.0_musl-1.1.24/bin/mipsel-openwrt-linux-musl-gcc -c -g -O2 -I/repo/Fail_GPL/asuswrt/release/src-ra-openwrt-4210/router/mipsel-musl/stage/usr/include -Wall -fno-strict-aliasing  conftest.c >&5
configure:14370: $? = 0
configure:14370: /opt/lede-toolchain-ramips-mt7621_gcc-5.4.0_musl-1.1.24.Linux-x86_64/toolchain-mipsel_24kc_gcc-5.4.0_musl-1.1.24/bin/mipsel-openwrt-linux-musl-gcc -c -g -O2 -I/repo/Fail_GPL/asuswrt/release/src-ra-openwrt-4210/router/mipsel-musl/stage/usr/include -Wall -fno-strict-aliasing  conftest.c >&5
conftest.c: In function 'main':
conftest.c:107:24: error: expected expression before ')' token
 if (sizeof ((uintptr_t)))
                        ^
configure:14370: $? = 1
configure: failed program was:
| /* confdefs.h */
| #define PACKAGE_NAME ""
| #define PACKAGE_TARNAME ""
| #define PACKAGE_VERSION ""
| #define PACKAGE_STRING ""
| #define PACKAGE_BUGREPORT ""
| #define PACKAGE_URL ""
| #define PACKAGE "libevent"
| #define VERSION "2.0.22-stable"
| #define NUMERIC_VERSION 0x02001600
| #define STDC_HEADERS 1
| #define HAVE_SYS_TYPES_H 1
| #define HAVE_SYS_STAT_H 1
| #define HAVE_STDLIB_H 1
| #define HAVE_STRING_H 1
| #define HAVE_MEMORY_H 1
| #define HAVE_STRINGS_H 1
| #define HAVE_INTTYPES_H 1
| #define HAVE_STDINT_H 1
| #define HAVE_UNISTD_H 1
| #define HAVE_DLFCN_H 1
| #define LT_OBJDIR ".libs/"
| #define HAVE_ZLIB_H 1
| #define HAVE_LIBZ 1
| #define HAVE_OPENSSL_BIO_H 1
| #define STDC_HEADERS 1
| #define HAVE_FCNTL_H 1
| #define HAVE_STDARG_H 1
| #define HAVE_INTTYPES_H 1
| #define HAVE_STDINT_H 1
| #define HAVE_STDDEF_H 1
| #define HAVE_POLL_H 1
| #define HAVE_UNISTD_H 1
| #define HAVE_SYS_EPOLL_H 1
| #define HAVE_SYS_TIME_H 1
| #define HAVE_SYS_QUEUE_H 1
| #define HAVE_SYS_PARAM_H 1
| #define HAVE_SYS_IOCTL_H 1
| #define HAVE_SYS_SELECT_H 1
| #define HAVE_NETINET_IN_H 1
| #define HAVE_SYS_SOCKET_H 1
| #define HAVE_SYS_UIO_H 1
| #define HAVE_ARPA_INET_H 1
| #define HAVE_SYS_EVENTFD_H 1
| #define HAVE_SYS_MMAN_H 1
| #define HAVE_SYS_SENDFILE_H 1
| #define HAVE_SYS_WAIT_H 1
| #define HAVE_NETDB_H 1
| #define HAVE_SYS_STAT_H 1
| #define HAVE_TAILQFOREACH 1
| #define HAVE_TIMERADD 1
| #define HAVE_TIMERCMP 1
| #define HAVE_TIMERCLEAR 1
| #define HAVE_TIMERISSET 1
| #define TIME_WITH_SYS_TIME 1
| #define HAVE_GETTIMEOFDAY 1
| #define HAVE_VASPRINTF 1
| #define HAVE_FCNTL 1
| #define HAVE_CLOCK_GETTIME 1
| #define HAVE_STRTOK_R 1
| #define HAVE_STRSEP 1
| #define HAVE_GETNAMEINFO 1
| #define HAVE_STRLCPY 1
| #define HAVE_INET_NTOP 1
| #define HAVE_INET_PTON 1
| #define HAVE_SIGNAL 1
| #define HAVE_SIGACTION 1
| #define HAVE_STRTOLL 1
| #define HAVE_INET_ATON 1
| #define HAVE_PIPE 1
| #define HAVE_EVENTFD 1
| #define HAVE_SENDFILE 1
| #define HAVE_MMAP 1
| #define HAVE_SPLICE 1
| #define HAVE_ISSETUGID 1
| #define HAVE_GETEUID 1
| #define HAVE_GETEGID 1
| #define HAVE_GETPROTOBYNUMBER 1
| #define HAVE_SETENV 1
| #define HAVE_UNSETENV 1
| #define HAVE_PUTENV 1
| #define HAVE_UMASK 1
| #define HAVE_GETADDRINFO 1
| #define SIZEOF_LONG 4
| #define HAVE_SETFD 1
| #define HAVE_SELECT 1
| #define HAVE_POLL 1
| #define HAVE_EPOLL_CTL 1
| #define HAVE_EPOLL 1
| #define HAVE_UINT64_T 1
| #define HAVE_UINT32_T 1
| #define HAVE_UINT16_T 1
| #define HAVE_UINT8_T 1
| /* end confdefs.h.  */
| #ifdef HAVE_STDINT_H
| #include <stdint.h>
| #elif defined(HAVE_INTTYPES_H)
| #include <inttypes.h>
| #endif
| #ifdef HAVE_SYS_TYPES_H
| #include <sys/types.h>
| #endif
| 
| int
| main ()
| {
| if (sizeof ((uintptr_t)))
| 	    return 0;
|   ;
|   return 0;
| }
configure:14370: result: yes
configure:14389: checking for fd_mask
configure:14389: /opt/lede-toolchain-ramips-mt7621_gcc-5.4.0_musl-1.1.24.Linux-x86_64/toolchain-mipsel_24kc_gcc-5.4.0_musl-1.1.24/bin/mipsel-openwrt-linux-musl-gcc -c -g -O2 -I/repo/Fail_GPL/asuswrt/release/src-ra-openwrt-4210/router/mipsel-musl/stage/usr/include -Wall -fno-strict-aliasing  conftest.c >&5
configure:14389: $? = 0
configure:14389: /opt/lede-toolchain-ramips-mt7621_gcc-5.4.0_musl-1.1.24.Linux-x86_64/toolchain-mipsel_24kc_gcc-5.4.0_musl-1.1.24/bin/mipsel-openwrt-linux-musl-gcc -c -g -O2 -I/repo/Fail_GPL/asuswrt/release/src-ra-openwrt-4210/router/mipsel-musl/stage/usr/include -Wall -fno-strict-aliasing  conftest.c >&5
conftest.c: In function 'main':
conftest.c:106:22: error: expected expression before ')' token
 if (sizeof ((fd_mask)))
                      ^
configure:14389: $? = 1
configure: failed program was:
| /* confdefs.h */
| #define PACKAGE_NAME ""
| #define PACKAGE_TARNAME ""
| #define PACKAGE_VERSION ""
| #define PACKAGE_STRING ""
| #define PACKAGE_BUGREPORT ""
| #define PACKAGE_URL ""
| #define PACKAGE "libevent"
| #define VERSION "2.0.22-stable"
| #define NUMERIC_VERSION 0x02001600
| #define STDC_HEADERS 1
| #define HAVE_SYS_TYPES_H 1
| #define HAVE_SYS_STAT_H 1
| #define HAVE_STDLIB_H 1
| #define HAVE_STRING_H 1
| #define HAVE_MEMORY_H 1
| #define HAVE_STRINGS_H 1
| #define HAVE_INTTYPES_H 1
| #define HAVE_STDINT_H 1
| #define HAVE_UNISTD_H 1
| #define HAVE_DLFCN_H 1
| #define LT_OBJDIR ".libs/"
| #define HAVE_ZLIB_H 1
| #define HAVE_LIBZ 1
| #define HAVE_OPENSSL_BIO_H 1
| #define STDC_HEADERS 1
| #define HAVE_FCNTL_H 1
| #define HAVE_STDARG_H 1
| #define HAVE_INTTYPES_H 1
| #define HAVE_STDINT_H 1
| #define HAVE_STDDEF_H 1
| #define HAVE_POLL_H 1
| #define HAVE_UNISTD_H 1
| #define HAVE_SYS_EPOLL_H 1
| #define HAVE_SYS_TIME_H 1
| #define HAVE_SYS_QUEUE_H 1
| #define HAVE_SYS_PARAM_H 1
| #define HAVE_SYS_IOCTL_H 1
| #define HAVE_SYS_SELECT_H 1
| #define HAVE_NETINET_IN_H 1
| #define HAVE_SYS_SOCKET_H 1
| #define HAVE_SYS_UIO_H 1
| #define HAVE_ARPA_INET_H 1
| #define HAVE_SYS_EVENTFD_H 1
| #define HAVE_SYS_MMAN_H 1
| #define HAVE_SYS_SENDFILE_H 1
| #define HAVE_SYS_WAIT_H 1
| #define HAVE_NETDB_H 1
| #define HAVE_SYS_STAT_H 1
| #define HAVE_TAILQFOREACH 1
| #define HAVE_TIMERADD 1
| #define HAVE_TIMERCMP 1
| #define HAVE_TIMERCLEAR 1
| #define HAVE_TIMERISSET 1
| #define TIME_WITH_SYS_TIME 1
| #define HAVE_GETTIMEOFDAY 1
| #define HAVE_VASPRINTF 1
| #define HAVE_FCNTL 1
| #define HAVE_CLOCK_GETTIME 1
| #define HAVE_STRTOK_R 1
| #define HAVE_STRSEP 1
| #define HAVE_GETNAMEINFO 1
| #define HAVE_STRLCPY 1
| #define HAVE_INET_NTOP 1
| #define HAVE_INET_PTON 1
| #define HAVE_SIGNAL 1
| #define HAVE_SIGACTION 1
| #define HAVE_STRTOLL 1
| #define HAVE_INET_ATON 1
| #define HAVE_PIPE 1
| #define HAVE_EVENTFD 1
| #define HAVE_SENDFILE 1
| #define HAVE_MMAP 1
| #define HAVE_SPLICE 1
| #define HAVE_ISSETUGID 1
| #define HAVE_GETEUID 1
| #define HAVE_GETEGID 1
| #define HAVE_GETPROTOBYNUMBER 1
| #define HAVE_SETENV 1
| #define HAVE_UNSETENV 1
| #define HAVE_PUTENV 1
| #define HAVE_UMASK 1
| #define HAVE_GETADDRINFO 1
| #define SIZEOF_LONG 4
| #define HAVE_SETFD 1
| #define HAVE_SELECT 1
| #define HAVE_POLL 1
| #define HAVE_EPOLL_CTL 1
| #define HAVE_EPOLL 1
| #define HAVE_UINT64_T 1
| #define HAVE_UINT32_T 1
| #define HAVE_UINT16_T 1
| #define HAVE_UINT8_T 1
| #define HAVE_UINTPTR_T 1
| /* end confdefs.h.  */
| #ifdef HAVE_SYS_TYPES_H
| #include <sys/types.h>
| #endif
| #ifdef HAVE_SYS_SELECT_H
| #include <sys/select.h>
| #endif
| 
| int
| main ()
| {
| if (sizeof ((fd_mask)))
| 	    return 0;
|   ;
|   return 0;
| }
configure:14389: result: yes
configure:14410: checking size of long long
configure:14415: /opt/lede-toolchain-ramips-mt7621_gcc-5.4.0_musl-1.1.24.Linux-x86_64/toolchain-mipsel_24kc_gcc-5.4.0_musl-1.1.24/bin/mipsel-openwrt-linux-musl-gcc -c -g -O2 -I/repo/Fail_GPL/asuswrt/release/src-ra-openwrt-4210/router/mipsel-musl/stage/usr/include -Wall -fno-strict-aliasing  conftest.c >&5
configure:14415: $? = 0
configure:14415: /opt/lede-toolchain-ramips-mt7621_gcc-5.4.0_musl-1.1.24.Linux-x86_64/toolchain-mipsel_24kc_gcc-5.4.0_musl-1.1.24/bin/mipsel-openwrt-linux-musl-gcc -c -g -O2 -I/repo/Fail_GPL/asuswrt/release/src-ra-openwrt-4210/router/mipsel-musl/stage/usr/include -Wall -fno-strict-aliasing  conftest.c >&5
conftest.c: In function 'main':
conftest.c:133:12: error: size of array 'test_array' is negative
 static int test_array [1 - 2 * !(((long int) (sizeof (long long))) <= 0)];
            ^
configure:14415: $? = 1
configure: failed program was:
| /* confdefs.h */
| #define PACKAGE_NAME ""
| #define PACKAGE_TARNAME ""
| #define PACKAGE_VERSION ""
| #define PACKAGE_STRING ""
| #define PACKAGE_BUGREPORT ""
| #define PACKAGE_URL ""
| #define PACKAGE "libevent"
| #define VERSION "2.0.22-stable"
| #define NUMERIC_VERSION 0x02001600
| #define STDC_HEADERS 1
| #define HAVE_SYS_TYPES_H 1
| #define HAVE_SYS_STAT_H 1
| #define HAVE_STDLIB_H 1
| #define HAVE_STRING_H 1
| #define HAVE_MEMORY_H 1
| #define HAVE_STRINGS_H 1
| #define HAVE_INTTYPES_H 1
| #define HAVE_STDINT_H 1
| #define HAVE_UNISTD_H 1
| #define HAVE_DLFCN_H 1
| #define LT_OBJDIR ".libs/"
| #define HAVE_ZLIB_H 1
| #define HAVE_LIBZ 1
| #define HAVE_OPENSSL_BIO_H 1
| #define STDC_HEADERS 1
| #define HAVE_FCNTL_H 1
| #define HAVE_STDARG_H 1
| #define HAVE_INTTYPES_H 1
| #define HAVE_STDINT_H 1
| #define HAVE_STDDEF_H 1
| #define HAVE_POLL_H 1
| #define HAVE_UNISTD_H 1
| #define HAVE_SYS_EPOLL_H 1
| #define HAVE_SYS_TIME_H 1
| #define HAVE_SYS_QUEUE_H 1
| #define HAVE_SYS_PARAM_H 1
| #define HAVE_SYS_IOCTL_H 1
| #define HAVE_SYS_SELECT_H 1
| #define HAVE_NETINET_IN_H 1
| #define HAVE_SYS_SOCKET_H 1
| #define HAVE_SYS_UIO_H 1
| #define HAVE_ARPA_INET_H 1
| #define HAVE_SYS_EVENTFD_H 1
| #define HAVE_SYS_MMAN_H 1
| #define HAVE_SYS_SENDFILE_H 1
| #define HAVE_SYS_WAIT_H 1
| #define HAVE_NETDB_H 1
| #define HAVE_SYS_STAT_H 1
| #define HAVE_TAILQFOREACH 1
| #define HAVE_TIMERADD 1
| #define HAVE_TIMERCMP 1
| #define HAVE_TIMERCLEAR 1
| #define HAVE_TIMERISSET 1
| #define TIME_WITH_SYS_TIME 1
| #define HAVE_GETTIMEOFDAY 1
| #define HAVE_VASPRINTF 1
| #define HAVE_FCNTL 1
| #define HAVE_CLOCK_GETTIME 1
| #define HAVE_STRTOK_R 1
| #define HAVE_STRSEP 1
| #define HAVE_GETNAMEINFO 1
| #define HAVE_STRLCPY 1
| #define HAVE_INET_NTOP 1
| #define HAVE_INET_PTON 1
| #define HAVE_SIGNAL 1
| #define HAVE_SIGACTION 1
| #define HAVE_STRTOLL 1
| #define HAVE_INET_ATON 1
| #define HAVE_PIPE 1
| #define HAVE_EVENTFD 1
| #define HAVE_SENDFILE 1
| #define HAVE_MMAP 1
| #define HAVE_SPLICE 1
| #define HAVE_ISSETUGID 1
| #define HAVE_GETEUID 1
| #define HAVE_GETEGID 1
| #define HAVE_GETPROTOBYNUMBER 1
| #define HAVE_SETENV 1
| #define HAVE_UNSETENV 1
| #define HAVE_PUTENV 1
| #define HAVE_UMASK 1
| #define HAVE_GETADDRINFO 1
| #define SIZEOF_LONG 4
| #define HAVE_SETFD 1
| #define HAVE_SELECT 1
| #define HAVE_POLL 1
| #define HAVE_EPOLL_CTL 1
| #define HAVE_EPOLL 1
| #define HAVE_UINT64_T 1
| #define HAVE_UINT32_T 1
| #define HAVE_UINT16_T 1
| #define HAVE_UINT8_T 1
| #define HAVE_UINTPTR_T 1
| #define HAVE_FD_MASK 1
| /* end confdefs.h.  */
| #include <stdio.h>
| #ifdef HAVE_SYS_TYPES_H
| # include <sys/types.h>
| #endif
| #ifdef HAVE_SYS_STAT_H
| # include <sys/stat.h>
| #endif
| #ifdef STDC_HEADERS
| # include <stdlib.h>
| # include <stddef.h>
| #else
| # ifdef HAVE_STDLIB_H
| #  include <stdlib.h>
| # endif
| #endif
| #ifdef HAVE_STRING_H
| # if !defined STDC_HEADERS && defined HAVE_MEMORY_H
| #  include <memory.h>
| # endif
| # include <string.h>
| #endif
| #ifdef HAVE_STRINGS_H
| # include <strings.h>
| #endif
| #ifdef HAVE_INTTYPES_H
| # include <inttypes.h>
| #endif
| #ifdef HAVE_STDINT_H
| # include <stdint.h>
| #endif
| #ifdef HAVE_UNISTD_H
| # include <unistd.h>
| #endif
| int
| main ()
| {
| static int test_array [1 - 2 * !(((long int) (sizeof (long long))) <= 0)];
| test_array [0] = 0;
| return test_array [0];
| 
|   ;
|   return 0;
| }
configure:14415: /opt/lede-toolchain-ramips-mt7621_gcc-5.4.0_musl-1.1.24.Linux-x86_64/toolchain-mipsel_24kc_gcc-5.4.0_musl-1.1.24/bin/mipsel-openwrt-linux-musl-gcc -c -g -O2 -I/repo/Fail_GPL/asuswrt/release/src-ra-openwrt-4210/router/mipsel-musl/stage/usr/include -Wall -fno-strict-aliasing  conftest.c >&5
conftest.c: In function 'main':
conftest.c:133:12: error: size of array 'test_array' is negative
 static int test_array [1 - 2 * !(((long int) (sizeof (long long))) <= 1)];
            ^
configure:14415: $? = 1
configure: failed program was:
| /* confdefs.h */
| #define PACKAGE_NAME ""
| #define PACKAGE_TARNAME ""
| #define PACKAGE_VERSION ""
| #define PACKAGE_STRING ""
| #define PACKAGE_BUGREPORT ""
| #define PACKAGE_URL ""
| #define PACKAGE "libevent"
| #define VERSION "2.0.22-stable"
| #define NUMERIC_VERSION 0x02001600
| #define STDC_HEADERS 1
| #define HAVE_SYS_TYPES_H 1
| #define HAVE_SYS_STAT_H 1
| #define HAVE_STDLIB_H 1
| #define HAVE_STRING_H 1
| #define HAVE_MEMORY_H 1
| #define HAVE_STRINGS_H 1
| #define HAVE_INTTYPES_H 1
| #define HAVE_STDINT_H 1
| #define HAVE_UNISTD_H 1
| #define HAVE_DLFCN_H 1
| #define LT_OBJDIR ".libs/"
| #define HAVE_ZLIB_H 1
| #define HAVE_LIBZ 1
| #define HAVE_OPENSSL_BIO_H 1
| #define STDC_HEADERS 1
| #define HAVE_FCNTL_H 1
| #define HAVE_STDARG_H 1
| #define HAVE_INTTYPES_H 1
| #define HAVE_STDINT_H 1
| #define HAVE_STDDEF_H 1
| #define HAVE_POLL_H 1
| #define HAVE_UNISTD_H 1
| #define HAVE_SYS_EPOLL_H 1
| #define HAVE_SYS_TIME_H 1
| #define HAVE_SYS_QUEUE_H 1
| #define HAVE_SYS_PARAM_H 1
| #define HAVE_SYS_IOCTL_H 1
| #define HAVE_SYS_SELECT_H 1
| #define HAVE_NETINET_IN_H 1
| #define HAVE_SYS_SOCKET_H 1
| #define HAVE_SYS_UIO_H 1
| #define HAVE_ARPA_INET_H 1
| #define HAVE_SYS_EVENTFD_H 1
| #define HAVE_SYS_MMAN_H 1
| #define HAVE_SYS_SENDFILE_H 1
| #define HAVE_SYS_WAIT_H 1
| #define HAVE_NETDB_H 1
| #define HAVE_SYS_STAT_H 1
| #define HAVE_TAILQFOREACH 1
| #define HAVE_TIMERADD 1
| #define HAVE_TIMERCMP 1
| #define HAVE_TIMERCLEAR 1
| #define HAVE_TIMERISSET 1
| #define TIME_WITH_SYS_TIME 1
| #define HAVE_GETTIMEOFDAY 1
| #define HAVE_VASPRINTF 1
| #define HAVE_FCNTL 1
| #define HAVE_CLOCK_GETTIME 1
| #define HAVE_STRTOK_R 1
| #define HAVE_STRSEP 1
| #define HAVE_GETNAMEINFO 1
| #define HAVE_STRLCPY 1
| #define HAVE_INET_NTOP 1
| #define HAVE_INET_PTON 1
| #define HAVE_SIGNAL 1
| #define HAVE_SIGACTION 1
| #define HAVE_STRTOLL 1
| #define HAVE_INET_ATON 1
| #define HAVE_PIPE 1
| #define HAVE_EVENTFD 1
| #define HAVE_SENDFILE 1
| #define HAVE_MMAP 1
| #define HAVE_SPLICE 1
| #define HAVE_ISSETUGID 1
| #define HAVE_GETEUID 1
| #define HAVE_GETEGID 1
| #define HAVE_GETPROTOBYNUMBER 1
| #define HAVE_SETENV 1
| #define HAVE_UNSETENV 1
| #define HAVE_PUTENV 1
| #define HAVE_UMASK 1
| #define HAVE_GETADDRINFO 1
| #define SIZEOF_LONG 4
| #define HAVE_SETFD 1
| #define HAVE_SELECT 1
| #define HAVE_POLL 1
| #define HAVE_EPOLL_CTL 1
| #define HAVE_EPOLL 1
| #define HAVE_UINT64_T 1
| #define HAVE_UINT32_T 1
| #define HAVE_UINT16_T 1
| #define HAVE_UINT8_T 1
| #define HAVE_UINTPTR_T 1
| #define HAVE_FD_MASK 1
| /* end confdefs.h.  */
| #include <stdio.h>
| #ifdef HAVE_SYS_TYPES_H
| # include <sys/types.h>
| #endif
| #ifdef HAVE_SYS_STAT_H
| # include <sys/stat.h>
| #endif
| #ifdef STDC_HEADERS
| # include <stdlib.h>
| # include <stddef.h>
| #else
| # ifdef HAVE_STDLIB_H
| #  include <stdlib.h>
| # endif
| #endif
| #ifdef HAVE_STRING_H
| # if !defined STDC_HEADERS && defined HAVE_MEMORY_H
| #  include <memory.h>
| # endif
| # include <string.h>
| #endif
| #ifdef HAVE_STRINGS_H
| # include <strings.h>
| #endif
| #ifdef HAVE_INTTYPES_H
| # include <inttypes.h>
| #endif
| #ifdef HAVE_STDINT_H
| # include <stdint.h>
| #endif
| #ifdef HAVE_UNISTD_H
| # include <unistd.h>
| #endif
| int
| main ()
| {
| static int test_array [1 - 2 * !(((long int) (sizeof (long long))) <= 1)];
| test_array [0] = 0;
| return test_array [0];
| 
|   ;
|   return 0;
| }
configure:14415: /opt/lede-toolchain-ramips-mt7621_gcc-5.4.0_musl-1.1.24.Linux-x86_64/toolchain-mipsel_24kc_gcc-5.4.0_musl-1.1.24/bin/mipsel-openwrt-linux-musl-gcc -c -g -O2 -I/repo/Fail_GPL/asuswrt/release/src-ra-openwrt-4210/router/mipsel-musl/stage/usr/include -Wall -fno-strict-aliasing  conftest.c >&5
conftest.c: In function 'main':
conftest.c:133:12: error: size of array 'test_array' is negative
 static int test_array [1 - 2 * !(((long int) (sizeof (long long))) <= 3)];
            ^
configure:14415: $? = 1
configure: failed program was:
| /* confdefs.h */
| #define PACKAGE_NAME ""
| #define PACKAGE_TARNAME ""
| #define PACKAGE_VERSION ""
| #define PACKAGE_STRING ""
| #define PACKAGE_BUGREPORT ""
| #define PACKAGE_URL ""
| #define PACKAGE "libevent"
| #define VERSION "2.0.22-stable"
| #define NUMERIC_VERSION 0x02001600
| #define STDC_HEADERS 1
| #define HAVE_SYS_TYPES_H 1
| #define HAVE_SYS_STAT_H 1
| #define HAVE_STDLIB_H 1
| #define HAVE_STRING_H 1
| #define HAVE_MEMORY_H 1
| #define HAVE_STRINGS_H 1
| #define HAVE_INTTYPES_H 1
| #define HAVE_STDINT_H 1
| #define HAVE_UNISTD_H 1
| #define HAVE_DLFCN_H 1
| #define LT_OBJDIR ".libs/"
| #define HAVE_ZLIB_H 1
| #define HAVE_LIBZ 1
| #define HAVE_OPENSSL_BIO_H 1
| #define STDC_HEADERS 1
| #define HAVE_FCNTL_H 1
| #define HAVE_STDARG_H 1
| #define HAVE_INTTYPES_H 1
| #define HAVE_STDINT_H 1
| #define HAVE_STDDEF_H 1
| #define HAVE_POLL_H 1
| #define HAVE_UNISTD_H 1
| #define HAVE_SYS_EPOLL_H 1
| #define HAVE_SYS_TIME_H 1
| #define HAVE_SYS_QUEUE_H 1
| #define HAVE_SYS_PARAM_H 1
| #define HAVE_SYS_IOCTL_H 1
| #define HAVE_SYS_SELECT_H 1
| #define HAVE_NETINET_IN_H 1
| #define HAVE_SYS_SOCKET_H 1
| #define HAVE_SYS_UIO_H 1
| #define HAVE_ARPA_INET_H 1
| #define HAVE_SYS_EVENTFD_H 1
| #define HAVE_SYS_MMAN_H 1
| #define HAVE_SYS_SENDFILE_H 1
| #define HAVE_SYS_WAIT_H 1
| #define HAVE_NETDB_H 1
| #define HAVE_SYS_STAT_H 1
| #define HAVE_TAILQFOREACH 1
| #define HAVE_TIMERADD 1
| #define HAVE_TIMERCMP 1
| #define HAVE_TIMERCLEAR 1
| #define HAVE_TIMERISSET 1
| #define TIME_WITH_SYS_TIME 1
| #define HAVE_GETTIMEOFDAY 1
| #define HAVE_VASPRINTF 1
| #define HAVE_FCNTL 1
| #define HAVE_CLOCK_GETTIME 1
| #define HAVE_STRTOK_R 1
| #define HAVE_STRSEP 1
| #define HAVE_GETNAMEINFO 1
| #define HAVE_STRLCPY 1
| #define HAVE_INET_NTOP 1
| #define HAVE_INET_PTON 1
| #define HAVE_SIGNAL 1
| #define HAVE_SIGACTION 1
| #define HAVE_STRTOLL 1
| #define HAVE_INET_ATON 1
| #define HAVE_PIPE 1
| #define HAVE_EVENTFD 1
| #define HAVE_SENDFILE 1
| #define HAVE_MMAP 1
| #define HAVE_SPLICE 1
| #define HAVE_ISSETUGID 1
| #define HAVE_GETEUID 1
| #define HAVE_GETEGID 1
| #define HAVE_GETPROTOBYNUMBER 1
| #define HAVE_SETENV 1
| #define HAVE_UNSETENV 1
| #define HAVE_PUTENV 1
| #define HAVE_UMASK 1
| #define HAVE_GETADDRINFO 1
| #define SIZEOF_LONG 4
| #define HAVE_SETFD 1
| #define HAVE_SELECT 1
| #define HAVE_POLL 1
| #define HAVE_EPOLL_CTL 1
| #define HAVE_EPOLL 1
| #define HAVE_UINT64_T 1
| #define HAVE_UINT32_T 1
| #define HAVE_UINT16_T 1
| #define HAVE_UINT8_T 1
| #define HAVE_UINTPTR_T 1
| #define HAVE_FD_MASK 1
| /* end confdefs.h.  */
| #include <stdio.h>
| #ifdef HAVE_SYS_TYPES_H
| # include <sys/types.h>
| #endif
| #ifdef HAVE_SYS_STAT_H
| # include <sys/stat.h>
| #endif
| #ifdef STDC_HEADERS
| # include <stdlib.h>
| # include <stddef.h>
| #else
| # ifdef HAVE_STDLIB_H
| #  include <stdlib.h>
| # endif
| #endif
| #ifdef HAVE_STRING_H
| # if !defined STDC_HEADERS && defined HAVE_MEMORY_H
| #  include <memory.h>
| # endif
| # include <string.h>
| #endif
| #ifdef HAVE_STRINGS_H
| # include <strings.h>
| #endif
| #ifdef HAVE_INTTYPES_H
| # include <inttypes.h>
| #endif
| #ifdef HAVE_STDINT_H
| # include <stdint.h>
| #endif
| #ifdef HAVE_UNISTD_H
| # include <unistd.h>
| #endif
| int
| main ()
| {
| static int test_array [1 - 2 * !(((long int) (sizeof (long long))) <= 3)];
| test_array [0] = 0;
| return test_array [0];
| 
|   ;
|   return 0;
| }
configure:14415: /opt/lede-toolchain-ramips-mt7621_gcc-5.4.0_musl-1.1.24.Linux-x86_64/toolchain-mipsel_24kc_gcc-5.4.0_musl-1.1.24/bin/mipsel-openwrt-linux-musl-gcc -c -g -O2 -I/repo/Fail_GPL/asuswrt/release/src-ra-openwrt-4210/router/mipsel-musl/stage/usr/include -Wall -fno-strict-aliasing  conftest.c >&5
conftest.c: In function 'main':
conftest.c:133:12: error: size of array 'test_array' is negative
 static int test_array [1 - 2 * !(((long int) (sizeof (long long))) <= 7)];
            ^
configure:14415: $? = 1
configure: failed program was:
| /* confdefs.h */
| #define PACKAGE_NAME ""
| #define PACKAGE_TARNAME ""
| #define PACKAGE_VERSION ""
| #define PACKAGE_STRING ""
| #define PACKAGE_BUGREPORT ""
| #define PACKAGE_URL ""
| #define PACKAGE "libevent"
| #define VERSION "2.0.22-stable"
| #define NUMERIC_VERSION 0x02001600
| #define STDC_HEADERS 1
| #define HAVE_SYS_TYPES_H 1
| #define HAVE_SYS_STAT_H 1
| #define HAVE_STDLIB_H 1
| #define HAVE_STRING_H 1
| #define HAVE_MEMORY_H 1
| #define HAVE_STRINGS_H 1
| #define HAVE_INTTYPES_H 1
| #define HAVE_STDINT_H 1
| #define HAVE_UNISTD_H 1
| #define HAVE_DLFCN_H 1
| #define LT_OBJDIR ".libs/"
| #define HAVE_ZLIB_H 1
| #define HAVE_LIBZ 1
| #define HAVE_OPENSSL_BIO_H 1
| #define STDC_HEADERS 1
| #define HAVE_FCNTL_H 1
| #define HAVE_STDARG_H 1
| #define HAVE_INTTYPES_H 1
| #define HAVE_STDINT_H 1
| #define HAVE_STDDEF_H 1
| #define HAVE_POLL_H 1
| #define HAVE_UNISTD_H 1
| #define HAVE_SYS_EPOLL_H 1
| #define HAVE_SYS_TIME_H 1
| #define HAVE_SYS_QUEUE_H 1
| #define HAVE_SYS_PARAM_H 1
| #define HAVE_SYS_IOCTL_H 1
| #define HAVE_SYS_SELECT_H 1
| #define HAVE_NETINET_IN_H 1
| #define HAVE_SYS_SOCKET_H 1
| #define HAVE_SYS_UIO_H 1
| #define HAVE_ARPA_INET_H 1
| #define HAVE_SYS_EVENTFD_H 1
| #define HAVE_SYS_MMAN_H 1
| #define HAVE_SYS_SENDFILE_H 1
| #define HAVE_SYS_WAIT_H 1
| #define HAVE_NETDB_H 1
| #define HAVE_SYS_STAT_H 1
| #define HAVE_TAILQFOREACH 1
| #define HAVE_TIMERADD 1
| #define HAVE_TIMERCMP 1
| #define HAVE_TIMERCLEAR 1
| #define HAVE_TIMERISSET 1
| #define TIME_WITH_SYS_TIME 1
| #define HAVE_GETTIMEOFDAY 1
| #define HAVE_VASPRINTF 1
| #define HAVE_FCNTL 1
| #define HAVE_CLOCK_GETTIME 1
| #define HAVE_STRTOK_R 1
| #define HAVE_STRSEP 1
| #define HAVE_GETNAMEINFO 1
| #define HAVE_STRLCPY 1
| #define HAVE_INET_NTOP 1
| #define HAVE_INET_PTON 1
| #define HAVE_SIGNAL 1
| #define HAVE_SIGACTION 1
| #define HAVE_STRTOLL 1
| #define HAVE_INET_ATON 1
| #define HAVE_PIPE 1
| #define HAVE_EVENTFD 1
| #define HAVE_SENDFILE 1
| #define HAVE_MMAP 1
| #define HAVE_SPLICE 1
| #define HAVE_ISSETUGID 1
| #define HAVE_GETEUID 1
| #define HAVE_GETEGID 1
| #define HAVE_GETPROTOBYNUMBER 1
| #define HAVE_SETENV 1
| #define HAVE_UNSETENV 1
| #define HAVE_PUTENV 1
| #define HAVE_UMASK 1
| #define HAVE_GETADDRINFO 1
| #define SIZEOF_LONG 4
| #define HAVE_SETFD 1
| #define HAVE_SELECT 1
| #define HAVE_POLL 1
| #define HAVE_EPOLL_CTL 1
| #define HAVE_EPOLL 1
| #define HAVE_UINT64_T 1
| #define HAVE_UINT32_T 1
| #define HAVE_UINT16_T 1
| #define HAVE_UINT8_T 1
| #define HAVE_UINTPTR_T 1
| #define HAVE_FD_MASK 1
| /* end confdefs.h.  */
| #include <stdio.h>
| #ifdef HAVE_SYS_TYPES_H
| # include <sys/types.h>
| #endif
| #ifdef HAVE_SYS_STAT_H
| # include <sys/stat.h>
| #endif
| #ifdef STDC_HEADERS
| # include <stdlib.h>
| # include <stddef.h>
| #else
| # ifdef HAVE_STDLIB_H
| #  include <stdlib.h>
| # endif
| #endif
| #ifdef HAVE_STRING_H
| # if !defined STDC_HEADERS && defined HAVE_MEMORY_H
| #  include <memory.h>
| # endif
| # include <string.h>
| #endif
| #ifdef HAVE_STRINGS_H
| # include <strings.h>
| #endif
| #ifdef HAVE_INTTYPES_H
| # include <inttypes.h>
| #endif
| #ifdef HAVE_STDINT_H
| # include <stdint.h>
| #endif
| #ifdef HAVE_UNISTD_H
| # include <unistd.h>
| #endif
| int
| main ()
| {
| static int test_array [1 - 2 * !(((long int) (sizeof (long long))) <= 7)];
| test_array [0] = 0;
| return test_array [0];
| 
|   ;
|   return 0;
| }
configure:14415: /opt/lede-toolchain-ramips-mt7621_gcc-5.4.0_musl-1.1.24.Linux-x86_64/toolchain-mipsel_24kc_gcc-5.4.0_musl-1.1.24/bin/mipsel-openwrt-linux-musl-gcc -c -g -O2 -I/repo/Fail_GPL/asuswrt/release/src-ra-openwrt-4210/router/mipsel-musl/stage/usr/include -Wall -fno-strict-aliasing  conftest.c >&5
configure:14415: $? = 0
configure:14415: /opt/lede-toolchain-ramips-mt7621_gcc-5.4.0_musl-1.1.24.Linux-x86_64/toolchain-mipsel_24kc_gcc-5.4.0_musl-1.1.24/bin/mipsel-openwrt-linux-musl-gcc -c -g -O2 -I/repo/Fail_GPL/asuswrt/release/src-ra-openwrt-4210/router/mipsel-musl/stage/usr/include -Wall -fno-strict-aliasing  conftest.c >&5
configure:14415: $? = 0
configure:14415: /opt/lede-toolchain-ramips-mt7621_gcc-5.4.0_musl-1.1.24.Linux-x86_64/toolchain-mipsel_24kc_gcc-5.4.0_musl-1.1.24/bin/mipsel-openwrt-linux-musl-gcc -c -g -O2 -I/repo/Fail_GPL/asuswrt/release/src-ra-openwrt-4210/router/mipsel-musl/stage/usr/include -Wall -fno-strict-aliasing  conftest.c >&5
configure:14415: $? = 0
configure:14415: /opt/lede-toolchain-ramips-mt7621_gcc-5.4.0_musl-1.1.24.Linux-x86_64/toolchain-mipsel_24kc_gcc-5.4.0_musl-1.1.24/bin/mipsel-openwrt-linux-musl-gcc -c -g -O2 -I/repo/Fail_GPL/asuswrt/release/src-ra-openwrt-4210/router/mipsel-musl/stage/usr/include -Wall -fno-strict-aliasing  conftest.c >&5
configure:14415: $? = 0
configure:14429: result: 8
configure:14443: checking size of long
configure:14462: result: 4
configure:14476: checking size of int
configure:14481: /opt/lede-toolchain-ramips-mt7621_gcc-5.4.0_musl-1.1.24.Linux-x86_64/toolchain-mipsel_24kc_gcc-5.4.0_musl-1.1.24/bin/mipsel-openwrt-linux-musl-gcc -c -g -O2 -I/repo/Fail_GPL/asuswrt/release/src-ra-openwrt-4210/router/mipsel-musl/stage/usr/include -Wall -fno-strict-aliasing  conftest.c >&5
configure:14481: $? = 0
configure:14481: /opt/lede-toolchain-ramips-mt7621_gcc-5.4.0_musl-1.1.24.Linux-x86_64/toolchain-mipsel_24kc_gcc-5.4.0_musl-1.1.24/bin/mipsel-openwrt-linux-musl-gcc -c -g -O2 -I/repo/Fail_GPL/asuswrt/release/src-ra-openwrt-4210/router/mipsel-musl/stage/usr/include -Wall -fno-strict-aliasing  conftest.c >&5
conftest.c: In function 'main':
conftest.c:135:12: error: size of array 'test_array' is negative
 static int test_array [1 - 2 * !(((long int) (sizeof (int))) <= 0)];
            ^
configure:14481: $? = 1
configure: failed program was:
| /* confdefs.h */
| #define PACKAGE_NAME ""
| #define PACKAGE_TARNAME ""
| #define PACKAGE_VERSION ""
| #define PACKAGE_STRING ""
| #define PACKAGE_BUGREPORT ""
| #define PACKAGE_URL ""
| #define PACKAGE "libevent"
| #define VERSION "2.0.22-stable"
| #define NUMERIC_VERSION 0x02001600
| #define STDC_HEADERS 1
| #define HAVE_SYS_TYPES_H 1
| #define HAVE_SYS_STAT_H 1
| #define HAVE_STDLIB_H 1
| #define HAVE_STRING_H 1
| #define HAVE_MEMORY_H 1
| #define HAVE_STRINGS_H 1
| #define HAVE_INTTYPES_H 1
| #define HAVE_STDINT_H 1
| #define HAVE_UNISTD_H 1
| #define HAVE_DLFCN_H 1
| #define LT_OBJDIR ".libs/"
| #define HAVE_ZLIB_H 1
| #define HAVE_LIBZ 1
| #define HAVE_OPENSSL_BIO_H 1
| #define STDC_HEADERS 1
| #define HAVE_FCNTL_H 1
| #define HAVE_STDARG_H 1
| #define HAVE_INTTYPES_H 1
| #define HAVE_STDINT_H 1
| #define HAVE_STDDEF_H 1
| #define HAVE_POLL_H 1
| #define HAVE_UNISTD_H 1
| #define HAVE_SYS_EPOLL_H 1
| #define HAVE_SYS_TIME_H 1
| #define HAVE_SYS_QUEUE_H 1
| #define HAVE_SYS_PARAM_H 1
| #define HAVE_SYS_IOCTL_H 1
| #define HAVE_SYS_SELECT_H 1
| #define HAVE_NETINET_IN_H 1
| #define HAVE_SYS_SOCKET_H 1
| #define HAVE_SYS_UIO_H 1
| #define HAVE_ARPA_INET_H 1
| #define HAVE_SYS_EVENTFD_H 1
| #define HAVE_SYS_MMAN_H 1
| #define HAVE_SYS_SENDFILE_H 1
| #define HAVE_SYS_WAIT_H 1
| #define HAVE_NETDB_H 1
| #define HAVE_SYS_STAT_H 1
| #define HAVE_TAILQFOREACH 1
| #define HAVE_TIMERADD 1
| #define HAVE_TIMERCMP 1
| #define HAVE_TIMERCLEAR 1
| #define HAVE_TIMERISSET 1
| #define TIME_WITH_SYS_TIME 1
| #define HAVE_GETTIMEOFDAY 1
| #define HAVE_VASPRINTF 1
| #define HAVE_FCNTL 1
| #define HAVE_CLOCK_GETTIME 1
| #define HAVE_STRTOK_R 1
| #define HAVE_STRSEP 1
| #define HAVE_GETNAMEINFO 1
| #define HAVE_STRLCPY 1
| #define HAVE_INET_NTOP 1
| #define HAVE_INET_PTON 1
| #define HAVE_SIGNAL 1
| #define HAVE_SIGACTION 1
| #define HAVE_STRTOLL 1
| #define HAVE_INET_ATON 1
| #define HAVE_PIPE 1
| #define HAVE_EVENTFD 1
| #define HAVE_SENDFILE 1
| #define HAVE_MMAP 1
| #define HAVE_SPLICE 1
| #define HAVE_ISSETUGID 1
| #define HAVE_GETEUID 1
| #define HAVE_GETEGID 1
| #define HAVE_GETPROTOBYNUMBER 1
| #define HAVE_SETENV 1
| #define HAVE_UNSETENV 1
| #define HAVE_PUTENV 1
| #define HAVE_UMASK 1
| #define HAVE_GETADDRINFO 1
| #define SIZEOF_LONG 4
| #define HAVE_SETFD 1
| #define HAVE_SELECT 1
| #define HAVE_POLL 1
| #define HAVE_EPOLL_CTL 1
| #define HAVE_EPOLL 1
| #define HAVE_UINT64_T 1
| #define HAVE_UINT32_T 1
| #define HAVE_UINT16_T 1
| #define HAVE_UINT8_T 1
| #define HAVE_UINTPTR_T 1
| #define HAVE_FD_MASK 1
| #define SIZEOF_LONG_LONG 8
| #define SIZEOF_LONG 4
| /* end confdefs.h.  */
| #include <stdio.h>
| #ifdef HAVE_SYS_TYPES_H
| # include <sys/types.h>
| #endif
| #ifdef HAVE_SYS_STAT_H
| # include <sys/stat.h>
| #endif
| #ifdef STDC_HEADERS
| # include <stdlib.h>
| # include <stddef.h>
| #else
| # ifdef HAVE_STDLIB_H
| #  include <stdlib.h>
| # endif
| #endif
| #ifdef HAVE_STRING_H
| # if !defined STDC_HEADERS && defined HAVE_MEMORY_H
| #  include <memory.h>
| # endif
| # include <string.h>
| #endif
| #ifdef HAVE_STRINGS_H
| # include <strings.h>
| #endif
| #ifdef HAVE_INTTYPES_H
| # include <inttypes.h>
| #endif
| #ifdef HAVE_STDINT_H
| # include <stdint.h>
| #endif
| #ifdef HAVE_UNISTD_H
| # include <unistd.h>
| #endif
| int
| main ()
| {
| static int test_array [1 - 2 * !(((long int) (sizeof (int))) <= 0)];
| test_array [0] = 0;
| return test_array [0];
| 
|   ;
|   return 0;
| }
configure:14481: /opt/lede-toolchain-ramips-mt7621_gcc-5.4.0_musl-1.1.24.Linux-x86_64/toolchain-mipsel_24kc_gcc-5.4.0_musl-1.1.24/bin/mipsel-openwrt-linux-musl-gcc -c -g -O2 -I/repo/Fail_GPL/asuswrt/release/src-ra-openwrt-4210/router/mipsel-musl/stage/usr/include -Wall -fno-strict-aliasing  conftest.c >&5
conftest.c: In function 'main':
conftest.c:135:12: error: size of array 'test_array' is negative
 static int test_array [1 - 2 * !(((long int) (sizeof (int))) <= 1)];
            ^
configure:14481: $? = 1
configure: failed program was:
| /* confdefs.h */
| #define PACKAGE_NAME ""
| #define PACKAGE_TARNAME ""
| #define PACKAGE_VERSION ""
| #define PACKAGE_STRING ""
| #define PACKAGE_BUGREPORT ""
| #define PACKAGE_URL ""
| #define PACKAGE "libevent"
| #define VERSION "2.0.22-stable"
| #define NUMERIC_VERSION 0x02001600
| #define STDC_HEADERS 1
| #define HAVE_SYS_TYPES_H 1
| #define HAVE_SYS_STAT_H 1
| #define HAVE_STDLIB_H 1
| #define HAVE_STRING_H 1
| #define HAVE_MEMORY_H 1
| #define HAVE_STRINGS_H 1
| #define HAVE_INTTYPES_H 1
| #define HAVE_STDINT_H 1
| #define HAVE_UNISTD_H 1
| #define HAVE_DLFCN_H 1
| #define LT_OBJDIR ".libs/"
| #define HAVE_ZLIB_H 1
| #define HAVE_LIBZ 1
| #define HAVE_OPENSSL_BIO_H 1
| #define STDC_HEADERS 1
| #define HAVE_FCNTL_H 1
| #define HAVE_STDARG_H 1
| #define HAVE_INTTYPES_H 1
| #define HAVE_STDINT_H 1
| #define HAVE_STDDEF_H 1
| #define HAVE_POLL_H 1
| #define HAVE_UNISTD_H 1
| #define HAVE_SYS_EPOLL_H 1
| #define HAVE_SYS_TIME_H 1
| #define HAVE_SYS_QUEUE_H 1
| #define HAVE_SYS_PARAM_H 1
| #define HAVE_SYS_IOCTL_H 1
| #define HAVE_SYS_SELECT_H 1
| #define HAVE_NETINET_IN_H 1
| #define HAVE_SYS_SOCKET_H 1
| #define HAVE_SYS_UIO_H 1
| #define HAVE_ARPA_INET_H 1
| #define HAVE_SYS_EVENTFD_H 1
| #define HAVE_SYS_MMAN_H 1
| #define HAVE_SYS_SENDFILE_H 1
| #define HAVE_SYS_WAIT_H 1
| #define HAVE_NETDB_H 1
| #define HAVE_SYS_STAT_H 1
| #define HAVE_TAILQFOREACH 1
| #define HAVE_TIMERADD 1
| #define HAVE_TIMERCMP 1
| #define HAVE_TIMERCLEAR 1
| #define HAVE_TIMERISSET 1
| #define TIME_WITH_SYS_TIME 1
| #define HAVE_GETTIMEOFDAY 1
| #define HAVE_VASPRINTF 1
| #define HAVE_FCNTL 1
| #define HAVE_CLOCK_GETTIME 1
| #define HAVE_STRTOK_R 1
| #define HAVE_STRSEP 1
| #define HAVE_GETNAMEINFO 1
| #define HAVE_STRLCPY 1
| #define HAVE_INET_NTOP 1
| #define HAVE_INET_PTON 1
| #define HAVE_SIGNAL 1
| #define HAVE_SIGACTION 1
| #define HAVE_STRTOLL 1
| #define HAVE_INET_ATON 1
| #define HAVE_PIPE 1
| #define HAVE_EVENTFD 1
| #define HAVE_SENDFILE 1
| #define HAVE_MMAP 1
| #define HAVE_SPLICE 1
| #define HAVE_ISSETUGID 1
| #define HAVE_GETEUID 1
| #define HAVE_GETEGID 1
| #define HAVE_GETPROTOBYNUMBER 1
| #define HAVE_SETENV 1
| #define HAVE_UNSETENV 1
| #define HAVE_PUTENV 1
| #define HAVE_UMASK 1
| #define HAVE_GETADDRINFO 1
| #define SIZEOF_LONG 4
| #define HAVE_SETFD 1
| #define HAVE_SELECT 1
| #define HAVE_POLL 1
| #define HAVE_EPOLL_CTL 1
| #define HAVE_EPOLL 1
| #define HAVE_UINT64_T 1
| #define HAVE_UINT32_T 1
| #define HAVE_UINT16_T 1
| #define HAVE_UINT8_T 1
| #define HAVE_UINTPTR_T 1
| #define HAVE_FD_MASK 1
| #define SIZEOF_LONG_LONG 8
| #define SIZEOF_LONG 4
| /* end confdefs.h.  */
| #include <stdio.h>
| #ifdef HAVE_SYS_TYPES_H
| # include <sys/types.h>
| #endif
| #ifdef HAVE_SYS_STAT_H
| # include <sys/stat.h>
| #endif
| #ifdef STDC_HEADERS
| # include <stdlib.h>
| # include <stddef.h>
| #else
| # ifdef HAVE_STDLIB_H
| #  include <stdlib.h>
| # endif
| #endif
| #ifdef HAVE_STRING_H
| # if !defined STDC_HEADERS && defined HAVE_MEMORY_H
| #  include <memory.h>
| # endif
| # include <string.h>
| #endif
| #ifdef HAVE_STRINGS_H
| # include <strings.h>
| #endif
| #ifdef HAVE_INTTYPES_H
| # include <inttypes.h>
| #endif
| #ifdef HAVE_STDINT_H
| # include <stdint.h>
| #endif
| #ifdef HAVE_UNISTD_H
| # include <unistd.h>
| #endif
| int
| main ()
| {
| static int test_array [1 - 2 * !(((long int) (sizeof (int))) <= 1)];
| test_array [0] = 0;
| return test_array [0];
| 
|   ;
|   return 0;
| }
configure:14481: /opt/lede-toolchain-ramips-mt7621_gcc-5.4.0_musl-1.1.24.Linux-x86_64/toolchain-mipsel_24kc_gcc-5.4.0_musl-1.1.24/bin/mipsel-openwrt-linux-musl-gcc -c -g -O2 -I/repo/Fail_GPL/asuswrt/release/src-ra-openwrt-4210/router/mipsel-musl/stage/usr/include -Wall -fno-strict-aliasing  conftest.c >&5
conftest.c: In function 'main':
conftest.c:135:12: error: size of array 'test_array' is negative
 static int test_array [1 - 2 * !(((long int) (sizeof (int))) <= 3)];
            ^
configure:14481: $? = 1
configure: failed program was:
| /* confdefs.h */
| #define PACKAGE_NAME ""
| #define PACKAGE_TARNAME ""
| #define PACKAGE_VERSION ""
| #define PACKAGE_STRING ""
| #define PACKAGE_BUGREPORT ""
| #define PACKAGE_URL ""
| #define PACKAGE "libevent"
| #define VERSION "2.0.22-stable"
| #define NUMERIC_VERSION 0x02001600
| #define STDC_HEADERS 1
| #define HAVE_SYS_TYPES_H 1
| #define HAVE_SYS_STAT_H 1
| #define HAVE_STDLIB_H 1
| #define HAVE_STRING_H 1
| #define HAVE_MEMORY_H 1
| #define HAVE_STRINGS_H 1
| #define HAVE_INTTYPES_H 1
| #define HAVE_STDINT_H 1
| #define HAVE_UNISTD_H 1
| #define HAVE_DLFCN_H 1
| #define LT_OBJDIR ".libs/"
| #define HAVE_ZLIB_H 1
| #define HAVE_LIBZ 1
| #define HAVE_OPENSSL_BIO_H 1
| #define STDC_HEADERS 1
| #define HAVE_FCNTL_H 1
| #define HAVE_STDARG_H 1
| #define HAVE_INTTYPES_H 1
| #define HAVE_STDINT_H 1
| #define HAVE_STDDEF_H 1
| #define HAVE_POLL_H 1
| #define HAVE_UNISTD_H 1
| #define HAVE_SYS_EPOLL_H 1
| #define HAVE_SYS_TIME_H 1
| #define HAVE_SYS_QUEUE_H 1
| #define HAVE_SYS_PARAM_H 1
| #define HAVE_SYS_IOCTL_H 1
| #define HAVE_SYS_SELECT_H 1
| #define HAVE_NETINET_IN_H 1
| #define HAVE_SYS_SOCKET_H 1
| #define HAVE_SYS_UIO_H 1
| #define HAVE_ARPA_INET_H 1
| #define HAVE_SYS_EVENTFD_H 1
| #define HAVE_SYS_MMAN_H 1
| #define HAVE_SYS_SENDFILE_H 1
| #define HAVE_SYS_WAIT_H 1
| #define HAVE_NETDB_H 1
| #define HAVE_SYS_STAT_H 1
| #define HAVE_TAILQFOREACH 1
| #define HAVE_TIMERADD 1
| #define HAVE_TIMERCMP 1
| #define HAVE_TIMERCLEAR 1
| #define HAVE_TIMERISSET 1
| #define TIME_WITH_SYS_TIME 1
| #define HAVE_GETTIMEOFDAY 1
| #define HAVE_VASPRINTF 1
| #define HAVE_FCNTL 1
| #define HAVE_CLOCK_GETTIME 1
| #define HAVE_STRTOK_R 1
| #define HAVE_STRSEP 1
| #define HAVE_GETNAMEINFO 1
| #define HAVE_STRLCPY 1
| #define HAVE_INET_NTOP 1
| #define HAVE_INET_PTON 1
| #define HAVE_SIGNAL 1
| #define HAVE_SIGACTION 1
| #define HAVE_STRTOLL 1
| #define HAVE_INET_ATON 1
| #define HAVE_PIPE 1
| #define HAVE_EVENTFD 1
| #define HAVE_SENDFILE 1
| #define HAVE_MMAP 1
| #define HAVE_SPLICE 1
| #define HAVE_ISSETUGID 1
| #define HAVE_GETEUID 1
| #define HAVE_GETEGID 1
| #define HAVE_GETPROTOBYNUMBER 1
| #define HAVE_SETENV 1
| #define HAVE_UNSETENV 1
| #define HAVE_PUTENV 1
| #define HAVE_UMASK 1
| #define HAVE_GETADDRINFO 1
| #define SIZEOF_LONG 4
| #define HAVE_SETFD 1
| #define HAVE_SELECT 1
| #define HAVE_POLL 1
| #define HAVE_EPOLL_CTL 1
| #define HAVE_EPOLL 1
| #define HAVE_UINT64_T 1
| #define HAVE_UINT32_T 1
| #define HAVE_UINT16_T 1
| #define HAVE_UINT8_T 1
| #define HAVE_UINTPTR_T 1
| #define HAVE_FD_MASK 1
| #define SIZEOF_LONG_LONG 8
| #define SIZEOF_LONG 4
| /* end confdefs.h.  */
| #include <stdio.h>
| #ifdef HAVE_SYS_TYPES_H
| # include <sys/types.h>
| #endif
| #ifdef HAVE_SYS_STAT_H
| # include <sys/stat.h>
| #endif
| #ifdef STDC_HEADERS
| # include <stdlib.h>
| # include <stddef.h>
| #else
| # ifdef HAVE_STDLIB_H
| #  include <stdlib.h>
| # endif
| #endif
| #ifdef HAVE_STRING_H
| # if !defined STDC_HEADERS && defined HAVE_MEMORY_H
| #  include <memory.h>
| # endif
| # include <string.h>
| #endif
| #ifdef HAVE_STRINGS_H
| # include <strings.h>
| #endif
| #ifdef HAVE_INTTYPES_H
| # include <inttypes.h>
| #endif
| #ifdef HAVE_STDINT_H
| # include <stdint.h>
| #endif
| #ifdef HAVE_UNISTD_H
| # include <unistd.h>
| #endif
| int
| main ()
| {
| static int test_array [1 - 2 * !(((long int) (sizeof (int))) <= 3)];
| test_array [0] = 0;
| return test_array [0];
| 
|   ;
|   return 0;
| }
configure:14481: /opt/lede-toolchain-ramips-mt7621_gcc-5.4.0_musl-1.1.24.Linux-x86_64/toolchain-mipsel_24kc_gcc-5.4.0_musl-1.1.24/bin/mipsel-openwrt-linux-musl-gcc -c -g -O2 -I/repo/Fail_GPL/asuswrt/release/src-ra-openwrt-4210/router/mipsel-musl/stage/usr/include -Wall -fno-strict-aliasing  conftest.c >&5
configure:14481: $? = 0
configure:14481: /opt/lede-toolchain-ramips-mt7621_gcc-5.4.0_musl-1.1.24.Linux-x86_64/toolchain-mipsel_24kc_gcc-5.4.0_musl-1.1.24/bin/mipsel-openwrt-linux-musl-gcc -c -g -O2 -I/repo/Fail_GPL/asuswrt/release/src-ra-openwrt-4210/router/mipsel-musl/stage/usr/include -Wall -fno-strict-aliasing  conftest.c >&5
configure:14481: $? = 0
configure:14481: /opt/lede-toolchain-ramips-mt7621_gcc-5.4.0_musl-1.1.24.Linux-x86_64/toolchain-mipsel_24kc_gcc-5.4.0_musl-1.1.24/bin/mipsel-openwrt-linux-musl-gcc -c -g -O2 -I/repo/Fail_GPL/asuswrt/release/src-ra-openwrt-4210/router/mipsel-musl/stage/usr/include -Wall -fno-strict-aliasing  conftest.c >&5
configure:14481: $? = 0
configure:14495: result: 4
configure:14509: checking size of short
configure:14514: /opt/lede-toolchain-ramips-mt7621_gcc-5.4.0_musl-1.1.24.Linux-x86_64/toolchain-mipsel_24kc_gcc-5.4.0_musl-1.1.24/bin/mipsel-openwrt-linux-musl-gcc -c -g -O2 -I/repo/Fail_GPL/asuswrt/release/src-ra-openwrt-4210/router/mipsel-musl/stage/usr/include -Wall -fno-strict-aliasing  conftest.c >&5
configure:14514: $? = 0
configure:14514: /opt/lede-toolchain-ramips-mt7621_gcc-5.4.0_musl-1.1.24.Linux-x86_64/toolchain-mipsel_24kc_gcc-5.4.0_musl-1.1.24/bin/mipsel-openwrt-linux-musl-gcc -c -g -O2 -I/repo/Fail_GPL/asuswrt/release/src-ra-openwrt-4210/router/mipsel-musl/stage/usr/include -Wall -fno-strict-aliasing  conftest.c >&5
conftest.c: In function 'main':
conftest.c:136:12: error: size of array 'test_array' is negative
 static int test_array [1 - 2 * !(((long int) (sizeof (short))) <= 0)];
            ^
configure:14514: $? = 1
configure: failed program was:
| /* confdefs.h */
| #define PACKAGE_NAME ""
| #define PACKAGE_TARNAME ""
| #define PACKAGE_VERSION ""
| #define PACKAGE_STRING ""
| #define PACKAGE_BUGREPORT ""
| #define PACKAGE_URL ""
| #define PACKAGE "libevent"
| #define VERSION "2.0.22-stable"
| #define NUMERIC_VERSION 0x02001600
| #define STDC_HEADERS 1
| #define HAVE_SYS_TYPES_H 1
| #define HAVE_SYS_STAT_H 1
| #define HAVE_STDLIB_H 1
| #define HAVE_STRING_H 1
| #define HAVE_MEMORY_H 1
| #define HAVE_STRINGS_H 1
| #define HAVE_INTTYPES_H 1
| #define HAVE_STDINT_H 1
| #define HAVE_UNISTD_H 1
| #define HAVE_DLFCN_H 1
| #define LT_OBJDIR ".libs/"
| #define HAVE_ZLIB_H 1
| #define HAVE_LIBZ 1
| #define HAVE_OPENSSL_BIO_H 1
| #define STDC_HEADERS 1
| #define HAVE_FCNTL_H 1
| #define HAVE_STDARG_H 1
| #define HAVE_INTTYPES_H 1
| #define HAVE_STDINT_H 1
| #define HAVE_STDDEF_H 1
| #define HAVE_POLL_H 1
| #define HAVE_UNISTD_H 1
| #define HAVE_SYS_EPOLL_H 1
| #define HAVE_SYS_TIME_H 1
| #define HAVE_SYS_QUEUE_H 1
| #define HAVE_SYS_PARAM_H 1
| #define HAVE_SYS_IOCTL_H 1
| #define HAVE_SYS_SELECT_H 1
| #define HAVE_NETINET_IN_H 1
| #define HAVE_SYS_SOCKET_H 1
| #define HAVE_SYS_UIO_H 1
| #define HAVE_ARPA_INET_H 1
| #define HAVE_SYS_EVENTFD_H 1
| #define HAVE_SYS_MMAN_H 1
| #define HAVE_SYS_SENDFILE_H 1
| #define HAVE_SYS_WAIT_H 1
| #define HAVE_NETDB_H 1
| #define HAVE_SYS_STAT_H 1
| #define HAVE_TAILQFOREACH 1
| #define HAVE_TIMERADD 1
| #define HAVE_TIMERCMP 1
| #define HAVE_TIMERCLEAR 1
| #define HAVE_TIMERISSET 1
| #define TIME_WITH_SYS_TIME 1
| #define HAVE_GETTIMEOFDAY 1
| #define HAVE_VASPRINTF 1
| #define HAVE_FCNTL 1
| #define HAVE_CLOCK_GETTIME 1
| #define HAVE_STRTOK_R 1
| #define HAVE_STRSEP 1
| #define HAVE_GETNAMEINFO 1
| #define HAVE_STRLCPY 1
| #define HAVE_INET_NTOP 1
| #define HAVE_INET_PTON 1
| #define HAVE_SIGNAL 1
| #define HAVE_SIGACTION 1
| #define HAVE_STRTOLL 1
| #define HAVE_INET_ATON 1
| #define HAVE_PIPE 1
| #define HAVE_EVENTFD 1
| #define HAVE_SENDFILE 1
| #define HAVE_MMAP 1
| #define HAVE_SPLICE 1
| #define HAVE_ISSETUGID 1
| #define HAVE_GETEUID 1
| #define HAVE_GETEGID 1
| #define HAVE_GETPROTOBYNUMBER 1
| #define HAVE_SETENV 1
| #define HAVE_UNSETENV 1
| #define HAVE_PUTENV 1
| #define HAVE_UMASK 1
| #define HAVE_GETADDRINFO 1
| #define SIZEOF_LONG 4
| #define HAVE_SETFD 1
| #define HAVE_SELECT 1
| #define HAVE_POLL 1
| #define HAVE_EPOLL_CTL 1
| #define HAVE_EPOLL 1
| #define HAVE_UINT64_T 1
| #define HAVE_UINT32_T 1
| #define HAVE_UINT16_T 1
| #define HAVE_UINT8_T 1
| #define HAVE_UINTPTR_T 1
| #define HAVE_FD_MASK 1
| #define SIZEOF_LONG_LONG 8
| #define SIZEOF_LONG 4
| #define SIZEOF_INT 4
| /* end confdefs.h.  */
| #include <stdio.h>
| #ifdef HAVE_SYS_TYPES_H
| # include <sys/types.h>
| #endif
| #ifdef HAVE_SYS_STAT_H
| # include <sys/stat.h>
| #endif
| #ifdef STDC_HEADERS
| # include <stdlib.h>
| # include <stddef.h>
| #else
| # ifdef HAVE_STDLIB_H
| #  include <stdlib.h>
| # endif
| #endif
| #ifdef HAVE_STRING_H
| # if !defined STDC_HEADERS && defined HAVE_MEMORY_H
| #  include <memory.h>
| # endif
| # include <string.h>
| #endif
| #ifdef HAVE_STRINGS_H
| # include <strings.h>
| #endif
| #ifdef HAVE_INTTYPES_H
| # include <inttypes.h>
| #endif
| #ifdef HAVE_STDINT_H
| # include <stdint.h>
| #endif
| #ifdef HAVE_UNISTD_H
| # include <unistd.h>
| #endif
| int
| main ()
| {
| static int test_array [1 - 2 * !(((long int) (sizeof (short))) <= 0)];
| test_array [0] = 0;
| return test_array [0];
| 
|   ;
|   return 0;
| }
configure:14514: /opt/lede-toolchain-ramips-mt7621_gcc-5.4.0_musl-1.1.24.Linux-x86_64/toolchain-mipsel_24kc_gcc-5.4.0_musl-1.1.24/bin/mipsel-openwrt-linux-musl-gcc -c -g -O2 -I/repo/Fail_GPL/asuswrt/release/src-ra-openwrt-4210/router/mipsel-musl/stage/usr/include -Wall -fno-strict-aliasing  conftest.c >&5
conftest.c: In function 'main':
conftest.c:136:12: error: size of array 'test_array' is negative
 static int test_array [1 - 2 * !(((long int) (sizeof (short))) <= 1)];
            ^
configure:14514: $? = 1
configure: failed program was:
| /* confdefs.h */
| #define PACKAGE_NAME ""
| #define PACKAGE_TARNAME ""
| #define PACKAGE_VERSION ""
| #define PACKAGE_STRING ""
| #define PACKAGE_BUGREPORT ""
| #define PACKAGE_URL ""
| #define PACKAGE "libevent"
| #define VERSION "2.0.22-stable"
| #define NUMERIC_VERSION 0x02001600
| #define STDC_HEADERS 1
| #define HAVE_SYS_TYPES_H 1
| #define HAVE_SYS_STAT_H 1
| #define HAVE_STDLIB_H 1
| #define HAVE_STRING_H 1
| #define HAVE_MEMORY_H 1
| #define HAVE_STRINGS_H 1
| #define HAVE_INTTYPES_H 1
| #define HAVE_STDINT_H 1
| #define HAVE_UNISTD_H 1
| #define HAVE_DLFCN_H 1
| #define LT_OBJDIR ".libs/"
| #define HAVE_ZLIB_H 1
| #define HAVE_LIBZ 1
| #define HAVE_OPENSSL_BIO_H 1
| #define STDC_HEADERS 1
| #define HAVE_FCNTL_H 1
| #define HAVE_STDARG_H 1
| #define HAVE_INTTYPES_H 1
| #define HAVE_STDINT_H 1
| #define HAVE_STDDEF_H 1
| #define HAVE_POLL_H 1
| #define HAVE_UNISTD_H 1
| #define HAVE_SYS_EPOLL_H 1
| #define HAVE_SYS_TIME_H 1
| #define HAVE_SYS_QUEUE_H 1
| #define HAVE_SYS_PARAM_H 1
| #define HAVE_SYS_IOCTL_H 1
| #define HAVE_SYS_SELECT_H 1
| #define HAVE_NETINET_IN_H 1
| #define HAVE_SYS_SOCKET_H 1
| #define HAVE_SYS_UIO_H 1
| #define HAVE_ARPA_INET_H 1
| #define HAVE_SYS_EVENTFD_H 1
| #define HAVE_SYS_MMAN_H 1
| #define HAVE_SYS_SENDFILE_H 1
| #define HAVE_SYS_WAIT_H 1
| #define HAVE_NETDB_H 1
| #define HAVE_SYS_STAT_H 1
| #define HAVE_TAILQFOREACH 1
| #define HAVE_TIMERADD 1
| #define HAVE_TIMERCMP 1
| #define HAVE_TIMERCLEAR 1
| #define HAVE_TIMERISSET 1
| #define TIME_WITH_SYS_TIME 1
| #define HAVE_GETTIMEOFDAY 1
| #define HAVE_VASPRINTF 1
| #define HAVE_FCNTL 1
| #define HAVE_CLOCK_GETTIME 1
| #define HAVE_STRTOK_R 1
| #define HAVE_STRSEP 1
| #define HAVE_GETNAMEINFO 1
| #define HAVE_STRLCPY 1
| #define HAVE_INET_NTOP 1
| #define HAVE_INET_PTON 1
| #define HAVE_SIGNAL 1
| #define HAVE_SIGACTION 1
| #define HAVE_STRTOLL 1
| #define HAVE_INET_ATON 1
| #define HAVE_PIPE 1
| #define HAVE_EVENTFD 1
| #define HAVE_SENDFILE 1
| #define HAVE_MMAP 1
| #define HAVE_SPLICE 1
| #define HAVE_ISSETUGID 1
| #define HAVE_GETEUID 1
| #define HAVE_GETEGID 1
| #define HAVE_GETPROTOBYNUMBER 1
| #define HAVE_SETENV 1
| #define HAVE_UNSETENV 1
| #define HAVE_PUTENV 1
| #define HAVE_UMASK 1
| #define HAVE_GETADDRINFO 1
| #define SIZEOF_LONG 4
| #define HAVE_SETFD 1
| #define HAVE_SELECT 1
| #define HAVE_POLL 1
| #define HAVE_EPOLL_CTL 1
| #define HAVE_EPOLL 1
| #define HAVE_UINT64_T 1
| #define HAVE_UINT32_T 1
| #define HAVE_UINT16_T 1
| #define HAVE_UINT8_T 1
| #define HAVE_UINTPTR_T 1
| #define HAVE_FD_MASK 1
| #define SIZEOF_LONG_LONG 8
| #define SIZEOF_LONG 4
| #define SIZEOF_INT 4
| /* end confdefs.h.  */
| #include <stdio.h>
| #ifdef HAVE_SYS_TYPES_H
| # include <sys/types.h>
| #endif
| #ifdef HAVE_SYS_STAT_H
| # include <sys/stat.h>
| #endif
| #ifdef STDC_HEADERS
| # include <stdlib.h>
| # include <stddef.h>
| #else
| # ifdef HAVE_STDLIB_H
| #  include <stdlib.h>
| # endif
| #endif
| #ifdef HAVE_STRING_H
| # if !defined STDC_HEADERS && defined HAVE_MEMORY_H
| #  include <memory.h>
| # endif
| # include <string.h>
| #endif
| #ifdef HAVE_STRINGS_H
| # include <strings.h>
| #endif
| #ifdef HAVE_INTTYPES_H
| # include <inttypes.h>
| #endif
| #ifdef HAVE_STDINT_H
| # include <stdint.h>
| #endif
| #ifdef HAVE_UNISTD_H
| # include <unistd.h>
| #endif
| int
| main ()
| {
| static int test_array [1 - 2 * !(((long int) (sizeof (short))) <= 1)];
| test_array [0] = 0;
| return test_array [0];
| 
|   ;
|   return 0;
| }
configure:14514: /opt/lede-toolchain-ramips-mt7621_gcc-5.4.0_musl-1.1.24.Linux-x86_64/toolchain-mipsel_24kc_gcc-5.4.0_musl-1.1.24/bin/mipsel-openwrt-linux-musl-gcc -c -g -O2 -I/repo/Fail_GPL/asuswrt/release/src-ra-openwrt-4210/router/mipsel-musl/stage/usr/include -Wall -fno-strict-aliasing  conftest.c >&5
configure:14514: $? = 0
configure:14514: /opt/lede-toolchain-ramips-mt7621_gcc-5.4.0_musl-1.1.24.Linux-x86_64/toolchain-mipsel_24kc_gcc-5.4.0_musl-1.1.24/bin/mipsel-openwrt-linux-musl-gcc -c -g -O2 -I/repo/Fail_GPL/asuswrt/release/src-ra-openwrt-4210/router/mipsel-musl/stage/usr/include -Wall -fno-strict-aliasing  conftest.c >&5
configure:14514: $? = 0
configure:14528: result: 2
configure:14542: checking size of size_t
configure:14547: /opt/lede-toolchain-ramips-mt7621_gcc-5.4.0_musl-1.1.24.Linux-x86_64/toolchain-mipsel_24kc_gcc-5.4.0_musl-1.1.24/bin/mipsel-openwrt-linux-musl-gcc -c -g -O2 -I/repo/Fail_GPL/asuswrt/release/src-ra-openwrt-4210/router/mipsel-musl/stage/usr/include -Wall -fno-strict-aliasing  conftest.c >&5
configure:14547: $? = 0
configure:14547: /opt/lede-toolchain-ramips-mt7621_gcc-5.4.0_musl-1.1.24.Linux-x86_64/toolchain-mipsel_24kc_gcc-5.4.0_musl-1.1.24/bin/mipsel-openwrt-linux-musl-gcc -c -g -O2 -I/repo/Fail_GPL/asuswrt/release/src-ra-openwrt-4210/router/mipsel-musl/stage/usr/include -Wall -fno-strict-aliasing  conftest.c >&5
conftest.c: In function 'main':
conftest.c:137:12: error: size of array 'test_array' is negative
 static int test_array [1 - 2 * !(((long int) (sizeof (size_t))) <= 0)];
            ^
configure:14547: $? = 1
configure: failed program was:
| /* confdefs.h */
| #define PACKAGE_NAME ""
| #define PACKAGE_TARNAME ""
| #define PACKAGE_VERSION ""
| #define PACKAGE_STRING ""
| #define PACKAGE_BUGREPORT ""
| #define PACKAGE_URL ""
| #define PACKAGE "libevent"
| #define VERSION "2.0.22-stable"
| #define NUMERIC_VERSION 0x02001600
| #define STDC_HEADERS 1
| #define HAVE_SYS_TYPES_H 1
| #define HAVE_SYS_STAT_H 1
| #define HAVE_STDLIB_H 1
| #define HAVE_STRING_H 1
| #define HAVE_MEMORY_H 1
| #define HAVE_STRINGS_H 1
| #define HAVE_INTTYPES_H 1
| #define HAVE_STDINT_H 1
| #define HAVE_UNISTD_H 1
| #define HAVE_DLFCN_H 1
| #define LT_OBJDIR ".libs/"
| #define HAVE_ZLIB_H 1
| #define HAVE_LIBZ 1
| #define HAVE_OPENSSL_BIO_H 1
| #define STDC_HEADERS 1
| #define HAVE_FCNTL_H 1
| #define HAVE_STDARG_H 1
| #define HAVE_INTTYPES_H 1
| #define HAVE_STDINT_H 1
| #define HAVE_STDDEF_H 1
| #define HAVE_POLL_H 1
| #define HAVE_UNISTD_H 1
| #define HAVE_SYS_EPOLL_H 1
| #define HAVE_SYS_TIME_H 1
| #define HAVE_SYS_QUEUE_H 1
| #define HAVE_SYS_PARAM_H 1
| #define HAVE_SYS_IOCTL_H 1
| #define HAVE_SYS_SELECT_H 1
| #define HAVE_NETINET_IN_H 1
| #define HAVE_SYS_SOCKET_H 1
| #define HAVE_SYS_UIO_H 1
| #define HAVE_ARPA_INET_H 1
| #define HAVE_SYS_EVENTFD_H 1
| #define HAVE_SYS_MMAN_H 1
| #define HAVE_SYS_SENDFILE_H 1
| #define HAVE_SYS_WAIT_H 1
| #define HAVE_NETDB_H 1
| #define HAVE_SYS_STAT_H 1
| #define HAVE_TAILQFOREACH 1
| #define HAVE_TIMERADD 1
| #define HAVE_TIMERCMP 1
| #define HAVE_TIMERCLEAR 1
| #define HAVE_TIMERISSET 1
| #define TIME_WITH_SYS_TIME 1
| #define HAVE_GETTIMEOFDAY 1
| #define HAVE_VASPRINTF 1
| #define HAVE_FCNTL 1
| #define HAVE_CLOCK_GETTIME 1
| #define HAVE_STRTOK_R 1
| #define HAVE_STRSEP 1
| #define HAVE_GETNAMEINFO 1
| #define HAVE_STRLCPY 1
| #define HAVE_INET_NTOP 1
| #define HAVE_INET_PTON 1
| #define HAVE_SIGNAL 1
| #define HAVE_SIGACTION 1
| #define HAVE_STRTOLL 1
| #define HAVE_INET_ATON 1
| #define HAVE_PIPE 1
| #define HAVE_EVENTFD 1
| #define HAVE_SENDFILE 1
| #define HAVE_MMAP 1
| #define HAVE_SPLICE 1
| #define HAVE_ISSETUGID 1
| #define HAVE_GETEUID 1
| #define HAVE_GETEGID 1
| #define HAVE_GETPROTOBYNUMBER 1
| #define HAVE_SETENV 1
| #define HAVE_UNSETENV 1
| #define HAVE_PUTENV 1
| #define HAVE_UMASK 1
| #define HAVE_GETADDRINFO 1
| #define SIZEOF_LONG 4
| #define HAVE_SETFD 1
| #define HAVE_SELECT 1
| #define HAVE_POLL 1
| #define HAVE_EPOLL_CTL 1
| #define HAVE_EPOLL 1
| #define HAVE_UINT64_T 1
| #define HAVE_UINT32_T 1
| #define HAVE_UINT16_T 1
| #define HAVE_UINT8_T 1
| #define HAVE_UINTPTR_T 1
| #define HAVE_FD_MASK 1
| #define SIZEOF_LONG_LONG 8
| #define SIZEOF_LONG 4
| #define SIZEOF_INT 4
| #define SIZEOF_SHORT 2
| /* end confdefs.h.  */
| #include <stdio.h>
| #ifdef HAVE_SYS_TYPES_H
| # include <sys/types.h>
| #endif
| #ifdef HAVE_SYS_STAT_H
| # include <sys/stat.h>
| #endif
| #ifdef STDC_HEADERS
| # include <stdlib.h>
| # include <stddef.h>
| #else
| # ifdef HAVE_STDLIB_H
| #  include <stdlib.h>
| # endif
| #endif
| #ifdef HAVE_STRING_H
| # if !defined STDC_HEADERS && defined HAVE_MEMORY_H
| #  include <memory.h>
| # endif
| # include <string.h>
| #endif
| #ifdef HAVE_STRINGS_H
| # include <strings.h>
| #endif
| #ifdef HAVE_INTTYPES_H
| # include <inttypes.h>
| #endif
| #ifdef HAVE_STDINT_H
| # include <stdint.h>
| #endif
| #ifdef HAVE_UNISTD_H
| # include <unistd.h>
| #endif
| int
| main ()
| {
| static int test_array [1 - 2 * !(((long int) (sizeof (size_t))) <= 0)];
| test_array [0] = 0;
| return test_array [0];
| 
|   ;
|   return 0;
| }
configure:14547: /opt/lede-toolchain-ramips-mt7621_gcc-5.4.0_musl-1.1.24.Linux-x86_64/toolchain-mipsel_24kc_gcc-5.4.0_musl-1.1.24/bin/mipsel-openwrt-linux-musl-gcc -c -g -O2 -I/repo/Fail_GPL/asuswrt/release/src-ra-openwrt-4210/router/mipsel-musl/stage/usr/include -Wall -fno-strict-aliasing  conftest.c >&5
conftest.c: In function 'main':
conftest.c:137:12: error: size of array 'test_array' is negative
 static int test_array [1 - 2 * !(((long int) (sizeof (size_t))) <= 1)];
            ^
configure:14547: $? = 1
configure: failed program was:
| /* confdefs.h */
| #define PACKAGE_NAME ""
| #define PACKAGE_TARNAME ""
| #define PACKAGE_VERSION ""
| #define PACKAGE_STRING ""
| #define PACKAGE_BUGREPORT ""
| #define PACKAGE_URL ""
| #define PACKAGE "libevent"
| #define VERSION "2.0.22-stable"
| #define NUMERIC_VERSION 0x02001600
| #define STDC_HEADERS 1
| #define HAVE_SYS_TYPES_H 1
| #define HAVE_SYS_STAT_H 1
| #define HAVE_STDLIB_H 1
| #define HAVE_STRING_H 1
| #define HAVE_MEMORY_H 1
| #define HAVE_STRINGS_H 1
| #define HAVE_INTTYPES_H 1
| #define HAVE_STDINT_H 1
| #define HAVE_UNISTD_H 1
| #define HAVE_DLFCN_H 1
| #define LT_OBJDIR ".libs/"
| #define HAVE_ZLIB_H 1
| #define HAVE_LIBZ 1
| #define HAVE_OPENSSL_BIO_H 1
| #define STDC_HEADERS 1
| #define HAVE_FCNTL_H 1
| #define HAVE_STDARG_H 1
| #define HAVE_INTTYPES_H 1
| #define HAVE_STDINT_H 1
| #define HAVE_STDDEF_H 1
| #define HAVE_POLL_H 1
| #define HAVE_UNISTD_H 1
| #define HAVE_SYS_EPOLL_H 1
| #define HAVE_SYS_TIME_H 1
| #define HAVE_SYS_QUEUE_H 1
| #define HAVE_SYS_PARAM_H 1
| #define HAVE_SYS_IOCTL_H 1
| #define HAVE_SYS_SELECT_H 1
| #define HAVE_NETINET_IN_H 1
| #define HAVE_SYS_SOCKET_H 1
| #define HAVE_SYS_UIO_H 1
| #define HAVE_ARPA_INET_H 1
| #define HAVE_SYS_EVENTFD_H 1
| #define HAVE_SYS_MMAN_H 1
| #define HAVE_SYS_SENDFILE_H 1
| #define HAVE_SYS_WAIT_H 1
| #define HAVE_NETDB_H 1
| #define HAVE_SYS_STAT_H 1
| #define HAVE_TAILQFOREACH 1
| #define HAVE_TIMERADD 1
| #define HAVE_TIMERCMP 1
| #define HAVE_TIMERCLEAR 1
| #define HAVE_TIMERISSET 1
| #define TIME_WITH_SYS_TIME 1
| #define HAVE_GETTIMEOFDAY 1
| #define HAVE_VASPRINTF 1
| #define HAVE_FCNTL 1
| #define HAVE_CLOCK_GETTIME 1
| #define HAVE_STRTOK_R 1
| #define HAVE_STRSEP 1
| #define HAVE_GETNAMEINFO 1
| #define HAVE_STRLCPY 1
| #define HAVE_INET_NTOP 1
| #define HAVE_INET_PTON 1
| #define HAVE_SIGNAL 1
| #define HAVE_SIGACTION 1
| #define HAVE_STRTOLL 1
| #define HAVE_INET_ATON 1
| #define HAVE_PIPE 1
| #define HAVE_EVENTFD 1
| #define HAVE_SENDFILE 1
| #define HAVE_MMAP 1
| #define HAVE_SPLICE 1
| #define HAVE_ISSETUGID 1
| #define HAVE_GETEUID 1
| #define HAVE_GETEGID 1
| #define HAVE_GETPROTOBYNUMBER 1
| #define HAVE_SETENV 1
| #define HAVE_UNSETENV 1
| #define HAVE_PUTENV 1
| #define HAVE_UMASK 1
| #define HAVE_GETADDRINFO 1
| #define SIZEOF_LONG 4
| #define HAVE_SETFD 1
| #define HAVE_SELECT 1
| #define HAVE_POLL 1
| #define HAVE_EPOLL_CTL 1
| #define HAVE_EPOLL 1
| #define HAVE_UINT64_T 1
| #define HAVE_UINT32_T 1
| #define HAVE_UINT16_T 1
| #define HAVE_UINT8_T 1
| #define HAVE_UINTPTR_T 1
| #define HAVE_FD_MASK 1
| #define SIZEOF_LONG_LONG 8
| #define SIZEOF_LONG 4
| #define SIZEOF_INT 4
| #define SIZEOF_SHORT 2
| /* end confdefs.h.  */
| #include <stdio.h>
| #ifdef HAVE_SYS_TYPES_H
| # include <sys/types.h>
| #endif
| #ifdef HAVE_SYS_STAT_H
| # include <sys/stat.h>
| #endif
| #ifdef STDC_HEADERS
| # include <stdlib.h>
| # include <stddef.h>
| #else
| # ifdef HAVE_STDLIB_H
| #  include <stdlib.h>
| # endif
| #endif
| #ifdef HAVE_STRING_H
| # if !defined STDC_HEADERS && defined HAVE_MEMORY_H
| #  include <memory.h>
| # endif
| # include <string.h>
| #endif
| #ifdef HAVE_STRINGS_H
| # include <strings.h>
| #endif
| #ifdef HAVE_INTTYPES_H
| # include <inttypes.h>
| #endif
| #ifdef HAVE_STDINT_H
| # include <stdint.h>
| #endif
| #ifdef HAVE_UNISTD_H
| # include <unistd.h>
| #endif
| int
| main ()
| {
| static int test_array [1 - 2 * !(((long int) (sizeof (size_t))) <= 1)];
| test_array [0] = 0;
| return test_array [0];
| 
|   ;
|   return 0;
| }
configure:14547: /opt/lede-toolchain-ramips-mt7621_gcc-5.4.0_musl-1.1.24.Linux-x86_64/toolchain-mipsel_24kc_gcc-5.4.0_musl-1.1.24/bin/mipsel-openwrt-linux-musl-gcc -c -g -O2 -I/repo/Fail_GPL/asuswrt/release/src-ra-openwrt-4210/router/mipsel-musl/stage/usr/include -Wall -fno-strict-aliasing  conftest.c >&5
conftest.c: In function 'main':
conftest.c:137:12: error: size of array 'test_array' is negative
 static int test_array [1 - 2 * !(((long int) (sizeof (size_t))) <= 3)];
            ^
configure:14547: $? = 1
configure: failed program was:
| /* confdefs.h */
| #define PACKAGE_NAME ""
| #define PACKAGE_TARNAME ""
| #define PACKAGE_VERSION ""
| #define PACKAGE_STRING ""
| #define PACKAGE_BUGREPORT ""
| #define PACKAGE_URL ""
| #define PACKAGE "libevent"
| #define VERSION "2.0.22-stable"
| #define NUMERIC_VERSION 0x02001600
| #define STDC_HEADERS 1
| #define HAVE_SYS_TYPES_H 1
| #define HAVE_SYS_STAT_H 1
| #define HAVE_STDLIB_H 1
| #define HAVE_STRING_H 1
| #define HAVE_MEMORY_H 1
| #define HAVE_STRINGS_H 1
| #define HAVE_INTTYPES_H 1
| #define HAVE_STDINT_H 1
| #define HAVE_UNISTD_H 1
| #define HAVE_DLFCN_H 1
| #define LT_OBJDIR ".libs/"
| #define HAVE_ZLIB_H 1
| #define HAVE_LIBZ 1
| #define HAVE_OPENSSL_BIO_H 1
| #define STDC_HEADERS 1
| #define HAVE_FCNTL_H 1
| #define HAVE_STDARG_H 1
| #define HAVE_INTTYPES_H 1
| #define HAVE_STDINT_H 1
| #define HAVE_STDDEF_H 1
| #define HAVE_POLL_H 1
| #define HAVE_UNISTD_H 1
| #define HAVE_SYS_EPOLL_H 1
| #define HAVE_SYS_TIME_H 1
| #define HAVE_SYS_QUEUE_H 1
| #define HAVE_SYS_PARAM_H 1
| #define HAVE_SYS_IOCTL_H 1
| #define HAVE_SYS_SELECT_H 1
| #define HAVE_NETINET_IN_H 1
| #define HAVE_SYS_SOCKET_H 1
| #define HAVE_SYS_UIO_H 1
| #define HAVE_ARPA_INET_H 1
| #define HAVE_SYS_EVENTFD_H 1
| #define HAVE_SYS_MMAN_H 1
| #define HAVE_SYS_SENDFILE_H 1
| #define HAVE_SYS_WAIT_H 1
| #define HAVE_NETDB_H 1
| #define HAVE_SYS_STAT_H 1
| #define HAVE_TAILQFOREACH 1
| #define HAVE_TIMERADD 1
| #define HAVE_TIMERCMP 1
| #define HAVE_TIMERCLEAR 1
| #define HAVE_TIMERISSET 1
| #define TIME_WITH_SYS_TIME 1
| #define HAVE_GETTIMEOFDAY 1
| #define HAVE_VASPRINTF 1
| #define HAVE_FCNTL 1
| #define HAVE_CLOCK_GETTIME 1
| #define HAVE_STRTOK_R 1
| #define HAVE_STRSEP 1
| #define HAVE_GETNAMEINFO 1
| #define HAVE_STRLCPY 1
| #define HAVE_INET_NTOP 1
| #define HAVE_INET_PTON 1
| #define HAVE_SIGNAL 1
| #define HAVE_SIGACTION 1
| #define HAVE_STRTOLL 1
| #define HAVE_INET_ATON 1
| #define HAVE_PIPE 1
| #define HAVE_EVENTFD 1
| #define HAVE_SENDFILE 1
| #define HAVE_MMAP 1
| #define HAVE_SPLICE 1
| #define HAVE_ISSETUGID 1
| #define HAVE_GETEUID 1
| #define HAVE_GETEGID 1
| #define HAVE_GETPROTOBYNUMBER 1
| #define HAVE_SETENV 1
| #define HAVE_UNSETENV 1
| #define HAVE_PUTENV 1
| #define HAVE_UMASK 1
| #define HAVE_GETADDRINFO 1
| #define SIZEOF_LONG 4
| #define HAVE_SETFD 1
| #define HAVE_SELECT 1
| #define HAVE_POLL 1
| #define HAVE_EPOLL_CTL 1
| #define HAVE_EPOLL 1
| #define HAVE_UINT64_T 1
| #define HAVE_UINT32_T 1
| #define HAVE_UINT16_T 1
| #define HAVE_UINT8_T 1
| #define HAVE_UINTPTR_T 1
| #define HAVE_FD_MASK 1
| #define SIZEOF_LONG_LONG 8
| #define SIZEOF_LONG 4
| #define SIZEOF_INT 4
| #define SIZEOF_SHORT 2
| /* end confdefs.h.  */
| #include <stdio.h>
| #ifdef HAVE_SYS_TYPES_H
| # include <sys/types.h>
| #endif
| #ifdef HAVE_SYS_STAT_H
| # include <sys/stat.h>
| #endif
| #ifdef STDC_HEADERS
| # include <stdlib.h>
| # include <stddef.h>
| #else
| # ifdef HAVE_STDLIB_H
| #  include <stdlib.h>
| # endif
| #endif
| #ifdef HAVE_STRING_H
| # if !defined STDC_HEADERS && defined HAVE_MEMORY_H
| #  include <memory.h>
| # endif
| # include <string.h>
| #endif
| #ifdef HAVE_STRINGS_H
| # include <strings.h>
| #endif
| #ifdef HAVE_INTTYPES_H
| # include <inttypes.h>
| #endif
| #ifdef HAVE_STDINT_H
| # include <stdint.h>
| #endif
| #ifdef HAVE_UNISTD_H
| # include <unistd.h>
| #endif
| int
| main ()
| {
| static int test_array [1 - 2 * !(((long int) (sizeof (size_t))) <= 3)];
| test_array [0] = 0;
| return test_array [0];
| 
|   ;
|   return 0;
| }
configure:14547: /opt/lede-toolchain-ramips-mt7621_gcc-5.4.0_musl-1.1.24.Linux-x86_64/toolchain-mipsel_24kc_gcc-5.4.0_musl-1.1.24/bin/mipsel-openwrt-linux-musl-gcc -c -g -O2 -I/repo/Fail_GPL/asuswrt/release/src-ra-openwrt-4210/router/mipsel-musl/stage/usr/include -Wall -fno-strict-aliasing  conftest.c >&5
configure:14547: $? = 0
configure:14547: /opt/lede-toolchain-ramips-mt7621_gcc-5.4.0_musl-1.1.24.Linux-x86_64/toolchain-mipsel_24kc_gcc-5.4.0_musl-1.1.24/bin/mipsel-openwrt-linux-musl-gcc -c -g -O2 -I/repo/Fail_GPL/asuswrt/release/src-ra-openwrt-4210/router/mipsel-musl/stage/usr/include -Wall -fno-strict-aliasing  conftest.c >&5
configure:14547: $? = 0
configure:14547: /opt/lede-toolchain-ramips-mt7621_gcc-5.4.0_musl-1.1.24.Linux-x86_64/toolchain-mipsel_24kc_gcc-5.4.0_musl-1.1.24/bin/mipsel-openwrt-linux-musl-gcc -c -g -O2 -I/repo/Fail_GPL/asuswrt/release/src-ra-openwrt-4210/router/mipsel-musl/stage/usr/include -Wall -fno-strict-aliasing  conftest.c >&5
configure:14547: $? = 0
configure:14561: result: 4
configure:14575: checking size of void *
configure:14580: /opt/lede-toolchain-ramips-mt7621_gcc-5.4.0_musl-1.1.24.Linux-x86_64/toolchain-mipsel_24kc_gcc-5.4.0_musl-1.1.24/bin/mipsel-openwrt-linux-musl-gcc -c -g -O2 -I/repo/Fail_GPL/asuswrt/release/src-ra-openwrt-4210/router/mipsel-musl/stage/usr/include -Wall -fno-strict-aliasing  conftest.c >&5
configure:14580: $? = 0
configure:14580: /opt/lede-toolchain-ramips-mt7621_gcc-5.4.0_musl-1.1.24.Linux-x86_64/toolchain-mipsel_24kc_gcc-5.4.0_musl-1.1.24/bin/mipsel-openwrt-linux-musl-gcc -c -g -O2 -I/repo/Fail_GPL/asuswrt/release/src-ra-openwrt-4210/router/mipsel-musl/stage/usr/include -Wall -fno-strict-aliasing  conftest.c >&5
conftest.c: In function 'main':
conftest.c:138:12: error: size of array 'test_array' is negative
 static int test_array [1 - 2 * !(((long int) (sizeof (void *))) <= 0)];
            ^
configure:14580: $? = 1
configure: failed program was:
| /* confdefs.h */
| #define PACKAGE_NAME ""
| #define PACKAGE_TARNAME ""
| #define PACKAGE_VERSION ""
| #define PACKAGE_STRING ""
| #define PACKAGE_BUGREPORT ""
| #define PACKAGE_URL ""
| #define PACKAGE "libevent"
| #define VERSION "2.0.22-stable"
| #define NUMERIC_VERSION 0x02001600
| #define STDC_HEADERS 1
| #define HAVE_SYS_TYPES_H 1
| #define HAVE_SYS_STAT_H 1
| #define HAVE_STDLIB_H 1
| #define HAVE_STRING_H 1
| #define HAVE_MEMORY_H 1
| #define HAVE_STRINGS_H 1
| #define HAVE_INTTYPES_H 1
| #define HAVE_STDINT_H 1
| #define HAVE_UNISTD_H 1
| #define HAVE_DLFCN_H 1
| #define LT_OBJDIR ".libs/"
| #define HAVE_ZLIB_H 1
| #define HAVE_LIBZ 1
| #define HAVE_OPENSSL_BIO_H 1
| #define STDC_HEADERS 1
| #define HAVE_FCNTL_H 1
| #define HAVE_STDARG_H 1
| #define HAVE_INTTYPES_H 1
| #define HAVE_STDINT_H 1
| #define HAVE_STDDEF_H 1
| #define HAVE_POLL_H 1
| #define HAVE_UNISTD_H 1
| #define HAVE_SYS_EPOLL_H 1
| #define HAVE_SYS_TIME_H 1
| #define HAVE_SYS_QUEUE_H 1
| #define HAVE_SYS_PARAM_H 1
| #define HAVE_SYS_IOCTL_H 1
| #define HAVE_SYS_SELECT_H 1
| #define HAVE_NETINET_IN_H 1
| #define HAVE_SYS_SOCKET_H 1
| #define HAVE_SYS_UIO_H 1
| #define HAVE_ARPA_INET_H 1
| #define HAVE_SYS_EVENTFD_H 1
| #define HAVE_SYS_MMAN_H 1
| #define HAVE_SYS_SENDFILE_H 1
| #define HAVE_SYS_WAIT_H 1
| #define HAVE_NETDB_H 1
| #define HAVE_SYS_STAT_H 1
| #define HAVE_TAILQFOREACH 1
| #define HAVE_TIMERADD 1
| #define HAVE_TIMERCMP 1
| #define HAVE_TIMERCLEAR 1
| #define HAVE_TIMERISSET 1
| #define TIME_WITH_SYS_TIME 1
| #define HAVE_GETTIMEOFDAY 1
| #define HAVE_VASPRINTF 1
| #define HAVE_FCNTL 1
| #define HAVE_CLOCK_GETTIME 1
| #define HAVE_STRTOK_R 1
| #define HAVE_STRSEP 1
| #define HAVE_GETNAMEINFO 1
| #define HAVE_STRLCPY 1
| #define HAVE_INET_NTOP 1
| #define HAVE_INET_PTON 1
| #define HAVE_SIGNAL 1
| #define HAVE_SIGACTION 1
| #define HAVE_STRTOLL 1
| #define HAVE_INET_ATON 1
| #define HAVE_PIPE 1
| #define HAVE_EVENTFD 1
| #define HAVE_SENDFILE 1
| #define HAVE_MMAP 1
| #define HAVE_SPLICE 1
| #define HAVE_ISSETUGID 1
| #define HAVE_GETEUID 1
| #define HAVE_GETEGID 1
| #define HAVE_GETPROTOBYNUMBER 1
| #define HAVE_SETENV 1
| #define HAVE_UNSETENV 1
| #define HAVE_PUTENV 1
| #define HAVE_UMASK 1
| #define HAVE_GETADDRINFO 1
| #define SIZEOF_LONG 4
| #define HAVE_SETFD 1
| #define HAVE_SELECT 1
| #define HAVE_POLL 1
| #define HAVE_EPOLL_CTL 1
| #define HAVE_EPOLL 1
| #define HAVE_UINT64_T 1
| #define HAVE_UINT32_T 1
| #define HAVE_UINT16_T 1
| #define HAVE_UINT8_T 1
| #define HAVE_UINTPTR_T 1
| #define HAVE_FD_MASK 1
| #define SIZEOF_LONG_LONG 8
| #define SIZEOF_LONG 4
| #define SIZEOF_INT 4
| #define SIZEOF_SHORT 2
| #define SIZEOF_SIZE_T 4
| /* end confdefs.h.  */
| #include <stdio.h>
| #ifdef HAVE_SYS_TYPES_H
| # include <sys/types.h>
| #endif
| #ifdef HAVE_SYS_STAT_H
| # include <sys/stat.h>
| #endif
| #ifdef STDC_HEADERS
| # include <stdlib.h>
| # include <stddef.h>
| #else
| # ifdef HAVE_STDLIB_H
| #  include <stdlib.h>
| # endif
| #endif
| #ifdef HAVE_STRING_H
| # if !defined STDC_HEADERS && defined HAVE_MEMORY_H
| #  include <memory.h>
| # endif
| # include <string.h>
| #endif
| #ifdef HAVE_STRINGS_H
| # include <strings.h>
| #endif
| #ifdef HAVE_INTTYPES_H
| # include <inttypes.h>
| #endif
| #ifdef HAVE_STDINT_H
| # include <stdint.h>
| #endif
| #ifdef HAVE_UNISTD_H
| # include <unistd.h>
| #endif
| int
| main ()
| {
| static int test_array [1 - 2 * !(((long int) (sizeof (void *))) <= 0)];
| test_array [0] = 0;
| return test_array [0];
| 
|   ;
|   return 0;
| }
configure:14580: /opt/lede-toolchain-ramips-mt7621_gcc-5.4.0_musl-1.1.24.Linux-x86_64/toolchain-mipsel_24kc_gcc-5.4.0_musl-1.1.24/bin/mipsel-openwrt-linux-musl-gcc -c -g -O2 -I/repo/Fail_GPL/asuswrt/release/src-ra-openwrt-4210/router/mipsel-musl/stage/usr/include -Wall -fno-strict-aliasing  conftest.c >&5
conftest.c: In function 'main':
conftest.c:138:12: error: size of array 'test_array' is negative
 static int test_array [1 - 2 * !(((long int) (sizeof (void *))) <= 1)];
            ^
configure:14580: $? = 1
configure: failed program was:
| /* confdefs.h */
| #define PACKAGE_NAME ""
| #define PACKAGE_TARNAME ""
| #define PACKAGE_VERSION ""
| #define PACKAGE_STRING ""
| #define PACKAGE_BUGREPORT ""
| #define PACKAGE_URL ""
| #define PACKAGE "libevent"
| #define VERSION "2.0.22-stable"
| #define NUMERIC_VERSION 0x02001600
| #define STDC_HEADERS 1
| #define HAVE_SYS_TYPES_H 1
| #define HAVE_SYS_STAT_H 1
| #define HAVE_STDLIB_H 1
| #define HAVE_STRING_H 1
| #define HAVE_MEMORY_H 1
| #define HAVE_STRINGS_H 1
| #define HAVE_INTTYPES_H 1
| #define HAVE_STDINT_H 1
| #define HAVE_UNISTD_H 1
| #define HAVE_DLFCN_H 1
| #define LT_OBJDIR ".libs/"
| #define HAVE_ZLIB_H 1
| #define HAVE_LIBZ 1
| #define HAVE_OPENSSL_BIO_H 1
| #define STDC_HEADERS 1
| #define HAVE_FCNTL_H 1
| #define HAVE_STDARG_H 1
| #define HAVE_INTTYPES_H 1
| #define HAVE_STDINT_H 1
| #define HAVE_STDDEF_H 1
| #define HAVE_POLL_H 1
| #define HAVE_UNISTD_H 1
| #define HAVE_SYS_EPOLL_H 1
| #define HAVE_SYS_TIME_H 1
| #define HAVE_SYS_QUEUE_H 1
| #define HAVE_SYS_PARAM_H 1
| #define HAVE_SYS_IOCTL_H 1
| #define HAVE_SYS_SELECT_H 1
| #define HAVE_NETINET_IN_H 1
| #define HAVE_SYS_SOCKET_H 1
| #define HAVE_SYS_UIO_H 1
| #define HAVE_ARPA_INET_H 1
| #define HAVE_SYS_EVENTFD_H 1
| #define HAVE_SYS_MMAN_H 1
| #define HAVE_SYS_SENDFILE_H 1
| #define HAVE_SYS_WAIT_H 1
| #define HAVE_NETDB_H 1
| #define HAVE_SYS_STAT_H 1
| #define HAVE_TAILQFOREACH 1
| #define HAVE_TIMERADD 1
| #define HAVE_TIMERCMP 1
| #define HAVE_TIMERCLEAR 1
| #define HAVE_TIMERISSET 1
| #define TIME_WITH_SYS_TIME 1
| #define HAVE_GETTIMEOFDAY 1
| #define HAVE_VASPRINTF 1
| #define HAVE_FCNTL 1
| #define HAVE_CLOCK_GETTIME 1
| #define HAVE_STRTOK_R 1
| #define HAVE_STRSEP 1
| #define HAVE_GETNAMEINFO 1
| #define HAVE_STRLCPY 1
| #define HAVE_INET_NTOP 1
| #define HAVE_INET_PTON 1
| #define HAVE_SIGNAL 1
| #define HAVE_SIGACTION 1
| #define HAVE_STRTOLL 1
| #define HAVE_INET_ATON 1
| #define HAVE_PIPE 1
| #define HAVE_EVENTFD 1
| #define HAVE_SENDFILE 1
| #define HAVE_MMAP 1
| #define HAVE_SPLICE 1
| #define HAVE_ISSETUGID 1
| #define HAVE_GETEUID 1
| #define HAVE_GETEGID 1
| #define HAVE_GETPROTOBYNUMBER 1
| #define HAVE_SETENV 1
| #define HAVE_UNSETENV 1
| #define HAVE_PUTENV 1
| #define HAVE_UMASK 1
| #define HAVE_GETADDRINFO 1
| #define SIZEOF_LONG 4
| #define HAVE_SETFD 1
| #define HAVE_SELECT 1
| #define HAVE_POLL 1
| #define HAVE_EPOLL_CTL 1
| #define HAVE_EPOLL 1
| #define HAVE_UINT64_T 1
| #define HAVE_UINT32_T 1
| #define HAVE_UINT16_T 1
| #define HAVE_UINT8_T 1
| #define HAVE_UINTPTR_T 1
| #define HAVE_FD_MASK 1
| #define SIZEOF_LONG_LONG 8
| #define SIZEOF_LONG 4
| #define SIZEOF_INT 4
| #define SIZEOF_SHORT 2
| #define SIZEOF_SIZE_T 4
| /* end confdefs.h.  */
| #include <stdio.h>
| #ifdef HAVE_SYS_TYPES_H
| # include <sys/types.h>
| #endif
| #ifdef HAVE_SYS_STAT_H
| # include <sys/stat.h>
| #endif
| #ifdef STDC_HEADERS
| # include <stdlib.h>
| # include <stddef.h>
| #else
| # ifdef HAVE_STDLIB_H
| #  include <stdlib.h>
| # endif
| #endif
| #ifdef HAVE_STRING_H
| # if !defined STDC_HEADERS && defined HAVE_MEMORY_H
| #  include <memory.h>
| # endif
| # include <string.h>
| #endif
| #ifdef HAVE_STRINGS_H
| # include <strings.h>
| #endif
| #ifdef HAVE_INTTYPES_H
| # include <inttypes.h>
| #endif
| #ifdef HAVE_STDINT_H
| # include <stdint.h>
| #endif
| #ifdef HAVE_UNISTD_H
| # include <unistd.h>
| #endif
| int
| main ()
| {
| static int test_array [1 - 2 * !(((long int) (sizeof (void *))) <= 1)];
| test_array [0] = 0;
| return test_array [0];
| 
|   ;
|   return 0;
| }
configure:14580: /opt/lede-toolchain-ramips-mt7621_gcc-5.4.0_musl-1.1.24.Linux-x86_64/toolchain-mipsel_24kc_gcc-5.4.0_musl-1.1.24/bin/mipsel-openwrt-linux-musl-gcc -c -g -O2 -I/repo/Fail_GPL/asuswrt/release/src-ra-openwrt-4210/router/mipsel-musl/stage/usr/include -Wall -fno-strict-aliasing  conftest.c >&5
conftest.c: In function 'main':
conftest.c:138:12: error: size of array 'test_array' is negative
 static int test_array [1 - 2 * !(((long int) (sizeof (void *))) <= 3)];
            ^
configure:14580: $? = 1
configure: failed program was:
| /* confdefs.h */
| #define PACKAGE_NAME ""
| #define PACKAGE_TARNAME ""
| #define PACKAGE_VERSION ""
| #define PACKAGE_STRING ""
| #define PACKAGE_BUGREPORT ""
| #define PACKAGE_URL ""
| #define PACKAGE "libevent"
| #define VERSION "2.0.22-stable"
| #define NUMERIC_VERSION 0x02001600
| #define STDC_HEADERS 1
| #define HAVE_SYS_TYPES_H 1
| #define HAVE_SYS_STAT_H 1
| #define HAVE_STDLIB_H 1
| #define HAVE_STRING_H 1
| #define HAVE_MEMORY_H 1
| #define HAVE_STRINGS_H 1
| #define HAVE_INTTYPES_H 1
| #define HAVE_STDINT_H 1
| #define HAVE_UNISTD_H 1
| #define HAVE_DLFCN_H 1
| #define LT_OBJDIR ".libs/"
| #define HAVE_ZLIB_H 1
| #define HAVE_LIBZ 1
| #define HAVE_OPENSSL_BIO_H 1
| #define STDC_HEADERS 1
| #define HAVE_FCNTL_H 1
| #define HAVE_STDARG_H 1
| #define HAVE_INTTYPES_H 1
| #define HAVE_STDINT_H 1
| #define HAVE_STDDEF_H 1
| #define HAVE_POLL_H 1
| #define HAVE_UNISTD_H 1
| #define HAVE_SYS_EPOLL_H 1
| #define HAVE_SYS_TIME_H 1
| #define HAVE_SYS_QUEUE_H 1
| #define HAVE_SYS_PARAM_H 1
| #define HAVE_SYS_IOCTL_H 1
| #define HAVE_SYS_SELECT_H 1
| #define HAVE_NETINET_IN_H 1
| #define HAVE_SYS_SOCKET_H 1
| #define HAVE_SYS_UIO_H 1
| #define HAVE_ARPA_INET_H 1
| #define HAVE_SYS_EVENTFD_H 1
| #define HAVE_SYS_MMAN_H 1
| #define HAVE_SYS_SENDFILE_H 1
| #define HAVE_SYS_WAIT_H 1
| #define HAVE_NETDB_H 1
| #define HAVE_SYS_STAT_H 1
| #define HAVE_TAILQFOREACH 1
| #define HAVE_TIMERADD 1
| #define HAVE_TIMERCMP 1
| #define HAVE_TIMERCLEAR 1
| #define HAVE_TIMERISSET 1
| #define TIME_WITH_SYS_TIME 1
| #define HAVE_GETTIMEOFDAY 1
| #define HAVE_VASPRINTF 1
| #define HAVE_FCNTL 1
| #define HAVE_CLOCK_GETTIME 1
| #define HAVE_STRTOK_R 1
| #define HAVE_STRSEP 1
| #define HAVE_GETNAMEINFO 1
| #define HAVE_STRLCPY 1
| #define HAVE_INET_NTOP 1
| #define HAVE_INET_PTON 1
| #define HAVE_SIGNAL 1
| #define HAVE_SIGACTION 1
| #define HAVE_STRTOLL 1
| #define HAVE_INET_ATON 1
| #define HAVE_PIPE 1
| #define HAVE_EVENTFD 1
| #define HAVE_SENDFILE 1
| #define HAVE_MMAP 1
| #define HAVE_SPLICE 1
| #define HAVE_ISSETUGID 1
| #define HAVE_GETEUID 1
| #define HAVE_GETEGID 1
| #define HAVE_GETPROTOBYNUMBER 1
| #define HAVE_SETENV 1
| #define HAVE_UNSETENV 1
| #define HAVE_PUTENV 1
| #define HAVE_UMASK 1
| #define HAVE_GETADDRINFO 1
| #define SIZEOF_LONG 4
| #define HAVE_SETFD 1
| #define HAVE_SELECT 1
| #define HAVE_POLL 1
| #define HAVE_EPOLL_CTL 1
| #define HAVE_EPOLL 1
| #define HAVE_UINT64_T 1
| #define HAVE_UINT32_T 1
| #define HAVE_UINT16_T 1
| #define HAVE_UINT8_T 1
| #define HAVE_UINTPTR_T 1
| #define HAVE_FD_MASK 1
| #define SIZEOF_LONG_LONG 8
| #define SIZEOF_LONG 4
| #define SIZEOF_INT 4
| #define SIZEOF_SHORT 2
| #define SIZEOF_SIZE_T 4
| /* end confdefs.h.  */
| #include <stdio.h>
| #ifdef HAVE_SYS_TYPES_H
| # include <sys/types.h>
| #endif
| #ifdef HAVE_SYS_STAT_H
| # include <sys/stat.h>
| #endif
| #ifdef STDC_HEADERS
| # include <stdlib.h>
| # include <stddef.h>
| #else
| # ifdef HAVE_STDLIB_H
| #  include <stdlib.h>
| # endif
| #endif
| #ifdef HAVE_STRING_H
| # if !defined STDC_HEADERS && defined HAVE_MEMORY_H
| #  include <memory.h>
| # endif
| # include <string.h>
| #endif
| #ifdef HAVE_STRINGS_H
| # include <strings.h>
| #endif
| #ifdef HAVE_INTTYPES_H
| # include <inttypes.h>
| #endif
| #ifdef HAVE_STDINT_H
| # include <stdint.h>
| #endif
| #ifdef HAVE_UNISTD_H
| # include <unistd.h>
| #endif
| int
| main ()
| {
| static int test_array [1 - 2 * !(((long int) (sizeof (void *))) <= 3)];
| test_array [0] = 0;
| return test_array [0];
| 
|   ;
|   return 0;
| }
configure:14580: /opt/lede-toolchain-ramips-mt7621_gcc-5.4.0_musl-1.1.24.Linux-x86_64/toolchain-mipsel_24kc_gcc-5.4.0_musl-1.1.24/bin/mipsel-openwrt-linux-musl-gcc -c -g -O2 -I/repo/Fail_GPL/asuswrt/release/src-ra-openwrt-4210/router/mipsel-musl/stage/usr/include -Wall -fno-strict-aliasing  conftest.c >&5
configure:14580: $? = 0
configure:14580: /opt/lede-toolchain-ramips-mt7621_gcc-5.4.0_musl-1.1.24.Linux-x86_64/toolchain-mipsel_24kc_gcc-5.4.0_musl-1.1.24/bin/mipsel-openwrt-linux-musl-gcc -c -g -O2 -I/repo/Fail_GPL/asuswrt/release/src-ra-openwrt-4210/router/mipsel-musl/stage/usr/include -Wall -fno-strict-aliasing  conftest.c >&5
configure:14580: $? = 0
configure:14580: /opt/lede-toolchain-ramips-mt7621_gcc-5.4.0_musl-1.1.24.Linux-x86_64/toolchain-mipsel_24kc_gcc-5.4.0_musl-1.1.24/bin/mipsel-openwrt-linux-musl-gcc -c -g -O2 -I/repo/Fail_GPL/asuswrt/release/src-ra-openwrt-4210/router/mipsel-musl/stage/usr/include -Wall -fno-strict-aliasing  conftest.c >&5
configure:14580: $? = 0
configure:14594: result: 4
configure:14608: checking size of off_t
configure:14613: /opt/lede-toolchain-ramips-mt7621_gcc-5.4.0_musl-1.1.24.Linux-x86_64/toolchain-mipsel_24kc_gcc-5.4.0_musl-1.1.24/bin/mipsel-openwrt-linux-musl-gcc -c -g -O2 -I/repo/Fail_GPL/asuswrt/release/src-ra-openwrt-4210/router/mipsel-musl/stage/usr/include -Wall -fno-strict-aliasing  conftest.c >&5
configure:14613: $? = 0
configure:14613: /opt/lede-toolchain-ramips-mt7621_gcc-5.4.0_musl-1.1.24.Linux-x86_64/toolchain-mipsel_24kc_gcc-5.4.0_musl-1.1.24/bin/mipsel-openwrt-linux-musl-gcc -c -g -O2 -I/repo/Fail_GPL/asuswrt/release/src-ra-openwrt-4210/router/mipsel-musl/stage/usr/include -Wall -fno-strict-aliasing  conftest.c >&5
conftest.c: In function 'main':
conftest.c:139:12: error: size of array 'test_array' is negative
 static int test_array [1 - 2 * !(((long int) (sizeof (off_t))) <= 0)];
            ^
configure:14613: $? = 1
configure: failed program was:
| /* confdefs.h */
| #define PACKAGE_NAME ""
| #define PACKAGE_TARNAME ""
| #define PACKAGE_VERSION ""
| #define PACKAGE_STRING ""
| #define PACKAGE_BUGREPORT ""
| #define PACKAGE_URL ""
| #define PACKAGE "libevent"
| #define VERSION "2.0.22-stable"
| #define NUMERIC_VERSION 0x02001600
| #define STDC_HEADERS 1
| #define HAVE_SYS_TYPES_H 1
| #define HAVE_SYS_STAT_H 1
| #define HAVE_STDLIB_H 1
| #define HAVE_STRING_H 1
| #define HAVE_MEMORY_H 1
| #define HAVE_STRINGS_H 1
| #define HAVE_INTTYPES_H 1
| #define HAVE_STDINT_H 1
| #define HAVE_UNISTD_H 1
| #define HAVE_DLFCN_H 1
| #define LT_OBJDIR ".libs/"
| #define HAVE_ZLIB_H 1
| #define HAVE_LIBZ 1
| #define HAVE_OPENSSL_BIO_H 1
| #define STDC_HEADERS 1
| #define HAVE_FCNTL_H 1
| #define HAVE_STDARG_H 1
| #define HAVE_INTTYPES_H 1
| #define HAVE_STDINT_H 1
| #define HAVE_STDDEF_H 1
| #define HAVE_POLL_H 1
| #define HAVE_UNISTD_H 1
| #define HAVE_SYS_EPOLL_H 1
| #define HAVE_SYS_TIME_H 1
| #define HAVE_SYS_QUEUE_H 1
| #define HAVE_SYS_PARAM_H 1
| #define HAVE_SYS_IOCTL_H 1
| #define HAVE_SYS_SELECT_H 1
| #define HAVE_NETINET_IN_H 1
| #define HAVE_SYS_SOCKET_H 1
| #define HAVE_SYS_UIO_H 1
| #define HAVE_ARPA_INET_H 1
| #define HAVE_SYS_EVENTFD_H 1
| #define HAVE_SYS_MMAN_H 1
| #define HAVE_SYS_SENDFILE_H 1
| #define HAVE_SYS_WAIT_H 1
| #define HAVE_NETDB_H 1
| #define HAVE_SYS_STAT_H 1
| #define HAVE_TAILQFOREACH 1
| #define HAVE_TIMERADD 1
| #define HAVE_TIMERCMP 1
| #define HAVE_TIMERCLEAR 1
| #define HAVE_TIMERISSET 1
| #define TIME_WITH_SYS_TIME 1
| #define HAVE_GETTIMEOFDAY 1
| #define HAVE_VASPRINTF 1
| #define HAVE_FCNTL 1
| #define HAVE_CLOCK_GETTIME 1
| #define HAVE_STRTOK_R 1
| #define HAVE_STRSEP 1
| #define HAVE_GETNAMEINFO 1
| #define HAVE_STRLCPY 1
| #define HAVE_INET_NTOP 1
| #define HAVE_INET_PTON 1
| #define HAVE_SIGNAL 1
| #define HAVE_SIGACTION 1
| #define HAVE_STRTOLL 1
| #define HAVE_INET_ATON 1
| #define HAVE_PIPE 1
| #define HAVE_EVENTFD 1
| #define HAVE_SENDFILE 1
| #define HAVE_MMAP 1
| #define HAVE_SPLICE 1
| #define HAVE_ISSETUGID 1
| #define HAVE_GETEUID 1
| #define HAVE_GETEGID 1
| #define HAVE_GETPROTOBYNUMBER 1
| #define HAVE_SETENV 1
| #define HAVE_UNSETENV 1
| #define HAVE_PUTENV 1
| #define HAVE_UMASK 1
| #define HAVE_GETADDRINFO 1
| #define SIZEOF_LONG 4
| #define HAVE_SETFD 1
| #define HAVE_SELECT 1
| #define HAVE_POLL 1
| #define HAVE_EPOLL_CTL 1
| #define HAVE_EPOLL 1
| #define HAVE_UINT64_T 1
| #define HAVE_UINT32_T 1
| #define HAVE_UINT16_T 1
| #define HAVE_UINT8_T 1
| #define HAVE_UINTPTR_T 1
| #define HAVE_FD_MASK 1
| #define SIZEOF_LONG_LONG 8
| #define SIZEOF_LONG 4
| #define SIZEOF_INT 4
| #define SIZEOF_SHORT 2
| #define SIZEOF_SIZE_T 4
| #define SIZEOF_VOID_P 4
| /* end confdefs.h.  */
| #include <stdio.h>
| #ifdef HAVE_SYS_TYPES_H
| # include <sys/types.h>
| #endif
| #ifdef HAVE_SYS_STAT_H
| # include <sys/stat.h>
| #endif
| #ifdef STDC_HEADERS
| # include <stdlib.h>
| # include <stddef.h>
| #else
| # ifdef HAVE_STDLIB_H
| #  include <stdlib.h>
| # endif
| #endif
| #ifdef HAVE_STRING_H
| # if !defined STDC_HEADERS && defined HAVE_MEMORY_H
| #  include <memory.h>
| # endif
| # include <string.h>
| #endif
| #ifdef HAVE_STRINGS_H
| # include <strings.h>
| #endif
| #ifdef HAVE_INTTYPES_H
| # include <inttypes.h>
| #endif
| #ifdef HAVE_STDINT_H
| # include <stdint.h>
| #endif
| #ifdef HAVE_UNISTD_H
| # include <unistd.h>
| #endif
| int
| main ()
| {
| static int test_array [1 - 2 * !(((long int) (sizeof (off_t))) <= 0)];
| test_array [0] = 0;
| return test_array [0];
| 
|   ;
|   return 0;
| }
configure:14613: /opt/lede-toolchain-ramips-mt7621_gcc-5.4.0_musl-1.1.24.Linux-x86_64/toolchain-mipsel_24kc_gcc-5.4.0_musl-1.1.24/bin/mipsel-openwrt-linux-musl-gcc -c -g -O2 -I/repo/Fail_GPL/asuswrt/release/src-ra-openwrt-4210/router/mipsel-musl/stage/usr/include -Wall -fno-strict-aliasing  conftest.c >&5
conftest.c: In function 'main':
conftest.c:139:12: error: size of array 'test_array' is negative
 static int test_array [1 - 2 * !(((long int) (sizeof (off_t))) <= 1)];
            ^
configure:14613: $? = 1
configure: failed program was:
| /* confdefs.h */
| #define PACKAGE_NAME ""
| #define PACKAGE_TARNAME ""
| #define PACKAGE_VERSION ""
| #define PACKAGE_STRING ""
| #define PACKAGE_BUGREPORT ""
| #define PACKAGE_URL ""
| #define PACKAGE "libevent"
| #define VERSION "2.0.22-stable"
| #define NUMERIC_VERSION 0x02001600
| #define STDC_HEADERS 1
| #define HAVE_SYS_TYPES_H 1
| #define HAVE_SYS_STAT_H 1
| #define HAVE_STDLIB_H 1
| #define HAVE_STRING_H 1
| #define HAVE_MEMORY_H 1
| #define HAVE_STRINGS_H 1
| #define HAVE_INTTYPES_H 1
| #define HAVE_STDINT_H 1
| #define HAVE_UNISTD_H 1
| #define HAVE_DLFCN_H 1
| #define LT_OBJDIR ".libs/"
| #define HAVE_ZLIB_H 1
| #define HAVE_LIBZ 1
| #define HAVE_OPENSSL_BIO_H 1
| #define STDC_HEADERS 1
| #define HAVE_FCNTL_H 1
| #define HAVE_STDARG_H 1
| #define HAVE_INTTYPES_H 1
| #define HAVE_STDINT_H 1
| #define HAVE_STDDEF_H 1
| #define HAVE_POLL_H 1
| #define HAVE_UNISTD_H 1
| #define HAVE_SYS_EPOLL_H 1
| #define HAVE_SYS_TIME_H 1
| #define HAVE_SYS_QUEUE_H 1
| #define HAVE_SYS_PARAM_H 1
| #define HAVE_SYS_IOCTL_H 1
| #define HAVE_SYS_SELECT_H 1
| #define HAVE_NETINET_IN_H 1
| #define HAVE_SYS_SOCKET_H 1
| #define HAVE_SYS_UIO_H 1
| #define HAVE_ARPA_INET_H 1
| #define HAVE_SYS_EVENTFD_H 1
| #define HAVE_SYS_MMAN_H 1
| #define HAVE_SYS_SENDFILE_H 1
| #define HAVE_SYS_WAIT_H 1
| #define HAVE_NETDB_H 1
| #define HAVE_SYS_STAT_H 1
| #define HAVE_TAILQFOREACH 1
| #define HAVE_TIMERADD 1
| #define HAVE_TIMERCMP 1
| #define HAVE_TIMERCLEAR 1
| #define HAVE_TIMERISSET 1
| #define TIME_WITH_SYS_TIME 1
| #define HAVE_GETTIMEOFDAY 1
| #define HAVE_VASPRINTF 1
| #define HAVE_FCNTL 1
| #define HAVE_CLOCK_GETTIME 1
| #define HAVE_STRTOK_R 1
| #define HAVE_STRSEP 1
| #define HAVE_GETNAMEINFO 1
| #define HAVE_STRLCPY 1
| #define HAVE_INET_NTOP 1
| #define HAVE_INET_PTON 1
| #define HAVE_SIGNAL 1
| #define HAVE_SIGACTION 1
| #define HAVE_STRTOLL 1
| #define HAVE_INET_ATON 1
| #define HAVE_PIPE 1
| #define HAVE_EVENTFD 1
| #define HAVE_SENDFILE 1
| #define HAVE_MMAP 1
| #define HAVE_SPLICE 1
| #define HAVE_ISSETUGID 1
| #define HAVE_GETEUID 1
| #define HAVE_GETEGID 1
| #define HAVE_GETPROTOBYNUMBER 1
| #define HAVE_SETENV 1
| #define HAVE_UNSETENV 1
| #define HAVE_PUTENV 1
| #define HAVE_UMASK 1
| #define HAVE_GETADDRINFO 1
| #define SIZEOF_LONG 4
| #define HAVE_SETFD 1
| #define HAVE_SELECT 1
| #define HAVE_POLL 1
| #define HAVE_EPOLL_CTL 1
| #define HAVE_EPOLL 1
| #define HAVE_UINT64_T 1
| #define HAVE_UINT32_T 1
| #define HAVE_UINT16_T 1
| #define HAVE_UINT8_T 1
| #define HAVE_UINTPTR_T 1
| #define HAVE_FD_MASK 1
| #define SIZEOF_LONG_LONG 8
| #define SIZEOF_LONG 4
| #define SIZEOF_INT 4
| #define SIZEOF_SHORT 2
| #define SIZEOF_SIZE_T 4
| #define SIZEOF_VOID_P 4
| /* end confdefs.h.  */
| #include <stdio.h>
| #ifdef HAVE_SYS_TYPES_H
| # include <sys/types.h>
| #endif
| #ifdef HAVE_SYS_STAT_H
| # include <sys/stat.h>
| #endif
| #ifdef STDC_HEADERS
| # include <stdlib.h>
| # include <stddef.h>
| #else
| # ifdef HAVE_STDLIB_H
| #  include <stdlib.h>
| # endif
| #endif
| #ifdef HAVE_STRING_H
| # if !defined STDC_HEADERS && defined HAVE_MEMORY_H
| #  include <memory.h>
| # endif
| # include <string.h>
| #endif
| #ifdef HAVE_STRINGS_H
| # include <strings.h>
| #endif
| #ifdef HAVE_INTTYPES_H
| # include <inttypes.h>
| #endif
| #ifdef HAVE_STDINT_H
| # include <stdint.h>
| #endif
| #ifdef HAVE_UNISTD_H
| # include <unistd.h>
| #endif
| int
| main ()
| {
| static int test_array [1 - 2 * !(((long int) (sizeof (off_t))) <= 1)];
| test_array [0] = 0;
| return test_array [0];
| 
|   ;
|   return 0;
| }
configure:14613: /opt/lede-toolchain-ramips-mt7621_gcc-5.4.0_musl-1.1.24.Linux-x86_64/toolchain-mipsel_24kc_gcc-5.4.0_musl-1.1.24/bin/mipsel-openwrt-linux-musl-gcc -c -g -O2 -I/repo/Fail_GPL/asuswrt/release/src-ra-openwrt-4210/router/mipsel-musl/stage/usr/include -Wall -fno-strict-aliasing  conftest.c >&5
conftest.c: In function 'main':
conftest.c:139:12: error: size of array 'test_array' is negative
 static int test_array [1 - 2 * !(((long int) (sizeof (off_t))) <= 3)];
            ^
configure:14613: $? = 1
configure: failed program was:
| /* confdefs.h */
| #define PACKAGE_NAME ""
| #define PACKAGE_TARNAME ""
| #define PACKAGE_VERSION ""
| #define PACKAGE_STRING ""
| #define PACKAGE_BUGREPORT ""
| #define PACKAGE_URL ""
| #define PACKAGE "libevent"
| #define VERSION "2.0.22-stable"
| #define NUMERIC_VERSION 0x02001600
| #define STDC_HEADERS 1
| #define HAVE_SYS_TYPES_H 1
| #define HAVE_SYS_STAT_H 1
| #define HAVE_STDLIB_H 1
| #define HAVE_STRING_H 1
| #define HAVE_MEMORY_H 1
| #define HAVE_STRINGS_H 1
| #define HAVE_INTTYPES_H 1
| #define HAVE_STDINT_H 1
| #define HAVE_UNISTD_H 1
| #define HAVE_DLFCN_H 1
| #define LT_OBJDIR ".libs/"
| #define HAVE_ZLIB_H 1
| #define HAVE_LIBZ 1
| #define HAVE_OPENSSL_BIO_H 1
| #define STDC_HEADERS 1
| #define HAVE_FCNTL_H 1
| #define HAVE_STDARG_H 1
| #define HAVE_INTTYPES_H 1
| #define HAVE_STDINT_H 1
| #define HAVE_STDDEF_H 1
| #define HAVE_POLL_H 1
| #define HAVE_UNISTD_H 1
| #define HAVE_SYS_EPOLL_H 1
| #define HAVE_SYS_TIME_H 1
| #define HAVE_SYS_QUEUE_H 1
| #define HAVE_SYS_PARAM_H 1
| #define HAVE_SYS_IOCTL_H 1
| #define HAVE_SYS_SELECT_H 1
| #define HAVE_NETINET_IN_H 1
| #define HAVE_SYS_SOCKET_H 1
| #define HAVE_SYS_UIO_H 1
| #define HAVE_ARPA_INET_H 1
| #define HAVE_SYS_EVENTFD_H 1
| #define HAVE_SYS_MMAN_H 1
| #define HAVE_SYS_SENDFILE_H 1
| #define HAVE_SYS_WAIT_H 1
| #define HAVE_NETDB_H 1
| #define HAVE_SYS_STAT_H 1
| #define HAVE_TAILQFOREACH 1
| #define HAVE_TIMERADD 1
| #define HAVE_TIMERCMP 1
| #define HAVE_TIMERCLEAR 1
| #define HAVE_TIMERISSET 1
| #define TIME_WITH_SYS_TIME 1
| #define HAVE_GETTIMEOFDAY 1
| #define HAVE_VASPRINTF 1
| #define HAVE_FCNTL 1
| #define HAVE_CLOCK_GETTIME 1
| #define HAVE_STRTOK_R 1
| #define HAVE_STRSEP 1
| #define HAVE_GETNAMEINFO 1
| #define HAVE_STRLCPY 1
| #define HAVE_INET_NTOP 1
| #define HAVE_INET_PTON 1
| #define HAVE_SIGNAL 1
| #define HAVE_SIGACTION 1
| #define HAVE_STRTOLL 1
| #define HAVE_INET_ATON 1
| #define HAVE_PIPE 1
| #define HAVE_EVENTFD 1
| #define HAVE_SENDFILE 1
| #define HAVE_MMAP 1
| #define HAVE_SPLICE 1
| #define HAVE_ISSETUGID 1
| #define HAVE_GETEUID 1
| #define HAVE_GETEGID 1
| #define HAVE_GETPROTOBYNUMBER 1
| #define HAVE_SETENV 1
| #define HAVE_UNSETENV 1
| #define HAVE_PUTENV 1
| #define HAVE_UMASK 1
| #define HAVE_GETADDRINFO 1
| #define SIZEOF_LONG 4
| #define HAVE_SETFD 1
| #define HAVE_SELECT 1
| #define HAVE_POLL 1
| #define HAVE_EPOLL_CTL 1
| #define HAVE_EPOLL 1
| #define HAVE_UINT64_T 1
| #define HAVE_UINT32_T 1
| #define HAVE_UINT16_T 1
| #define HAVE_UINT8_T 1
| #define HAVE_UINTPTR_T 1
| #define HAVE_FD_MASK 1
| #define SIZEOF_LONG_LONG 8
| #define SIZEOF_LONG 4
| #define SIZEOF_INT 4
| #define SIZEOF_SHORT 2
| #define SIZEOF_SIZE_T 4
| #define SIZEOF_VOID_P 4
| /* end confdefs.h.  */
| #include <stdio.h>
| #ifdef HAVE_SYS_TYPES_H
| # include <sys/types.h>
| #endif
| #ifdef HAVE_SYS_STAT_H
| # include <sys/stat.h>
| #endif
| #ifdef STDC_HEADERS
| # include <stdlib.h>
| # include <stddef.h>
| #else
| # ifdef HAVE_STDLIB_H
| #  include <stdlib.h>
| # endif
| #endif
| #ifdef HAVE_STRING_H
| # if !defined STDC_HEADERS && defined HAVE_MEMORY_H
| #  include <memory.h>
| # endif
| # include <string.h>
| #endif
| #ifdef HAVE_STRINGS_H
| # include <strings.h>
| #endif
| #ifdef HAVE_INTTYPES_H
| # include <inttypes.h>
| #endif
| #ifdef HAVE_STDINT_H
| # include <stdint.h>
| #endif
| #ifdef HAVE_UNISTD_H
| # include <unistd.h>
| #endif
| int
| main ()
| {
| static int test_array [1 - 2 * !(((long int) (sizeof (off_t))) <= 3)];
| test_array [0] = 0;
| return test_array [0];
| 
|   ;
|   return 0;
| }
configure:14613: /opt/lede-toolchain-ramips-mt7621_gcc-5.4.0_musl-1.1.24.Linux-x86_64/toolchain-mipsel_24kc_gcc-5.4.0_musl-1.1.24/bin/mipsel-openwrt-linux-musl-gcc -c -g -O2 -I/repo/Fail_GPL/asuswrt/release/src-ra-openwrt-4210/router/mipsel-musl/stage/usr/include -Wall -fno-strict-aliasing  conftest.c >&5
conftest.c: In function 'main':
conftest.c:139:12: error: size of array 'test_array' is negative
 static int test_array [1 - 2 * !(((long int) (sizeof (off_t))) <= 7)];
            ^
configure:14613: $? = 1
configure: failed program was:
| /* confdefs.h */
| #define PACKAGE_NAME ""
| #define PACKAGE_TARNAME ""
| #define PACKAGE_VERSION ""
| #define PACKAGE_STRING ""
| #define PACKAGE_BUGREPORT ""
| #define PACKAGE_URL ""
| #define PACKAGE "libevent"
| #define VERSION "2.0.22-stable"
| #define NUMERIC_VERSION 0x02001600
| #define STDC_HEADERS 1
| #define HAVE_SYS_TYPES_H 1
| #define HAVE_SYS_STAT_H 1
| #define HAVE_STDLIB_H 1
| #define HAVE_STRING_H 1
| #define HAVE_MEMORY_H 1
| #define HAVE_STRINGS_H 1
| #define HAVE_INTTYPES_H 1
| #define HAVE_STDINT_H 1
| #define HAVE_UNISTD_H 1
| #define HAVE_DLFCN_H 1
| #define LT_OBJDIR ".libs/"
| #define HAVE_ZLIB_H 1
| #define HAVE_LIBZ 1
| #define HAVE_OPENSSL_BIO_H 1
| #define STDC_HEADERS 1
| #define HAVE_FCNTL_H 1
| #define HAVE_STDARG_H 1
| #define HAVE_INTTYPES_H 1
| #define HAVE_STDINT_H 1
| #define HAVE_STDDEF_H 1
| #define HAVE_POLL_H 1
| #define HAVE_UNISTD_H 1
| #define HAVE_SYS_EPOLL_H 1
| #define HAVE_SYS_TIME_H 1
| #define HAVE_SYS_QUEUE_H 1
| #define HAVE_SYS_PARAM_H 1
| #define HAVE_SYS_IOCTL_H 1
| #define HAVE_SYS_SELECT_H 1
| #define HAVE_NETINET_IN_H 1
| #define HAVE_SYS_SOCKET_H 1
| #define HAVE_SYS_UIO_H 1
| #define HAVE_ARPA_INET_H 1
| #define HAVE_SYS_EVENTFD_H 1
| #define HAVE_SYS_MMAN_H 1
| #define HAVE_SYS_SENDFILE_H 1
| #define HAVE_SYS_WAIT_H 1
| #define HAVE_NETDB_H 1
| #define HAVE_SYS_STAT_H 1
| #define HAVE_TAILQFOREACH 1
| #define HAVE_TIMERADD 1
| #define HAVE_TIMERCMP 1
| #define HAVE_TIMERCLEAR 1
| #define HAVE_TIMERISSET 1
| #define TIME_WITH_SYS_TIME 1
| #define HAVE_GETTIMEOFDAY 1
| #define HAVE_VASPRINTF 1
| #define HAVE_FCNTL 1
| #define HAVE_CLOCK_GETTIME 1
| #define HAVE_STRTOK_R 1
| #define HAVE_STRSEP 1
| #define HAVE_GETNAMEINFO 1
| #define HAVE_STRLCPY 1
| #define HAVE_INET_NTOP 1
| #define HAVE_INET_PTON 1
| #define HAVE_SIGNAL 1
| #define HAVE_SIGACTION 1
| #define HAVE_STRTOLL 1
| #define HAVE_INET_ATON 1
| #define HAVE_PIPE 1
| #define HAVE_EVENTFD 1
| #define HAVE_SENDFILE 1
| #define HAVE_MMAP 1
| #define HAVE_SPLICE 1
| #define HAVE_ISSETUGID 1
| #define HAVE_GETEUID 1
| #define HAVE_GETEGID 1
| #define HAVE_GETPROTOBYNUMBER 1
| #define HAVE_SETENV 1
| #define HAVE_UNSETENV 1
| #define HAVE_PUTENV 1
| #define HAVE_UMASK 1
| #define HAVE_GETADDRINFO 1
| #define SIZEOF_LONG 4
| #define HAVE_SETFD 1
| #define HAVE_SELECT 1
| #define HAVE_POLL 1
| #define HAVE_EPOLL_CTL 1
| #define HAVE_EPOLL 1
| #define HAVE_UINT64_T 1
| #define HAVE_UINT32_T 1
| #define HAVE_UINT16_T 1
| #define HAVE_UINT8_T 1
| #define HAVE_UINTPTR_T 1
| #define HAVE_FD_MASK 1
| #define SIZEOF_LONG_LONG 8
| #define SIZEOF_LONG 4
| #define SIZEOF_INT 4
| #define SIZEOF_SHORT 2
| #define SIZEOF_SIZE_T 4
| #define SIZEOF_VOID_P 4
| /* end confdefs.h.  */
| #include <stdio.h>
| #ifdef HAVE_SYS_TYPES_H
| # include <sys/types.h>
| #endif
| #ifdef HAVE_SYS_STAT_H
| # include <sys/stat.h>
| #endif
| #ifdef STDC_HEADERS
| # include <stdlib.h>
| # include <stddef.h>
| #else
| # ifdef HAVE_STDLIB_H
| #  include <stdlib.h>
| # endif
| #endif
| #ifdef HAVE_STRING_H
| # if !defined STDC_HEADERS && defined HAVE_MEMORY_H
| #  include <memory.h>
| # endif
| # include <string.h>
| #endif
| #ifdef HAVE_STRINGS_H
| # include <strings.h>
| #endif
| #ifdef HAVE_INTTYPES_H
| # include <inttypes.h>
| #endif
| #ifdef HAVE_STDINT_H
| # include <stdint.h>
| #endif
| #ifdef HAVE_UNISTD_H
| # include <unistd.h>
| #endif
| int
| main ()
| {
| static int test_array [1 - 2 * !(((long int) (sizeof (off_t))) <= 7)];
| test_array [0] = 0;
| return test_array [0];
| 
|   ;
|   return 0;
| }
configure:14613: /opt/lede-toolchain-ramips-mt7621_gcc-5.4.0_musl-1.1.24.Linux-x86_64/toolchain-mipsel_24kc_gcc-5.4.0_musl-1.1.24/bin/mipsel-openwrt-linux-musl-gcc -c -g -O2 -I/repo/Fail_GPL/asuswrt/release/src-ra-openwrt-4210/router/mipsel-musl/stage/usr/include -Wall -fno-strict-aliasing  conftest.c >&5
configure:14613: $? = 0
configure:14613: /opt/lede-toolchain-ramips-mt7621_gcc-5.4.0_musl-1.1.24.Linux-x86_64/toolchain-mipsel_24kc_gcc-5.4.0_musl-1.1.24/bin/mipsel-openwrt-linux-musl-gcc -c -g -O2 -I/repo/Fail_GPL/asuswrt/release/src-ra-openwrt-4210/router/mipsel-musl/stage/usr/include -Wall -fno-strict-aliasing  conftest.c >&5
configure:14613: $? = 0
configure:14613: /opt/lede-toolchain-ramips-mt7621_gcc-5.4.0_musl-1.1.24.Linux-x86_64/toolchain-mipsel_24kc_gcc-5.4.0_musl-1.1.24/bin/mipsel-openwrt-linux-musl-gcc -c -g -O2 -I/repo/Fail_GPL/asuswrt/release/src-ra-openwrt-4210/router/mipsel-musl/stage/usr/include -Wall -fno-strict-aliasing  conftest.c >&5
configure:14613: $? = 0
configure:14613: /opt/lede-toolchain-ramips-mt7621_gcc-5.4.0_musl-1.1.24.Linux-x86_64/toolchain-mipsel_24kc_gcc-5.4.0_musl-1.1.24/bin/mipsel-openwrt-linux-musl-gcc -c -g -O2 -I/repo/Fail_GPL/asuswrt/release/src-ra-openwrt-4210/router/mipsel-musl/stage/usr/include -Wall -fno-strict-aliasing  conftest.c >&5
configure:14613: $? = 0
configure:14627: result: 8
configure:14638: checking for struct in6_addr
configure:14638: /opt/lede-toolchain-ramips-mt7621_gcc-5.4.0_musl-1.1.24.Linux-x86_64/toolchain-mipsel_24kc_gcc-5.4.0_musl-1.1.24/bin/mipsel-openwrt-linux-musl-gcc -c -g -O2 -I/repo/Fail_GPL/asuswrt/release/src-ra-openwrt-4210/router/mipsel-musl/stage/usr/include -Wall -fno-strict-aliasing  conftest.c >&5
configure:14638: $? = 0
configure:14638: /opt/lede-toolchain-ramips-mt7621_gcc-5.4.0_musl-1.1.24.Linux-x86_64/toolchain-mipsel_24kc_gcc-5.4.0_musl-1.1.24/bin/mipsel-openwrt-linux-musl-gcc -c -g -O2 -I/repo/Fail_GPL/asuswrt/release/src-ra-openwrt-4210/router/mipsel-musl/stage/usr/include -Wall -fno-strict-aliasing  conftest.c >&5
conftest.c: In function 'main':
conftest.c:134:30: error: expected expression before ')' token
 if (sizeof ((struct in6_addr)))
                              ^
configure:14638: $? = 1
configure: failed program was:
| /* confdefs.h */
| #define PACKAGE_NAME ""
| #define PACKAGE_TARNAME ""
| #define PACKAGE_VERSION ""
| #define PACKAGE_STRING ""
| #define PACKAGE_BUGREPORT ""
| #define PACKAGE_URL ""
| #define PACKAGE "libevent"
| #define VERSION "2.0.22-stable"
| #define NUMERIC_VERSION 0x02001600
| #define STDC_HEADERS 1
| #define HAVE_SYS_TYPES_H 1
| #define HAVE_SYS_STAT_H 1
| #define HAVE_STDLIB_H 1
| #define HAVE_STRING_H 1
| #define HAVE_MEMORY_H 1
| #define HAVE_STRINGS_H 1
| #define HAVE_INTTYPES_H 1
| #define HAVE_STDINT_H 1
| #define HAVE_UNISTD_H 1
| #define HAVE_DLFCN_H 1
| #define LT_OBJDIR ".libs/"
| #define HAVE_ZLIB_H 1
| #define HAVE_LIBZ 1
| #define HAVE_OPENSSL_BIO_H 1
| #define STDC_HEADERS 1
| #define HAVE_FCNTL_H 1
| #define HAVE_STDARG_H 1
| #define HAVE_INTTYPES_H 1
| #define HAVE_STDINT_H 1
| #define HAVE_STDDEF_H 1
| #define HAVE_POLL_H 1
| #define HAVE_UNISTD_H 1
| #define HAVE_SYS_EPOLL_H 1
| #define HAVE_SYS_TIME_H 1
| #define HAVE_SYS_QUEUE_H 1
| #define HAVE_SYS_PARAM_H 1
| #define HAVE_SYS_IOCTL_H 1
| #define HAVE_SYS_SELECT_H 1
| #define HAVE_NETINET_IN_H 1
| #define HAVE_SYS_SOCKET_H 1
| #define HAVE_SYS_UIO_H 1
| #define HAVE_ARPA_INET_H 1
| #define HAVE_SYS_EVENTFD_H 1
| #define HAVE_SYS_MMAN_H 1
| #define HAVE_SYS_SENDFILE_H 1
| #define HAVE_SYS_WAIT_H 1
| #define HAVE_NETDB_H 1
| #define HAVE_SYS_STAT_H 1
| #define HAVE_TAILQFOREACH 1
| #define HAVE_TIMERADD 1
| #define HAVE_TIMERCMP 1
| #define HAVE_TIMERCLEAR 1
| #define HAVE_TIMERISSET 1
| #define TIME_WITH_SYS_TIME 1
| #define HAVE_GETTIMEOFDAY 1
| #define HAVE_VASPRINTF 1
| #define HAVE_FCNTL 1
| #define HAVE_CLOCK_GETTIME 1
| #define HAVE_STRTOK_R 1
| #define HAVE_STRSEP 1
| #define HAVE_GETNAMEINFO 1
| #define HAVE_STRLCPY 1
| #define HAVE_INET_NTOP 1
| #define HAVE_INET_PTON 1
| #define HAVE_SIGNAL 1
| #define HAVE_SIGACTION 1
| #define HAVE_STRTOLL 1
| #define HAVE_INET_ATON 1
| #define HAVE_PIPE 1
| #define HAVE_EVENTFD 1
| #define HAVE_SENDFILE 1
| #define HAVE_MMAP 1
| #define HAVE_SPLICE 1
| #define HAVE_ISSETUGID 1
| #define HAVE_GETEUID 1
| #define HAVE_GETEGID 1
| #define HAVE_GETPROTOBYNUMBER 1
| #define HAVE_SETENV 1
| #define HAVE_UNSETENV 1
| #define HAVE_PUTENV 1
| #define HAVE_UMASK 1
| #define HAVE_GETADDRINFO 1
| #define SIZEOF_LONG 4
| #define HAVE_SETFD 1
| #define HAVE_SELECT 1
| #define HAVE_POLL 1
| #define HAVE_EPOLL_CTL 1
| #define HAVE_EPOLL 1
| #define HAVE_UINT64_T 1
| #define HAVE_UINT32_T 1
| #define HAVE_UINT16_T 1
| #define HAVE_UINT8_T 1
| #define HAVE_UINTPTR_T 1
| #define HAVE_FD_MASK 1
| #define SIZEOF_LONG_LONG 8
| #define SIZEOF_LONG 4
| #define SIZEOF_INT 4
| #define SIZEOF_SHORT 2
| #define SIZEOF_SIZE_T 4
| #define SIZEOF_VOID_P 4
| #define SIZEOF_OFF_T 8
| /* end confdefs.h.  */
| #define _GNU_SOURCE
| #include <sys/types.h>
| #ifdef HAVE_NETINET_IN_H
| #include <netinet/in.h>
| #endif
| #ifdef HAVE_NETINET_IN6_H
| #include <netinet/in6.h>
| #endif
| #ifdef HAVE_SYS_SOCKET_H
| #include <sys/socket.h>
| #endif
| #ifdef HAVE_NETDB_H
| #include <netdb.h>
| #endif
| #ifdef WIN32
| #define WIN32_WINNT 0x400
| #define _WIN32_WINNT 0x400
| #define WIN32_LEAN_AND_MEAN
| #if defined(_MSC_VER) && (_MSC_VER < 1300)
| #include <winsock.h>
| #else
| #include <winsock2.h>
| #include <ws2tcpip.h>
| #endif
| #endif
| 
| 
| int
| main ()
| {
| if (sizeof ((struct in6_addr)))
| 	    return 0;
|   ;
|   return 0;
| }
configure:14638: result: yes
configure:14673: checking for struct sockaddr_in6
configure:14673: /opt/lede-toolchain-ramips-mt7621_gcc-5.4.0_musl-1.1.24.Linux-x86_64/toolchain-mipsel_24kc_gcc-5.4.0_musl-1.1.24/bin/mipsel-openwrt-linux-musl-gcc -c -g -O2 -I/repo/Fail_GPL/asuswrt/release/src-ra-openwrt-4210/router/mipsel-musl/stage/usr/include -Wall -fno-strict-aliasing  conftest.c >&5
configure:14673: $? = 0
configure:14673: /opt/lede-toolchain-ramips-mt7621_gcc-5.4.0_musl-1.1.24.Linux-x86_64/toolchain-mipsel_24kc_gcc-5.4.0_musl-1.1.24/bin/mipsel-openwrt-linux-musl-gcc -c -g -O2 -I/repo/Fail_GPL/asuswrt/release/src-ra-openwrt-4210/router/mipsel-musl/stage/usr/include -Wall -fno-strict-aliasing  conftest.c >&5
conftest.c: In function 'main':
conftest.c:135:34: error: expected expression before ')' token
 if (sizeof ((struct sockaddr_in6)))
                                  ^
configure:14673: $? = 1
configure: failed program was:
| /* confdefs.h */
| #define PACKAGE_NAME ""
| #define PACKAGE_TARNAME ""
| #define PACKAGE_VERSION ""
| #define PACKAGE_STRING ""
| #define PACKAGE_BUGREPORT ""
| #define PACKAGE_URL ""
| #define PACKAGE "libevent"
| #define VERSION "2.0.22-stable"
| #define NUMERIC_VERSION 0x02001600
| #define STDC_HEADERS 1
| #define HAVE_SYS_TYPES_H 1
| #define HAVE_SYS_STAT_H 1
| #define HAVE_STDLIB_H 1
| #define HAVE_STRING_H 1
| #define HAVE_MEMORY_H 1
| #define HAVE_STRINGS_H 1
| #define HAVE_INTTYPES_H 1
| #define HAVE_STDINT_H 1
| #define HAVE_UNISTD_H 1
| #define HAVE_DLFCN_H 1
| #define LT_OBJDIR ".libs/"
| #define HAVE_ZLIB_H 1
| #define HAVE_LIBZ 1
| #define HAVE_OPENSSL_BIO_H 1
| #define STDC_HEADERS 1
| #define HAVE_FCNTL_H 1
| #define HAVE_STDARG_H 1
| #define HAVE_INTTYPES_H 1
| #define HAVE_STDINT_H 1
| #define HAVE_STDDEF_H 1
| #define HAVE_POLL_H 1
| #define HAVE_UNISTD_H 1
| #define HAVE_SYS_EPOLL_H 1
| #define HAVE_SYS_TIME_H 1
| #define HAVE_SYS_QUEUE_H 1
| #define HAVE_SYS_PARAM_H 1
| #define HAVE_SYS_IOCTL_H 1
| #define HAVE_SYS_SELECT_H 1
| #define HAVE_NETINET_IN_H 1
| #define HAVE_SYS_SOCKET_H 1
| #define HAVE_SYS_UIO_H 1
| #define HAVE_ARPA_INET_H 1
| #define HAVE_SYS_EVENTFD_H 1
| #define HAVE_SYS_MMAN_H 1
| #define HAVE_SYS_SENDFILE_H 1
| #define HAVE_SYS_WAIT_H 1
| #define HAVE_NETDB_H 1
| #define HAVE_SYS_STAT_H 1
| #define HAVE_TAILQFOREACH 1
| #define HAVE_TIMERADD 1
| #define HAVE_TIMERCMP 1
| #define HAVE_TIMERCLEAR 1
| #define HAVE_TIMERISSET 1
| #define TIME_WITH_SYS_TIME 1
| #define HAVE_GETTIMEOFDAY 1
| #define HAVE_VASPRINTF 1
| #define HAVE_FCNTL 1
| #define HAVE_CLOCK_GETTIME 1
| #define HAVE_STRTOK_R 1
| #define HAVE_STRSEP 1
| #define HAVE_GETNAMEINFO 1
| #define HAVE_STRLCPY 1
| #define HAVE_INET_NTOP 1
| #define HAVE_INET_PTON 1
| #define HAVE_SIGNAL 1
| #define HAVE_SIGACTION 1
| #define HAVE_STRTOLL 1
| #define HAVE_INET_ATON 1
| #define HAVE_PIPE 1
| #define HAVE_EVENTFD 1
| #define HAVE_SENDFILE 1
| #define HAVE_MMAP 1
| #define HAVE_SPLICE 1
| #define HAVE_ISSETUGID 1
| #define HAVE_GETEUID 1
| #define HAVE_GETEGID 1
| #define HAVE_GETPROTOBYNUMBER 1
| #define HAVE_SETENV 1
| #define HAVE_UNSETENV 1
| #define HAVE_PUTENV 1
| #define HAVE_UMASK 1
| #define HAVE_GETADDRINFO 1
| #define SIZEOF_LONG 4
| #define HAVE_SETFD 1
| #define HAVE_SELECT 1
| #define HAVE_POLL 1
| #define HAVE_EPOLL_CTL 1
| #define HAVE_EPOLL 1
| #define HAVE_UINT64_T 1
| #define HAVE_UINT32_T 1
| #define HAVE_UINT16_T 1
| #define HAVE_UINT8_T 1
| #define HAVE_UINTPTR_T 1
| #define HAVE_FD_MASK 1
| #define SIZEOF_LONG_LONG 8
| #define SIZEOF_LONG 4
| #define SIZEOF_INT 4
| #define SIZEOF_SHORT 2
| #define SIZEOF_SIZE_T 4
| #define SIZEOF_VOID_P 4
| #define SIZEOF_OFF_T 8
| #define HAVE_STRUCT_IN6_ADDR 1
| /* end confdefs.h.  */
| #define _GNU_SOURCE
| #include <sys/types.h>
| #ifdef HAVE_NETINET_IN_H
| #include <netinet/in.h>
| #endif
| #ifdef HAVE_NETINET_IN6_H
| #include <netinet/in6.h>
| #endif
| #ifdef HAVE_SYS_SOCKET_H
| #include <sys/socket.h>
| #endif
| #ifdef HAVE_NETDB_H
| #include <netdb.h>
| #endif
| #ifdef WIN32
| #define WIN32_WINNT 0x400
| #define _WIN32_WINNT 0x400
| #define WIN32_LEAN_AND_MEAN
| #if defined(_MSC_VER) && (_MSC_VER < 1300)
| #include <winsock.h>
| #else
| #include <winsock2.h>
| #include <ws2tcpip.h>
| #endif
| #endif
| 
| 
| int
| main ()
| {
| if (sizeof ((struct sockaddr_in6)))
| 	    return 0;
|   ;
|   return 0;
| }
configure:14673: result: yes
configure:14708: checking for sa_family_t
configure:14708: /opt/lede-toolchain-ramips-mt7621_gcc-5.4.0_musl-1.1.24.Linux-x86_64/toolchain-mipsel_24kc_gcc-5.4.0_musl-1.1.24/bin/mipsel-openwrt-linux-musl-gcc -c -g -O2 -I/repo/Fail_GPL/asuswrt/release/src-ra-openwrt-4210/router/mipsel-musl/stage/usr/include -Wall -fno-strict-aliasing  conftest.c >&5
configure:14708: $? = 0
configure:14708: /opt/lede-toolchain-ramips-mt7621_gcc-5.4.0_musl-1.1.24.Linux-x86_64/toolchain-mipsel_24kc_gcc-5.4.0_musl-1.1.24/bin/mipsel-openwrt-linux-musl-gcc -c -g -O2 -I/repo/Fail_GPL/asuswrt/release/src-ra-openwrt-4210/router/mipsel-musl/stage/usr/include -Wall -fno-strict-aliasing  conftest.c >&5
conftest.c: In function 'main':
conftest.c:136:26: error: expected expression before ')' token
 if (sizeof ((sa_family_t)))
                          ^
configure:14708: $? = 1
configure: failed program was:
| /* confdefs.h */
| #define PACKAGE_NAME ""
| #define PACKAGE_TARNAME ""
| #define PACKAGE_VERSION ""
| #define PACKAGE_STRING ""
| #define PACKAGE_BUGREPORT ""
| #define PACKAGE_URL ""
| #define PACKAGE "libevent"
| #define VERSION "2.0.22-stable"
| #define NUMERIC_VERSION 0x02001600
| #define STDC_HEADERS 1
| #define HAVE_SYS_TYPES_H 1
| #define HAVE_SYS_STAT_H 1
| #define HAVE_STDLIB_H 1
| #define HAVE_STRING_H 1
| #define HAVE_MEMORY_H 1
| #define HAVE_STRINGS_H 1
| #define HAVE_INTTYPES_H 1
| #define HAVE_STDINT_H 1
| #define HAVE_UNISTD_H 1
| #define HAVE_DLFCN_H 1
| #define LT_OBJDIR ".libs/"
| #define HAVE_ZLIB_H 1
| #define HAVE_LIBZ 1
| #define HAVE_OPENSSL_BIO_H 1
| #define STDC_HEADERS 1
| #define HAVE_FCNTL_H 1
| #define HAVE_STDARG_H 1
| #define HAVE_INTTYPES_H 1
| #define HAVE_STDINT_H 1
| #define HAVE_STDDEF_H 1
| #define HAVE_POLL_H 1
| #define HAVE_UNISTD_H 1
| #define HAVE_SYS_EPOLL_H 1
| #define HAVE_SYS_TIME_H 1
| #define HAVE_SYS_QUEUE_H 1
| #define HAVE_SYS_PARAM_H 1
| #define HAVE_SYS_IOCTL_H 1
| #define HAVE_SYS_SELECT_H 1
| #define HAVE_NETINET_IN_H 1
| #define HAVE_SYS_SOCKET_H 1
| #define HAVE_SYS_UIO_H 1
| #define HAVE_ARPA_INET_H 1
| #define HAVE_SYS_EVENTFD_H 1
| #define HAVE_SYS_MMAN_H 1
| #define HAVE_SYS_SENDFILE_H 1
| #define HAVE_SYS_WAIT_H 1
| #define HAVE_NETDB_H 1
| #define HAVE_SYS_STAT_H 1
| #define HAVE_TAILQFOREACH 1
| #define HAVE_TIMERADD 1
| #define HAVE_TIMERCMP 1
| #define HAVE_TIMERCLEAR 1
| #define HAVE_TIMERISSET 1
| #define TIME_WITH_SYS_TIME 1
| #define HAVE_GETTIMEOFDAY 1
| #define HAVE_VASPRINTF 1
| #define HAVE_FCNTL 1
| #define HAVE_CLOCK_GETTIME 1
| #define HAVE_STRTOK_R 1
| #define HAVE_STRSEP 1
| #define HAVE_GETNAMEINFO 1
| #define HAVE_STRLCPY 1
| #define HAVE_INET_NTOP 1
| #define HAVE_INET_PTON 1
| #define HAVE_SIGNAL 1
| #define HAVE_SIGACTION 1
| #define HAVE_STRTOLL 1
| #define HAVE_INET_ATON 1
| #define HAVE_PIPE 1
| #define HAVE_EVENTFD 1
| #define HAVE_SENDFILE 1
| #define HAVE_MMAP 1
| #define HAVE_SPLICE 1
| #define HAVE_ISSETUGID 1
| #define HAVE_GETEUID 1
| #define HAVE_GETEGID 1
| #define HAVE_GETPROTOBYNUMBER 1
| #define HAVE_SETENV 1
| #define HAVE_UNSETENV 1
| #define HAVE_PUTENV 1
| #define HAVE_UMASK 1
| #define HAVE_GETADDRINFO 1
| #define SIZEOF_LONG 4
| #define HAVE_SETFD 1
| #define HAVE_SELECT 1
| #define HAVE_POLL 1
| #define HAVE_EPOLL_CTL 1
| #define HAVE_EPOLL 1
| #define HAVE_UINT64_T 1
| #define HAVE_UINT32_T 1
| #define HAVE_UINT16_T 1
| #define HAVE_UINT8_T 1
| #define HAVE_UINTPTR_T 1
| #define HAVE_FD_MASK 1
| #define SIZEOF_LONG_LONG 8
| #define SIZEOF_LONG 4
| #define SIZEOF_INT 4
| #define SIZEOF_SHORT 2
| #define SIZEOF_SIZE_T 4
| #define SIZEOF_VOID_P 4
| #define SIZEOF_OFF_T 8
| #define HAVE_STRUCT_IN6_ADDR 1
| #define HAVE_STRUCT_SOCKADDR_IN6 1
| /* end confdefs.h.  */
| #define _GNU_SOURCE
| #include <sys/types.h>
| #ifdef HAVE_NETINET_IN_H
| #include <netinet/in.h>
| #endif
| #ifdef HAVE_NETINET_IN6_H
| #include <netinet/in6.h>
| #endif
| #ifdef HAVE_SYS_SOCKET_H
| #include <sys/socket.h>
| #endif
| #ifdef HAVE_NETDB_H
| #include <netdb.h>
| #endif
| #ifdef WIN32
| #define WIN32_WINNT 0x400
| #define _WIN32_WINNT 0x400
| #define WIN32_LEAN_AND_MEAN
| #if defined(_MSC_VER) && (_MSC_VER < 1300)
| #include <winsock.h>
| #else
| #include <winsock2.h>
| #include <ws2tcpip.h>
| #endif
| #endif
| 
| 
| int
| main ()
| {
| if (sizeof ((sa_family_t)))
| 	    return 0;
|   ;
|   return 0;
| }
configure:14708: result: yes
configure:14743: checking for struct addrinfo
configure:14743: /opt/lede-toolchain-ramips-mt7621_gcc-5.4.0_musl-1.1.24.Linux-x86_64/toolchain-mipsel_24kc_gcc-5.4.0_musl-1.1.24/bin/mipsel-openwrt-linux-musl-gcc -c -g -O2 -I/repo/Fail_GPL/asuswrt/release/src-ra-openwrt-4210/router/mipsel-musl/stage/usr/include -Wall -fno-strict-aliasing  conftest.c >&5
configure:14743: $? = 0
configure:14743: /opt/lede-toolchain-ramips-mt7621_gcc-5.4.0_musl-1.1.24.Linux-x86_64/toolchain-mipsel_24kc_gcc-5.4.0_musl-1.1.24/bin/mipsel-openwrt-linux-musl-gcc -c -g -O2 -I/repo/Fail_GPL/asuswrt/release/src-ra-openwrt-4210/router/mipsel-musl/stage/usr/include -Wall -fno-strict-aliasing  conftest.c >&5
conftest.c: In function 'main':
conftest.c:137:30: error: expected expression before ')' token
 if (sizeof ((struct addrinfo)))
                              ^
configure:14743: $? = 1
configure: failed program was:
| /* confdefs.h */
| #define PACKAGE_NAME ""
| #define PACKAGE_TARNAME ""
| #define PACKAGE_VERSION ""
| #define PACKAGE_STRING ""
| #define PACKAGE_BUGREPORT ""
| #define PACKAGE_URL ""
| #define PACKAGE "libevent"
| #define VERSION "2.0.22-stable"
| #define NUMERIC_VERSION 0x02001600
| #define STDC_HEADERS 1
| #define HAVE_SYS_TYPES_H 1
| #define HAVE_SYS_STAT_H 1
| #define HAVE_STDLIB_H 1
| #define HAVE_STRING_H 1
| #define HAVE_MEMORY_H 1
| #define HAVE_STRINGS_H 1
| #define HAVE_INTTYPES_H 1
| #define HAVE_STDINT_H 1
| #define HAVE_UNISTD_H 1
| #define HAVE_DLFCN_H 1
| #define LT_OBJDIR ".libs/"
| #define HAVE_ZLIB_H 1
| #define HAVE_LIBZ 1
| #define HAVE_OPENSSL_BIO_H 1
| #define STDC_HEADERS 1
| #define HAVE_FCNTL_H 1
| #define HAVE_STDARG_H 1
| #define HAVE_INTTYPES_H 1
| #define HAVE_STDINT_H 1
| #define HAVE_STDDEF_H 1
| #define HAVE_POLL_H 1
| #define HAVE_UNISTD_H 1
| #define HAVE_SYS_EPOLL_H 1
| #define HAVE_SYS_TIME_H 1
| #define HAVE_SYS_QUEUE_H 1
| #define HAVE_SYS_PARAM_H 1
| #define HAVE_SYS_IOCTL_H 1
| #define HAVE_SYS_SELECT_H 1
| #define HAVE_NETINET_IN_H 1
| #define HAVE_SYS_SOCKET_H 1
| #define HAVE_SYS_UIO_H 1
| #define HAVE_ARPA_INET_H 1
| #define HAVE_SYS_EVENTFD_H 1
| #define HAVE_SYS_MMAN_H 1
| #define HAVE_SYS_SENDFILE_H 1
| #define HAVE_SYS_WAIT_H 1
| #define HAVE_NETDB_H 1
| #define HAVE_SYS_STAT_H 1
| #define HAVE_TAILQFOREACH 1
| #define HAVE_TIMERADD 1
| #define HAVE_TIMERCMP 1
| #define HAVE_TIMERCLEAR 1
| #define HAVE_TIMERISSET 1
| #define TIME_WITH_SYS_TIME 1
| #define HAVE_GETTIMEOFDAY 1
| #define HAVE_VASPRINTF 1
| #define HAVE_FCNTL 1
| #define HAVE_CLOCK_GETTIME 1
| #define HAVE_STRTOK_R 1
| #define HAVE_STRSEP 1
| #define HAVE_GETNAMEINFO 1
| #define HAVE_STRLCPY 1
| #define HAVE_INET_NTOP 1
| #define HAVE_INET_PTON 1
| #define HAVE_SIGNAL 1
| #define HAVE_SIGACTION 1
| #define HAVE_STRTOLL 1
| #define HAVE_INET_ATON 1
| #define HAVE_PIPE 1
| #define HAVE_EVENTFD 1
| #define HAVE_SENDFILE 1
| #define HAVE_MMAP 1
| #define HAVE_SPLICE 1
| #define HAVE_ISSETUGID 1
| #define HAVE_GETEUID 1
| #define HAVE_GETEGID 1
| #define HAVE_GETPROTOBYNUMBER 1
| #define HAVE_SETENV 1
| #define HAVE_UNSETENV 1
| #define HAVE_PUTENV 1
| #define HAVE_UMASK 1
| #define HAVE_GETADDRINFO 1
| #define SIZEOF_LONG 4
| #define HAVE_SETFD 1
| #define HAVE_SELECT 1
| #define HAVE_POLL 1
| #define HAVE_EPOLL_CTL 1
| #define HAVE_EPOLL 1
| #define HAVE_UINT64_T 1
| #define HAVE_UINT32_T 1
| #define HAVE_UINT16_T 1
| #define HAVE_UINT8_T 1
| #define HAVE_UINTPTR_T 1
| #define HAVE_FD_MASK 1
| #define SIZEOF_LONG_LONG 8
| #define SIZEOF_LONG 4
| #define SIZEOF_INT 4
| #define SIZEOF_SHORT 2
| #define SIZEOF_SIZE_T 4
| #define SIZEOF_VOID_P 4
| #define SIZEOF_OFF_T 8
| #define HAVE_STRUCT_IN6_ADDR 1
| #define HAVE_STRUCT_SOCKADDR_IN6 1
| #define HAVE_SA_FAMILY_T 1
| /* end confdefs.h.  */
| #define _GNU_SOURCE
| #include <sys/types.h>
| #ifdef HAVE_NETINET_IN_H
| #include <netinet/in.h>
| #endif
| #ifdef HAVE_NETINET_IN6_H
| #include <netinet/in6.h>
| #endif
| #ifdef HAVE_SYS_SOCKET_H
| #include <sys/socket.h>
| #endif
| #ifdef HAVE_NETDB_H
| #include <netdb.h>
| #endif
| #ifdef WIN32
| #define WIN32_WINNT 0x400
| #define _WIN32_WINNT 0x400
| #define WIN32_LEAN_AND_MEAN
| #if defined(_MSC_VER) && (_MSC_VER < 1300)
| #include <winsock.h>
| #else
| #include <winsock2.h>
| #include <ws2tcpip.h>
| #endif
| #endif
| 
| 
| int
| main ()
| {
| if (sizeof ((struct addrinfo)))
| 	    return 0;
|   ;
|   return 0;
| }
configure:14743: result: yes
configure:14778: checking for struct sockaddr_storage
configure:14778: /opt/lede-toolchain-ramips-mt7621_gcc-5.4.0_musl-1.1.24.Linux-x86_64/toolchain-mipsel_24kc_gcc-5.4.0_musl-1.1.24/bin/mipsel-openwrt-linux-musl-gcc -c -g -O2 -I/repo/Fail_GPL/asuswrt/release/src-ra-openwrt-4210/router/mipsel-musl/stage/usr/include -Wall -fno-strict-aliasing  conftest.c >&5
configure:14778: $? = 0
configure:14778: /opt/lede-toolchain-ramips-mt7621_gcc-5.4.0_musl-1.1.24.Linux-x86_64/toolchain-mipsel_24kc_gcc-5.4.0_musl-1.1.24/bin/mipsel-openwrt-linux-musl-gcc -c -g -O2 -I/repo/Fail_GPL/asuswrt/release/src-ra-openwrt-4210/router/mipsel-musl/stage/usr/include -Wall -fno-strict-aliasing  conftest.c >&5
conftest.c: In function 'main':
conftest.c:138:38: error: expected expression before ')' token
 if (sizeof ((struct sockaddr_storage)))
                                      ^
configure:14778: $? = 1
configure: failed program was:
| /* confdefs.h */
| #define PACKAGE_NAME ""
| #define PACKAGE_TARNAME ""
| #define PACKAGE_VERSION ""
| #define PACKAGE_STRING ""
| #define PACKAGE_BUGREPORT ""
| #define PACKAGE_URL ""
| #define PACKAGE "libevent"
| #define VERSION "2.0.22-stable"
| #define NUMERIC_VERSION 0x02001600
| #define STDC_HEADERS 1
| #define HAVE_SYS_TYPES_H 1
| #define HAVE_SYS_STAT_H 1
| #define HAVE_STDLIB_H 1
| #define HAVE_STRING_H 1
| #define HAVE_MEMORY_H 1
| #define HAVE_STRINGS_H 1
| #define HAVE_INTTYPES_H 1
| #define HAVE_STDINT_H 1
| #define HAVE_UNISTD_H 1
| #define HAVE_DLFCN_H 1
| #define LT_OBJDIR ".libs/"
| #define HAVE_ZLIB_H 1
| #define HAVE_LIBZ 1
| #define HAVE_OPENSSL_BIO_H 1
| #define STDC_HEADERS 1
| #define HAVE_FCNTL_H 1
| #define HAVE_STDARG_H 1
| #define HAVE_INTTYPES_H 1
| #define HAVE_STDINT_H 1
| #define HAVE_STDDEF_H 1
| #define HAVE_POLL_H 1
| #define HAVE_UNISTD_H 1
| #define HAVE_SYS_EPOLL_H 1
| #define HAVE_SYS_TIME_H 1
| #define HAVE_SYS_QUEUE_H 1
| #define HAVE_SYS_PARAM_H 1
| #define HAVE_SYS_IOCTL_H 1
| #define HAVE_SYS_SELECT_H 1
| #define HAVE_NETINET_IN_H 1
| #define HAVE_SYS_SOCKET_H 1
| #define HAVE_SYS_UIO_H 1
| #define HAVE_ARPA_INET_H 1
| #define HAVE_SYS_EVENTFD_H 1
| #define HAVE_SYS_MMAN_H 1
| #define HAVE_SYS_SENDFILE_H 1
| #define HAVE_SYS_WAIT_H 1
| #define HAVE_NETDB_H 1
| #define HAVE_SYS_STAT_H 1
| #define HAVE_TAILQFOREACH 1
| #define HAVE_TIMERADD 1
| #define HAVE_TIMERCMP 1
| #define HAVE_TIMERCLEAR 1
| #define HAVE_TIMERISSET 1
| #define TIME_WITH_SYS_TIME 1
| #define HAVE_GETTIMEOFDAY 1
| #define HAVE_VASPRINTF 1
| #define HAVE_FCNTL 1
| #define HAVE_CLOCK_GETTIME 1
| #define HAVE_STRTOK_R 1
| #define HAVE_STRSEP 1
| #define HAVE_GETNAMEINFO 1
| #define HAVE_STRLCPY 1
| #define HAVE_INET_NTOP 1
| #define HAVE_INET_PTON 1
| #define HAVE_SIGNAL 1
| #define HAVE_SIGACTION 1
| #define HAVE_STRTOLL 1
| #define HAVE_INET_ATON 1
| #define HAVE_PIPE 1
| #define HAVE_EVENTFD 1
| #define HAVE_SENDFILE 1
| #define HAVE_MMAP 1
| #define HAVE_SPLICE 1
| #define HAVE_ISSETUGID 1
| #define HAVE_GETEUID 1
| #define HAVE_GETEGID 1
| #define HAVE_GETPROTOBYNUMBER 1
| #define HAVE_SETENV 1
| #define HAVE_UNSETENV 1
| #define HAVE_PUTENV 1
| #define HAVE_UMASK 1
| #define HAVE_GETADDRINFO 1
| #define SIZEOF_LONG 4
| #define HAVE_SETFD 1
| #define HAVE_SELECT 1
| #define HAVE_POLL 1
| #define HAVE_EPOLL_CTL 1
| #define HAVE_EPOLL 1
| #define HAVE_UINT64_T 1
| #define HAVE_UINT32_T 1
| #define HAVE_UINT16_T 1
| #define HAVE_UINT8_T 1
| #define HAVE_UINTPTR_T 1
| #define HAVE_FD_MASK 1
| #define SIZEOF_LONG_LONG 8
| #define SIZEOF_LONG 4
| #define SIZEOF_INT 4
| #define SIZEOF_SHORT 2
| #define SIZEOF_SIZE_T 4
| #define SIZEOF_VOID_P 4
| #define SIZEOF_OFF_T 8
| #define HAVE_STRUCT_IN6_ADDR 1
| #define HAVE_STRUCT_SOCKADDR_IN6 1
| #define HAVE_SA_FAMILY_T 1
| #define HAVE_STRUCT_ADDRINFO 1
| /* end confdefs.h.  */
| #define _GNU_SOURCE
| #include <sys/types.h>
| #ifdef HAVE_NETINET_IN_H
| #include <netinet/in.h>
| #endif
| #ifdef HAVE_NETINET_IN6_H
| #include <netinet/in6.h>
| #endif
| #ifdef HAVE_SYS_SOCKET_H
| #include <sys/socket.h>
| #endif
| #ifdef HAVE_NETDB_H
| #include <netdb.h>
| #endif
| #ifdef WIN32
| #define WIN32_WINNT 0x400
| #define _WIN32_WINNT 0x400
| #define WIN32_LEAN_AND_MEAN
| #if defined(_MSC_VER) && (_MSC_VER < 1300)
| #include <winsock.h>
| #else
| #include <winsock2.h>
| #include <ws2tcpip.h>
| #endif
| #endif
| 
| 
| int
| main ()
| {
| if (sizeof ((struct sockaddr_storage)))
| 	    return 0;
|   ;
|   return 0;
| }
configure:14778: result: yes
configure:14814: checking for struct in6_addr.s6_addr32
configure:14814: /opt/lede-toolchain-ramips-mt7621_gcc-5.4.0_musl-1.1.24.Linux-x86_64/toolchain-mipsel_24kc_gcc-5.4.0_musl-1.1.24/bin/mipsel-openwrt-linux-musl-gcc -c -g -O2 -I/repo/Fail_GPL/asuswrt/release/src-ra-openwrt-4210/router/mipsel-musl/stage/usr/include -Wall -fno-strict-aliasing  conftest.c >&5
configure:14814: $? = 0
configure:14814: result: yes
configure:14845: checking for struct in6_addr.s6_addr16
configure:14845: /opt/lede-toolchain-ramips-mt7621_gcc-5.4.0_musl-1.1.24.Linux-x86_64/toolchain-mipsel_24kc_gcc-5.4.0_musl-1.1.24/bin/mipsel-openwrt-linux-musl-gcc -c -g -O2 -I/repo/Fail_GPL/asuswrt/release/src-ra-openwrt-4210/router/mipsel-musl/stage/usr/include -Wall -fno-strict-aliasing  conftest.c >&5
configure:14845: $? = 0
configure:14845: result: yes
configure:14876: checking for struct sockaddr_in.sin_len
configure:14876: /opt/lede-toolchain-ramips-mt7621_gcc-5.4.0_musl-1.1.24.Linux-x86_64/toolchain-mipsel_24kc_gcc-5.4.0_musl-1.1.24/bin/mipsel-openwrt-linux-musl-gcc -c -g -O2 -I/repo/Fail_GPL/asuswrt/release/src-ra-openwrt-4210/router/mipsel-musl/stage/usr/include -Wall -fno-strict-aliasing  conftest.c >&5
conftest.c: In function 'main':
conftest.c:138:12: error: 'struct sockaddr_in' has no member named 'sin_len'
 if (ac_aggr.sin_len)
            ^
conftest.c:137:27: warning: variable 'ac_aggr' set but not used [-Wunused-but-set-variable]
 static struct sockaddr_in ac_aggr;
                           ^
configure:14876: $? = 1
configure: failed program was:
| /* confdefs.h */
| #define PACKAGE_NAME ""
| #define PACKAGE_TARNAME ""
| #define PACKAGE_VERSION ""
| #define PACKAGE_STRING ""
| #define PACKAGE_BUGREPORT ""
| #define PACKAGE_URL ""
| #define PACKAGE "libevent"
| #define VERSION "2.0.22-stable"
| #define NUMERIC_VERSION 0x02001600
| #define STDC_HEADERS 1
| #define HAVE_SYS_TYPES_H 1
| #define HAVE_SYS_STAT_H 1
| #define HAVE_STDLIB_H 1
| #define HAVE_STRING_H 1
| #define HAVE_MEMORY_H 1
| #define HAVE_STRINGS_H 1
| #define HAVE_INTTYPES_H 1
| #define HAVE_STDINT_H 1
| #define HAVE_UNISTD_H 1
| #define HAVE_DLFCN_H 1
| #define LT_OBJDIR ".libs/"
| #define HAVE_ZLIB_H 1
| #define HAVE_LIBZ 1
| #define HAVE_OPENSSL_BIO_H 1
| #define STDC_HEADERS 1
| #define HAVE_FCNTL_H 1
| #define HAVE_STDARG_H 1
| #define HAVE_INTTYPES_H 1
| #define HAVE_STDINT_H 1
| #define HAVE_STDDEF_H 1
| #define HAVE_POLL_H 1
| #define HAVE_UNISTD_H 1
| #define HAVE_SYS_EPOLL_H 1
| #define HAVE_SYS_TIME_H 1
| #define HAVE_SYS_QUEUE_H 1
| #define HAVE_SYS_PARAM_H 1
| #define HAVE_SYS_IOCTL_H 1
| #define HAVE_SYS_SELECT_H 1
| #define HAVE_NETINET_IN_H 1
| #define HAVE_SYS_SOCKET_H 1
| #define HAVE_SYS_UIO_H 1
| #define HAVE_ARPA_INET_H 1
| #define HAVE_SYS_EVENTFD_H 1
| #define HAVE_SYS_MMAN_H 1
| #define HAVE_SYS_SENDFILE_H 1
| #define HAVE_SYS_WAIT_H 1
| #define HAVE_NETDB_H 1
| #define HAVE_SYS_STAT_H 1
| #define HAVE_TAILQFOREACH 1
| #define HAVE_TIMERADD 1
| #define HAVE_TIMERCMP 1
| #define HAVE_TIMERCLEAR 1
| #define HAVE_TIMERISSET 1
| #define TIME_WITH_SYS_TIME 1
| #define HAVE_GETTIMEOFDAY 1
| #define HAVE_VASPRINTF 1
| #define HAVE_FCNTL 1
| #define HAVE_CLOCK_GETTIME 1
| #define HAVE_STRTOK_R 1
| #define HAVE_STRSEP 1
| #define HAVE_GETNAMEINFO 1
| #define HAVE_STRLCPY 1
| #define HAVE_INET_NTOP 1
| #define HAVE_INET_PTON 1
| #define HAVE_SIGNAL 1
| #define HAVE_SIGACTION 1
| #define HAVE_STRTOLL 1
| #define HAVE_INET_ATON 1
| #define HAVE_PIPE 1
| #define HAVE_EVENTFD 1
| #define HAVE_SENDFILE 1
| #define HAVE_MMAP 1
| #define HAVE_SPLICE 1
| #define HAVE_ISSETUGID 1
| #define HAVE_GETEUID 1
| #define HAVE_GETEGID 1
| #define HAVE_GETPROTOBYNUMBER 1
| #define HAVE_SETENV 1
| #define HAVE_UNSETENV 1
| #define HAVE_PUTENV 1
| #define HAVE_UMASK 1
| #define HAVE_GETADDRINFO 1
| #define SIZEOF_LONG 4
| #define HAVE_SETFD 1
| #define HAVE_SELECT 1
| #define HAVE_POLL 1
| #define HAVE_EPOLL_CTL 1
| #define HAVE_EPOLL 1
| #define HAVE_UINT64_T 1
| #define HAVE_UINT32_T 1
| #define HAVE_UINT16_T 1
| #define HAVE_UINT8_T 1
| #define HAVE_UINTPTR_T 1
| #define HAVE_FD_MASK 1
| #define SIZEOF_LONG_LONG 8
| #define SIZEOF_LONG 4
| #define SIZEOF_INT 4
| #define SIZEOF_SHORT 2
| #define SIZEOF_SIZE_T 4
| #define SIZEOF_VOID_P 4
| #define SIZEOF_OFF_T 8
| #define HAVE_STRUCT_IN6_ADDR 1
| #define HAVE_STRUCT_SOCKADDR_IN6 1
| #define HAVE_SA_FAMILY_T 1
| #define HAVE_STRUCT_ADDRINFO 1
| #define HAVE_STRUCT_SOCKADDR_STORAGE 1
| #define HAVE_STRUCT_IN6_ADDR_S6_ADDR32 1
| #define HAVE_STRUCT_IN6_ADDR_S6_ADDR16 1
| /* end confdefs.h.  */
| #include <sys/types.h>
| #ifdef HAVE_NETINET_IN_H
| #include <netinet/in.h>
| #endif
| #ifdef HAVE_NETINET_IN6_H
| #include <netinet/in6.h>
| #endif
| #ifdef HAVE_SYS_SOCKET_H
| #include <sys/socket.h>
| #endif
| #ifdef WIN32
| #define WIN32_WINNT 0x400
| #define _WIN32_WINNT 0x400
| #define WIN32_LEAN_AND_MEAN
| #if defined(_MSC_VER) && (_MSC_VER < 1300)
| #include <winsock.h>
| #else
| #include <winsock2.h>
| #include <ws2tcpip.h>
| #endif
| #endif
| 
| 
| int
| main ()
| {
| static struct sockaddr_in ac_aggr;
| if (ac_aggr.sin_len)
| return 0;
|   ;
|   return 0;
| }
configure:14876: /opt/lede-toolchain-ramips-mt7621_gcc-5.4.0_musl-1.1.24.Linux-x86_64/toolchain-mipsel_24kc_gcc-5.4.0_musl-1.1.24/bin/mipsel-openwrt-linux-musl-gcc -c -g -O2 -I/repo/Fail_GPL/asuswrt/release/src-ra-openwrt-4210/router/mipsel-musl/stage/usr/include -Wall -fno-strict-aliasing  conftest.c >&5
conftest.c: In function 'main':
conftest.c:138:19: error: 'struct sockaddr_in' has no member named 'sin_len'
 if (sizeof ac_aggr.sin_len)
                   ^
conftest.c:137:27: warning: variable 'ac_aggr' set but not used [-Wunused-but-set-variable]
 static struct sockaddr_in ac_aggr;
                           ^
configure:14876: $? = 1
configure: failed program was:
| /* confdefs.h */
| #define PACKAGE_NAME ""
| #define PACKAGE_TARNAME ""
| #define PACKAGE_VERSION ""
| #define PACKAGE_STRING ""
| #define PACKAGE_BUGREPORT ""
| #define PACKAGE_URL ""
| #define PACKAGE "libevent"
| #define VERSION "2.0.22-stable"
| #define NUMERIC_VERSION 0x02001600
| #define STDC_HEADERS 1
| #define HAVE_SYS_TYPES_H 1
| #define HAVE_SYS_STAT_H 1
| #define HAVE_STDLIB_H 1
| #define HAVE_STRING_H 1
| #define HAVE_MEMORY_H 1
| #define HAVE_STRINGS_H 1
| #define HAVE_INTTYPES_H 1
| #define HAVE_STDINT_H 1
| #define HAVE_UNISTD_H 1
| #define HAVE_DLFCN_H 1
| #define LT_OBJDIR ".libs/"
| #define HAVE_ZLIB_H 1
| #define HAVE_LIBZ 1
| #define HAVE_OPENSSL_BIO_H 1
| #define STDC_HEADERS 1
| #define HAVE_FCNTL_H 1
| #define HAVE_STDARG_H 1
| #define HAVE_INTTYPES_H 1
| #define HAVE_STDINT_H 1
| #define HAVE_STDDEF_H 1
| #define HAVE_POLL_H 1
| #define HAVE_UNISTD_H 1
| #define HAVE_SYS_EPOLL_H 1
| #define HAVE_SYS_TIME_H 1
| #define HAVE_SYS_QUEUE_H 1
| #define HAVE_SYS_PARAM_H 1
| #define HAVE_SYS_IOCTL_H 1
| #define HAVE_SYS_SELECT_H 1
| #define HAVE_NETINET_IN_H 1
| #define HAVE_SYS_SOCKET_H 1
| #define HAVE_SYS_UIO_H 1
| #define HAVE_ARPA_INET_H 1
| #define HAVE_SYS_EVENTFD_H 1
| #define HAVE_SYS_MMAN_H 1
| #define HAVE_SYS_SENDFILE_H 1
| #define HAVE_SYS_WAIT_H 1
| #define HAVE_NETDB_H 1
| #define HAVE_SYS_STAT_H 1
| #define HAVE_TAILQFOREACH 1
| #define HAVE_TIMERADD 1
| #define HAVE_TIMERCMP 1
| #define HAVE_TIMERCLEAR 1
| #define HAVE_TIMERISSET 1
| #define TIME_WITH_SYS_TIME 1
| #define HAVE_GETTIMEOFDAY 1
| #define HAVE_VASPRINTF 1
| #define HAVE_FCNTL 1
| #define HAVE_CLOCK_GETTIME 1
| #define HAVE_STRTOK_R 1
| #define HAVE_STRSEP 1
| #define HAVE_GETNAMEINFO 1
| #define HAVE_STRLCPY 1
| #define HAVE_INET_NTOP 1
| #define HAVE_INET_PTON 1
| #define HAVE_SIGNAL 1
| #define HAVE_SIGACTION 1
| #define HAVE_STRTOLL 1
| #define HAVE_INET_ATON 1
| #define HAVE_PIPE 1
| #define HAVE_EVENTFD 1
| #define HAVE_SENDFILE 1
| #define HAVE_MMAP 1
| #define HAVE_SPLICE 1
| #define HAVE_ISSETUGID 1
| #define HAVE_GETEUID 1
| #define HAVE_GETEGID 1
| #define HAVE_GETPROTOBYNUMBER 1
| #define HAVE_SETENV 1
| #define HAVE_UNSETENV 1
| #define HAVE_PUTENV 1
| #define HAVE_UMASK 1
| #define HAVE_GETADDRINFO 1
| #define SIZEOF_LONG 4
| #define HAVE_SETFD 1
| #define HAVE_SELECT 1
| #define HAVE_POLL 1
| #define HAVE_EPOLL_CTL 1
| #define HAVE_EPOLL 1
| #define HAVE_UINT64_T 1
| #define HAVE_UINT32_T 1
| #define HAVE_UINT16_T 1
| #define HAVE_UINT8_T 1
| #define HAVE_UINTPTR_T 1
| #define HAVE_FD_MASK 1
| #define SIZEOF_LONG_LONG 8
| #define SIZEOF_LONG 4
| #define SIZEOF_INT 4
| #define SIZEOF_SHORT 2
| #define SIZEOF_SIZE_T 4
| #define SIZEOF_VOID_P 4
| #define SIZEOF_OFF_T 8
| #define HAVE_STRUCT_IN6_ADDR 1
| #define HAVE_STRUCT_SOCKADDR_IN6 1
| #define HAVE_SA_FAMILY_T 1
| #define HAVE_STRUCT_ADDRINFO 1
| #define HAVE_STRUCT_SOCKADDR_STORAGE 1
| #define HAVE_STRUCT_IN6_ADDR_S6_ADDR32 1
| #define HAVE_STRUCT_IN6_ADDR_S6_ADDR16 1
| /* end confdefs.h.  */
| #include <sys/types.h>
| #ifdef HAVE_NETINET_IN_H
| #include <netinet/in.h>
| #endif
| #ifdef HAVE_NETINET_IN6_H
| #include <netinet/in6.h>
| #endif
| #ifdef HAVE_SYS_SOCKET_H
| #include <sys/socket.h>
| #endif
| #ifdef WIN32
| #define WIN32_WINNT 0x400
| #define _WIN32_WINNT 0x400
| #define WIN32_LEAN_AND_MEAN
| #if defined(_MSC_VER) && (_MSC_VER < 1300)
| #include <winsock.h>
| #else
| #include <winsock2.h>
| #include <ws2tcpip.h>
| #endif
| #endif
| 
| 
| int
| main ()
| {
| static struct sockaddr_in ac_aggr;
| if (sizeof ac_aggr.sin_len)
| return 0;
|   ;
|   return 0;
| }
configure:14876: result: no
configure:14907: checking for struct sockaddr_in6.sin6_len
configure:14907: /opt/lede-toolchain-ramips-mt7621_gcc-5.4.0_musl-1.1.24.Linux-x86_64/toolchain-mipsel_24kc_gcc-5.4.0_musl-1.1.24/bin/mipsel-openwrt-linux-musl-gcc -c -g -O2 -I/repo/Fail_GPL/asuswrt/release/src-ra-openwrt-4210/router/mipsel-musl/stage/usr/include -Wall -fno-strict-aliasing  conftest.c >&5
conftest.c: In function 'main':
conftest.c:138:12: error: 'struct sockaddr_in6' has no member named 'sin6_len'
 if (ac_aggr.sin6_len)
            ^
conftest.c:137:28: warning: variable 'ac_aggr' set but not used [-Wunused-but-set-variable]
 static struct sockaddr_in6 ac_aggr;
                            ^
configure:14907: $? = 1
configure: failed program was:
| /* confdefs.h */
| #define PACKAGE_NAME ""
| #define PACKAGE_TARNAME ""
| #define PACKAGE_VERSION ""
| #define PACKAGE_STRING ""
| #define PACKAGE_BUGREPORT ""
| #define PACKAGE_URL ""
| #define PACKAGE "libevent"
| #define VERSION "2.0.22-stable"
| #define NUMERIC_VERSION 0x02001600
| #define STDC_HEADERS 1
| #define HAVE_SYS_TYPES_H 1
| #define HAVE_SYS_STAT_H 1
| #define HAVE_STDLIB_H 1
| #define HAVE_STRING_H 1
| #define HAVE_MEMORY_H 1
| #define HAVE_STRINGS_H 1
| #define HAVE_INTTYPES_H 1
| #define HAVE_STDINT_H 1
| #define HAVE_UNISTD_H 1
| #define HAVE_DLFCN_H 1
| #define LT_OBJDIR ".libs/"
| #define HAVE_ZLIB_H 1
| #define HAVE_LIBZ 1
| #define HAVE_OPENSSL_BIO_H 1
| #define STDC_HEADERS 1
| #define HAVE_FCNTL_H 1
| #define HAVE_STDARG_H 1
| #define HAVE_INTTYPES_H 1
| #define HAVE_STDINT_H 1
| #define HAVE_STDDEF_H 1
| #define HAVE_POLL_H 1
| #define HAVE_UNISTD_H 1
| #define HAVE_SYS_EPOLL_H 1
| #define HAVE_SYS_TIME_H 1
| #define HAVE_SYS_QUEUE_H 1
| #define HAVE_SYS_PARAM_H 1
| #define HAVE_SYS_IOCTL_H 1
| #define HAVE_SYS_SELECT_H 1
| #define HAVE_NETINET_IN_H 1
| #define HAVE_SYS_SOCKET_H 1
| #define HAVE_SYS_UIO_H 1
| #define HAVE_ARPA_INET_H 1
| #define HAVE_SYS_EVENTFD_H 1
| #define HAVE_SYS_MMAN_H 1
| #define HAVE_SYS_SENDFILE_H 1
| #define HAVE_SYS_WAIT_H 1
| #define HAVE_NETDB_H 1
| #define HAVE_SYS_STAT_H 1
| #define HAVE_TAILQFOREACH 1
| #define HAVE_TIMERADD 1
| #define HAVE_TIMERCMP 1
| #define HAVE_TIMERCLEAR 1
| #define HAVE_TIMERISSET 1
| #define TIME_WITH_SYS_TIME 1
| #define HAVE_GETTIMEOFDAY 1
| #define HAVE_VASPRINTF 1
| #define HAVE_FCNTL 1
| #define HAVE_CLOCK_GETTIME 1
| #define HAVE_STRTOK_R 1
| #define HAVE_STRSEP 1
| #define HAVE_GETNAMEINFO 1
| #define HAVE_STRLCPY 1
| #define HAVE_INET_NTOP 1
| #define HAVE_INET_PTON 1
| #define HAVE_SIGNAL 1
| #define HAVE_SIGACTION 1
| #define HAVE_STRTOLL 1
| #define HAVE_INET_ATON 1
| #define HAVE_PIPE 1
| #define HAVE_EVENTFD 1
| #define HAVE_SENDFILE 1
| #define HAVE_MMAP 1
| #define HAVE_SPLICE 1
| #define HAVE_ISSETUGID 1
| #define HAVE_GETEUID 1
| #define HAVE_GETEGID 1
| #define HAVE_GETPROTOBYNUMBER 1
| #define HAVE_SETENV 1
| #define HAVE_UNSETENV 1
| #define HAVE_PUTENV 1
| #define HAVE_UMASK 1
| #define HAVE_GETADDRINFO 1
| #define SIZEOF_LONG 4
| #define HAVE_SETFD 1
| #define HAVE_SELECT 1
| #define HAVE_POLL 1
| #define HAVE_EPOLL_CTL 1
| #define HAVE_EPOLL 1
| #define HAVE_UINT64_T 1
| #define HAVE_UINT32_T 1
| #define HAVE_UINT16_T 1
| #define HAVE_UINT8_T 1
| #define HAVE_UINTPTR_T 1
| #define HAVE_FD_MASK 1
| #define SIZEOF_LONG_LONG 8
| #define SIZEOF_LONG 4
| #define SIZEOF_INT 4
| #define SIZEOF_SHORT 2
| #define SIZEOF_SIZE_T 4
| #define SIZEOF_VOID_P 4
| #define SIZEOF_OFF_T 8
| #define HAVE_STRUCT_IN6_ADDR 1
| #define HAVE_STRUCT_SOCKADDR_IN6 1
| #define HAVE_SA_FAMILY_T 1
| #define HAVE_STRUCT_ADDRINFO 1
| #define HAVE_STRUCT_SOCKADDR_STORAGE 1
| #define HAVE_STRUCT_IN6_ADDR_S6_ADDR32 1
| #define HAVE_STRUCT_IN6_ADDR_S6_ADDR16 1
| /* end confdefs.h.  */
| #include <sys/types.h>
| #ifdef HAVE_NETINET_IN_H
| #include <netinet/in.h>
| #endif
| #ifdef HAVE_NETINET_IN6_H
| #include <netinet/in6.h>
| #endif
| #ifdef HAVE_SYS_SOCKET_H
| #include <sys/socket.h>
| #endif
| #ifdef WIN32
| #define WIN32_WINNT 0x400
| #define _WIN32_WINNT 0x400
| #define WIN32_LEAN_AND_MEAN
| #if defined(_MSC_VER) && (_MSC_VER < 1300)
| #include <winsock.h>
| #else
| #include <winsock2.h>
| #include <ws2tcpip.h>
| #endif
| #endif
| 
| 
| int
| main ()
| {
| static struct sockaddr_in6 ac_aggr;
| if (ac_aggr.sin6_len)
| return 0;
|   ;
|   return 0;
| }
configure:14907: /opt/lede-toolchain-ramips-mt7621_gcc-5.4.0_musl-1.1.24.Linux-x86_64/toolchain-mipsel_24kc_gcc-5.4.0_musl-1.1.24/bin/mipsel-openwrt-linux-musl-gcc -c -g -O2 -I/repo/Fail_GPL/asuswrt/release/src-ra-openwrt-4210/router/mipsel-musl/stage/usr/include -Wall -fno-strict-aliasing  conftest.c >&5
conftest.c: In function 'main':
conftest.c:138:19: error: 'struct sockaddr_in6' has no member named 'sin6_len'
 if (sizeof ac_aggr.sin6_len)
                   ^
conftest.c:137:28: warning: variable 'ac_aggr' set but not used [-Wunused-but-set-variable]
 static struct sockaddr_in6 ac_aggr;
                            ^
configure:14907: $? = 1
configure: failed program was:
| /* confdefs.h */
| #define PACKAGE_NAME ""
| #define PACKAGE_TARNAME ""
| #define PACKAGE_VERSION ""
| #define PACKAGE_STRING ""
| #define PACKAGE_BUGREPORT ""
| #define PACKAGE_URL ""
| #define PACKAGE "libevent"
| #define VERSION "2.0.22-stable"
| #define NUMERIC_VERSION 0x02001600
| #define STDC_HEADERS 1
| #define HAVE_SYS_TYPES_H 1
| #define HAVE_SYS_STAT_H 1
| #define HAVE_STDLIB_H 1
| #define HAVE_STRING_H 1
| #define HAVE_MEMORY_H 1
| #define HAVE_STRINGS_H 1
| #define HAVE_INTTYPES_H 1
| #define HAVE_STDINT_H 1
| #define HAVE_UNISTD_H 1
| #define HAVE_DLFCN_H 1
| #define LT_OBJDIR ".libs/"
| #define HAVE_ZLIB_H 1
| #define HAVE_LIBZ 1
| #define HAVE_OPENSSL_BIO_H 1
| #define STDC_HEADERS 1
| #define HAVE_FCNTL_H 1
| #define HAVE_STDARG_H 1
| #define HAVE_INTTYPES_H 1
| #define HAVE_STDINT_H 1
| #define HAVE_STDDEF_H 1
| #define HAVE_POLL_H 1
| #define HAVE_UNISTD_H 1
| #define HAVE_SYS_EPOLL_H 1
| #define HAVE_SYS_TIME_H 1
| #define HAVE_SYS_QUEUE_H 1
| #define HAVE_SYS_PARAM_H 1
| #define HAVE_SYS_IOCTL_H 1
| #define HAVE_SYS_SELECT_H 1
| #define HAVE_NETINET_IN_H 1
| #define HAVE_SYS_SOCKET_H 1
| #define HAVE_SYS_UIO_H 1
| #define HAVE_ARPA_INET_H 1
| #define HAVE_SYS_EVENTFD_H 1
| #define HAVE_SYS_MMAN_H 1
| #define HAVE_SYS_SENDFILE_H 1
| #define HAVE_SYS_WAIT_H 1
| #define HAVE_NETDB_H 1
| #define HAVE_SYS_STAT_H 1
| #define HAVE_TAILQFOREACH 1
| #define HAVE_TIMERADD 1
| #define HAVE_TIMERCMP 1
| #define HAVE_TIMERCLEAR 1
| #define HAVE_TIMERISSET 1
| #define TIME_WITH_SYS_TIME 1
| #define HAVE_GETTIMEOFDAY 1
| #define HAVE_VASPRINTF 1
| #define HAVE_FCNTL 1
| #define HAVE_CLOCK_GETTIME 1
| #define HAVE_STRTOK_R 1
| #define HAVE_STRSEP 1
| #define HAVE_GETNAMEINFO 1
| #define HAVE_STRLCPY 1
| #define HAVE_INET_NTOP 1
| #define HAVE_INET_PTON 1
| #define HAVE_SIGNAL 1
| #define HAVE_SIGACTION 1
| #define HAVE_STRTOLL 1
| #define HAVE_INET_ATON 1
| #define HAVE_PIPE 1
| #define HAVE_EVENTFD 1
| #define HAVE_SENDFILE 1
| #define HAVE_MMAP 1
| #define HAVE_SPLICE 1
| #define HAVE_ISSETUGID 1
| #define HAVE_GETEUID 1
| #define HAVE_GETEGID 1
| #define HAVE_GETPROTOBYNUMBER 1
| #define HAVE_SETENV 1
| #define HAVE_UNSETENV 1
| #define HAVE_PUTENV 1
| #define HAVE_UMASK 1
| #define HAVE_GETADDRINFO 1
| #define SIZEOF_LONG 4
| #define HAVE_SETFD 1
| #define HAVE_SELECT 1
| #define HAVE_POLL 1
| #define HAVE_EPOLL_CTL 1
| #define HAVE_EPOLL 1
| #define HAVE_UINT64_T 1
| #define HAVE_UINT32_T 1
| #define HAVE_UINT16_T 1
| #define HAVE_UINT8_T 1
| #define HAVE_UINTPTR_T 1
| #define HAVE_FD_MASK 1
| #define SIZEOF_LONG_LONG 8
| #define SIZEOF_LONG 4
| #define SIZEOF_INT 4
| #define SIZEOF_SHORT 2
| #define SIZEOF_SIZE_T 4
| #define SIZEOF_VOID_P 4
| #define SIZEOF_OFF_T 8
| #define HAVE_STRUCT_IN6_ADDR 1
| #define HAVE_STRUCT_SOCKADDR_IN6 1
| #define HAVE_SA_FAMILY_T 1
| #define HAVE_STRUCT_ADDRINFO 1
| #define HAVE_STRUCT_SOCKADDR_STORAGE 1
| #define HAVE_STRUCT_IN6_ADDR_S6_ADDR32 1
| #define HAVE_STRUCT_IN6_ADDR_S6_ADDR16 1
| /* end confdefs.h.  */
| #include <sys/types.h>
| #ifdef HAVE_NETINET_IN_H
| #include <netinet/in.h>
| #endif
| #ifdef HAVE_NETINET_IN6_H
| #include <netinet/in6.h>
| #endif
| #ifdef HAVE_SYS_SOCKET_H
| #include <sys/socket.h>
| #endif
| #ifdef WIN32
| #define WIN32_WINNT 0x400
| #define _WIN32_WINNT 0x400
| #define WIN32_LEAN_AND_MEAN
| #if defined(_MSC_VER) && (_MSC_VER < 1300)
| #include <winsock.h>
| #else
| #include <winsock2.h>
| #include <ws2tcpip.h>
| #endif
| #endif
| 
| 
| int
| main ()
| {
| static struct sockaddr_in6 ac_aggr;
| if (sizeof ac_aggr.sin6_len)
| return 0;
|   ;
|   return 0;
| }
configure:14907: result: no
configure:14938: checking for struct sockaddr_storage.ss_family
configure:14938: /opt/lede-toolchain-ramips-mt7621_gcc-5.4.0_musl-1.1.24.Linux-x86_64/toolchain-mipsel_24kc_gcc-5.4.0_musl-1.1.24/bin/mipsel-openwrt-linux-musl-gcc -c -g -O2 -I/repo/Fail_GPL/asuswrt/release/src-ra-openwrt-4210/router/mipsel-musl/stage/usr/include -Wall -fno-strict-aliasing  conftest.c >&5
configure:14938: $? = 0
configure:14938: result: yes
configure:14969: checking for struct sockaddr_storage.__ss_family
configure:14969: /opt/lede-toolchain-ramips-mt7621_gcc-5.4.0_musl-1.1.24.Linux-x86_64/toolchain-mipsel_24kc_gcc-5.4.0_musl-1.1.24/bin/mipsel-openwrt-linux-musl-gcc -c -g -O2 -I/repo/Fail_GPL/asuswrt/release/src-ra-openwrt-4210/router/mipsel-musl/stage/usr/include -Wall -fno-strict-aliasing  conftest.c >&5
conftest.c: In function 'main':
conftest.c:139:12: error: 'struct sockaddr_storage' has no member named '__ss_family'
 if (ac_aggr.__ss_family)
            ^
conftest.c:138:32: warning: variable 'ac_aggr' set but not used [-Wunused-but-set-variable]
 static struct sockaddr_storage ac_aggr;
                                ^
configure:14969: $? = 1
configure: failed program was:
| /* confdefs.h */
| #define PACKAGE_NAME ""
| #define PACKAGE_TARNAME ""
| #define PACKAGE_VERSION ""
| #define PACKAGE_STRING ""
| #define PACKAGE_BUGREPORT ""
| #define PACKAGE_URL ""
| #define PACKAGE "libevent"
| #define VERSION "2.0.22-stable"
| #define NUMERIC_VERSION 0x02001600
| #define STDC_HEADERS 1
| #define HAVE_SYS_TYPES_H 1
| #define HAVE_SYS_STAT_H 1
| #define HAVE_STDLIB_H 1
| #define HAVE_STRING_H 1
| #define HAVE_MEMORY_H 1
| #define HAVE_STRINGS_H 1
| #define HAVE_INTTYPES_H 1
| #define HAVE_STDINT_H 1
| #define HAVE_UNISTD_H 1
| #define HAVE_DLFCN_H 1
| #define LT_OBJDIR ".libs/"
| #define HAVE_ZLIB_H 1
| #define HAVE_LIBZ 1
| #define HAVE_OPENSSL_BIO_H 1
| #define STDC_HEADERS 1
| #define HAVE_FCNTL_H 1
| #define HAVE_STDARG_H 1
| #define HAVE_INTTYPES_H 1
| #define HAVE_STDINT_H 1
| #define HAVE_STDDEF_H 1
| #define HAVE_POLL_H 1
| #define HAVE_UNISTD_H 1
| #define HAVE_SYS_EPOLL_H 1
| #define HAVE_SYS_TIME_H 1
| #define HAVE_SYS_QUEUE_H 1
| #define HAVE_SYS_PARAM_H 1
| #define HAVE_SYS_IOCTL_H 1
| #define HAVE_SYS_SELECT_H 1
| #define HAVE_NETINET_IN_H 1
| #define HAVE_SYS_SOCKET_H 1
| #define HAVE_SYS_UIO_H 1
| #define HAVE_ARPA_INET_H 1
| #define HAVE_SYS_EVENTFD_H 1
| #define HAVE_SYS_MMAN_H 1
| #define HAVE_SYS_SENDFILE_H 1
| #define HAVE_SYS_WAIT_H 1
| #define HAVE_NETDB_H 1
| #define HAVE_SYS_STAT_H 1
| #define HAVE_TAILQFOREACH 1
| #define HAVE_TIMERADD 1
| #define HAVE_TIMERCMP 1
| #define HAVE_TIMERCLEAR 1
| #define HAVE_TIMERISSET 1
| #define TIME_WITH_SYS_TIME 1
| #define HAVE_GETTIMEOFDAY 1
| #define HAVE_VASPRINTF 1
| #define HAVE_FCNTL 1
| #define HAVE_CLOCK_GETTIME 1
| #define HAVE_STRTOK_R 1
| #define HAVE_STRSEP 1
| #define HAVE_GETNAMEINFO 1
| #define HAVE_STRLCPY 1
| #define HAVE_INET_NTOP 1
| #define HAVE_INET_PTON 1
| #define HAVE_SIGNAL 1
| #define HAVE_SIGACTION 1
| #define HAVE_STRTOLL 1
| #define HAVE_INET_ATON 1
| #define HAVE_PIPE 1
| #define HAVE_EVENTFD 1
| #define HAVE_SENDFILE 1
| #define HAVE_MMAP 1
| #define HAVE_SPLICE 1
| #define HAVE_ISSETUGID 1
| #define HAVE_GETEUID 1
| #define HAVE_GETEGID 1
| #define HAVE_GETPROTOBYNUMBER 1
| #define HAVE_SETENV 1
| #define HAVE_UNSETENV 1
| #define HAVE_PUTENV 1
| #define HAVE_UMASK 1
| #define HAVE_GETADDRINFO 1
| #define SIZEOF_LONG 4
| #define HAVE_SETFD 1
| #define HAVE_SELECT 1
| #define HAVE_POLL 1
| #define HAVE_EPOLL_CTL 1
| #define HAVE_EPOLL 1
| #define HAVE_UINT64_T 1
| #define HAVE_UINT32_T 1
| #define HAVE_UINT16_T 1
| #define HAVE_UINT8_T 1
| #define HAVE_UINTPTR_T 1
| #define HAVE_FD_MASK 1
| #define SIZEOF_LONG_LONG 8
| #define SIZEOF_LONG 4
| #define SIZEOF_INT 4
| #define SIZEOF_SHORT 2
| #define SIZEOF_SIZE_T 4
| #define SIZEOF_VOID_P 4
| #define SIZEOF_OFF_T 8
| #define HAVE_STRUCT_IN6_ADDR 1
| #define HAVE_STRUCT_SOCKADDR_IN6 1
| #define HAVE_SA_FAMILY_T 1
| #define HAVE_STRUCT_ADDRINFO 1
| #define HAVE_STRUCT_SOCKADDR_STORAGE 1
| #define HAVE_STRUCT_IN6_ADDR_S6_ADDR32 1
| #define HAVE_STRUCT_IN6_ADDR_S6_ADDR16 1
| #define HAVE_STRUCT_SOCKADDR_STORAGE_SS_FAMILY 1
| /* end confdefs.h.  */
| #include <sys/types.h>
| #ifdef HAVE_NETINET_IN_H
| #include <netinet/in.h>
| #endif
| #ifdef HAVE_NETINET_IN6_H
| #include <netinet/in6.h>
| #endif
| #ifdef HAVE_SYS_SOCKET_H
| #include <sys/socket.h>
| #endif
| #ifdef WIN32
| #define WIN32_WINNT 0x400
| #define _WIN32_WINNT 0x400
| #define WIN32_LEAN_AND_MEAN
| #if defined(_MSC_VER) && (_MSC_VER < 1300)
| #include <winsock.h>
| #else
| #include <winsock2.h>
| #include <ws2tcpip.h>
| #endif
| #endif
| 
| 
| int
| main ()
| {
| static struct sockaddr_storage ac_aggr;
| if (ac_aggr.__ss_family)
| return 0;
|   ;
|   return 0;
| }
configure:14969: /opt/lede-toolchain-ramips-mt7621_gcc-5.4.0_musl-1.1.24.Linux-x86_64/toolchain-mipsel_24kc_gcc-5.4.0_musl-1.1.24/bin/mipsel-openwrt-linux-musl-gcc -c -g -O2 -I/repo/Fail_GPL/asuswrt/release/src-ra-openwrt-4210/router/mipsel-musl/stage/usr/include -Wall -fno-strict-aliasing  conftest.c >&5
conftest.c: In function 'main':
conftest.c:139:19: error: 'struct sockaddr_storage' has no member named '__ss_family'
 if (sizeof ac_aggr.__ss_family)
                   ^
conftest.c:138:32: warning: variable 'ac_aggr' set but not used [-Wunused-but-set-variable]
 static struct sockaddr_storage ac_aggr;
                                ^
configure:14969: $? = 1
configure: failed program was:
| /* confdefs.h */
| #define PACKAGE_NAME ""
| #define PACKAGE_TARNAME ""
| #define PACKAGE_VERSION ""
| #define PACKAGE_STRING ""
| #define PACKAGE_BUGREPORT ""
| #define PACKAGE_URL ""
| #define PACKAGE "libevent"
| #define VERSION "2.0.22-stable"
| #define NUMERIC_VERSION 0x02001600
| #define STDC_HEADERS 1
| #define HAVE_SYS_TYPES_H 1
| #define HAVE_SYS_STAT_H 1
| #define HAVE_STDLIB_H 1
| #define HAVE_STRING_H 1
| #define HAVE_MEMORY_H 1
| #define HAVE_STRINGS_H 1
| #define HAVE_INTTYPES_H 1
| #define HAVE_STDINT_H 1
| #define HAVE_UNISTD_H 1
| #define HAVE_DLFCN_H 1
| #define LT_OBJDIR ".libs/"
| #define HAVE_ZLIB_H 1
| #define HAVE_LIBZ 1
| #define HAVE_OPENSSL_BIO_H 1
| #define STDC_HEADERS 1
| #define HAVE_FCNTL_H 1
| #define HAVE_STDARG_H 1
| #define HAVE_INTTYPES_H 1
| #define HAVE_STDINT_H 1
| #define HAVE_STDDEF_H 1
| #define HAVE_POLL_H 1
| #define HAVE_UNISTD_H 1
| #define HAVE_SYS_EPOLL_H 1
| #define HAVE_SYS_TIME_H 1
| #define HAVE_SYS_QUEUE_H 1
| #define HAVE_SYS_PARAM_H 1
| #define HAVE_SYS_IOCTL_H 1
| #define HAVE_SYS_SELECT_H 1
| #define HAVE_NETINET_IN_H 1
| #define HAVE_SYS_SOCKET_H 1
| #define HAVE_SYS_UIO_H 1
| #define HAVE_ARPA_INET_H 1
| #define HAVE_SYS_EVENTFD_H 1
| #define HAVE_SYS_MMAN_H 1
| #define HAVE_SYS_SENDFILE_H 1
| #define HAVE_SYS_WAIT_H 1
| #define HAVE_NETDB_H 1
| #define HAVE_SYS_STAT_H 1
| #define HAVE_TAILQFOREACH 1
| #define HAVE_TIMERADD 1
| #define HAVE_TIMERCMP 1
| #define HAVE_TIMERCLEAR 1
| #define HAVE_TIMERISSET 1
| #define TIME_WITH_SYS_TIME 1
| #define HAVE_GETTIMEOFDAY 1
| #define HAVE_VASPRINTF 1
| #define HAVE_FCNTL 1
| #define HAVE_CLOCK_GETTIME 1
| #define HAVE_STRTOK_R 1
| #define HAVE_STRSEP 1
| #define HAVE_GETNAMEINFO 1
| #define HAVE_STRLCPY 1
| #define HAVE_INET_NTOP 1
| #define HAVE_INET_PTON 1
| #define HAVE_SIGNAL 1
| #define HAVE_SIGACTION 1
| #define HAVE_STRTOLL 1
| #define HAVE_INET_ATON 1
| #define HAVE_PIPE 1
| #define HAVE_EVENTFD 1
| #define HAVE_SENDFILE 1
| #define HAVE_MMAP 1
| #define HAVE_SPLICE 1
| #define HAVE_ISSETUGID 1
| #define HAVE_GETEUID 1
| #define HAVE_GETEGID 1
| #define HAVE_GETPROTOBYNUMBER 1
| #define HAVE_SETENV 1
| #define HAVE_UNSETENV 1
| #define HAVE_PUTENV 1
| #define HAVE_UMASK 1
| #define HAVE_GETADDRINFO 1
| #define SIZEOF_LONG 4
| #define HAVE_SETFD 1
| #define HAVE_SELECT 1
| #define HAVE_POLL 1
| #define HAVE_EPOLL_CTL 1
| #define HAVE_EPOLL 1
| #define HAVE_UINT64_T 1
| #define HAVE_UINT32_T 1
| #define HAVE_UINT16_T 1
| #define HAVE_UINT8_T 1
| #define HAVE_UINTPTR_T 1
| #define HAVE_FD_MASK 1
| #define SIZEOF_LONG_LONG 8
| #define SIZEOF_LONG 4
| #define SIZEOF_INT 4
| #define SIZEOF_SHORT 2
| #define SIZEOF_SIZE_T 4
| #define SIZEOF_VOID_P 4
| #define SIZEOF_OFF_T 8
| #define HAVE_STRUCT_IN6_ADDR 1
| #define HAVE_STRUCT_SOCKADDR_IN6 1
| #define HAVE_SA_FAMILY_T 1
| #define HAVE_STRUCT_ADDRINFO 1
| #define HAVE_STRUCT_SOCKADDR_STORAGE 1
| #define HAVE_STRUCT_IN6_ADDR_S6_ADDR32 1
| #define HAVE_STRUCT_IN6_ADDR_S6_ADDR16 1
| #define HAVE_STRUCT_SOCKADDR_STORAGE_SS_FAMILY 1
| /* end confdefs.h.  */
| #include <sys/types.h>
| #ifdef HAVE_NETINET_IN_H
| #include <netinet/in.h>
| #endif
| #ifdef HAVE_NETINET_IN6_H
| #include <netinet/in6.h>
| #endif
| #ifdef HAVE_SYS_SOCKET_H
| #include <sys/socket.h>
| #endif
| #ifdef WIN32
| #define WIN32_WINNT 0x400
| #define _WIN32_WINNT 0x400
| #define WIN32_LEAN_AND_MEAN
| #if defined(_MSC_VER) && (_MSC_VER < 1300)
| #include <winsock.h>
| #else
| #include <winsock2.h>
| #include <ws2tcpip.h>
| #endif
| #endif
| 
| 
| int
| main ()
| {
| static struct sockaddr_storage ac_aggr;
| if (sizeof ac_aggr.__ss_family)
| return 0;
|   ;
|   return 0;
| }
configure:14969: result: no
configure:15002: checking for socklen_t
configure:15017: /opt/lede-toolchain-ramips-mt7621_gcc-5.4.0_musl-1.1.24.Linux-x86_64/toolchain-mipsel_24kc_gcc-5.4.0_musl-1.1.24/bin/mipsel-openwrt-linux-musl-gcc -c -g -O2 -I/repo/Fail_GPL/asuswrt/release/src-ra-openwrt-4210/router/mipsel-musl/stage/usr/include -Wall -fno-strict-aliasing  conftest.c >&5
conftest.c: In function 'main':
conftest.c:118:11: warning: unused variable 'x' [-Wunused-variable]
 socklen_t x;
           ^
configure:15017: $? = 0
configure:15018: result: yes
configure:15030: checking whether our compiler supports __func__
configure:15043: /opt/lede-toolchain-ramips-mt7621_gcc-5.4.0_musl-1.1.24.Linux-x86_64/toolchain-mipsel_24kc_gcc-5.4.0_musl-1.1.24/bin/mipsel-openwrt-linux-musl-gcc -c -g -O2 -I/repo/Fail_GPL/asuswrt/release/src-ra-openwrt-4210/router/mipsel-musl/stage/usr/include -Wall -fno-strict-aliasing  conftest.c >&5
conftest.c: In function 'main':
conftest.c:116:14: warning: unused variable 'cp' [-Wunused-variable]
  const char *cp = __func__;
              ^
configure:15043: $? = 0
configure:15044: result: yes
configure:15643: checking if linker supports omitting unused code and data
configure:15687: /opt/lede-toolchain-ramips-mt7621_gcc-5.4.0_musl-1.1.24.Linux-x86_64/toolchain-mipsel_24kc_gcc-5.4.0_musl-1.1.24/bin/mipsel-openwrt-linux-musl-gcc -o conftest -g -O2 -I/repo/Fail_GPL/asuswrt/release/src-ra-openwrt-4210/router/mipsel-musl/stage/usr/include -Wall -fno-strict-aliasing -Wl,--gc-sections  -L/repo/Fail_GPL/asuswrt/release/src-ra-openwrt-4210/router/lldpd-0.9.8/lib -lm -L/repo/Fail_GPL/asuswrt/release/src-ra-openwrt-4210/router/mipsel-musl/stage/usr/lib -ljansson -L/repo/Fail_GPL/asuswrt/release/src-ra-openwrt-4210/router/json-c/.libs -ldl conftest.c  >&5
conftest.c: In function 'main':
conftest.c:133:23: warning: 'read_success_once' may be used uninitialized in this function [-Wmaybe-uninitialized]
     read_success_once |= (0 != cch);
                       ^
configure:15687: $? = 0
configure:15707: result: no
configure:15840: checking that generated files are newer than configure
configure:15846: result: done
configure:15929: creating ./config.status

## ---------------------- ##
## Running config.status. ##
## ---------------------- ##

This file was extended by config.status, which was
generated by GNU Autoconf 2.69.  Invocation command line was

  CONFIG_FILES    = 
  CONFIG_HEADERS  = 
  CONFIG_LINKS    = 
  CONFIG_COMMANDS = 
  $ ./config.status 

on fd69b6f2cff8

config.status:1228: creating libevent.pc
config.status:1228: creating libevent_openssl.pc
config.status:1228: creating libevent_pthreads.pc
config.status:1228: creating Makefile
config.status:1228: creating include/Makefile
config.status:1228: creating test/Makefile
config.status:1228: creating sample/Makefile
config.status:1228: creating config.h
config.status:1457: executing depfiles commands
config.status:1457: executing libtool commands

## ---------------- ##
## Cache variables. ##
## ---------------- ##

ac_cv_build=x86_64-pc-linux-gnu
ac_cv_c_compiler_gnu=yes
ac_cv_c_const=yes
ac_cv_c_inline=inline
ac_cv_env_CC_set=set
ac_cv_env_CC_value=/opt/lede-toolchain-ramips-mt7621_gcc-5.4.0_musl-1.1.24.Linux-x86_64/toolchain-mipsel_24kc_gcc-5.4.0_musl-1.1.24/bin/mipsel-openwrt-linux-musl-gcc
ac_cv_env_CFLAGS_set=set
ac_cv_env_CFLAGS_value='-g -O2 -I/repo/Fail_GPL/asuswrt/release/src-ra-openwrt-4210/router/mipsel-musl/stage/usr/include'
ac_cv_env_CPPFLAGS_set=
ac_cv_env_CPPFLAGS_value=
ac_cv_env_CPP_set=
ac_cv_env_CPP_value=
ac_cv_env_LDFLAGS_set=set
ac_cv_env_LDFLAGS_value='-L/repo/Fail_GPL/asuswrt/release/src-ra-openwrt-4210/router/lldpd-0.9.8/lib -lm -L/repo/Fail_GPL/asuswrt/release/src-ra-openwrt-4210/router/mipsel-musl/stage/usr/lib -ljansson -L/repo/Fail_GPL/asuswrt/release/src-ra-openwrt-4210/router/json-c/.libs -ldl'
ac_cv_env_LIBS_set=
ac_cv_env_LIBS_value=
ac_cv_env_LT_SYS_LIBRARY_PATH_set=
ac_cv_env_LT_SYS_LIBRARY_PATH_value=
ac_cv_env_build_alias_set=set
ac_cv_env_build_alias_value=x86_64-linux-gnu
ac_cv_env_host_alias_set=set
ac_cv_env_host_alias_value=mipsel-linux
ac_cv_env_target_alias_set=
ac_cv_env_target_alias_value=
ac_cv_func_arc4random=no
ac_cv_func_arc4random_buf=no
ac_cv_func_clock_gettime=yes
ac_cv_func_epoll_ctl=yes
ac_cv_func_eventfd=yes
ac_cv_func_fcntl=yes
ac_cv_func_getegid=yes
ac_cv_func_geteuid=yes
ac_cv_func_getnameinfo=yes
ac_cv_func_getprotobynumber=yes
ac_cv_func_gettimeofday=yes
ac_cv_func_inet_aton=yes
ac_cv_func_inet_ntop=yes
ac_cv_func_inet_pton=yes
ac_cv_func_issetugid=yes
ac_cv_func_mmap=yes
ac_cv_func_pipe=yes
ac_cv_func_poll=yes
ac_cv_func_port_create=no
ac_cv_func_putenv=yes
ac_cv_func_select=yes
ac_cv_func_sendfile=yes
ac_cv_func_setenv=yes
ac_cv_func_sigaction=yes
ac_cv_func_signal=yes
ac_cv_func_splice=yes
ac_cv_func_strlcpy=yes
ac_cv_func_strsep=yes
ac_cv_func_strtok_r=yes
ac_cv_func_strtoll=yes
ac_cv_func_sysctl=no
ac_cv_func_umask=yes
ac_cv_func_unsetenv=yes
ac_cv_func_vasprintf=yes
ac_cv_header_arpa_inet_h=yes
ac_cv_header_dlfcn_h=yes
ac_cv_header_fcntl_h=yes
ac_cv_header_inttypes_h=yes
ac_cv_header_memory_h=yes
ac_cv_header_netdb_h=yes
ac_cv_header_netinet_in6_h=no
ac_cv_header_netinet_in_h=yes
ac_cv_header_openssl_bio_h=yes
ac_cv_header_poll_h=yes
ac_cv_header_port_h=no
ac_cv_header_stdarg_h=yes
ac_cv_header_stdc=yes
ac_cv_header_stddef_h=yes
ac_cv_header_stdint_h=yes
ac_cv_header_stdlib_h=yes
ac_cv_header_string_h=yes
ac_cv_header_strings_h=yes
ac_cv_header_sys_devpoll_h=no
ac_cv_header_sys_epoll_h=yes
ac_cv_header_sys_event_h=no
ac_cv_header_sys_eventfd_h=yes
ac_cv_header_sys_ioctl_h=yes
ac_cv_header_sys_mman_h=yes
ac_cv_header_sys_param_h=yes
ac_cv_header_sys_queue_h=yes
ac_cv_header_sys_select_h=yes
ac_cv_header_sys_sendfile_h=yes
ac_cv_header_sys_socket_h=yes
ac_cv_header_sys_stat_h=yes
ac_cv_header_sys_sysctl_h=no
ac_cv_header_sys_time_h=yes
ac_cv_header_sys_types_h=yes
ac_cv_header_sys_uio_h=yes
ac_cv_header_sys_wait_h=yes
ac_cv_header_time=yes
ac_cv_header_unistd_h=yes
ac_cv_header_zlib_h=yes
ac_cv_host=mipsel-unknown-linux-gnu
ac_cv_member_struct_in6_addr_s6_addr16=yes
ac_cv_member_struct_in6_addr_s6_addr32=yes
ac_cv_member_struct_sockaddr_in6_sin6_len=no
ac_cv_member_struct_sockaddr_in_sin_len=no
ac_cv_member_struct_sockaddr_storage___ss_family=no
ac_cv_member_struct_sockaddr_storage_ss_family=yes
ac_cv_objext=o
ac_cv_path_EGREP='/bin/grep -E'
ac_cv_path_FGREP='/bin/grep -F'
ac_cv_path_GREP=/bin/grep
ac_cv_path_SED=/bin/sed
ac_cv_path_install='/usr/bin/install -c'
ac_cv_path_lt_DD=/bin/dd
ac_cv_path_mkdir=/bin/mkdir
ac_cv_prog_AR=/opt/lede-toolchain-ramips-mt7621_gcc-5.4.0_musl-1.1.24.Linux-x86_64/toolchain-mipsel_24kc_gcc-5.4.0_musl-1.1.24/bin/mipsel-openwrt-linux-musl-ar
ac_cv_prog_AWK=gawk
ac_cv_prog_CC=/opt/lede-toolchain-ramips-mt7621_gcc-5.4.0_musl-1.1.24.Linux-x86_64/toolchain-mipsel_24kc_gcc-5.4.0_musl-1.1.24/bin/mipsel-openwrt-linux-musl-gcc
ac_cv_prog_CPP='/opt/lede-toolchain-ramips-mt7621_gcc-5.4.0_musl-1.1.24.Linux-x86_64/toolchain-mipsel_24kc_gcc-5.4.0_musl-1.1.24/bin/mipsel-openwrt-linux-musl-gcc -E'
ac_cv_prog_OBJDUMP=/opt/lede-toolchain-ramips-mt7621_gcc-5.4.0_musl-1.1.24.Linux-x86_64/toolchain-mipsel_24kc_gcc-5.4.0_musl-1.1.24/bin/mipsel-openwrt-linux-musl-objdump
ac_cv_prog_RANLIB=/opt/lede-toolchain-ramips-mt7621_gcc-5.4.0_musl-1.1.24.Linux-x86_64/toolchain-mipsel_24kc_gcc-5.4.0_musl-1.1.24/bin/mipsel-openwrt-linux-musl-ranlib
ac_cv_prog_STRIP='/opt/lede-toolchain-ramips-mt7621_gcc-5.4.0_musl-1.1.24.Linux-x86_64/toolchain-mipsel_24kc_gcc-5.4.0_musl-1.1.24/bin/mipsel-openwrt-linux-musl-strip -R .note -R .comment'
ac_cv_prog_cc_c89=
ac_cv_prog_cc_g=yes
ac_cv_prog_gcc_traditional=no
ac_cv_prog_make_make_set=yes
ac_cv_search_clock_gettime='none required'
ac_cv_search_inet_aton='none required'
ac_cv_search_inet_ntoa='none required'
ac_cv_search_inflateEnd=-lz
ac_cv_search_sendfile='none required'
ac_cv_search_socket='none required'
ac_cv_sizeof_int=4
ac_cv_sizeof_long=4
ac_cv_sizeof_long_long=8
ac_cv_sizeof_off_t=8
ac_cv_sizeof_short=2
ac_cv_sizeof_size_t=4
ac_cv_sizeof_void_p=4
ac_cv_type_fd_mask=yes
ac_cv_type_pid_t=yes
ac_cv_type_sa_family_t=yes
ac_cv_type_size_t=yes
ac_cv_type_ssize_t=yes
ac_cv_type_struct_addrinfo=yes
ac_cv_type_struct_in6_addr=yes
ac_cv_type_struct_sockaddr_in6=yes
ac_cv_type_struct_sockaddr_storage=yes
ac_cv_type_uint16_t=yes
ac_cv_type_uint32_t=yes
ac_cv_type_uint64_t=yes
ac_cv_type_uint8_t=yes
ac_cv_type_uintptr_t=yes
am_cv_CC_dependencies_compiler_type=gcc3
am_cv_make_support_nested_variables=yes
am_cv_prog_cc_c_o=yes
libevent_cv_gc_sections_runs=no
libevent_cv_getaddrinfo=yes
lt_cv_ar_at_file=@
lt_cv_deplibs_check_method=pass_all
lt_cv_file_magic_cmd='$MAGIC_CMD'
lt_cv_file_magic_test_file=
lt_cv_ld_reload_flag=-r
lt_cv_nm_interface='BSD nm'
lt_cv_objdir=.libs
lt_cv_path_LD=/opt/lede-toolchain-ramips-mt7621_gcc-5.4.0_musl-1.1.24.Linux-x86_64/toolchain-mipsel_24kc_gcc-5.4.0_musl-1.1.24/bin/mipsel-openwrt-linux-musl-ld
lt_cv_path_NM=/opt/lede-toolchain-ramips-mt7621_gcc-5.4.0_musl-1.1.24.Linux-x86_64/toolchain-mipsel_24kc_gcc-5.4.0_musl-1.1.24/bin/mipsel-openwrt-linux-musl-nm
lt_cv_path_mainfest_tool=no
lt_cv_prog_compiler_c_o=yes
lt_cv_prog_compiler_pic='-fPIC -DPIC'
lt_cv_prog_compiler_pic_works=yes
lt_cv_prog_compiler_rtti_exceptions=no
lt_cv_prog_compiler_static_works=yes
lt_cv_prog_gnu_ld=yes
lt_cv_sharedlib_from_linklib_cmd='printf %s\n'
lt_cv_shlibpath_overrides_runpath=no
lt_cv_sys_global_symbol_pipe='sed -n -e '\''s/^.*[	 ]\([ABCDGIRSTW][ABCDGIRSTW]*\)[	 ][	 ]*\([_A-Za-z][_A-Za-z0-9]*\)$/\1 \2 \2/p'\'' | sed '\''/ __gnu_lto/d'\'''
lt_cv_sys_global_symbol_to_c_name_address='sed -n -e '\''s/^: \(.*\) .*$/  {"\1", (void *) 0},/p'\'' -e '\''s/^[ABCDGIRSTW][ABCDGIRSTW]* .* \(.*\)$/  {"\1", (void *) \&\1},/p'\'''
lt_cv_sys_global_symbol_to_c_name_address_lib_prefix='sed -n -e '\''s/^: \(.*\) .*$/  {"\1", (void *) 0},/p'\'' -e '\''s/^[ABCDGIRSTW][ABCDGIRSTW]* .* \(lib.*\)$/  {"\1", (void *) \&\1},/p'\'' -e '\''s/^[ABCDGIRSTW][ABCDGIRSTW]* .* \(.*\)$/  {"lib\1", (void *) \&\1},/p'\'''
lt_cv_sys_global_symbol_to_cdecl='sed -n -e '\''s/^T .* \(.*\)$/extern int \1();/p'\'' -e '\''s/^[ABCDGIRSTW][ABCDGIRSTW]* .* \(.*\)$/extern char \1;/p'\'''
lt_cv_sys_global_symbol_to_import=
lt_cv_sys_max_cmd_len=1572864
lt_cv_to_host_file_cmd=func_convert_file_noop
lt_cv_to_tool_file_cmd=func_convert_file_noop
lt_cv_truncate_bin='/bin/dd bs=4096 count=1'

## ----------------- ##
## Output variables. ##
## ----------------- ##

ACLOCAL='${SHELL} /repo/Fail_GPL/asuswrt/release/src/router/lldpd-0.9.8/libevent/missing aclocal-1.15'
AMDEPBACKSLASH='\'
AMDEP_FALSE='#'
AMDEP_TRUE=''
AMTAR='$${TAR-tar}'
AM_BACKSLASH='\'
AM_DEFAULT_V='$(AM_DEFAULT_VERBOSITY)'
AM_DEFAULT_VERBOSITY='0'
AM_V='$(V)'
AR='/opt/lede-toolchain-ramips-mt7621_gcc-5.4.0_musl-1.1.24.Linux-x86_64/toolchain-mipsel_24kc_gcc-5.4.0_musl-1.1.24/bin/mipsel-openwrt-linux-musl-ar'
AUTOCONF='${SHELL} /repo/Fail_GPL/asuswrt/release/src/router/lldpd-0.9.8/libevent/missing autoconf'
AUTOHEADER='${SHELL} /repo/Fail_GPL/asuswrt/release/src/router/lldpd-0.9.8/libevent/missing autoheader'
AUTOMAKE='${SHELL} /repo/Fail_GPL/asuswrt/release/src/router/lldpd-0.9.8/libevent/missing automake-1.15'
AWK='gawk'
BUILD_CYGWIN_FALSE=''
BUILD_CYGWIN_TRUE='#'
BUILD_REGRESS_FALSE=''
BUILD_REGRESS_TRUE='#'
BUILD_WIN32_FALSE=''
BUILD_WIN32_TRUE='#'
BUILD_WITH_NO_UNDEFINED_FALSE=''
BUILD_WITH_NO_UNDEFINED_TRUE='#'
CC='/opt/lede-toolchain-ramips-mt7621_gcc-5.4.0_musl-1.1.24.Linux-x86_64/toolchain-mipsel_24kc_gcc-5.4.0_musl-1.1.24/bin/mipsel-openwrt-linux-musl-gcc'
CCDEPMODE='depmode=gcc3'
CFLAGS='-g -O2 -I/repo/Fail_GPL/asuswrt/release/src-ra-openwrt-4210/router/mipsel-musl/stage/usr/include -Wall -fno-strict-aliasing'
CPP='/opt/lede-toolchain-ramips-mt7621_gcc-5.4.0_musl-1.1.24.Linux-x86_64/toolchain-mipsel_24kc_gcc-5.4.0_musl-1.1.24/bin/mipsel-openwrt-linux-musl-gcc -E'
CPPFLAGS=''
CYGPATH_W='echo'
DEFS='-DHAVE_CONFIG_H'
DEPDIR='.deps'
DEVPOLL_BACKEND_FALSE=''
DEVPOLL_BACKEND_TRUE='#'
DLLTOOL='false'
DSYMUTIL=''
DUMPBIN=''
ECHO_C=''
ECHO_N='-n'
ECHO_T=''
EGREP='/bin/grep -E'
EPOLL_BACKEND_FALSE='#'
EPOLL_BACKEND_TRUE=''
EVPORT_BACKEND_FALSE=''
EVPORT_BACKEND_TRUE='#'
EV_LIB_GDI=''
EV_LIB_WS32=''
EXEEXT=''
FGREP='/bin/grep -F'
GREP='/bin/grep'
INSTALL_DATA='${INSTALL} -m 644'
INSTALL_LIBEVENT_FALSE='#'
INSTALL_LIBEVENT_TRUE=''
INSTALL_PROGRAM='${INSTALL}'
INSTALL_SCRIPT='${INSTALL}'
INSTALL_STRIP_PROGRAM='$(install_sh) -c -s'
KQUEUE_BACKEND_FALSE=''
KQUEUE_BACKEND_TRUE='#'
LD='/opt/lede-toolchain-ramips-mt7621_gcc-5.4.0_musl-1.1.24.Linux-x86_64/toolchain-mipsel_24kc_gcc-5.4.0_musl-1.1.24/bin/mipsel-openwrt-linux-musl-ld'
LDFLAGS='-L/repo/Fail_GPL/asuswrt/release/src-ra-openwrt-4210/router/lldpd-0.9.8/lib -lm -L/repo/Fail_GPL/asuswrt/release/src-ra-openwrt-4210/router/mipsel-musl/stage/usr/lib -ljansson -L/repo/Fail_GPL/asuswrt/release/src-ra-openwrt-4210/router/json-c/.libs -ldl'
LIBEVENT_GC_SECTIONS=''
LIBOBJS=''
LIBS=''
LIBTOOL='$(SHELL) $(top_builddir)/libtool'
LIBTOOL_DEPS='./ltmain.sh'
LIPO=''
LN_S='ln -s'
LTLIBOBJS=''
LT_SYS_LIBRARY_PATH=''
MAKEINFO='${SHELL} /repo/Fail_GPL/asuswrt/release/src/router/lldpd-0.9.8/libevent/missing makeinfo'
MANIFEST_TOOL=':'
MKDIR_P='/bin/mkdir -p'
NM='/opt/lede-toolchain-ramips-mt7621_gcc-5.4.0_musl-1.1.24.Linux-x86_64/toolchain-mipsel_24kc_gcc-5.4.0_musl-1.1.24/bin/mipsel-openwrt-linux-musl-nm'
NMEDIT=''
OBJDUMP='/opt/lede-toolchain-ramips-mt7621_gcc-5.4.0_musl-1.1.24.Linux-x86_64/toolchain-mipsel_24kc_gcc-5.4.0_musl-1.1.24/bin/mipsel-openwrt-linux-musl-objdump'
OBJEXT='o'
OPENSSL_FALSE=''
OPENSSL_LIBADD=''
OPENSSL_LIBS=''
OPENSSL_TRUE='#'
OTOOL64=''
OTOOL=''
PACKAGE='libevent'
PACKAGE_BUGREPORT=''
PACKAGE_NAME=''
PACKAGE_STRING=''
PACKAGE_TARNAME=''
PACKAGE_URL=''
PACKAGE_VERSION=''
PATH_SEPARATOR=':'
POLL_BACKEND_FALSE='#'
POLL_BACKEND_TRUE=''
PTHREADS_FALSE=''
PTHREADS_TRUE='#'
PTHREAD_CC=''
PTHREAD_CFLAGS=''
PTHREAD_LIBS=''
RANLIB='/opt/lede-toolchain-ramips-mt7621_gcc-5.4.0_musl-1.1.24.Linux-x86_64/toolchain-mipsel_24kc_gcc-5.4.0_musl-1.1.24/bin/mipsel-openwrt-linux-musl-ranlib'
SED='/bin/sed'
SELECT_BACKEND_FALSE='#'
SELECT_BACKEND_TRUE=''
SET_MAKE=''
SHELL='/bin/sh'
SIGNAL_SUPPORT_FALSE='#'
SIGNAL_SUPPORT_TRUE=''
STRIP='/opt/lede-toolchain-ramips-mt7621_gcc-5.4.0_musl-1.1.24.Linux-x86_64/toolchain-mipsel_24kc_gcc-5.4.0_musl-1.1.24/bin/mipsel-openwrt-linux-musl-strip -R .note -R .comment'
VERSION='2.0.22-stable'
ZLIB_LIBS='-lz '
ZLIB_REGRESS_FALSE='#'
ZLIB_REGRESS_TRUE=''
ac_ct_AR=''
ac_ct_CC=''
ac_ct_DUMPBIN=''
acx_pthread_config=''
am__EXEEXT_FALSE=''
am__EXEEXT_TRUE='#'
am__fastdepCC_FALSE='#'
am__fastdepCC_TRUE=''
am__include='include'
am__isrc=''
am__leading_dot='.'
am__nodep='_no'
am__quote=''
am__tar='$${TAR-tar} chof - "$$tardir"'
am__untar='$${TAR-tar} xf -'
bindir='/usr/sbin'
build='x86_64-pc-linux-gnu'
build_alias='x86_64-linux-gnu'
build_cpu='x86_64'
build_os='linux-gnu'
build_vendor='pc'
datadir='${datarootdir}'
datarootdir='${prefix}/share'
docdir='${datarootdir}/doc/${PACKAGE}'
dvidir='${docdir}'
exec_prefix='${prefix}'
host='mipsel-unknown-linux-gnu'
host_alias='mipsel-linux'
host_cpu='mipsel'
host_os='linux-gnu'
host_vendor='unknown'
htmldir='${docdir}'
includedir='${prefix}/include'
infodir='${datarootdir}/info'
install_sh='${SHELL} /repo/Fail_GPL/asuswrt/release/src/router/lldpd-0.9.8/libevent/install-sh'
libdir='/usr/lib'
libexecdir='${exec_prefix}/libexec'
localedir='${datarootdir}/locale'
localstatedir='${prefix}/var'
mandir='${datarootdir}/man'
mkdir_p='$(MKDIR_P)'
oldincludedir='/usr/include'
pdfdir='${docdir}'
prefix=''
program_transform_name='s,x,x,'
psdir='${docdir}'
runstatedir='${localstatedir}/run'
sbindir='${exec_prefix}/sbin'
sharedstatedir='${prefix}/com'
sysconfdir='${prefix}/etc'
target_alias=''

## ----------- ##
## confdefs.h. ##
## ----------- ##

/* confdefs.h */
#define PACKAGE_NAME ""
#define PACKAGE_TARNAME ""
#define PACKAGE_VERSION ""
#define PACKAGE_STRING ""
#define PACKAGE_BUGREPORT ""
#define PACKAGE_URL ""
#define PACKAGE "libevent"
#define VERSION "2.0.22-stable"
#define NUMERIC_VERSION 0x02001600
#define STDC_HEADERS 1
#define HAVE_SYS_TYPES_H 1
#define HAVE_SYS_STAT_H 1
#define HAVE_STDLIB_H 1
#define HAVE_STRING_H 1
#define HAVE_MEMORY_H 1
#define HAVE_STRINGS_H 1
#define HAVE_INTTYPES_H 1
#define HAVE_STDINT_H 1
#define HAVE_UNISTD_H 1
#define HAVE_DLFCN_H 1
#define LT_OBJDIR ".libs/"
#define HAVE_ZLIB_H 1
#define HAVE_LIBZ 1
#define HAVE_OPENSSL_BIO_H 1
#define STDC_HEADERS 1
#define HAVE_FCNTL_H 1
#define HAVE_STDARG_H 1
#define HAVE_INTTYPES_H 1
#define HAVE_STDINT_H 1
#define HAVE_STDDEF_H 1
#define HAVE_POLL_H 1
#define HAVE_UNISTD_H 1
#define HAVE_SYS_EPOLL_H 1
#define HAVE_SYS_TIME_H 1
#define HAVE_SYS_QUEUE_H 1
#define HAVE_SYS_PARAM_H 1
#define HAVE_SYS_IOCTL_H 1
#define HAVE_SYS_SELECT_H 1
#define HAVE_NETINET_IN_H 1
#define HAVE_SYS_SOCKET_H 1
#define HAVE_SYS_UIO_H 1
#define HAVE_ARPA_INET_H 1
#define HAVE_SYS_EVENTFD_H 1
#define HAVE_SYS_MMAN_H 1
#define HAVE_SYS_SENDFILE_H 1
#define HAVE_SYS_WAIT_H 1
#define HAVE_NETDB_H 1
#define HAVE_SYS_STAT_H 1
#define HAVE_TAILQFOREACH 1
#define HAVE_TIMERADD 1
#define HAVE_TIMERCMP 1
#define HAVE_TIMERCLEAR 1
#define HAVE_TIMERISSET 1
#define TIME_WITH_SYS_TIME 1
#define HAVE_GETTIMEOFDAY 1
#define HAVE_VASPRINTF 1
#define HAVE_FCNTL 1
#define HAVE_CLOCK_GETTIME 1
#define HAVE_STRTOK_R 1
#define HAVE_STRSEP 1
#define HAVE_GETNAMEINFO 1
#define HAVE_STRLCPY 1
#define HAVE_INET_NTOP 1
#define HAVE_INET_PTON 1
#define HAVE_SIGNAL 1
#define HAVE_SIGACTION 1
#define HAVE_STRTOLL 1
#define HAVE_INET_ATON 1
#define HAVE_PIPE 1
#define HAVE_EVENTFD 1
#define HAVE_SENDFILE 1
#define HAVE_MMAP 1
#define HAVE_SPLICE 1
#define HAVE_ISSETUGID 1
#define HAVE_GETEUID 1
#define HAVE_GETEGID 1
#define HAVE_GETPROTOBYNUMBER 1
#define HAVE_SETENV 1
#define HAVE_UNSETENV 1
#define HAVE_PUTENV 1
#define HAVE_UMASK 1
#define HAVE_GETADDRINFO 1
#define SIZEOF_LONG 4
#define HAVE_SETFD 1
#define HAVE_SELECT 1
#define HAVE_POLL 1
#define HAVE_EPOLL_CTL 1
#define HAVE_EPOLL 1
#define HAVE_UINT64_T 1
#define HAVE_UINT32_T 1
#define HAVE_UINT16_T 1
#define HAVE_UINT8_T 1
#define HAVE_UINTPTR_T 1
#define HAVE_FD_MASK 1
#define SIZEOF_LONG_LONG 8
#define SIZEOF_LONG 4
#define SIZEOF_INT 4
#define SIZEOF_SHORT 2
#define SIZEOF_SIZE_T 4
#define SIZEOF_VOID_P 4
#define SIZEOF_OFF_T 8
#define HAVE_STRUCT_IN6_ADDR 1
#define HAVE_STRUCT_SOCKADDR_IN6 1
#define HAVE_SA_FAMILY_T 1
#define HAVE_STRUCT_ADDRINFO 1
#define HAVE_STRUCT_SOCKADDR_STORAGE 1
#define HAVE_STRUCT_IN6_ADDR_S6_ADDR32 1
#define HAVE_STRUCT_IN6_ADDR_S6_ADDR16 1
#define HAVE_STRUCT_SOCKADDR_STORAGE_SS_FAMILY 1
#define DISABLE_THREAD_SUPPORT 1
#define DISABLE_MM_REPLACEMENT 1
#define DISABLE_DEBUG_MODE 1

configure: exit 0
