The target system is: Linux - 4.4.198 - mips
The host system is: Linux - 6.8.0-137-generic - x86_64
Compiling the C compiler identification source file "CMakeCCompilerId.c" succeeded.
Compiler: /opt/lede-toolchain-ramips-mt7621_gcc-5.4.0_musl-1.1.24.Linux-x86_64/toolchain-mipsel_24kc_gcc-5.4.0_musl-1.1.24/bin/mipsel-openwrt-linux-musl-gcc 
Build flags: -Os;-DNDEBUG;-ffunction-sections;-fdata-sections;-DLINUX26;-DCONFIG_RALINK;-DMUSL_LIBC;-DDEBUG_NOISY;-DDEBUG_RCTEST;-D_GNU_SOURCE;-D__UAPI_DEF_ETHHDR;-DRALINK_DBDC_MODE;-pipe;-funit-at-a-time;-Wno-pointer-sign;-mtune=mips32;-mips32;-DLINUX_KERNEL_VERSION=263366;--sysroot=/opt/lede-toolchain-ramips-mt7621_gcc-5.4.0_musl-1.1.24.Linux-x86_64/toolchain-mipsel_24kc_gcc-5.4.0_musl-1.1.24
Id flags:  

The output was:
0


Compilation of the C compiler identification source "CMakeCCompilerId.c" produced "a.out"

The C compiler identification is GNU, found in "/repo/Pass_GPL/asuswrt/release/src/router/getdns/build/CMakeFiles/3.10.2/CompilerIdC/a.out"

Determining if the C compiler works passed with the following output:
Change Dir: /repo/Pass_GPL/asuswrt/release/src/router/getdns/build/CMakeFiles/CMakeTmp

Run Build Command:"/usr/bin/make" "cmTC_493a5/fast"
make[4]: Entering directory '/repo/Pass_GPL/asuswrt/release/src/router/getdns/build/CMakeFiles/CMakeTmp'
/usr/bin/make -f CMakeFiles/cmTC_493a5.dir/build.make CMakeFiles/cmTC_493a5.dir/build
make[5]: Entering directory '/repo/Pass_GPL/asuswrt/release/src/router/getdns/build/CMakeFiles/CMakeTmp'
Building C object CMakeFiles/cmTC_493a5.dir/testCCompiler.c.o
/opt/lede-toolchain-ramips-mt7621_gcc-5.4.0_musl-1.1.24.Linux-x86_64/toolchain-mipsel_24kc_gcc-5.4.0_musl-1.1.24/bin/mipsel-openwrt-linux-musl-gcc   -Os -DNDEBUG -ffunction-sections -fdata-sections -DLINUX26 -DCONFIG_RALINK -DMUSL_LIBC -DDEBUG_NOISY -DDEBUG_RCTEST -D_GNU_SOURCE -D__UAPI_DEF_ETHHDR -DRALINK_DBDC_MODE -pipe -funit-at-a-time -Wno-pointer-sign -mtune=mips32 -mips32 -DLINUX_KERNEL_VERSION=263366 --sysroot=/opt/lede-toolchain-ramips-mt7621_gcc-5.4.0_musl-1.1.24.Linux-x86_64/toolchain-mipsel_24kc_gcc-5.4.0_musl-1.1.24    -o CMakeFiles/cmTC_493a5.dir/testCCompiler.c.o   -c /repo/Pass_GPL/asuswrt/release/src/router/getdns/build/CMakeFiles/CMakeTmp/testCCompiler.c
Linking C executable cmTC_493a5
/usr/bin/cmake -E cmake_link_script CMakeFiles/cmTC_493a5.dir/link.txt --verbose=1
/opt/lede-toolchain-ramips-mt7621_gcc-5.4.0_musl-1.1.24.Linux-x86_64/toolchain-mipsel_24kc_gcc-5.4.0_musl-1.1.24/bin/mipsel-openwrt-linux-musl-gcc -Os -DNDEBUG -ffunction-sections -fdata-sections -DLINUX26 -DCONFIG_RALINK -DMUSL_LIBC -DDEBUG_NOISY -DDEBUG_RCTEST -D_GNU_SOURCE -D__UAPI_DEF_ETHHDR -DRALINK_DBDC_MODE -pipe -funit-at-a-time -Wno-pointer-sign -mtune=mips32 -mips32 -DLINUX_KERNEL_VERSION=263366 --sysroot=/opt/lede-toolchain-ramips-mt7621_gcc-5.4.0_musl-1.1.24.Linux-x86_64/toolchain-mipsel_24kc_gcc-5.4.0_musl-1.1.24   -Wl,--gc-sections --sysroot=/opt/lede-toolchain-ramips-mt7621_gcc-5.4.0_musl-1.1.24.Linux-x86_64/toolchain-mipsel_24kc_gcc-5.4.0_musl-1.1.24 -lpthread  CMakeFiles/cmTC_493a5.dir/testCCompiler.c.o  -o cmTC_493a5 
make[5]: Leaving directory '/repo/Pass_GPL/asuswrt/release/src/router/getdns/build/CMakeFiles/CMakeTmp'
make[4]: Leaving directory '/repo/Pass_GPL/asuswrt/release/src/router/getdns/build/CMakeFiles/CMakeTmp'


Detecting C compiler ABI info compiled with the following output:
Change Dir: /repo/Pass_GPL/asuswrt/release/src/router/getdns/build/CMakeFiles/CMakeTmp

Run Build Command:"/usr/bin/make" "cmTC_1a897/fast"
make[4]: Entering directory '/repo/Pass_GPL/asuswrt/release/src/router/getdns/build/CMakeFiles/CMakeTmp'
/usr/bin/make -f CMakeFiles/cmTC_1a897.dir/build.make CMakeFiles/cmTC_1a897.dir/build
make[5]: Entering directory '/repo/Pass_GPL/asuswrt/release/src/router/getdns/build/CMakeFiles/CMakeTmp'
Building C object CMakeFiles/cmTC_1a897.dir/CMakeCCompilerABI.c.o
/opt/lede-toolchain-ramips-mt7621_gcc-5.4.0_musl-1.1.24.Linux-x86_64/toolchain-mipsel_24kc_gcc-5.4.0_musl-1.1.24/bin/mipsel-openwrt-linux-musl-gcc   -Os -DNDEBUG -ffunction-sections -fdata-sections -DLINUX26 -DCONFIG_RALINK -DMUSL_LIBC -DDEBUG_NOISY -DDEBUG_RCTEST -D_GNU_SOURCE -D__UAPI_DEF_ETHHDR -DRALINK_DBDC_MODE -pipe -funit-at-a-time -Wno-pointer-sign -mtune=mips32 -mips32 -DLINUX_KERNEL_VERSION=263366 --sysroot=/opt/lede-toolchain-ramips-mt7621_gcc-5.4.0_musl-1.1.24.Linux-x86_64/toolchain-mipsel_24kc_gcc-5.4.0_musl-1.1.24    -o CMakeFiles/cmTC_1a897.dir/CMakeCCompilerABI.c.o   -c /usr/share/cmake-3.10/Modules/CMakeCCompilerABI.c
Linking C executable cmTC_1a897
/usr/bin/cmake -E cmake_link_script CMakeFiles/cmTC_1a897.dir/link.txt --verbose=1
/opt/lede-toolchain-ramips-mt7621_gcc-5.4.0_musl-1.1.24.Linux-x86_64/toolchain-mipsel_24kc_gcc-5.4.0_musl-1.1.24/bin/mipsel-openwrt-linux-musl-gcc -Os -DNDEBUG -ffunction-sections -fdata-sections -DLINUX26 -DCONFIG_RALINK -DMUSL_LIBC -DDEBUG_NOISY -DDEBUG_RCTEST -D_GNU_SOURCE -D__UAPI_DEF_ETHHDR -DRALINK_DBDC_MODE -pipe -funit-at-a-time -Wno-pointer-sign -mtune=mips32 -mips32 -DLINUX_KERNEL_VERSION=263366 --sysroot=/opt/lede-toolchain-ramips-mt7621_gcc-5.4.0_musl-1.1.24.Linux-x86_64/toolchain-mipsel_24kc_gcc-5.4.0_musl-1.1.24   -Wl,--gc-sections --sysroot=/opt/lede-toolchain-ramips-mt7621_gcc-5.4.0_musl-1.1.24.Linux-x86_64/toolchain-mipsel_24kc_gcc-5.4.0_musl-1.1.24 -lpthread -v CMakeFiles/cmTC_1a897.dir/CMakeCCompilerABI.c.o  -o cmTC_1a897 
Reading specs from /opt/lede-toolchain-ramips-mt7621_gcc-5.4.0_musl-1.1.24.Linux-x86_64/toolchain-mipsel_24kc_gcc-5.4.0_musl-1.1.24/bin/../lib/gcc/mipsel-openwrt-linux-musl/5.4.0/specs
COLLECT_GCC=mipsel-openwrt-linux-musl-gcc.bin
COLLECT_LTO_WRAPPER=/opt/lede-toolchain-ramips-mt7621_gcc-5.4.0_musl-1.1.24.Linux-x86_64/toolchain-mipsel_24kc_gcc-5.4.0_musl-1.1.24/bin/../libexec/gcc/mipsel-openwrt-linux-musl/5.4.0/lto-wrapper
Target: mipsel-openwrt-linux-musl
Configured with: /data2/heidi_wen/SW4_git/OpenWRT_4210_20230308/mtk-openwrt-lede-4.2.1.0/build_dir/toolchain-mipsel_24kc_gcc-5.4.0_musl-1.1.24/gcc-5.4.0/configure --with-bugurl=http://www.lede-project.org/bugs/ --with-pkgversion='LEDE GCC 5.4.0 unknown' --prefix=/data2/heidi_wen/SW4_git/OpenWRT_4210_20230308/mtk-openwrt-lede-4.2.1.0/staging_dir/toolchain-mipsel_24kc_gcc-5.4.0_musl-1.1.24 --build=x86_64-linux-gnu --host=x86_64-linux-gnu --target=mipsel-openwrt-linux-musl --with-gnu-ld --enable-target-optspace --disable-libgomp --disable-libmudflap --disable-multilib --disable-libmpx --disable-nls --without-isl --without-cloog --with-host-libstdcxx=-lstdc++ --with-float=soft --with-gmp=/data2/heidi_wen/SW4_git/OpenWRT_4210_20230308/mtk-openwrt-lede-4.2.1.0/staging_dir/host --with-mpfr=/data2/heidi_wen/SW4_git/OpenWRT_4210_20230308/mtk-openwrt-lede-4.2.1.0/staging_dir/host --with-mpc=/data2/heidi_wen/SW4_git/OpenWRT_4210_20230308/mtk-openwrt-lede-4.2.1.0/staging_dir/host --disable-decimal-float --with-mips-plt --with-diagnostics-color=auto-if-env --disable-libssp --enable-__cxa_atexit --with-headers=/data2/heidi_wen/SW4_git/OpenWRT_4210_20230308/mtk-openwrt-lede-4.2.1.0/staging_dir/toolchain-mipsel_24kc_gcc-5.4.0_musl-1.1.24/include --disable-libsanitizer --enable-languages=c,c++ --enable-shared --enable-threads --with-slibdir=/data2/heidi_wen/SW4_git/OpenWRT_4210_20230308/mtk-openwrt-lede-4.2.1.0/staging_dir/toolchain-mipsel_24kc_gcc-5.4.0_musl-1.1.24/lib --enable-lto --with-libelf=/data2/heidi_wen/SW4_git/OpenWRT_4210_20230308/mtk-openwrt-lede-4.2.1.0/staging_dir/host
Thread model: posix
gcc version 5.4.0 (LEDE GCC 5.4.0 unknown) 
COMPILER_PATH=/opt/lede-toolchain-ramips-mt7621_gcc-5.4.0_musl-1.1.24.Linux-x86_64/toolchain-mipsel_24kc_gcc-5.4.0_musl-1.1.24/bin/../libexec/gcc/mipsel-openwrt-linux-musl/5.4.0/:/opt/lede-toolchain-ramips-mt7621_gcc-5.4.0_musl-1.1.24.Linux-x86_64/toolchain-mipsel_24kc_gcc-5.4.0_musl-1.1.24/bin/../libexec/gcc/:/opt/lede-toolchain-ramips-mt7621_gcc-5.4.0_musl-1.1.24.Linux-x86_64/toolchain-mipsel_24kc_gcc-5.4.0_musl-1.1.24/bin/../lib/gcc/mipsel-openwrt-linux-musl/5.4.0/../../../../mipsel-openwrt-linux-musl/bin/
LIBRARY_PATH=/opt/lede-toolchain-ramips-mt7621_gcc-5.4.0_musl-1.1.24.Linux-x86_64/toolchain-mipsel_24kc_gcc-5.4.0_musl-1.1.24/bin/../lib/gcc/mipsel-openwrt-linux-musl/5.4.0/:/opt/lede-toolchain-ramips-mt7621_gcc-5.4.0_musl-1.1.24.Linux-x86_64/toolchain-mipsel_24kc_gcc-5.4.0_musl-1.1.24/bin/../lib/gcc/:/opt/lede-toolchain-ramips-mt7621_gcc-5.4.0_musl-1.1.24.Linux-x86_64/toolchain-mipsel_24kc_gcc-5.4.0_musl-1.1.24/bin/../lib/gcc/mipsel-openwrt-linux-musl/5.4.0/../../../../mipsel-openwrt-linux-musl/lib/:/opt/lede-toolchain-ramips-mt7621_gcc-5.4.0_musl-1.1.24.Linux-x86_64/toolchain-mipsel_24kc_gcc-5.4.0_musl-1.1.24/lib/:/opt/lede-toolchain-ramips-mt7621_gcc-5.4.0_musl-1.1.24.Linux-x86_64/toolchain-mipsel_24kc_gcc-5.4.0_musl-1.1.24/usr/lib/
COLLECT_GCC_OPTIONS='-Os' '-D' 'NDEBUG' '-ffunction-sections' '-fdata-sections' '-D' 'LINUX26' '-D' 'CONFIG_RALINK' '-D' 'MUSL_LIBC' '-D' 'DEBUG_NOISY' '-D' 'DEBUG_RCTEST' '-D' '_GNU_SOURCE' '-D' '__UAPI_DEF_ETHHDR' '-D' 'RALINK_DBDC_MODE' '-pipe' '-funit-at-a-time' '-Wno-pointer-sign' '-mtune=mips32' '-mips32' '-D' 'LINUX_KERNEL_VERSION=263366' '-v' '-o' 'cmTC_1a897' '-msoft-float' '-mllsc' '-mplt' '-mno-shared' '-EL' '-mabi=32'
 /opt/lede-toolchain-ramips-mt7621_gcc-5.4.0_musl-1.1.24.Linux-x86_64/toolchain-mipsel_24kc_gcc-5.4.0_musl-1.1.24/bin/../libexec/gcc/mipsel-openwrt-linux-musl/5.4.0/collect2 -plugin /opt/lede-toolchain-ramips-mt7621_gcc-5.4.0_musl-1.1.24.Linux-x86_64/toolchain-mipsel_24kc_gcc-5.4.0_musl-1.1.24/bin/../libexec/gcc/mipsel-openwrt-linux-musl/5.4.0/liblto_plugin.so -plugin-opt=/opt/lede-toolchain-ramips-mt7621_gcc-5.4.0_musl-1.1.24.Linux-x86_64/toolchain-mipsel_24kc_gcc-5.4.0_musl-1.1.24/bin/../libexec/gcc/mipsel-openwrt-linux-musl/5.4.0/lto-wrapper -plugin-opt=-fresolution=/tmp/ccHftKNz.res -plugin-opt=-pass-through=-lgcc_s -plugin-opt=-pass-through=-lc -plugin-opt=-pass-through=-lgcc_s --sysroot=/opt/lede-toolchain-ramips-mt7621_gcc-5.4.0_musl-1.1.24.Linux-x86_64/toolchain-mipsel_24kc_gcc-5.4.0_musl-1.1.24 --eh-frame-hdr -EL -mips32 -dynamic-linker /lib/ld-musl-mipsel-sf.so.1 -melf32ltsmip -o cmTC_1a897 /opt/lede-toolchain-ramips-mt7621_gcc-5.4.0_musl-1.1.24.Linux-x86_64/toolchain-mipsel_24kc_gcc-5.4.0_musl-1.1.24/bin/../lib/gcc/mipsel-openwrt-linux-musl/5.4.0/../../../../mipsel-openwrt-linux-musl/lib/crt1.o /opt/lede-toolchain-ramips-mt7621_gcc-5.4.0_musl-1.1.24.Linux-x86_64/toolchain-mipsel_24kc_gcc-5.4.0_musl-1.1.24/bin/../lib/gcc/mipsel-openwrt-linux-musl/5.4.0/../../../../mipsel-openwrt-linux-musl/lib/crti.o /opt/lede-toolchain-ramips-mt7621_gcc-5.4.0_musl-1.1.24.Linux-x86_64/toolchain-mipsel_24kc_gcc-5.4.0_musl-1.1.24/bin/../lib/gcc/mipsel-openwrt-linux-musl/5.4.0/crtbegin.o -L /opt/lede-toolchain-ramips-mt7621_gcc-5.4.0_musl-1.1.24.Linux-x86_64/toolchain-mipsel_24kc_gcc-5.4.0_musl-1.1.24/usr/lib -rpath-link /opt/lede-toolchain-ramips-mt7621_gcc-5.4.0_musl-1.1.24.Linux-x86_64/toolchain-mipsel_24kc_gcc-5.4.0_musl-1.1.24/usr/lib -L/opt/lede-toolchain-ramips-mt7621_gcc-5.4.0_musl-1.1.24.Linux-x86_64/toolchain-mipsel_24kc_gcc-5.4.0_musl-1.1.24/bin/../lib/gcc/mipsel-openwrt-linux-musl/5.4.0 -L/opt/lede-toolchain-ramips-mt7621_gcc-5.4.0_musl-1.1.24.Linux-x86_64/toolchain-mipsel_24kc_gcc-5.4.0_musl-1.1.24/bin/../lib/gcc -L/opt/lede-toolchain-ramips-mt7621_gcc-5.4.0_musl-1.1.24.Linux-x86_64/toolchain-mipsel_24kc_gcc-5.4.0_musl-1.1.24/bin/../lib/gcc/mipsel-openwrt-linux-musl/5.4.0/../../../../mipsel-openwrt-linux-musl/lib -L/opt/lede-toolchain-ramips-mt7621_gcc-5.4.0_musl-1.1.24.Linux-x86_64/toolchain-mipsel_24kc_gcc-5.4.0_musl-1.1.24/lib -L/opt/lede-toolchain-ramips-mt7621_gcc-5.4.0_musl-1.1.24.Linux-x86_64/toolchain-mipsel_24kc_gcc-5.4.0_musl-1.1.24/usr/lib -rpath=/opt/lede-toolchain-ramips-mt7621_gcc-5.4.0_musl-1.1.24.Linux-x86_64/toolchain-mipsel_24kc_gcc-5.4.0_musl-1.1.24/bin//../../lib:/opt/lede-toolchain-ramips-mt7621_gcc-5.4.0_musl-1.1.24.Linux-x86_64/toolchain-mipsel_24kc_gcc-5.4.0_musl-1.1.24/bin//../../usr/lib --gc-sections -lpthread CMakeFiles/cmTC_1a897.dir/CMakeCCompilerABI.c.o -lssp_nonshared -lgcc_s -lc -lgcc_s /opt/lede-toolchain-ramips-mt7621_gcc-5.4.0_musl-1.1.24.Linux-x86_64/toolchain-mipsel_24kc_gcc-5.4.0_musl-1.1.24/bin/../lib/gcc/mipsel-openwrt-linux-musl/5.4.0/crtend.o /opt/lede-toolchain-ramips-mt7621_gcc-5.4.0_musl-1.1.24.Linux-x86_64/toolchain-mipsel_24kc_gcc-5.4.0_musl-1.1.24/bin/../lib/gcc/mipsel-openwrt-linux-musl/5.4.0/../../../../mipsel-openwrt-linux-musl/lib/crtn.o
make[5]: Leaving directory '/repo/Pass_GPL/asuswrt/release/src/router/getdns/build/CMakeFiles/CMakeTmp'
make[4]: Leaving directory '/repo/Pass_GPL/asuswrt/release/src/router/getdns/build/CMakeFiles/CMakeTmp'


Parsed C implicit link information from above output:
  link line regex: [^( *|.*[/\])(mipsel-openwrt-linux-musl-ld|CMAKE_LINK_STARTFILE-NOTFOUND|([^/\]+-)?ld|collect2)[^/\]*( |$)]
  ignore line: [Change Dir: /repo/Pass_GPL/asuswrt/release/src/router/getdns/build/CMakeFiles/CMakeTmp]
  ignore line: []
  ignore line: [Run Build Command:"/usr/bin/make" "cmTC_1a897/fast"]
  ignore line: [make[4]: Entering directory '/repo/Pass_GPL/asuswrt/release/src/router/getdns/build/CMakeFiles/CMakeTmp']
  ignore line: [/usr/bin/make -f CMakeFiles/cmTC_1a897.dir/build.make CMakeFiles/cmTC_1a897.dir/build]
  ignore line: [make[5]: Entering directory '/repo/Pass_GPL/asuswrt/release/src/router/getdns/build/CMakeFiles/CMakeTmp']
  ignore line: [Building C object CMakeFiles/cmTC_1a897.dir/CMakeCCompilerABI.c.o]
  ignore line: [/opt/lede-toolchain-ramips-mt7621_gcc-5.4.0_musl-1.1.24.Linux-x86_64/toolchain-mipsel_24kc_gcc-5.4.0_musl-1.1.24/bin/mipsel-openwrt-linux-musl-gcc   -Os -DNDEBUG -ffunction-sections -fdata-sections -DLINUX26 -DCONFIG_RALINK -DMUSL_LIBC -DDEBUG_NOISY -DDEBUG_RCTEST -D_GNU_SOURCE -D__UAPI_DEF_ETHHDR -DRALINK_DBDC_MODE -pipe -funit-at-a-time -Wno-pointer-sign -mtune=mips32 -mips32 -DLINUX_KERNEL_VERSION=263366 --sysroot=/opt/lede-toolchain-ramips-mt7621_gcc-5.4.0_musl-1.1.24.Linux-x86_64/toolchain-mipsel_24kc_gcc-5.4.0_musl-1.1.24    -o CMakeFiles/cmTC_1a897.dir/CMakeCCompilerABI.c.o   -c /usr/share/cmake-3.10/Modules/CMakeCCompilerABI.c]
  ignore line: [Linking C executable cmTC_1a897]
  ignore line: [/usr/bin/cmake -E cmake_link_script CMakeFiles/cmTC_1a897.dir/link.txt --verbose=1]
  ignore line: [/opt/lede-toolchain-ramips-mt7621_gcc-5.4.0_musl-1.1.24.Linux-x86_64/toolchain-mipsel_24kc_gcc-5.4.0_musl-1.1.24/bin/mipsel-openwrt-linux-musl-gcc -Os -DNDEBUG -ffunction-sections -fdata-sections -DLINUX26 -DCONFIG_RALINK -DMUSL_LIBC -DDEBUG_NOISY -DDEBUG_RCTEST -D_GNU_SOURCE -D__UAPI_DEF_ETHHDR -DRALINK_DBDC_MODE -pipe -funit-at-a-time -Wno-pointer-sign -mtune=mips32 -mips32 -DLINUX_KERNEL_VERSION=263366 --sysroot=/opt/lede-toolchain-ramips-mt7621_gcc-5.4.0_musl-1.1.24.Linux-x86_64/toolchain-mipsel_24kc_gcc-5.4.0_musl-1.1.24   -Wl,--gc-sections --sysroot=/opt/lede-toolchain-ramips-mt7621_gcc-5.4.0_musl-1.1.24.Linux-x86_64/toolchain-mipsel_24kc_gcc-5.4.0_musl-1.1.24 -lpthread -v CMakeFiles/cmTC_1a897.dir/CMakeCCompilerABI.c.o  -o cmTC_1a897 ]
  ignore line: [Reading specs from /opt/lede-toolchain-ramips-mt7621_gcc-5.4.0_musl-1.1.24.Linux-x86_64/toolchain-mipsel_24kc_gcc-5.4.0_musl-1.1.24/bin/../lib/gcc/mipsel-openwrt-linux-musl/5.4.0/specs]
  ignore line: [COLLECT_GCC=mipsel-openwrt-linux-musl-gcc.bin]
  ignore line: [COLLECT_LTO_WRAPPER=/opt/lede-toolchain-ramips-mt7621_gcc-5.4.0_musl-1.1.24.Linux-x86_64/toolchain-mipsel_24kc_gcc-5.4.0_musl-1.1.24/bin/../libexec/gcc/mipsel-openwrt-linux-musl/5.4.0/lto-wrapper]
  ignore line: [Target: mipsel-openwrt-linux-musl]
  ignore line: [Configured with: /data2/heidi_wen/SW4_git/OpenWRT_4210_20230308/mtk-openwrt-lede-4.2.1.0/build_dir/toolchain-mipsel_24kc_gcc-5.4.0_musl-1.1.24/gcc-5.4.0/configure --with-bugurl=http://www.lede-project.org/bugs/ --with-pkgversion='LEDE GCC 5.4.0 unknown' --prefix=/data2/heidi_wen/SW4_git/OpenWRT_4210_20230308/mtk-openwrt-lede-4.2.1.0/staging_dir/toolchain-mipsel_24kc_gcc-5.4.0_musl-1.1.24 --build=x86_64-linux-gnu --host=x86_64-linux-gnu --target=mipsel-openwrt-linux-musl --with-gnu-ld --enable-target-optspace --disable-libgomp --disable-libmudflap --disable-multilib --disable-libmpx --disable-nls --without-isl --without-cloog --with-host-libstdcxx=-lstdc++ --with-float=soft --with-gmp=/data2/heidi_wen/SW4_git/OpenWRT_4210_20230308/mtk-openwrt-lede-4.2.1.0/staging_dir/host --with-mpfr=/data2/heidi_wen/SW4_git/OpenWRT_4210_20230308/mtk-openwrt-lede-4.2.1.0/staging_dir/host --with-mpc=/data2/heidi_wen/SW4_git/OpenWRT_4210_20230308/mtk-openwrt-lede-4.2.1.0/staging_dir/host --disable-decimal-float --with-mips-plt --with-diagnostics-color=auto-if-env --disable-libssp --enable-__cxa_atexit --with-headers=/data2/heidi_wen/SW4_git/OpenWRT_4210_20230308/mtk-openwrt-lede-4.2.1.0/staging_dir/toolchain-mipsel_24kc_gcc-5.4.0_musl-1.1.24/include --disable-libsanitizer --enable-languages=c,c++ --enable-shared --enable-threads --with-slibdir=/data2/heidi_wen/SW4_git/OpenWRT_4210_20230308/mtk-openwrt-lede-4.2.1.0/staging_dir/toolchain-mipsel_24kc_gcc-5.4.0_musl-1.1.24/lib --enable-lto --with-libelf=/data2/heidi_wen/SW4_git/OpenWRT_4210_20230308/mtk-openwrt-lede-4.2.1.0/staging_dir/host]
  ignore line: [Thread model: posix]
  ignore line: [gcc version 5.4.0 (LEDE GCC 5.4.0 unknown) ]
  ignore line: [COMPILER_PATH=/opt/lede-toolchain-ramips-mt7621_gcc-5.4.0_musl-1.1.24.Linux-x86_64/toolchain-mipsel_24kc_gcc-5.4.0_musl-1.1.24/bin/../libexec/gcc/mipsel-openwrt-linux-musl/5.4.0/:/opt/lede-toolchain-ramips-mt7621_gcc-5.4.0_musl-1.1.24.Linux-x86_64/toolchain-mipsel_24kc_gcc-5.4.0_musl-1.1.24/bin/../libexec/gcc/:/opt/lede-toolchain-ramips-mt7621_gcc-5.4.0_musl-1.1.24.Linux-x86_64/toolchain-mipsel_24kc_gcc-5.4.0_musl-1.1.24/bin/../lib/gcc/mipsel-openwrt-linux-musl/5.4.0/../../../../mipsel-openwrt-linux-musl/bin/]
  ignore line: [LIBRARY_PATH=/opt/lede-toolchain-ramips-mt7621_gcc-5.4.0_musl-1.1.24.Linux-x86_64/toolchain-mipsel_24kc_gcc-5.4.0_musl-1.1.24/bin/../lib/gcc/mipsel-openwrt-linux-musl/5.4.0/:/opt/lede-toolchain-ramips-mt7621_gcc-5.4.0_musl-1.1.24.Linux-x86_64/toolchain-mipsel_24kc_gcc-5.4.0_musl-1.1.24/bin/../lib/gcc/:/opt/lede-toolchain-ramips-mt7621_gcc-5.4.0_musl-1.1.24.Linux-x86_64/toolchain-mipsel_24kc_gcc-5.4.0_musl-1.1.24/bin/../lib/gcc/mipsel-openwrt-linux-musl/5.4.0/../../../../mipsel-openwrt-linux-musl/lib/:/opt/lede-toolchain-ramips-mt7621_gcc-5.4.0_musl-1.1.24.Linux-x86_64/toolchain-mipsel_24kc_gcc-5.4.0_musl-1.1.24/lib/:/opt/lede-toolchain-ramips-mt7621_gcc-5.4.0_musl-1.1.24.Linux-x86_64/toolchain-mipsel_24kc_gcc-5.4.0_musl-1.1.24/usr/lib/]
  ignore line: [COLLECT_GCC_OPTIONS='-Os' '-D' 'NDEBUG' '-ffunction-sections' '-fdata-sections' '-D' 'LINUX26' '-D' 'CONFIG_RALINK' '-D' 'MUSL_LIBC' '-D' 'DEBUG_NOISY' '-D' 'DEBUG_RCTEST' '-D' '_GNU_SOURCE' '-D' '__UAPI_DEF_ETHHDR' '-D' 'RALINK_DBDC_MODE' '-pipe' '-funit-at-a-time' '-Wno-pointer-sign' '-mtune=mips32' '-mips32' '-D' 'LINUX_KERNEL_VERSION=263366' '-v' '-o' 'cmTC_1a897' '-msoft-float' '-mllsc' '-mplt' '-mno-shared' '-EL' '-mabi=32']
  link line: [ /opt/lede-toolchain-ramips-mt7621_gcc-5.4.0_musl-1.1.24.Linux-x86_64/toolchain-mipsel_24kc_gcc-5.4.0_musl-1.1.24/bin/../libexec/gcc/mipsel-openwrt-linux-musl/5.4.0/collect2 -plugin /opt/lede-toolchain-ramips-mt7621_gcc-5.4.0_musl-1.1.24.Linux-x86_64/toolchain-mipsel_24kc_gcc-5.4.0_musl-1.1.24/bin/../libexec/gcc/mipsel-openwrt-linux-musl/5.4.0/liblto_plugin.so -plugin-opt=/opt/lede-toolchain-ramips-mt7621_gcc-5.4.0_musl-1.1.24.Linux-x86_64/toolchain-mipsel_24kc_gcc-5.4.0_musl-1.1.24/bin/../libexec/gcc/mipsel-openwrt-linux-musl/5.4.0/lto-wrapper -plugin-opt=-fresolution=/tmp/ccHftKNz.res -plugin-opt=-pass-through=-lgcc_s -plugin-opt=-pass-through=-lc -plugin-opt=-pass-through=-lgcc_s --sysroot=/opt/lede-toolchain-ramips-mt7621_gcc-5.4.0_musl-1.1.24.Linux-x86_64/toolchain-mipsel_24kc_gcc-5.4.0_musl-1.1.24 --eh-frame-hdr -EL -mips32 -dynamic-linker /lib/ld-musl-mipsel-sf.so.1 -melf32ltsmip -o cmTC_1a897 /opt/lede-toolchain-ramips-mt7621_gcc-5.4.0_musl-1.1.24.Linux-x86_64/toolchain-mipsel_24kc_gcc-5.4.0_musl-1.1.24/bin/../lib/gcc/mipsel-openwrt-linux-musl/5.4.0/../../../../mipsel-openwrt-linux-musl/lib/crt1.o /opt/lede-toolchain-ramips-mt7621_gcc-5.4.0_musl-1.1.24.Linux-x86_64/toolchain-mipsel_24kc_gcc-5.4.0_musl-1.1.24/bin/../lib/gcc/mipsel-openwrt-linux-musl/5.4.0/../../../../mipsel-openwrt-linux-musl/lib/crti.o /opt/lede-toolchain-ramips-mt7621_gcc-5.4.0_musl-1.1.24.Linux-x86_64/toolchain-mipsel_24kc_gcc-5.4.0_musl-1.1.24/bin/../lib/gcc/mipsel-openwrt-linux-musl/5.4.0/crtbegin.o -L /opt/lede-toolchain-ramips-mt7621_gcc-5.4.0_musl-1.1.24.Linux-x86_64/toolchain-mipsel_24kc_gcc-5.4.0_musl-1.1.24/usr/lib -rpath-link /opt/lede-toolchain-ramips-mt7621_gcc-5.4.0_musl-1.1.24.Linux-x86_64/toolchain-mipsel_24kc_gcc-5.4.0_musl-1.1.24/usr/lib -L/opt/lede-toolchain-ramips-mt7621_gcc-5.4.0_musl-1.1.24.Linux-x86_64/toolchain-mipsel_24kc_gcc-5.4.0_musl-1.1.24/bin/../lib/gcc/mipsel-openwrt-linux-musl/5.4.0 -L/opt/lede-toolchain-ramips-mt7621_gcc-5.4.0_musl-1.1.24.Linux-x86_64/toolchain-mipsel_24kc_gcc-5.4.0_musl-1.1.24/bin/../lib/gcc -L/opt/lede-toolchain-ramips-mt7621_gcc-5.4.0_musl-1.1.24.Linux-x86_64/toolchain-mipsel_24kc_gcc-5.4.0_musl-1.1.24/bin/../lib/gcc/mipsel-openwrt-linux-musl/5.4.0/../../../../mipsel-openwrt-linux-musl/lib -L/opt/lede-toolchain-ramips-mt7621_gcc-5.4.0_musl-1.1.24.Linux-x86_64/toolchain-mipsel_24kc_gcc-5.4.0_musl-1.1.24/lib -L/opt/lede-toolchain-ramips-mt7621_gcc-5.4.0_musl-1.1.24.Linux-x86_64/toolchain-mipsel_24kc_gcc-5.4.0_musl-1.1.24/usr/lib -rpath=/opt/lede-toolchain-ramips-mt7621_gcc-5.4.0_musl-1.1.24.Linux-x86_64/toolchain-mipsel_24kc_gcc-5.4.0_musl-1.1.24/bin//../../lib:/opt/lede-toolchain-ramips-mt7621_gcc-5.4.0_musl-1.1.24.Linux-x86_64/toolchain-mipsel_24kc_gcc-5.4.0_musl-1.1.24/bin//../../usr/lib --gc-sections -lpthread CMakeFiles/cmTC_1a897.dir/CMakeCCompilerABI.c.o -lssp_nonshared -lgcc_s -lc -lgcc_s /opt/lede-toolchain-ramips-mt7621_gcc-5.4.0_musl-1.1.24.Linux-x86_64/toolchain-mipsel_24kc_gcc-5.4.0_musl-1.1.24/bin/../lib/gcc/mipsel-openwrt-linux-musl/5.4.0/crtend.o /opt/lede-toolchain-ramips-mt7621_gcc-5.4.0_musl-1.1.24.Linux-x86_64/toolchain-mipsel_24kc_gcc-5.4.0_musl-1.1.24/bin/../lib/gcc/mipsel-openwrt-linux-musl/5.4.0/../../../../mipsel-openwrt-linux-musl/lib/crtn.o]
    arg [/opt/lede-toolchain-ramips-mt7621_gcc-5.4.0_musl-1.1.24.Linux-x86_64/toolchain-mipsel_24kc_gcc-5.4.0_musl-1.1.24/bin/../libexec/gcc/mipsel-openwrt-linux-musl/5.4.0/collect2] ==> ignore
    arg [-plugin] ==> ignore
    arg [/opt/lede-toolchain-ramips-mt7621_gcc-5.4.0_musl-1.1.24.Linux-x86_64/toolchain-mipsel_24kc_gcc-5.4.0_musl-1.1.24/bin/../libexec/gcc/mipsel-openwrt-linux-musl/5.4.0/liblto_plugin.so] ==> ignore
    arg [-plugin-opt=/opt/lede-toolchain-ramips-mt7621_gcc-5.4.0_musl-1.1.24.Linux-x86_64/toolchain-mipsel_24kc_gcc-5.4.0_musl-1.1.24/bin/../libexec/gcc/mipsel-openwrt-linux-musl/5.4.0/lto-wrapper] ==> ignore
    arg [-plugin-opt=-fresolution=/tmp/ccHftKNz.res] ==> ignore
    arg [-plugin-opt=-pass-through=-lgcc_s] ==> ignore
    arg [-plugin-opt=-pass-through=-lc] ==> ignore
    arg [-plugin-opt=-pass-through=-lgcc_s] ==> ignore
    arg [--sysroot=/opt/lede-toolchain-ramips-mt7621_gcc-5.4.0_musl-1.1.24.Linux-x86_64/toolchain-mipsel_24kc_gcc-5.4.0_musl-1.1.24] ==> ignore
    arg [--eh-frame-hdr] ==> ignore
    arg [-EL] ==> ignore
    arg [-mips32] ==> ignore
    arg [-dynamic-linker] ==> ignore
    arg [/lib/ld-musl-mipsel-sf.so.1] ==> ignore
    arg [-melf32ltsmip] ==> ignore
    arg [-o] ==> ignore
    arg [cmTC_1a897] ==> ignore
    arg [/opt/lede-toolchain-ramips-mt7621_gcc-5.4.0_musl-1.1.24.Linux-x86_64/toolchain-mipsel_24kc_gcc-5.4.0_musl-1.1.24/bin/../lib/gcc/mipsel-openwrt-linux-musl/5.4.0/../../../../mipsel-openwrt-linux-musl/lib/crt1.o] ==> ignore
    arg [/opt/lede-toolchain-ramips-mt7621_gcc-5.4.0_musl-1.1.24.Linux-x86_64/toolchain-mipsel_24kc_gcc-5.4.0_musl-1.1.24/bin/../lib/gcc/mipsel-openwrt-linux-musl/5.4.0/../../../../mipsel-openwrt-linux-musl/lib/crti.o] ==> ignore
    arg [/opt/lede-toolchain-ramips-mt7621_gcc-5.4.0_musl-1.1.24.Linux-x86_64/toolchain-mipsel_24kc_gcc-5.4.0_musl-1.1.24/bin/../lib/gcc/mipsel-openwrt-linux-musl/5.4.0/crtbegin.o] ==> ignore
    arg [-L/opt/lede-toolchain-ramips-mt7621_gcc-5.4.0_musl-1.1.24.Linux-x86_64/toolchain-mipsel_24kc_gcc-5.4.0_musl-1.1.24/usr/lib] ==> dir [/opt/lede-toolchain-ramips-mt7621_gcc-5.4.0_musl-1.1.24.Linux-x86_64/toolchain-mipsel_24kc_gcc-5.4.0_musl-1.1.24/usr/lib]
    arg [-rpath-link] ==> ignore
    arg [/opt/lede-toolchain-ramips-mt7621_gcc-5.4.0_musl-1.1.24.Linux-x86_64/toolchain-mipsel_24kc_gcc-5.4.0_musl-1.1.24/usr/lib] ==> ignore
    arg [-L/opt/lede-toolchain-ramips-mt7621_gcc-5.4.0_musl-1.1.24.Linux-x86_64/toolchain-mipsel_24kc_gcc-5.4.0_musl-1.1.24/bin/../lib/gcc/mipsel-openwrt-linux-musl/5.4.0] ==> dir [/opt/lede-toolchain-ramips-mt7621_gcc-5.4.0_musl-1.1.24.Linux-x86_64/toolchain-mipsel_24kc_gcc-5.4.0_musl-1.1.24/bin/../lib/gcc/mipsel-openwrt-linux-musl/5.4.0]
    arg [-L/opt/lede-toolchain-ramips-mt7621_gcc-5.4.0_musl-1.1.24.Linux-x86_64/toolchain-mipsel_24kc_gcc-5.4.0_musl-1.1.24/bin/../lib/gcc] ==> dir [/opt/lede-toolchain-ramips-mt7621_gcc-5.4.0_musl-1.1.24.Linux-x86_64/toolchain-mipsel_24kc_gcc-5.4.0_musl-1.1.24/bin/../lib/gcc]
    arg [-L/opt/lede-toolchain-ramips-mt7621_gcc-5.4.0_musl-1.1.24.Linux-x86_64/toolchain-mipsel_24kc_gcc-5.4.0_musl-1.1.24/bin/../lib/gcc/mipsel-openwrt-linux-musl/5.4.0/../../../../mipsel-openwrt-linux-musl/lib] ==> dir [/opt/lede-toolchain-ramips-mt7621_gcc-5.4.0_musl-1.1.24.Linux-x86_64/toolchain-mipsel_24kc_gcc-5.4.0_musl-1.1.24/bin/../lib/gcc/mipsel-openwrt-linux-musl/5.4.0/../../../../mipsel-openwrt-linux-musl/lib]
    arg [-L/opt/lede-toolchain-ramips-mt7621_gcc-5.4.0_musl-1.1.24.Linux-x86_64/toolchain-mipsel_24kc_gcc-5.4.0_musl-1.1.24/lib] ==> dir [/opt/lede-toolchain-ramips-mt7621_gcc-5.4.0_musl-1.1.24.Linux-x86_64/toolchain-mipsel_24kc_gcc-5.4.0_musl-1.1.24/lib]
    arg [-L/opt/lede-toolchain-ramips-mt7621_gcc-5.4.0_musl-1.1.24.Linux-x86_64/toolchain-mipsel_24kc_gcc-5.4.0_musl-1.1.24/usr/lib] ==> dir [/opt/lede-toolchain-ramips-mt7621_gcc-5.4.0_musl-1.1.24.Linux-x86_64/toolchain-mipsel_24kc_gcc-5.4.0_musl-1.1.24/usr/lib]
    arg [-rpath=/opt/lede-toolchain-ramips-mt7621_gcc-5.4.0_musl-1.1.24.Linux-x86_64/toolchain-mipsel_24kc_gcc-5.4.0_musl-1.1.24/bin//../../lib:/opt/lede-toolchain-ramips-mt7621_gcc-5.4.0_musl-1.1.24.Linux-x86_64/toolchain-mipsel_24kc_gcc-5.4.0_musl-1.1.24/bin//../../usr/lib] ==> ignore
    arg [--gc-sections] ==> ignore
    arg [-lpthread] ==> lib [pthread]
    arg [CMakeFiles/cmTC_1a897.dir/CMakeCCompilerABI.c.o] ==> ignore
    arg [-lssp_nonshared] ==> lib [ssp_nonshared]
    arg [-lgcc_s] ==> lib [gcc_s]
    arg [-lc] ==> lib [c]
    arg [-lgcc_s] ==> lib [gcc_s]
    arg [/opt/lede-toolchain-ramips-mt7621_gcc-5.4.0_musl-1.1.24.Linux-x86_64/toolchain-mipsel_24kc_gcc-5.4.0_musl-1.1.24/bin/../lib/gcc/mipsel-openwrt-linux-musl/5.4.0/crtend.o] ==> ignore
    arg [/opt/lede-toolchain-ramips-mt7621_gcc-5.4.0_musl-1.1.24.Linux-x86_64/toolchain-mipsel_24kc_gcc-5.4.0_musl-1.1.24/bin/../lib/gcc/mipsel-openwrt-linux-musl/5.4.0/../../../../mipsel-openwrt-linux-musl/lib/crtn.o] ==> ignore
  collapse library dir [/opt/lede-toolchain-ramips-mt7621_gcc-5.4.0_musl-1.1.24.Linux-x86_64/toolchain-mipsel_24kc_gcc-5.4.0_musl-1.1.24/usr/lib] ==> [/opt/lede-toolchain-ramips-mt7621_gcc-5.4.0_musl-1.1.24.Linux-x86_64/toolchain-mipsel_24kc_gcc-5.4.0_musl-1.1.24/usr/lib]
  collapse library dir [/opt/lede-toolchain-ramips-mt7621_gcc-5.4.0_musl-1.1.24.Linux-x86_64/toolchain-mipsel_24kc_gcc-5.4.0_musl-1.1.24/bin/../lib/gcc/mipsel-openwrt-linux-musl/5.4.0] ==> [/opt/lede-toolchain-ramips-mt7621_gcc-5.4.0_musl-1.1.24.Linux-x86_64/toolchain-mipsel_24kc_gcc-5.4.0_musl-1.1.24/lib/gcc/mipsel-openwrt-linux-musl/5.4.0]
  collapse library dir [/opt/lede-toolchain-ramips-mt7621_gcc-5.4.0_musl-1.1.24.Linux-x86_64/toolchain-mipsel_24kc_gcc-5.4.0_musl-1.1.24/bin/../lib/gcc] ==> [/opt/lede-toolchain-ramips-mt7621_gcc-5.4.0_musl-1.1.24.Linux-x86_64/toolchain-mipsel_24kc_gcc-5.4.0_musl-1.1.24/lib/gcc]
  collapse library dir [/opt/lede-toolchain-ramips-mt7621_gcc-5.4.0_musl-1.1.24.Linux-x86_64/toolchain-mipsel_24kc_gcc-5.4.0_musl-1.1.24/bin/../lib/gcc/mipsel-openwrt-linux-musl/5.4.0/../../../../mipsel-openwrt-linux-musl/lib] ==> [/opt/lede-toolchain-ramips-mt7621_gcc-5.4.0_musl-1.1.24.Linux-x86_64/toolchain-mipsel_24kc_gcc-5.4.0_musl-1.1.24/mipsel-openwrt-linux-musl/lib]
  collapse library dir [/opt/lede-toolchain-ramips-mt7621_gcc-5.4.0_musl-1.1.24.Linux-x86_64/toolchain-mipsel_24kc_gcc-5.4.0_musl-1.1.24/lib] ==> [/opt/lede-toolchain-ramips-mt7621_gcc-5.4.0_musl-1.1.24.Linux-x86_64/toolchain-mipsel_24kc_gcc-5.4.0_musl-1.1.24/lib]
  collapse library dir [/opt/lede-toolchain-ramips-mt7621_gcc-5.4.0_musl-1.1.24.Linux-x86_64/toolchain-mipsel_24kc_gcc-5.4.0_musl-1.1.24/usr/lib] ==> [/opt/lede-toolchain-ramips-mt7621_gcc-5.4.0_musl-1.1.24.Linux-x86_64/toolchain-mipsel_24kc_gcc-5.4.0_musl-1.1.24/usr/lib]
  implicit libs: [pthread;ssp_nonshared;gcc_s;c;gcc_s]
  implicit dirs: [/opt/lede-toolchain-ramips-mt7621_gcc-5.4.0_musl-1.1.24.Linux-x86_64/toolchain-mipsel_24kc_gcc-5.4.0_musl-1.1.24/usr/lib;/opt/lede-toolchain-ramips-mt7621_gcc-5.4.0_musl-1.1.24.Linux-x86_64/toolchain-mipsel_24kc_gcc-5.4.0_musl-1.1.24/lib/gcc/mipsel-openwrt-linux-musl/5.4.0;/opt/lede-toolchain-ramips-mt7621_gcc-5.4.0_musl-1.1.24.Linux-x86_64/toolchain-mipsel_24kc_gcc-5.4.0_musl-1.1.24/lib/gcc;/opt/lede-toolchain-ramips-mt7621_gcc-5.4.0_musl-1.1.24.Linux-x86_64/toolchain-mipsel_24kc_gcc-5.4.0_musl-1.1.24/mipsel-openwrt-linux-musl/lib;/opt/lede-toolchain-ramips-mt7621_gcc-5.4.0_musl-1.1.24.Linux-x86_64/toolchain-mipsel_24kc_gcc-5.4.0_musl-1.1.24/lib]
  implicit fwks: []




Detecting C [-std=c11] compiler features compiled with the following output:
Change Dir: /repo/Pass_GPL/asuswrt/release/src/router/getdns/build/CMakeFiles/CMakeTmp

Run Build Command:"/usr/bin/make" "cmTC_b0bd6/fast"
make[4]: Entering directory '/repo/Pass_GPL/asuswrt/release/src/router/getdns/build/CMakeFiles/CMakeTmp'
/usr/bin/make -f CMakeFiles/cmTC_b0bd6.dir/build.make CMakeFiles/cmTC_b0bd6.dir/build
make[5]: Entering directory '/repo/Pass_GPL/asuswrt/release/src/router/getdns/build/CMakeFiles/CMakeTmp'
Building C object CMakeFiles/cmTC_b0bd6.dir/feature_tests.c.o
/opt/lede-toolchain-ramips-mt7621_gcc-5.4.0_musl-1.1.24.Linux-x86_64/toolchain-mipsel_24kc_gcc-5.4.0_musl-1.1.24/bin/mipsel-openwrt-linux-musl-gcc   -Os -DNDEBUG -ffunction-sections -fdata-sections -DLINUX26 -DCONFIG_RALINK -DMUSL_LIBC -DDEBUG_NOISY -DDEBUG_RCTEST -D_GNU_SOURCE -D__UAPI_DEF_ETHHDR -DRALINK_DBDC_MODE -pipe -funit-at-a-time -Wno-pointer-sign -mtune=mips32 -mips32 -DLINUX_KERNEL_VERSION=263366 --sysroot=/opt/lede-toolchain-ramips-mt7621_gcc-5.4.0_musl-1.1.24.Linux-x86_64/toolchain-mipsel_24kc_gcc-5.4.0_musl-1.1.24    -std=c11 -o CMakeFiles/cmTC_b0bd6.dir/feature_tests.c.o   -c /repo/Pass_GPL/asuswrt/release/src/router/getdns/build/CMakeFiles/feature_tests.c
Linking C executable cmTC_b0bd6
/usr/bin/cmake -E cmake_link_script CMakeFiles/cmTC_b0bd6.dir/link.txt --verbose=1
/opt/lede-toolchain-ramips-mt7621_gcc-5.4.0_musl-1.1.24.Linux-x86_64/toolchain-mipsel_24kc_gcc-5.4.0_musl-1.1.24/bin/mipsel-openwrt-linux-musl-gcc -Os -DNDEBUG -ffunction-sections -fdata-sections -DLINUX26 -DCONFIG_RALINK -DMUSL_LIBC -DDEBUG_NOISY -DDEBUG_RCTEST -D_GNU_SOURCE -D__UAPI_DEF_ETHHDR -DRALINK_DBDC_MODE -pipe -funit-at-a-time -Wno-pointer-sign -mtune=mips32 -mips32 -DLINUX_KERNEL_VERSION=263366 --sysroot=/opt/lede-toolchain-ramips-mt7621_gcc-5.4.0_musl-1.1.24.Linux-x86_64/toolchain-mipsel_24kc_gcc-5.4.0_musl-1.1.24   -Wl,--gc-sections --sysroot=/opt/lede-toolchain-ramips-mt7621_gcc-5.4.0_musl-1.1.24.Linux-x86_64/toolchain-mipsel_24kc_gcc-5.4.0_musl-1.1.24 -lpthread  CMakeFiles/cmTC_b0bd6.dir/feature_tests.c.o  -o cmTC_b0bd6 
make[5]: Leaving directory '/repo/Pass_GPL/asuswrt/release/src/router/getdns/build/CMakeFiles/CMakeTmp'
make[4]: Leaving directory '/repo/Pass_GPL/asuswrt/release/src/router/getdns/build/CMakeFiles/CMakeTmp'


    Feature record: C_FEATURE:1c_function_prototypes
    Feature record: C_FEATURE:1c_restrict
    Feature record: C_FEATURE:1c_static_assert
    Feature record: C_FEATURE:1c_variadic_macros


Detecting C [-std=c99] compiler features compiled with the following output:
Change Dir: /repo/Pass_GPL/asuswrt/release/src/router/getdns/build/CMakeFiles/CMakeTmp

Run Build Command:"/usr/bin/make" "cmTC_af42c/fast"
make[4]: Entering directory '/repo/Pass_GPL/asuswrt/release/src/router/getdns/build/CMakeFiles/CMakeTmp'
/usr/bin/make -f CMakeFiles/cmTC_af42c.dir/build.make CMakeFiles/cmTC_af42c.dir/build
make[5]: Entering directory '/repo/Pass_GPL/asuswrt/release/src/router/getdns/build/CMakeFiles/CMakeTmp'
Building C object CMakeFiles/cmTC_af42c.dir/feature_tests.c.o
/opt/lede-toolchain-ramips-mt7621_gcc-5.4.0_musl-1.1.24.Linux-x86_64/toolchain-mipsel_24kc_gcc-5.4.0_musl-1.1.24/bin/mipsel-openwrt-linux-musl-gcc   -Os -DNDEBUG -ffunction-sections -fdata-sections -DLINUX26 -DCONFIG_RALINK -DMUSL_LIBC -DDEBUG_NOISY -DDEBUG_RCTEST -D_GNU_SOURCE -D__UAPI_DEF_ETHHDR -DRALINK_DBDC_MODE -pipe -funit-at-a-time -Wno-pointer-sign -mtune=mips32 -mips32 -DLINUX_KERNEL_VERSION=263366 --sysroot=/opt/lede-toolchain-ramips-mt7621_gcc-5.4.0_musl-1.1.24.Linux-x86_64/toolchain-mipsel_24kc_gcc-5.4.0_musl-1.1.24    -std=c99 -o CMakeFiles/cmTC_af42c.dir/feature_tests.c.o   -c /repo/Pass_GPL/asuswrt/release/src/router/getdns/build/CMakeFiles/feature_tests.c
Linking C executable cmTC_af42c
/usr/bin/cmake -E cmake_link_script CMakeFiles/cmTC_af42c.dir/link.txt --verbose=1
/opt/lede-toolchain-ramips-mt7621_gcc-5.4.0_musl-1.1.24.Linux-x86_64/toolchain-mipsel_24kc_gcc-5.4.0_musl-1.1.24/bin/mipsel-openwrt-linux-musl-gcc -Os -DNDEBUG -ffunction-sections -fdata-sections -DLINUX26 -DCONFIG_RALINK -DMUSL_LIBC -DDEBUG_NOISY -DDEBUG_RCTEST -D_GNU_SOURCE -D__UAPI_DEF_ETHHDR -DRALINK_DBDC_MODE -pipe -funit-at-a-time -Wno-pointer-sign -mtune=mips32 -mips32 -DLINUX_KERNEL_VERSION=263366 --sysroot=/opt/lede-toolchain-ramips-mt7621_gcc-5.4.0_musl-1.1.24.Linux-x86_64/toolchain-mipsel_24kc_gcc-5.4.0_musl-1.1.24   -Wl,--gc-sections --sysroot=/opt/lede-toolchain-ramips-mt7621_gcc-5.4.0_musl-1.1.24.Linux-x86_64/toolchain-mipsel_24kc_gcc-5.4.0_musl-1.1.24 -lpthread  CMakeFiles/cmTC_af42c.dir/feature_tests.c.o  -o cmTC_af42c 
make[5]: Leaving directory '/repo/Pass_GPL/asuswrt/release/src/router/getdns/build/CMakeFiles/CMakeTmp'
make[4]: Leaving directory '/repo/Pass_GPL/asuswrt/release/src/router/getdns/build/CMakeFiles/CMakeTmp'


    Feature record: C_FEATURE:1c_function_prototypes
    Feature record: C_FEATURE:1c_restrict
    Feature record: C_FEATURE:0c_static_assert
    Feature record: C_FEATURE:1c_variadic_macros


Detecting C [-std=c90] compiler features compiled with the following output:
Change Dir: /repo/Pass_GPL/asuswrt/release/src/router/getdns/build/CMakeFiles/CMakeTmp

Run Build Command:"/usr/bin/make" "cmTC_b584a/fast"
make[4]: Entering directory '/repo/Pass_GPL/asuswrt/release/src/router/getdns/build/CMakeFiles/CMakeTmp'
/usr/bin/make -f CMakeFiles/cmTC_b584a.dir/build.make CMakeFiles/cmTC_b584a.dir/build
make[5]: Entering directory '/repo/Pass_GPL/asuswrt/release/src/router/getdns/build/CMakeFiles/CMakeTmp'
Building C object CMakeFiles/cmTC_b584a.dir/feature_tests.c.o
/opt/lede-toolchain-ramips-mt7621_gcc-5.4.0_musl-1.1.24.Linux-x86_64/toolchain-mipsel_24kc_gcc-5.4.0_musl-1.1.24/bin/mipsel-openwrt-linux-musl-gcc   -Os -DNDEBUG -ffunction-sections -fdata-sections -DLINUX26 -DCONFIG_RALINK -DMUSL_LIBC -DDEBUG_NOISY -DDEBUG_RCTEST -D_GNU_SOURCE -D__UAPI_DEF_ETHHDR -DRALINK_DBDC_MODE -pipe -funit-at-a-time -Wno-pointer-sign -mtune=mips32 -mips32 -DLINUX_KERNEL_VERSION=263366 --sysroot=/opt/lede-toolchain-ramips-mt7621_gcc-5.4.0_musl-1.1.24.Linux-x86_64/toolchain-mipsel_24kc_gcc-5.4.0_musl-1.1.24    -std=c90 -o CMakeFiles/cmTC_b584a.dir/feature_tests.c.o   -c /repo/Pass_GPL/asuswrt/release/src/router/getdns/build/CMakeFiles/feature_tests.c
Linking C executable cmTC_b584a
/usr/bin/cmake -E cmake_link_script CMakeFiles/cmTC_b584a.dir/link.txt --verbose=1
/opt/lede-toolchain-ramips-mt7621_gcc-5.4.0_musl-1.1.24.Linux-x86_64/toolchain-mipsel_24kc_gcc-5.4.0_musl-1.1.24/bin/mipsel-openwrt-linux-musl-gcc -Os -DNDEBUG -ffunction-sections -fdata-sections -DLINUX26 -DCONFIG_RALINK -DMUSL_LIBC -DDEBUG_NOISY -DDEBUG_RCTEST -D_GNU_SOURCE -D__UAPI_DEF_ETHHDR -DRALINK_DBDC_MODE -pipe -funit-at-a-time -Wno-pointer-sign -mtune=mips32 -mips32 -DLINUX_KERNEL_VERSION=263366 --sysroot=/opt/lede-toolchain-ramips-mt7621_gcc-5.4.0_musl-1.1.24.Linux-x86_64/toolchain-mipsel_24kc_gcc-5.4.0_musl-1.1.24   -Wl,--gc-sections --sysroot=/opt/lede-toolchain-ramips-mt7621_gcc-5.4.0_musl-1.1.24.Linux-x86_64/toolchain-mipsel_24kc_gcc-5.4.0_musl-1.1.24 -lpthread  CMakeFiles/cmTC_b584a.dir/feature_tests.c.o  -o cmTC_b584a 
make[5]: Leaving directory '/repo/Pass_GPL/asuswrt/release/src/router/getdns/build/CMakeFiles/CMakeTmp'
make[4]: Leaving directory '/repo/Pass_GPL/asuswrt/release/src/router/getdns/build/CMakeFiles/CMakeTmp'


    Feature record: C_FEATURE:1c_function_prototypes
    Feature record: C_FEATURE:0c_restrict
    Feature record: C_FEATURE:0c_static_assert
    Feature record: C_FEATURE:0c_variadic_macros
Determining if the include file sys/types.h exists passed with the following output:
Change Dir: /repo/Pass_GPL/asuswrt/release/src/router/getdns/build/CMakeFiles/CMakeTmp

Run Build Command:"/usr/bin/make" "cmTC_d9f52/fast"
make[4]: Entering directory '/repo/Pass_GPL/asuswrt/release/src/router/getdns/build/CMakeFiles/CMakeTmp'
/usr/bin/make -f CMakeFiles/cmTC_d9f52.dir/build.make CMakeFiles/cmTC_d9f52.dir/build
make[5]: Entering directory '/repo/Pass_GPL/asuswrt/release/src/router/getdns/build/CMakeFiles/CMakeTmp'
Building C object CMakeFiles/cmTC_d9f52.dir/CheckIncludeFile.c.o
/opt/lede-toolchain-ramips-mt7621_gcc-5.4.0_musl-1.1.24.Linux-x86_64/toolchain-mipsel_24kc_gcc-5.4.0_musl-1.1.24/bin/mipsel-openwrt-linux-musl-gcc   -Os -DNDEBUG -ffunction-sections -fdata-sections -DLINUX26 -DCONFIG_RALINK -DMUSL_LIBC -DDEBUG_NOISY -DDEBUG_RCTEST -D_GNU_SOURCE -D__UAPI_DEF_ETHHDR -DRALINK_DBDC_MODE -pipe -funit-at-a-time -Wno-pointer-sign -mtune=mips32 -mips32 -DLINUX_KERNEL_VERSION=263366 --sysroot=/opt/lede-toolchain-ramips-mt7621_gcc-5.4.0_musl-1.1.24.Linux-x86_64/toolchain-mipsel_24kc_gcc-5.4.0_musl-1.1.24 -D_POSIX_C_SOURCE=200112L -D_XOPEN_SOURCE=600 -D_BSD_SOURCE -D_DEFAULT_SOURCE    -o CMakeFiles/cmTC_d9f52.dir/CheckIncludeFile.c.o   -c /repo/Pass_GPL/asuswrt/release/src/router/getdns/build/CMakeFiles/CMakeTmp/CheckIncludeFile.c
Linking C executable cmTC_d9f52
/usr/bin/cmake -E cmake_link_script CMakeFiles/cmTC_d9f52.dir/link.txt --verbose=1
/opt/lede-toolchain-ramips-mt7621_gcc-5.4.0_musl-1.1.24.Linux-x86_64/toolchain-mipsel_24kc_gcc-5.4.0_musl-1.1.24/bin/mipsel-openwrt-linux-musl-gcc -Os -DNDEBUG -ffunction-sections -fdata-sections -DLINUX26 -DCONFIG_RALINK -DMUSL_LIBC -DDEBUG_NOISY -DDEBUG_RCTEST -D_GNU_SOURCE -D__UAPI_DEF_ETHHDR -DRALINK_DBDC_MODE -pipe -funit-at-a-time -Wno-pointer-sign -mtune=mips32 -mips32 -DLINUX_KERNEL_VERSION=263366 --sysroot=/opt/lede-toolchain-ramips-mt7621_gcc-5.4.0_musl-1.1.24.Linux-x86_64/toolchain-mipsel_24kc_gcc-5.4.0_musl-1.1.24 -D_POSIX_C_SOURCE=200112L -D_XOPEN_SOURCE=600 -D_BSD_SOURCE -D_DEFAULT_SOURCE   -Wl,--gc-sections --sysroot=/opt/lede-toolchain-ramips-mt7621_gcc-5.4.0_musl-1.1.24.Linux-x86_64/toolchain-mipsel_24kc_gcc-5.4.0_musl-1.1.24 -lpthread  CMakeFiles/cmTC_d9f52.dir/CheckIncludeFile.c.o  -o cmTC_d9f52 
make[5]: Leaving directory '/repo/Pass_GPL/asuswrt/release/src/router/getdns/build/CMakeFiles/CMakeTmp'
make[4]: Leaving directory '/repo/Pass_GPL/asuswrt/release/src/router/getdns/build/CMakeFiles/CMakeTmp'


Determining if the include file stdint.h exists passed with the following output:
Change Dir: /repo/Pass_GPL/asuswrt/release/src/router/getdns/build/CMakeFiles/CMakeTmp

Run Build Command:"/usr/bin/make" "cmTC_c8b15/fast"
make[4]: Entering directory '/repo/Pass_GPL/asuswrt/release/src/router/getdns/build/CMakeFiles/CMakeTmp'
/usr/bin/make -f CMakeFiles/cmTC_c8b15.dir/build.make CMakeFiles/cmTC_c8b15.dir/build
make[5]: Entering directory '/repo/Pass_GPL/asuswrt/release/src/router/getdns/build/CMakeFiles/CMakeTmp'
Building C object CMakeFiles/cmTC_c8b15.dir/CheckIncludeFile.c.o
/opt/lede-toolchain-ramips-mt7621_gcc-5.4.0_musl-1.1.24.Linux-x86_64/toolchain-mipsel_24kc_gcc-5.4.0_musl-1.1.24/bin/mipsel-openwrt-linux-musl-gcc   -Os -DNDEBUG -ffunction-sections -fdata-sections -DLINUX26 -DCONFIG_RALINK -DMUSL_LIBC -DDEBUG_NOISY -DDEBUG_RCTEST -D_GNU_SOURCE -D__UAPI_DEF_ETHHDR -DRALINK_DBDC_MODE -pipe -funit-at-a-time -Wno-pointer-sign -mtune=mips32 -mips32 -DLINUX_KERNEL_VERSION=263366 --sysroot=/opt/lede-toolchain-ramips-mt7621_gcc-5.4.0_musl-1.1.24.Linux-x86_64/toolchain-mipsel_24kc_gcc-5.4.0_musl-1.1.24 -D_POSIX_C_SOURCE=200112L -D_XOPEN_SOURCE=600 -D_BSD_SOURCE -D_DEFAULT_SOURCE    -o CMakeFiles/cmTC_c8b15.dir/CheckIncludeFile.c.o   -c /repo/Pass_GPL/asuswrt/release/src/router/getdns/build/CMakeFiles/CMakeTmp/CheckIncludeFile.c
Linking C executable cmTC_c8b15
/usr/bin/cmake -E cmake_link_script CMakeFiles/cmTC_c8b15.dir/link.txt --verbose=1
/opt/lede-toolchain-ramips-mt7621_gcc-5.4.0_musl-1.1.24.Linux-x86_64/toolchain-mipsel_24kc_gcc-5.4.0_musl-1.1.24/bin/mipsel-openwrt-linux-musl-gcc -Os -DNDEBUG -ffunction-sections -fdata-sections -DLINUX26 -DCONFIG_RALINK -DMUSL_LIBC -DDEBUG_NOISY -DDEBUG_RCTEST -D_GNU_SOURCE -D__UAPI_DEF_ETHHDR -DRALINK_DBDC_MODE -pipe -funit-at-a-time -Wno-pointer-sign -mtune=mips32 -mips32 -DLINUX_KERNEL_VERSION=263366 --sysroot=/opt/lede-toolchain-ramips-mt7621_gcc-5.4.0_musl-1.1.24.Linux-x86_64/toolchain-mipsel_24kc_gcc-5.4.0_musl-1.1.24 -D_POSIX_C_SOURCE=200112L -D_XOPEN_SOURCE=600 -D_BSD_SOURCE -D_DEFAULT_SOURCE   -Wl,--gc-sections --sysroot=/opt/lede-toolchain-ramips-mt7621_gcc-5.4.0_musl-1.1.24.Linux-x86_64/toolchain-mipsel_24kc_gcc-5.4.0_musl-1.1.24 -lpthread  CMakeFiles/cmTC_c8b15.dir/CheckIncludeFile.c.o  -o cmTC_c8b15 
make[5]: Leaving directory '/repo/Pass_GPL/asuswrt/release/src/router/getdns/build/CMakeFiles/CMakeTmp'
make[4]: Leaving directory '/repo/Pass_GPL/asuswrt/release/src/router/getdns/build/CMakeFiles/CMakeTmp'


Determining if the include file stddef.h exists passed with the following output:
Change Dir: /repo/Pass_GPL/asuswrt/release/src/router/getdns/build/CMakeFiles/CMakeTmp

Run Build Command:"/usr/bin/make" "cmTC_74104/fast"
make[4]: Entering directory '/repo/Pass_GPL/asuswrt/release/src/router/getdns/build/CMakeFiles/CMakeTmp'
/usr/bin/make -f CMakeFiles/cmTC_74104.dir/build.make CMakeFiles/cmTC_74104.dir/build
make[5]: Entering directory '/repo/Pass_GPL/asuswrt/release/src/router/getdns/build/CMakeFiles/CMakeTmp'
Building C object CMakeFiles/cmTC_74104.dir/CheckIncludeFile.c.o
/opt/lede-toolchain-ramips-mt7621_gcc-5.4.0_musl-1.1.24.Linux-x86_64/toolchain-mipsel_24kc_gcc-5.4.0_musl-1.1.24/bin/mipsel-openwrt-linux-musl-gcc   -Os -DNDEBUG -ffunction-sections -fdata-sections -DLINUX26 -DCONFIG_RALINK -DMUSL_LIBC -DDEBUG_NOISY -DDEBUG_RCTEST -D_GNU_SOURCE -D__UAPI_DEF_ETHHDR -DRALINK_DBDC_MODE -pipe -funit-at-a-time -Wno-pointer-sign -mtune=mips32 -mips32 -DLINUX_KERNEL_VERSION=263366 --sysroot=/opt/lede-toolchain-ramips-mt7621_gcc-5.4.0_musl-1.1.24.Linux-x86_64/toolchain-mipsel_24kc_gcc-5.4.0_musl-1.1.24 -D_POSIX_C_SOURCE=200112L -D_XOPEN_SOURCE=600 -D_BSD_SOURCE -D_DEFAULT_SOURCE    -o CMakeFiles/cmTC_74104.dir/CheckIncludeFile.c.o   -c /repo/Pass_GPL/asuswrt/release/src/router/getdns/build/CMakeFiles/CMakeTmp/CheckIncludeFile.c
Linking C executable cmTC_74104
/usr/bin/cmake -E cmake_link_script CMakeFiles/cmTC_74104.dir/link.txt --verbose=1
/opt/lede-toolchain-ramips-mt7621_gcc-5.4.0_musl-1.1.24.Linux-x86_64/toolchain-mipsel_24kc_gcc-5.4.0_musl-1.1.24/bin/mipsel-openwrt-linux-musl-gcc -Os -DNDEBUG -ffunction-sections -fdata-sections -DLINUX26 -DCONFIG_RALINK -DMUSL_LIBC -DDEBUG_NOISY -DDEBUG_RCTEST -D_GNU_SOURCE -D__UAPI_DEF_ETHHDR -DRALINK_DBDC_MODE -pipe -funit-at-a-time -Wno-pointer-sign -mtune=mips32 -mips32 -DLINUX_KERNEL_VERSION=263366 --sysroot=/opt/lede-toolchain-ramips-mt7621_gcc-5.4.0_musl-1.1.24.Linux-x86_64/toolchain-mipsel_24kc_gcc-5.4.0_musl-1.1.24 -D_POSIX_C_SOURCE=200112L -D_XOPEN_SOURCE=600 -D_BSD_SOURCE -D_DEFAULT_SOURCE   -Wl,--gc-sections --sysroot=/opt/lede-toolchain-ramips-mt7621_gcc-5.4.0_musl-1.1.24.Linux-x86_64/toolchain-mipsel_24kc_gcc-5.4.0_musl-1.1.24 -lpthread  CMakeFiles/cmTC_74104.dir/CheckIncludeFile.c.o  -o cmTC_74104 
make[5]: Leaving directory '/repo/Pass_GPL/asuswrt/release/src/router/getdns/build/CMakeFiles/CMakeTmp'
make[4]: Leaving directory '/repo/Pass_GPL/asuswrt/release/src/router/getdns/build/CMakeFiles/CMakeTmp'


Determining size of unsigned short passed with the following output:
Change Dir: /repo/Pass_GPL/asuswrt/release/src/router/getdns/build/CMakeFiles/CMakeTmp

Run Build Command:"/usr/bin/make" "cmTC_cb78f/fast"
make[4]: Entering directory '/repo/Pass_GPL/asuswrt/release/src/router/getdns/build/CMakeFiles/CMakeTmp'
/usr/bin/make -f CMakeFiles/cmTC_cb78f.dir/build.make CMakeFiles/cmTC_cb78f.dir/build
make[5]: Entering directory '/repo/Pass_GPL/asuswrt/release/src/router/getdns/build/CMakeFiles/CMakeTmp'
Building C object CMakeFiles/cmTC_cb78f.dir/CMAKE_SIZEOF_UNSIGNED_SHORT.c.o
/opt/lede-toolchain-ramips-mt7621_gcc-5.4.0_musl-1.1.24.Linux-x86_64/toolchain-mipsel_24kc_gcc-5.4.0_musl-1.1.24/bin/mipsel-openwrt-linux-musl-gcc   -Os -DNDEBUG -ffunction-sections -fdata-sections -DLINUX26 -DCONFIG_RALINK -DMUSL_LIBC -DDEBUG_NOISY -DDEBUG_RCTEST -D_GNU_SOURCE -D__UAPI_DEF_ETHHDR -DRALINK_DBDC_MODE -pipe -funit-at-a-time -Wno-pointer-sign -mtune=mips32 -mips32 -DLINUX_KERNEL_VERSION=263366 --sysroot=/opt/lede-toolchain-ramips-mt7621_gcc-5.4.0_musl-1.1.24.Linux-x86_64/toolchain-mipsel_24kc_gcc-5.4.0_musl-1.1.24 -D_POSIX_C_SOURCE=200112L -D_XOPEN_SOURCE=600 -D_BSD_SOURCE -D_DEFAULT_SOURCE    -o CMakeFiles/cmTC_cb78f.dir/CMAKE_SIZEOF_UNSIGNED_SHORT.c.o   -c /repo/Pass_GPL/asuswrt/release/src/router/getdns/build/CMakeFiles/CheckTypeSize/CMAKE_SIZEOF_UNSIGNED_SHORT.c
Linking C executable cmTC_cb78f
/usr/bin/cmake -E cmake_link_script CMakeFiles/cmTC_cb78f.dir/link.txt --verbose=1
/opt/lede-toolchain-ramips-mt7621_gcc-5.4.0_musl-1.1.24.Linux-x86_64/toolchain-mipsel_24kc_gcc-5.4.0_musl-1.1.24/bin/mipsel-openwrt-linux-musl-gcc -Os -DNDEBUG -ffunction-sections -fdata-sections -DLINUX26 -DCONFIG_RALINK -DMUSL_LIBC -DDEBUG_NOISY -DDEBUG_RCTEST -D_GNU_SOURCE -D__UAPI_DEF_ETHHDR -DRALINK_DBDC_MODE -pipe -funit-at-a-time -Wno-pointer-sign -mtune=mips32 -mips32 -DLINUX_KERNEL_VERSION=263366 --sysroot=/opt/lede-toolchain-ramips-mt7621_gcc-5.4.0_musl-1.1.24.Linux-x86_64/toolchain-mipsel_24kc_gcc-5.4.0_musl-1.1.24 -D_POSIX_C_SOURCE=200112L -D_XOPEN_SOURCE=600 -D_BSD_SOURCE -D_DEFAULT_SOURCE   -Wl,--gc-sections --sysroot=/opt/lede-toolchain-ramips-mt7621_gcc-5.4.0_musl-1.1.24.Linux-x86_64/toolchain-mipsel_24kc_gcc-5.4.0_musl-1.1.24 -lpthread  CMakeFiles/cmTC_cb78f.dir/CMAKE_SIZEOF_UNSIGNED_SHORT.c.o  -o cmTC_cb78f 
make[5]: Leaving directory '/repo/Pass_GPL/asuswrt/release/src/router/getdns/build/CMakeFiles/CMakeTmp'
make[4]: Leaving directory '/repo/Pass_GPL/asuswrt/release/src/router/getdns/build/CMakeFiles/CMakeTmp'


Determining if the system is big endian passed with the following output:
Change Dir: /repo/Pass_GPL/asuswrt/release/src/router/getdns/build/CMakeFiles/CMakeTmp

Run Build Command:"/usr/bin/make" "cmTC_59fd8/fast"
make[4]: Entering directory '/repo/Pass_GPL/asuswrt/release/src/router/getdns/build/CMakeFiles/CMakeTmp'
/usr/bin/make -f CMakeFiles/cmTC_59fd8.dir/build.make CMakeFiles/cmTC_59fd8.dir/build
make[5]: Entering directory '/repo/Pass_GPL/asuswrt/release/src/router/getdns/build/CMakeFiles/CMakeTmp'
Building C object CMakeFiles/cmTC_59fd8.dir/TestEndianess.c.o
/opt/lede-toolchain-ramips-mt7621_gcc-5.4.0_musl-1.1.24.Linux-x86_64/toolchain-mipsel_24kc_gcc-5.4.0_musl-1.1.24/bin/mipsel-openwrt-linux-musl-gcc   -Os -DNDEBUG -ffunction-sections -fdata-sections -DLINUX26 -DCONFIG_RALINK -DMUSL_LIBC -DDEBUG_NOISY -DDEBUG_RCTEST -D_GNU_SOURCE -D__UAPI_DEF_ETHHDR -DRALINK_DBDC_MODE -pipe -funit-at-a-time -Wno-pointer-sign -mtune=mips32 -mips32 -DLINUX_KERNEL_VERSION=263366 --sysroot=/opt/lede-toolchain-ramips-mt7621_gcc-5.4.0_musl-1.1.24.Linux-x86_64/toolchain-mipsel_24kc_gcc-5.4.0_musl-1.1.24 -D_POSIX_C_SOURCE=200112L -D_XOPEN_SOURCE=600 -D_BSD_SOURCE -D_DEFAULT_SOURCE    -o CMakeFiles/cmTC_59fd8.dir/TestEndianess.c.o   -c /repo/Pass_GPL/asuswrt/release/src/router/getdns/build/CMakeFiles/CMakeTmp/TestEndianess.c
Linking C executable cmTC_59fd8
/usr/bin/cmake -E cmake_link_script CMakeFiles/cmTC_59fd8.dir/link.txt --verbose=1
/opt/lede-toolchain-ramips-mt7621_gcc-5.4.0_musl-1.1.24.Linux-x86_64/toolchain-mipsel_24kc_gcc-5.4.0_musl-1.1.24/bin/mipsel-openwrt-linux-musl-gcc -Os -DNDEBUG -ffunction-sections -fdata-sections -DLINUX26 -DCONFIG_RALINK -DMUSL_LIBC -DDEBUG_NOISY -DDEBUG_RCTEST -D_GNU_SOURCE -D__UAPI_DEF_ETHHDR -DRALINK_DBDC_MODE -pipe -funit-at-a-time -Wno-pointer-sign -mtune=mips32 -mips32 -DLINUX_KERNEL_VERSION=263366 --sysroot=/opt/lede-toolchain-ramips-mt7621_gcc-5.4.0_musl-1.1.24.Linux-x86_64/toolchain-mipsel_24kc_gcc-5.4.0_musl-1.1.24 -D_POSIX_C_SOURCE=200112L -D_XOPEN_SOURCE=600 -D_BSD_SOURCE -D_DEFAULT_SOURCE   -Wl,--gc-sections --sysroot=/opt/lede-toolchain-ramips-mt7621_gcc-5.4.0_musl-1.1.24.Linux-x86_64/toolchain-mipsel_24kc_gcc-5.4.0_musl-1.1.24 -lpthread  CMakeFiles/cmTC_59fd8.dir/TestEndianess.c.o  -o cmTC_59fd8 
make[5]: Leaving directory '/repo/Pass_GPL/asuswrt/release/src/router/getdns/build/CMakeFiles/CMakeTmp'
make[4]: Leaving directory '/repo/Pass_GPL/asuswrt/release/src/router/getdns/build/CMakeFiles/CMakeTmp'

TestEndianess.c:
/* A 16 bit integer is required. */
typedef unsigned short cmakeint16;

/* On a little endian machine, these 16bit ints will give "THIS IS LITTLE ENDIAN."
   On a big endian machine the characters will be exchanged pairwise. */
const cmakeint16 info_little[] =  {0x4854, 0x5349, 0x4920, 0x2053, 0x494c, 0x5454, 0x454c, 0x4520, 0x444e, 0x4149, 0x2e4e, 0x0000};

/* on a big endian machine, these 16bit ints will give "THIS IS BIG ENDIAN."
   On a little endian machine the characters will be exchanged pairwise. */
const cmakeint16 info_big[] =     {0x5448, 0x4953, 0x2049, 0x5320, 0x4249, 0x4720, 0x454e, 0x4449, 0x414e, 0x2e2e, 0x0000};

#ifdef __CLASSIC_C__
int main(argc, argv) int argc; char *argv[];
#else
int main(int argc, char *argv[])
#endif
{
  int require = 0;
  require += info_little[argc];
  require += info_big[argc];
  (void)argv;
  return require;
}


Determining if the include file assert.h exists passed with the following output:
Change Dir: /repo/Pass_GPL/asuswrt/release/src/router/getdns/build/CMakeFiles/CMakeTmp

Run Build Command:"/usr/bin/make" "cmTC_6a121/fast"
make[4]: Entering directory '/repo/Pass_GPL/asuswrt/release/src/router/getdns/build/CMakeFiles/CMakeTmp'
/usr/bin/make -f CMakeFiles/cmTC_6a121.dir/build.make CMakeFiles/cmTC_6a121.dir/build
make[5]: Entering directory '/repo/Pass_GPL/asuswrt/release/src/router/getdns/build/CMakeFiles/CMakeTmp'
Building C object CMakeFiles/cmTC_6a121.dir/CheckIncludeFile.c.o
/opt/lede-toolchain-ramips-mt7621_gcc-5.4.0_musl-1.1.24.Linux-x86_64/toolchain-mipsel_24kc_gcc-5.4.0_musl-1.1.24/bin/mipsel-openwrt-linux-musl-gcc   -Os -DNDEBUG -ffunction-sections -fdata-sections -DLINUX26 -DCONFIG_RALINK -DMUSL_LIBC -DDEBUG_NOISY -DDEBUG_RCTEST -D_GNU_SOURCE -D__UAPI_DEF_ETHHDR -DRALINK_DBDC_MODE -pipe -funit-at-a-time -Wno-pointer-sign -mtune=mips32 -mips32 -DLINUX_KERNEL_VERSION=263366 --sysroot=/opt/lede-toolchain-ramips-mt7621_gcc-5.4.0_musl-1.1.24.Linux-x86_64/toolchain-mipsel_24kc_gcc-5.4.0_musl-1.1.24 -D_POSIX_C_SOURCE=200112L -D_XOPEN_SOURCE=600 -D_BSD_SOURCE -D_DEFAULT_SOURCE    -o CMakeFiles/cmTC_6a121.dir/CheckIncludeFile.c.o   -c /repo/Pass_GPL/asuswrt/release/src/router/getdns/build/CMakeFiles/CMakeTmp/CheckIncludeFile.c
Linking C executable cmTC_6a121
/usr/bin/cmake -E cmake_link_script CMakeFiles/cmTC_6a121.dir/link.txt --verbose=1
/opt/lede-toolchain-ramips-mt7621_gcc-5.4.0_musl-1.1.24.Linux-x86_64/toolchain-mipsel_24kc_gcc-5.4.0_musl-1.1.24/bin/mipsel-openwrt-linux-musl-gcc -Os -DNDEBUG -ffunction-sections -fdata-sections -DLINUX26 -DCONFIG_RALINK -DMUSL_LIBC -DDEBUG_NOISY -DDEBUG_RCTEST -D_GNU_SOURCE -D__UAPI_DEF_ETHHDR -DRALINK_DBDC_MODE -pipe -funit-at-a-time -Wno-pointer-sign -mtune=mips32 -mips32 -DLINUX_KERNEL_VERSION=263366 --sysroot=/opt/lede-toolchain-ramips-mt7621_gcc-5.4.0_musl-1.1.24.Linux-x86_64/toolchain-mipsel_24kc_gcc-5.4.0_musl-1.1.24 -D_POSIX_C_SOURCE=200112L -D_XOPEN_SOURCE=600 -D_BSD_SOURCE -D_DEFAULT_SOURCE   -Wl,--gc-sections --sysroot=/opt/lede-toolchain-ramips-mt7621_gcc-5.4.0_musl-1.1.24.Linux-x86_64/toolchain-mipsel_24kc_gcc-5.4.0_musl-1.1.24 -lpthread  CMakeFiles/cmTC_6a121.dir/CheckIncludeFile.c.o  -o cmTC_6a121 
make[5]: Leaving directory '/repo/Pass_GPL/asuswrt/release/src/router/getdns/build/CMakeFiles/CMakeTmp'
make[4]: Leaving directory '/repo/Pass_GPL/asuswrt/release/src/router/getdns/build/CMakeFiles/CMakeTmp'


Determining if the include file inttypes.h exists passed with the following output:
Change Dir: /repo/Pass_GPL/asuswrt/release/src/router/getdns/build/CMakeFiles/CMakeTmp

Run Build Command:"/usr/bin/make" "cmTC_842df/fast"
make[4]: Entering directory '/repo/Pass_GPL/asuswrt/release/src/router/getdns/build/CMakeFiles/CMakeTmp'
/usr/bin/make -f CMakeFiles/cmTC_842df.dir/build.make CMakeFiles/cmTC_842df.dir/build
make[5]: Entering directory '/repo/Pass_GPL/asuswrt/release/src/router/getdns/build/CMakeFiles/CMakeTmp'
Building C object CMakeFiles/cmTC_842df.dir/CheckIncludeFile.c.o
/opt/lede-toolchain-ramips-mt7621_gcc-5.4.0_musl-1.1.24.Linux-x86_64/toolchain-mipsel_24kc_gcc-5.4.0_musl-1.1.24/bin/mipsel-openwrt-linux-musl-gcc   -Os -DNDEBUG -ffunction-sections -fdata-sections -DLINUX26 -DCONFIG_RALINK -DMUSL_LIBC -DDEBUG_NOISY -DDEBUG_RCTEST -D_GNU_SOURCE -D__UAPI_DEF_ETHHDR -DRALINK_DBDC_MODE -pipe -funit-at-a-time -Wno-pointer-sign -mtune=mips32 -mips32 -DLINUX_KERNEL_VERSION=263366 --sysroot=/opt/lede-toolchain-ramips-mt7621_gcc-5.4.0_musl-1.1.24.Linux-x86_64/toolchain-mipsel_24kc_gcc-5.4.0_musl-1.1.24 -D_POSIX_C_SOURCE=200112L -D_XOPEN_SOURCE=600 -D_BSD_SOURCE -D_DEFAULT_SOURCE    -o CMakeFiles/cmTC_842df.dir/CheckIncludeFile.c.o   -c /repo/Pass_GPL/asuswrt/release/src/router/getdns/build/CMakeFiles/CMakeTmp/CheckIncludeFile.c
Linking C executable cmTC_842df
/usr/bin/cmake -E cmake_link_script CMakeFiles/cmTC_842df.dir/link.txt --verbose=1
/opt/lede-toolchain-ramips-mt7621_gcc-5.4.0_musl-1.1.24.Linux-x86_64/toolchain-mipsel_24kc_gcc-5.4.0_musl-1.1.24/bin/mipsel-openwrt-linux-musl-gcc -Os -DNDEBUG -ffunction-sections -fdata-sections -DLINUX26 -DCONFIG_RALINK -DMUSL_LIBC -DDEBUG_NOISY -DDEBUG_RCTEST -D_GNU_SOURCE -D__UAPI_DEF_ETHHDR -DRALINK_DBDC_MODE -pipe -funit-at-a-time -Wno-pointer-sign -mtune=mips32 -mips32 -DLINUX_KERNEL_VERSION=263366 --sysroot=/opt/lede-toolchain-ramips-mt7621_gcc-5.4.0_musl-1.1.24.Linux-x86_64/toolchain-mipsel_24kc_gcc-5.4.0_musl-1.1.24 -D_POSIX_C_SOURCE=200112L -D_XOPEN_SOURCE=600 -D_BSD_SOURCE -D_DEFAULT_SOURCE   -Wl,--gc-sections --sysroot=/opt/lede-toolchain-ramips-mt7621_gcc-5.4.0_musl-1.1.24.Linux-x86_64/toolchain-mipsel_24kc_gcc-5.4.0_musl-1.1.24 -lpthread  CMakeFiles/cmTC_842df.dir/CheckIncludeFile.c.o  -o cmTC_842df 
make[5]: Leaving directory '/repo/Pass_GPL/asuswrt/release/src/router/getdns/build/CMakeFiles/CMakeTmp'
make[4]: Leaving directory '/repo/Pass_GPL/asuswrt/release/src/router/getdns/build/CMakeFiles/CMakeTmp'


Determining if the include file limits.h exists passed with the following output:
Change Dir: /repo/Pass_GPL/asuswrt/release/src/router/getdns/build/CMakeFiles/CMakeTmp

Run Build Command:"/usr/bin/make" "cmTC_d093e/fast"
make[4]: Entering directory '/repo/Pass_GPL/asuswrt/release/src/router/getdns/build/CMakeFiles/CMakeTmp'
/usr/bin/make -f CMakeFiles/cmTC_d093e.dir/build.make CMakeFiles/cmTC_d093e.dir/build
make[5]: Entering directory '/repo/Pass_GPL/asuswrt/release/src/router/getdns/build/CMakeFiles/CMakeTmp'
Building C object CMakeFiles/cmTC_d093e.dir/CheckIncludeFile.c.o
/opt/lede-toolchain-ramips-mt7621_gcc-5.4.0_musl-1.1.24.Linux-x86_64/toolchain-mipsel_24kc_gcc-5.4.0_musl-1.1.24/bin/mipsel-openwrt-linux-musl-gcc   -Os -DNDEBUG -ffunction-sections -fdata-sections -DLINUX26 -DCONFIG_RALINK -DMUSL_LIBC -DDEBUG_NOISY -DDEBUG_RCTEST -D_GNU_SOURCE -D__UAPI_DEF_ETHHDR -DRALINK_DBDC_MODE -pipe -funit-at-a-time -Wno-pointer-sign -mtune=mips32 -mips32 -DLINUX_KERNEL_VERSION=263366 --sysroot=/opt/lede-toolchain-ramips-mt7621_gcc-5.4.0_musl-1.1.24.Linux-x86_64/toolchain-mipsel_24kc_gcc-5.4.0_musl-1.1.24 -D_POSIX_C_SOURCE=200112L -D_XOPEN_SOURCE=600 -D_BSD_SOURCE -D_DEFAULT_SOURCE    -o CMakeFiles/cmTC_d093e.dir/CheckIncludeFile.c.o   -c /repo/Pass_GPL/asuswrt/release/src/router/getdns/build/CMakeFiles/CMakeTmp/CheckIncludeFile.c
Linking C executable cmTC_d093e
/usr/bin/cmake -E cmake_link_script CMakeFiles/cmTC_d093e.dir/link.txt --verbose=1
/opt/lede-toolchain-ramips-mt7621_gcc-5.4.0_musl-1.1.24.Linux-x86_64/toolchain-mipsel_24kc_gcc-5.4.0_musl-1.1.24/bin/mipsel-openwrt-linux-musl-gcc -Os -DNDEBUG -ffunction-sections -fdata-sections -DLINUX26 -DCONFIG_RALINK -DMUSL_LIBC -DDEBUG_NOISY -DDEBUG_RCTEST -D_GNU_SOURCE -D__UAPI_DEF_ETHHDR -DRALINK_DBDC_MODE -pipe -funit-at-a-time -Wno-pointer-sign -mtune=mips32 -mips32 -DLINUX_KERNEL_VERSION=263366 --sysroot=/opt/lede-toolchain-ramips-mt7621_gcc-5.4.0_musl-1.1.24.Linux-x86_64/toolchain-mipsel_24kc_gcc-5.4.0_musl-1.1.24 -D_POSIX_C_SOURCE=200112L -D_XOPEN_SOURCE=600 -D_BSD_SOURCE -D_DEFAULT_SOURCE   -Wl,--gc-sections --sysroot=/opt/lede-toolchain-ramips-mt7621_gcc-5.4.0_musl-1.1.24.Linux-x86_64/toolchain-mipsel_24kc_gcc-5.4.0_musl-1.1.24 -lpthread  CMakeFiles/cmTC_d093e.dir/CheckIncludeFile.c.o  -o cmTC_d093e 
make[5]: Leaving directory '/repo/Pass_GPL/asuswrt/release/src/router/getdns/build/CMakeFiles/CMakeTmp'
make[4]: Leaving directory '/repo/Pass_GPL/asuswrt/release/src/router/getdns/build/CMakeFiles/CMakeTmp'


Determining if the include file stdarg.h exists passed with the following output:
Change Dir: /repo/Pass_GPL/asuswrt/release/src/router/getdns/build/CMakeFiles/CMakeTmp

Run Build Command:"/usr/bin/make" "cmTC_e0da0/fast"
make[4]: Entering directory '/repo/Pass_GPL/asuswrt/release/src/router/getdns/build/CMakeFiles/CMakeTmp'
/usr/bin/make -f CMakeFiles/cmTC_e0da0.dir/build.make CMakeFiles/cmTC_e0da0.dir/build
make[5]: Entering directory '/repo/Pass_GPL/asuswrt/release/src/router/getdns/build/CMakeFiles/CMakeTmp'
Building C object CMakeFiles/cmTC_e0da0.dir/CheckIncludeFile.c.o
/opt/lede-toolchain-ramips-mt7621_gcc-5.4.0_musl-1.1.24.Linux-x86_64/toolchain-mipsel_24kc_gcc-5.4.0_musl-1.1.24/bin/mipsel-openwrt-linux-musl-gcc   -Os -DNDEBUG -ffunction-sections -fdata-sections -DLINUX26 -DCONFIG_RALINK -DMUSL_LIBC -DDEBUG_NOISY -DDEBUG_RCTEST -D_GNU_SOURCE -D__UAPI_DEF_ETHHDR -DRALINK_DBDC_MODE -pipe -funit-at-a-time -Wno-pointer-sign -mtune=mips32 -mips32 -DLINUX_KERNEL_VERSION=263366 --sysroot=/opt/lede-toolchain-ramips-mt7621_gcc-5.4.0_musl-1.1.24.Linux-x86_64/toolchain-mipsel_24kc_gcc-5.4.0_musl-1.1.24 -D_POSIX_C_SOURCE=200112L -D_XOPEN_SOURCE=600 -D_BSD_SOURCE -D_DEFAULT_SOURCE    -o CMakeFiles/cmTC_e0da0.dir/CheckIncludeFile.c.o   -c /repo/Pass_GPL/asuswrt/release/src/router/getdns/build/CMakeFiles/CMakeTmp/CheckIncludeFile.c
Linking C executable cmTC_e0da0
/usr/bin/cmake -E cmake_link_script CMakeFiles/cmTC_e0da0.dir/link.txt --verbose=1
/opt/lede-toolchain-ramips-mt7621_gcc-5.4.0_musl-1.1.24.Linux-x86_64/toolchain-mipsel_24kc_gcc-5.4.0_musl-1.1.24/bin/mipsel-openwrt-linux-musl-gcc -Os -DNDEBUG -ffunction-sections -fdata-sections -DLINUX26 -DCONFIG_RALINK -DMUSL_LIBC -DDEBUG_NOISY -DDEBUG_RCTEST -D_GNU_SOURCE -D__UAPI_DEF_ETHHDR -DRALINK_DBDC_MODE -pipe -funit-at-a-time -Wno-pointer-sign -mtune=mips32 -mips32 -DLINUX_KERNEL_VERSION=263366 --sysroot=/opt/lede-toolchain-ramips-mt7621_gcc-5.4.0_musl-1.1.24.Linux-x86_64/toolchain-mipsel_24kc_gcc-5.4.0_musl-1.1.24 -D_POSIX_C_SOURCE=200112L -D_XOPEN_SOURCE=600 -D_BSD_SOURCE -D_DEFAULT_SOURCE   -Wl,--gc-sections --sysroot=/opt/lede-toolchain-ramips-mt7621_gcc-5.4.0_musl-1.1.24.Linux-x86_64/toolchain-mipsel_24kc_gcc-5.4.0_musl-1.1.24 -lpthread  CMakeFiles/cmTC_e0da0.dir/CheckIncludeFile.c.o  -o cmTC_e0da0 
make[5]: Leaving directory '/repo/Pass_GPL/asuswrt/release/src/router/getdns/build/CMakeFiles/CMakeTmp'
make[4]: Leaving directory '/repo/Pass_GPL/asuswrt/release/src/router/getdns/build/CMakeFiles/CMakeTmp'


Determining if the include file stdio.h exists passed with the following output:
Change Dir: /repo/Pass_GPL/asuswrt/release/src/router/getdns/build/CMakeFiles/CMakeTmp

Run Build Command:"/usr/bin/make" "cmTC_b4b32/fast"
make[4]: Entering directory '/repo/Pass_GPL/asuswrt/release/src/router/getdns/build/CMakeFiles/CMakeTmp'
/usr/bin/make -f CMakeFiles/cmTC_b4b32.dir/build.make CMakeFiles/cmTC_b4b32.dir/build
make[5]: Entering directory '/repo/Pass_GPL/asuswrt/release/src/router/getdns/build/CMakeFiles/CMakeTmp'
Building C object CMakeFiles/cmTC_b4b32.dir/CheckIncludeFile.c.o
/opt/lede-toolchain-ramips-mt7621_gcc-5.4.0_musl-1.1.24.Linux-x86_64/toolchain-mipsel_24kc_gcc-5.4.0_musl-1.1.24/bin/mipsel-openwrt-linux-musl-gcc   -Os -DNDEBUG -ffunction-sections -fdata-sections -DLINUX26 -DCONFIG_RALINK -DMUSL_LIBC -DDEBUG_NOISY -DDEBUG_RCTEST -D_GNU_SOURCE -D__UAPI_DEF_ETHHDR -DRALINK_DBDC_MODE -pipe -funit-at-a-time -Wno-pointer-sign -mtune=mips32 -mips32 -DLINUX_KERNEL_VERSION=263366 --sysroot=/opt/lede-toolchain-ramips-mt7621_gcc-5.4.0_musl-1.1.24.Linux-x86_64/toolchain-mipsel_24kc_gcc-5.4.0_musl-1.1.24 -D_POSIX_C_SOURCE=200112L -D_XOPEN_SOURCE=600 -D_BSD_SOURCE -D_DEFAULT_SOURCE    -o CMakeFiles/cmTC_b4b32.dir/CheckIncludeFile.c.o   -c /repo/Pass_GPL/asuswrt/release/src/router/getdns/build/CMakeFiles/CMakeTmp/CheckIncludeFile.c
Linking C executable cmTC_b4b32
/usr/bin/cmake -E cmake_link_script CMakeFiles/cmTC_b4b32.dir/link.txt --verbose=1
/opt/lede-toolchain-ramips-mt7621_gcc-5.4.0_musl-1.1.24.Linux-x86_64/toolchain-mipsel_24kc_gcc-5.4.0_musl-1.1.24/bin/mipsel-openwrt-linux-musl-gcc -Os -DNDEBUG -ffunction-sections -fdata-sections -DLINUX26 -DCONFIG_RALINK -DMUSL_LIBC -DDEBUG_NOISY -DDEBUG_RCTEST -D_GNU_SOURCE -D__UAPI_DEF_ETHHDR -DRALINK_DBDC_MODE -pipe -funit-at-a-time -Wno-pointer-sign -mtune=mips32 -mips32 -DLINUX_KERNEL_VERSION=263366 --sysroot=/opt/lede-toolchain-ramips-mt7621_gcc-5.4.0_musl-1.1.24.Linux-x86_64/toolchain-mipsel_24kc_gcc-5.4.0_musl-1.1.24 -D_POSIX_C_SOURCE=200112L -D_XOPEN_SOURCE=600 -D_BSD_SOURCE -D_DEFAULT_SOURCE   -Wl,--gc-sections --sysroot=/opt/lede-toolchain-ramips-mt7621_gcc-5.4.0_musl-1.1.24.Linux-x86_64/toolchain-mipsel_24kc_gcc-5.4.0_musl-1.1.24 -lpthread  CMakeFiles/cmTC_b4b32.dir/CheckIncludeFile.c.o  -o cmTC_b4b32 
make[5]: Leaving directory '/repo/Pass_GPL/asuswrt/release/src/router/getdns/build/CMakeFiles/CMakeTmp'
make[4]: Leaving directory '/repo/Pass_GPL/asuswrt/release/src/router/getdns/build/CMakeFiles/CMakeTmp'


Determining if the include file stdlib.h exists passed with the following output:
Change Dir: /repo/Pass_GPL/asuswrt/release/src/router/getdns/build/CMakeFiles/CMakeTmp

Run Build Command:"/usr/bin/make" "cmTC_40d95/fast"
make[4]: Entering directory '/repo/Pass_GPL/asuswrt/release/src/router/getdns/build/CMakeFiles/CMakeTmp'
/usr/bin/make -f CMakeFiles/cmTC_40d95.dir/build.make CMakeFiles/cmTC_40d95.dir/build
make[5]: Entering directory '/repo/Pass_GPL/asuswrt/release/src/router/getdns/build/CMakeFiles/CMakeTmp'
Building C object CMakeFiles/cmTC_40d95.dir/CheckIncludeFile.c.o
/opt/lede-toolchain-ramips-mt7621_gcc-5.4.0_musl-1.1.24.Linux-x86_64/toolchain-mipsel_24kc_gcc-5.4.0_musl-1.1.24/bin/mipsel-openwrt-linux-musl-gcc   -Os -DNDEBUG -ffunction-sections -fdata-sections -DLINUX26 -DCONFIG_RALINK -DMUSL_LIBC -DDEBUG_NOISY -DDEBUG_RCTEST -D_GNU_SOURCE -D__UAPI_DEF_ETHHDR -DRALINK_DBDC_MODE -pipe -funit-at-a-time -Wno-pointer-sign -mtune=mips32 -mips32 -DLINUX_KERNEL_VERSION=263366 --sysroot=/opt/lede-toolchain-ramips-mt7621_gcc-5.4.0_musl-1.1.24.Linux-x86_64/toolchain-mipsel_24kc_gcc-5.4.0_musl-1.1.24 -D_POSIX_C_SOURCE=200112L -D_XOPEN_SOURCE=600 -D_BSD_SOURCE -D_DEFAULT_SOURCE    -o CMakeFiles/cmTC_40d95.dir/CheckIncludeFile.c.o   -c /repo/Pass_GPL/asuswrt/release/src/router/getdns/build/CMakeFiles/CMakeTmp/CheckIncludeFile.c
Linking C executable cmTC_40d95
/usr/bin/cmake -E cmake_link_script CMakeFiles/cmTC_40d95.dir/link.txt --verbose=1
/opt/lede-toolchain-ramips-mt7621_gcc-5.4.0_musl-1.1.24.Linux-x86_64/toolchain-mipsel_24kc_gcc-5.4.0_musl-1.1.24/bin/mipsel-openwrt-linux-musl-gcc -Os -DNDEBUG -ffunction-sections -fdata-sections -DLINUX26 -DCONFIG_RALINK -DMUSL_LIBC -DDEBUG_NOISY -DDEBUG_RCTEST -D_GNU_SOURCE -D__UAPI_DEF_ETHHDR -DRALINK_DBDC_MODE -pipe -funit-at-a-time -Wno-pointer-sign -mtune=mips32 -mips32 -DLINUX_KERNEL_VERSION=263366 --sysroot=/opt/lede-toolchain-ramips-mt7621_gcc-5.4.0_musl-1.1.24.Linux-x86_64/toolchain-mipsel_24kc_gcc-5.4.0_musl-1.1.24 -D_POSIX_C_SOURCE=200112L -D_XOPEN_SOURCE=600 -D_BSD_SOURCE -D_DEFAULT_SOURCE   -Wl,--gc-sections --sysroot=/opt/lede-toolchain-ramips-mt7621_gcc-5.4.0_musl-1.1.24.Linux-x86_64/toolchain-mipsel_24kc_gcc-5.4.0_musl-1.1.24 -lpthread  CMakeFiles/cmTC_40d95.dir/CheckIncludeFile.c.o  -o cmTC_40d95 
make[5]: Leaving directory '/repo/Pass_GPL/asuswrt/release/src/router/getdns/build/CMakeFiles/CMakeTmp'
make[4]: Leaving directory '/repo/Pass_GPL/asuswrt/release/src/router/getdns/build/CMakeFiles/CMakeTmp'


Determining if the include file string.h exists passed with the following output:
Change Dir: /repo/Pass_GPL/asuswrt/release/src/router/getdns/build/CMakeFiles/CMakeTmp

Run Build Command:"/usr/bin/make" "cmTC_22c59/fast"
make[4]: Entering directory '/repo/Pass_GPL/asuswrt/release/src/router/getdns/build/CMakeFiles/CMakeTmp'
/usr/bin/make -f CMakeFiles/cmTC_22c59.dir/build.make CMakeFiles/cmTC_22c59.dir/build
make[5]: Entering directory '/repo/Pass_GPL/asuswrt/release/src/router/getdns/build/CMakeFiles/CMakeTmp'
Building C object CMakeFiles/cmTC_22c59.dir/CheckIncludeFile.c.o
/opt/lede-toolchain-ramips-mt7621_gcc-5.4.0_musl-1.1.24.Linux-x86_64/toolchain-mipsel_24kc_gcc-5.4.0_musl-1.1.24/bin/mipsel-openwrt-linux-musl-gcc   -Os -DNDEBUG -ffunction-sections -fdata-sections -DLINUX26 -DCONFIG_RALINK -DMUSL_LIBC -DDEBUG_NOISY -DDEBUG_RCTEST -D_GNU_SOURCE -D__UAPI_DEF_ETHHDR -DRALINK_DBDC_MODE -pipe -funit-at-a-time -Wno-pointer-sign -mtune=mips32 -mips32 -DLINUX_KERNEL_VERSION=263366 --sysroot=/opt/lede-toolchain-ramips-mt7621_gcc-5.4.0_musl-1.1.24.Linux-x86_64/toolchain-mipsel_24kc_gcc-5.4.0_musl-1.1.24 -D_POSIX_C_SOURCE=200112L -D_XOPEN_SOURCE=600 -D_BSD_SOURCE -D_DEFAULT_SOURCE    -o CMakeFiles/cmTC_22c59.dir/CheckIncludeFile.c.o   -c /repo/Pass_GPL/asuswrt/release/src/router/getdns/build/CMakeFiles/CMakeTmp/CheckIncludeFile.c
Linking C executable cmTC_22c59
/usr/bin/cmake -E cmake_link_script CMakeFiles/cmTC_22c59.dir/link.txt --verbose=1
/opt/lede-toolchain-ramips-mt7621_gcc-5.4.0_musl-1.1.24.Linux-x86_64/toolchain-mipsel_24kc_gcc-5.4.0_musl-1.1.24/bin/mipsel-openwrt-linux-musl-gcc -Os -DNDEBUG -ffunction-sections -fdata-sections -DLINUX26 -DCONFIG_RALINK -DMUSL_LIBC -DDEBUG_NOISY -DDEBUG_RCTEST -D_GNU_SOURCE -D__UAPI_DEF_ETHHDR -DRALINK_DBDC_MODE -pipe -funit-at-a-time -Wno-pointer-sign -mtune=mips32 -mips32 -DLINUX_KERNEL_VERSION=263366 --sysroot=/opt/lede-toolchain-ramips-mt7621_gcc-5.4.0_musl-1.1.24.Linux-x86_64/toolchain-mipsel_24kc_gcc-5.4.0_musl-1.1.24 -D_POSIX_C_SOURCE=200112L -D_XOPEN_SOURCE=600 -D_BSD_SOURCE -D_DEFAULT_SOURCE   -Wl,--gc-sections --sysroot=/opt/lede-toolchain-ramips-mt7621_gcc-5.4.0_musl-1.1.24.Linux-x86_64/toolchain-mipsel_24kc_gcc-5.4.0_musl-1.1.24 -lpthread  CMakeFiles/cmTC_22c59.dir/CheckIncludeFile.c.o  -o cmTC_22c59 
make[5]: Leaving directory '/repo/Pass_GPL/asuswrt/release/src/router/getdns/build/CMakeFiles/CMakeTmp'
make[4]: Leaving directory '/repo/Pass_GPL/asuswrt/release/src/router/getdns/build/CMakeFiles/CMakeTmp'


Determining if the include file strings.h exists passed with the following output:
Change Dir: /repo/Pass_GPL/asuswrt/release/src/router/getdns/build/CMakeFiles/CMakeTmp

Run Build Command:"/usr/bin/make" "cmTC_fb7e2/fast"
make[4]: Entering directory '/repo/Pass_GPL/asuswrt/release/src/router/getdns/build/CMakeFiles/CMakeTmp'
/usr/bin/make -f CMakeFiles/cmTC_fb7e2.dir/build.make CMakeFiles/cmTC_fb7e2.dir/build
make[5]: Entering directory '/repo/Pass_GPL/asuswrt/release/src/router/getdns/build/CMakeFiles/CMakeTmp'
Building C object CMakeFiles/cmTC_fb7e2.dir/CheckIncludeFile.c.o
/opt/lede-toolchain-ramips-mt7621_gcc-5.4.0_musl-1.1.24.Linux-x86_64/toolchain-mipsel_24kc_gcc-5.4.0_musl-1.1.24/bin/mipsel-openwrt-linux-musl-gcc   -Os -DNDEBUG -ffunction-sections -fdata-sections -DLINUX26 -DCONFIG_RALINK -DMUSL_LIBC -DDEBUG_NOISY -DDEBUG_RCTEST -D_GNU_SOURCE -D__UAPI_DEF_ETHHDR -DRALINK_DBDC_MODE -pipe -funit-at-a-time -Wno-pointer-sign -mtune=mips32 -mips32 -DLINUX_KERNEL_VERSION=263366 --sysroot=/opt/lede-toolchain-ramips-mt7621_gcc-5.4.0_musl-1.1.24.Linux-x86_64/toolchain-mipsel_24kc_gcc-5.4.0_musl-1.1.24 -D_POSIX_C_SOURCE=200112L -D_XOPEN_SOURCE=600 -D_BSD_SOURCE -D_DEFAULT_SOURCE    -o CMakeFiles/cmTC_fb7e2.dir/CheckIncludeFile.c.o   -c /repo/Pass_GPL/asuswrt/release/src/router/getdns/build/CMakeFiles/CMakeTmp/CheckIncludeFile.c
Linking C executable cmTC_fb7e2
/usr/bin/cmake -E cmake_link_script CMakeFiles/cmTC_fb7e2.dir/link.txt --verbose=1
/opt/lede-toolchain-ramips-mt7621_gcc-5.4.0_musl-1.1.24.Linux-x86_64/toolchain-mipsel_24kc_gcc-5.4.0_musl-1.1.24/bin/mipsel-openwrt-linux-musl-gcc -Os -DNDEBUG -ffunction-sections -fdata-sections -DLINUX26 -DCONFIG_RALINK -DMUSL_LIBC -DDEBUG_NOISY -DDEBUG_RCTEST -D_GNU_SOURCE -D__UAPI_DEF_ETHHDR -DRALINK_DBDC_MODE -pipe -funit-at-a-time -Wno-pointer-sign -mtune=mips32 -mips32 -DLINUX_KERNEL_VERSION=263366 --sysroot=/opt/lede-toolchain-ramips-mt7621_gcc-5.4.0_musl-1.1.24.Linux-x86_64/toolchain-mipsel_24kc_gcc-5.4.0_musl-1.1.24 -D_POSIX_C_SOURCE=200112L -D_XOPEN_SOURCE=600 -D_BSD_SOURCE -D_DEFAULT_SOURCE   -Wl,--gc-sections --sysroot=/opt/lede-toolchain-ramips-mt7621_gcc-5.4.0_musl-1.1.24.Linux-x86_64/toolchain-mipsel_24kc_gcc-5.4.0_musl-1.1.24 -lpthread  CMakeFiles/cmTC_fb7e2.dir/CheckIncludeFile.c.o  -o cmTC_fb7e2 
make[5]: Leaving directory '/repo/Pass_GPL/asuswrt/release/src/router/getdns/build/CMakeFiles/CMakeTmp'
make[4]: Leaving directory '/repo/Pass_GPL/asuswrt/release/src/router/getdns/build/CMakeFiles/CMakeTmp'


Determining if the include file time.h exists passed with the following output:
Change Dir: /repo/Pass_GPL/asuswrt/release/src/router/getdns/build/CMakeFiles/CMakeTmp

Run Build Command:"/usr/bin/make" "cmTC_046f9/fast"
make[4]: Entering directory '/repo/Pass_GPL/asuswrt/release/src/router/getdns/build/CMakeFiles/CMakeTmp'
/usr/bin/make -f CMakeFiles/cmTC_046f9.dir/build.make CMakeFiles/cmTC_046f9.dir/build
make[5]: Entering directory '/repo/Pass_GPL/asuswrt/release/src/router/getdns/build/CMakeFiles/CMakeTmp'
Building C object CMakeFiles/cmTC_046f9.dir/CheckIncludeFile.c.o
/opt/lede-toolchain-ramips-mt7621_gcc-5.4.0_musl-1.1.24.Linux-x86_64/toolchain-mipsel_24kc_gcc-5.4.0_musl-1.1.24/bin/mipsel-openwrt-linux-musl-gcc   -Os -DNDEBUG -ffunction-sections -fdata-sections -DLINUX26 -DCONFIG_RALINK -DMUSL_LIBC -DDEBUG_NOISY -DDEBUG_RCTEST -D_GNU_SOURCE -D__UAPI_DEF_ETHHDR -DRALINK_DBDC_MODE -pipe -funit-at-a-time -Wno-pointer-sign -mtune=mips32 -mips32 -DLINUX_KERNEL_VERSION=263366 --sysroot=/opt/lede-toolchain-ramips-mt7621_gcc-5.4.0_musl-1.1.24.Linux-x86_64/toolchain-mipsel_24kc_gcc-5.4.0_musl-1.1.24 -D_POSIX_C_SOURCE=200112L -D_XOPEN_SOURCE=600 -D_BSD_SOURCE -D_DEFAULT_SOURCE    -o CMakeFiles/cmTC_046f9.dir/CheckIncludeFile.c.o   -c /repo/Pass_GPL/asuswrt/release/src/router/getdns/build/CMakeFiles/CMakeTmp/CheckIncludeFile.c
Linking C executable cmTC_046f9
/usr/bin/cmake -E cmake_link_script CMakeFiles/cmTC_046f9.dir/link.txt --verbose=1
/opt/lede-toolchain-ramips-mt7621_gcc-5.4.0_musl-1.1.24.Linux-x86_64/toolchain-mipsel_24kc_gcc-5.4.0_musl-1.1.24/bin/mipsel-openwrt-linux-musl-gcc -Os -DNDEBUG -ffunction-sections -fdata-sections -DLINUX26 -DCONFIG_RALINK -DMUSL_LIBC -DDEBUG_NOISY -DDEBUG_RCTEST -D_GNU_SOURCE -D__UAPI_DEF_ETHHDR -DRALINK_DBDC_MODE -pipe -funit-at-a-time -Wno-pointer-sign -mtune=mips32 -mips32 -DLINUX_KERNEL_VERSION=263366 --sysroot=/opt/lede-toolchain-ramips-mt7621_gcc-5.4.0_musl-1.1.24.Linux-x86_64/toolchain-mipsel_24kc_gcc-5.4.0_musl-1.1.24 -D_POSIX_C_SOURCE=200112L -D_XOPEN_SOURCE=600 -D_BSD_SOURCE -D_DEFAULT_SOURCE   -Wl,--gc-sections --sysroot=/opt/lede-toolchain-ramips-mt7621_gcc-5.4.0_musl-1.1.24.Linux-x86_64/toolchain-mipsel_24kc_gcc-5.4.0_musl-1.1.24 -lpthread  CMakeFiles/cmTC_046f9.dir/CheckIncludeFile.c.o  -o cmTC_046f9 
make[5]: Leaving directory '/repo/Pass_GPL/asuswrt/release/src/router/getdns/build/CMakeFiles/CMakeTmp'
make[4]: Leaving directory '/repo/Pass_GPL/asuswrt/release/src/router/getdns/build/CMakeFiles/CMakeTmp'


Determining if the include file unistd.h exists passed with the following output:
Change Dir: /repo/Pass_GPL/asuswrt/release/src/router/getdns/build/CMakeFiles/CMakeTmp

Run Build Command:"/usr/bin/make" "cmTC_f7b8b/fast"
make[4]: Entering directory '/repo/Pass_GPL/asuswrt/release/src/router/getdns/build/CMakeFiles/CMakeTmp'
/usr/bin/make -f CMakeFiles/cmTC_f7b8b.dir/build.make CMakeFiles/cmTC_f7b8b.dir/build
make[5]: Entering directory '/repo/Pass_GPL/asuswrt/release/src/router/getdns/build/CMakeFiles/CMakeTmp'
Building C object CMakeFiles/cmTC_f7b8b.dir/CheckIncludeFile.c.o
/opt/lede-toolchain-ramips-mt7621_gcc-5.4.0_musl-1.1.24.Linux-x86_64/toolchain-mipsel_24kc_gcc-5.4.0_musl-1.1.24/bin/mipsel-openwrt-linux-musl-gcc   -Os -DNDEBUG -ffunction-sections -fdata-sections -DLINUX26 -DCONFIG_RALINK -DMUSL_LIBC -DDEBUG_NOISY -DDEBUG_RCTEST -D_GNU_SOURCE -D__UAPI_DEF_ETHHDR -DRALINK_DBDC_MODE -pipe -funit-at-a-time -Wno-pointer-sign -mtune=mips32 -mips32 -DLINUX_KERNEL_VERSION=263366 --sysroot=/opt/lede-toolchain-ramips-mt7621_gcc-5.4.0_musl-1.1.24.Linux-x86_64/toolchain-mipsel_24kc_gcc-5.4.0_musl-1.1.24 -D_POSIX_C_SOURCE=200112L -D_XOPEN_SOURCE=600 -D_BSD_SOURCE -D_DEFAULT_SOURCE    -o CMakeFiles/cmTC_f7b8b.dir/CheckIncludeFile.c.o   -c /repo/Pass_GPL/asuswrt/release/src/router/getdns/build/CMakeFiles/CMakeTmp/CheckIncludeFile.c
Linking C executable cmTC_f7b8b
/usr/bin/cmake -E cmake_link_script CMakeFiles/cmTC_f7b8b.dir/link.txt --verbose=1
/opt/lede-toolchain-ramips-mt7621_gcc-5.4.0_musl-1.1.24.Linux-x86_64/toolchain-mipsel_24kc_gcc-5.4.0_musl-1.1.24/bin/mipsel-openwrt-linux-musl-gcc -Os -DNDEBUG -ffunction-sections -fdata-sections -DLINUX26 -DCONFIG_RALINK -DMUSL_LIBC -DDEBUG_NOISY -DDEBUG_RCTEST -D_GNU_SOURCE -D__UAPI_DEF_ETHHDR -DRALINK_DBDC_MODE -pipe -funit-at-a-time -Wno-pointer-sign -mtune=mips32 -mips32 -DLINUX_KERNEL_VERSION=263366 --sysroot=/opt/lede-toolchain-ramips-mt7621_gcc-5.4.0_musl-1.1.24.Linux-x86_64/toolchain-mipsel_24kc_gcc-5.4.0_musl-1.1.24 -D_POSIX_C_SOURCE=200112L -D_XOPEN_SOURCE=600 -D_BSD_SOURCE -D_DEFAULT_SOURCE   -Wl,--gc-sections --sysroot=/opt/lede-toolchain-ramips-mt7621_gcc-5.4.0_musl-1.1.24.Linux-x86_64/toolchain-mipsel_24kc_gcc-5.4.0_musl-1.1.24 -lpthread  CMakeFiles/cmTC_f7b8b.dir/CheckIncludeFile.c.o  -o cmTC_f7b8b 
make[5]: Leaving directory '/repo/Pass_GPL/asuswrt/release/src/router/getdns/build/CMakeFiles/CMakeTmp'
make[4]: Leaving directory '/repo/Pass_GPL/asuswrt/release/src/router/getdns/build/CMakeFiles/CMakeTmp'


Determining if the include file fcntl.h exists passed with the following output:
Change Dir: /repo/Pass_GPL/asuswrt/release/src/router/getdns/build/CMakeFiles/CMakeTmp

Run Build Command:"/usr/bin/make" "cmTC_2e150/fast"
make[4]: Entering directory '/repo/Pass_GPL/asuswrt/release/src/router/getdns/build/CMakeFiles/CMakeTmp'
/usr/bin/make -f CMakeFiles/cmTC_2e150.dir/build.make CMakeFiles/cmTC_2e150.dir/build
make[5]: Entering directory '/repo/Pass_GPL/asuswrt/release/src/router/getdns/build/CMakeFiles/CMakeTmp'
Building C object CMakeFiles/cmTC_2e150.dir/CheckIncludeFile.c.o
/opt/lede-toolchain-ramips-mt7621_gcc-5.4.0_musl-1.1.24.Linux-x86_64/toolchain-mipsel_24kc_gcc-5.4.0_musl-1.1.24/bin/mipsel-openwrt-linux-musl-gcc   -Os -DNDEBUG -ffunction-sections -fdata-sections -DLINUX26 -DCONFIG_RALINK -DMUSL_LIBC -DDEBUG_NOISY -DDEBUG_RCTEST -D_GNU_SOURCE -D__UAPI_DEF_ETHHDR -DRALINK_DBDC_MODE -pipe -funit-at-a-time -Wno-pointer-sign -mtune=mips32 -mips32 -DLINUX_KERNEL_VERSION=263366 --sysroot=/opt/lede-toolchain-ramips-mt7621_gcc-5.4.0_musl-1.1.24.Linux-x86_64/toolchain-mipsel_24kc_gcc-5.4.0_musl-1.1.24 -D_POSIX_C_SOURCE=200112L -D_XOPEN_SOURCE=600 -D_BSD_SOURCE -D_DEFAULT_SOURCE    -o CMakeFiles/cmTC_2e150.dir/CheckIncludeFile.c.o   -c /repo/Pass_GPL/asuswrt/release/src/router/getdns/build/CMakeFiles/CMakeTmp/CheckIncludeFile.c
Linking C executable cmTC_2e150
/usr/bin/cmake -E cmake_link_script CMakeFiles/cmTC_2e150.dir/link.txt --verbose=1
/opt/lede-toolchain-ramips-mt7621_gcc-5.4.0_musl-1.1.24.Linux-x86_64/toolchain-mipsel_24kc_gcc-5.4.0_musl-1.1.24/bin/mipsel-openwrt-linux-musl-gcc -Os -DNDEBUG -ffunction-sections -fdata-sections -DLINUX26 -DCONFIG_RALINK -DMUSL_LIBC -DDEBUG_NOISY -DDEBUG_RCTEST -D_GNU_SOURCE -D__UAPI_DEF_ETHHDR -DRALINK_DBDC_MODE -pipe -funit-at-a-time -Wno-pointer-sign -mtune=mips32 -mips32 -DLINUX_KERNEL_VERSION=263366 --sysroot=/opt/lede-toolchain-ramips-mt7621_gcc-5.4.0_musl-1.1.24.Linux-x86_64/toolchain-mipsel_24kc_gcc-5.4.0_musl-1.1.24 -D_POSIX_C_SOURCE=200112L -D_XOPEN_SOURCE=600 -D_BSD_SOURCE -D_DEFAULT_SOURCE   -Wl,--gc-sections --sysroot=/opt/lede-toolchain-ramips-mt7621_gcc-5.4.0_musl-1.1.24.Linux-x86_64/toolchain-mipsel_24kc_gcc-5.4.0_musl-1.1.24 -lpthread  CMakeFiles/cmTC_2e150.dir/CheckIncludeFile.c.o  -o cmTC_2e150 
make[5]: Leaving directory '/repo/Pass_GPL/asuswrt/release/src/router/getdns/build/CMakeFiles/CMakeTmp'
make[4]: Leaving directory '/repo/Pass_GPL/asuswrt/release/src/router/getdns/build/CMakeFiles/CMakeTmp'


Determining if the include file signal.h exists passed with the following output:
Change Dir: /repo/Pass_GPL/asuswrt/release/src/router/getdns/build/CMakeFiles/CMakeTmp

Run Build Command:"/usr/bin/make" "cmTC_977a9/fast"
make[4]: Entering directory '/repo/Pass_GPL/asuswrt/release/src/router/getdns/build/CMakeFiles/CMakeTmp'
/usr/bin/make -f CMakeFiles/cmTC_977a9.dir/build.make CMakeFiles/cmTC_977a9.dir/build
make[5]: Entering directory '/repo/Pass_GPL/asuswrt/release/src/router/getdns/build/CMakeFiles/CMakeTmp'
Building C object CMakeFiles/cmTC_977a9.dir/CheckIncludeFile.c.o
/opt/lede-toolchain-ramips-mt7621_gcc-5.4.0_musl-1.1.24.Linux-x86_64/toolchain-mipsel_24kc_gcc-5.4.0_musl-1.1.24/bin/mipsel-openwrt-linux-musl-gcc   -Os -DNDEBUG -ffunction-sections -fdata-sections -DLINUX26 -DCONFIG_RALINK -DMUSL_LIBC -DDEBUG_NOISY -DDEBUG_RCTEST -D_GNU_SOURCE -D__UAPI_DEF_ETHHDR -DRALINK_DBDC_MODE -pipe -funit-at-a-time -Wno-pointer-sign -mtune=mips32 -mips32 -DLINUX_KERNEL_VERSION=263366 --sysroot=/opt/lede-toolchain-ramips-mt7621_gcc-5.4.0_musl-1.1.24.Linux-x86_64/toolchain-mipsel_24kc_gcc-5.4.0_musl-1.1.24 -D_POSIX_C_SOURCE=200112L -D_XOPEN_SOURCE=600 -D_BSD_SOURCE -D_DEFAULT_SOURCE    -o CMakeFiles/cmTC_977a9.dir/CheckIncludeFile.c.o   -c /repo/Pass_GPL/asuswrt/release/src/router/getdns/build/CMakeFiles/CMakeTmp/CheckIncludeFile.c
Linking C executable cmTC_977a9
/usr/bin/cmake -E cmake_link_script CMakeFiles/cmTC_977a9.dir/link.txt --verbose=1
/opt/lede-toolchain-ramips-mt7621_gcc-5.4.0_musl-1.1.24.Linux-x86_64/toolchain-mipsel_24kc_gcc-5.4.0_musl-1.1.24/bin/mipsel-openwrt-linux-musl-gcc -Os -DNDEBUG -ffunction-sections -fdata-sections -DLINUX26 -DCONFIG_RALINK -DMUSL_LIBC -DDEBUG_NOISY -DDEBUG_RCTEST -D_GNU_SOURCE -D__UAPI_DEF_ETHHDR -DRALINK_DBDC_MODE -pipe -funit-at-a-time -Wno-pointer-sign -mtune=mips32 -mips32 -DLINUX_KERNEL_VERSION=263366 --sysroot=/opt/lede-toolchain-ramips-mt7621_gcc-5.4.0_musl-1.1.24.Linux-x86_64/toolchain-mipsel_24kc_gcc-5.4.0_musl-1.1.24 -D_POSIX_C_SOURCE=200112L -D_XOPEN_SOURCE=600 -D_BSD_SOURCE -D_DEFAULT_SOURCE   -Wl,--gc-sections --sysroot=/opt/lede-toolchain-ramips-mt7621_gcc-5.4.0_musl-1.1.24.Linux-x86_64/toolchain-mipsel_24kc_gcc-5.4.0_musl-1.1.24 -lpthread  CMakeFiles/cmTC_977a9.dir/CheckIncludeFile.c.o  -o cmTC_977a9 
make[5]: Leaving directory '/repo/Pass_GPL/asuswrt/release/src/router/getdns/build/CMakeFiles/CMakeTmp'
make[4]: Leaving directory '/repo/Pass_GPL/asuswrt/release/src/router/getdns/build/CMakeFiles/CMakeTmp'


Determining if the include file sys/poll.h exists passed with the following output:
Change Dir: /repo/Pass_GPL/asuswrt/release/src/router/getdns/build/CMakeFiles/CMakeTmp

Run Build Command:"/usr/bin/make" "cmTC_c29c1/fast"
make[4]: Entering directory '/repo/Pass_GPL/asuswrt/release/src/router/getdns/build/CMakeFiles/CMakeTmp'
/usr/bin/make -f CMakeFiles/cmTC_c29c1.dir/build.make CMakeFiles/cmTC_c29c1.dir/build
make[5]: Entering directory '/repo/Pass_GPL/asuswrt/release/src/router/getdns/build/CMakeFiles/CMakeTmp'
Building C object CMakeFiles/cmTC_c29c1.dir/CheckIncludeFile.c.o
/opt/lede-toolchain-ramips-mt7621_gcc-5.4.0_musl-1.1.24.Linux-x86_64/toolchain-mipsel_24kc_gcc-5.4.0_musl-1.1.24/bin/mipsel-openwrt-linux-musl-gcc   -Os -DNDEBUG -ffunction-sections -fdata-sections -DLINUX26 -DCONFIG_RALINK -DMUSL_LIBC -DDEBUG_NOISY -DDEBUG_RCTEST -D_GNU_SOURCE -D__UAPI_DEF_ETHHDR -DRALINK_DBDC_MODE -pipe -funit-at-a-time -Wno-pointer-sign -mtune=mips32 -mips32 -DLINUX_KERNEL_VERSION=263366 --sysroot=/opt/lede-toolchain-ramips-mt7621_gcc-5.4.0_musl-1.1.24.Linux-x86_64/toolchain-mipsel_24kc_gcc-5.4.0_musl-1.1.24 -D_POSIX_C_SOURCE=200112L -D_XOPEN_SOURCE=600 -D_BSD_SOURCE -D_DEFAULT_SOURCE    -o CMakeFiles/cmTC_c29c1.dir/CheckIncludeFile.c.o   -c /repo/Pass_GPL/asuswrt/release/src/router/getdns/build/CMakeFiles/CMakeTmp/CheckIncludeFile.c
In file included from /repo/Pass_GPL/asuswrt/release/src/router/getdns/build/CMakeFiles/CMakeTmp/CheckIncludeFile.c:1:0:
/opt/lede-toolchain-ramips-mt7621_gcc-5.4.0_musl-1.1.24.Linux-x86_64/toolchain-mipsel_24kc_gcc-5.4.0_musl-1.1.24/include/sys/poll.h:1:2: warning: #warning redirecting incorrect #include <sys/poll.h> to <poll.h> [-Wcpp]
 #warning redirecting incorrect #include <sys/poll.h> to <poll.h>
  ^
Linking C executable cmTC_c29c1
/usr/bin/cmake -E cmake_link_script CMakeFiles/cmTC_c29c1.dir/link.txt --verbose=1
/opt/lede-toolchain-ramips-mt7621_gcc-5.4.0_musl-1.1.24.Linux-x86_64/toolchain-mipsel_24kc_gcc-5.4.0_musl-1.1.24/bin/mipsel-openwrt-linux-musl-gcc -Os -DNDEBUG -ffunction-sections -fdata-sections -DLINUX26 -DCONFIG_RALINK -DMUSL_LIBC -DDEBUG_NOISY -DDEBUG_RCTEST -D_GNU_SOURCE -D__UAPI_DEF_ETHHDR -DRALINK_DBDC_MODE -pipe -funit-at-a-time -Wno-pointer-sign -mtune=mips32 -mips32 -DLINUX_KERNEL_VERSION=263366 --sysroot=/opt/lede-toolchain-ramips-mt7621_gcc-5.4.0_musl-1.1.24.Linux-x86_64/toolchain-mipsel_24kc_gcc-5.4.0_musl-1.1.24 -D_POSIX_C_SOURCE=200112L -D_XOPEN_SOURCE=600 -D_BSD_SOURCE -D_DEFAULT_SOURCE   -Wl,--gc-sections --sysroot=/opt/lede-toolchain-ramips-mt7621_gcc-5.4.0_musl-1.1.24.Linux-x86_64/toolchain-mipsel_24kc_gcc-5.4.0_musl-1.1.24 -lpthread  CMakeFiles/cmTC_c29c1.dir/CheckIncludeFile.c.o  -o cmTC_c29c1 
make[5]: Leaving directory '/repo/Pass_GPL/asuswrt/release/src/router/getdns/build/CMakeFiles/CMakeTmp'
make[4]: Leaving directory '/repo/Pass_GPL/asuswrt/release/src/router/getdns/build/CMakeFiles/CMakeTmp'


Determining if the include file poll.h exists passed with the following output:
Change Dir: /repo/Pass_GPL/asuswrt/release/src/router/getdns/build/CMakeFiles/CMakeTmp

Run Build Command:"/usr/bin/make" "cmTC_b4e60/fast"
make[4]: Entering directory '/repo/Pass_GPL/asuswrt/release/src/router/getdns/build/CMakeFiles/CMakeTmp'
/usr/bin/make -f CMakeFiles/cmTC_b4e60.dir/build.make CMakeFiles/cmTC_b4e60.dir/build
make[5]: Entering directory '/repo/Pass_GPL/asuswrt/release/src/router/getdns/build/CMakeFiles/CMakeTmp'
Building C object CMakeFiles/cmTC_b4e60.dir/CheckIncludeFile.c.o
/opt/lede-toolchain-ramips-mt7621_gcc-5.4.0_musl-1.1.24.Linux-x86_64/toolchain-mipsel_24kc_gcc-5.4.0_musl-1.1.24/bin/mipsel-openwrt-linux-musl-gcc   -Os -DNDEBUG -ffunction-sections -fdata-sections -DLINUX26 -DCONFIG_RALINK -DMUSL_LIBC -DDEBUG_NOISY -DDEBUG_RCTEST -D_GNU_SOURCE -D__UAPI_DEF_ETHHDR -DRALINK_DBDC_MODE -pipe -funit-at-a-time -Wno-pointer-sign -mtune=mips32 -mips32 -DLINUX_KERNEL_VERSION=263366 --sysroot=/opt/lede-toolchain-ramips-mt7621_gcc-5.4.0_musl-1.1.24.Linux-x86_64/toolchain-mipsel_24kc_gcc-5.4.0_musl-1.1.24 -D_POSIX_C_SOURCE=200112L -D_XOPEN_SOURCE=600 -D_BSD_SOURCE -D_DEFAULT_SOURCE    -o CMakeFiles/cmTC_b4e60.dir/CheckIncludeFile.c.o   -c /repo/Pass_GPL/asuswrt/release/src/router/getdns/build/CMakeFiles/CMakeTmp/CheckIncludeFile.c
Linking C executable cmTC_b4e60
/usr/bin/cmake -E cmake_link_script CMakeFiles/cmTC_b4e60.dir/link.txt --verbose=1
/opt/lede-toolchain-ramips-mt7621_gcc-5.4.0_musl-1.1.24.Linux-x86_64/toolchain-mipsel_24kc_gcc-5.4.0_musl-1.1.24/bin/mipsel-openwrt-linux-musl-gcc -Os -DNDEBUG -ffunction-sections -fdata-sections -DLINUX26 -DCONFIG_RALINK -DMUSL_LIBC -DDEBUG_NOISY -DDEBUG_RCTEST -D_GNU_SOURCE -D__UAPI_DEF_ETHHDR -DRALINK_DBDC_MODE -pipe -funit-at-a-time -Wno-pointer-sign -mtune=mips32 -mips32 -DLINUX_KERNEL_VERSION=263366 --sysroot=/opt/lede-toolchain-ramips-mt7621_gcc-5.4.0_musl-1.1.24.Linux-x86_64/toolchain-mipsel_24kc_gcc-5.4.0_musl-1.1.24 -D_POSIX_C_SOURCE=200112L -D_XOPEN_SOURCE=600 -D_BSD_SOURCE -D_DEFAULT_SOURCE   -Wl,--gc-sections --sysroot=/opt/lede-toolchain-ramips-mt7621_gcc-5.4.0_musl-1.1.24.Linux-x86_64/toolchain-mipsel_24kc_gcc-5.4.0_musl-1.1.24 -lpthread  CMakeFiles/cmTC_b4e60.dir/CheckIncludeFile.c.o  -o cmTC_b4e60 
make[5]: Leaving directory '/repo/Pass_GPL/asuswrt/release/src/router/getdns/build/CMakeFiles/CMakeTmp'
make[4]: Leaving directory '/repo/Pass_GPL/asuswrt/release/src/router/getdns/build/CMakeFiles/CMakeTmp'


Determining if the include file sys/stat.h exists passed with the following output:
Change Dir: /repo/Pass_GPL/asuswrt/release/src/router/getdns/build/CMakeFiles/CMakeTmp

Run Build Command:"/usr/bin/make" "cmTC_dd00c/fast"
make[4]: Entering directory '/repo/Pass_GPL/asuswrt/release/src/router/getdns/build/CMakeFiles/CMakeTmp'
/usr/bin/make -f CMakeFiles/cmTC_dd00c.dir/build.make CMakeFiles/cmTC_dd00c.dir/build
make[5]: Entering directory '/repo/Pass_GPL/asuswrt/release/src/router/getdns/build/CMakeFiles/CMakeTmp'
Building C object CMakeFiles/cmTC_dd00c.dir/CheckIncludeFile.c.o
/opt/lede-toolchain-ramips-mt7621_gcc-5.4.0_musl-1.1.24.Linux-x86_64/toolchain-mipsel_24kc_gcc-5.4.0_musl-1.1.24/bin/mipsel-openwrt-linux-musl-gcc   -Os -DNDEBUG -ffunction-sections -fdata-sections -DLINUX26 -DCONFIG_RALINK -DMUSL_LIBC -DDEBUG_NOISY -DDEBUG_RCTEST -D_GNU_SOURCE -D__UAPI_DEF_ETHHDR -DRALINK_DBDC_MODE -pipe -funit-at-a-time -Wno-pointer-sign -mtune=mips32 -mips32 -DLINUX_KERNEL_VERSION=263366 --sysroot=/opt/lede-toolchain-ramips-mt7621_gcc-5.4.0_musl-1.1.24.Linux-x86_64/toolchain-mipsel_24kc_gcc-5.4.0_musl-1.1.24 -D_POSIX_C_SOURCE=200112L -D_XOPEN_SOURCE=600 -D_BSD_SOURCE -D_DEFAULT_SOURCE    -o CMakeFiles/cmTC_dd00c.dir/CheckIncludeFile.c.o   -c /repo/Pass_GPL/asuswrt/release/src/router/getdns/build/CMakeFiles/CMakeTmp/CheckIncludeFile.c
Linking C executable cmTC_dd00c
/usr/bin/cmake -E cmake_link_script CMakeFiles/cmTC_dd00c.dir/link.txt --verbose=1
/opt/lede-toolchain-ramips-mt7621_gcc-5.4.0_musl-1.1.24.Linux-x86_64/toolchain-mipsel_24kc_gcc-5.4.0_musl-1.1.24/bin/mipsel-openwrt-linux-musl-gcc -Os -DNDEBUG -ffunction-sections -fdata-sections -DLINUX26 -DCONFIG_RALINK -DMUSL_LIBC -DDEBUG_NOISY -DDEBUG_RCTEST -D_GNU_SOURCE -D__UAPI_DEF_ETHHDR -DRALINK_DBDC_MODE -pipe -funit-at-a-time -Wno-pointer-sign -mtune=mips32 -mips32 -DLINUX_KERNEL_VERSION=263366 --sysroot=/opt/lede-toolchain-ramips-mt7621_gcc-5.4.0_musl-1.1.24.Linux-x86_64/toolchain-mipsel_24kc_gcc-5.4.0_musl-1.1.24 -D_POSIX_C_SOURCE=200112L -D_XOPEN_SOURCE=600 -D_BSD_SOURCE -D_DEFAULT_SOURCE   -Wl,--gc-sections --sysroot=/opt/lede-toolchain-ramips-mt7621_gcc-5.4.0_musl-1.1.24.Linux-x86_64/toolchain-mipsel_24kc_gcc-5.4.0_musl-1.1.24 -lpthread  CMakeFiles/cmTC_dd00c.dir/CheckIncludeFile.c.o  -o cmTC_dd00c 
make[5]: Leaving directory '/repo/Pass_GPL/asuswrt/release/src/router/getdns/build/CMakeFiles/CMakeTmp'
make[4]: Leaving directory '/repo/Pass_GPL/asuswrt/release/src/router/getdns/build/CMakeFiles/CMakeTmp'


Determining if the include file endian.h exists passed with the following output:
Change Dir: /repo/Pass_GPL/asuswrt/release/src/router/getdns/build/CMakeFiles/CMakeTmp

Run Build Command:"/usr/bin/make" "cmTC_3fc72/fast"
make[4]: Entering directory '/repo/Pass_GPL/asuswrt/release/src/router/getdns/build/CMakeFiles/CMakeTmp'
/usr/bin/make -f CMakeFiles/cmTC_3fc72.dir/build.make CMakeFiles/cmTC_3fc72.dir/build
make[5]: Entering directory '/repo/Pass_GPL/asuswrt/release/src/router/getdns/build/CMakeFiles/CMakeTmp'
Building C object CMakeFiles/cmTC_3fc72.dir/CheckIncludeFile.c.o
/opt/lede-toolchain-ramips-mt7621_gcc-5.4.0_musl-1.1.24.Linux-x86_64/toolchain-mipsel_24kc_gcc-5.4.0_musl-1.1.24/bin/mipsel-openwrt-linux-musl-gcc   -Os -DNDEBUG -ffunction-sections -fdata-sections -DLINUX26 -DCONFIG_RALINK -DMUSL_LIBC -DDEBUG_NOISY -DDEBUG_RCTEST -D_GNU_SOURCE -D__UAPI_DEF_ETHHDR -DRALINK_DBDC_MODE -pipe -funit-at-a-time -Wno-pointer-sign -mtune=mips32 -mips32 -DLINUX_KERNEL_VERSION=263366 --sysroot=/opt/lede-toolchain-ramips-mt7621_gcc-5.4.0_musl-1.1.24.Linux-x86_64/toolchain-mipsel_24kc_gcc-5.4.0_musl-1.1.24 -D_POSIX_C_SOURCE=200112L -D_XOPEN_SOURCE=600 -D_BSD_SOURCE -D_DEFAULT_SOURCE    -o CMakeFiles/cmTC_3fc72.dir/CheckIncludeFile.c.o   -c /repo/Pass_GPL/asuswrt/release/src/router/getdns/build/CMakeFiles/CMakeTmp/CheckIncludeFile.c
Linking C executable cmTC_3fc72
/usr/bin/cmake -E cmake_link_script CMakeFiles/cmTC_3fc72.dir/link.txt --verbose=1
/opt/lede-toolchain-ramips-mt7621_gcc-5.4.0_musl-1.1.24.Linux-x86_64/toolchain-mipsel_24kc_gcc-5.4.0_musl-1.1.24/bin/mipsel-openwrt-linux-musl-gcc -Os -DNDEBUG -ffunction-sections -fdata-sections -DLINUX26 -DCONFIG_RALINK -DMUSL_LIBC -DDEBUG_NOISY -DDEBUG_RCTEST -D_GNU_SOURCE -D__UAPI_DEF_ETHHDR -DRALINK_DBDC_MODE -pipe -funit-at-a-time -Wno-pointer-sign -mtune=mips32 -mips32 -DLINUX_KERNEL_VERSION=263366 --sysroot=/opt/lede-toolchain-ramips-mt7621_gcc-5.4.0_musl-1.1.24.Linux-x86_64/toolchain-mipsel_24kc_gcc-5.4.0_musl-1.1.24 -D_POSIX_C_SOURCE=200112L -D_XOPEN_SOURCE=600 -D_BSD_SOURCE -D_DEFAULT_SOURCE   -Wl,--gc-sections --sysroot=/opt/lede-toolchain-ramips-mt7621_gcc-5.4.0_musl-1.1.24.Linux-x86_64/toolchain-mipsel_24kc_gcc-5.4.0_musl-1.1.24 -lpthread  CMakeFiles/cmTC_3fc72.dir/CheckIncludeFile.c.o  -o cmTC_3fc72 
make[5]: Leaving directory '/repo/Pass_GPL/asuswrt/release/src/router/getdns/build/CMakeFiles/CMakeTmp'
make[4]: Leaving directory '/repo/Pass_GPL/asuswrt/release/src/router/getdns/build/CMakeFiles/CMakeTmp'


Determining if the include file netdb.h exists passed with the following output:
Change Dir: /repo/Pass_GPL/asuswrt/release/src/router/getdns/build/CMakeFiles/CMakeTmp

Run Build Command:"/usr/bin/make" "cmTC_421a3/fast"
make[4]: Entering directory '/repo/Pass_GPL/asuswrt/release/src/router/getdns/build/CMakeFiles/CMakeTmp'
/usr/bin/make -f CMakeFiles/cmTC_421a3.dir/build.make CMakeFiles/cmTC_421a3.dir/build
make[5]: Entering directory '/repo/Pass_GPL/asuswrt/release/src/router/getdns/build/CMakeFiles/CMakeTmp'
Building C object CMakeFiles/cmTC_421a3.dir/CheckIncludeFile.c.o
/opt/lede-toolchain-ramips-mt7621_gcc-5.4.0_musl-1.1.24.Linux-x86_64/toolchain-mipsel_24kc_gcc-5.4.0_musl-1.1.24/bin/mipsel-openwrt-linux-musl-gcc   -Os -DNDEBUG -ffunction-sections -fdata-sections -DLINUX26 -DCONFIG_RALINK -DMUSL_LIBC -DDEBUG_NOISY -DDEBUG_RCTEST -D_GNU_SOURCE -D__UAPI_DEF_ETHHDR -DRALINK_DBDC_MODE -pipe -funit-at-a-time -Wno-pointer-sign -mtune=mips32 -mips32 -DLINUX_KERNEL_VERSION=263366 --sysroot=/opt/lede-toolchain-ramips-mt7621_gcc-5.4.0_musl-1.1.24.Linux-x86_64/toolchain-mipsel_24kc_gcc-5.4.0_musl-1.1.24 -D_POSIX_C_SOURCE=200112L -D_XOPEN_SOURCE=600 -D_BSD_SOURCE -D_DEFAULT_SOURCE    -o CMakeFiles/cmTC_421a3.dir/CheckIncludeFile.c.o   -c /repo/Pass_GPL/asuswrt/release/src/router/getdns/build/CMakeFiles/CMakeTmp/CheckIncludeFile.c
Linking C executable cmTC_421a3
/usr/bin/cmake -E cmake_link_script CMakeFiles/cmTC_421a3.dir/link.txt --verbose=1
/opt/lede-toolchain-ramips-mt7621_gcc-5.4.0_musl-1.1.24.Linux-x86_64/toolchain-mipsel_24kc_gcc-5.4.0_musl-1.1.24/bin/mipsel-openwrt-linux-musl-gcc -Os -DNDEBUG -ffunction-sections -fdata-sections -DLINUX26 -DCONFIG_RALINK -DMUSL_LIBC -DDEBUG_NOISY -DDEBUG_RCTEST -D_GNU_SOURCE -D__UAPI_DEF_ETHHDR -DRALINK_DBDC_MODE -pipe -funit-at-a-time -Wno-pointer-sign -mtune=mips32 -mips32 -DLINUX_KERNEL_VERSION=263366 --sysroot=/opt/lede-toolchain-ramips-mt7621_gcc-5.4.0_musl-1.1.24.Linux-x86_64/toolchain-mipsel_24kc_gcc-5.4.0_musl-1.1.24 -D_POSIX_C_SOURCE=200112L -D_XOPEN_SOURCE=600 -D_BSD_SOURCE -D_DEFAULT_SOURCE   -Wl,--gc-sections --sysroot=/opt/lede-toolchain-ramips-mt7621_gcc-5.4.0_musl-1.1.24.Linux-x86_64/toolchain-mipsel_24kc_gcc-5.4.0_musl-1.1.24 -lpthread  CMakeFiles/cmTC_421a3.dir/CheckIncludeFile.c.o  -o cmTC_421a3 
make[5]: Leaving directory '/repo/Pass_GPL/asuswrt/release/src/router/getdns/build/CMakeFiles/CMakeTmp'
make[4]: Leaving directory '/repo/Pass_GPL/asuswrt/release/src/router/getdns/build/CMakeFiles/CMakeTmp'


Determining if the include file arpa/inet.h exists passed with the following output:
Change Dir: /repo/Pass_GPL/asuswrt/release/src/router/getdns/build/CMakeFiles/CMakeTmp

Run Build Command:"/usr/bin/make" "cmTC_85ea6/fast"
make[4]: Entering directory '/repo/Pass_GPL/asuswrt/release/src/router/getdns/build/CMakeFiles/CMakeTmp'
/usr/bin/make -f CMakeFiles/cmTC_85ea6.dir/build.make CMakeFiles/cmTC_85ea6.dir/build
make[5]: Entering directory '/repo/Pass_GPL/asuswrt/release/src/router/getdns/build/CMakeFiles/CMakeTmp'
Building C object CMakeFiles/cmTC_85ea6.dir/CheckIncludeFile.c.o
/opt/lede-toolchain-ramips-mt7621_gcc-5.4.0_musl-1.1.24.Linux-x86_64/toolchain-mipsel_24kc_gcc-5.4.0_musl-1.1.24/bin/mipsel-openwrt-linux-musl-gcc   -Os -DNDEBUG -ffunction-sections -fdata-sections -DLINUX26 -DCONFIG_RALINK -DMUSL_LIBC -DDEBUG_NOISY -DDEBUG_RCTEST -D_GNU_SOURCE -D__UAPI_DEF_ETHHDR -DRALINK_DBDC_MODE -pipe -funit-at-a-time -Wno-pointer-sign -mtune=mips32 -mips32 -DLINUX_KERNEL_VERSION=263366 --sysroot=/opt/lede-toolchain-ramips-mt7621_gcc-5.4.0_musl-1.1.24.Linux-x86_64/toolchain-mipsel_24kc_gcc-5.4.0_musl-1.1.24 -D_POSIX_C_SOURCE=200112L -D_XOPEN_SOURCE=600 -D_BSD_SOURCE -D_DEFAULT_SOURCE    -o CMakeFiles/cmTC_85ea6.dir/CheckIncludeFile.c.o   -c /repo/Pass_GPL/asuswrt/release/src/router/getdns/build/CMakeFiles/CMakeTmp/CheckIncludeFile.c
Linking C executable cmTC_85ea6
/usr/bin/cmake -E cmake_link_script CMakeFiles/cmTC_85ea6.dir/link.txt --verbose=1
/opt/lede-toolchain-ramips-mt7621_gcc-5.4.0_musl-1.1.24.Linux-x86_64/toolchain-mipsel_24kc_gcc-5.4.0_musl-1.1.24/bin/mipsel-openwrt-linux-musl-gcc -Os -DNDEBUG -ffunction-sections -fdata-sections -DLINUX26 -DCONFIG_RALINK -DMUSL_LIBC -DDEBUG_NOISY -DDEBUG_RCTEST -D_GNU_SOURCE -D__UAPI_DEF_ETHHDR -DRALINK_DBDC_MODE -pipe -funit-at-a-time -Wno-pointer-sign -mtune=mips32 -mips32 -DLINUX_KERNEL_VERSION=263366 --sysroot=/opt/lede-toolchain-ramips-mt7621_gcc-5.4.0_musl-1.1.24.Linux-x86_64/toolchain-mipsel_24kc_gcc-5.4.0_musl-1.1.24 -D_POSIX_C_SOURCE=200112L -D_XOPEN_SOURCE=600 -D_BSD_SOURCE -D_DEFAULT_SOURCE   -Wl,--gc-sections --sysroot=/opt/lede-toolchain-ramips-mt7621_gcc-5.4.0_musl-1.1.24.Linux-x86_64/toolchain-mipsel_24kc_gcc-5.4.0_musl-1.1.24 -lpthread  CMakeFiles/cmTC_85ea6.dir/CheckIncludeFile.c.o  -o cmTC_85ea6 
make[5]: Leaving directory '/repo/Pass_GPL/asuswrt/release/src/router/getdns/build/CMakeFiles/CMakeTmp'
make[4]: Leaving directory '/repo/Pass_GPL/asuswrt/release/src/router/getdns/build/CMakeFiles/CMakeTmp'


Determining if the include file netinet/in.h exists passed with the following output:
Change Dir: /repo/Pass_GPL/asuswrt/release/src/router/getdns/build/CMakeFiles/CMakeTmp

Run Build Command:"/usr/bin/make" "cmTC_2624a/fast"
make[4]: Entering directory '/repo/Pass_GPL/asuswrt/release/src/router/getdns/build/CMakeFiles/CMakeTmp'
/usr/bin/make -f CMakeFiles/cmTC_2624a.dir/build.make CMakeFiles/cmTC_2624a.dir/build
make[5]: Entering directory '/repo/Pass_GPL/asuswrt/release/src/router/getdns/build/CMakeFiles/CMakeTmp'
Building C object CMakeFiles/cmTC_2624a.dir/CheckIncludeFile.c.o
/opt/lede-toolchain-ramips-mt7621_gcc-5.4.0_musl-1.1.24.Linux-x86_64/toolchain-mipsel_24kc_gcc-5.4.0_musl-1.1.24/bin/mipsel-openwrt-linux-musl-gcc   -Os -DNDEBUG -ffunction-sections -fdata-sections -DLINUX26 -DCONFIG_RALINK -DMUSL_LIBC -DDEBUG_NOISY -DDEBUG_RCTEST -D_GNU_SOURCE -D__UAPI_DEF_ETHHDR -DRALINK_DBDC_MODE -pipe -funit-at-a-time -Wno-pointer-sign -mtune=mips32 -mips32 -DLINUX_KERNEL_VERSION=263366 --sysroot=/opt/lede-toolchain-ramips-mt7621_gcc-5.4.0_musl-1.1.24.Linux-x86_64/toolchain-mipsel_24kc_gcc-5.4.0_musl-1.1.24 -D_POSIX_C_SOURCE=200112L -D_XOPEN_SOURCE=600 -D_BSD_SOURCE -D_DEFAULT_SOURCE    -o CMakeFiles/cmTC_2624a.dir/CheckIncludeFile.c.o   -c /repo/Pass_GPL/asuswrt/release/src/router/getdns/build/CMakeFiles/CMakeTmp/CheckIncludeFile.c
Linking C executable cmTC_2624a
/usr/bin/cmake -E cmake_link_script CMakeFiles/cmTC_2624a.dir/link.txt --verbose=1
/opt/lede-toolchain-ramips-mt7621_gcc-5.4.0_musl-1.1.24.Linux-x86_64/toolchain-mipsel_24kc_gcc-5.4.0_musl-1.1.24/bin/mipsel-openwrt-linux-musl-gcc -Os -DNDEBUG -ffunction-sections -fdata-sections -DLINUX26 -DCONFIG_RALINK -DMUSL_LIBC -DDEBUG_NOISY -DDEBUG_RCTEST -D_GNU_SOURCE -D__UAPI_DEF_ETHHDR -DRALINK_DBDC_MODE -pipe -funit-at-a-time -Wno-pointer-sign -mtune=mips32 -mips32 -DLINUX_KERNEL_VERSION=263366 --sysroot=/opt/lede-toolchain-ramips-mt7621_gcc-5.4.0_musl-1.1.24.Linux-x86_64/toolchain-mipsel_24kc_gcc-5.4.0_musl-1.1.24 -D_POSIX_C_SOURCE=200112L -D_XOPEN_SOURCE=600 -D_BSD_SOURCE -D_DEFAULT_SOURCE   -Wl,--gc-sections --sysroot=/opt/lede-toolchain-ramips-mt7621_gcc-5.4.0_musl-1.1.24.Linux-x86_64/toolchain-mipsel_24kc_gcc-5.4.0_musl-1.1.24 -lpthread  CMakeFiles/cmTC_2624a.dir/CheckIncludeFile.c.o  -o cmTC_2624a 
make[5]: Leaving directory '/repo/Pass_GPL/asuswrt/release/src/router/getdns/build/CMakeFiles/CMakeTmp'
make[4]: Leaving directory '/repo/Pass_GPL/asuswrt/release/src/router/getdns/build/CMakeFiles/CMakeTmp'


Determining if the include file sys/select.h exists passed with the following output:
Change Dir: /repo/Pass_GPL/asuswrt/release/src/router/getdns/build/CMakeFiles/CMakeTmp

Run Build Command:"/usr/bin/make" "cmTC_04c35/fast"
make[4]: Entering directory '/repo/Pass_GPL/asuswrt/release/src/router/getdns/build/CMakeFiles/CMakeTmp'
/usr/bin/make -f CMakeFiles/cmTC_04c35.dir/build.make CMakeFiles/cmTC_04c35.dir/build
make[5]: Entering directory '/repo/Pass_GPL/asuswrt/release/src/router/getdns/build/CMakeFiles/CMakeTmp'
Building C object CMakeFiles/cmTC_04c35.dir/CheckIncludeFile.c.o
/opt/lede-toolchain-ramips-mt7621_gcc-5.4.0_musl-1.1.24.Linux-x86_64/toolchain-mipsel_24kc_gcc-5.4.0_musl-1.1.24/bin/mipsel-openwrt-linux-musl-gcc   -Os -DNDEBUG -ffunction-sections -fdata-sections -DLINUX26 -DCONFIG_RALINK -DMUSL_LIBC -DDEBUG_NOISY -DDEBUG_RCTEST -D_GNU_SOURCE -D__UAPI_DEF_ETHHDR -DRALINK_DBDC_MODE -pipe -funit-at-a-time -Wno-pointer-sign -mtune=mips32 -mips32 -DLINUX_KERNEL_VERSION=263366 --sysroot=/opt/lede-toolchain-ramips-mt7621_gcc-5.4.0_musl-1.1.24.Linux-x86_64/toolchain-mipsel_24kc_gcc-5.4.0_musl-1.1.24 -D_POSIX_C_SOURCE=200112L -D_XOPEN_SOURCE=600 -D_BSD_SOURCE -D_DEFAULT_SOURCE    -o CMakeFiles/cmTC_04c35.dir/CheckIncludeFile.c.o   -c /repo/Pass_GPL/asuswrt/release/src/router/getdns/build/CMakeFiles/CMakeTmp/CheckIncludeFile.c
Linking C executable cmTC_04c35
/usr/bin/cmake -E cmake_link_script CMakeFiles/cmTC_04c35.dir/link.txt --verbose=1
/opt/lede-toolchain-ramips-mt7621_gcc-5.4.0_musl-1.1.24.Linux-x86_64/toolchain-mipsel_24kc_gcc-5.4.0_musl-1.1.24/bin/mipsel-openwrt-linux-musl-gcc -Os -DNDEBUG -ffunction-sections -fdata-sections -DLINUX26 -DCONFIG_RALINK -DMUSL_LIBC -DDEBUG_NOISY -DDEBUG_RCTEST -D_GNU_SOURCE -D__UAPI_DEF_ETHHDR -DRALINK_DBDC_MODE -pipe -funit-at-a-time -Wno-pointer-sign -mtune=mips32 -mips32 -DLINUX_KERNEL_VERSION=263366 --sysroot=/opt/lede-toolchain-ramips-mt7621_gcc-5.4.0_musl-1.1.24.Linux-x86_64/toolchain-mipsel_24kc_gcc-5.4.0_musl-1.1.24 -D_POSIX_C_SOURCE=200112L -D_XOPEN_SOURCE=600 -D_BSD_SOURCE -D_DEFAULT_SOURCE   -Wl,--gc-sections --sysroot=/opt/lede-toolchain-ramips-mt7621_gcc-5.4.0_musl-1.1.24.Linux-x86_64/toolchain-mipsel_24kc_gcc-5.4.0_musl-1.1.24 -lpthread  CMakeFiles/cmTC_04c35.dir/CheckIncludeFile.c.o  -o cmTC_04c35 
make[5]: Leaving directory '/repo/Pass_GPL/asuswrt/release/src/router/getdns/build/CMakeFiles/CMakeTmp'
make[4]: Leaving directory '/repo/Pass_GPL/asuswrt/release/src/router/getdns/build/CMakeFiles/CMakeTmp'


Determining if the include file sys/socket.h exists passed with the following output:
Change Dir: /repo/Pass_GPL/asuswrt/release/src/router/getdns/build/CMakeFiles/CMakeTmp

Run Build Command:"/usr/bin/make" "cmTC_c8354/fast"
make[4]: Entering directory '/repo/Pass_GPL/asuswrt/release/src/router/getdns/build/CMakeFiles/CMakeTmp'
/usr/bin/make -f CMakeFiles/cmTC_c8354.dir/build.make CMakeFiles/cmTC_c8354.dir/build
make[5]: Entering directory '/repo/Pass_GPL/asuswrt/release/src/router/getdns/build/CMakeFiles/CMakeTmp'
Building C object CMakeFiles/cmTC_c8354.dir/CheckIncludeFile.c.o
/opt/lede-toolchain-ramips-mt7621_gcc-5.4.0_musl-1.1.24.Linux-x86_64/toolchain-mipsel_24kc_gcc-5.4.0_musl-1.1.24/bin/mipsel-openwrt-linux-musl-gcc   -Os -DNDEBUG -ffunction-sections -fdata-sections -DLINUX26 -DCONFIG_RALINK -DMUSL_LIBC -DDEBUG_NOISY -DDEBUG_RCTEST -D_GNU_SOURCE -D__UAPI_DEF_ETHHDR -DRALINK_DBDC_MODE -pipe -funit-at-a-time -Wno-pointer-sign -mtune=mips32 -mips32 -DLINUX_KERNEL_VERSION=263366 --sysroot=/opt/lede-toolchain-ramips-mt7621_gcc-5.4.0_musl-1.1.24.Linux-x86_64/toolchain-mipsel_24kc_gcc-5.4.0_musl-1.1.24 -D_POSIX_C_SOURCE=200112L -D_XOPEN_SOURCE=600 -D_BSD_SOURCE -D_DEFAULT_SOURCE    -o CMakeFiles/cmTC_c8354.dir/CheckIncludeFile.c.o   -c /repo/Pass_GPL/asuswrt/release/src/router/getdns/build/CMakeFiles/CMakeTmp/CheckIncludeFile.c
Linking C executable cmTC_c8354
/usr/bin/cmake -E cmake_link_script CMakeFiles/cmTC_c8354.dir/link.txt --verbose=1
/opt/lede-toolchain-ramips-mt7621_gcc-5.4.0_musl-1.1.24.Linux-x86_64/toolchain-mipsel_24kc_gcc-5.4.0_musl-1.1.24/bin/mipsel-openwrt-linux-musl-gcc -Os -DNDEBUG -ffunction-sections -fdata-sections -DLINUX26 -DCONFIG_RALINK -DMUSL_LIBC -DDEBUG_NOISY -DDEBUG_RCTEST -D_GNU_SOURCE -D__UAPI_DEF_ETHHDR -DRALINK_DBDC_MODE -pipe -funit-at-a-time -Wno-pointer-sign -mtune=mips32 -mips32 -DLINUX_KERNEL_VERSION=263366 --sysroot=/opt/lede-toolchain-ramips-mt7621_gcc-5.4.0_musl-1.1.24.Linux-x86_64/toolchain-mipsel_24kc_gcc-5.4.0_musl-1.1.24 -D_POSIX_C_SOURCE=200112L -D_XOPEN_SOURCE=600 -D_BSD_SOURCE -D_DEFAULT_SOURCE   -Wl,--gc-sections --sysroot=/opt/lede-toolchain-ramips-mt7621_gcc-5.4.0_musl-1.1.24.Linux-x86_64/toolchain-mipsel_24kc_gcc-5.4.0_musl-1.1.24 -lpthread  CMakeFiles/cmTC_c8354.dir/CheckIncludeFile.c.o  -o cmTC_c8354 
make[5]: Leaving directory '/repo/Pass_GPL/asuswrt/release/src/router/getdns/build/CMakeFiles/CMakeTmp'
make[4]: Leaving directory '/repo/Pass_GPL/asuswrt/release/src/router/getdns/build/CMakeFiles/CMakeTmp'


Determining if the include file sys/time.h exists passed with the following output:
Change Dir: /repo/Pass_GPL/asuswrt/release/src/router/getdns/build/CMakeFiles/CMakeTmp

Run Build Command:"/usr/bin/make" "cmTC_f49a2/fast"
make[4]: Entering directory '/repo/Pass_GPL/asuswrt/release/src/router/getdns/build/CMakeFiles/CMakeTmp'
/usr/bin/make -f CMakeFiles/cmTC_f49a2.dir/build.make CMakeFiles/cmTC_f49a2.dir/build
make[5]: Entering directory '/repo/Pass_GPL/asuswrt/release/src/router/getdns/build/CMakeFiles/CMakeTmp'
Building C object CMakeFiles/cmTC_f49a2.dir/CheckIncludeFile.c.o
/opt/lede-toolchain-ramips-mt7621_gcc-5.4.0_musl-1.1.24.Linux-x86_64/toolchain-mipsel_24kc_gcc-5.4.0_musl-1.1.24/bin/mipsel-openwrt-linux-musl-gcc   -Os -DNDEBUG -ffunction-sections -fdata-sections -DLINUX26 -DCONFIG_RALINK -DMUSL_LIBC -DDEBUG_NOISY -DDEBUG_RCTEST -D_GNU_SOURCE -D__UAPI_DEF_ETHHDR -DRALINK_DBDC_MODE -pipe -funit-at-a-time -Wno-pointer-sign -mtune=mips32 -mips32 -DLINUX_KERNEL_VERSION=263366 --sysroot=/opt/lede-toolchain-ramips-mt7621_gcc-5.4.0_musl-1.1.24.Linux-x86_64/toolchain-mipsel_24kc_gcc-5.4.0_musl-1.1.24 -D_POSIX_C_SOURCE=200112L -D_XOPEN_SOURCE=600 -D_BSD_SOURCE -D_DEFAULT_SOURCE    -o CMakeFiles/cmTC_f49a2.dir/CheckIncludeFile.c.o   -c /repo/Pass_GPL/asuswrt/release/src/router/getdns/build/CMakeFiles/CMakeTmp/CheckIncludeFile.c
Linking C executable cmTC_f49a2
/usr/bin/cmake -E cmake_link_script CMakeFiles/cmTC_f49a2.dir/link.txt --verbose=1
/opt/lede-toolchain-ramips-mt7621_gcc-5.4.0_musl-1.1.24.Linux-x86_64/toolchain-mipsel_24kc_gcc-5.4.0_musl-1.1.24/bin/mipsel-openwrt-linux-musl-gcc -Os -DNDEBUG -ffunction-sections -fdata-sections -DLINUX26 -DCONFIG_RALINK -DMUSL_LIBC -DDEBUG_NOISY -DDEBUG_RCTEST -D_GNU_SOURCE -D__UAPI_DEF_ETHHDR -DRALINK_DBDC_MODE -pipe -funit-at-a-time -Wno-pointer-sign -mtune=mips32 -mips32 -DLINUX_KERNEL_VERSION=263366 --sysroot=/opt/lede-toolchain-ramips-mt7621_gcc-5.4.0_musl-1.1.24.Linux-x86_64/toolchain-mipsel_24kc_gcc-5.4.0_musl-1.1.24 -D_POSIX_C_SOURCE=200112L -D_XOPEN_SOURCE=600 -D_BSD_SOURCE -D_DEFAULT_SOURCE   -Wl,--gc-sections --sysroot=/opt/lede-toolchain-ramips-mt7621_gcc-5.4.0_musl-1.1.24.Linux-x86_64/toolchain-mipsel_24kc_gcc-5.4.0_musl-1.1.24 -lpthread  CMakeFiles/cmTC_f49a2.dir/CheckIncludeFile.c.o  -o cmTC_f49a2 
make[5]: Leaving directory '/repo/Pass_GPL/asuswrt/release/src/router/getdns/build/CMakeFiles/CMakeTmp'
make[4]: Leaving directory '/repo/Pass_GPL/asuswrt/release/src/router/getdns/build/CMakeFiles/CMakeTmp'


Determining if the include file sys/wait.h exists passed with the following output:
Change Dir: /repo/Pass_GPL/asuswrt/release/src/router/getdns/build/CMakeFiles/CMakeTmp

Run Build Command:"/usr/bin/make" "cmTC_f6a35/fast"
make[4]: Entering directory '/repo/Pass_GPL/asuswrt/release/src/router/getdns/build/CMakeFiles/CMakeTmp'
/usr/bin/make -f CMakeFiles/cmTC_f6a35.dir/build.make CMakeFiles/cmTC_f6a35.dir/build
make[5]: Entering directory '/repo/Pass_GPL/asuswrt/release/src/router/getdns/build/CMakeFiles/CMakeTmp'
Building C object CMakeFiles/cmTC_f6a35.dir/CheckIncludeFile.c.o
/opt/lede-toolchain-ramips-mt7621_gcc-5.4.0_musl-1.1.24.Linux-x86_64/toolchain-mipsel_24kc_gcc-5.4.0_musl-1.1.24/bin/mipsel-openwrt-linux-musl-gcc   -Os -DNDEBUG -ffunction-sections -fdata-sections -DLINUX26 -DCONFIG_RALINK -DMUSL_LIBC -DDEBUG_NOISY -DDEBUG_RCTEST -D_GNU_SOURCE -D__UAPI_DEF_ETHHDR -DRALINK_DBDC_MODE -pipe -funit-at-a-time -Wno-pointer-sign -mtune=mips32 -mips32 -DLINUX_KERNEL_VERSION=263366 --sysroot=/opt/lede-toolchain-ramips-mt7621_gcc-5.4.0_musl-1.1.24.Linux-x86_64/toolchain-mipsel_24kc_gcc-5.4.0_musl-1.1.24 -D_POSIX_C_SOURCE=200112L -D_XOPEN_SOURCE=600 -D_BSD_SOURCE -D_DEFAULT_SOURCE    -o CMakeFiles/cmTC_f6a35.dir/CheckIncludeFile.c.o   -c /repo/Pass_GPL/asuswrt/release/src/router/getdns/build/CMakeFiles/CMakeTmp/CheckIncludeFile.c
Linking C executable cmTC_f6a35
/usr/bin/cmake -E cmake_link_script CMakeFiles/cmTC_f6a35.dir/link.txt --verbose=1
/opt/lede-toolchain-ramips-mt7621_gcc-5.4.0_musl-1.1.24.Linux-x86_64/toolchain-mipsel_24kc_gcc-5.4.0_musl-1.1.24/bin/mipsel-openwrt-linux-musl-gcc -Os -DNDEBUG -ffunction-sections -fdata-sections -DLINUX26 -DCONFIG_RALINK -DMUSL_LIBC -DDEBUG_NOISY -DDEBUG_RCTEST -D_GNU_SOURCE -D__UAPI_DEF_ETHHDR -DRALINK_DBDC_MODE -pipe -funit-at-a-time -Wno-pointer-sign -mtune=mips32 -mips32 -DLINUX_KERNEL_VERSION=263366 --sysroot=/opt/lede-toolchain-ramips-mt7621_gcc-5.4.0_musl-1.1.24.Linux-x86_64/toolchain-mipsel_24kc_gcc-5.4.0_musl-1.1.24 -D_POSIX_C_SOURCE=200112L -D_XOPEN_SOURCE=600 -D_BSD_SOURCE -D_DEFAULT_SOURCE   -Wl,--gc-sections --sysroot=/opt/lede-toolchain-ramips-mt7621_gcc-5.4.0_musl-1.1.24.Linux-x86_64/toolchain-mipsel_24kc_gcc-5.4.0_musl-1.1.24 -lpthread  CMakeFiles/cmTC_f6a35.dir/CheckIncludeFile.c.o  -o cmTC_f6a35 
make[5]: Leaving directory '/repo/Pass_GPL/asuswrt/release/src/router/getdns/build/CMakeFiles/CMakeTmp'
make[4]: Leaving directory '/repo/Pass_GPL/asuswrt/release/src/router/getdns/build/CMakeFiles/CMakeTmp'


Determining if the getentropy exist passed with the following output:
Change Dir: /repo/Pass_GPL/asuswrt/release/src/router/getdns/build/CMakeFiles/CMakeTmp

Run Build Command:"/usr/bin/make" "cmTC_ec8f2/fast"
make[4]: Entering directory '/repo/Pass_GPL/asuswrt/release/src/router/getdns/build/CMakeFiles/CMakeTmp'
/usr/bin/make -f CMakeFiles/cmTC_ec8f2.dir/build.make CMakeFiles/cmTC_ec8f2.dir/build
make[5]: Entering directory '/repo/Pass_GPL/asuswrt/release/src/router/getdns/build/CMakeFiles/CMakeTmp'
Building C object CMakeFiles/cmTC_ec8f2.dir/CheckSymbolExists.c.o
/opt/lede-toolchain-ramips-mt7621_gcc-5.4.0_musl-1.1.24.Linux-x86_64/toolchain-mipsel_24kc_gcc-5.4.0_musl-1.1.24/bin/mipsel-openwrt-linux-musl-gcc   -Os -DNDEBUG -ffunction-sections -fdata-sections -DLINUX26 -DCONFIG_RALINK -DMUSL_LIBC -DDEBUG_NOISY -DDEBUG_RCTEST -D_GNU_SOURCE -D__UAPI_DEF_ETHHDR -DRALINK_DBDC_MODE -pipe -funit-at-a-time -Wno-pointer-sign -mtune=mips32 -mips32 -DLINUX_KERNEL_VERSION=263366 --sysroot=/opt/lede-toolchain-ramips-mt7621_gcc-5.4.0_musl-1.1.24.Linux-x86_64/toolchain-mipsel_24kc_gcc-5.4.0_musl-1.1.24 -D_POSIX_C_SOURCE=200112L -D_XOPEN_SOURCE=600 -D_BSD_SOURCE -D_DEFAULT_SOURCE    -o CMakeFiles/cmTC_ec8f2.dir/CheckSymbolExists.c.o   -c /repo/Pass_GPL/asuswrt/release/src/router/getdns/build/CMakeFiles/CMakeTmp/CheckSymbolExists.c
Linking C executable cmTC_ec8f2
/usr/bin/cmake -E cmake_link_script CMakeFiles/cmTC_ec8f2.dir/link.txt --verbose=1
/opt/lede-toolchain-ramips-mt7621_gcc-5.4.0_musl-1.1.24.Linux-x86_64/toolchain-mipsel_24kc_gcc-5.4.0_musl-1.1.24/bin/mipsel-openwrt-linux-musl-gcc -Os -DNDEBUG -ffunction-sections -fdata-sections -DLINUX26 -DCONFIG_RALINK -DMUSL_LIBC -DDEBUG_NOISY -DDEBUG_RCTEST -D_GNU_SOURCE -D__UAPI_DEF_ETHHDR -DRALINK_DBDC_MODE -pipe -funit-at-a-time -Wno-pointer-sign -mtune=mips32 -mips32 -DLINUX_KERNEL_VERSION=263366 --sysroot=/opt/lede-toolchain-ramips-mt7621_gcc-5.4.0_musl-1.1.24.Linux-x86_64/toolchain-mipsel_24kc_gcc-5.4.0_musl-1.1.24 -D_POSIX_C_SOURCE=200112L -D_XOPEN_SOURCE=600 -D_BSD_SOURCE -D_DEFAULT_SOURCE   -Wl,--gc-sections --sysroot=/opt/lede-toolchain-ramips-mt7621_gcc-5.4.0_musl-1.1.24.Linux-x86_64/toolchain-mipsel_24kc_gcc-5.4.0_musl-1.1.24 -lpthread  CMakeFiles/cmTC_ec8f2.dir/CheckSymbolExists.c.o  -o cmTC_ec8f2 
make[5]: Leaving directory '/repo/Pass_GPL/asuswrt/release/src/router/getdns/build/CMakeFiles/CMakeTmp'
make[4]: Leaving directory '/repo/Pass_GPL/asuswrt/release/src/router/getdns/build/CMakeFiles/CMakeTmp'

File /repo/Pass_GPL/asuswrt/release/src/router/getdns/build/CMakeFiles/CMakeTmp/CheckSymbolExists.c:
/* */
#include <unistd.h>

int main(int argc, char** argv)
{
  (void)argv;
#ifndef getentropy
  return ((int*)(&getentropy))[argc];
#else
  (void)argc;
  return 0;
#endif
}

Determining if the inet_pton exist passed with the following output:
Change Dir: /repo/Pass_GPL/asuswrt/release/src/router/getdns/build/CMakeFiles/CMakeTmp

Run Build Command:"/usr/bin/make" "cmTC_4c071/fast"
make[4]: Entering directory '/repo/Pass_GPL/asuswrt/release/src/router/getdns/build/CMakeFiles/CMakeTmp'
/usr/bin/make -f CMakeFiles/cmTC_4c071.dir/build.make CMakeFiles/cmTC_4c071.dir/build
make[5]: Entering directory '/repo/Pass_GPL/asuswrt/release/src/router/getdns/build/CMakeFiles/CMakeTmp'
Building C object CMakeFiles/cmTC_4c071.dir/CheckSymbolExists.c.o
/opt/lede-toolchain-ramips-mt7621_gcc-5.4.0_musl-1.1.24.Linux-x86_64/toolchain-mipsel_24kc_gcc-5.4.0_musl-1.1.24/bin/mipsel-openwrt-linux-musl-gcc   -Os -DNDEBUG -ffunction-sections -fdata-sections -DLINUX26 -DCONFIG_RALINK -DMUSL_LIBC -DDEBUG_NOISY -DDEBUG_RCTEST -D_GNU_SOURCE -D__UAPI_DEF_ETHHDR -DRALINK_DBDC_MODE -pipe -funit-at-a-time -Wno-pointer-sign -mtune=mips32 -mips32 -DLINUX_KERNEL_VERSION=263366 --sysroot=/opt/lede-toolchain-ramips-mt7621_gcc-5.4.0_musl-1.1.24.Linux-x86_64/toolchain-mipsel_24kc_gcc-5.4.0_musl-1.1.24 -D_POSIX_C_SOURCE=200112L -D_XOPEN_SOURCE=600 -D_BSD_SOURCE -D_DEFAULT_SOURCE    -o CMakeFiles/cmTC_4c071.dir/CheckSymbolExists.c.o   -c /repo/Pass_GPL/asuswrt/release/src/router/getdns/build/CMakeFiles/CMakeTmp/CheckSymbolExists.c
Linking C executable cmTC_4c071
/usr/bin/cmake -E cmake_link_script CMakeFiles/cmTC_4c071.dir/link.txt --verbose=1
/opt/lede-toolchain-ramips-mt7621_gcc-5.4.0_musl-1.1.24.Linux-x86_64/toolchain-mipsel_24kc_gcc-5.4.0_musl-1.1.24/bin/mipsel-openwrt-linux-musl-gcc -Os -DNDEBUG -ffunction-sections -fdata-sections -DLINUX26 -DCONFIG_RALINK -DMUSL_LIBC -DDEBUG_NOISY -DDEBUG_RCTEST -D_GNU_SOURCE -D__UAPI_DEF_ETHHDR -DRALINK_DBDC_MODE -pipe -funit-at-a-time -Wno-pointer-sign -mtune=mips32 -mips32 -DLINUX_KERNEL_VERSION=263366 --sysroot=/opt/lede-toolchain-ramips-mt7621_gcc-5.4.0_musl-1.1.24.Linux-x86_64/toolchain-mipsel_24kc_gcc-5.4.0_musl-1.1.24 -D_POSIX_C_SOURCE=200112L -D_XOPEN_SOURCE=600 -D_BSD_SOURCE -D_DEFAULT_SOURCE   -Wl,--gc-sections --sysroot=/opt/lede-toolchain-ramips-mt7621_gcc-5.4.0_musl-1.1.24.Linux-x86_64/toolchain-mipsel_24kc_gcc-5.4.0_musl-1.1.24 -lpthread  CMakeFiles/cmTC_4c071.dir/CheckSymbolExists.c.o  -o cmTC_4c071 
make[5]: Leaving directory '/repo/Pass_GPL/asuswrt/release/src/router/getdns/build/CMakeFiles/CMakeTmp'
make[4]: Leaving directory '/repo/Pass_GPL/asuswrt/release/src/router/getdns/build/CMakeFiles/CMakeTmp'

File /repo/Pass_GPL/asuswrt/release/src/router/getdns/build/CMakeFiles/CMakeTmp/CheckSymbolExists.c:
/* */
#include <arpa/inet.h>

int main(int argc, char** argv)
{
  (void)argv;
#ifndef inet_pton
  return ((int*)(&inet_pton))[argc];
#else
  (void)argc;
  return 0;
#endif
}

Determining if the inet_ntop exist passed with the following output:
Change Dir: /repo/Pass_GPL/asuswrt/release/src/router/getdns/build/CMakeFiles/CMakeTmp

Run Build Command:"/usr/bin/make" "cmTC_5e3ff/fast"
make[4]: Entering directory '/repo/Pass_GPL/asuswrt/release/src/router/getdns/build/CMakeFiles/CMakeTmp'
/usr/bin/make -f CMakeFiles/cmTC_5e3ff.dir/build.make CMakeFiles/cmTC_5e3ff.dir/build
make[5]: Entering directory '/repo/Pass_GPL/asuswrt/release/src/router/getdns/build/CMakeFiles/CMakeTmp'
Building C object CMakeFiles/cmTC_5e3ff.dir/CheckSymbolExists.c.o
/opt/lede-toolchain-ramips-mt7621_gcc-5.4.0_musl-1.1.24.Linux-x86_64/toolchain-mipsel_24kc_gcc-5.4.0_musl-1.1.24/bin/mipsel-openwrt-linux-musl-gcc   -Os -DNDEBUG -ffunction-sections -fdata-sections -DLINUX26 -DCONFIG_RALINK -DMUSL_LIBC -DDEBUG_NOISY -DDEBUG_RCTEST -D_GNU_SOURCE -D__UAPI_DEF_ETHHDR -DRALINK_DBDC_MODE -pipe -funit-at-a-time -Wno-pointer-sign -mtune=mips32 -mips32 -DLINUX_KERNEL_VERSION=263366 --sysroot=/opt/lede-toolchain-ramips-mt7621_gcc-5.4.0_musl-1.1.24.Linux-x86_64/toolchain-mipsel_24kc_gcc-5.4.0_musl-1.1.24 -D_POSIX_C_SOURCE=200112L -D_XOPEN_SOURCE=600 -D_BSD_SOURCE -D_DEFAULT_SOURCE    -o CMakeFiles/cmTC_5e3ff.dir/CheckSymbolExists.c.o   -c /repo/Pass_GPL/asuswrt/release/src/router/getdns/build/CMakeFiles/CMakeTmp/CheckSymbolExists.c
Linking C executable cmTC_5e3ff
/usr/bin/cmake -E cmake_link_script CMakeFiles/cmTC_5e3ff.dir/link.txt --verbose=1
/opt/lede-toolchain-ramips-mt7621_gcc-5.4.0_musl-1.1.24.Linux-x86_64/toolchain-mipsel_24kc_gcc-5.4.0_musl-1.1.24/bin/mipsel-openwrt-linux-musl-gcc -Os -DNDEBUG -ffunction-sections -fdata-sections -DLINUX26 -DCONFIG_RALINK -DMUSL_LIBC -DDEBUG_NOISY -DDEBUG_RCTEST -D_GNU_SOURCE -D__UAPI_DEF_ETHHDR -DRALINK_DBDC_MODE -pipe -funit-at-a-time -Wno-pointer-sign -mtune=mips32 -mips32 -DLINUX_KERNEL_VERSION=263366 --sysroot=/opt/lede-toolchain-ramips-mt7621_gcc-5.4.0_musl-1.1.24.Linux-x86_64/toolchain-mipsel_24kc_gcc-5.4.0_musl-1.1.24 -D_POSIX_C_SOURCE=200112L -D_XOPEN_SOURCE=600 -D_BSD_SOURCE -D_DEFAULT_SOURCE   -Wl,--gc-sections --sysroot=/opt/lede-toolchain-ramips-mt7621_gcc-5.4.0_musl-1.1.24.Linux-x86_64/toolchain-mipsel_24kc_gcc-5.4.0_musl-1.1.24 -lpthread  CMakeFiles/cmTC_5e3ff.dir/CheckSymbolExists.c.o  -o cmTC_5e3ff 
make[5]: Leaving directory '/repo/Pass_GPL/asuswrt/release/src/router/getdns/build/CMakeFiles/CMakeTmp'
make[4]: Leaving directory '/repo/Pass_GPL/asuswrt/release/src/router/getdns/build/CMakeFiles/CMakeTmp'

File /repo/Pass_GPL/asuswrt/release/src/router/getdns/build/CMakeFiles/CMakeTmp/CheckSymbolExists.c:
/* */
#include <arpa/inet.h>

int main(int argc, char** argv)
{
  (void)argv;
#ifndef inet_ntop
  return ((int*)(&inet_ntop))[argc];
#else
  (void)argc;
  return 0;
#endif
}

Determining if the mkstemp exist passed with the following output:
Change Dir: /repo/Pass_GPL/asuswrt/release/src/router/getdns/build/CMakeFiles/CMakeTmp

Run Build Command:"/usr/bin/make" "cmTC_8acc8/fast"
make[4]: Entering directory '/repo/Pass_GPL/asuswrt/release/src/router/getdns/build/CMakeFiles/CMakeTmp'
/usr/bin/make -f CMakeFiles/cmTC_8acc8.dir/build.make CMakeFiles/cmTC_8acc8.dir/build
make[5]: Entering directory '/repo/Pass_GPL/asuswrt/release/src/router/getdns/build/CMakeFiles/CMakeTmp'
Building C object CMakeFiles/cmTC_8acc8.dir/CheckSymbolExists.c.o
/opt/lede-toolchain-ramips-mt7621_gcc-5.4.0_musl-1.1.24.Linux-x86_64/toolchain-mipsel_24kc_gcc-5.4.0_musl-1.1.24/bin/mipsel-openwrt-linux-musl-gcc   -Os -DNDEBUG -ffunction-sections -fdata-sections -DLINUX26 -DCONFIG_RALINK -DMUSL_LIBC -DDEBUG_NOISY -DDEBUG_RCTEST -D_GNU_SOURCE -D__UAPI_DEF_ETHHDR -DRALINK_DBDC_MODE -pipe -funit-at-a-time -Wno-pointer-sign -mtune=mips32 -mips32 -DLINUX_KERNEL_VERSION=263366 --sysroot=/opt/lede-toolchain-ramips-mt7621_gcc-5.4.0_musl-1.1.24.Linux-x86_64/toolchain-mipsel_24kc_gcc-5.4.0_musl-1.1.24 -D_POSIX_C_SOURCE=200112L -D_XOPEN_SOURCE=600 -D_BSD_SOURCE -D_DEFAULT_SOURCE    -o CMakeFiles/cmTC_8acc8.dir/CheckSymbolExists.c.o   -c /repo/Pass_GPL/asuswrt/release/src/router/getdns/build/CMakeFiles/CMakeTmp/CheckSymbolExists.c
Linking C executable cmTC_8acc8
/usr/bin/cmake -E cmake_link_script CMakeFiles/cmTC_8acc8.dir/link.txt --verbose=1
/opt/lede-toolchain-ramips-mt7621_gcc-5.4.0_musl-1.1.24.Linux-x86_64/toolchain-mipsel_24kc_gcc-5.4.0_musl-1.1.24/bin/mipsel-openwrt-linux-musl-gcc -Os -DNDEBUG -ffunction-sections -fdata-sections -DLINUX26 -DCONFIG_RALINK -DMUSL_LIBC -DDEBUG_NOISY -DDEBUG_RCTEST -D_GNU_SOURCE -D__UAPI_DEF_ETHHDR -DRALINK_DBDC_MODE -pipe -funit-at-a-time -Wno-pointer-sign -mtune=mips32 -mips32 -DLINUX_KERNEL_VERSION=263366 --sysroot=/opt/lede-toolchain-ramips-mt7621_gcc-5.4.0_musl-1.1.24.Linux-x86_64/toolchain-mipsel_24kc_gcc-5.4.0_musl-1.1.24 -D_POSIX_C_SOURCE=200112L -D_XOPEN_SOURCE=600 -D_BSD_SOURCE -D_DEFAULT_SOURCE   -Wl,--gc-sections --sysroot=/opt/lede-toolchain-ramips-mt7621_gcc-5.4.0_musl-1.1.24.Linux-x86_64/toolchain-mipsel_24kc_gcc-5.4.0_musl-1.1.24 -lpthread  CMakeFiles/cmTC_8acc8.dir/CheckSymbolExists.c.o  -o cmTC_8acc8 
make[5]: Leaving directory '/repo/Pass_GPL/asuswrt/release/src/router/getdns/build/CMakeFiles/CMakeTmp'
make[4]: Leaving directory '/repo/Pass_GPL/asuswrt/release/src/router/getdns/build/CMakeFiles/CMakeTmp'

File /repo/Pass_GPL/asuswrt/release/src/router/getdns/build/CMakeFiles/CMakeTmp/CheckSymbolExists.c:
/* */
#include <stdlib.h>

int main(int argc, char** argv)
{
  (void)argv;
#ifndef mkstemp
  return ((int*)(&mkstemp))[argc];
#else
  (void)argc;
  return 0;
#endif
}

Determining if the sigemptyset exist passed with the following output:
Change Dir: /repo/Pass_GPL/asuswrt/release/src/router/getdns/build/CMakeFiles/CMakeTmp

Run Build Command:"/usr/bin/make" "cmTC_71ba1/fast"
make[4]: Entering directory '/repo/Pass_GPL/asuswrt/release/src/router/getdns/build/CMakeFiles/CMakeTmp'
/usr/bin/make -f CMakeFiles/cmTC_71ba1.dir/build.make CMakeFiles/cmTC_71ba1.dir/build
make[5]: Entering directory '/repo/Pass_GPL/asuswrt/release/src/router/getdns/build/CMakeFiles/CMakeTmp'
Building C object CMakeFiles/cmTC_71ba1.dir/CheckSymbolExists.c.o
/opt/lede-toolchain-ramips-mt7621_gcc-5.4.0_musl-1.1.24.Linux-x86_64/toolchain-mipsel_24kc_gcc-5.4.0_musl-1.1.24/bin/mipsel-openwrt-linux-musl-gcc   -Os -DNDEBUG -ffunction-sections -fdata-sections -DLINUX26 -DCONFIG_RALINK -DMUSL_LIBC -DDEBUG_NOISY -DDEBUG_RCTEST -D_GNU_SOURCE -D__UAPI_DEF_ETHHDR -DRALINK_DBDC_MODE -pipe -funit-at-a-time -Wno-pointer-sign -mtune=mips32 -mips32 -DLINUX_KERNEL_VERSION=263366 --sysroot=/opt/lede-toolchain-ramips-mt7621_gcc-5.4.0_musl-1.1.24.Linux-x86_64/toolchain-mipsel_24kc_gcc-5.4.0_musl-1.1.24 -D_POSIX_C_SOURCE=200112L -D_XOPEN_SOURCE=600 -D_BSD_SOURCE -D_DEFAULT_SOURCE    -o CMakeFiles/cmTC_71ba1.dir/CheckSymbolExists.c.o   -c /repo/Pass_GPL/asuswrt/release/src/router/getdns/build/CMakeFiles/CMakeTmp/CheckSymbolExists.c
Linking C executable cmTC_71ba1
/usr/bin/cmake -E cmake_link_script CMakeFiles/cmTC_71ba1.dir/link.txt --verbose=1
/opt/lede-toolchain-ramips-mt7621_gcc-5.4.0_musl-1.1.24.Linux-x86_64/toolchain-mipsel_24kc_gcc-5.4.0_musl-1.1.24/bin/mipsel-openwrt-linux-musl-gcc -Os -DNDEBUG -ffunction-sections -fdata-sections -DLINUX26 -DCONFIG_RALINK -DMUSL_LIBC -DDEBUG_NOISY -DDEBUG_RCTEST -D_GNU_SOURCE -D__UAPI_DEF_ETHHDR -DRALINK_DBDC_MODE -pipe -funit-at-a-time -Wno-pointer-sign -mtune=mips32 -mips32 -DLINUX_KERNEL_VERSION=263366 --sysroot=/opt/lede-toolchain-ramips-mt7621_gcc-5.4.0_musl-1.1.24.Linux-x86_64/toolchain-mipsel_24kc_gcc-5.4.0_musl-1.1.24 -D_POSIX_C_SOURCE=200112L -D_XOPEN_SOURCE=600 -D_BSD_SOURCE -D_DEFAULT_SOURCE   -Wl,--gc-sections --sysroot=/opt/lede-toolchain-ramips-mt7621_gcc-5.4.0_musl-1.1.24.Linux-x86_64/toolchain-mipsel_24kc_gcc-5.4.0_musl-1.1.24 -lpthread  CMakeFiles/cmTC_71ba1.dir/CheckSymbolExists.c.o  -o cmTC_71ba1 
make[5]: Leaving directory '/repo/Pass_GPL/asuswrt/release/src/router/getdns/build/CMakeFiles/CMakeTmp'
make[4]: Leaving directory '/repo/Pass_GPL/asuswrt/release/src/router/getdns/build/CMakeFiles/CMakeTmp'

File /repo/Pass_GPL/asuswrt/release/src/router/getdns/build/CMakeFiles/CMakeTmp/CheckSymbolExists.c:
/* */
#include <signal.h>

int main(int argc, char** argv)
{
  (void)argv;
#ifndef sigemptyset
  return ((int*)(&sigemptyset))[argc];
#else
  (void)argc;
  return 0;
#endif
}

Determining if the sigfillset exist passed with the following output:
Change Dir: /repo/Pass_GPL/asuswrt/release/src/router/getdns/build/CMakeFiles/CMakeTmp

Run Build Command:"/usr/bin/make" "cmTC_41e53/fast"
make[4]: Entering directory '/repo/Pass_GPL/asuswrt/release/src/router/getdns/build/CMakeFiles/CMakeTmp'
/usr/bin/make -f CMakeFiles/cmTC_41e53.dir/build.make CMakeFiles/cmTC_41e53.dir/build
make[5]: Entering directory '/repo/Pass_GPL/asuswrt/release/src/router/getdns/build/CMakeFiles/CMakeTmp'
Building C object CMakeFiles/cmTC_41e53.dir/CheckSymbolExists.c.o
/opt/lede-toolchain-ramips-mt7621_gcc-5.4.0_musl-1.1.24.Linux-x86_64/toolchain-mipsel_24kc_gcc-5.4.0_musl-1.1.24/bin/mipsel-openwrt-linux-musl-gcc   -Os -DNDEBUG -ffunction-sections -fdata-sections -DLINUX26 -DCONFIG_RALINK -DMUSL_LIBC -DDEBUG_NOISY -DDEBUG_RCTEST -D_GNU_SOURCE -D__UAPI_DEF_ETHHDR -DRALINK_DBDC_MODE -pipe -funit-at-a-time -Wno-pointer-sign -mtune=mips32 -mips32 -DLINUX_KERNEL_VERSION=263366 --sysroot=/opt/lede-toolchain-ramips-mt7621_gcc-5.4.0_musl-1.1.24.Linux-x86_64/toolchain-mipsel_24kc_gcc-5.4.0_musl-1.1.24 -D_POSIX_C_SOURCE=200112L -D_XOPEN_SOURCE=600 -D_BSD_SOURCE -D_DEFAULT_SOURCE    -o CMakeFiles/cmTC_41e53.dir/CheckSymbolExists.c.o   -c /repo/Pass_GPL/asuswrt/release/src/router/getdns/build/CMakeFiles/CMakeTmp/CheckSymbolExists.c
Linking C executable cmTC_41e53
/usr/bin/cmake -E cmake_link_script CMakeFiles/cmTC_41e53.dir/link.txt --verbose=1
/opt/lede-toolchain-ramips-mt7621_gcc-5.4.0_musl-1.1.24.Linux-x86_64/toolchain-mipsel_24kc_gcc-5.4.0_musl-1.1.24/bin/mipsel-openwrt-linux-musl-gcc -Os -DNDEBUG -ffunction-sections -fdata-sections -DLINUX26 -DCONFIG_RALINK -DMUSL_LIBC -DDEBUG_NOISY -DDEBUG_RCTEST -D_GNU_SOURCE -D__UAPI_DEF_ETHHDR -DRALINK_DBDC_MODE -pipe -funit-at-a-time -Wno-pointer-sign -mtune=mips32 -mips32 -DLINUX_KERNEL_VERSION=263366 --sysroot=/opt/lede-toolchain-ramips-mt7621_gcc-5.4.0_musl-1.1.24.Linux-x86_64/toolchain-mipsel_24kc_gcc-5.4.0_musl-1.1.24 -D_POSIX_C_SOURCE=200112L -D_XOPEN_SOURCE=600 -D_BSD_SOURCE -D_DEFAULT_SOURCE   -Wl,--gc-sections --sysroot=/opt/lede-toolchain-ramips-mt7621_gcc-5.4.0_musl-1.1.24.Linux-x86_64/toolchain-mipsel_24kc_gcc-5.4.0_musl-1.1.24 -lpthread  CMakeFiles/cmTC_41e53.dir/CheckSymbolExists.c.o  -o cmTC_41e53 
make[5]: Leaving directory '/repo/Pass_GPL/asuswrt/release/src/router/getdns/build/CMakeFiles/CMakeTmp'
make[4]: Leaving directory '/repo/Pass_GPL/asuswrt/release/src/router/getdns/build/CMakeFiles/CMakeTmp'

File /repo/Pass_GPL/asuswrt/release/src/router/getdns/build/CMakeFiles/CMakeTmp/CheckSymbolExists.c:
/* */
#include <signal.h>

int main(int argc, char** argv)
{
  (void)argv;
#ifndef sigfillset
  return ((int*)(&sigfillset))[argc];
#else
  (void)argc;
  return 0;
#endif
}

Determining if the sigaddset exist passed with the following output:
Change Dir: /repo/Pass_GPL/asuswrt/release/src/router/getdns/build/CMakeFiles/CMakeTmp

Run Build Command:"/usr/bin/make" "cmTC_765ab/fast"
make[4]: Entering directory '/repo/Pass_GPL/asuswrt/release/src/router/getdns/build/CMakeFiles/CMakeTmp'
/usr/bin/make -f CMakeFiles/cmTC_765ab.dir/build.make CMakeFiles/cmTC_765ab.dir/build
make[5]: Entering directory '/repo/Pass_GPL/asuswrt/release/src/router/getdns/build/CMakeFiles/CMakeTmp'
Building C object CMakeFiles/cmTC_765ab.dir/CheckSymbolExists.c.o
/opt/lede-toolchain-ramips-mt7621_gcc-5.4.0_musl-1.1.24.Linux-x86_64/toolchain-mipsel_24kc_gcc-5.4.0_musl-1.1.24/bin/mipsel-openwrt-linux-musl-gcc   -Os -DNDEBUG -ffunction-sections -fdata-sections -DLINUX26 -DCONFIG_RALINK -DMUSL_LIBC -DDEBUG_NOISY -DDEBUG_RCTEST -D_GNU_SOURCE -D__UAPI_DEF_ETHHDR -DRALINK_DBDC_MODE -pipe -funit-at-a-time -Wno-pointer-sign -mtune=mips32 -mips32 -DLINUX_KERNEL_VERSION=263366 --sysroot=/opt/lede-toolchain-ramips-mt7621_gcc-5.4.0_musl-1.1.24.Linux-x86_64/toolchain-mipsel_24kc_gcc-5.4.0_musl-1.1.24 -D_POSIX_C_SOURCE=200112L -D_XOPEN_SOURCE=600 -D_BSD_SOURCE -D_DEFAULT_SOURCE    -o CMakeFiles/cmTC_765ab.dir/CheckSymbolExists.c.o   -c /repo/Pass_GPL/asuswrt/release/src/router/getdns/build/CMakeFiles/CMakeTmp/CheckSymbolExists.c
Linking C executable cmTC_765ab
/usr/bin/cmake -E cmake_link_script CMakeFiles/cmTC_765ab.dir/link.txt --verbose=1
/opt/lede-toolchain-ramips-mt7621_gcc-5.4.0_musl-1.1.24.Linux-x86_64/toolchain-mipsel_24kc_gcc-5.4.0_musl-1.1.24/bin/mipsel-openwrt-linux-musl-gcc -Os -DNDEBUG -ffunction-sections -fdata-sections -DLINUX26 -DCONFIG_RALINK -DMUSL_LIBC -DDEBUG_NOISY -DDEBUG_RCTEST -D_GNU_SOURCE -D__UAPI_DEF_ETHHDR -DRALINK_DBDC_MODE -pipe -funit-at-a-time -Wno-pointer-sign -mtune=mips32 -mips32 -DLINUX_KERNEL_VERSION=263366 --sysroot=/opt/lede-toolchain-ramips-mt7621_gcc-5.4.0_musl-1.1.24.Linux-x86_64/toolchain-mipsel_24kc_gcc-5.4.0_musl-1.1.24 -D_POSIX_C_SOURCE=200112L -D_XOPEN_SOURCE=600 -D_BSD_SOURCE -D_DEFAULT_SOURCE   -Wl,--gc-sections --sysroot=/opt/lede-toolchain-ramips-mt7621_gcc-5.4.0_musl-1.1.24.Linux-x86_64/toolchain-mipsel_24kc_gcc-5.4.0_musl-1.1.24 -lpthread  CMakeFiles/cmTC_765ab.dir/CheckSymbolExists.c.o  -o cmTC_765ab 
make[5]: Leaving directory '/repo/Pass_GPL/asuswrt/release/src/router/getdns/build/CMakeFiles/CMakeTmp'
make[4]: Leaving directory '/repo/Pass_GPL/asuswrt/release/src/router/getdns/build/CMakeFiles/CMakeTmp'

File /repo/Pass_GPL/asuswrt/release/src/router/getdns/build/CMakeFiles/CMakeTmp/CheckSymbolExists.c:
/* */
#include <signal.h>

int main(int argc, char** argv)
{
  (void)argv;
#ifndef sigaddset
  return ((int*)(&sigaddset))[argc];
#else
  (void)argc;
  return 0;
#endif
}

Determining if the strptime exist passed with the following output:
Change Dir: /repo/Pass_GPL/asuswrt/release/src/router/getdns/build/CMakeFiles/CMakeTmp

Run Build Command:"/usr/bin/make" "cmTC_63f3e/fast"
make[4]: Entering directory '/repo/Pass_GPL/asuswrt/release/src/router/getdns/build/CMakeFiles/CMakeTmp'
/usr/bin/make -f CMakeFiles/cmTC_63f3e.dir/build.make CMakeFiles/cmTC_63f3e.dir/build
make[5]: Entering directory '/repo/Pass_GPL/asuswrt/release/src/router/getdns/build/CMakeFiles/CMakeTmp'
Building C object CMakeFiles/cmTC_63f3e.dir/CheckSymbolExists.c.o
/opt/lede-toolchain-ramips-mt7621_gcc-5.4.0_musl-1.1.24.Linux-x86_64/toolchain-mipsel_24kc_gcc-5.4.0_musl-1.1.24/bin/mipsel-openwrt-linux-musl-gcc   -Os -DNDEBUG -ffunction-sections -fdata-sections -DLINUX26 -DCONFIG_RALINK -DMUSL_LIBC -DDEBUG_NOISY -DDEBUG_RCTEST -D_GNU_SOURCE -D__UAPI_DEF_ETHHDR -DRALINK_DBDC_MODE -pipe -funit-at-a-time -Wno-pointer-sign -mtune=mips32 -mips32 -DLINUX_KERNEL_VERSION=263366 --sysroot=/opt/lede-toolchain-ramips-mt7621_gcc-5.4.0_musl-1.1.24.Linux-x86_64/toolchain-mipsel_24kc_gcc-5.4.0_musl-1.1.24 -D_POSIX_C_SOURCE=200112L -D_XOPEN_SOURCE=600 -D_BSD_SOURCE -D_DEFAULT_SOURCE    -o CMakeFiles/cmTC_63f3e.dir/CheckSymbolExists.c.o   -c /repo/Pass_GPL/asuswrt/release/src/router/getdns/build/CMakeFiles/CMakeTmp/CheckSymbolExists.c
Linking C executable cmTC_63f3e
/usr/bin/cmake -E cmake_link_script CMakeFiles/cmTC_63f3e.dir/link.txt --verbose=1
/opt/lede-toolchain-ramips-mt7621_gcc-5.4.0_musl-1.1.24.Linux-x86_64/toolchain-mipsel_24kc_gcc-5.4.0_musl-1.1.24/bin/mipsel-openwrt-linux-musl-gcc -Os -DNDEBUG -ffunction-sections -fdata-sections -DLINUX26 -DCONFIG_RALINK -DMUSL_LIBC -DDEBUG_NOISY -DDEBUG_RCTEST -D_GNU_SOURCE -D__UAPI_DEF_ETHHDR -DRALINK_DBDC_MODE -pipe -funit-at-a-time -Wno-pointer-sign -mtune=mips32 -mips32 -DLINUX_KERNEL_VERSION=263366 --sysroot=/opt/lede-toolchain-ramips-mt7621_gcc-5.4.0_musl-1.1.24.Linux-x86_64/toolchain-mipsel_24kc_gcc-5.4.0_musl-1.1.24 -D_POSIX_C_SOURCE=200112L -D_XOPEN_SOURCE=600 -D_BSD_SOURCE -D_DEFAULT_SOURCE   -Wl,--gc-sections --sysroot=/opt/lede-toolchain-ramips-mt7621_gcc-5.4.0_musl-1.1.24.Linux-x86_64/toolchain-mipsel_24kc_gcc-5.4.0_musl-1.1.24 -lpthread  CMakeFiles/cmTC_63f3e.dir/CheckSymbolExists.c.o  -o cmTC_63f3e 
make[5]: Leaving directory '/repo/Pass_GPL/asuswrt/release/src/router/getdns/build/CMakeFiles/CMakeTmp'
make[4]: Leaving directory '/repo/Pass_GPL/asuswrt/release/src/router/getdns/build/CMakeFiles/CMakeTmp'

File /repo/Pass_GPL/asuswrt/release/src/router/getdns/build/CMakeFiles/CMakeTmp/CheckSymbolExists.c:
/* */
#include <time.h>

int main(int argc, char** argv)
{
  (void)argv;
#ifndef strptime
  return ((int*)(&strptime))[argc];
#else
  (void)argc;
  return 0;
#endif
}

Determining if the function fcntl exists passed with the following output:
Change Dir: /repo/Pass_GPL/asuswrt/release/src/router/getdns/build/CMakeFiles/CMakeTmp

Run Build Command:"/usr/bin/make" "cmTC_faedd/fast"
make[4]: Entering directory '/repo/Pass_GPL/asuswrt/release/src/router/getdns/build/CMakeFiles/CMakeTmp'
/usr/bin/make -f CMakeFiles/cmTC_faedd.dir/build.make CMakeFiles/cmTC_faedd.dir/build
make[5]: Entering directory '/repo/Pass_GPL/asuswrt/release/src/router/getdns/build/CMakeFiles/CMakeTmp'
Building C object CMakeFiles/cmTC_faedd.dir/CheckFunctionExists.c.o
/opt/lede-toolchain-ramips-mt7621_gcc-5.4.0_musl-1.1.24.Linux-x86_64/toolchain-mipsel_24kc_gcc-5.4.0_musl-1.1.24/bin/mipsel-openwrt-linux-musl-gcc   -Os -DNDEBUG -ffunction-sections -fdata-sections -DLINUX26 -DCONFIG_RALINK -DMUSL_LIBC -DDEBUG_NOISY -DDEBUG_RCTEST -D_GNU_SOURCE -D__UAPI_DEF_ETHHDR -DRALINK_DBDC_MODE -pipe -funit-at-a-time -Wno-pointer-sign -mtune=mips32 -mips32 -DLINUX_KERNEL_VERSION=263366 --sysroot=/opt/lede-toolchain-ramips-mt7621_gcc-5.4.0_musl-1.1.24.Linux-x86_64/toolchain-mipsel_24kc_gcc-5.4.0_musl-1.1.24 -D_POSIX_C_SOURCE=200112L -D_XOPEN_SOURCE=600 -D_BSD_SOURCE -D_DEFAULT_SOURCE -DCHECK_FUNCTION_EXISTS=fcntl   -o CMakeFiles/cmTC_faedd.dir/CheckFunctionExists.c.o   -c /usr/share/cmake-3.10/Modules/CheckFunctionExists.c
Linking C executable cmTC_faedd
/usr/bin/cmake -E cmake_link_script CMakeFiles/cmTC_faedd.dir/link.txt --verbose=1
/opt/lede-toolchain-ramips-mt7621_gcc-5.4.0_musl-1.1.24.Linux-x86_64/toolchain-mipsel_24kc_gcc-5.4.0_musl-1.1.24/bin/mipsel-openwrt-linux-musl-gcc -Os -DNDEBUG -ffunction-sections -fdata-sections -DLINUX26 -DCONFIG_RALINK -DMUSL_LIBC -DDEBUG_NOISY -DDEBUG_RCTEST -D_GNU_SOURCE -D__UAPI_DEF_ETHHDR -DRALINK_DBDC_MODE -pipe -funit-at-a-time -Wno-pointer-sign -mtune=mips32 -mips32 -DLINUX_KERNEL_VERSION=263366 --sysroot=/opt/lede-toolchain-ramips-mt7621_gcc-5.4.0_musl-1.1.24.Linux-x86_64/toolchain-mipsel_24kc_gcc-5.4.0_musl-1.1.24 -D_POSIX_C_SOURCE=200112L -D_XOPEN_SOURCE=600 -D_BSD_SOURCE -D_DEFAULT_SOURCE -DCHECK_FUNCTION_EXISTS=fcntl  -Wl,--gc-sections --sysroot=/opt/lede-toolchain-ramips-mt7621_gcc-5.4.0_musl-1.1.24.Linux-x86_64/toolchain-mipsel_24kc_gcc-5.4.0_musl-1.1.24 -lpthread  CMakeFiles/cmTC_faedd.dir/CheckFunctionExists.c.o  -o cmTC_faedd 
make[5]: Leaving directory '/repo/Pass_GPL/asuswrt/release/src/router/getdns/build/CMakeFiles/CMakeTmp'
make[4]: Leaving directory '/repo/Pass_GPL/asuswrt/release/src/router/getdns/build/CMakeFiles/CMakeTmp'


Determining if the function getauxval exists passed with the following output:
Change Dir: /repo/Pass_GPL/asuswrt/release/src/router/getdns/build/CMakeFiles/CMakeTmp

Run Build Command:"/usr/bin/make" "cmTC_19321/fast"
make[4]: Entering directory '/repo/Pass_GPL/asuswrt/release/src/router/getdns/build/CMakeFiles/CMakeTmp'
/usr/bin/make -f CMakeFiles/cmTC_19321.dir/build.make CMakeFiles/cmTC_19321.dir/build
make[5]: Entering directory '/repo/Pass_GPL/asuswrt/release/src/router/getdns/build/CMakeFiles/CMakeTmp'
Building C object CMakeFiles/cmTC_19321.dir/CheckFunctionExists.c.o
/opt/lede-toolchain-ramips-mt7621_gcc-5.4.0_musl-1.1.24.Linux-x86_64/toolchain-mipsel_24kc_gcc-5.4.0_musl-1.1.24/bin/mipsel-openwrt-linux-musl-gcc   -Os -DNDEBUG -ffunction-sections -fdata-sections -DLINUX26 -DCONFIG_RALINK -DMUSL_LIBC -DDEBUG_NOISY -DDEBUG_RCTEST -D_GNU_SOURCE -D__UAPI_DEF_ETHHDR -DRALINK_DBDC_MODE -pipe -funit-at-a-time -Wno-pointer-sign -mtune=mips32 -mips32 -DLINUX_KERNEL_VERSION=263366 --sysroot=/opt/lede-toolchain-ramips-mt7621_gcc-5.4.0_musl-1.1.24.Linux-x86_64/toolchain-mipsel_24kc_gcc-5.4.0_musl-1.1.24 -D_POSIX_C_SOURCE=200112L -D_XOPEN_SOURCE=600 -D_BSD_SOURCE -D_DEFAULT_SOURCE -DCHECK_FUNCTION_EXISTS=getauxval   -o CMakeFiles/cmTC_19321.dir/CheckFunctionExists.c.o   -c /usr/share/cmake-3.10/Modules/CheckFunctionExists.c
Linking C executable cmTC_19321
/usr/bin/cmake -E cmake_link_script CMakeFiles/cmTC_19321.dir/link.txt --verbose=1
/opt/lede-toolchain-ramips-mt7621_gcc-5.4.0_musl-1.1.24.Linux-x86_64/toolchain-mipsel_24kc_gcc-5.4.0_musl-1.1.24/bin/mipsel-openwrt-linux-musl-gcc -Os -DNDEBUG -ffunction-sections -fdata-sections -DLINUX26 -DCONFIG_RALINK -DMUSL_LIBC -DDEBUG_NOISY -DDEBUG_RCTEST -D_GNU_SOURCE -D__UAPI_DEF_ETHHDR -DRALINK_DBDC_MODE -pipe -funit-at-a-time -Wno-pointer-sign -mtune=mips32 -mips32 -DLINUX_KERNEL_VERSION=263366 --sysroot=/opt/lede-toolchain-ramips-mt7621_gcc-5.4.0_musl-1.1.24.Linux-x86_64/toolchain-mipsel_24kc_gcc-5.4.0_musl-1.1.24 -D_POSIX_C_SOURCE=200112L -D_XOPEN_SOURCE=600 -D_BSD_SOURCE -D_DEFAULT_SOURCE -DCHECK_FUNCTION_EXISTS=getauxval  -Wl,--gc-sections --sysroot=/opt/lede-toolchain-ramips-mt7621_gcc-5.4.0_musl-1.1.24.Linux-x86_64/toolchain-mipsel_24kc_gcc-5.4.0_musl-1.1.24 -lpthread  CMakeFiles/cmTC_19321.dir/CheckFunctionExists.c.o  -o cmTC_19321 
make[5]: Leaving directory '/repo/Pass_GPL/asuswrt/release/src/router/getdns/build/CMakeFiles/CMakeTmp'
make[4]: Leaving directory '/repo/Pass_GPL/asuswrt/release/src/router/getdns/build/CMakeFiles/CMakeTmp'


Determining if the function gettimeofday exists passed with the following output:
Change Dir: /repo/Pass_GPL/asuswrt/release/src/router/getdns/build/CMakeFiles/CMakeTmp

Run Build Command:"/usr/bin/make" "cmTC_b77cc/fast"
make[4]: Entering directory '/repo/Pass_GPL/asuswrt/release/src/router/getdns/build/CMakeFiles/CMakeTmp'
/usr/bin/make -f CMakeFiles/cmTC_b77cc.dir/build.make CMakeFiles/cmTC_b77cc.dir/build
make[5]: Entering directory '/repo/Pass_GPL/asuswrt/release/src/router/getdns/build/CMakeFiles/CMakeTmp'
Building C object CMakeFiles/cmTC_b77cc.dir/CheckFunctionExists.c.o
/opt/lede-toolchain-ramips-mt7621_gcc-5.4.0_musl-1.1.24.Linux-x86_64/toolchain-mipsel_24kc_gcc-5.4.0_musl-1.1.24/bin/mipsel-openwrt-linux-musl-gcc   -Os -DNDEBUG -ffunction-sections -fdata-sections -DLINUX26 -DCONFIG_RALINK -DMUSL_LIBC -DDEBUG_NOISY -DDEBUG_RCTEST -D_GNU_SOURCE -D__UAPI_DEF_ETHHDR -DRALINK_DBDC_MODE -pipe -funit-at-a-time -Wno-pointer-sign -mtune=mips32 -mips32 -DLINUX_KERNEL_VERSION=263366 --sysroot=/opt/lede-toolchain-ramips-mt7621_gcc-5.4.0_musl-1.1.24.Linux-x86_64/toolchain-mipsel_24kc_gcc-5.4.0_musl-1.1.24 -D_POSIX_C_SOURCE=200112L -D_XOPEN_SOURCE=600 -D_BSD_SOURCE -D_DEFAULT_SOURCE -DCHECK_FUNCTION_EXISTS=gettimeofday   -o CMakeFiles/cmTC_b77cc.dir/CheckFunctionExists.c.o   -c /usr/share/cmake-3.10/Modules/CheckFunctionExists.c
Linking C executable cmTC_b77cc
/usr/bin/cmake -E cmake_link_script CMakeFiles/cmTC_b77cc.dir/link.txt --verbose=1
/opt/lede-toolchain-ramips-mt7621_gcc-5.4.0_musl-1.1.24.Linux-x86_64/toolchain-mipsel_24kc_gcc-5.4.0_musl-1.1.24/bin/mipsel-openwrt-linux-musl-gcc -Os -DNDEBUG -ffunction-sections -fdata-sections -DLINUX26 -DCONFIG_RALINK -DMUSL_LIBC -DDEBUG_NOISY -DDEBUG_RCTEST -D_GNU_SOURCE -D__UAPI_DEF_ETHHDR -DRALINK_DBDC_MODE -pipe -funit-at-a-time -Wno-pointer-sign -mtune=mips32 -mips32 -DLINUX_KERNEL_VERSION=263366 --sysroot=/opt/lede-toolchain-ramips-mt7621_gcc-5.4.0_musl-1.1.24.Linux-x86_64/toolchain-mipsel_24kc_gcc-5.4.0_musl-1.1.24 -D_POSIX_C_SOURCE=200112L -D_XOPEN_SOURCE=600 -D_BSD_SOURCE -D_DEFAULT_SOURCE -DCHECK_FUNCTION_EXISTS=gettimeofday  -Wl,--gc-sections --sysroot=/opt/lede-toolchain-ramips-mt7621_gcc-5.4.0_musl-1.1.24.Linux-x86_64/toolchain-mipsel_24kc_gcc-5.4.0_musl-1.1.24 -lpthread  CMakeFiles/cmTC_b77cc.dir/CheckFunctionExists.c.o  -o cmTC_b77cc 
make[5]: Leaving directory '/repo/Pass_GPL/asuswrt/release/src/router/getdns/build/CMakeFiles/CMakeTmp'
make[4]: Leaving directory '/repo/Pass_GPL/asuswrt/release/src/router/getdns/build/CMakeFiles/CMakeTmp'


Determining if the function sigemptyset exists passed with the following output:
Change Dir: /repo/Pass_GPL/asuswrt/release/src/router/getdns/build/CMakeFiles/CMakeTmp

Run Build Command:"/usr/bin/make" "cmTC_680b2/fast"
make[4]: Entering directory '/repo/Pass_GPL/asuswrt/release/src/router/getdns/build/CMakeFiles/CMakeTmp'
/usr/bin/make -f CMakeFiles/cmTC_680b2.dir/build.make CMakeFiles/cmTC_680b2.dir/build
make[5]: Entering directory '/repo/Pass_GPL/asuswrt/release/src/router/getdns/build/CMakeFiles/CMakeTmp'
Building C object CMakeFiles/cmTC_680b2.dir/CheckFunctionExists.c.o
/opt/lede-toolchain-ramips-mt7621_gcc-5.4.0_musl-1.1.24.Linux-x86_64/toolchain-mipsel_24kc_gcc-5.4.0_musl-1.1.24/bin/mipsel-openwrt-linux-musl-gcc   -Os -DNDEBUG -ffunction-sections -fdata-sections -DLINUX26 -DCONFIG_RALINK -DMUSL_LIBC -DDEBUG_NOISY -DDEBUG_RCTEST -D_GNU_SOURCE -D__UAPI_DEF_ETHHDR -DRALINK_DBDC_MODE -pipe -funit-at-a-time -Wno-pointer-sign -mtune=mips32 -mips32 -DLINUX_KERNEL_VERSION=263366 --sysroot=/opt/lede-toolchain-ramips-mt7621_gcc-5.4.0_musl-1.1.24.Linux-x86_64/toolchain-mipsel_24kc_gcc-5.4.0_musl-1.1.24 -D_POSIX_C_SOURCE=200112L -D_XOPEN_SOURCE=600 -D_BSD_SOURCE -D_DEFAULT_SOURCE -DCHECK_FUNCTION_EXISTS=sigemptyset   -o CMakeFiles/cmTC_680b2.dir/CheckFunctionExists.c.o   -c /usr/share/cmake-3.10/Modules/CheckFunctionExists.c
Linking C executable cmTC_680b2
/usr/bin/cmake -E cmake_link_script CMakeFiles/cmTC_680b2.dir/link.txt --verbose=1
/opt/lede-toolchain-ramips-mt7621_gcc-5.4.0_musl-1.1.24.Linux-x86_64/toolchain-mipsel_24kc_gcc-5.4.0_musl-1.1.24/bin/mipsel-openwrt-linux-musl-gcc -Os -DNDEBUG -ffunction-sections -fdata-sections -DLINUX26 -DCONFIG_RALINK -DMUSL_LIBC -DDEBUG_NOISY -DDEBUG_RCTEST -D_GNU_SOURCE -D__UAPI_DEF_ETHHDR -DRALINK_DBDC_MODE -pipe -funit-at-a-time -Wno-pointer-sign -mtune=mips32 -mips32 -DLINUX_KERNEL_VERSION=263366 --sysroot=/opt/lede-toolchain-ramips-mt7621_gcc-5.4.0_musl-1.1.24.Linux-x86_64/toolchain-mipsel_24kc_gcc-5.4.0_musl-1.1.24 -D_POSIX_C_SOURCE=200112L -D_XOPEN_SOURCE=600 -D_BSD_SOURCE -D_DEFAULT_SOURCE -DCHECK_FUNCTION_EXISTS=sigemptyset  -Wl,--gc-sections --sysroot=/opt/lede-toolchain-ramips-mt7621_gcc-5.4.0_musl-1.1.24.Linux-x86_64/toolchain-mipsel_24kc_gcc-5.4.0_musl-1.1.24 -lpthread  CMakeFiles/cmTC_680b2.dir/CheckFunctionExists.c.o  -o cmTC_680b2 
make[5]: Leaving directory '/repo/Pass_GPL/asuswrt/release/src/router/getdns/build/CMakeFiles/CMakeTmp'
make[4]: Leaving directory '/repo/Pass_GPL/asuswrt/release/src/router/getdns/build/CMakeFiles/CMakeTmp'


Determining if the function sigfillset exists passed with the following output:
Change Dir: /repo/Pass_GPL/asuswrt/release/src/router/getdns/build/CMakeFiles/CMakeTmp

Run Build Command:"/usr/bin/make" "cmTC_8e85f/fast"
make[4]: Entering directory '/repo/Pass_GPL/asuswrt/release/src/router/getdns/build/CMakeFiles/CMakeTmp'
/usr/bin/make -f CMakeFiles/cmTC_8e85f.dir/build.make CMakeFiles/cmTC_8e85f.dir/build
make[5]: Entering directory '/repo/Pass_GPL/asuswrt/release/src/router/getdns/build/CMakeFiles/CMakeTmp'
Building C object CMakeFiles/cmTC_8e85f.dir/CheckFunctionExists.c.o
/opt/lede-toolchain-ramips-mt7621_gcc-5.4.0_musl-1.1.24.Linux-x86_64/toolchain-mipsel_24kc_gcc-5.4.0_musl-1.1.24/bin/mipsel-openwrt-linux-musl-gcc   -Os -DNDEBUG -ffunction-sections -fdata-sections -DLINUX26 -DCONFIG_RALINK -DMUSL_LIBC -DDEBUG_NOISY -DDEBUG_RCTEST -D_GNU_SOURCE -D__UAPI_DEF_ETHHDR -DRALINK_DBDC_MODE -pipe -funit-at-a-time -Wno-pointer-sign -mtune=mips32 -mips32 -DLINUX_KERNEL_VERSION=263366 --sysroot=/opt/lede-toolchain-ramips-mt7621_gcc-5.4.0_musl-1.1.24.Linux-x86_64/toolchain-mipsel_24kc_gcc-5.4.0_musl-1.1.24 -D_POSIX_C_SOURCE=200112L -D_XOPEN_SOURCE=600 -D_BSD_SOURCE -D_DEFAULT_SOURCE -DCHECK_FUNCTION_EXISTS=sigfillset   -o CMakeFiles/cmTC_8e85f.dir/CheckFunctionExists.c.o   -c /usr/share/cmake-3.10/Modules/CheckFunctionExists.c
Linking C executable cmTC_8e85f
/usr/bin/cmake -E cmake_link_script CMakeFiles/cmTC_8e85f.dir/link.txt --verbose=1
/opt/lede-toolchain-ramips-mt7621_gcc-5.4.0_musl-1.1.24.Linux-x86_64/toolchain-mipsel_24kc_gcc-5.4.0_musl-1.1.24/bin/mipsel-openwrt-linux-musl-gcc -Os -DNDEBUG -ffunction-sections -fdata-sections -DLINUX26 -DCONFIG_RALINK -DMUSL_LIBC -DDEBUG_NOISY -DDEBUG_RCTEST -D_GNU_SOURCE -D__UAPI_DEF_ETHHDR -DRALINK_DBDC_MODE -pipe -funit-at-a-time -Wno-pointer-sign -mtune=mips32 -mips32 -DLINUX_KERNEL_VERSION=263366 --sysroot=/opt/lede-toolchain-ramips-mt7621_gcc-5.4.0_musl-1.1.24.Linux-x86_64/toolchain-mipsel_24kc_gcc-5.4.0_musl-1.1.24 -D_POSIX_C_SOURCE=200112L -D_XOPEN_SOURCE=600 -D_BSD_SOURCE -D_DEFAULT_SOURCE -DCHECK_FUNCTION_EXISTS=sigfillset  -Wl,--gc-sections --sysroot=/opt/lede-toolchain-ramips-mt7621_gcc-5.4.0_musl-1.1.24.Linux-x86_64/toolchain-mipsel_24kc_gcc-5.4.0_musl-1.1.24 -lpthread  CMakeFiles/cmTC_8e85f.dir/CheckFunctionExists.c.o  -o cmTC_8e85f 
make[5]: Leaving directory '/repo/Pass_GPL/asuswrt/release/src/router/getdns/build/CMakeFiles/CMakeTmp'
make[4]: Leaving directory '/repo/Pass_GPL/asuswrt/release/src/router/getdns/build/CMakeFiles/CMakeTmp'


Determining if the function sigaddset exists passed with the following output:
Change Dir: /repo/Pass_GPL/asuswrt/release/src/router/getdns/build/CMakeFiles/CMakeTmp

Run Build Command:"/usr/bin/make" "cmTC_4a0b4/fast"
make[4]: Entering directory '/repo/Pass_GPL/asuswrt/release/src/router/getdns/build/CMakeFiles/CMakeTmp'
/usr/bin/make -f CMakeFiles/cmTC_4a0b4.dir/build.make CMakeFiles/cmTC_4a0b4.dir/build
make[5]: Entering directory '/repo/Pass_GPL/asuswrt/release/src/router/getdns/build/CMakeFiles/CMakeTmp'
Building C object CMakeFiles/cmTC_4a0b4.dir/CheckFunctionExists.c.o
/opt/lede-toolchain-ramips-mt7621_gcc-5.4.0_musl-1.1.24.Linux-x86_64/toolchain-mipsel_24kc_gcc-5.4.0_musl-1.1.24/bin/mipsel-openwrt-linux-musl-gcc   -Os -DNDEBUG -ffunction-sections -fdata-sections -DLINUX26 -DCONFIG_RALINK -DMUSL_LIBC -DDEBUG_NOISY -DDEBUG_RCTEST -D_GNU_SOURCE -D__UAPI_DEF_ETHHDR -DRALINK_DBDC_MODE -pipe -funit-at-a-time -Wno-pointer-sign -mtune=mips32 -mips32 -DLINUX_KERNEL_VERSION=263366 --sysroot=/opt/lede-toolchain-ramips-mt7621_gcc-5.4.0_musl-1.1.24.Linux-x86_64/toolchain-mipsel_24kc_gcc-5.4.0_musl-1.1.24 -D_POSIX_C_SOURCE=200112L -D_XOPEN_SOURCE=600 -D_BSD_SOURCE -D_DEFAULT_SOURCE -DCHECK_FUNCTION_EXISTS=sigaddset   -o CMakeFiles/cmTC_4a0b4.dir/CheckFunctionExists.c.o   -c /usr/share/cmake-3.10/Modules/CheckFunctionExists.c
Linking C executable cmTC_4a0b4
/usr/bin/cmake -E cmake_link_script CMakeFiles/cmTC_4a0b4.dir/link.txt --verbose=1
/opt/lede-toolchain-ramips-mt7621_gcc-5.4.0_musl-1.1.24.Linux-x86_64/toolchain-mipsel_24kc_gcc-5.4.0_musl-1.1.24/bin/mipsel-openwrt-linux-musl-gcc -Os -DNDEBUG -ffunction-sections -fdata-sections -DLINUX26 -DCONFIG_RALINK -DMUSL_LIBC -DDEBUG_NOISY -DDEBUG_RCTEST -D_GNU_SOURCE -D__UAPI_DEF_ETHHDR -DRALINK_DBDC_MODE -pipe -funit-at-a-time -Wno-pointer-sign -mtune=mips32 -mips32 -DLINUX_KERNEL_VERSION=263366 --sysroot=/opt/lede-toolchain-ramips-mt7621_gcc-5.4.0_musl-1.1.24.Linux-x86_64/toolchain-mipsel_24kc_gcc-5.4.0_musl-1.1.24 -D_POSIX_C_SOURCE=200112L -D_XOPEN_SOURCE=600 -D_BSD_SOURCE -D_DEFAULT_SOURCE -DCHECK_FUNCTION_EXISTS=sigaddset  -Wl,--gc-sections --sysroot=/opt/lede-toolchain-ramips-mt7621_gcc-5.4.0_musl-1.1.24.Linux-x86_64/toolchain-mipsel_24kc_gcc-5.4.0_musl-1.1.24 -lpthread  CMakeFiles/cmTC_4a0b4.dir/CheckFunctionExists.c.o  -o cmTC_4a0b4 
make[5]: Leaving directory '/repo/Pass_GPL/asuswrt/release/src/router/getdns/build/CMakeFiles/CMakeTmp'
make[4]: Leaving directory '/repo/Pass_GPL/asuswrt/release/src/router/getdns/build/CMakeFiles/CMakeTmp'


Determining if the function strptime exists passed with the following output:
Change Dir: /repo/Pass_GPL/asuswrt/release/src/router/getdns/build/CMakeFiles/CMakeTmp

Run Build Command:"/usr/bin/make" "cmTC_00e8f/fast"
make[4]: Entering directory '/repo/Pass_GPL/asuswrt/release/src/router/getdns/build/CMakeFiles/CMakeTmp'
/usr/bin/make -f CMakeFiles/cmTC_00e8f.dir/build.make CMakeFiles/cmTC_00e8f.dir/build
make[5]: Entering directory '/repo/Pass_GPL/asuswrt/release/src/router/getdns/build/CMakeFiles/CMakeTmp'
Building C object CMakeFiles/cmTC_00e8f.dir/CheckFunctionExists.c.o
/opt/lede-toolchain-ramips-mt7621_gcc-5.4.0_musl-1.1.24.Linux-x86_64/toolchain-mipsel_24kc_gcc-5.4.0_musl-1.1.24/bin/mipsel-openwrt-linux-musl-gcc   -Os -DNDEBUG -ffunction-sections -fdata-sections -DLINUX26 -DCONFIG_RALINK -DMUSL_LIBC -DDEBUG_NOISY -DDEBUG_RCTEST -D_GNU_SOURCE -D__UAPI_DEF_ETHHDR -DRALINK_DBDC_MODE -pipe -funit-at-a-time -Wno-pointer-sign -mtune=mips32 -mips32 -DLINUX_KERNEL_VERSION=263366 --sysroot=/opt/lede-toolchain-ramips-mt7621_gcc-5.4.0_musl-1.1.24.Linux-x86_64/toolchain-mipsel_24kc_gcc-5.4.0_musl-1.1.24 -D_POSIX_C_SOURCE=200112L -D_XOPEN_SOURCE=600 -D_BSD_SOURCE -D_DEFAULT_SOURCE -DCHECK_FUNCTION_EXISTS=strptime   -o CMakeFiles/cmTC_00e8f.dir/CheckFunctionExists.c.o   -c /usr/share/cmake-3.10/Modules/CheckFunctionExists.c
Linking C executable cmTC_00e8f
/usr/bin/cmake -E cmake_link_script CMakeFiles/cmTC_00e8f.dir/link.txt --verbose=1
/opt/lede-toolchain-ramips-mt7621_gcc-5.4.0_musl-1.1.24.Linux-x86_64/toolchain-mipsel_24kc_gcc-5.4.0_musl-1.1.24/bin/mipsel-openwrt-linux-musl-gcc -Os -DNDEBUG -ffunction-sections -fdata-sections -DLINUX26 -DCONFIG_RALINK -DMUSL_LIBC -DDEBUG_NOISY -DDEBUG_RCTEST -D_GNU_SOURCE -D__UAPI_DEF_ETHHDR -DRALINK_DBDC_MODE -pipe -funit-at-a-time -Wno-pointer-sign -mtune=mips32 -mips32 -DLINUX_KERNEL_VERSION=263366 --sysroot=/opt/lede-toolchain-ramips-mt7621_gcc-5.4.0_musl-1.1.24.Linux-x86_64/toolchain-mipsel_24kc_gcc-5.4.0_musl-1.1.24 -D_POSIX_C_SOURCE=200112L -D_XOPEN_SOURCE=600 -D_BSD_SOURCE -D_DEFAULT_SOURCE -DCHECK_FUNCTION_EXISTS=strptime  -Wl,--gc-sections --sysroot=/opt/lede-toolchain-ramips-mt7621_gcc-5.4.0_musl-1.1.24.Linux-x86_64/toolchain-mipsel_24kc_gcc-5.4.0_musl-1.1.24 -lpthread  CMakeFiles/cmTC_00e8f.dir/CheckFunctionExists.c.o  -o cmTC_00e8f 
make[5]: Leaving directory '/repo/Pass_GPL/asuswrt/release/src/router/getdns/build/CMakeFiles/CMakeTmp'
make[4]: Leaving directory '/repo/Pass_GPL/asuswrt/release/src/router/getdns/build/CMakeFiles/CMakeTmp'


Determining size of sigset_t passed with the following output:
Change Dir: /repo/Pass_GPL/asuswrt/release/src/router/getdns/build/CMakeFiles/CMakeTmp

Run Build Command:"/usr/bin/make" "cmTC_72479/fast"
make[4]: Entering directory '/repo/Pass_GPL/asuswrt/release/src/router/getdns/build/CMakeFiles/CMakeTmp'
/usr/bin/make -f CMakeFiles/cmTC_72479.dir/build.make CMakeFiles/cmTC_72479.dir/build
make[5]: Entering directory '/repo/Pass_GPL/asuswrt/release/src/router/getdns/build/CMakeFiles/CMakeTmp'
Building C object CMakeFiles/cmTC_72479.dir/SIGSET_T.c.o
/opt/lede-toolchain-ramips-mt7621_gcc-5.4.0_musl-1.1.24.Linux-x86_64/toolchain-mipsel_24kc_gcc-5.4.0_musl-1.1.24/bin/mipsel-openwrt-linux-musl-gcc   -Os -DNDEBUG -ffunction-sections -fdata-sections -DLINUX26 -DCONFIG_RALINK -DMUSL_LIBC -DDEBUG_NOISY -DDEBUG_RCTEST -D_GNU_SOURCE -D__UAPI_DEF_ETHHDR -DRALINK_DBDC_MODE -pipe -funit-at-a-time -Wno-pointer-sign -mtune=mips32 -mips32 -DLINUX_KERNEL_VERSION=263366 --sysroot=/opt/lede-toolchain-ramips-mt7621_gcc-5.4.0_musl-1.1.24.Linux-x86_64/toolchain-mipsel_24kc_gcc-5.4.0_musl-1.1.24 -D_POSIX_C_SOURCE=200112L -D_XOPEN_SOURCE=600 -D_BSD_SOURCE -D_DEFAULT_SOURCE    -o CMakeFiles/cmTC_72479.dir/SIGSET_T.c.o   -c /repo/Pass_GPL/asuswrt/release/src/router/getdns/build/CMakeFiles/CheckTypeSize/SIGSET_T.c
Linking C executable cmTC_72479
/usr/bin/cmake -E cmake_link_script CMakeFiles/cmTC_72479.dir/link.txt --verbose=1
/opt/lede-toolchain-ramips-mt7621_gcc-5.4.0_musl-1.1.24.Linux-x86_64/toolchain-mipsel_24kc_gcc-5.4.0_musl-1.1.24/bin/mipsel-openwrt-linux-musl-gcc -Os -DNDEBUG -ffunction-sections -fdata-sections -DLINUX26 -DCONFIG_RALINK -DMUSL_LIBC -DDEBUG_NOISY -DDEBUG_RCTEST -D_GNU_SOURCE -D__UAPI_DEF_ETHHDR -DRALINK_DBDC_MODE -pipe -funit-at-a-time -Wno-pointer-sign -mtune=mips32 -mips32 -DLINUX_KERNEL_VERSION=263366 --sysroot=/opt/lede-toolchain-ramips-mt7621_gcc-5.4.0_musl-1.1.24.Linux-x86_64/toolchain-mipsel_24kc_gcc-5.4.0_musl-1.1.24 -D_POSIX_C_SOURCE=200112L -D_XOPEN_SOURCE=600 -D_BSD_SOURCE -D_DEFAULT_SOURCE   -Wl,--gc-sections --sysroot=/opt/lede-toolchain-ramips-mt7621_gcc-5.4.0_musl-1.1.24.Linux-x86_64/toolchain-mipsel_24kc_gcc-5.4.0_musl-1.1.24 -lpthread  CMakeFiles/cmTC_72479.dir/SIGSET_T.c.o  -o cmTC_72479 
make[5]: Leaving directory '/repo/Pass_GPL/asuswrt/release/src/router/getdns/build/CMakeFiles/CMakeTmp'
make[4]: Leaving directory '/repo/Pass_GPL/asuswrt/release/src/router/getdns/build/CMakeFiles/CMakeTmp'


Determining if the include file openssl/ssl.h exists passed with the following output:
Change Dir: /repo/Pass_GPL/asuswrt/release/src/router/getdns/build/CMakeFiles/CMakeTmp

Run Build Command:"/usr/bin/make" "cmTC_9f48d/fast"
make[4]: Entering directory '/repo/Pass_GPL/asuswrt/release/src/router/getdns/build/CMakeFiles/CMakeTmp'
/usr/bin/make -f CMakeFiles/cmTC_9f48d.dir/build.make CMakeFiles/cmTC_9f48d.dir/build
make[5]: Entering directory '/repo/Pass_GPL/asuswrt/release/src/router/getdns/build/CMakeFiles/CMakeTmp'
Building C object CMakeFiles/cmTC_9f48d.dir/CheckIncludeFile.c.o
/opt/lede-toolchain-ramips-mt7621_gcc-5.4.0_musl-1.1.24.Linux-x86_64/toolchain-mipsel_24kc_gcc-5.4.0_musl-1.1.24/bin/mipsel-openwrt-linux-musl-gcc  -I/repo/Pass_GPL/asuswrt/release/src-ra-openwrt-4210/router/mipsel-musl/stage/usr/include  -Os -DNDEBUG -ffunction-sections -fdata-sections -DLINUX26 -DCONFIG_RALINK -DMUSL_LIBC -DDEBUG_NOISY -DDEBUG_RCTEST -D_GNU_SOURCE -D__UAPI_DEF_ETHHDR -DRALINK_DBDC_MODE -pipe -funit-at-a-time -Wno-pointer-sign -mtune=mips32 -mips32 -DLINUX_KERNEL_VERSION=263366 --sysroot=/opt/lede-toolchain-ramips-mt7621_gcc-5.4.0_musl-1.1.24.Linux-x86_64/toolchain-mipsel_24kc_gcc-5.4.0_musl-1.1.24 -D_POSIX_C_SOURCE=200112L -D_XOPEN_SOURCE=600 -D_BSD_SOURCE -D_DEFAULT_SOURCE    -o CMakeFiles/cmTC_9f48d.dir/CheckIncludeFile.c.o   -c /repo/Pass_GPL/asuswrt/release/src/router/getdns/build/CMakeFiles/CMakeTmp/CheckIncludeFile.c
Linking C executable cmTC_9f48d
/usr/bin/cmake -E cmake_link_script CMakeFiles/cmTC_9f48d.dir/link.txt --verbose=1
/opt/lede-toolchain-ramips-mt7621_gcc-5.4.0_musl-1.1.24.Linux-x86_64/toolchain-mipsel_24kc_gcc-5.4.0_musl-1.1.24/bin/mipsel-openwrt-linux-musl-gcc -Os -DNDEBUG -ffunction-sections -fdata-sections -DLINUX26 -DCONFIG_RALINK -DMUSL_LIBC -DDEBUG_NOISY -DDEBUG_RCTEST -D_GNU_SOURCE -D__UAPI_DEF_ETHHDR -DRALINK_DBDC_MODE -pipe -funit-at-a-time -Wno-pointer-sign -mtune=mips32 -mips32 -DLINUX_KERNEL_VERSION=263366 --sysroot=/opt/lede-toolchain-ramips-mt7621_gcc-5.4.0_musl-1.1.24.Linux-x86_64/toolchain-mipsel_24kc_gcc-5.4.0_musl-1.1.24 -D_POSIX_C_SOURCE=200112L -D_XOPEN_SOURCE=600 -D_BSD_SOURCE -D_DEFAULT_SOURCE   -Wl,--gc-sections --sysroot=/opt/lede-toolchain-ramips-mt7621_gcc-5.4.0_musl-1.1.24.Linux-x86_64/toolchain-mipsel_24kc_gcc-5.4.0_musl-1.1.24 -lpthread  CMakeFiles/cmTC_9f48d.dir/CheckIncludeFile.c.o  -o cmTC_9f48d 
make[5]: Leaving directory '/repo/Pass_GPL/asuswrt/release/src/router/getdns/build/CMakeFiles/CMakeTmp'
make[4]: Leaving directory '/repo/Pass_GPL/asuswrt/release/src/router/getdns/build/CMakeFiles/CMakeTmp'


Determining if the include file openssl/evp.h exists passed with the following output:
Change Dir: /repo/Pass_GPL/asuswrt/release/src/router/getdns/build/CMakeFiles/CMakeTmp

Run Build Command:"/usr/bin/make" "cmTC_76c33/fast"
make[4]: Entering directory '/repo/Pass_GPL/asuswrt/release/src/router/getdns/build/CMakeFiles/CMakeTmp'
/usr/bin/make -f CMakeFiles/cmTC_76c33.dir/build.make CMakeFiles/cmTC_76c33.dir/build
make[5]: Entering directory '/repo/Pass_GPL/asuswrt/release/src/router/getdns/build/CMakeFiles/CMakeTmp'
Building C object CMakeFiles/cmTC_76c33.dir/CheckIncludeFile.c.o
/opt/lede-toolchain-ramips-mt7621_gcc-5.4.0_musl-1.1.24.Linux-x86_64/toolchain-mipsel_24kc_gcc-5.4.0_musl-1.1.24/bin/mipsel-openwrt-linux-musl-gcc  -I/repo/Pass_GPL/asuswrt/release/src-ra-openwrt-4210/router/mipsel-musl/stage/usr/include  -Os -DNDEBUG -ffunction-sections -fdata-sections -DLINUX26 -DCONFIG_RALINK -DMUSL_LIBC -DDEBUG_NOISY -DDEBUG_RCTEST -D_GNU_SOURCE -D__UAPI_DEF_ETHHDR -DRALINK_DBDC_MODE -pipe -funit-at-a-time -Wno-pointer-sign -mtune=mips32 -mips32 -DLINUX_KERNEL_VERSION=263366 --sysroot=/opt/lede-toolchain-ramips-mt7621_gcc-5.4.0_musl-1.1.24.Linux-x86_64/toolchain-mipsel_24kc_gcc-5.4.0_musl-1.1.24 -D_POSIX_C_SOURCE=200112L -D_XOPEN_SOURCE=600 -D_BSD_SOURCE -D_DEFAULT_SOURCE    -o CMakeFiles/cmTC_76c33.dir/CheckIncludeFile.c.o   -c /repo/Pass_GPL/asuswrt/release/src/router/getdns/build/CMakeFiles/CMakeTmp/CheckIncludeFile.c
Linking C executable cmTC_76c33
/usr/bin/cmake -E cmake_link_script CMakeFiles/cmTC_76c33.dir/link.txt --verbose=1
/opt/lede-toolchain-ramips-mt7621_gcc-5.4.0_musl-1.1.24.Linux-x86_64/toolchain-mipsel_24kc_gcc-5.4.0_musl-1.1.24/bin/mipsel-openwrt-linux-musl-gcc -Os -DNDEBUG -ffunction-sections -fdata-sections -DLINUX26 -DCONFIG_RALINK -DMUSL_LIBC -DDEBUG_NOISY -DDEBUG_RCTEST -D_GNU_SOURCE -D__UAPI_DEF_ETHHDR -DRALINK_DBDC_MODE -pipe -funit-at-a-time -Wno-pointer-sign -mtune=mips32 -mips32 -DLINUX_KERNEL_VERSION=263366 --sysroot=/opt/lede-toolchain-ramips-mt7621_gcc-5.4.0_musl-1.1.24.Linux-x86_64/toolchain-mipsel_24kc_gcc-5.4.0_musl-1.1.24 -D_POSIX_C_SOURCE=200112L -D_XOPEN_SOURCE=600 -D_BSD_SOURCE -D_DEFAULT_SOURCE   -Wl,--gc-sections --sysroot=/opt/lede-toolchain-ramips-mt7621_gcc-5.4.0_musl-1.1.24.Linux-x86_64/toolchain-mipsel_24kc_gcc-5.4.0_musl-1.1.24 -lpthread  CMakeFiles/cmTC_76c33.dir/CheckIncludeFile.c.o  -o cmTC_76c33 
make[5]: Leaving directory '/repo/Pass_GPL/asuswrt/release/src/router/getdns/build/CMakeFiles/CMakeTmp'
make[4]: Leaving directory '/repo/Pass_GPL/asuswrt/release/src/router/getdns/build/CMakeFiles/CMakeTmp'


Determining if the include file openssl/err.h exists passed with the following output:
Change Dir: /repo/Pass_GPL/asuswrt/release/src/router/getdns/build/CMakeFiles/CMakeTmp

Run Build Command:"/usr/bin/make" "cmTC_6fe3d/fast"
make[4]: Entering directory '/repo/Pass_GPL/asuswrt/release/src/router/getdns/build/CMakeFiles/CMakeTmp'
/usr/bin/make -f CMakeFiles/cmTC_6fe3d.dir/build.make CMakeFiles/cmTC_6fe3d.dir/build
make[5]: Entering directory '/repo/Pass_GPL/asuswrt/release/src/router/getdns/build/CMakeFiles/CMakeTmp'
Building C object CMakeFiles/cmTC_6fe3d.dir/CheckIncludeFile.c.o
/opt/lede-toolchain-ramips-mt7621_gcc-5.4.0_musl-1.1.24.Linux-x86_64/toolchain-mipsel_24kc_gcc-5.4.0_musl-1.1.24/bin/mipsel-openwrt-linux-musl-gcc  -I/repo/Pass_GPL/asuswrt/release/src-ra-openwrt-4210/router/mipsel-musl/stage/usr/include  -Os -DNDEBUG -ffunction-sections -fdata-sections -DLINUX26 -DCONFIG_RALINK -DMUSL_LIBC -DDEBUG_NOISY -DDEBUG_RCTEST -D_GNU_SOURCE -D__UAPI_DEF_ETHHDR -DRALINK_DBDC_MODE -pipe -funit-at-a-time -Wno-pointer-sign -mtune=mips32 -mips32 -DLINUX_KERNEL_VERSION=263366 --sysroot=/opt/lede-toolchain-ramips-mt7621_gcc-5.4.0_musl-1.1.24.Linux-x86_64/toolchain-mipsel_24kc_gcc-5.4.0_musl-1.1.24 -D_POSIX_C_SOURCE=200112L -D_XOPEN_SOURCE=600 -D_BSD_SOURCE -D_DEFAULT_SOURCE    -o CMakeFiles/cmTC_6fe3d.dir/CheckIncludeFile.c.o   -c /repo/Pass_GPL/asuswrt/release/src/router/getdns/build/CMakeFiles/CMakeTmp/CheckIncludeFile.c
Linking C executable cmTC_6fe3d
/usr/bin/cmake -E cmake_link_script CMakeFiles/cmTC_6fe3d.dir/link.txt --verbose=1
/opt/lede-toolchain-ramips-mt7621_gcc-5.4.0_musl-1.1.24.Linux-x86_64/toolchain-mipsel_24kc_gcc-5.4.0_musl-1.1.24/bin/mipsel-openwrt-linux-musl-gcc -Os -DNDEBUG -ffunction-sections -fdata-sections -DLINUX26 -DCONFIG_RALINK -DMUSL_LIBC -DDEBUG_NOISY -DDEBUG_RCTEST -D_GNU_SOURCE -D__UAPI_DEF_ETHHDR -DRALINK_DBDC_MODE -pipe -funit-at-a-time -Wno-pointer-sign -mtune=mips32 -mips32 -DLINUX_KERNEL_VERSION=263366 --sysroot=/opt/lede-toolchain-ramips-mt7621_gcc-5.4.0_musl-1.1.24.Linux-x86_64/toolchain-mipsel_24kc_gcc-5.4.0_musl-1.1.24 -D_POSIX_C_SOURCE=200112L -D_XOPEN_SOURCE=600 -D_BSD_SOURCE -D_DEFAULT_SOURCE   -Wl,--gc-sections --sysroot=/opt/lede-toolchain-ramips-mt7621_gcc-5.4.0_musl-1.1.24.Linux-x86_64/toolchain-mipsel_24kc_gcc-5.4.0_musl-1.1.24 -lpthread  CMakeFiles/cmTC_6fe3d.dir/CheckIncludeFile.c.o  -o cmTC_6fe3d 
make[5]: Leaving directory '/repo/Pass_GPL/asuswrt/release/src/router/getdns/build/CMakeFiles/CMakeTmp'
make[4]: Leaving directory '/repo/Pass_GPL/asuswrt/release/src/router/getdns/build/CMakeFiles/CMakeTmp'


Determining if the include file openssl/rand.h exists passed with the following output:
Change Dir: /repo/Pass_GPL/asuswrt/release/src/router/getdns/build/CMakeFiles/CMakeTmp

Run Build Command:"/usr/bin/make" "cmTC_38e1b/fast"
make[4]: Entering directory '/repo/Pass_GPL/asuswrt/release/src/router/getdns/build/CMakeFiles/CMakeTmp'
/usr/bin/make -f CMakeFiles/cmTC_38e1b.dir/build.make CMakeFiles/cmTC_38e1b.dir/build
make[5]: Entering directory '/repo/Pass_GPL/asuswrt/release/src/router/getdns/build/CMakeFiles/CMakeTmp'
Building C object CMakeFiles/cmTC_38e1b.dir/CheckIncludeFile.c.o
/opt/lede-toolchain-ramips-mt7621_gcc-5.4.0_musl-1.1.24.Linux-x86_64/toolchain-mipsel_24kc_gcc-5.4.0_musl-1.1.24/bin/mipsel-openwrt-linux-musl-gcc  -I/repo/Pass_GPL/asuswrt/release/src-ra-openwrt-4210/router/mipsel-musl/stage/usr/include  -Os -DNDEBUG -ffunction-sections -fdata-sections -DLINUX26 -DCONFIG_RALINK -DMUSL_LIBC -DDEBUG_NOISY -DDEBUG_RCTEST -D_GNU_SOURCE -D__UAPI_DEF_ETHHDR -DRALINK_DBDC_MODE -pipe -funit-at-a-time -Wno-pointer-sign -mtune=mips32 -mips32 -DLINUX_KERNEL_VERSION=263366 --sysroot=/opt/lede-toolchain-ramips-mt7621_gcc-5.4.0_musl-1.1.24.Linux-x86_64/toolchain-mipsel_24kc_gcc-5.4.0_musl-1.1.24 -D_POSIX_C_SOURCE=200112L -D_XOPEN_SOURCE=600 -D_BSD_SOURCE -D_DEFAULT_SOURCE    -o CMakeFiles/cmTC_38e1b.dir/CheckIncludeFile.c.o   -c /repo/Pass_GPL/asuswrt/release/src/router/getdns/build/CMakeFiles/CMakeTmp/CheckIncludeFile.c
Linking C executable cmTC_38e1b
/usr/bin/cmake -E cmake_link_script CMakeFiles/cmTC_38e1b.dir/link.txt --verbose=1
/opt/lede-toolchain-ramips-mt7621_gcc-5.4.0_musl-1.1.24.Linux-x86_64/toolchain-mipsel_24kc_gcc-5.4.0_musl-1.1.24/bin/mipsel-openwrt-linux-musl-gcc -Os -DNDEBUG -ffunction-sections -fdata-sections -DLINUX26 -DCONFIG_RALINK -DMUSL_LIBC -DDEBUG_NOISY -DDEBUG_RCTEST -D_GNU_SOURCE -D__UAPI_DEF_ETHHDR -DRALINK_DBDC_MODE -pipe -funit-at-a-time -Wno-pointer-sign -mtune=mips32 -mips32 -DLINUX_KERNEL_VERSION=263366 --sysroot=/opt/lede-toolchain-ramips-mt7621_gcc-5.4.0_musl-1.1.24.Linux-x86_64/toolchain-mipsel_24kc_gcc-5.4.0_musl-1.1.24 -D_POSIX_C_SOURCE=200112L -D_XOPEN_SOURCE=600 -D_BSD_SOURCE -D_DEFAULT_SOURCE   -Wl,--gc-sections --sysroot=/opt/lede-toolchain-ramips-mt7621_gcc-5.4.0_musl-1.1.24.Linux-x86_64/toolchain-mipsel_24kc_gcc-5.4.0_musl-1.1.24 -lpthread  CMakeFiles/cmTC_38e1b.dir/CheckIncludeFile.c.o  -o cmTC_38e1b 
make[5]: Leaving directory '/repo/Pass_GPL/asuswrt/release/src/router/getdns/build/CMakeFiles/CMakeTmp'
make[4]: Leaving directory '/repo/Pass_GPL/asuswrt/release/src/router/getdns/build/CMakeFiles/CMakeTmp'


Determining if the include file openssl/conf.h exists passed with the following output:
Change Dir: /repo/Pass_GPL/asuswrt/release/src/router/getdns/build/CMakeFiles/CMakeTmp

Run Build Command:"/usr/bin/make" "cmTC_450b9/fast"
make[4]: Entering directory '/repo/Pass_GPL/asuswrt/release/src/router/getdns/build/CMakeFiles/CMakeTmp'
/usr/bin/make -f CMakeFiles/cmTC_450b9.dir/build.make CMakeFiles/cmTC_450b9.dir/build
make[5]: Entering directory '/repo/Pass_GPL/asuswrt/release/src/router/getdns/build/CMakeFiles/CMakeTmp'
Building C object CMakeFiles/cmTC_450b9.dir/CheckIncludeFile.c.o
/opt/lede-toolchain-ramips-mt7621_gcc-5.4.0_musl-1.1.24.Linux-x86_64/toolchain-mipsel_24kc_gcc-5.4.0_musl-1.1.24/bin/mipsel-openwrt-linux-musl-gcc  -I/repo/Pass_GPL/asuswrt/release/src-ra-openwrt-4210/router/mipsel-musl/stage/usr/include  -Os -DNDEBUG -ffunction-sections -fdata-sections -DLINUX26 -DCONFIG_RALINK -DMUSL_LIBC -DDEBUG_NOISY -DDEBUG_RCTEST -D_GNU_SOURCE -D__UAPI_DEF_ETHHDR -DRALINK_DBDC_MODE -pipe -funit-at-a-time -Wno-pointer-sign -mtune=mips32 -mips32 -DLINUX_KERNEL_VERSION=263366 --sysroot=/opt/lede-toolchain-ramips-mt7621_gcc-5.4.0_musl-1.1.24.Linux-x86_64/toolchain-mipsel_24kc_gcc-5.4.0_musl-1.1.24 -D_POSIX_C_SOURCE=200112L -D_XOPEN_SOURCE=600 -D_BSD_SOURCE -D_DEFAULT_SOURCE    -o CMakeFiles/cmTC_450b9.dir/CheckIncludeFile.c.o   -c /repo/Pass_GPL/asuswrt/release/src/router/getdns/build/CMakeFiles/CMakeTmp/CheckIncludeFile.c
Linking C executable cmTC_450b9
/usr/bin/cmake -E cmake_link_script CMakeFiles/cmTC_450b9.dir/link.txt --verbose=1
/opt/lede-toolchain-ramips-mt7621_gcc-5.4.0_musl-1.1.24.Linux-x86_64/toolchain-mipsel_24kc_gcc-5.4.0_musl-1.1.24/bin/mipsel-openwrt-linux-musl-gcc -Os -DNDEBUG -ffunction-sections -fdata-sections -DLINUX26 -DCONFIG_RALINK -DMUSL_LIBC -DDEBUG_NOISY -DDEBUG_RCTEST -D_GNU_SOURCE -D__UAPI_DEF_ETHHDR -DRALINK_DBDC_MODE -pipe -funit-at-a-time -Wno-pointer-sign -mtune=mips32 -mips32 -DLINUX_KERNEL_VERSION=263366 --sysroot=/opt/lede-toolchain-ramips-mt7621_gcc-5.4.0_musl-1.1.24.Linux-x86_64/toolchain-mipsel_24kc_gcc-5.4.0_musl-1.1.24 -D_POSIX_C_SOURCE=200112L -D_XOPEN_SOURCE=600 -D_BSD_SOURCE -D_DEFAULT_SOURCE   -Wl,--gc-sections --sysroot=/opt/lede-toolchain-ramips-mt7621_gcc-5.4.0_musl-1.1.24.Linux-x86_64/toolchain-mipsel_24kc_gcc-5.4.0_musl-1.1.24 -lpthread  CMakeFiles/cmTC_450b9.dir/CheckIncludeFile.c.o  -o cmTC_450b9 
make[5]: Leaving directory '/repo/Pass_GPL/asuswrt/release/src/router/getdns/build/CMakeFiles/CMakeTmp'
make[4]: Leaving directory '/repo/Pass_GPL/asuswrt/release/src/router/getdns/build/CMakeFiles/CMakeTmp'


Determining if the include file openssl/engine.h exists passed with the following output:
Change Dir: /repo/Pass_GPL/asuswrt/release/src/router/getdns/build/CMakeFiles/CMakeTmp

Run Build Command:"/usr/bin/make" "cmTC_0c5b0/fast"
make[4]: Entering directory '/repo/Pass_GPL/asuswrt/release/src/router/getdns/build/CMakeFiles/CMakeTmp'
/usr/bin/make -f CMakeFiles/cmTC_0c5b0.dir/build.make CMakeFiles/cmTC_0c5b0.dir/build
make[5]: Entering directory '/repo/Pass_GPL/asuswrt/release/src/router/getdns/build/CMakeFiles/CMakeTmp'
Building C object CMakeFiles/cmTC_0c5b0.dir/CheckIncludeFile.c.o
/opt/lede-toolchain-ramips-mt7621_gcc-5.4.0_musl-1.1.24.Linux-x86_64/toolchain-mipsel_24kc_gcc-5.4.0_musl-1.1.24/bin/mipsel-openwrt-linux-musl-gcc  -I/repo/Pass_GPL/asuswrt/release/src-ra-openwrt-4210/router/mipsel-musl/stage/usr/include  -Os -DNDEBUG -ffunction-sections -fdata-sections -DLINUX26 -DCONFIG_RALINK -DMUSL_LIBC -DDEBUG_NOISY -DDEBUG_RCTEST -D_GNU_SOURCE -D__UAPI_DEF_ETHHDR -DRALINK_DBDC_MODE -pipe -funit-at-a-time -Wno-pointer-sign -mtune=mips32 -mips32 -DLINUX_KERNEL_VERSION=263366 --sysroot=/opt/lede-toolchain-ramips-mt7621_gcc-5.4.0_musl-1.1.24.Linux-x86_64/toolchain-mipsel_24kc_gcc-5.4.0_musl-1.1.24 -D_POSIX_C_SOURCE=200112L -D_XOPEN_SOURCE=600 -D_BSD_SOURCE -D_DEFAULT_SOURCE    -o CMakeFiles/cmTC_0c5b0.dir/CheckIncludeFile.c.o   -c /repo/Pass_GPL/asuswrt/release/src/router/getdns/build/CMakeFiles/CMakeTmp/CheckIncludeFile.c
Linking C executable cmTC_0c5b0
/usr/bin/cmake -E cmake_link_script CMakeFiles/cmTC_0c5b0.dir/link.txt --verbose=1
/opt/lede-toolchain-ramips-mt7621_gcc-5.4.0_musl-1.1.24.Linux-x86_64/toolchain-mipsel_24kc_gcc-5.4.0_musl-1.1.24/bin/mipsel-openwrt-linux-musl-gcc -Os -DNDEBUG -ffunction-sections -fdata-sections -DLINUX26 -DCONFIG_RALINK -DMUSL_LIBC -DDEBUG_NOISY -DDEBUG_RCTEST -D_GNU_SOURCE -D__UAPI_DEF_ETHHDR -DRALINK_DBDC_MODE -pipe -funit-at-a-time -Wno-pointer-sign -mtune=mips32 -mips32 -DLINUX_KERNEL_VERSION=263366 --sysroot=/opt/lede-toolchain-ramips-mt7621_gcc-5.4.0_musl-1.1.24.Linux-x86_64/toolchain-mipsel_24kc_gcc-5.4.0_musl-1.1.24 -D_POSIX_C_SOURCE=200112L -D_XOPEN_SOURCE=600 -D_BSD_SOURCE -D_DEFAULT_SOURCE   -Wl,--gc-sections --sysroot=/opt/lede-toolchain-ramips-mt7621_gcc-5.4.0_musl-1.1.24.Linux-x86_64/toolchain-mipsel_24kc_gcc-5.4.0_musl-1.1.24 -lpthread  CMakeFiles/cmTC_0c5b0.dir/CheckIncludeFile.c.o  -o cmTC_0c5b0 
make[5]: Leaving directory '/repo/Pass_GPL/asuswrt/release/src/router/getdns/build/CMakeFiles/CMakeTmp'
make[4]: Leaving directory '/repo/Pass_GPL/asuswrt/release/src/router/getdns/build/CMakeFiles/CMakeTmp'


Determining if the function DSA_SIG_set0 exists passed with the following output:
Change Dir: /repo/Pass_GPL/asuswrt/release/src/router/getdns/build/CMakeFiles/CMakeTmp

Run Build Command:"/usr/bin/make" "cmTC_07218/fast"
make[4]: Entering directory '/repo/Pass_GPL/asuswrt/release/src/router/getdns/build/CMakeFiles/CMakeTmp'
/usr/bin/make -f CMakeFiles/cmTC_07218.dir/build.make CMakeFiles/cmTC_07218.dir/build
make[5]: Entering directory '/repo/Pass_GPL/asuswrt/release/src/router/getdns/build/CMakeFiles/CMakeTmp'
Building C object CMakeFiles/cmTC_07218.dir/CheckFunctionExists.c.o
/opt/lede-toolchain-ramips-mt7621_gcc-5.4.0_musl-1.1.24.Linux-x86_64/toolchain-mipsel_24kc_gcc-5.4.0_musl-1.1.24/bin/mipsel-openwrt-linux-musl-gcc  -I/repo/Pass_GPL/asuswrt/release/src-ra-openwrt-4210/router/mipsel-musl/stage/usr/include  -Os -DNDEBUG -ffunction-sections -fdata-sections -DLINUX26 -DCONFIG_RALINK -DMUSL_LIBC -DDEBUG_NOISY -DDEBUG_RCTEST -D_GNU_SOURCE -D__UAPI_DEF_ETHHDR -DRALINK_DBDC_MODE -pipe -funit-at-a-time -Wno-pointer-sign -mtune=mips32 -mips32 -DLINUX_KERNEL_VERSION=263366 --sysroot=/opt/lede-toolchain-ramips-mt7621_gcc-5.4.0_musl-1.1.24.Linux-x86_64/toolchain-mipsel_24kc_gcc-5.4.0_musl-1.1.24 -D_POSIX_C_SOURCE=200112L -D_XOPEN_SOURCE=600 -D_BSD_SOURCE -D_DEFAULT_SOURCE -DCHECK_FUNCTION_EXISTS=DSA_SIG_set0   -o CMakeFiles/cmTC_07218.dir/CheckFunctionExists.c.o   -c /usr/share/cmake-3.10/Modules/CheckFunctionExists.c
Linking C executable cmTC_07218
/usr/bin/cmake -E cmake_link_script CMakeFiles/cmTC_07218.dir/link.txt --verbose=1
/opt/lede-toolchain-ramips-mt7621_gcc-5.4.0_musl-1.1.24.Linux-x86_64/toolchain-mipsel_24kc_gcc-5.4.0_musl-1.1.24/bin/mipsel-openwrt-linux-musl-gcc -Os -DNDEBUG -ffunction-sections -fdata-sections -DLINUX26 -DCONFIG_RALINK -DMUSL_LIBC -DDEBUG_NOISY -DDEBUG_RCTEST -D_GNU_SOURCE -D__UAPI_DEF_ETHHDR -DRALINK_DBDC_MODE -pipe -funit-at-a-time -Wno-pointer-sign -mtune=mips32 -mips32 -DLINUX_KERNEL_VERSION=263366 --sysroot=/opt/lede-toolchain-ramips-mt7621_gcc-5.4.0_musl-1.1.24.Linux-x86_64/toolchain-mipsel_24kc_gcc-5.4.0_musl-1.1.24 -D_POSIX_C_SOURCE=200112L -D_XOPEN_SOURCE=600 -D_BSD_SOURCE -D_DEFAULT_SOURCE -DCHECK_FUNCTION_EXISTS=DSA_SIG_set0  -Wl,--gc-sections --sysroot=/opt/lede-toolchain-ramips-mt7621_gcc-5.4.0_musl-1.1.24.Linux-x86_64/toolchain-mipsel_24kc_gcc-5.4.0_musl-1.1.24 -lpthread  CMakeFiles/cmTC_07218.dir/CheckFunctionExists.c.o  -o cmTC_07218 -Wl,-rpath,/repo/Pass_GPL/asuswrt/release/src-ra-openwrt-4210/router/mipsel-musl/stage/usr/lib /repo/Pass_GPL/asuswrt/release/src-ra-openwrt-4210/router/mipsel-musl/stage/usr/lib/libssl.so /repo/Pass_GPL/asuswrt/release/src-ra-openwrt-4210/router/mipsel-musl/stage/usr/lib/libcrypto.so 
make[5]: Leaving directory '/repo/Pass_GPL/asuswrt/release/src/router/getdns/build/CMakeFiles/CMakeTmp'
make[4]: Leaving directory '/repo/Pass_GPL/asuswrt/release/src/router/getdns/build/CMakeFiles/CMakeTmp'


Determining if the function DSA_set0_pqg exists passed with the following output:
Change Dir: /repo/Pass_GPL/asuswrt/release/src/router/getdns/build/CMakeFiles/CMakeTmp

Run Build Command:"/usr/bin/make" "cmTC_7cb51/fast"
make[4]: Entering directory '/repo/Pass_GPL/asuswrt/release/src/router/getdns/build/CMakeFiles/CMakeTmp'
/usr/bin/make -f CMakeFiles/cmTC_7cb51.dir/build.make CMakeFiles/cmTC_7cb51.dir/build
make[5]: Entering directory '/repo/Pass_GPL/asuswrt/release/src/router/getdns/build/CMakeFiles/CMakeTmp'
Building C object CMakeFiles/cmTC_7cb51.dir/CheckFunctionExists.c.o
/opt/lede-toolchain-ramips-mt7621_gcc-5.4.0_musl-1.1.24.Linux-x86_64/toolchain-mipsel_24kc_gcc-5.4.0_musl-1.1.24/bin/mipsel-openwrt-linux-musl-gcc  -I/repo/Pass_GPL/asuswrt/release/src-ra-openwrt-4210/router/mipsel-musl/stage/usr/include  -Os -DNDEBUG -ffunction-sections -fdata-sections -DLINUX26 -DCONFIG_RALINK -DMUSL_LIBC -DDEBUG_NOISY -DDEBUG_RCTEST -D_GNU_SOURCE -D__UAPI_DEF_ETHHDR -DRALINK_DBDC_MODE -pipe -funit-at-a-time -Wno-pointer-sign -mtune=mips32 -mips32 -DLINUX_KERNEL_VERSION=263366 --sysroot=/opt/lede-toolchain-ramips-mt7621_gcc-5.4.0_musl-1.1.24.Linux-x86_64/toolchain-mipsel_24kc_gcc-5.4.0_musl-1.1.24 -D_POSIX_C_SOURCE=200112L -D_XOPEN_SOURCE=600 -D_BSD_SOURCE -D_DEFAULT_SOURCE -DCHECK_FUNCTION_EXISTS=DSA_set0_pqg   -o CMakeFiles/cmTC_7cb51.dir/CheckFunctionExists.c.o   -c /usr/share/cmake-3.10/Modules/CheckFunctionExists.c
Linking C executable cmTC_7cb51
/usr/bin/cmake -E cmake_link_script CMakeFiles/cmTC_7cb51.dir/link.txt --verbose=1
/opt/lede-toolchain-ramips-mt7621_gcc-5.4.0_musl-1.1.24.Linux-x86_64/toolchain-mipsel_24kc_gcc-5.4.0_musl-1.1.24/bin/mipsel-openwrt-linux-musl-gcc -Os -DNDEBUG -ffunction-sections -fdata-sections -DLINUX26 -DCONFIG_RALINK -DMUSL_LIBC -DDEBUG_NOISY -DDEBUG_RCTEST -D_GNU_SOURCE -D__UAPI_DEF_ETHHDR -DRALINK_DBDC_MODE -pipe -funit-at-a-time -Wno-pointer-sign -mtune=mips32 -mips32 -DLINUX_KERNEL_VERSION=263366 --sysroot=/opt/lede-toolchain-ramips-mt7621_gcc-5.4.0_musl-1.1.24.Linux-x86_64/toolchain-mipsel_24kc_gcc-5.4.0_musl-1.1.24 -D_POSIX_C_SOURCE=200112L -D_XOPEN_SOURCE=600 -D_BSD_SOURCE -D_DEFAULT_SOURCE -DCHECK_FUNCTION_EXISTS=DSA_set0_pqg  -Wl,--gc-sections --sysroot=/opt/lede-toolchain-ramips-mt7621_gcc-5.4.0_musl-1.1.24.Linux-x86_64/toolchain-mipsel_24kc_gcc-5.4.0_musl-1.1.24 -lpthread  CMakeFiles/cmTC_7cb51.dir/CheckFunctionExists.c.o  -o cmTC_7cb51 -Wl,-rpath,/repo/Pass_GPL/asuswrt/release/src-ra-openwrt-4210/router/mipsel-musl/stage/usr/lib /repo/Pass_GPL/asuswrt/release/src-ra-openwrt-4210/router/mipsel-musl/stage/usr/lib/libssl.so /repo/Pass_GPL/asuswrt/release/src-ra-openwrt-4210/router/mipsel-musl/stage/usr/lib/libcrypto.so 
make[5]: Leaving directory '/repo/Pass_GPL/asuswrt/release/src/router/getdns/build/CMakeFiles/CMakeTmp'
make[4]: Leaving directory '/repo/Pass_GPL/asuswrt/release/src/router/getdns/build/CMakeFiles/CMakeTmp'


Determining if the function DSA_set0_key exists passed with the following output:
Change Dir: /repo/Pass_GPL/asuswrt/release/src/router/getdns/build/CMakeFiles/CMakeTmp

Run Build Command:"/usr/bin/make" "cmTC_50747/fast"
make[4]: Entering directory '/repo/Pass_GPL/asuswrt/release/src/router/getdns/build/CMakeFiles/CMakeTmp'
/usr/bin/make -f CMakeFiles/cmTC_50747.dir/build.make CMakeFiles/cmTC_50747.dir/build
make[5]: Entering directory '/repo/Pass_GPL/asuswrt/release/src/router/getdns/build/CMakeFiles/CMakeTmp'
Building C object CMakeFiles/cmTC_50747.dir/CheckFunctionExists.c.o
/opt/lede-toolchain-ramips-mt7621_gcc-5.4.0_musl-1.1.24.Linux-x86_64/toolchain-mipsel_24kc_gcc-5.4.0_musl-1.1.24/bin/mipsel-openwrt-linux-musl-gcc  -I/repo/Pass_GPL/asuswrt/release/src-ra-openwrt-4210/router/mipsel-musl/stage/usr/include  -Os -DNDEBUG -ffunction-sections -fdata-sections -DLINUX26 -DCONFIG_RALINK -DMUSL_LIBC -DDEBUG_NOISY -DDEBUG_RCTEST -D_GNU_SOURCE -D__UAPI_DEF_ETHHDR -DRALINK_DBDC_MODE -pipe -funit-at-a-time -Wno-pointer-sign -mtune=mips32 -mips32 -DLINUX_KERNEL_VERSION=263366 --sysroot=/opt/lede-toolchain-ramips-mt7621_gcc-5.4.0_musl-1.1.24.Linux-x86_64/toolchain-mipsel_24kc_gcc-5.4.0_musl-1.1.24 -D_POSIX_C_SOURCE=200112L -D_XOPEN_SOURCE=600 -D_BSD_SOURCE -D_DEFAULT_SOURCE -DCHECK_FUNCTION_EXISTS=DSA_set0_key   -o CMakeFiles/cmTC_50747.dir/CheckFunctionExists.c.o   -c /usr/share/cmake-3.10/Modules/CheckFunctionExists.c
Linking C executable cmTC_50747
/usr/bin/cmake -E cmake_link_script CMakeFiles/cmTC_50747.dir/link.txt --verbose=1
/opt/lede-toolchain-ramips-mt7621_gcc-5.4.0_musl-1.1.24.Linux-x86_64/toolchain-mipsel_24kc_gcc-5.4.0_musl-1.1.24/bin/mipsel-openwrt-linux-musl-gcc -Os -DNDEBUG -ffunction-sections -fdata-sections -DLINUX26 -DCONFIG_RALINK -DMUSL_LIBC -DDEBUG_NOISY -DDEBUG_RCTEST -D_GNU_SOURCE -D__UAPI_DEF_ETHHDR -DRALINK_DBDC_MODE -pipe -funit-at-a-time -Wno-pointer-sign -mtune=mips32 -mips32 -DLINUX_KERNEL_VERSION=263366 --sysroot=/opt/lede-toolchain-ramips-mt7621_gcc-5.4.0_musl-1.1.24.Linux-x86_64/toolchain-mipsel_24kc_gcc-5.4.0_musl-1.1.24 -D_POSIX_C_SOURCE=200112L -D_XOPEN_SOURCE=600 -D_BSD_SOURCE -D_DEFAULT_SOURCE -DCHECK_FUNCTION_EXISTS=DSA_set0_key  -Wl,--gc-sections --sysroot=/opt/lede-toolchain-ramips-mt7621_gcc-5.4.0_musl-1.1.24.Linux-x86_64/toolchain-mipsel_24kc_gcc-5.4.0_musl-1.1.24 -lpthread  CMakeFiles/cmTC_50747.dir/CheckFunctionExists.c.o  -o cmTC_50747 -Wl,-rpath,/repo/Pass_GPL/asuswrt/release/src-ra-openwrt-4210/router/mipsel-musl/stage/usr/lib /repo/Pass_GPL/asuswrt/release/src-ra-openwrt-4210/router/mipsel-musl/stage/usr/lib/libssl.so /repo/Pass_GPL/asuswrt/release/src-ra-openwrt-4210/router/mipsel-musl/stage/usr/lib/libcrypto.so 
make[5]: Leaving directory '/repo/Pass_GPL/asuswrt/release/src/router/getdns/build/CMakeFiles/CMakeTmp'
make[4]: Leaving directory '/repo/Pass_GPL/asuswrt/release/src/router/getdns/build/CMakeFiles/CMakeTmp'


Determining if the function RSA_set0_key exists passed with the following output:
Change Dir: /repo/Pass_GPL/asuswrt/release/src/router/getdns/build/CMakeFiles/CMakeTmp

Run Build Command:"/usr/bin/make" "cmTC_c8540/fast"
make[4]: Entering directory '/repo/Pass_GPL/asuswrt/release/src/router/getdns/build/CMakeFiles/CMakeTmp'
/usr/bin/make -f CMakeFiles/cmTC_c8540.dir/build.make CMakeFiles/cmTC_c8540.dir/build
make[5]: Entering directory '/repo/Pass_GPL/asuswrt/release/src/router/getdns/build/CMakeFiles/CMakeTmp'
Building C object CMakeFiles/cmTC_c8540.dir/CheckFunctionExists.c.o
/opt/lede-toolchain-ramips-mt7621_gcc-5.4.0_musl-1.1.24.Linux-x86_64/toolchain-mipsel_24kc_gcc-5.4.0_musl-1.1.24/bin/mipsel-openwrt-linux-musl-gcc  -I/repo/Pass_GPL/asuswrt/release/src-ra-openwrt-4210/router/mipsel-musl/stage/usr/include  -Os -DNDEBUG -ffunction-sections -fdata-sections -DLINUX26 -DCONFIG_RALINK -DMUSL_LIBC -DDEBUG_NOISY -DDEBUG_RCTEST -D_GNU_SOURCE -D__UAPI_DEF_ETHHDR -DRALINK_DBDC_MODE -pipe -funit-at-a-time -Wno-pointer-sign -mtune=mips32 -mips32 -DLINUX_KERNEL_VERSION=263366 --sysroot=/opt/lede-toolchain-ramips-mt7621_gcc-5.4.0_musl-1.1.24.Linux-x86_64/toolchain-mipsel_24kc_gcc-5.4.0_musl-1.1.24 -D_POSIX_C_SOURCE=200112L -D_XOPEN_SOURCE=600 -D_BSD_SOURCE -D_DEFAULT_SOURCE -DCHECK_FUNCTION_EXISTS=RSA_set0_key   -o CMakeFiles/cmTC_c8540.dir/CheckFunctionExists.c.o   -c /usr/share/cmake-3.10/Modules/CheckFunctionExists.c
Linking C executable cmTC_c8540
/usr/bin/cmake -E cmake_link_script CMakeFiles/cmTC_c8540.dir/link.txt --verbose=1
/opt/lede-toolchain-ramips-mt7621_gcc-5.4.0_musl-1.1.24.Linux-x86_64/toolchain-mipsel_24kc_gcc-5.4.0_musl-1.1.24/bin/mipsel-openwrt-linux-musl-gcc -Os -DNDEBUG -ffunction-sections -fdata-sections -DLINUX26 -DCONFIG_RALINK -DMUSL_LIBC -DDEBUG_NOISY -DDEBUG_RCTEST -D_GNU_SOURCE -D__UAPI_DEF_ETHHDR -DRALINK_DBDC_MODE -pipe -funit-at-a-time -Wno-pointer-sign -mtune=mips32 -mips32 -DLINUX_KERNEL_VERSION=263366 --sysroot=/opt/lede-toolchain-ramips-mt7621_gcc-5.4.0_musl-1.1.24.Linux-x86_64/toolchain-mipsel_24kc_gcc-5.4.0_musl-1.1.24 -D_POSIX_C_SOURCE=200112L -D_XOPEN_SOURCE=600 -D_BSD_SOURCE -D_DEFAULT_SOURCE -DCHECK_FUNCTION_EXISTS=RSA_set0_key  -Wl,--gc-sections --sysroot=/opt/lede-toolchain-ramips-mt7621_gcc-5.4.0_musl-1.1.24.Linux-x86_64/toolchain-mipsel_24kc_gcc-5.4.0_musl-1.1.24 -lpthread  CMakeFiles/cmTC_c8540.dir/CheckFunctionExists.c.o  -o cmTC_c8540 -Wl,-rpath,/repo/Pass_GPL/asuswrt/release/src-ra-openwrt-4210/router/mipsel-musl/stage/usr/lib /repo/Pass_GPL/asuswrt/release/src-ra-openwrt-4210/router/mipsel-musl/stage/usr/lib/libssl.so /repo/Pass_GPL/asuswrt/release/src-ra-openwrt-4210/router/mipsel-musl/stage/usr/lib/libcrypto.so 
make[5]: Leaving directory '/repo/Pass_GPL/asuswrt/release/src/router/getdns/build/CMakeFiles/CMakeTmp'
make[4]: Leaving directory '/repo/Pass_GPL/asuswrt/release/src/router/getdns/build/CMakeFiles/CMakeTmp'


Determining if the function EVP_md5 exists passed with the following output:
Change Dir: /repo/Pass_GPL/asuswrt/release/src/router/getdns/build/CMakeFiles/CMakeTmp

Run Build Command:"/usr/bin/make" "cmTC_9234b/fast"
make[4]: Entering directory '/repo/Pass_GPL/asuswrt/release/src/router/getdns/build/CMakeFiles/CMakeTmp'
/usr/bin/make -f CMakeFiles/cmTC_9234b.dir/build.make CMakeFiles/cmTC_9234b.dir/build
make[5]: Entering directory '/repo/Pass_GPL/asuswrt/release/src/router/getdns/build/CMakeFiles/CMakeTmp'
Building C object CMakeFiles/cmTC_9234b.dir/CheckFunctionExists.c.o
/opt/lede-toolchain-ramips-mt7621_gcc-5.4.0_musl-1.1.24.Linux-x86_64/toolchain-mipsel_24kc_gcc-5.4.0_musl-1.1.24/bin/mipsel-openwrt-linux-musl-gcc  -I/repo/Pass_GPL/asuswrt/release/src-ra-openwrt-4210/router/mipsel-musl/stage/usr/include  -Os -DNDEBUG -ffunction-sections -fdata-sections -DLINUX26 -DCONFIG_RALINK -DMUSL_LIBC -DDEBUG_NOISY -DDEBUG_RCTEST -D_GNU_SOURCE -D__UAPI_DEF_ETHHDR -DRALINK_DBDC_MODE -pipe -funit-at-a-time -Wno-pointer-sign -mtune=mips32 -mips32 -DLINUX_KERNEL_VERSION=263366 --sysroot=/opt/lede-toolchain-ramips-mt7621_gcc-5.4.0_musl-1.1.24.Linux-x86_64/toolchain-mipsel_24kc_gcc-5.4.0_musl-1.1.24 -D_POSIX_C_SOURCE=200112L -D_XOPEN_SOURCE=600 -D_BSD_SOURCE -D_DEFAULT_SOURCE -DCHECK_FUNCTION_EXISTS=EVP_md5   -o CMakeFiles/cmTC_9234b.dir/CheckFunctionExists.c.o   -c /usr/share/cmake-3.10/Modules/CheckFunctionExists.c
Linking C executable cmTC_9234b
/usr/bin/cmake -E cmake_link_script CMakeFiles/cmTC_9234b.dir/link.txt --verbose=1
/opt/lede-toolchain-ramips-mt7621_gcc-5.4.0_musl-1.1.24.Linux-x86_64/toolchain-mipsel_24kc_gcc-5.4.0_musl-1.1.24/bin/mipsel-openwrt-linux-musl-gcc -Os -DNDEBUG -ffunction-sections -fdata-sections -DLINUX26 -DCONFIG_RALINK -DMUSL_LIBC -DDEBUG_NOISY -DDEBUG_RCTEST -D_GNU_SOURCE -D__UAPI_DEF_ETHHDR -DRALINK_DBDC_MODE -pipe -funit-at-a-time -Wno-pointer-sign -mtune=mips32 -mips32 -DLINUX_KERNEL_VERSION=263366 --sysroot=/opt/lede-toolchain-ramips-mt7621_gcc-5.4.0_musl-1.1.24.Linux-x86_64/toolchain-mipsel_24kc_gcc-5.4.0_musl-1.1.24 -D_POSIX_C_SOURCE=200112L -D_XOPEN_SOURCE=600 -D_BSD_SOURCE -D_DEFAULT_SOURCE -DCHECK_FUNCTION_EXISTS=EVP_md5  -Wl,--gc-sections --sysroot=/opt/lede-toolchain-ramips-mt7621_gcc-5.4.0_musl-1.1.24.Linux-x86_64/toolchain-mipsel_24kc_gcc-5.4.0_musl-1.1.24 -lpthread  CMakeFiles/cmTC_9234b.dir/CheckFunctionExists.c.o  -o cmTC_9234b -Wl,-rpath,/repo/Pass_GPL/asuswrt/release/src-ra-openwrt-4210/router/mipsel-musl/stage/usr/lib /repo/Pass_GPL/asuswrt/release/src-ra-openwrt-4210/router/mipsel-musl/stage/usr/lib/libssl.so /repo/Pass_GPL/asuswrt/release/src-ra-openwrt-4210/router/mipsel-musl/stage/usr/lib/libcrypto.so 
make[5]: Leaving directory '/repo/Pass_GPL/asuswrt/release/src/router/getdns/build/CMakeFiles/CMakeTmp'
make[4]: Leaving directory '/repo/Pass_GPL/asuswrt/release/src/router/getdns/build/CMakeFiles/CMakeTmp'


Determining if the function EVP_sha1 exists passed with the following output:
Change Dir: /repo/Pass_GPL/asuswrt/release/src/router/getdns/build/CMakeFiles/CMakeTmp

Run Build Command:"/usr/bin/make" "cmTC_4481f/fast"
make[4]: Entering directory '/repo/Pass_GPL/asuswrt/release/src/router/getdns/build/CMakeFiles/CMakeTmp'
/usr/bin/make -f CMakeFiles/cmTC_4481f.dir/build.make CMakeFiles/cmTC_4481f.dir/build
make[5]: Entering directory '/repo/Pass_GPL/asuswrt/release/src/router/getdns/build/CMakeFiles/CMakeTmp'
Building C object CMakeFiles/cmTC_4481f.dir/CheckFunctionExists.c.o
/opt/lede-toolchain-ramips-mt7621_gcc-5.4.0_musl-1.1.24.Linux-x86_64/toolchain-mipsel_24kc_gcc-5.4.0_musl-1.1.24/bin/mipsel-openwrt-linux-musl-gcc  -I/repo/Pass_GPL/asuswrt/release/src-ra-openwrt-4210/router/mipsel-musl/stage/usr/include  -Os -DNDEBUG -ffunction-sections -fdata-sections -DLINUX26 -DCONFIG_RALINK -DMUSL_LIBC -DDEBUG_NOISY -DDEBUG_RCTEST -D_GNU_SOURCE -D__UAPI_DEF_ETHHDR -DRALINK_DBDC_MODE -pipe -funit-at-a-time -Wno-pointer-sign -mtune=mips32 -mips32 -DLINUX_KERNEL_VERSION=263366 --sysroot=/opt/lede-toolchain-ramips-mt7621_gcc-5.4.0_musl-1.1.24.Linux-x86_64/toolchain-mipsel_24kc_gcc-5.4.0_musl-1.1.24 -D_POSIX_C_SOURCE=200112L -D_XOPEN_SOURCE=600 -D_BSD_SOURCE -D_DEFAULT_SOURCE -DCHECK_FUNCTION_EXISTS=EVP_sha1   -o CMakeFiles/cmTC_4481f.dir/CheckFunctionExists.c.o   -c /usr/share/cmake-3.10/Modules/CheckFunctionExists.c
Linking C executable cmTC_4481f
/usr/bin/cmake -E cmake_link_script CMakeFiles/cmTC_4481f.dir/link.txt --verbose=1
/opt/lede-toolchain-ramips-mt7621_gcc-5.4.0_musl-1.1.24.Linux-x86_64/toolchain-mipsel_24kc_gcc-5.4.0_musl-1.1.24/bin/mipsel-openwrt-linux-musl-gcc -Os -DNDEBUG -ffunction-sections -fdata-sections -DLINUX26 -DCONFIG_RALINK -DMUSL_LIBC -DDEBUG_NOISY -DDEBUG_RCTEST -D_GNU_SOURCE -D__UAPI_DEF_ETHHDR -DRALINK_DBDC_MODE -pipe -funit-at-a-time -Wno-pointer-sign -mtune=mips32 -mips32 -DLINUX_KERNEL_VERSION=263366 --sysroot=/opt/lede-toolchain-ramips-mt7621_gcc-5.4.0_musl-1.1.24.Linux-x86_64/toolchain-mipsel_24kc_gcc-5.4.0_musl-1.1.24 -D_POSIX_C_SOURCE=200112L -D_XOPEN_SOURCE=600 -D_BSD_SOURCE -D_DEFAULT_SOURCE -DCHECK_FUNCTION_EXISTS=EVP_sha1  -Wl,--gc-sections --sysroot=/opt/lede-toolchain-ramips-mt7621_gcc-5.4.0_musl-1.1.24.Linux-x86_64/toolchain-mipsel_24kc_gcc-5.4.0_musl-1.1.24 -lpthread  CMakeFiles/cmTC_4481f.dir/CheckFunctionExists.c.o  -o cmTC_4481f -Wl,-rpath,/repo/Pass_GPL/asuswrt/release/src-ra-openwrt-4210/router/mipsel-musl/stage/usr/lib /repo/Pass_GPL/asuswrt/release/src-ra-openwrt-4210/router/mipsel-musl/stage/usr/lib/libssl.so /repo/Pass_GPL/asuswrt/release/src-ra-openwrt-4210/router/mipsel-musl/stage/usr/lib/libcrypto.so 
make[5]: Leaving directory '/repo/Pass_GPL/asuswrt/release/src/router/getdns/build/CMakeFiles/CMakeTmp'
make[4]: Leaving directory '/repo/Pass_GPL/asuswrt/release/src/router/getdns/build/CMakeFiles/CMakeTmp'


Determining if the function EVP_sha224 exists passed with the following output:
Change Dir: /repo/Pass_GPL/asuswrt/release/src/router/getdns/build/CMakeFiles/CMakeTmp

Run Build Command:"/usr/bin/make" "cmTC_76e67/fast"
make[4]: Entering directory '/repo/Pass_GPL/asuswrt/release/src/router/getdns/build/CMakeFiles/CMakeTmp'
/usr/bin/make -f CMakeFiles/cmTC_76e67.dir/build.make CMakeFiles/cmTC_76e67.dir/build
make[5]: Entering directory '/repo/Pass_GPL/asuswrt/release/src/router/getdns/build/CMakeFiles/CMakeTmp'
Building C object CMakeFiles/cmTC_76e67.dir/CheckFunctionExists.c.o
/opt/lede-toolchain-ramips-mt7621_gcc-5.4.0_musl-1.1.24.Linux-x86_64/toolchain-mipsel_24kc_gcc-5.4.0_musl-1.1.24/bin/mipsel-openwrt-linux-musl-gcc  -I/repo/Pass_GPL/asuswrt/release/src-ra-openwrt-4210/router/mipsel-musl/stage/usr/include  -Os -DNDEBUG -ffunction-sections -fdata-sections -DLINUX26 -DCONFIG_RALINK -DMUSL_LIBC -DDEBUG_NOISY -DDEBUG_RCTEST -D_GNU_SOURCE -D__UAPI_DEF_ETHHDR -DRALINK_DBDC_MODE -pipe -funit-at-a-time -Wno-pointer-sign -mtune=mips32 -mips32 -DLINUX_KERNEL_VERSION=263366 --sysroot=/opt/lede-toolchain-ramips-mt7621_gcc-5.4.0_musl-1.1.24.Linux-x86_64/toolchain-mipsel_24kc_gcc-5.4.0_musl-1.1.24 -D_POSIX_C_SOURCE=200112L -D_XOPEN_SOURCE=600 -D_BSD_SOURCE -D_DEFAULT_SOURCE -DCHECK_FUNCTION_EXISTS=EVP_sha224   -o CMakeFiles/cmTC_76e67.dir/CheckFunctionExists.c.o   -c /usr/share/cmake-3.10/Modules/CheckFunctionExists.c
Linking C executable cmTC_76e67
/usr/bin/cmake -E cmake_link_script CMakeFiles/cmTC_76e67.dir/link.txt --verbose=1
/opt/lede-toolchain-ramips-mt7621_gcc-5.4.0_musl-1.1.24.Linux-x86_64/toolchain-mipsel_24kc_gcc-5.4.0_musl-1.1.24/bin/mipsel-openwrt-linux-musl-gcc -Os -DNDEBUG -ffunction-sections -fdata-sections -DLINUX26 -DCONFIG_RALINK -DMUSL_LIBC -DDEBUG_NOISY -DDEBUG_RCTEST -D_GNU_SOURCE -D__UAPI_DEF_ETHHDR -DRALINK_DBDC_MODE -pipe -funit-at-a-time -Wno-pointer-sign -mtune=mips32 -mips32 -DLINUX_KERNEL_VERSION=263366 --sysroot=/opt/lede-toolchain-ramips-mt7621_gcc-5.4.0_musl-1.1.24.Linux-x86_64/toolchain-mipsel_24kc_gcc-5.4.0_musl-1.1.24 -D_POSIX_C_SOURCE=200112L -D_XOPEN_SOURCE=600 -D_BSD_SOURCE -D_DEFAULT_SOURCE -DCHECK_FUNCTION_EXISTS=EVP_sha224  -Wl,--gc-sections --sysroot=/opt/lede-toolchain-ramips-mt7621_gcc-5.4.0_musl-1.1.24.Linux-x86_64/toolchain-mipsel_24kc_gcc-5.4.0_musl-1.1.24 -lpthread  CMakeFiles/cmTC_76e67.dir/CheckFunctionExists.c.o  -o cmTC_76e67 -Wl,-rpath,/repo/Pass_GPL/asuswrt/release/src-ra-openwrt-4210/router/mipsel-musl/stage/usr/lib /repo/Pass_GPL/asuswrt/release/src-ra-openwrt-4210/router/mipsel-musl/stage/usr/lib/libssl.so /repo/Pass_GPL/asuswrt/release/src-ra-openwrt-4210/router/mipsel-musl/stage/usr/lib/libcrypto.so 
make[5]: Leaving directory '/repo/Pass_GPL/asuswrt/release/src/router/getdns/build/CMakeFiles/CMakeTmp'
make[4]: Leaving directory '/repo/Pass_GPL/asuswrt/release/src/router/getdns/build/CMakeFiles/CMakeTmp'


Determining if the function EVP_sha256 exists passed with the following output:
Change Dir: /repo/Pass_GPL/asuswrt/release/src/router/getdns/build/CMakeFiles/CMakeTmp

Run Build Command:"/usr/bin/make" "cmTC_9f7e9/fast"
make[4]: Entering directory '/repo/Pass_GPL/asuswrt/release/src/router/getdns/build/CMakeFiles/CMakeTmp'
/usr/bin/make -f CMakeFiles/cmTC_9f7e9.dir/build.make CMakeFiles/cmTC_9f7e9.dir/build
make[5]: Entering directory '/repo/Pass_GPL/asuswrt/release/src/router/getdns/build/CMakeFiles/CMakeTmp'
Building C object CMakeFiles/cmTC_9f7e9.dir/CheckFunctionExists.c.o
/opt/lede-toolchain-ramips-mt7621_gcc-5.4.0_musl-1.1.24.Linux-x86_64/toolchain-mipsel_24kc_gcc-5.4.0_musl-1.1.24/bin/mipsel-openwrt-linux-musl-gcc  -I/repo/Pass_GPL/asuswrt/release/src-ra-openwrt-4210/router/mipsel-musl/stage/usr/include  -Os -DNDEBUG -ffunction-sections -fdata-sections -DLINUX26 -DCONFIG_RALINK -DMUSL_LIBC -DDEBUG_NOISY -DDEBUG_RCTEST -D_GNU_SOURCE -D__UAPI_DEF_ETHHDR -DRALINK_DBDC_MODE -pipe -funit-at-a-time -Wno-pointer-sign -mtune=mips32 -mips32 -DLINUX_KERNEL_VERSION=263366 --sysroot=/opt/lede-toolchain-ramips-mt7621_gcc-5.4.0_musl-1.1.24.Linux-x86_64/toolchain-mipsel_24kc_gcc-5.4.0_musl-1.1.24 -D_POSIX_C_SOURCE=200112L -D_XOPEN_SOURCE=600 -D_BSD_SOURCE -D_DEFAULT_SOURCE -DCHECK_FUNCTION_EXISTS=EVP_sha256   -o CMakeFiles/cmTC_9f7e9.dir/CheckFunctionExists.c.o   -c /usr/share/cmake-3.10/Modules/CheckFunctionExists.c
Linking C executable cmTC_9f7e9
/usr/bin/cmake -E cmake_link_script CMakeFiles/cmTC_9f7e9.dir/link.txt --verbose=1
/opt/lede-toolchain-ramips-mt7621_gcc-5.4.0_musl-1.1.24.Linux-x86_64/toolchain-mipsel_24kc_gcc-5.4.0_musl-1.1.24/bin/mipsel-openwrt-linux-musl-gcc -Os -DNDEBUG -ffunction-sections -fdata-sections -DLINUX26 -DCONFIG_RALINK -DMUSL_LIBC -DDEBUG_NOISY -DDEBUG_RCTEST -D_GNU_SOURCE -D__UAPI_DEF_ETHHDR -DRALINK_DBDC_MODE -pipe -funit-at-a-time -Wno-pointer-sign -mtune=mips32 -mips32 -DLINUX_KERNEL_VERSION=263366 --sysroot=/opt/lede-toolchain-ramips-mt7621_gcc-5.4.0_musl-1.1.24.Linux-x86_64/toolchain-mipsel_24kc_gcc-5.4.0_musl-1.1.24 -D_POSIX_C_SOURCE=200112L -D_XOPEN_SOURCE=600 -D_BSD_SOURCE -D_DEFAULT_SOURCE -DCHECK_FUNCTION_EXISTS=EVP_sha256  -Wl,--gc-sections --sysroot=/opt/lede-toolchain-ramips-mt7621_gcc-5.4.0_musl-1.1.24.Linux-x86_64/toolchain-mipsel_24kc_gcc-5.4.0_musl-1.1.24 -lpthread  CMakeFiles/cmTC_9f7e9.dir/CheckFunctionExists.c.o  -o cmTC_9f7e9 -Wl,-rpath,/repo/Pass_GPL/asuswrt/release/src-ra-openwrt-4210/router/mipsel-musl/stage/usr/lib /repo/Pass_GPL/asuswrt/release/src-ra-openwrt-4210/router/mipsel-musl/stage/usr/lib/libssl.so /repo/Pass_GPL/asuswrt/release/src-ra-openwrt-4210/router/mipsel-musl/stage/usr/lib/libcrypto.so 
make[5]: Leaving directory '/repo/Pass_GPL/asuswrt/release/src/router/getdns/build/CMakeFiles/CMakeTmp'
make[4]: Leaving directory '/repo/Pass_GPL/asuswrt/release/src/router/getdns/build/CMakeFiles/CMakeTmp'


Determining if the function EVP_sha384 exists passed with the following output:
Change Dir: /repo/Pass_GPL/asuswrt/release/src/router/getdns/build/CMakeFiles/CMakeTmp

Run Build Command:"/usr/bin/make" "cmTC_fb871/fast"
make[4]: Entering directory '/repo/Pass_GPL/asuswrt/release/src/router/getdns/build/CMakeFiles/CMakeTmp'
/usr/bin/make -f CMakeFiles/cmTC_fb871.dir/build.make CMakeFiles/cmTC_fb871.dir/build
make[5]: Entering directory '/repo/Pass_GPL/asuswrt/release/src/router/getdns/build/CMakeFiles/CMakeTmp'
Building C object CMakeFiles/cmTC_fb871.dir/CheckFunctionExists.c.o
/opt/lede-toolchain-ramips-mt7621_gcc-5.4.0_musl-1.1.24.Linux-x86_64/toolchain-mipsel_24kc_gcc-5.4.0_musl-1.1.24/bin/mipsel-openwrt-linux-musl-gcc  -I/repo/Pass_GPL/asuswrt/release/src-ra-openwrt-4210/router/mipsel-musl/stage/usr/include  -Os -DNDEBUG -ffunction-sections -fdata-sections -DLINUX26 -DCONFIG_RALINK -DMUSL_LIBC -DDEBUG_NOISY -DDEBUG_RCTEST -D_GNU_SOURCE -D__UAPI_DEF_ETHHDR -DRALINK_DBDC_MODE -pipe -funit-at-a-time -Wno-pointer-sign -mtune=mips32 -mips32 -DLINUX_KERNEL_VERSION=263366 --sysroot=/opt/lede-toolchain-ramips-mt7621_gcc-5.4.0_musl-1.1.24.Linux-x86_64/toolchain-mipsel_24kc_gcc-5.4.0_musl-1.1.24 -D_POSIX_C_SOURCE=200112L -D_XOPEN_SOURCE=600 -D_BSD_SOURCE -D_DEFAULT_SOURCE -DCHECK_FUNCTION_EXISTS=EVP_sha384   -o CMakeFiles/cmTC_fb871.dir/CheckFunctionExists.c.o   -c /usr/share/cmake-3.10/Modules/CheckFunctionExists.c
Linking C executable cmTC_fb871
/usr/bin/cmake -E cmake_link_script CMakeFiles/cmTC_fb871.dir/link.txt --verbose=1
/opt/lede-toolchain-ramips-mt7621_gcc-5.4.0_musl-1.1.24.Linux-x86_64/toolchain-mipsel_24kc_gcc-5.4.0_musl-1.1.24/bin/mipsel-openwrt-linux-musl-gcc -Os -DNDEBUG -ffunction-sections -fdata-sections -DLINUX26 -DCONFIG_RALINK -DMUSL_LIBC -DDEBUG_NOISY -DDEBUG_RCTEST -D_GNU_SOURCE -D__UAPI_DEF_ETHHDR -DRALINK_DBDC_MODE -pipe -funit-at-a-time -Wno-pointer-sign -mtune=mips32 -mips32 -DLINUX_KERNEL_VERSION=263366 --sysroot=/opt/lede-toolchain-ramips-mt7621_gcc-5.4.0_musl-1.1.24.Linux-x86_64/toolchain-mipsel_24kc_gcc-5.4.0_musl-1.1.24 -D_POSIX_C_SOURCE=200112L -D_XOPEN_SOURCE=600 -D_BSD_SOURCE -D_DEFAULT_SOURCE -DCHECK_FUNCTION_EXISTS=EVP_sha384  -Wl,--gc-sections --sysroot=/opt/lede-toolchain-ramips-mt7621_gcc-5.4.0_musl-1.1.24.Linux-x86_64/toolchain-mipsel_24kc_gcc-5.4.0_musl-1.1.24 -lpthread  CMakeFiles/cmTC_fb871.dir/CheckFunctionExists.c.o  -o cmTC_fb871 -Wl,-rpath,/repo/Pass_GPL/asuswrt/release/src-ra-openwrt-4210/router/mipsel-musl/stage/usr/lib /repo/Pass_GPL/asuswrt/release/src-ra-openwrt-4210/router/mipsel-musl/stage/usr/lib/libssl.so /repo/Pass_GPL/asuswrt/release/src-ra-openwrt-4210/router/mipsel-musl/stage/usr/lib/libcrypto.so 
make[5]: Leaving directory '/repo/Pass_GPL/asuswrt/release/src/router/getdns/build/CMakeFiles/CMakeTmp'
make[4]: Leaving directory '/repo/Pass_GPL/asuswrt/release/src/router/getdns/build/CMakeFiles/CMakeTmp'


Determining if the function EVP_sha512 exists passed with the following output:
Change Dir: /repo/Pass_GPL/asuswrt/release/src/router/getdns/build/CMakeFiles/CMakeTmp

Run Build Command:"/usr/bin/make" "cmTC_dbc94/fast"
make[4]: Entering directory '/repo/Pass_GPL/asuswrt/release/src/router/getdns/build/CMakeFiles/CMakeTmp'
/usr/bin/make -f CMakeFiles/cmTC_dbc94.dir/build.make CMakeFiles/cmTC_dbc94.dir/build
make[5]: Entering directory '/repo/Pass_GPL/asuswrt/release/src/router/getdns/build/CMakeFiles/CMakeTmp'
Building C object CMakeFiles/cmTC_dbc94.dir/CheckFunctionExists.c.o
/opt/lede-toolchain-ramips-mt7621_gcc-5.4.0_musl-1.1.24.Linux-x86_64/toolchain-mipsel_24kc_gcc-5.4.0_musl-1.1.24/bin/mipsel-openwrt-linux-musl-gcc  -I/repo/Pass_GPL/asuswrt/release/src-ra-openwrt-4210/router/mipsel-musl/stage/usr/include  -Os -DNDEBUG -ffunction-sections -fdata-sections -DLINUX26 -DCONFIG_RALINK -DMUSL_LIBC -DDEBUG_NOISY -DDEBUG_RCTEST -D_GNU_SOURCE -D__UAPI_DEF_ETHHDR -DRALINK_DBDC_MODE -pipe -funit-at-a-time -Wno-pointer-sign -mtune=mips32 -mips32 -DLINUX_KERNEL_VERSION=263366 --sysroot=/opt/lede-toolchain-ramips-mt7621_gcc-5.4.0_musl-1.1.24.Linux-x86_64/toolchain-mipsel_24kc_gcc-5.4.0_musl-1.1.24 -D_POSIX_C_SOURCE=200112L -D_XOPEN_SOURCE=600 -D_BSD_SOURCE -D_DEFAULT_SOURCE -DCHECK_FUNCTION_EXISTS=EVP_sha512   -o CMakeFiles/cmTC_dbc94.dir/CheckFunctionExists.c.o   -c /usr/share/cmake-3.10/Modules/CheckFunctionExists.c
Linking C executable cmTC_dbc94
/usr/bin/cmake -E cmake_link_script CMakeFiles/cmTC_dbc94.dir/link.txt --verbose=1
/opt/lede-toolchain-ramips-mt7621_gcc-5.4.0_musl-1.1.24.Linux-x86_64/toolchain-mipsel_24kc_gcc-5.4.0_musl-1.1.24/bin/mipsel-openwrt-linux-musl-gcc -Os -DNDEBUG -ffunction-sections -fdata-sections -DLINUX26 -DCONFIG_RALINK -DMUSL_LIBC -DDEBUG_NOISY -DDEBUG_RCTEST -D_GNU_SOURCE -D__UAPI_DEF_ETHHDR -DRALINK_DBDC_MODE -pipe -funit-at-a-time -Wno-pointer-sign -mtune=mips32 -mips32 -DLINUX_KERNEL_VERSION=263366 --sysroot=/opt/lede-toolchain-ramips-mt7621_gcc-5.4.0_musl-1.1.24.Linux-x86_64/toolchain-mipsel_24kc_gcc-5.4.0_musl-1.1.24 -D_POSIX_C_SOURCE=200112L -D_XOPEN_SOURCE=600 -D_BSD_SOURCE -D_DEFAULT_SOURCE -DCHECK_FUNCTION_EXISTS=EVP_sha512  -Wl,--gc-sections --sysroot=/opt/lede-toolchain-ramips-mt7621_gcc-5.4.0_musl-1.1.24.Linux-x86_64/toolchain-mipsel_24kc_gcc-5.4.0_musl-1.1.24 -lpthread  CMakeFiles/cmTC_dbc94.dir/CheckFunctionExists.c.o  -o cmTC_dbc94 -Wl,-rpath,/repo/Pass_GPL/asuswrt/release/src-ra-openwrt-4210/router/mipsel-musl/stage/usr/lib /repo/Pass_GPL/asuswrt/release/src-ra-openwrt-4210/router/mipsel-musl/stage/usr/lib/libssl.so /repo/Pass_GPL/asuswrt/release/src-ra-openwrt-4210/router/mipsel-musl/stage/usr/lib/libcrypto.so 
make[5]: Leaving directory '/repo/Pass_GPL/asuswrt/release/src/router/getdns/build/CMakeFiles/CMakeTmp'
make[4]: Leaving directory '/repo/Pass_GPL/asuswrt/release/src/router/getdns/build/CMakeFiles/CMakeTmp'


Determining if the function EVP_DigestVerify exists passed with the following output:
Change Dir: /repo/Pass_GPL/asuswrt/release/src/router/getdns/build/CMakeFiles/CMakeTmp

Run Build Command:"/usr/bin/make" "cmTC_c2481/fast"
make[4]: Entering directory '/repo/Pass_GPL/asuswrt/release/src/router/getdns/build/CMakeFiles/CMakeTmp'
/usr/bin/make -f CMakeFiles/cmTC_c2481.dir/build.make CMakeFiles/cmTC_c2481.dir/build
make[5]: Entering directory '/repo/Pass_GPL/asuswrt/release/src/router/getdns/build/CMakeFiles/CMakeTmp'
Building C object CMakeFiles/cmTC_c2481.dir/CheckFunctionExists.c.o
/opt/lede-toolchain-ramips-mt7621_gcc-5.4.0_musl-1.1.24.Linux-x86_64/toolchain-mipsel_24kc_gcc-5.4.0_musl-1.1.24/bin/mipsel-openwrt-linux-musl-gcc  -I/repo/Pass_GPL/asuswrt/release/src-ra-openwrt-4210/router/mipsel-musl/stage/usr/include  -Os -DNDEBUG -ffunction-sections -fdata-sections -DLINUX26 -DCONFIG_RALINK -DMUSL_LIBC -DDEBUG_NOISY -DDEBUG_RCTEST -D_GNU_SOURCE -D__UAPI_DEF_ETHHDR -DRALINK_DBDC_MODE -pipe -funit-at-a-time -Wno-pointer-sign -mtune=mips32 -mips32 -DLINUX_KERNEL_VERSION=263366 --sysroot=/opt/lede-toolchain-ramips-mt7621_gcc-5.4.0_musl-1.1.24.Linux-x86_64/toolchain-mipsel_24kc_gcc-5.4.0_musl-1.1.24 -D_POSIX_C_SOURCE=200112L -D_XOPEN_SOURCE=600 -D_BSD_SOURCE -D_DEFAULT_SOURCE -DCHECK_FUNCTION_EXISTS=EVP_DigestVerify   -o CMakeFiles/cmTC_c2481.dir/CheckFunctionExists.c.o   -c /usr/share/cmake-3.10/Modules/CheckFunctionExists.c
Linking C executable cmTC_c2481
/usr/bin/cmake -E cmake_link_script CMakeFiles/cmTC_c2481.dir/link.txt --verbose=1
/opt/lede-toolchain-ramips-mt7621_gcc-5.4.0_musl-1.1.24.Linux-x86_64/toolchain-mipsel_24kc_gcc-5.4.0_musl-1.1.24/bin/mipsel-openwrt-linux-musl-gcc -Os -DNDEBUG -ffunction-sections -fdata-sections -DLINUX26 -DCONFIG_RALINK -DMUSL_LIBC -DDEBUG_NOISY -DDEBUG_RCTEST -D_GNU_SOURCE -D__UAPI_DEF_ETHHDR -DRALINK_DBDC_MODE -pipe -funit-at-a-time -Wno-pointer-sign -mtune=mips32 -mips32 -DLINUX_KERNEL_VERSION=263366 --sysroot=/opt/lede-toolchain-ramips-mt7621_gcc-5.4.0_musl-1.1.24.Linux-x86_64/toolchain-mipsel_24kc_gcc-5.4.0_musl-1.1.24 -D_POSIX_C_SOURCE=200112L -D_XOPEN_SOURCE=600 -D_BSD_SOURCE -D_DEFAULT_SOURCE -DCHECK_FUNCTION_EXISTS=EVP_DigestVerify  -Wl,--gc-sections --sysroot=/opt/lede-toolchain-ramips-mt7621_gcc-5.4.0_musl-1.1.24.Linux-x86_64/toolchain-mipsel_24kc_gcc-5.4.0_musl-1.1.24 -lpthread  CMakeFiles/cmTC_c2481.dir/CheckFunctionExists.c.o  -o cmTC_c2481 -Wl,-rpath,/repo/Pass_GPL/asuswrt/release/src-ra-openwrt-4210/router/mipsel-musl/stage/usr/lib /repo/Pass_GPL/asuswrt/release/src-ra-openwrt-4210/router/mipsel-musl/stage/usr/lib/libssl.so /repo/Pass_GPL/asuswrt/release/src-ra-openwrt-4210/router/mipsel-musl/stage/usr/lib/libcrypto.so 
make[5]: Leaving directory '/repo/Pass_GPL/asuswrt/release/src/router/getdns/build/CMakeFiles/CMakeTmp'
make[4]: Leaving directory '/repo/Pass_GPL/asuswrt/release/src/router/getdns/build/CMakeFiles/CMakeTmp'


Determining if the function EVP_MD_CTX_new exists passed with the following output:
Change Dir: /repo/Pass_GPL/asuswrt/release/src/router/getdns/build/CMakeFiles/CMakeTmp

Run Build Command:"/usr/bin/make" "cmTC_1e502/fast"
make[4]: Entering directory '/repo/Pass_GPL/asuswrt/release/src/router/getdns/build/CMakeFiles/CMakeTmp'
/usr/bin/make -f CMakeFiles/cmTC_1e502.dir/build.make CMakeFiles/cmTC_1e502.dir/build
make[5]: Entering directory '/repo/Pass_GPL/asuswrt/release/src/router/getdns/build/CMakeFiles/CMakeTmp'
Building C object CMakeFiles/cmTC_1e502.dir/CheckFunctionExists.c.o
/opt/lede-toolchain-ramips-mt7621_gcc-5.4.0_musl-1.1.24.Linux-x86_64/toolchain-mipsel_24kc_gcc-5.4.0_musl-1.1.24/bin/mipsel-openwrt-linux-musl-gcc  -I/repo/Pass_GPL/asuswrt/release/src-ra-openwrt-4210/router/mipsel-musl/stage/usr/include  -Os -DNDEBUG -ffunction-sections -fdata-sections -DLINUX26 -DCONFIG_RALINK -DMUSL_LIBC -DDEBUG_NOISY -DDEBUG_RCTEST -D_GNU_SOURCE -D__UAPI_DEF_ETHHDR -DRALINK_DBDC_MODE -pipe -funit-at-a-time -Wno-pointer-sign -mtune=mips32 -mips32 -DLINUX_KERNEL_VERSION=263366 --sysroot=/opt/lede-toolchain-ramips-mt7621_gcc-5.4.0_musl-1.1.24.Linux-x86_64/toolchain-mipsel_24kc_gcc-5.4.0_musl-1.1.24 -D_POSIX_C_SOURCE=200112L -D_XOPEN_SOURCE=600 -D_BSD_SOURCE -D_DEFAULT_SOURCE -DCHECK_FUNCTION_EXISTS=EVP_MD_CTX_new   -o CMakeFiles/cmTC_1e502.dir/CheckFunctionExists.c.o   -c /usr/share/cmake-3.10/Modules/CheckFunctionExists.c
Linking C executable cmTC_1e502
/usr/bin/cmake -E cmake_link_script CMakeFiles/cmTC_1e502.dir/link.txt --verbose=1
/opt/lede-toolchain-ramips-mt7621_gcc-5.4.0_musl-1.1.24.Linux-x86_64/toolchain-mipsel_24kc_gcc-5.4.0_musl-1.1.24/bin/mipsel-openwrt-linux-musl-gcc -Os -DNDEBUG -ffunction-sections -fdata-sections -DLINUX26 -DCONFIG_RALINK -DMUSL_LIBC -DDEBUG_NOISY -DDEBUG_RCTEST -D_GNU_SOURCE -D__UAPI_DEF_ETHHDR -DRALINK_DBDC_MODE -pipe -funit-at-a-time -Wno-pointer-sign -mtune=mips32 -mips32 -DLINUX_KERNEL_VERSION=263366 --sysroot=/opt/lede-toolchain-ramips-mt7621_gcc-5.4.0_musl-1.1.24.Linux-x86_64/toolchain-mipsel_24kc_gcc-5.4.0_musl-1.1.24 -D_POSIX_C_SOURCE=200112L -D_XOPEN_SOURCE=600 -D_BSD_SOURCE -D_DEFAULT_SOURCE -DCHECK_FUNCTION_EXISTS=EVP_MD_CTX_new  -Wl,--gc-sections --sysroot=/opt/lede-toolchain-ramips-mt7621_gcc-5.4.0_musl-1.1.24.Linux-x86_64/toolchain-mipsel_24kc_gcc-5.4.0_musl-1.1.24 -lpthread  CMakeFiles/cmTC_1e502.dir/CheckFunctionExists.c.o  -o cmTC_1e502 -Wl,-rpath,/repo/Pass_GPL/asuswrt/release/src-ra-openwrt-4210/router/mipsel-musl/stage/usr/lib /repo/Pass_GPL/asuswrt/release/src-ra-openwrt-4210/router/mipsel-musl/stage/usr/lib/libssl.so /repo/Pass_GPL/asuswrt/release/src-ra-openwrt-4210/router/mipsel-musl/stage/usr/lib/libcrypto.so 
make[5]: Leaving directory '/repo/Pass_GPL/asuswrt/release/src/router/getdns/build/CMakeFiles/CMakeTmp'
make[4]: Leaving directory '/repo/Pass_GPL/asuswrt/release/src/router/getdns/build/CMakeFiles/CMakeTmp'


Determining if the function HMAC_CTX_new exists passed with the following output:
Change Dir: /repo/Pass_GPL/asuswrt/release/src/router/getdns/build/CMakeFiles/CMakeTmp

Run Build Command:"/usr/bin/make" "cmTC_69014/fast"
make[4]: Entering directory '/repo/Pass_GPL/asuswrt/release/src/router/getdns/build/CMakeFiles/CMakeTmp'
/usr/bin/make -f CMakeFiles/cmTC_69014.dir/build.make CMakeFiles/cmTC_69014.dir/build
make[5]: Entering directory '/repo/Pass_GPL/asuswrt/release/src/router/getdns/build/CMakeFiles/CMakeTmp'
Building C object CMakeFiles/cmTC_69014.dir/CheckFunctionExists.c.o
/opt/lede-toolchain-ramips-mt7621_gcc-5.4.0_musl-1.1.24.Linux-x86_64/toolchain-mipsel_24kc_gcc-5.4.0_musl-1.1.24/bin/mipsel-openwrt-linux-musl-gcc  -I/repo/Pass_GPL/asuswrt/release/src-ra-openwrt-4210/router/mipsel-musl/stage/usr/include  -Os -DNDEBUG -ffunction-sections -fdata-sections -DLINUX26 -DCONFIG_RALINK -DMUSL_LIBC -DDEBUG_NOISY -DDEBUG_RCTEST -D_GNU_SOURCE -D__UAPI_DEF_ETHHDR -DRALINK_DBDC_MODE -pipe -funit-at-a-time -Wno-pointer-sign -mtune=mips32 -mips32 -DLINUX_KERNEL_VERSION=263366 --sysroot=/opt/lede-toolchain-ramips-mt7621_gcc-5.4.0_musl-1.1.24.Linux-x86_64/toolchain-mipsel_24kc_gcc-5.4.0_musl-1.1.24 -D_POSIX_C_SOURCE=200112L -D_XOPEN_SOURCE=600 -D_BSD_SOURCE -D_DEFAULT_SOURCE -DCHECK_FUNCTION_EXISTS=HMAC_CTX_new   -o CMakeFiles/cmTC_69014.dir/CheckFunctionExists.c.o   -c /usr/share/cmake-3.10/Modules/CheckFunctionExists.c
Linking C executable cmTC_69014
/usr/bin/cmake -E cmake_link_script CMakeFiles/cmTC_69014.dir/link.txt --verbose=1
/opt/lede-toolchain-ramips-mt7621_gcc-5.4.0_musl-1.1.24.Linux-x86_64/toolchain-mipsel_24kc_gcc-5.4.0_musl-1.1.24/bin/mipsel-openwrt-linux-musl-gcc -Os -DNDEBUG -ffunction-sections -fdata-sections -DLINUX26 -DCONFIG_RALINK -DMUSL_LIBC -DDEBUG_NOISY -DDEBUG_RCTEST -D_GNU_SOURCE -D__UAPI_DEF_ETHHDR -DRALINK_DBDC_MODE -pipe -funit-at-a-time -Wno-pointer-sign -mtune=mips32 -mips32 -DLINUX_KERNEL_VERSION=263366 --sysroot=/opt/lede-toolchain-ramips-mt7621_gcc-5.4.0_musl-1.1.24.Linux-x86_64/toolchain-mipsel_24kc_gcc-5.4.0_musl-1.1.24 -D_POSIX_C_SOURCE=200112L -D_XOPEN_SOURCE=600 -D_BSD_SOURCE -D_DEFAULT_SOURCE -DCHECK_FUNCTION_EXISTS=HMAC_CTX_new  -Wl,--gc-sections --sysroot=/opt/lede-toolchain-ramips-mt7621_gcc-5.4.0_musl-1.1.24.Linux-x86_64/toolchain-mipsel_24kc_gcc-5.4.0_musl-1.1.24 -lpthread  CMakeFiles/cmTC_69014.dir/CheckFunctionExists.c.o  -o cmTC_69014 -Wl,-rpath,/repo/Pass_GPL/asuswrt/release/src-ra-openwrt-4210/router/mipsel-musl/stage/usr/lib /repo/Pass_GPL/asuswrt/release/src-ra-openwrt-4210/router/mipsel-musl/stage/usr/lib/libssl.so /repo/Pass_GPL/asuswrt/release/src-ra-openwrt-4210/router/mipsel-musl/stage/usr/lib/libcrypto.so 
make[5]: Leaving directory '/repo/Pass_GPL/asuswrt/release/src/router/getdns/build/CMakeFiles/CMakeTmp'
make[4]: Leaving directory '/repo/Pass_GPL/asuswrt/release/src/router/getdns/build/CMakeFiles/CMakeTmp'


Determining if the function OpenSSL_version_num exists passed with the following output:
Change Dir: /repo/Pass_GPL/asuswrt/release/src/router/getdns/build/CMakeFiles/CMakeTmp

Run Build Command:"/usr/bin/make" "cmTC_29815/fast"
make[4]: Entering directory '/repo/Pass_GPL/asuswrt/release/src/router/getdns/build/CMakeFiles/CMakeTmp'
/usr/bin/make -f CMakeFiles/cmTC_29815.dir/build.make CMakeFiles/cmTC_29815.dir/build
make[5]: Entering directory '/repo/Pass_GPL/asuswrt/release/src/router/getdns/build/CMakeFiles/CMakeTmp'
Building C object CMakeFiles/cmTC_29815.dir/CheckFunctionExists.c.o
/opt/lede-toolchain-ramips-mt7621_gcc-5.4.0_musl-1.1.24.Linux-x86_64/toolchain-mipsel_24kc_gcc-5.4.0_musl-1.1.24/bin/mipsel-openwrt-linux-musl-gcc  -I/repo/Pass_GPL/asuswrt/release/src-ra-openwrt-4210/router/mipsel-musl/stage/usr/include  -Os -DNDEBUG -ffunction-sections -fdata-sections -DLINUX26 -DCONFIG_RALINK -DMUSL_LIBC -DDEBUG_NOISY -DDEBUG_RCTEST -D_GNU_SOURCE -D__UAPI_DEF_ETHHDR -DRALINK_DBDC_MODE -pipe -funit-at-a-time -Wno-pointer-sign -mtune=mips32 -mips32 -DLINUX_KERNEL_VERSION=263366 --sysroot=/opt/lede-toolchain-ramips-mt7621_gcc-5.4.0_musl-1.1.24.Linux-x86_64/toolchain-mipsel_24kc_gcc-5.4.0_musl-1.1.24 -D_POSIX_C_SOURCE=200112L -D_XOPEN_SOURCE=600 -D_BSD_SOURCE -D_DEFAULT_SOURCE -DCHECK_FUNCTION_EXISTS=OpenSSL_version_num   -o CMakeFiles/cmTC_29815.dir/CheckFunctionExists.c.o   -c /usr/share/cmake-3.10/Modules/CheckFunctionExists.c
Linking C executable cmTC_29815
/usr/bin/cmake -E cmake_link_script CMakeFiles/cmTC_29815.dir/link.txt --verbose=1
/opt/lede-toolchain-ramips-mt7621_gcc-5.4.0_musl-1.1.24.Linux-x86_64/toolchain-mipsel_24kc_gcc-5.4.0_musl-1.1.24/bin/mipsel-openwrt-linux-musl-gcc -Os -DNDEBUG -ffunction-sections -fdata-sections -DLINUX26 -DCONFIG_RALINK -DMUSL_LIBC -DDEBUG_NOISY -DDEBUG_RCTEST -D_GNU_SOURCE -D__UAPI_DEF_ETHHDR -DRALINK_DBDC_MODE -pipe -funit-at-a-time -Wno-pointer-sign -mtune=mips32 -mips32 -DLINUX_KERNEL_VERSION=263366 --sysroot=/opt/lede-toolchain-ramips-mt7621_gcc-5.4.0_musl-1.1.24.Linux-x86_64/toolchain-mipsel_24kc_gcc-5.4.0_musl-1.1.24 -D_POSIX_C_SOURCE=200112L -D_XOPEN_SOURCE=600 -D_BSD_SOURCE -D_DEFAULT_SOURCE -DCHECK_FUNCTION_EXISTS=OpenSSL_version_num  -Wl,--gc-sections --sysroot=/opt/lede-toolchain-ramips-mt7621_gcc-5.4.0_musl-1.1.24.Linux-x86_64/toolchain-mipsel_24kc_gcc-5.4.0_musl-1.1.24 -lpthread  CMakeFiles/cmTC_29815.dir/CheckFunctionExists.c.o  -o cmTC_29815 -Wl,-rpath,/repo/Pass_GPL/asuswrt/release/src-ra-openwrt-4210/router/mipsel-musl/stage/usr/lib /repo/Pass_GPL/asuswrt/release/src-ra-openwrt-4210/router/mipsel-musl/stage/usr/lib/libssl.so /repo/Pass_GPL/asuswrt/release/src-ra-openwrt-4210/router/mipsel-musl/stage/usr/lib/libcrypto.so 
make[5]: Leaving directory '/repo/Pass_GPL/asuswrt/release/src/router/getdns/build/CMakeFiles/CMakeTmp'
make[4]: Leaving directory '/repo/Pass_GPL/asuswrt/release/src/router/getdns/build/CMakeFiles/CMakeTmp'


Determining if the function OpenSSL_version exists passed with the following output:
Change Dir: /repo/Pass_GPL/asuswrt/release/src/router/getdns/build/CMakeFiles/CMakeTmp

Run Build Command:"/usr/bin/make" "cmTC_2e5c0/fast"
make[4]: Entering directory '/repo/Pass_GPL/asuswrt/release/src/router/getdns/build/CMakeFiles/CMakeTmp'
/usr/bin/make -f CMakeFiles/cmTC_2e5c0.dir/build.make CMakeFiles/cmTC_2e5c0.dir/build
make[5]: Entering directory '/repo/Pass_GPL/asuswrt/release/src/router/getdns/build/CMakeFiles/CMakeTmp'
Building C object CMakeFiles/cmTC_2e5c0.dir/CheckFunctionExists.c.o
/opt/lede-toolchain-ramips-mt7621_gcc-5.4.0_musl-1.1.24.Linux-x86_64/toolchain-mipsel_24kc_gcc-5.4.0_musl-1.1.24/bin/mipsel-openwrt-linux-musl-gcc  -I/repo/Pass_GPL/asuswrt/release/src-ra-openwrt-4210/router/mipsel-musl/stage/usr/include  -Os -DNDEBUG -ffunction-sections -fdata-sections -DLINUX26 -DCONFIG_RALINK -DMUSL_LIBC -DDEBUG_NOISY -DDEBUG_RCTEST -D_GNU_SOURCE -D__UAPI_DEF_ETHHDR -DRALINK_DBDC_MODE -pipe -funit-at-a-time -Wno-pointer-sign -mtune=mips32 -mips32 -DLINUX_KERNEL_VERSION=263366 --sysroot=/opt/lede-toolchain-ramips-mt7621_gcc-5.4.0_musl-1.1.24.Linux-x86_64/toolchain-mipsel_24kc_gcc-5.4.0_musl-1.1.24 -D_POSIX_C_SOURCE=200112L -D_XOPEN_SOURCE=600 -D_BSD_SOURCE -D_DEFAULT_SOURCE -DCHECK_FUNCTION_EXISTS=OpenSSL_version   -o CMakeFiles/cmTC_2e5c0.dir/CheckFunctionExists.c.o   -c /usr/share/cmake-3.10/Modules/CheckFunctionExists.c
Linking C executable cmTC_2e5c0
/usr/bin/cmake -E cmake_link_script CMakeFiles/cmTC_2e5c0.dir/link.txt --verbose=1
/opt/lede-toolchain-ramips-mt7621_gcc-5.4.0_musl-1.1.24.Linux-x86_64/toolchain-mipsel_24kc_gcc-5.4.0_musl-1.1.24/bin/mipsel-openwrt-linux-musl-gcc -Os -DNDEBUG -ffunction-sections -fdata-sections -DLINUX26 -DCONFIG_RALINK -DMUSL_LIBC -DDEBUG_NOISY -DDEBUG_RCTEST -D_GNU_SOURCE -D__UAPI_DEF_ETHHDR -DRALINK_DBDC_MODE -pipe -funit-at-a-time -Wno-pointer-sign -mtune=mips32 -mips32 -DLINUX_KERNEL_VERSION=263366 --sysroot=/opt/lede-toolchain-ramips-mt7621_gcc-5.4.0_musl-1.1.24.Linux-x86_64/toolchain-mipsel_24kc_gcc-5.4.0_musl-1.1.24 -D_POSIX_C_SOURCE=200112L -D_XOPEN_SOURCE=600 -D_BSD_SOURCE -D_DEFAULT_SOURCE -DCHECK_FUNCTION_EXISTS=OpenSSL_version  -Wl,--gc-sections --sysroot=/opt/lede-toolchain-ramips-mt7621_gcc-5.4.0_musl-1.1.24.Linux-x86_64/toolchain-mipsel_24kc_gcc-5.4.0_musl-1.1.24 -lpthread  CMakeFiles/cmTC_2e5c0.dir/CheckFunctionExists.c.o  -o cmTC_2e5c0 -Wl,-rpath,/repo/Pass_GPL/asuswrt/release/src-ra-openwrt-4210/router/mipsel-musl/stage/usr/lib /repo/Pass_GPL/asuswrt/release/src-ra-openwrt-4210/router/mipsel-musl/stage/usr/lib/libssl.so /repo/Pass_GPL/asuswrt/release/src-ra-openwrt-4210/router/mipsel-musl/stage/usr/lib/libcrypto.so 
make[5]: Leaving directory '/repo/Pass_GPL/asuswrt/release/src/router/getdns/build/CMakeFiles/CMakeTmp'
make[4]: Leaving directory '/repo/Pass_GPL/asuswrt/release/src/router/getdns/build/CMakeFiles/CMakeTmp'


Determining if the function SSL_CTX_dane_enable exists passed with the following output:
Change Dir: /repo/Pass_GPL/asuswrt/release/src/router/getdns/build/CMakeFiles/CMakeTmp

Run Build Command:"/usr/bin/make" "cmTC_94bdd/fast"
make[4]: Entering directory '/repo/Pass_GPL/asuswrt/release/src/router/getdns/build/CMakeFiles/CMakeTmp'
/usr/bin/make -f CMakeFiles/cmTC_94bdd.dir/build.make CMakeFiles/cmTC_94bdd.dir/build
make[5]: Entering directory '/repo/Pass_GPL/asuswrt/release/src/router/getdns/build/CMakeFiles/CMakeTmp'
Building C object CMakeFiles/cmTC_94bdd.dir/CheckFunctionExists.c.o
/opt/lede-toolchain-ramips-mt7621_gcc-5.4.0_musl-1.1.24.Linux-x86_64/toolchain-mipsel_24kc_gcc-5.4.0_musl-1.1.24/bin/mipsel-openwrt-linux-musl-gcc  -I/repo/Pass_GPL/asuswrt/release/src-ra-openwrt-4210/router/mipsel-musl/stage/usr/include  -Os -DNDEBUG -ffunction-sections -fdata-sections -DLINUX26 -DCONFIG_RALINK -DMUSL_LIBC -DDEBUG_NOISY -DDEBUG_RCTEST -D_GNU_SOURCE -D__UAPI_DEF_ETHHDR -DRALINK_DBDC_MODE -pipe -funit-at-a-time -Wno-pointer-sign -mtune=mips32 -mips32 -DLINUX_KERNEL_VERSION=263366 --sysroot=/opt/lede-toolchain-ramips-mt7621_gcc-5.4.0_musl-1.1.24.Linux-x86_64/toolchain-mipsel_24kc_gcc-5.4.0_musl-1.1.24 -D_POSIX_C_SOURCE=200112L -D_XOPEN_SOURCE=600 -D_BSD_SOURCE -D_DEFAULT_SOURCE -DCHECK_FUNCTION_EXISTS=SSL_CTX_dane_enable   -o CMakeFiles/cmTC_94bdd.dir/CheckFunctionExists.c.o   -c /usr/share/cmake-3.10/Modules/CheckFunctionExists.c
Linking C executable cmTC_94bdd
/usr/bin/cmake -E cmake_link_script CMakeFiles/cmTC_94bdd.dir/link.txt --verbose=1
/opt/lede-toolchain-ramips-mt7621_gcc-5.4.0_musl-1.1.24.Linux-x86_64/toolchain-mipsel_24kc_gcc-5.4.0_musl-1.1.24/bin/mipsel-openwrt-linux-musl-gcc -Os -DNDEBUG -ffunction-sections -fdata-sections -DLINUX26 -DCONFIG_RALINK -DMUSL_LIBC -DDEBUG_NOISY -DDEBUG_RCTEST -D_GNU_SOURCE -D__UAPI_DEF_ETHHDR -DRALINK_DBDC_MODE -pipe -funit-at-a-time -Wno-pointer-sign -mtune=mips32 -mips32 -DLINUX_KERNEL_VERSION=263366 --sysroot=/opt/lede-toolchain-ramips-mt7621_gcc-5.4.0_musl-1.1.24.Linux-x86_64/toolchain-mipsel_24kc_gcc-5.4.0_musl-1.1.24 -D_POSIX_C_SOURCE=200112L -D_XOPEN_SOURCE=600 -D_BSD_SOURCE -D_DEFAULT_SOURCE -DCHECK_FUNCTION_EXISTS=SSL_CTX_dane_enable  -Wl,--gc-sections --sysroot=/opt/lede-toolchain-ramips-mt7621_gcc-5.4.0_musl-1.1.24.Linux-x86_64/toolchain-mipsel_24kc_gcc-5.4.0_musl-1.1.24 -lpthread  CMakeFiles/cmTC_94bdd.dir/CheckFunctionExists.c.o  -o cmTC_94bdd -Wl,-rpath,/repo/Pass_GPL/asuswrt/release/src-ra-openwrt-4210/router/mipsel-musl/stage/usr/lib /repo/Pass_GPL/asuswrt/release/src-ra-openwrt-4210/router/mipsel-musl/stage/usr/lib/libssl.so /repo/Pass_GPL/asuswrt/release/src-ra-openwrt-4210/router/mipsel-musl/stage/usr/lib/libcrypto.so 
make[5]: Leaving directory '/repo/Pass_GPL/asuswrt/release/src/router/getdns/build/CMakeFiles/CMakeTmp'
make[4]: Leaving directory '/repo/Pass_GPL/asuswrt/release/src/router/getdns/build/CMakeFiles/CMakeTmp'


Determining if the function SSL_CTX_set_ciphersuites exists passed with the following output:
Change Dir: /repo/Pass_GPL/asuswrt/release/src/router/getdns/build/CMakeFiles/CMakeTmp

Run Build Command:"/usr/bin/make" "cmTC_e96e9/fast"
make[4]: Entering directory '/repo/Pass_GPL/asuswrt/release/src/router/getdns/build/CMakeFiles/CMakeTmp'
/usr/bin/make -f CMakeFiles/cmTC_e96e9.dir/build.make CMakeFiles/cmTC_e96e9.dir/build
make[5]: Entering directory '/repo/Pass_GPL/asuswrt/release/src/router/getdns/build/CMakeFiles/CMakeTmp'
Building C object CMakeFiles/cmTC_e96e9.dir/CheckFunctionExists.c.o
/opt/lede-toolchain-ramips-mt7621_gcc-5.4.0_musl-1.1.24.Linux-x86_64/toolchain-mipsel_24kc_gcc-5.4.0_musl-1.1.24/bin/mipsel-openwrt-linux-musl-gcc  -I/repo/Pass_GPL/asuswrt/release/src-ra-openwrt-4210/router/mipsel-musl/stage/usr/include  -Os -DNDEBUG -ffunction-sections -fdata-sections -DLINUX26 -DCONFIG_RALINK -DMUSL_LIBC -DDEBUG_NOISY -DDEBUG_RCTEST -D_GNU_SOURCE -D__UAPI_DEF_ETHHDR -DRALINK_DBDC_MODE -pipe -funit-at-a-time -Wno-pointer-sign -mtune=mips32 -mips32 -DLINUX_KERNEL_VERSION=263366 --sysroot=/opt/lede-toolchain-ramips-mt7621_gcc-5.4.0_musl-1.1.24.Linux-x86_64/toolchain-mipsel_24kc_gcc-5.4.0_musl-1.1.24 -D_POSIX_C_SOURCE=200112L -D_XOPEN_SOURCE=600 -D_BSD_SOURCE -D_DEFAULT_SOURCE -DCHECK_FUNCTION_EXISTS=SSL_CTX_set_ciphersuites   -o CMakeFiles/cmTC_e96e9.dir/CheckFunctionExists.c.o   -c /usr/share/cmake-3.10/Modules/CheckFunctionExists.c
Linking C executable cmTC_e96e9
/usr/bin/cmake -E cmake_link_script CMakeFiles/cmTC_e96e9.dir/link.txt --verbose=1
/opt/lede-toolchain-ramips-mt7621_gcc-5.4.0_musl-1.1.24.Linux-x86_64/toolchain-mipsel_24kc_gcc-5.4.0_musl-1.1.24/bin/mipsel-openwrt-linux-musl-gcc -Os -DNDEBUG -ffunction-sections -fdata-sections -DLINUX26 -DCONFIG_RALINK -DMUSL_LIBC -DDEBUG_NOISY -DDEBUG_RCTEST -D_GNU_SOURCE -D__UAPI_DEF_ETHHDR -DRALINK_DBDC_MODE -pipe -funit-at-a-time -Wno-pointer-sign -mtune=mips32 -mips32 -DLINUX_KERNEL_VERSION=263366 --sysroot=/opt/lede-toolchain-ramips-mt7621_gcc-5.4.0_musl-1.1.24.Linux-x86_64/toolchain-mipsel_24kc_gcc-5.4.0_musl-1.1.24 -D_POSIX_C_SOURCE=200112L -D_XOPEN_SOURCE=600 -D_BSD_SOURCE -D_DEFAULT_SOURCE -DCHECK_FUNCTION_EXISTS=SSL_CTX_set_ciphersuites  -Wl,--gc-sections --sysroot=/opt/lede-toolchain-ramips-mt7621_gcc-5.4.0_musl-1.1.24.Linux-x86_64/toolchain-mipsel_24kc_gcc-5.4.0_musl-1.1.24 -lpthread  CMakeFiles/cmTC_e96e9.dir/CheckFunctionExists.c.o  -o cmTC_e96e9 -Wl,-rpath,/repo/Pass_GPL/asuswrt/release/src-ra-openwrt-4210/router/mipsel-musl/stage/usr/lib /repo/Pass_GPL/asuswrt/release/src-ra-openwrt-4210/router/mipsel-musl/stage/usr/lib/libssl.so /repo/Pass_GPL/asuswrt/release/src-ra-openwrt-4210/router/mipsel-musl/stage/usr/lib/libcrypto.so 
make[5]: Leaving directory '/repo/Pass_GPL/asuswrt/release/src/router/getdns/build/CMakeFiles/CMakeTmp'
make[4]: Leaving directory '/repo/Pass_GPL/asuswrt/release/src/router/getdns/build/CMakeFiles/CMakeTmp'


Determining if the function SSL_set_ciphersuites exists passed with the following output:
Change Dir: /repo/Pass_GPL/asuswrt/release/src/router/getdns/build/CMakeFiles/CMakeTmp

Run Build Command:"/usr/bin/make" "cmTC_0335a/fast"
make[4]: Entering directory '/repo/Pass_GPL/asuswrt/release/src/router/getdns/build/CMakeFiles/CMakeTmp'
/usr/bin/make -f CMakeFiles/cmTC_0335a.dir/build.make CMakeFiles/cmTC_0335a.dir/build
make[5]: Entering directory '/repo/Pass_GPL/asuswrt/release/src/router/getdns/build/CMakeFiles/CMakeTmp'
Building C object CMakeFiles/cmTC_0335a.dir/CheckFunctionExists.c.o
/opt/lede-toolchain-ramips-mt7621_gcc-5.4.0_musl-1.1.24.Linux-x86_64/toolchain-mipsel_24kc_gcc-5.4.0_musl-1.1.24/bin/mipsel-openwrt-linux-musl-gcc  -I/repo/Pass_GPL/asuswrt/release/src-ra-openwrt-4210/router/mipsel-musl/stage/usr/include  -Os -DNDEBUG -ffunction-sections -fdata-sections -DLINUX26 -DCONFIG_RALINK -DMUSL_LIBC -DDEBUG_NOISY -DDEBUG_RCTEST -D_GNU_SOURCE -D__UAPI_DEF_ETHHDR -DRALINK_DBDC_MODE -pipe -funit-at-a-time -Wno-pointer-sign -mtune=mips32 -mips32 -DLINUX_KERNEL_VERSION=263366 --sysroot=/opt/lede-toolchain-ramips-mt7621_gcc-5.4.0_musl-1.1.24.Linux-x86_64/toolchain-mipsel_24kc_gcc-5.4.0_musl-1.1.24 -D_POSIX_C_SOURCE=200112L -D_XOPEN_SOURCE=600 -D_BSD_SOURCE -D_DEFAULT_SOURCE -DCHECK_FUNCTION_EXISTS=SSL_set_ciphersuites   -o CMakeFiles/cmTC_0335a.dir/CheckFunctionExists.c.o   -c /usr/share/cmake-3.10/Modules/CheckFunctionExists.c
Linking C executable cmTC_0335a
/usr/bin/cmake -E cmake_link_script CMakeFiles/cmTC_0335a.dir/link.txt --verbose=1
/opt/lede-toolchain-ramips-mt7621_gcc-5.4.0_musl-1.1.24.Linux-x86_64/toolchain-mipsel_24kc_gcc-5.4.0_musl-1.1.24/bin/mipsel-openwrt-linux-musl-gcc -Os -DNDEBUG -ffunction-sections -fdata-sections -DLINUX26 -DCONFIG_RALINK -DMUSL_LIBC -DDEBUG_NOISY -DDEBUG_RCTEST -D_GNU_SOURCE -D__UAPI_DEF_ETHHDR -DRALINK_DBDC_MODE -pipe -funit-at-a-time -Wno-pointer-sign -mtune=mips32 -mips32 -DLINUX_KERNEL_VERSION=263366 --sysroot=/opt/lede-toolchain-ramips-mt7621_gcc-5.4.0_musl-1.1.24.Linux-x86_64/toolchain-mipsel_24kc_gcc-5.4.0_musl-1.1.24 -D_POSIX_C_SOURCE=200112L -D_XOPEN_SOURCE=600 -D_BSD_SOURCE -D_DEFAULT_SOURCE -DCHECK_FUNCTION_EXISTS=SSL_set_ciphersuites  -Wl,--gc-sections --sysroot=/opt/lede-toolchain-ramips-mt7621_gcc-5.4.0_musl-1.1.24.Linux-x86_64/toolchain-mipsel_24kc_gcc-5.4.0_musl-1.1.24 -lpthread  CMakeFiles/cmTC_0335a.dir/CheckFunctionExists.c.o  -o cmTC_0335a -Wl,-rpath,/repo/Pass_GPL/asuswrt/release/src-ra-openwrt-4210/router/mipsel-musl/stage/usr/lib /repo/Pass_GPL/asuswrt/release/src-ra-openwrt-4210/router/mipsel-musl/stage/usr/lib/libssl.so /repo/Pass_GPL/asuswrt/release/src-ra-openwrt-4210/router/mipsel-musl/stage/usr/lib/libcrypto.so 
make[5]: Leaving directory '/repo/Pass_GPL/asuswrt/release/src/router/getdns/build/CMakeFiles/CMakeTmp'
make[4]: Leaving directory '/repo/Pass_GPL/asuswrt/release/src/router/getdns/build/CMakeFiles/CMakeTmp'


Determining if the function OPENSSL_init_crypto exists passed with the following output:
Change Dir: /repo/Pass_GPL/asuswrt/release/src/router/getdns/build/CMakeFiles/CMakeTmp

Run Build Command:"/usr/bin/make" "cmTC_bdc8f/fast"
make[4]: Entering directory '/repo/Pass_GPL/asuswrt/release/src/router/getdns/build/CMakeFiles/CMakeTmp'
/usr/bin/make -f CMakeFiles/cmTC_bdc8f.dir/build.make CMakeFiles/cmTC_bdc8f.dir/build
make[5]: Entering directory '/repo/Pass_GPL/asuswrt/release/src/router/getdns/build/CMakeFiles/CMakeTmp'
Building C object CMakeFiles/cmTC_bdc8f.dir/CheckFunctionExists.c.o
/opt/lede-toolchain-ramips-mt7621_gcc-5.4.0_musl-1.1.24.Linux-x86_64/toolchain-mipsel_24kc_gcc-5.4.0_musl-1.1.24/bin/mipsel-openwrt-linux-musl-gcc  -I/repo/Pass_GPL/asuswrt/release/src-ra-openwrt-4210/router/mipsel-musl/stage/usr/include  -Os -DNDEBUG -ffunction-sections -fdata-sections -DLINUX26 -DCONFIG_RALINK -DMUSL_LIBC -DDEBUG_NOISY -DDEBUG_RCTEST -D_GNU_SOURCE -D__UAPI_DEF_ETHHDR -DRALINK_DBDC_MODE -pipe -funit-at-a-time -Wno-pointer-sign -mtune=mips32 -mips32 -DLINUX_KERNEL_VERSION=263366 --sysroot=/opt/lede-toolchain-ramips-mt7621_gcc-5.4.0_musl-1.1.24.Linux-x86_64/toolchain-mipsel_24kc_gcc-5.4.0_musl-1.1.24 -D_POSIX_C_SOURCE=200112L -D_XOPEN_SOURCE=600 -D_BSD_SOURCE -D_DEFAULT_SOURCE -DCHECK_FUNCTION_EXISTS=OPENSSL_init_crypto   -o CMakeFiles/cmTC_bdc8f.dir/CheckFunctionExists.c.o   -c /usr/share/cmake-3.10/Modules/CheckFunctionExists.c
Linking C executable cmTC_bdc8f
/usr/bin/cmake -E cmake_link_script CMakeFiles/cmTC_bdc8f.dir/link.txt --verbose=1
/opt/lede-toolchain-ramips-mt7621_gcc-5.4.0_musl-1.1.24.Linux-x86_64/toolchain-mipsel_24kc_gcc-5.4.0_musl-1.1.24/bin/mipsel-openwrt-linux-musl-gcc -Os -DNDEBUG -ffunction-sections -fdata-sections -DLINUX26 -DCONFIG_RALINK -DMUSL_LIBC -DDEBUG_NOISY -DDEBUG_RCTEST -D_GNU_SOURCE -D__UAPI_DEF_ETHHDR -DRALINK_DBDC_MODE -pipe -funit-at-a-time -Wno-pointer-sign -mtune=mips32 -mips32 -DLINUX_KERNEL_VERSION=263366 --sysroot=/opt/lede-toolchain-ramips-mt7621_gcc-5.4.0_musl-1.1.24.Linux-x86_64/toolchain-mipsel_24kc_gcc-5.4.0_musl-1.1.24 -D_POSIX_C_SOURCE=200112L -D_XOPEN_SOURCE=600 -D_BSD_SOURCE -D_DEFAULT_SOURCE -DCHECK_FUNCTION_EXISTS=OPENSSL_init_crypto  -Wl,--gc-sections --sysroot=/opt/lede-toolchain-ramips-mt7621_gcc-5.4.0_musl-1.1.24.Linux-x86_64/toolchain-mipsel_24kc_gcc-5.4.0_musl-1.1.24 -lpthread  CMakeFiles/cmTC_bdc8f.dir/CheckFunctionExists.c.o  -o cmTC_bdc8f -Wl,-rpath,/repo/Pass_GPL/asuswrt/release/src-ra-openwrt-4210/router/mipsel-musl/stage/usr/lib /repo/Pass_GPL/asuswrt/release/src-ra-openwrt-4210/router/mipsel-musl/stage/usr/lib/libssl.so /repo/Pass_GPL/asuswrt/release/src-ra-openwrt-4210/router/mipsel-musl/stage/usr/lib/libcrypto.so 
make[5]: Leaving directory '/repo/Pass_GPL/asuswrt/release/src/router/getdns/build/CMakeFiles/CMakeTmp'
make[4]: Leaving directory '/repo/Pass_GPL/asuswrt/release/src/router/getdns/build/CMakeFiles/CMakeTmp'


Determining if the SSL_dane_enable exist passed with the following output:
Change Dir: /repo/Pass_GPL/asuswrt/release/src/router/getdns/build/CMakeFiles/CMakeTmp

Run Build Command:"/usr/bin/make" "cmTC_25e40/fast"
make[4]: Entering directory '/repo/Pass_GPL/asuswrt/release/src/router/getdns/build/CMakeFiles/CMakeTmp'
/usr/bin/make -f CMakeFiles/cmTC_25e40.dir/build.make CMakeFiles/cmTC_25e40.dir/build
make[5]: Entering directory '/repo/Pass_GPL/asuswrt/release/src/router/getdns/build/CMakeFiles/CMakeTmp'
Building C object CMakeFiles/cmTC_25e40.dir/CheckSymbolExists.c.o
/opt/lede-toolchain-ramips-mt7621_gcc-5.4.0_musl-1.1.24.Linux-x86_64/toolchain-mipsel_24kc_gcc-5.4.0_musl-1.1.24/bin/mipsel-openwrt-linux-musl-gcc  -I/repo/Pass_GPL/asuswrt/release/src-ra-openwrt-4210/router/mipsel-musl/stage/usr/include  -Os -DNDEBUG -ffunction-sections -fdata-sections -DLINUX26 -DCONFIG_RALINK -DMUSL_LIBC -DDEBUG_NOISY -DDEBUG_RCTEST -D_GNU_SOURCE -D__UAPI_DEF_ETHHDR -DRALINK_DBDC_MODE -pipe -funit-at-a-time -Wno-pointer-sign -mtune=mips32 -mips32 -DLINUX_KERNEL_VERSION=263366 --sysroot=/opt/lede-toolchain-ramips-mt7621_gcc-5.4.0_musl-1.1.24.Linux-x86_64/toolchain-mipsel_24kc_gcc-5.4.0_musl-1.1.24 -D_POSIX_C_SOURCE=200112L -D_XOPEN_SOURCE=600 -D_BSD_SOURCE -D_DEFAULT_SOURCE    -o CMakeFiles/cmTC_25e40.dir/CheckSymbolExists.c.o   -c /repo/Pass_GPL/asuswrt/release/src/router/getdns/build/CMakeFiles/CMakeTmp/CheckSymbolExists.c
Linking C executable cmTC_25e40
/usr/bin/cmake -E cmake_link_script CMakeFiles/cmTC_25e40.dir/link.txt --verbose=1
/opt/lede-toolchain-ramips-mt7621_gcc-5.4.0_musl-1.1.24.Linux-x86_64/toolchain-mipsel_24kc_gcc-5.4.0_musl-1.1.24/bin/mipsel-openwrt-linux-musl-gcc -Os -DNDEBUG -ffunction-sections -fdata-sections -DLINUX26 -DCONFIG_RALINK -DMUSL_LIBC -DDEBUG_NOISY -DDEBUG_RCTEST -D_GNU_SOURCE -D__UAPI_DEF_ETHHDR -DRALINK_DBDC_MODE -pipe -funit-at-a-time -Wno-pointer-sign -mtune=mips32 -mips32 -DLINUX_KERNEL_VERSION=263366 --sysroot=/opt/lede-toolchain-ramips-mt7621_gcc-5.4.0_musl-1.1.24.Linux-x86_64/toolchain-mipsel_24kc_gcc-5.4.0_musl-1.1.24 -D_POSIX_C_SOURCE=200112L -D_XOPEN_SOURCE=600 -D_BSD_SOURCE -D_DEFAULT_SOURCE   -Wl,--gc-sections --sysroot=/opt/lede-toolchain-ramips-mt7621_gcc-5.4.0_musl-1.1.24.Linux-x86_64/toolchain-mipsel_24kc_gcc-5.4.0_musl-1.1.24 -lpthread  CMakeFiles/cmTC_25e40.dir/CheckSymbolExists.c.o  -o cmTC_25e40 -Wl,-rpath,/repo/Pass_GPL/asuswrt/release/src-ra-openwrt-4210/router/mipsel-musl/stage/usr/lib /repo/Pass_GPL/asuswrt/release/src-ra-openwrt-4210/router/mipsel-musl/stage/usr/lib/libssl.so /repo/Pass_GPL/asuswrt/release/src-ra-openwrt-4210/router/mipsel-musl/stage/usr/lib/libcrypto.so 
make[5]: Leaving directory '/repo/Pass_GPL/asuswrt/release/src/router/getdns/build/CMakeFiles/CMakeTmp'
make[4]: Leaving directory '/repo/Pass_GPL/asuswrt/release/src/router/getdns/build/CMakeFiles/CMakeTmp'

File /repo/Pass_GPL/asuswrt/release/src/router/getdns/build/CMakeFiles/CMakeTmp/CheckSymbolExists.c:
/* */
#include <openssl/ssl.h>

int main(int argc, char** argv)
{
  (void)argv;
#ifndef SSL_dane_enable
  return ((int*)(&SSL_dane_enable))[argc];
#else
  (void)argc;
  return 0;
#endif
}

Determining if the SSL_CTX_set1_curves_list exist passed with the following output:
Change Dir: /repo/Pass_GPL/asuswrt/release/src/router/getdns/build/CMakeFiles/CMakeTmp

Run Build Command:"/usr/bin/make" "cmTC_681ee/fast"
make[4]: Entering directory '/repo/Pass_GPL/asuswrt/release/src/router/getdns/build/CMakeFiles/CMakeTmp'
/usr/bin/make -f CMakeFiles/cmTC_681ee.dir/build.make CMakeFiles/cmTC_681ee.dir/build
make[5]: Entering directory '/repo/Pass_GPL/asuswrt/release/src/router/getdns/build/CMakeFiles/CMakeTmp'
Building C object CMakeFiles/cmTC_681ee.dir/CheckSymbolExists.c.o
/opt/lede-toolchain-ramips-mt7621_gcc-5.4.0_musl-1.1.24.Linux-x86_64/toolchain-mipsel_24kc_gcc-5.4.0_musl-1.1.24/bin/mipsel-openwrt-linux-musl-gcc  -I/repo/Pass_GPL/asuswrt/release/src-ra-openwrt-4210/router/mipsel-musl/stage/usr/include  -Os -DNDEBUG -ffunction-sections -fdata-sections -DLINUX26 -DCONFIG_RALINK -DMUSL_LIBC -DDEBUG_NOISY -DDEBUG_RCTEST -D_GNU_SOURCE -D__UAPI_DEF_ETHHDR -DRALINK_DBDC_MODE -pipe -funit-at-a-time -Wno-pointer-sign -mtune=mips32 -mips32 -DLINUX_KERNEL_VERSION=263366 --sysroot=/opt/lede-toolchain-ramips-mt7621_gcc-5.4.0_musl-1.1.24.Linux-x86_64/toolchain-mipsel_24kc_gcc-5.4.0_musl-1.1.24 -D_POSIX_C_SOURCE=200112L -D_XOPEN_SOURCE=600 -D_BSD_SOURCE -D_DEFAULT_SOURCE    -o CMakeFiles/cmTC_681ee.dir/CheckSymbolExists.c.o   -c /repo/Pass_GPL/asuswrt/release/src/router/getdns/build/CMakeFiles/CMakeTmp/CheckSymbolExists.c
Linking C executable cmTC_681ee
/usr/bin/cmake -E cmake_link_script CMakeFiles/cmTC_681ee.dir/link.txt --verbose=1
/opt/lede-toolchain-ramips-mt7621_gcc-5.4.0_musl-1.1.24.Linux-x86_64/toolchain-mipsel_24kc_gcc-5.4.0_musl-1.1.24/bin/mipsel-openwrt-linux-musl-gcc -Os -DNDEBUG -ffunction-sections -fdata-sections -DLINUX26 -DCONFIG_RALINK -DMUSL_LIBC -DDEBUG_NOISY -DDEBUG_RCTEST -D_GNU_SOURCE -D__UAPI_DEF_ETHHDR -DRALINK_DBDC_MODE -pipe -funit-at-a-time -Wno-pointer-sign -mtune=mips32 -mips32 -DLINUX_KERNEL_VERSION=263366 --sysroot=/opt/lede-toolchain-ramips-mt7621_gcc-5.4.0_musl-1.1.24.Linux-x86_64/toolchain-mipsel_24kc_gcc-5.4.0_musl-1.1.24 -D_POSIX_C_SOURCE=200112L -D_XOPEN_SOURCE=600 -D_BSD_SOURCE -D_DEFAULT_SOURCE   -Wl,--gc-sections --sysroot=/opt/lede-toolchain-ramips-mt7621_gcc-5.4.0_musl-1.1.24.Linux-x86_64/toolchain-mipsel_24kc_gcc-5.4.0_musl-1.1.24 -lpthread  CMakeFiles/cmTC_681ee.dir/CheckSymbolExists.c.o  -o cmTC_681ee -Wl,-rpath,/repo/Pass_GPL/asuswrt/release/src-ra-openwrt-4210/router/mipsel-musl/stage/usr/lib /repo/Pass_GPL/asuswrt/release/src-ra-openwrt-4210/router/mipsel-musl/stage/usr/lib/libssl.so /repo/Pass_GPL/asuswrt/release/src-ra-openwrt-4210/router/mipsel-musl/stage/usr/lib/libcrypto.so 
make[5]: Leaving directory '/repo/Pass_GPL/asuswrt/release/src/router/getdns/build/CMakeFiles/CMakeTmp'
make[4]: Leaving directory '/repo/Pass_GPL/asuswrt/release/src/router/getdns/build/CMakeFiles/CMakeTmp'

File /repo/Pass_GPL/asuswrt/release/src/router/getdns/build/CMakeFiles/CMakeTmp/CheckSymbolExists.c:
/* */
#include <openssl/ssl.h>

int main(int argc, char** argv)
{
  (void)argv;
#ifndef SSL_CTX_set1_curves_list
  return ((int*)(&SSL_CTX_set1_curves_list))[argc];
#else
  (void)argc;
  return 0;
#endif
}

Determining if the SSL_set1_curves_list exist passed with the following output:
Change Dir: /repo/Pass_GPL/asuswrt/release/src/router/getdns/build/CMakeFiles/CMakeTmp

Run Build Command:"/usr/bin/make" "cmTC_745bb/fast"
make[4]: Entering directory '/repo/Pass_GPL/asuswrt/release/src/router/getdns/build/CMakeFiles/CMakeTmp'
/usr/bin/make -f CMakeFiles/cmTC_745bb.dir/build.make CMakeFiles/cmTC_745bb.dir/build
make[5]: Entering directory '/repo/Pass_GPL/asuswrt/release/src/router/getdns/build/CMakeFiles/CMakeTmp'
Building C object CMakeFiles/cmTC_745bb.dir/CheckSymbolExists.c.o
/opt/lede-toolchain-ramips-mt7621_gcc-5.4.0_musl-1.1.24.Linux-x86_64/toolchain-mipsel_24kc_gcc-5.4.0_musl-1.1.24/bin/mipsel-openwrt-linux-musl-gcc  -I/repo/Pass_GPL/asuswrt/release/src-ra-openwrt-4210/router/mipsel-musl/stage/usr/include  -Os -DNDEBUG -ffunction-sections -fdata-sections -DLINUX26 -DCONFIG_RALINK -DMUSL_LIBC -DDEBUG_NOISY -DDEBUG_RCTEST -D_GNU_SOURCE -D__UAPI_DEF_ETHHDR -DRALINK_DBDC_MODE -pipe -funit-at-a-time -Wno-pointer-sign -mtune=mips32 -mips32 -DLINUX_KERNEL_VERSION=263366 --sysroot=/opt/lede-toolchain-ramips-mt7621_gcc-5.4.0_musl-1.1.24.Linux-x86_64/toolchain-mipsel_24kc_gcc-5.4.0_musl-1.1.24 -D_POSIX_C_SOURCE=200112L -D_XOPEN_SOURCE=600 -D_BSD_SOURCE -D_DEFAULT_SOURCE    -o CMakeFiles/cmTC_745bb.dir/CheckSymbolExists.c.o   -c /repo/Pass_GPL/asuswrt/release/src/router/getdns/build/CMakeFiles/CMakeTmp/CheckSymbolExists.c
Linking C executable cmTC_745bb
/usr/bin/cmake -E cmake_link_script CMakeFiles/cmTC_745bb.dir/link.txt --verbose=1
/opt/lede-toolchain-ramips-mt7621_gcc-5.4.0_musl-1.1.24.Linux-x86_64/toolchain-mipsel_24kc_gcc-5.4.0_musl-1.1.24/bin/mipsel-openwrt-linux-musl-gcc -Os -DNDEBUG -ffunction-sections -fdata-sections -DLINUX26 -DCONFIG_RALINK -DMUSL_LIBC -DDEBUG_NOISY -DDEBUG_RCTEST -D_GNU_SOURCE -D__UAPI_DEF_ETHHDR -DRALINK_DBDC_MODE -pipe -funit-at-a-time -Wno-pointer-sign -mtune=mips32 -mips32 -DLINUX_KERNEL_VERSION=263366 --sysroot=/opt/lede-toolchain-ramips-mt7621_gcc-5.4.0_musl-1.1.24.Linux-x86_64/toolchain-mipsel_24kc_gcc-5.4.0_musl-1.1.24 -D_POSIX_C_SOURCE=200112L -D_XOPEN_SOURCE=600 -D_BSD_SOURCE -D_DEFAULT_SOURCE   -Wl,--gc-sections --sysroot=/opt/lede-toolchain-ramips-mt7621_gcc-5.4.0_musl-1.1.24.Linux-x86_64/toolchain-mipsel_24kc_gcc-5.4.0_musl-1.1.24 -lpthread  CMakeFiles/cmTC_745bb.dir/CheckSymbolExists.c.o  -o cmTC_745bb -Wl,-rpath,/repo/Pass_GPL/asuswrt/release/src-ra-openwrt-4210/router/mipsel-musl/stage/usr/lib /repo/Pass_GPL/asuswrt/release/src-ra-openwrt-4210/router/mipsel-musl/stage/usr/lib/libssl.so /repo/Pass_GPL/asuswrt/release/src-ra-openwrt-4210/router/mipsel-musl/stage/usr/lib/libcrypto.so 
make[5]: Leaving directory '/repo/Pass_GPL/asuswrt/release/src/router/getdns/build/CMakeFiles/CMakeTmp'
make[4]: Leaving directory '/repo/Pass_GPL/asuswrt/release/src/router/getdns/build/CMakeFiles/CMakeTmp'

File /repo/Pass_GPL/asuswrt/release/src/router/getdns/build/CMakeFiles/CMakeTmp/CheckSymbolExists.c:
/* */
#include <openssl/ssl.h>

int main(int argc, char** argv)
{
  (void)argv;
#ifndef SSL_set1_curves_list
  return ((int*)(&SSL_set1_curves_list))[argc];
#else
  (void)argc;
  return 0;
#endif
}

Determining if the SSL_set_min_proto_version exist passed with the following output:
Change Dir: /repo/Pass_GPL/asuswrt/release/src/router/getdns/build/CMakeFiles/CMakeTmp

Run Build Command:"/usr/bin/make" "cmTC_e6efb/fast"
make[4]: Entering directory '/repo/Pass_GPL/asuswrt/release/src/router/getdns/build/CMakeFiles/CMakeTmp'
/usr/bin/make -f CMakeFiles/cmTC_e6efb.dir/build.make CMakeFiles/cmTC_e6efb.dir/build
make[5]: Entering directory '/repo/Pass_GPL/asuswrt/release/src/router/getdns/build/CMakeFiles/CMakeTmp'
Building C object CMakeFiles/cmTC_e6efb.dir/CheckSymbolExists.c.o
/opt/lede-toolchain-ramips-mt7621_gcc-5.4.0_musl-1.1.24.Linux-x86_64/toolchain-mipsel_24kc_gcc-5.4.0_musl-1.1.24/bin/mipsel-openwrt-linux-musl-gcc  -I/repo/Pass_GPL/asuswrt/release/src-ra-openwrt-4210/router/mipsel-musl/stage/usr/include  -Os -DNDEBUG -ffunction-sections -fdata-sections -DLINUX26 -DCONFIG_RALINK -DMUSL_LIBC -DDEBUG_NOISY -DDEBUG_RCTEST -D_GNU_SOURCE -D__UAPI_DEF_ETHHDR -DRALINK_DBDC_MODE -pipe -funit-at-a-time -Wno-pointer-sign -mtune=mips32 -mips32 -DLINUX_KERNEL_VERSION=263366 --sysroot=/opt/lede-toolchain-ramips-mt7621_gcc-5.4.0_musl-1.1.24.Linux-x86_64/toolchain-mipsel_24kc_gcc-5.4.0_musl-1.1.24 -D_POSIX_C_SOURCE=200112L -D_XOPEN_SOURCE=600 -D_BSD_SOURCE -D_DEFAULT_SOURCE    -o CMakeFiles/cmTC_e6efb.dir/CheckSymbolExists.c.o   -c /repo/Pass_GPL/asuswrt/release/src/router/getdns/build/CMakeFiles/CMakeTmp/CheckSymbolExists.c
Linking C executable cmTC_e6efb
/usr/bin/cmake -E cmake_link_script CMakeFiles/cmTC_e6efb.dir/link.txt --verbose=1
/opt/lede-toolchain-ramips-mt7621_gcc-5.4.0_musl-1.1.24.Linux-x86_64/toolchain-mipsel_24kc_gcc-5.4.0_musl-1.1.24/bin/mipsel-openwrt-linux-musl-gcc -Os -DNDEBUG -ffunction-sections -fdata-sections -DLINUX26 -DCONFIG_RALINK -DMUSL_LIBC -DDEBUG_NOISY -DDEBUG_RCTEST -D_GNU_SOURCE -D__UAPI_DEF_ETHHDR -DRALINK_DBDC_MODE -pipe -funit-at-a-time -Wno-pointer-sign -mtune=mips32 -mips32 -DLINUX_KERNEL_VERSION=263366 --sysroot=/opt/lede-toolchain-ramips-mt7621_gcc-5.4.0_musl-1.1.24.Linux-x86_64/toolchain-mipsel_24kc_gcc-5.4.0_musl-1.1.24 -D_POSIX_C_SOURCE=200112L -D_XOPEN_SOURCE=600 -D_BSD_SOURCE -D_DEFAULT_SOURCE   -Wl,--gc-sections --sysroot=/opt/lede-toolchain-ramips-mt7621_gcc-5.4.0_musl-1.1.24.Linux-x86_64/toolchain-mipsel_24kc_gcc-5.4.0_musl-1.1.24 -lpthread  CMakeFiles/cmTC_e6efb.dir/CheckSymbolExists.c.o  -o cmTC_e6efb -Wl,-rpath,/repo/Pass_GPL/asuswrt/release/src-ra-openwrt-4210/router/mipsel-musl/stage/usr/lib /repo/Pass_GPL/asuswrt/release/src-ra-openwrt-4210/router/mipsel-musl/stage/usr/lib/libssl.so /repo/Pass_GPL/asuswrt/release/src-ra-openwrt-4210/router/mipsel-musl/stage/usr/lib/libcrypto.so 
make[5]: Leaving directory '/repo/Pass_GPL/asuswrt/release/src/router/getdns/build/CMakeFiles/CMakeTmp'
make[4]: Leaving directory '/repo/Pass_GPL/asuswrt/release/src/router/getdns/build/CMakeFiles/CMakeTmp'

File /repo/Pass_GPL/asuswrt/release/src/router/getdns/build/CMakeFiles/CMakeTmp/CheckSymbolExists.c:
/* */
#include <openssl/ssl.h>

int main(int argc, char** argv)
{
  (void)argv;
#ifndef SSL_set_min_proto_version
  return ((int*)(&SSL_set_min_proto_version))[argc];
#else
  (void)argc;
  return 0;
#endif
}

Determining if the TLS_client_method exist passed with the following output:
Change Dir: /repo/Pass_GPL/asuswrt/release/src/router/getdns/build/CMakeFiles/CMakeTmp

Run Build Command:"/usr/bin/make" "cmTC_57779/fast"
make[4]: Entering directory '/repo/Pass_GPL/asuswrt/release/src/router/getdns/build/CMakeFiles/CMakeTmp'
/usr/bin/make -f CMakeFiles/cmTC_57779.dir/build.make CMakeFiles/cmTC_57779.dir/build
make[5]: Entering directory '/repo/Pass_GPL/asuswrt/release/src/router/getdns/build/CMakeFiles/CMakeTmp'
Building C object CMakeFiles/cmTC_57779.dir/CheckSymbolExists.c.o
/opt/lede-toolchain-ramips-mt7621_gcc-5.4.0_musl-1.1.24.Linux-x86_64/toolchain-mipsel_24kc_gcc-5.4.0_musl-1.1.24/bin/mipsel-openwrt-linux-musl-gcc  -I/repo/Pass_GPL/asuswrt/release/src-ra-openwrt-4210/router/mipsel-musl/stage/usr/include  -Os -DNDEBUG -ffunction-sections -fdata-sections -DLINUX26 -DCONFIG_RALINK -DMUSL_LIBC -DDEBUG_NOISY -DDEBUG_RCTEST -D_GNU_SOURCE -D__UAPI_DEF_ETHHDR -DRALINK_DBDC_MODE -pipe -funit-at-a-time -Wno-pointer-sign -mtune=mips32 -mips32 -DLINUX_KERNEL_VERSION=263366 --sysroot=/opt/lede-toolchain-ramips-mt7621_gcc-5.4.0_musl-1.1.24.Linux-x86_64/toolchain-mipsel_24kc_gcc-5.4.0_musl-1.1.24 -D_POSIX_C_SOURCE=200112L -D_XOPEN_SOURCE=600 -D_BSD_SOURCE -D_DEFAULT_SOURCE    -o CMakeFiles/cmTC_57779.dir/CheckSymbolExists.c.o   -c /repo/Pass_GPL/asuswrt/release/src/router/getdns/build/CMakeFiles/CMakeTmp/CheckSymbolExists.c
Linking C executable cmTC_57779
/usr/bin/cmake -E cmake_link_script CMakeFiles/cmTC_57779.dir/link.txt --verbose=1
/opt/lede-toolchain-ramips-mt7621_gcc-5.4.0_musl-1.1.24.Linux-x86_64/toolchain-mipsel_24kc_gcc-5.4.0_musl-1.1.24/bin/mipsel-openwrt-linux-musl-gcc -Os -DNDEBUG -ffunction-sections -fdata-sections -DLINUX26 -DCONFIG_RALINK -DMUSL_LIBC -DDEBUG_NOISY -DDEBUG_RCTEST -D_GNU_SOURCE -D__UAPI_DEF_ETHHDR -DRALINK_DBDC_MODE -pipe -funit-at-a-time -Wno-pointer-sign -mtune=mips32 -mips32 -DLINUX_KERNEL_VERSION=263366 --sysroot=/opt/lede-toolchain-ramips-mt7621_gcc-5.4.0_musl-1.1.24.Linux-x86_64/toolchain-mipsel_24kc_gcc-5.4.0_musl-1.1.24 -D_POSIX_C_SOURCE=200112L -D_XOPEN_SOURCE=600 -D_BSD_SOURCE -D_DEFAULT_SOURCE   -Wl,--gc-sections --sysroot=/opt/lede-toolchain-ramips-mt7621_gcc-5.4.0_musl-1.1.24.Linux-x86_64/toolchain-mipsel_24kc_gcc-5.4.0_musl-1.1.24 -lpthread  CMakeFiles/cmTC_57779.dir/CheckSymbolExists.c.o  -o cmTC_57779 -Wl,-rpath,/repo/Pass_GPL/asuswrt/release/src-ra-openwrt-4210/router/mipsel-musl/stage/usr/lib /repo/Pass_GPL/asuswrt/release/src-ra-openwrt-4210/router/mipsel-musl/stage/usr/lib/libssl.so /repo/Pass_GPL/asuswrt/release/src-ra-openwrt-4210/router/mipsel-musl/stage/usr/lib/libcrypto.so 
make[5]: Leaving directory '/repo/Pass_GPL/asuswrt/release/src/router/getdns/build/CMakeFiles/CMakeTmp'
make[4]: Leaving directory '/repo/Pass_GPL/asuswrt/release/src/router/getdns/build/CMakeFiles/CMakeTmp'

File /repo/Pass_GPL/asuswrt/release/src/router/getdns/build/CMakeFiles/CMakeTmp/CheckSymbolExists.c:
/* */
#include <openssl/ssl.h>

int main(int argc, char** argv)
{
  (void)argv;
#ifndef TLS_client_method
  return ((int*)(&TLS_client_method))[argc];
#else
  (void)argc;
  return 0;
#endif
}

Determining if the X509_get_notAfter exist passed with the following output:
Change Dir: /repo/Pass_GPL/asuswrt/release/src/router/getdns/build/CMakeFiles/CMakeTmp

Run Build Command:"/usr/bin/make" "cmTC_a039e/fast"
make[4]: Entering directory '/repo/Pass_GPL/asuswrt/release/src/router/getdns/build/CMakeFiles/CMakeTmp'
/usr/bin/make -f CMakeFiles/cmTC_a039e.dir/build.make CMakeFiles/cmTC_a039e.dir/build
make[5]: Entering directory '/repo/Pass_GPL/asuswrt/release/src/router/getdns/build/CMakeFiles/CMakeTmp'
Building C object CMakeFiles/cmTC_a039e.dir/CheckSymbolExists.c.o
/opt/lede-toolchain-ramips-mt7621_gcc-5.4.0_musl-1.1.24.Linux-x86_64/toolchain-mipsel_24kc_gcc-5.4.0_musl-1.1.24/bin/mipsel-openwrt-linux-musl-gcc  -I/repo/Pass_GPL/asuswrt/release/src-ra-openwrt-4210/router/mipsel-musl/stage/usr/include  -Os -DNDEBUG -ffunction-sections -fdata-sections -DLINUX26 -DCONFIG_RALINK -DMUSL_LIBC -DDEBUG_NOISY -DDEBUG_RCTEST -D_GNU_SOURCE -D__UAPI_DEF_ETHHDR -DRALINK_DBDC_MODE -pipe -funit-at-a-time -Wno-pointer-sign -mtune=mips32 -mips32 -DLINUX_KERNEL_VERSION=263366 --sysroot=/opt/lede-toolchain-ramips-mt7621_gcc-5.4.0_musl-1.1.24.Linux-x86_64/toolchain-mipsel_24kc_gcc-5.4.0_musl-1.1.24 -D_POSIX_C_SOURCE=200112L -D_XOPEN_SOURCE=600 -D_BSD_SOURCE -D_DEFAULT_SOURCE    -o CMakeFiles/cmTC_a039e.dir/CheckSymbolExists.c.o   -c /repo/Pass_GPL/asuswrt/release/src/router/getdns/build/CMakeFiles/CMakeTmp/CheckSymbolExists.c
Linking C executable cmTC_a039e
/usr/bin/cmake -E cmake_link_script CMakeFiles/cmTC_a039e.dir/link.txt --verbose=1
/opt/lede-toolchain-ramips-mt7621_gcc-5.4.0_musl-1.1.24.Linux-x86_64/toolchain-mipsel_24kc_gcc-5.4.0_musl-1.1.24/bin/mipsel-openwrt-linux-musl-gcc -Os -DNDEBUG -ffunction-sections -fdata-sections -DLINUX26 -DCONFIG_RALINK -DMUSL_LIBC -DDEBUG_NOISY -DDEBUG_RCTEST -D_GNU_SOURCE -D__UAPI_DEF_ETHHDR -DRALINK_DBDC_MODE -pipe -funit-at-a-time -Wno-pointer-sign -mtune=mips32 -mips32 -DLINUX_KERNEL_VERSION=263366 --sysroot=/opt/lede-toolchain-ramips-mt7621_gcc-5.4.0_musl-1.1.24.Linux-x86_64/toolchain-mipsel_24kc_gcc-5.4.0_musl-1.1.24 -D_POSIX_C_SOURCE=200112L -D_XOPEN_SOURCE=600 -D_BSD_SOURCE -D_DEFAULT_SOURCE   -Wl,--gc-sections --sysroot=/opt/lede-toolchain-ramips-mt7621_gcc-5.4.0_musl-1.1.24.Linux-x86_64/toolchain-mipsel_24kc_gcc-5.4.0_musl-1.1.24 -lpthread  CMakeFiles/cmTC_a039e.dir/CheckSymbolExists.c.o  -o cmTC_a039e -Wl,-rpath,/repo/Pass_GPL/asuswrt/release/src-ra-openwrt-4210/router/mipsel-musl/stage/usr/lib /repo/Pass_GPL/asuswrt/release/src-ra-openwrt-4210/router/mipsel-musl/stage/usr/lib/libssl.so /repo/Pass_GPL/asuswrt/release/src-ra-openwrt-4210/router/mipsel-musl/stage/usr/lib/libcrypto.so 
make[5]: Leaving directory '/repo/Pass_GPL/asuswrt/release/src/router/getdns/build/CMakeFiles/CMakeTmp'
make[4]: Leaving directory '/repo/Pass_GPL/asuswrt/release/src/router/getdns/build/CMakeFiles/CMakeTmp'

File /repo/Pass_GPL/asuswrt/release/src/router/getdns/build/CMakeFiles/CMakeTmp/CheckSymbolExists.c:
/* */
#include <openssl/x509.h>

int main(int argc, char** argv)
{
  (void)argv;
#ifndef X509_get_notAfter
  return ((int*)(&X509_get_notAfter))[argc];
#else
  (void)argc;
  return 0;
#endif
}

Determining if the X509_get0_notAfter exist passed with the following output:
Change Dir: /repo/Pass_GPL/asuswrt/release/src/router/getdns/build/CMakeFiles/CMakeTmp

Run Build Command:"/usr/bin/make" "cmTC_22ebb/fast"
make[4]: Entering directory '/repo/Pass_GPL/asuswrt/release/src/router/getdns/build/CMakeFiles/CMakeTmp'
/usr/bin/make -f CMakeFiles/cmTC_22ebb.dir/build.make CMakeFiles/cmTC_22ebb.dir/build
make[5]: Entering directory '/repo/Pass_GPL/asuswrt/release/src/router/getdns/build/CMakeFiles/CMakeTmp'
Building C object CMakeFiles/cmTC_22ebb.dir/CheckSymbolExists.c.o
/opt/lede-toolchain-ramips-mt7621_gcc-5.4.0_musl-1.1.24.Linux-x86_64/toolchain-mipsel_24kc_gcc-5.4.0_musl-1.1.24/bin/mipsel-openwrt-linux-musl-gcc  -I/repo/Pass_GPL/asuswrt/release/src-ra-openwrt-4210/router/mipsel-musl/stage/usr/include  -Os -DNDEBUG -ffunction-sections -fdata-sections -DLINUX26 -DCONFIG_RALINK -DMUSL_LIBC -DDEBUG_NOISY -DDEBUG_RCTEST -D_GNU_SOURCE -D__UAPI_DEF_ETHHDR -DRALINK_DBDC_MODE -pipe -funit-at-a-time -Wno-pointer-sign -mtune=mips32 -mips32 -DLINUX_KERNEL_VERSION=263366 --sysroot=/opt/lede-toolchain-ramips-mt7621_gcc-5.4.0_musl-1.1.24.Linux-x86_64/toolchain-mipsel_24kc_gcc-5.4.0_musl-1.1.24 -D_POSIX_C_SOURCE=200112L -D_XOPEN_SOURCE=600 -D_BSD_SOURCE -D_DEFAULT_SOURCE    -o CMakeFiles/cmTC_22ebb.dir/CheckSymbolExists.c.o   -c /repo/Pass_GPL/asuswrt/release/src/router/getdns/build/CMakeFiles/CMakeTmp/CheckSymbolExists.c
Linking C executable cmTC_22ebb
/usr/bin/cmake -E cmake_link_script CMakeFiles/cmTC_22ebb.dir/link.txt --verbose=1
/opt/lede-toolchain-ramips-mt7621_gcc-5.4.0_musl-1.1.24.Linux-x86_64/toolchain-mipsel_24kc_gcc-5.4.0_musl-1.1.24/bin/mipsel-openwrt-linux-musl-gcc -Os -DNDEBUG -ffunction-sections -fdata-sections -DLINUX26 -DCONFIG_RALINK -DMUSL_LIBC -DDEBUG_NOISY -DDEBUG_RCTEST -D_GNU_SOURCE -D__UAPI_DEF_ETHHDR -DRALINK_DBDC_MODE -pipe -funit-at-a-time -Wno-pointer-sign -mtune=mips32 -mips32 -DLINUX_KERNEL_VERSION=263366 --sysroot=/opt/lede-toolchain-ramips-mt7621_gcc-5.4.0_musl-1.1.24.Linux-x86_64/toolchain-mipsel_24kc_gcc-5.4.0_musl-1.1.24 -D_POSIX_C_SOURCE=200112L -D_XOPEN_SOURCE=600 -D_BSD_SOURCE -D_DEFAULT_SOURCE   -Wl,--gc-sections --sysroot=/opt/lede-toolchain-ramips-mt7621_gcc-5.4.0_musl-1.1.24.Linux-x86_64/toolchain-mipsel_24kc_gcc-5.4.0_musl-1.1.24 -lpthread  CMakeFiles/cmTC_22ebb.dir/CheckSymbolExists.c.o  -o cmTC_22ebb -Wl,-rpath,/repo/Pass_GPL/asuswrt/release/src-ra-openwrt-4210/router/mipsel-musl/stage/usr/lib /repo/Pass_GPL/asuswrt/release/src-ra-openwrt-4210/router/mipsel-musl/stage/usr/lib/libssl.so /repo/Pass_GPL/asuswrt/release/src-ra-openwrt-4210/router/mipsel-musl/stage/usr/lib/libcrypto.so 
make[5]: Leaving directory '/repo/Pass_GPL/asuswrt/release/src/router/getdns/build/CMakeFiles/CMakeTmp'
make[4]: Leaving directory '/repo/Pass_GPL/asuswrt/release/src/router/getdns/build/CMakeFiles/CMakeTmp'

File /repo/Pass_GPL/asuswrt/release/src/router/getdns/build/CMakeFiles/CMakeTmp/CheckSymbolExists.c:
/* */
#include <openssl/x509.h>

int main(int argc, char** argv)
{
  (void)argv;
#ifndef X509_get0_notAfter
  return ((int*)(&X509_get0_notAfter))[argc];
#else
  (void)argc;
  return 0;
#endif
}

Determining if the NID_ED25519 exist passed with the following output:
Change Dir: /repo/Pass_GPL/asuswrt/release/src/router/getdns/build/CMakeFiles/CMakeTmp

Run Build Command:"/usr/bin/make" "cmTC_c64f2/fast"
make[4]: Entering directory '/repo/Pass_GPL/asuswrt/release/src/router/getdns/build/CMakeFiles/CMakeTmp'
/usr/bin/make -f CMakeFiles/cmTC_c64f2.dir/build.make CMakeFiles/cmTC_c64f2.dir/build
make[5]: Entering directory '/repo/Pass_GPL/asuswrt/release/src/router/getdns/build/CMakeFiles/CMakeTmp'
Building C object CMakeFiles/cmTC_c64f2.dir/CheckSymbolExists.c.o
/opt/lede-toolchain-ramips-mt7621_gcc-5.4.0_musl-1.1.24.Linux-x86_64/toolchain-mipsel_24kc_gcc-5.4.0_musl-1.1.24/bin/mipsel-openwrt-linux-musl-gcc  -I/repo/Pass_GPL/asuswrt/release/src-ra-openwrt-4210/router/mipsel-musl/stage/usr/include  -Os -DNDEBUG -ffunction-sections -fdata-sections -DLINUX26 -DCONFIG_RALINK -DMUSL_LIBC -DDEBUG_NOISY -DDEBUG_RCTEST -D_GNU_SOURCE -D__UAPI_DEF_ETHHDR -DRALINK_DBDC_MODE -pipe -funit-at-a-time -Wno-pointer-sign -mtune=mips32 -mips32 -DLINUX_KERNEL_VERSION=263366 --sysroot=/opt/lede-toolchain-ramips-mt7621_gcc-5.4.0_musl-1.1.24.Linux-x86_64/toolchain-mipsel_24kc_gcc-5.4.0_musl-1.1.24 -D_POSIX_C_SOURCE=200112L -D_XOPEN_SOURCE=600 -D_BSD_SOURCE -D_DEFAULT_SOURCE    -o CMakeFiles/cmTC_c64f2.dir/CheckSymbolExists.c.o   -c /repo/Pass_GPL/asuswrt/release/src/router/getdns/build/CMakeFiles/CMakeTmp/CheckSymbolExists.c
Linking C executable cmTC_c64f2
/usr/bin/cmake -E cmake_link_script CMakeFiles/cmTC_c64f2.dir/link.txt --verbose=1
/opt/lede-toolchain-ramips-mt7621_gcc-5.4.0_musl-1.1.24.Linux-x86_64/toolchain-mipsel_24kc_gcc-5.4.0_musl-1.1.24/bin/mipsel-openwrt-linux-musl-gcc -Os -DNDEBUG -ffunction-sections -fdata-sections -DLINUX26 -DCONFIG_RALINK -DMUSL_LIBC -DDEBUG_NOISY -DDEBUG_RCTEST -D_GNU_SOURCE -D__UAPI_DEF_ETHHDR -DRALINK_DBDC_MODE -pipe -funit-at-a-time -Wno-pointer-sign -mtune=mips32 -mips32 -DLINUX_KERNEL_VERSION=263366 --sysroot=/opt/lede-toolchain-ramips-mt7621_gcc-5.4.0_musl-1.1.24.Linux-x86_64/toolchain-mipsel_24kc_gcc-5.4.0_musl-1.1.24 -D_POSIX_C_SOURCE=200112L -D_XOPEN_SOURCE=600 -D_BSD_SOURCE -D_DEFAULT_SOURCE   -Wl,--gc-sections --sysroot=/opt/lede-toolchain-ramips-mt7621_gcc-5.4.0_musl-1.1.24.Linux-x86_64/toolchain-mipsel_24kc_gcc-5.4.0_musl-1.1.24 -lpthread  CMakeFiles/cmTC_c64f2.dir/CheckSymbolExists.c.o  -o cmTC_c64f2 -Wl,-rpath,/repo/Pass_GPL/asuswrt/release/src-ra-openwrt-4210/router/mipsel-musl/stage/usr/lib /repo/Pass_GPL/asuswrt/release/src-ra-openwrt-4210/router/mipsel-musl/stage/usr/lib/libssl.so /repo/Pass_GPL/asuswrt/release/src-ra-openwrt-4210/router/mipsel-musl/stage/usr/lib/libcrypto.so 
make[5]: Leaving directory '/repo/Pass_GPL/asuswrt/release/src/router/getdns/build/CMakeFiles/CMakeTmp'
make[4]: Leaving directory '/repo/Pass_GPL/asuswrt/release/src/router/getdns/build/CMakeFiles/CMakeTmp'

File /repo/Pass_GPL/asuswrt/release/src/router/getdns/build/CMakeFiles/CMakeTmp/CheckSymbolExists.c:
/* */
#include <openssl/obj_mac.h>

int main(int argc, char** argv)
{
  (void)argv;
#ifndef NID_ED25519
  return ((int*)(&NID_ED25519))[argc];
#else
  (void)argc;
  return 0;
#endif
}

Determining if the NID_ED448 exist passed with the following output:
Change Dir: /repo/Pass_GPL/asuswrt/release/src/router/getdns/build/CMakeFiles/CMakeTmp

Run Build Command:"/usr/bin/make" "cmTC_859ed/fast"
make[4]: Entering directory '/repo/Pass_GPL/asuswrt/release/src/router/getdns/build/CMakeFiles/CMakeTmp'
/usr/bin/make -f CMakeFiles/cmTC_859ed.dir/build.make CMakeFiles/cmTC_859ed.dir/build
make[5]: Entering directory '/repo/Pass_GPL/asuswrt/release/src/router/getdns/build/CMakeFiles/CMakeTmp'
Building C object CMakeFiles/cmTC_859ed.dir/CheckSymbolExists.c.o
/opt/lede-toolchain-ramips-mt7621_gcc-5.4.0_musl-1.1.24.Linux-x86_64/toolchain-mipsel_24kc_gcc-5.4.0_musl-1.1.24/bin/mipsel-openwrt-linux-musl-gcc  -I/repo/Pass_GPL/asuswrt/release/src-ra-openwrt-4210/router/mipsel-musl/stage/usr/include  -Os -DNDEBUG -ffunction-sections -fdata-sections -DLINUX26 -DCONFIG_RALINK -DMUSL_LIBC -DDEBUG_NOISY -DDEBUG_RCTEST -D_GNU_SOURCE -D__UAPI_DEF_ETHHDR -DRALINK_DBDC_MODE -pipe -funit-at-a-time -Wno-pointer-sign -mtune=mips32 -mips32 -DLINUX_KERNEL_VERSION=263366 --sysroot=/opt/lede-toolchain-ramips-mt7621_gcc-5.4.0_musl-1.1.24.Linux-x86_64/toolchain-mipsel_24kc_gcc-5.4.0_musl-1.1.24 -D_POSIX_C_SOURCE=200112L -D_XOPEN_SOURCE=600 -D_BSD_SOURCE -D_DEFAULT_SOURCE    -o CMakeFiles/cmTC_859ed.dir/CheckSymbolExists.c.o   -c /repo/Pass_GPL/asuswrt/release/src/router/getdns/build/CMakeFiles/CMakeTmp/CheckSymbolExists.c
Linking C executable cmTC_859ed
/usr/bin/cmake -E cmake_link_script CMakeFiles/cmTC_859ed.dir/link.txt --verbose=1
/opt/lede-toolchain-ramips-mt7621_gcc-5.4.0_musl-1.1.24.Linux-x86_64/toolchain-mipsel_24kc_gcc-5.4.0_musl-1.1.24/bin/mipsel-openwrt-linux-musl-gcc -Os -DNDEBUG -ffunction-sections -fdata-sections -DLINUX26 -DCONFIG_RALINK -DMUSL_LIBC -DDEBUG_NOISY -DDEBUG_RCTEST -D_GNU_SOURCE -D__UAPI_DEF_ETHHDR -DRALINK_DBDC_MODE -pipe -funit-at-a-time -Wno-pointer-sign -mtune=mips32 -mips32 -DLINUX_KERNEL_VERSION=263366 --sysroot=/opt/lede-toolchain-ramips-mt7621_gcc-5.4.0_musl-1.1.24.Linux-x86_64/toolchain-mipsel_24kc_gcc-5.4.0_musl-1.1.24 -D_POSIX_C_SOURCE=200112L -D_XOPEN_SOURCE=600 -D_BSD_SOURCE -D_DEFAULT_SOURCE   -Wl,--gc-sections --sysroot=/opt/lede-toolchain-ramips-mt7621_gcc-5.4.0_musl-1.1.24.Linux-x86_64/toolchain-mipsel_24kc_gcc-5.4.0_musl-1.1.24 -lpthread  CMakeFiles/cmTC_859ed.dir/CheckSymbolExists.c.o  -o cmTC_859ed -Wl,-rpath,/repo/Pass_GPL/asuswrt/release/src-ra-openwrt-4210/router/mipsel-musl/stage/usr/lib /repo/Pass_GPL/asuswrt/release/src-ra-openwrt-4210/router/mipsel-musl/stage/usr/lib/libssl.so /repo/Pass_GPL/asuswrt/release/src-ra-openwrt-4210/router/mipsel-musl/stage/usr/lib/libcrypto.so 
make[5]: Leaving directory '/repo/Pass_GPL/asuswrt/release/src/router/getdns/build/CMakeFiles/CMakeTmp'
make[4]: Leaving directory '/repo/Pass_GPL/asuswrt/release/src/router/getdns/build/CMakeFiles/CMakeTmp'

File /repo/Pass_GPL/asuswrt/release/src/router/getdns/build/CMakeFiles/CMakeTmp/CheckSymbolExists.c:
/* */
#include <openssl/obj_mac.h>

int main(int argc, char** argv)
{
  (void)argv;
#ifndef NID_ED448
  return ((int*)(&NID_ED448))[argc];
#else
  (void)argc;
  return 0;
#endif
}

Determining if the include file pthread.h exists passed with the following output:
Change Dir: /repo/Pass_GPL/asuswrt/release/src/router/getdns/build/CMakeFiles/CMakeTmp

Run Build Command:"/usr/bin/make" "cmTC_e3b0e/fast"
make[4]: Entering directory '/repo/Pass_GPL/asuswrt/release/src/router/getdns/build/CMakeFiles/CMakeTmp'
/usr/bin/make -f CMakeFiles/cmTC_e3b0e.dir/build.make CMakeFiles/cmTC_e3b0e.dir/build
make[5]: Entering directory '/repo/Pass_GPL/asuswrt/release/src/router/getdns/build/CMakeFiles/CMakeTmp'
Building C object CMakeFiles/cmTC_e3b0e.dir/CheckIncludeFile.c.o
/opt/lede-toolchain-ramips-mt7621_gcc-5.4.0_musl-1.1.24.Linux-x86_64/toolchain-mipsel_24kc_gcc-5.4.0_musl-1.1.24/bin/mipsel-openwrt-linux-musl-gcc  -I/repo/Pass_GPL/asuswrt/release/src-ra-openwrt-4210/router/mipsel-musl/stage/usr/include  -Os -DNDEBUG -ffunction-sections -fdata-sections -DLINUX26 -DCONFIG_RALINK -DMUSL_LIBC -DDEBUG_NOISY -DDEBUG_RCTEST -D_GNU_SOURCE -D__UAPI_DEF_ETHHDR -DRALINK_DBDC_MODE -pipe -funit-at-a-time -Wno-pointer-sign -mtune=mips32 -mips32 -DLINUX_KERNEL_VERSION=263366 --sysroot=/opt/lede-toolchain-ramips-mt7621_gcc-5.4.0_musl-1.1.24.Linux-x86_64/toolchain-mipsel_24kc_gcc-5.4.0_musl-1.1.24 -D_POSIX_C_SOURCE=200112L -D_XOPEN_SOURCE=600 -D_BSD_SOURCE -D_DEFAULT_SOURCE    -o CMakeFiles/cmTC_e3b0e.dir/CheckIncludeFile.c.o   -c /repo/Pass_GPL/asuswrt/release/src/router/getdns/build/CMakeFiles/CMakeTmp/CheckIncludeFile.c
Linking C executable cmTC_e3b0e
/usr/bin/cmake -E cmake_link_script CMakeFiles/cmTC_e3b0e.dir/link.txt --verbose=1
/opt/lede-toolchain-ramips-mt7621_gcc-5.4.0_musl-1.1.24.Linux-x86_64/toolchain-mipsel_24kc_gcc-5.4.0_musl-1.1.24/bin/mipsel-openwrt-linux-musl-gcc -Os -DNDEBUG -ffunction-sections -fdata-sections -DLINUX26 -DCONFIG_RALINK -DMUSL_LIBC -DDEBUG_NOISY -DDEBUG_RCTEST -D_GNU_SOURCE -D__UAPI_DEF_ETHHDR -DRALINK_DBDC_MODE -pipe -funit-at-a-time -Wno-pointer-sign -mtune=mips32 -mips32 -DLINUX_KERNEL_VERSION=263366 --sysroot=/opt/lede-toolchain-ramips-mt7621_gcc-5.4.0_musl-1.1.24.Linux-x86_64/toolchain-mipsel_24kc_gcc-5.4.0_musl-1.1.24 -D_POSIX_C_SOURCE=200112L -D_XOPEN_SOURCE=600 -D_BSD_SOURCE -D_DEFAULT_SOURCE   -Wl,--gc-sections --sysroot=/opt/lede-toolchain-ramips-mt7621_gcc-5.4.0_musl-1.1.24.Linux-x86_64/toolchain-mipsel_24kc_gcc-5.4.0_musl-1.1.24 -lpthread  CMakeFiles/cmTC_e3b0e.dir/CheckIncludeFile.c.o  -o cmTC_e3b0e 
make[5]: Leaving directory '/repo/Pass_GPL/asuswrt/release/src/router/getdns/build/CMakeFiles/CMakeTmp'
make[4]: Leaving directory '/repo/Pass_GPL/asuswrt/release/src/router/getdns/build/CMakeFiles/CMakeTmp'


Determining if the pthread_create exist passed with the following output:
Change Dir: /repo/Pass_GPL/asuswrt/release/src/router/getdns/build/CMakeFiles/CMakeTmp

Run Build Command:"/usr/bin/make" "cmTC_205ff/fast"
make[4]: Entering directory '/repo/Pass_GPL/asuswrt/release/src/router/getdns/build/CMakeFiles/CMakeTmp'
/usr/bin/make -f CMakeFiles/cmTC_205ff.dir/build.make CMakeFiles/cmTC_205ff.dir/build
make[5]: Entering directory '/repo/Pass_GPL/asuswrt/release/src/router/getdns/build/CMakeFiles/CMakeTmp'
Building C object CMakeFiles/cmTC_205ff.dir/CheckSymbolExists.c.o
/opt/lede-toolchain-ramips-mt7621_gcc-5.4.0_musl-1.1.24.Linux-x86_64/toolchain-mipsel_24kc_gcc-5.4.0_musl-1.1.24/bin/mipsel-openwrt-linux-musl-gcc  -I/repo/Pass_GPL/asuswrt/release/src-ra-openwrt-4210/router/mipsel-musl/stage/usr/include  -Os -DNDEBUG -ffunction-sections -fdata-sections -DLINUX26 -DCONFIG_RALINK -DMUSL_LIBC -DDEBUG_NOISY -DDEBUG_RCTEST -D_GNU_SOURCE -D__UAPI_DEF_ETHHDR -DRALINK_DBDC_MODE -pipe -funit-at-a-time -Wno-pointer-sign -mtune=mips32 -mips32 -DLINUX_KERNEL_VERSION=263366 --sysroot=/opt/lede-toolchain-ramips-mt7621_gcc-5.4.0_musl-1.1.24.Linux-x86_64/toolchain-mipsel_24kc_gcc-5.4.0_musl-1.1.24 -D_POSIX_C_SOURCE=200112L -D_XOPEN_SOURCE=600 -D_BSD_SOURCE -D_DEFAULT_SOURCE    -o CMakeFiles/cmTC_205ff.dir/CheckSymbolExists.c.o   -c /repo/Pass_GPL/asuswrt/release/src/router/getdns/build/CMakeFiles/CMakeTmp/CheckSymbolExists.c
Linking C executable cmTC_205ff
/usr/bin/cmake -E cmake_link_script CMakeFiles/cmTC_205ff.dir/link.txt --verbose=1
/opt/lede-toolchain-ramips-mt7621_gcc-5.4.0_musl-1.1.24.Linux-x86_64/toolchain-mipsel_24kc_gcc-5.4.0_musl-1.1.24/bin/mipsel-openwrt-linux-musl-gcc -Os -DNDEBUG -ffunction-sections -fdata-sections -DLINUX26 -DCONFIG_RALINK -DMUSL_LIBC -DDEBUG_NOISY -DDEBUG_RCTEST -D_GNU_SOURCE -D__UAPI_DEF_ETHHDR -DRALINK_DBDC_MODE -pipe -funit-at-a-time -Wno-pointer-sign -mtune=mips32 -mips32 -DLINUX_KERNEL_VERSION=263366 --sysroot=/opt/lede-toolchain-ramips-mt7621_gcc-5.4.0_musl-1.1.24.Linux-x86_64/toolchain-mipsel_24kc_gcc-5.4.0_musl-1.1.24 -D_POSIX_C_SOURCE=200112L -D_XOPEN_SOURCE=600 -D_BSD_SOURCE -D_DEFAULT_SOURCE   -Wl,--gc-sections --sysroot=/opt/lede-toolchain-ramips-mt7621_gcc-5.4.0_musl-1.1.24.Linux-x86_64/toolchain-mipsel_24kc_gcc-5.4.0_musl-1.1.24 -lpthread  CMakeFiles/cmTC_205ff.dir/CheckSymbolExists.c.o  -o cmTC_205ff -Wl,-rpath,/repo/Pass_GPL/asuswrt/release/src-ra-openwrt-4210/router/mipsel-musl/stage/usr/lib /repo/Pass_GPL/asuswrt/release/src-ra-openwrt-4210/router/mipsel-musl/stage/usr/lib/libssl.so /repo/Pass_GPL/asuswrt/release/src-ra-openwrt-4210/router/mipsel-musl/stage/usr/lib/libcrypto.so 
make[5]: Leaving directory '/repo/Pass_GPL/asuswrt/release/src/router/getdns/build/CMakeFiles/CMakeTmp'
make[4]: Leaving directory '/repo/Pass_GPL/asuswrt/release/src/router/getdns/build/CMakeFiles/CMakeTmp'

File /repo/Pass_GPL/asuswrt/release/src/router/getdns/build/CMakeFiles/CMakeTmp/CheckSymbolExists.c:
/* */
#include <pthread.h>

int main(int argc, char** argv)
{
  (void)argv;
#ifndef pthread_create
  return ((int*)(&pthread_create))[argc];
#else
  (void)argc;
  return 0;
#endif
}

Determining if the strlcpy exist passed with the following output:
Change Dir: /repo/Pass_GPL/asuswrt/release/src/router/getdns/build/CMakeFiles/CMakeTmp

Run Build Command:"/usr/bin/make" "cmTC_ed84c/fast"
make[4]: Entering directory '/repo/Pass_GPL/asuswrt/release/src/router/getdns/build/CMakeFiles/CMakeTmp'
/usr/bin/make -f CMakeFiles/cmTC_ed84c.dir/build.make CMakeFiles/cmTC_ed84c.dir/build
make[5]: Entering directory '/repo/Pass_GPL/asuswrt/release/src/router/getdns/build/CMakeFiles/CMakeTmp'
Building C object CMakeFiles/cmTC_ed84c.dir/CheckSymbolExists.c.o
/opt/lede-toolchain-ramips-mt7621_gcc-5.4.0_musl-1.1.24.Linux-x86_64/toolchain-mipsel_24kc_gcc-5.4.0_musl-1.1.24/bin/mipsel-openwrt-linux-musl-gcc  -I/repo/Pass_GPL/asuswrt/release/src-ra-openwrt-4210/router/mipsel-musl/stage/usr/include  -Os -DNDEBUG -ffunction-sections -fdata-sections -DLINUX26 -DCONFIG_RALINK -DMUSL_LIBC -DDEBUG_NOISY -DDEBUG_RCTEST -D_GNU_SOURCE -D__UAPI_DEF_ETHHDR -DRALINK_DBDC_MODE -pipe -funit-at-a-time -Wno-pointer-sign -mtune=mips32 -mips32 -DLINUX_KERNEL_VERSION=263366 --sysroot=/opt/lede-toolchain-ramips-mt7621_gcc-5.4.0_musl-1.1.24.Linux-x86_64/toolchain-mipsel_24kc_gcc-5.4.0_musl-1.1.24 -D_POSIX_C_SOURCE=200112L -D_XOPEN_SOURCE=600 -D_BSD_SOURCE -D_DEFAULT_SOURCE    -o CMakeFiles/cmTC_ed84c.dir/CheckSymbolExists.c.o   -c /repo/Pass_GPL/asuswrt/release/src/router/getdns/build/CMakeFiles/CMakeTmp/CheckSymbolExists.c
Linking C executable cmTC_ed84c
/usr/bin/cmake -E cmake_link_script CMakeFiles/cmTC_ed84c.dir/link.txt --verbose=1
/opt/lede-toolchain-ramips-mt7621_gcc-5.4.0_musl-1.1.24.Linux-x86_64/toolchain-mipsel_24kc_gcc-5.4.0_musl-1.1.24/bin/mipsel-openwrt-linux-musl-gcc -Os -DNDEBUG -ffunction-sections -fdata-sections -DLINUX26 -DCONFIG_RALINK -DMUSL_LIBC -DDEBUG_NOISY -DDEBUG_RCTEST -D_GNU_SOURCE -D__UAPI_DEF_ETHHDR -DRALINK_DBDC_MODE -pipe -funit-at-a-time -Wno-pointer-sign -mtune=mips32 -mips32 -DLINUX_KERNEL_VERSION=263366 --sysroot=/opt/lede-toolchain-ramips-mt7621_gcc-5.4.0_musl-1.1.24.Linux-x86_64/toolchain-mipsel_24kc_gcc-5.4.0_musl-1.1.24 -D_POSIX_C_SOURCE=200112L -D_XOPEN_SOURCE=600 -D_BSD_SOURCE -D_DEFAULT_SOURCE   -Wl,--gc-sections --sysroot=/opt/lede-toolchain-ramips-mt7621_gcc-5.4.0_musl-1.1.24.Linux-x86_64/toolchain-mipsel_24kc_gcc-5.4.0_musl-1.1.24 -lpthread  CMakeFiles/cmTC_ed84c.dir/CheckSymbolExists.c.o  -o cmTC_ed84c -Wl,-rpath,/repo/Pass_GPL/asuswrt/release/src-ra-openwrt-4210/router/mipsel-musl/stage/usr/lib /repo/Pass_GPL/asuswrt/release/src-ra-openwrt-4210/router/mipsel-musl/stage/usr/lib/libssl.so /repo/Pass_GPL/asuswrt/release/src-ra-openwrt-4210/router/mipsel-musl/stage/usr/lib/libcrypto.so 
make[5]: Leaving directory '/repo/Pass_GPL/asuswrt/release/src/router/getdns/build/CMakeFiles/CMakeTmp'
make[4]: Leaving directory '/repo/Pass_GPL/asuswrt/release/src/router/getdns/build/CMakeFiles/CMakeTmp'

File /repo/Pass_GPL/asuswrt/release/src/router/getdns/build/CMakeFiles/CMakeTmp/CheckSymbolExists.c:
/* */
#include <string.h>

int main(int argc, char** argv)
{
  (void)argv;
#ifndef strlcpy
  return ((int*)(&strlcpy))[argc];
#else
  (void)argc;
  return 0;
#endif
}

Determining if the function strlcpy exists passed with the following output:
Change Dir: /repo/Pass_GPL/asuswrt/release/src/router/getdns/build/CMakeFiles/CMakeTmp

Run Build Command:"/usr/bin/make" "cmTC_efb16/fast"
make[4]: Entering directory '/repo/Pass_GPL/asuswrt/release/src/router/getdns/build/CMakeFiles/CMakeTmp'
/usr/bin/make -f CMakeFiles/cmTC_efb16.dir/build.make CMakeFiles/cmTC_efb16.dir/build
make[5]: Entering directory '/repo/Pass_GPL/asuswrt/release/src/router/getdns/build/CMakeFiles/CMakeTmp'
Building C object CMakeFiles/cmTC_efb16.dir/CheckFunctionExists.c.o
/opt/lede-toolchain-ramips-mt7621_gcc-5.4.0_musl-1.1.24.Linux-x86_64/toolchain-mipsel_24kc_gcc-5.4.0_musl-1.1.24/bin/mipsel-openwrt-linux-musl-gcc  -I/repo/Pass_GPL/asuswrt/release/src-ra-openwrt-4210/router/mipsel-musl/stage/usr/include  -Os -DNDEBUG -ffunction-sections -fdata-sections -DLINUX26 -DCONFIG_RALINK -DMUSL_LIBC -DDEBUG_NOISY -DDEBUG_RCTEST -D_GNU_SOURCE -D__UAPI_DEF_ETHHDR -DRALINK_DBDC_MODE -pipe -funit-at-a-time -Wno-pointer-sign -mtune=mips32 -mips32 -DLINUX_KERNEL_VERSION=263366 --sysroot=/opt/lede-toolchain-ramips-mt7621_gcc-5.4.0_musl-1.1.24.Linux-x86_64/toolchain-mipsel_24kc_gcc-5.4.0_musl-1.1.24 -D_POSIX_C_SOURCE=200112L -D_XOPEN_SOURCE=600 -D_BSD_SOURCE -D_DEFAULT_SOURCE -DCHECK_FUNCTION_EXISTS=strlcpy   -o CMakeFiles/cmTC_efb16.dir/CheckFunctionExists.c.o   -c /usr/share/cmake-3.10/Modules/CheckFunctionExists.c
Linking C executable cmTC_efb16
/usr/bin/cmake -E cmake_link_script CMakeFiles/cmTC_efb16.dir/link.txt --verbose=1
/opt/lede-toolchain-ramips-mt7621_gcc-5.4.0_musl-1.1.24.Linux-x86_64/toolchain-mipsel_24kc_gcc-5.4.0_musl-1.1.24/bin/mipsel-openwrt-linux-musl-gcc -Os -DNDEBUG -ffunction-sections -fdata-sections -DLINUX26 -DCONFIG_RALINK -DMUSL_LIBC -DDEBUG_NOISY -DDEBUG_RCTEST -D_GNU_SOURCE -D__UAPI_DEF_ETHHDR -DRALINK_DBDC_MODE -pipe -funit-at-a-time -Wno-pointer-sign -mtune=mips32 -mips32 -DLINUX_KERNEL_VERSION=263366 --sysroot=/opt/lede-toolchain-ramips-mt7621_gcc-5.4.0_musl-1.1.24.Linux-x86_64/toolchain-mipsel_24kc_gcc-5.4.0_musl-1.1.24 -D_POSIX_C_SOURCE=200112L -D_XOPEN_SOURCE=600 -D_BSD_SOURCE -D_DEFAULT_SOURCE -DCHECK_FUNCTION_EXISTS=strlcpy  -Wl,--gc-sections --sysroot=/opt/lede-toolchain-ramips-mt7621_gcc-5.4.0_musl-1.1.24.Linux-x86_64/toolchain-mipsel_24kc_gcc-5.4.0_musl-1.1.24 -lpthread  CMakeFiles/cmTC_efb16.dir/CheckFunctionExists.c.o  -o cmTC_efb16 -Wl,-rpath,/repo/Pass_GPL/asuswrt/release/src-ra-openwrt-4210/router/mipsel-musl/stage/usr/lib /repo/Pass_GPL/asuswrt/release/src-ra-openwrt-4210/router/mipsel-musl/stage/usr/lib/libssl.so /repo/Pass_GPL/asuswrt/release/src-ra-openwrt-4210/router/mipsel-musl/stage/usr/lib/libcrypto.so 
make[5]: Leaving directory '/repo/Pass_GPL/asuswrt/release/src/router/getdns/build/CMakeFiles/CMakeTmp'
make[4]: Leaving directory '/repo/Pass_GPL/asuswrt/release/src/router/getdns/build/CMakeFiles/CMakeTmp'


Performing C SOURCE FILE Test STRPTIME_WORKS succeeded with the following output:
Change Dir: /repo/Pass_GPL/asuswrt/release/src/router/getdns/build/CMakeFiles/CMakeTmp

Run Build Command:"/usr/bin/make" "cmTC_ac0f3/fast"
make[4]: Entering directory '/repo/Pass_GPL/asuswrt/release/src/router/getdns/build/CMakeFiles/CMakeTmp'
/usr/bin/make -f CMakeFiles/cmTC_ac0f3.dir/build.make CMakeFiles/cmTC_ac0f3.dir/build
make[5]: Entering directory '/repo/Pass_GPL/asuswrt/release/src/router/getdns/build/CMakeFiles/CMakeTmp'
Building C object CMakeFiles/cmTC_ac0f3.dir/src.c.o
/opt/lede-toolchain-ramips-mt7621_gcc-5.4.0_musl-1.1.24.Linux-x86_64/toolchain-mipsel_24kc_gcc-5.4.0_musl-1.1.24/bin/mipsel-openwrt-linux-musl-gcc  -I/repo/Pass_GPL/asuswrt/release/src-ra-openwrt-4210/router/mipsel-musl/stage/usr/include  -Os -DNDEBUG -ffunction-sections -fdata-sections -DLINUX26 -DCONFIG_RALINK -DMUSL_LIBC -DDEBUG_NOISY -DDEBUG_RCTEST -D_GNU_SOURCE -D__UAPI_DEF_ETHHDR -DRALINK_DBDC_MODE -pipe -funit-at-a-time -Wno-pointer-sign -mtune=mips32 -mips32 -DLINUX_KERNEL_VERSION=263366 --sysroot=/opt/lede-toolchain-ramips-mt7621_gcc-5.4.0_musl-1.1.24.Linux-x86_64/toolchain-mipsel_24kc_gcc-5.4.0_musl-1.1.24 -D_POSIX_C_SOURCE=200112L -D_XOPEN_SOURCE=600 -D_BSD_SOURCE -D_DEFAULT_SOURCE -DSTRPTIME_WORKS   -o CMakeFiles/cmTC_ac0f3.dir/src.c.o   -c /repo/Pass_GPL/asuswrt/release/src/router/getdns/build/CMakeFiles/CMakeTmp/src.c
Linking C executable cmTC_ac0f3
/usr/bin/cmake -E cmake_link_script CMakeFiles/cmTC_ac0f3.dir/link.txt --verbose=1
/opt/lede-toolchain-ramips-mt7621_gcc-5.4.0_musl-1.1.24.Linux-x86_64/toolchain-mipsel_24kc_gcc-5.4.0_musl-1.1.24/bin/mipsel-openwrt-linux-musl-gcc -Os -DNDEBUG -ffunction-sections -fdata-sections -DLINUX26 -DCONFIG_RALINK -DMUSL_LIBC -DDEBUG_NOISY -DDEBUG_RCTEST -D_GNU_SOURCE -D__UAPI_DEF_ETHHDR -DRALINK_DBDC_MODE -pipe -funit-at-a-time -Wno-pointer-sign -mtune=mips32 -mips32 -DLINUX_KERNEL_VERSION=263366 --sysroot=/opt/lede-toolchain-ramips-mt7621_gcc-5.4.0_musl-1.1.24.Linux-x86_64/toolchain-mipsel_24kc_gcc-5.4.0_musl-1.1.24 -D_POSIX_C_SOURCE=200112L -D_XOPEN_SOURCE=600 -D_BSD_SOURCE -D_DEFAULT_SOURCE -DSTRPTIME_WORKS  -Wl,--gc-sections --sysroot=/opt/lede-toolchain-ramips-mt7621_gcc-5.4.0_musl-1.1.24.Linux-x86_64/toolchain-mipsel_24kc_gcc-5.4.0_musl-1.1.24 -lpthread  CMakeFiles/cmTC_ac0f3.dir/src.c.o  -o cmTC_ac0f3 /repo/Pass_GPL/asuswrt/release/src-ra-openwrt-4210/router/mipsel-musl/stage/usr/lib/libssl.so /repo/Pass_GPL/asuswrt/release/src-ra-openwrt-4210/router/mipsel-musl/stage/usr/lib/libcrypto.so 
make[5]: Leaving directory '/repo/Pass_GPL/asuswrt/release/src/router/getdns/build/CMakeFiles/CMakeTmp'
make[4]: Leaving directory '/repo/Pass_GPL/asuswrt/release/src/router/getdns/build/CMakeFiles/CMakeTmp'

Return value: 1
Source file was:


  #define _XOPEN_SOURCE 600

  #include <time.h>

  int main(void) { struct tm tm; char *res;

  res = strptime("2010-07-15T00:00:00+00:00", "%t%Y%t-%t%m%t-%t%d%tT%t%H%t:%t%M%t:%t%S%t", &tm);

  if (!res) return 2;

  res = strptime("20070207111842", "%Y%m%d%H%M%S", &tm);

  if (!res) return 1; return 0; }
Determining if the include file netinet/tcp.h exists passed with the following output:
Change Dir: /repo/Pass_GPL/asuswrt/release/src/router/getdns/build/CMakeFiles/CMakeTmp

Run Build Command:"/usr/bin/make" "cmTC_03f76/fast"
make[4]: Entering directory '/repo/Pass_GPL/asuswrt/release/src/router/getdns/build/CMakeFiles/CMakeTmp'
/usr/bin/make -f CMakeFiles/cmTC_03f76.dir/build.make CMakeFiles/cmTC_03f76.dir/build
make[5]: Entering directory '/repo/Pass_GPL/asuswrt/release/src/router/getdns/build/CMakeFiles/CMakeTmp'
Building C object CMakeFiles/cmTC_03f76.dir/CheckIncludeFile.c.o
/opt/lede-toolchain-ramips-mt7621_gcc-5.4.0_musl-1.1.24.Linux-x86_64/toolchain-mipsel_24kc_gcc-5.4.0_musl-1.1.24/bin/mipsel-openwrt-linux-musl-gcc  -I/repo/Pass_GPL/asuswrt/release/src-ra-openwrt-4210/router/mipsel-musl/stage/usr/include  -Os -DNDEBUG -ffunction-sections -fdata-sections -DLINUX26 -DCONFIG_RALINK -DMUSL_LIBC -DDEBUG_NOISY -DDEBUG_RCTEST -D_GNU_SOURCE -D__UAPI_DEF_ETHHDR -DRALINK_DBDC_MODE -pipe -funit-at-a-time -Wno-pointer-sign -mtune=mips32 -mips32 -DLINUX_KERNEL_VERSION=263366 --sysroot=/opt/lede-toolchain-ramips-mt7621_gcc-5.4.0_musl-1.1.24.Linux-x86_64/toolchain-mipsel_24kc_gcc-5.4.0_musl-1.1.24 -D_POSIX_C_SOURCE=200112L -D_XOPEN_SOURCE=600 -D_BSD_SOURCE -D_DEFAULT_SOURCE    -o CMakeFiles/cmTC_03f76.dir/CheckIncludeFile.c.o   -c /repo/Pass_GPL/asuswrt/release/src/router/getdns/build/CMakeFiles/CMakeTmp/CheckIncludeFile.c
Linking C executable cmTC_03f76
/usr/bin/cmake -E cmake_link_script CMakeFiles/cmTC_03f76.dir/link.txt --verbose=1
/opt/lede-toolchain-ramips-mt7621_gcc-5.4.0_musl-1.1.24.Linux-x86_64/toolchain-mipsel_24kc_gcc-5.4.0_musl-1.1.24/bin/mipsel-openwrt-linux-musl-gcc -Os -DNDEBUG -ffunction-sections -fdata-sections -DLINUX26 -DCONFIG_RALINK -DMUSL_LIBC -DDEBUG_NOISY -DDEBUG_RCTEST -D_GNU_SOURCE -D__UAPI_DEF_ETHHDR -DRALINK_DBDC_MODE -pipe -funit-at-a-time -Wno-pointer-sign -mtune=mips32 -mips32 -DLINUX_KERNEL_VERSION=263366 --sysroot=/opt/lede-toolchain-ramips-mt7621_gcc-5.4.0_musl-1.1.24.Linux-x86_64/toolchain-mipsel_24kc_gcc-5.4.0_musl-1.1.24 -D_POSIX_C_SOURCE=200112L -D_XOPEN_SOURCE=600 -D_BSD_SOURCE -D_DEFAULT_SOURCE   -Wl,--gc-sections --sysroot=/opt/lede-toolchain-ramips-mt7621_gcc-5.4.0_musl-1.1.24.Linux-x86_64/toolchain-mipsel_24kc_gcc-5.4.0_musl-1.1.24 -lpthread  CMakeFiles/cmTC_03f76.dir/CheckIncludeFile.c.o  -o cmTC_03f76 
make[5]: Leaving directory '/repo/Pass_GPL/asuswrt/release/src/router/getdns/build/CMakeFiles/CMakeTmp'
make[4]: Leaving directory '/repo/Pass_GPL/asuswrt/release/src/router/getdns/build/CMakeFiles/CMakeTmp'


Determining if the TCP_FASTOPEN exist passed with the following output:
Change Dir: /repo/Pass_GPL/asuswrt/release/src/router/getdns/build/CMakeFiles/CMakeTmp

Run Build Command:"/usr/bin/make" "cmTC_25832/fast"
make[4]: Entering directory '/repo/Pass_GPL/asuswrt/release/src/router/getdns/build/CMakeFiles/CMakeTmp'
/usr/bin/make -f CMakeFiles/cmTC_25832.dir/build.make CMakeFiles/cmTC_25832.dir/build
make[5]: Entering directory '/repo/Pass_GPL/asuswrt/release/src/router/getdns/build/CMakeFiles/CMakeTmp'
Building C object CMakeFiles/cmTC_25832.dir/CheckSymbolExists.c.o
/opt/lede-toolchain-ramips-mt7621_gcc-5.4.0_musl-1.1.24.Linux-x86_64/toolchain-mipsel_24kc_gcc-5.4.0_musl-1.1.24/bin/mipsel-openwrt-linux-musl-gcc  -I/repo/Pass_GPL/asuswrt/release/src-ra-openwrt-4210/router/mipsel-musl/stage/usr/include  -Os -DNDEBUG -ffunction-sections -fdata-sections -DLINUX26 -DCONFIG_RALINK -DMUSL_LIBC -DDEBUG_NOISY -DDEBUG_RCTEST -D_GNU_SOURCE -D__UAPI_DEF_ETHHDR -DRALINK_DBDC_MODE -pipe -funit-at-a-time -Wno-pointer-sign -mtune=mips32 -mips32 -DLINUX_KERNEL_VERSION=263366 --sysroot=/opt/lede-toolchain-ramips-mt7621_gcc-5.4.0_musl-1.1.24.Linux-x86_64/toolchain-mipsel_24kc_gcc-5.4.0_musl-1.1.24 -D_POSIX_C_SOURCE=200112L -D_XOPEN_SOURCE=600 -D_BSD_SOURCE -D_DEFAULT_SOURCE    -o CMakeFiles/cmTC_25832.dir/CheckSymbolExists.c.o   -c /repo/Pass_GPL/asuswrt/release/src/router/getdns/build/CMakeFiles/CMakeTmp/CheckSymbolExists.c
Linking C executable cmTC_25832
/usr/bin/cmake -E cmake_link_script CMakeFiles/cmTC_25832.dir/link.txt --verbose=1
/opt/lede-toolchain-ramips-mt7621_gcc-5.4.0_musl-1.1.24.Linux-x86_64/toolchain-mipsel_24kc_gcc-5.4.0_musl-1.1.24/bin/mipsel-openwrt-linux-musl-gcc -Os -DNDEBUG -ffunction-sections -fdata-sections -DLINUX26 -DCONFIG_RALINK -DMUSL_LIBC -DDEBUG_NOISY -DDEBUG_RCTEST -D_GNU_SOURCE -D__UAPI_DEF_ETHHDR -DRALINK_DBDC_MODE -pipe -funit-at-a-time -Wno-pointer-sign -mtune=mips32 -mips32 -DLINUX_KERNEL_VERSION=263366 --sysroot=/opt/lede-toolchain-ramips-mt7621_gcc-5.4.0_musl-1.1.24.Linux-x86_64/toolchain-mipsel_24kc_gcc-5.4.0_musl-1.1.24 -D_POSIX_C_SOURCE=200112L -D_XOPEN_SOURCE=600 -D_BSD_SOURCE -D_DEFAULT_SOURCE   -Wl,--gc-sections --sysroot=/opt/lede-toolchain-ramips-mt7621_gcc-5.4.0_musl-1.1.24.Linux-x86_64/toolchain-mipsel_24kc_gcc-5.4.0_musl-1.1.24 -lpthread  CMakeFiles/cmTC_25832.dir/CheckSymbolExists.c.o  -o cmTC_25832 -Wl,-rpath,/repo/Pass_GPL/asuswrt/release/src-ra-openwrt-4210/router/mipsel-musl/stage/usr/lib /repo/Pass_GPL/asuswrt/release/src-ra-openwrt-4210/router/mipsel-musl/stage/usr/lib/libssl.so /repo/Pass_GPL/asuswrt/release/src-ra-openwrt-4210/router/mipsel-musl/stage/usr/lib/libcrypto.so 
make[5]: Leaving directory '/repo/Pass_GPL/asuswrt/release/src/router/getdns/build/CMakeFiles/CMakeTmp'
make[4]: Leaving directory '/repo/Pass_GPL/asuswrt/release/src/router/getdns/build/CMakeFiles/CMakeTmp'

File /repo/Pass_GPL/asuswrt/release/src/router/getdns/build/CMakeFiles/CMakeTmp/CheckSymbolExists.c:
/* */
#include <sys/socket.h>
#include <netinet/tcp.h>

int main(int argc, char** argv)
{
  (void)argv;
#ifndef TCP_FASTOPEN
  return ((int*)(&TCP_FASTOPEN))[argc];
#else
  (void)argc;
  return 0;
#endif
}

Determining if the TCP_FASTOPEN_CONNECT exist passed with the following output:
Change Dir: /repo/Pass_GPL/asuswrt/release/src/router/getdns/build/CMakeFiles/CMakeTmp

Run Build Command:"/usr/bin/make" "cmTC_35e0a/fast"
make[4]: Entering directory '/repo/Pass_GPL/asuswrt/release/src/router/getdns/build/CMakeFiles/CMakeTmp'
/usr/bin/make -f CMakeFiles/cmTC_35e0a.dir/build.make CMakeFiles/cmTC_35e0a.dir/build
make[5]: Entering directory '/repo/Pass_GPL/asuswrt/release/src/router/getdns/build/CMakeFiles/CMakeTmp'
Building C object CMakeFiles/cmTC_35e0a.dir/CheckSymbolExists.c.o
/opt/lede-toolchain-ramips-mt7621_gcc-5.4.0_musl-1.1.24.Linux-x86_64/toolchain-mipsel_24kc_gcc-5.4.0_musl-1.1.24/bin/mipsel-openwrt-linux-musl-gcc  -I/repo/Pass_GPL/asuswrt/release/src-ra-openwrt-4210/router/mipsel-musl/stage/usr/include  -Os -DNDEBUG -ffunction-sections -fdata-sections -DLINUX26 -DCONFIG_RALINK -DMUSL_LIBC -DDEBUG_NOISY -DDEBUG_RCTEST -D_GNU_SOURCE -D__UAPI_DEF_ETHHDR -DRALINK_DBDC_MODE -pipe -funit-at-a-time -Wno-pointer-sign -mtune=mips32 -mips32 -DLINUX_KERNEL_VERSION=263366 --sysroot=/opt/lede-toolchain-ramips-mt7621_gcc-5.4.0_musl-1.1.24.Linux-x86_64/toolchain-mipsel_24kc_gcc-5.4.0_musl-1.1.24 -D_POSIX_C_SOURCE=200112L -D_XOPEN_SOURCE=600 -D_BSD_SOURCE -D_DEFAULT_SOURCE    -o CMakeFiles/cmTC_35e0a.dir/CheckSymbolExists.c.o   -c /repo/Pass_GPL/asuswrt/release/src/router/getdns/build/CMakeFiles/CMakeTmp/CheckSymbolExists.c
Linking C executable cmTC_35e0a
/usr/bin/cmake -E cmake_link_script CMakeFiles/cmTC_35e0a.dir/link.txt --verbose=1
/opt/lede-toolchain-ramips-mt7621_gcc-5.4.0_musl-1.1.24.Linux-x86_64/toolchain-mipsel_24kc_gcc-5.4.0_musl-1.1.24/bin/mipsel-openwrt-linux-musl-gcc -Os -DNDEBUG -ffunction-sections -fdata-sections -DLINUX26 -DCONFIG_RALINK -DMUSL_LIBC -DDEBUG_NOISY -DDEBUG_RCTEST -D_GNU_SOURCE -D__UAPI_DEF_ETHHDR -DRALINK_DBDC_MODE -pipe -funit-at-a-time -Wno-pointer-sign -mtune=mips32 -mips32 -DLINUX_KERNEL_VERSION=263366 --sysroot=/opt/lede-toolchain-ramips-mt7621_gcc-5.4.0_musl-1.1.24.Linux-x86_64/toolchain-mipsel_24kc_gcc-5.4.0_musl-1.1.24 -D_POSIX_C_SOURCE=200112L -D_XOPEN_SOURCE=600 -D_BSD_SOURCE -D_DEFAULT_SOURCE   -Wl,--gc-sections --sysroot=/opt/lede-toolchain-ramips-mt7621_gcc-5.4.0_musl-1.1.24.Linux-x86_64/toolchain-mipsel_24kc_gcc-5.4.0_musl-1.1.24 -lpthread  CMakeFiles/cmTC_35e0a.dir/CheckSymbolExists.c.o  -o cmTC_35e0a -Wl,-rpath,/repo/Pass_GPL/asuswrt/release/src-ra-openwrt-4210/router/mipsel-musl/stage/usr/lib /repo/Pass_GPL/asuswrt/release/src-ra-openwrt-4210/router/mipsel-musl/stage/usr/lib/libssl.so /repo/Pass_GPL/asuswrt/release/src-ra-openwrt-4210/router/mipsel-musl/stage/usr/lib/libcrypto.so 
make[5]: Leaving directory '/repo/Pass_GPL/asuswrt/release/src/router/getdns/build/CMakeFiles/CMakeTmp'
make[4]: Leaving directory '/repo/Pass_GPL/asuswrt/release/src/router/getdns/build/CMakeFiles/CMakeTmp'

File /repo/Pass_GPL/asuswrt/release/src/router/getdns/build/CMakeFiles/CMakeTmp/CheckSymbolExists.c:
/* */
#include <sys/socket.h>
#include <netinet/tcp.h>

int main(int argc, char** argv)
{
  (void)argv;
#ifndef TCP_FASTOPEN_CONNECT
  return ((int*)(&TCP_FASTOPEN_CONNECT))[argc];
#else
  (void)argc;
  return 0;
#endif
}

Determining if the MSG_FASTOPEN exist passed with the following output:
Change Dir: /repo/Pass_GPL/asuswrt/release/src/router/getdns/build/CMakeFiles/CMakeTmp

Run Build Command:"/usr/bin/make" "cmTC_9d7ac/fast"
make[4]: Entering directory '/repo/Pass_GPL/asuswrt/release/src/router/getdns/build/CMakeFiles/CMakeTmp'
/usr/bin/make -f CMakeFiles/cmTC_9d7ac.dir/build.make CMakeFiles/cmTC_9d7ac.dir/build
make[5]: Entering directory '/repo/Pass_GPL/asuswrt/release/src/router/getdns/build/CMakeFiles/CMakeTmp'
Building C object CMakeFiles/cmTC_9d7ac.dir/CheckSymbolExists.c.o
/opt/lede-toolchain-ramips-mt7621_gcc-5.4.0_musl-1.1.24.Linux-x86_64/toolchain-mipsel_24kc_gcc-5.4.0_musl-1.1.24/bin/mipsel-openwrt-linux-musl-gcc  -I/repo/Pass_GPL/asuswrt/release/src-ra-openwrt-4210/router/mipsel-musl/stage/usr/include  -Os -DNDEBUG -ffunction-sections -fdata-sections -DLINUX26 -DCONFIG_RALINK -DMUSL_LIBC -DDEBUG_NOISY -DDEBUG_RCTEST -D_GNU_SOURCE -D__UAPI_DEF_ETHHDR -DRALINK_DBDC_MODE -pipe -funit-at-a-time -Wno-pointer-sign -mtune=mips32 -mips32 -DLINUX_KERNEL_VERSION=263366 --sysroot=/opt/lede-toolchain-ramips-mt7621_gcc-5.4.0_musl-1.1.24.Linux-x86_64/toolchain-mipsel_24kc_gcc-5.4.0_musl-1.1.24 -D_POSIX_C_SOURCE=200112L -D_XOPEN_SOURCE=600 -D_BSD_SOURCE -D_DEFAULT_SOURCE    -o CMakeFiles/cmTC_9d7ac.dir/CheckSymbolExists.c.o   -c /repo/Pass_GPL/asuswrt/release/src/router/getdns/build/CMakeFiles/CMakeTmp/CheckSymbolExists.c
Linking C executable cmTC_9d7ac
/usr/bin/cmake -E cmake_link_script CMakeFiles/cmTC_9d7ac.dir/link.txt --verbose=1
/opt/lede-toolchain-ramips-mt7621_gcc-5.4.0_musl-1.1.24.Linux-x86_64/toolchain-mipsel_24kc_gcc-5.4.0_musl-1.1.24/bin/mipsel-openwrt-linux-musl-gcc -Os -DNDEBUG -ffunction-sections -fdata-sections -DLINUX26 -DCONFIG_RALINK -DMUSL_LIBC -DDEBUG_NOISY -DDEBUG_RCTEST -D_GNU_SOURCE -D__UAPI_DEF_ETHHDR -DRALINK_DBDC_MODE -pipe -funit-at-a-time -Wno-pointer-sign -mtune=mips32 -mips32 -DLINUX_KERNEL_VERSION=263366 --sysroot=/opt/lede-toolchain-ramips-mt7621_gcc-5.4.0_musl-1.1.24.Linux-x86_64/toolchain-mipsel_24kc_gcc-5.4.0_musl-1.1.24 -D_POSIX_C_SOURCE=200112L -D_XOPEN_SOURCE=600 -D_BSD_SOURCE -D_DEFAULT_SOURCE   -Wl,--gc-sections --sysroot=/opt/lede-toolchain-ramips-mt7621_gcc-5.4.0_musl-1.1.24.Linux-x86_64/toolchain-mipsel_24kc_gcc-5.4.0_musl-1.1.24 -lpthread  CMakeFiles/cmTC_9d7ac.dir/CheckSymbolExists.c.o  -o cmTC_9d7ac -Wl,-rpath,/repo/Pass_GPL/asuswrt/release/src-ra-openwrt-4210/router/mipsel-musl/stage/usr/lib /repo/Pass_GPL/asuswrt/release/src-ra-openwrt-4210/router/mipsel-musl/stage/usr/lib/libssl.so /repo/Pass_GPL/asuswrt/release/src-ra-openwrt-4210/router/mipsel-musl/stage/usr/lib/libcrypto.so 
make[5]: Leaving directory '/repo/Pass_GPL/asuswrt/release/src/router/getdns/build/CMakeFiles/CMakeTmp'
make[4]: Leaving directory '/repo/Pass_GPL/asuswrt/release/src/router/getdns/build/CMakeFiles/CMakeTmp'

File /repo/Pass_GPL/asuswrt/release/src/router/getdns/build/CMakeFiles/CMakeTmp/CheckSymbolExists.c:
/* */
#include <sys/socket.h>
#include <netinet/tcp.h>

int main(int argc, char** argv)
{
  (void)argv;
#ifndef MSG_FASTOPEN
  return ((int*)(&MSG_FASTOPEN))[argc];
#else
  (void)argc;
  return 0;
#endif
}

Determining if the getopt exist passed with the following output:
Change Dir: /repo/Pass_GPL/asuswrt/release/src/router/getdns/build/CMakeFiles/CMakeTmp

Run Build Command:"/usr/bin/make" "cmTC_cbe4a/fast"
make[4]: Entering directory '/repo/Pass_GPL/asuswrt/release/src/router/getdns/build/CMakeFiles/CMakeTmp'
/usr/bin/make -f CMakeFiles/cmTC_cbe4a.dir/build.make CMakeFiles/cmTC_cbe4a.dir/build
make[5]: Entering directory '/repo/Pass_GPL/asuswrt/release/src/router/getdns/build/CMakeFiles/CMakeTmp'
Building C object CMakeFiles/cmTC_cbe4a.dir/CheckSymbolExists.c.o
/opt/lede-toolchain-ramips-mt7621_gcc-5.4.0_musl-1.1.24.Linux-x86_64/toolchain-mipsel_24kc_gcc-5.4.0_musl-1.1.24/bin/mipsel-openwrt-linux-musl-gcc  -I/repo/Pass_GPL/asuswrt/release/src-ra-openwrt-4210/router/mipsel-musl/stage/usr/include  -Os -DNDEBUG -ffunction-sections -fdata-sections -DLINUX26 -DCONFIG_RALINK -DMUSL_LIBC -DDEBUG_NOISY -DDEBUG_RCTEST -D_GNU_SOURCE -D__UAPI_DEF_ETHHDR -DRALINK_DBDC_MODE -pipe -funit-at-a-time -Wno-pointer-sign -mtune=mips32 -mips32 -DLINUX_KERNEL_VERSION=263366 --sysroot=/opt/lede-toolchain-ramips-mt7621_gcc-5.4.0_musl-1.1.24.Linux-x86_64/toolchain-mipsel_24kc_gcc-5.4.0_musl-1.1.24 -D_POSIX_C_SOURCE=200112L -D_XOPEN_SOURCE=600 -D_BSD_SOURCE -D_DEFAULT_SOURCE    -o CMakeFiles/cmTC_cbe4a.dir/CheckSymbolExists.c.o   -c /repo/Pass_GPL/asuswrt/release/src/router/getdns/build/CMakeFiles/CMakeTmp/CheckSymbolExists.c
Linking C executable cmTC_cbe4a
/usr/bin/cmake -E cmake_link_script CMakeFiles/cmTC_cbe4a.dir/link.txt --verbose=1
/opt/lede-toolchain-ramips-mt7621_gcc-5.4.0_musl-1.1.24.Linux-x86_64/toolchain-mipsel_24kc_gcc-5.4.0_musl-1.1.24/bin/mipsel-openwrt-linux-musl-gcc -Os -DNDEBUG -ffunction-sections -fdata-sections -DLINUX26 -DCONFIG_RALINK -DMUSL_LIBC -DDEBUG_NOISY -DDEBUG_RCTEST -D_GNU_SOURCE -D__UAPI_DEF_ETHHDR -DRALINK_DBDC_MODE -pipe -funit-at-a-time -Wno-pointer-sign -mtune=mips32 -mips32 -DLINUX_KERNEL_VERSION=263366 --sysroot=/opt/lede-toolchain-ramips-mt7621_gcc-5.4.0_musl-1.1.24.Linux-x86_64/toolchain-mipsel_24kc_gcc-5.4.0_musl-1.1.24 -D_POSIX_C_SOURCE=200112L -D_XOPEN_SOURCE=600 -D_BSD_SOURCE -D_DEFAULT_SOURCE   -Wl,--gc-sections --sysroot=/opt/lede-toolchain-ramips-mt7621_gcc-5.4.0_musl-1.1.24.Linux-x86_64/toolchain-mipsel_24kc_gcc-5.4.0_musl-1.1.24 -lpthread  CMakeFiles/cmTC_cbe4a.dir/CheckSymbolExists.c.o  -o cmTC_cbe4a -Wl,-rpath,/repo/Pass_GPL/asuswrt/release/src-ra-openwrt-4210/router/mipsel-musl/stage/usr/lib /repo/Pass_GPL/asuswrt/release/src-ra-openwrt-4210/router/mipsel-musl/stage/usr/lib/libssl.so /repo/Pass_GPL/asuswrt/release/src-ra-openwrt-4210/router/mipsel-musl/stage/usr/lib/libcrypto.so 
make[5]: Leaving directory '/repo/Pass_GPL/asuswrt/release/src/router/getdns/build/CMakeFiles/CMakeTmp'
make[4]: Leaving directory '/repo/Pass_GPL/asuswrt/release/src/router/getdns/build/CMakeFiles/CMakeTmp'

File /repo/Pass_GPL/asuswrt/release/src/router/getdns/build/CMakeFiles/CMakeTmp/CheckSymbolExists.c:
/* */
#include <unistd.h>

int main(int argc, char** argv)
{
  (void)argv;
#ifndef getopt
  return ((int*)(&getopt))[argc];
#else
  (void)argc;
  return 0;
#endif
}

