This file contains any messages produced by compilers while
running configure, to aid debugging if configure makes a mistake.

It was created by libConfuse configure 3.2.2, which was
generated by GNU Autoconf 2.69.  Invocation command line was

  $ ./configure --host=mipsel-linux --build=x86_64-linux-gnu --prefix=/usr --disable-shared --disable-examples --disable-nls --without-libiconv-prefix --without-libintl-prefix CFLAGS=-Wall -Os -ffunction-sections -fdata-sections -fPIC -DLINUX26 -DCONFIG_RALINK -DMUSL_LIBC -DDEBUG_NOISY -DDEBUG_RCTEST -D_GNU_SOURCE -D__UAPI_DEF_ETHHDR -DRALINK_DBDC_MODE -pipe -funit-at-a-time -Wno-pointer-sign -mtune=mips32 -mips32 -DLINUX_KERNEL_VERSION=263366 --sysroot=/opt/lede-toolchain-ramips-mt7621_gcc-5.4.0_musl-1.1.24.Linux-x86_64/toolchain-mipsel_24kc_gcc-5.4.0_musl-1.1.24  LDFLAGS=-Wl,--gc-sections 

## --------- ##
## Platform. ##
## --------- ##

hostname = 820a0eb7ac91
uname -m = x86_64
uname -r = 6.8.0-137-generic
uname -s = Linux
uname -v = #137-Ubuntu SMP PREEMPT_DYNAMIC Fri Jul 17 20:28:23 UTC 2026

/usr/bin/uname -p = unknown
/bin/uname -X     = unknown

/bin/arch              = unknown
/usr/bin/arch -k       = unknown
/usr/convex/getsysinfo = unknown
/usr/bin/hostinfo      = unknown
/bin/machine           = unknown
/usr/bin/oslevel       = unknown
/bin/universe          = unknown

PATH: /repo/Pass_GPL/asuswrt/release/tools
PATH: /repo/Pass_GPL/asuswrt/release/src-ra-openwrt-4210/ctools
PATH: /repo/Pass_GPL/asuswrt/release/tools
PATH: /repo/Pass_GPL/asuswrt/release/src-ra-openwrt-4210/ctools
PATH: /repo/Pass_GPL/asuswrt/release/tools
PATH: /repo/Pass_GPL/asuswrt/release/src-ra-openwrt-4210/ctools
PATH: /usr/local/sbin
PATH: /usr/local/bin
PATH: /usr/sbin
PATH: /usr/bin
PATH: /sbin
PATH: /bin
PATH: /home/asuswrt/bin
PATH: /home/asuswrt/mybash
PATH: /opt/buildroot-gcc342/bin
PATH: /opt/buildroot-gcc463/bin
PATH: /opt/brcm/hndtools-mipsel-linux/bin
PATH: /opt/brcm/hndtools-mipsel-uclibc/bin
PATH: /opt/projects/hnd/tools/linux/hndtools-arm-linux-2.6.36-uclibc-4.5.3/bin
PATH: /opt/projects/hnd/tools/linux/hndtools-arm-linux-2.6.36-uclibc-4.5.3/arm-linux/bin
PATH: /opt/projects/hnd/tools/linux/hndtools-arm-linux-2.6.36-uclibc-4.5.3/usr/bin
PATH: /opt/toolchains/crosstools-arm-gcc-5.3-linux-4.1-glibc-2.22-binutils-2.25/usr/bin
PATH: /opt/toolchains/crosstools-aarch64-gcc-5.3-linux-4.1-glibc-2.22-binutils-2.25/usr/bin
PATH: /opt/toolchains/crosstools-arm-gcc-9.2-linux-4.19-glibc-2.30-binutils-2.32/usr/lib
PATH: /opt/toolchains/crosstools-aarch64-gcc-9.2-linux-4.19-glibc-2.30-binutils-2.32/bin
PATH: /opt/toolchains/crosstools-arm-gcc-10.3-linux-4.19-glibc-2.32-binutils-2.36.1/bin
PATH: /opt/toolchains/crosstools-aarch64-gcc-10.3-linux-4.19-glibc-2.32-binutils-2.36.1/bin
PATH: /opt/openwrt-gcc463.arm/bin
PATH: /opt/openwrt-gcc463.mips.mesh/bin
PATH: /opt/openwrt-gcc520_musl.aarch64/bin
PATH: /opt/openwrt-gcc840_musl.aarch64/bin


## ----------- ##
## Core tests. ##
## ----------- ##

configure:2304: checking whether to enable maintainer-specific portions of Makefiles
configure:2313: result: no
configure:2342: checking for a BSD-compatible install
configure:2410: result: /usr/bin/install -c
configure:2421: checking whether build environment is sane
configure:2476: result: yes
configure:2535: checking for mipsel-linux-strip
configure:2562: result: /opt/lede-toolchain-ramips-mt7621_gcc-5.4.0_musl-1.1.24.Linux-x86_64/toolchain-mipsel_24kc_gcc-5.4.0_musl-1.1.24/bin/mipsel-openwrt-linux-musl-strip -R .note -R .comment
configure:2627: checking for a thread-safe mkdir -p
configure:2666: result: /bin/mkdir -p
configure:2673: checking for gawk
configure:2689: found /usr/bin/gawk
configure:2700: result: gawk
configure:2711: checking whether make sets $(MAKE)
configure:2733: result: yes
configure:2762: checking whether make supports nested variables
configure:2779: result: yes
configure:2916: checking whether make supports nested variables
configure:2933: result: yes
configure:2958: checking for mipsel-linux-gcc
configure:2985: result: /opt/lede-toolchain-ramips-mt7621_gcc-5.4.0_musl-1.1.24.Linux-x86_64/toolchain-mipsel_24kc_gcc-5.4.0_musl-1.1.24/bin/mipsel-openwrt-linux-musl-gcc
configure:3254: checking for C compiler version
configure:3263: /opt/lede-toolchain-ramips-mt7621_gcc-5.4.0_musl-1.1.24.Linux-x86_64/toolchain-mipsel_24kc_gcc-5.4.0_musl-1.1.24/bin/mipsel-openwrt-linux-musl-gcc --version >&5
mipsel-openwrt-linux-musl-gcc.bin (LEDE GCC 5.4.0 unknown) 5.4.0
Copyright (C) 2015 Free Software Foundation, Inc.
This is free software; see the source for copying conditions.  There is NO
warranty; not even for MERCHANTABILITY or FITNESS FOR A PARTICULAR PURPOSE.

configure:3274: $? = 0
configure:3263: /opt/lede-toolchain-ramips-mt7621_gcc-5.4.0_musl-1.1.24.Linux-x86_64/toolchain-mipsel_24kc_gcc-5.4.0_musl-1.1.24/bin/mipsel-openwrt-linux-musl-gcc -v >&5
Reading specs from /opt/lede-toolchain-ramips-mt7621_gcc-5.4.0_musl-1.1.24.Linux-x86_64/toolchain-mipsel_24kc_gcc-5.4.0_musl-1.1.24/bin/../lib/gcc/mipsel-openwrt-linux-musl/5.4.0/specs
COLLECT_GCC=mipsel-openwrt-linux-musl-gcc.bin
COLLECT_LTO_WRAPPER=/opt/lede-toolchain-ramips-mt7621_gcc-5.4.0_musl-1.1.24.Linux-x86_64/toolchain-mipsel_24kc_gcc-5.4.0_musl-1.1.24/bin/../libexec/gcc/mipsel-openwrt-linux-musl/5.4.0/lto-wrapper
Target: mipsel-openwrt-linux-musl
Configured with: /data2/heidi_wen/SW4_git/OpenWRT_4210_20230308/mtk-openwrt-lede-4.2.1.0/build_dir/toolchain-mipsel_24kc_gcc-5.4.0_musl-1.1.24/gcc-5.4.0/configure --with-bugurl=http://www.lede-project.org/bugs/ --with-pkgversion='LEDE GCC 5.4.0 unknown' --prefix=/data2/heidi_wen/SW4_git/OpenWRT_4210_20230308/mtk-openwrt-lede-4.2.1.0/staging_dir/toolchain-mipsel_24kc_gcc-5.4.0_musl-1.1.24 --build=x86_64-linux-gnu --host=x86_64-linux-gnu --target=mipsel-openwrt-linux-musl --with-gnu-ld --enable-target-optspace --disable-libgomp --disable-libmudflap --disable-multilib --disable-libmpx --disable-nls --without-isl --without-cloog --with-host-libstdcxx=-lstdc++ --with-float=soft --with-gmp=/data2/heidi_wen/SW4_git/OpenWRT_4210_20230308/mtk-openwrt-lede-4.2.1.0/staging_dir/host --with-mpfr=/data2/heidi_wen/SW4_git/OpenWRT_4210_20230308/mtk-openwrt-lede-4.2.1.0/staging_dir/host --with-mpc=/data2/heidi_wen/SW4_git/OpenWRT_4210_20230308/mtk-openwrt-lede-4.2.1.0/staging_dir/host --disable-decimal-float --with-mips-plt --with-diagnostics-color=auto-if-env --disable-libssp --enable-__cxa_atexit --with-headers=/data2/heidi_wen/SW4_git/OpenWRT_4210_20230308/mtk-openwrt-lede-4.2.1.0/staging_dir/toolchain-mipsel_24kc_gcc-5.4.0_musl-1.1.24/include --disable-libsanitizer --enable-languages=c,c++ --enable-shared --enable-threads --with-slibdir=/data2/heidi_wen/SW4_git/OpenWRT_4210_20230308/mtk-openwrt-lede-4.2.1.0/staging_dir/toolchain-mipsel_24kc_gcc-5.4.0_musl-1.1.24/lib --enable-lto --with-libelf=/data2/heidi_wen/SW4_git/OpenWRT_4210_20230308/mtk-openwrt-lede-4.2.1.0/staging_dir/host
Thread model: posix
gcc version 5.4.0 (LEDE GCC 5.4.0 unknown) 
COMPILER_PATH=/opt/lede-toolchain-ramips-mt7621_gcc-5.4.0_musl-1.1.24.Linux-x86_64/toolchain-mipsel_24kc_gcc-5.4.0_musl-1.1.24/bin/../libexec/gcc/mipsel-openwrt-linux-musl/5.4.0/:/opt/lede-toolchain-ramips-mt7621_gcc-5.4.0_musl-1.1.24.Linux-x86_64/toolchain-mipsel_24kc_gcc-5.4.0_musl-1.1.24/bin/../libexec/gcc/:/opt/lede-toolchain-ramips-mt7621_gcc-5.4.0_musl-1.1.24.Linux-x86_64/toolchain-mipsel_24kc_gcc-5.4.0_musl-1.1.24/bin/../lib/gcc/mipsel-openwrt-linux-musl/5.4.0/../../../../mipsel-openwrt-linux-musl/bin/
LIBRARY_PATH=/opt/lede-toolchain-ramips-mt7621_gcc-5.4.0_musl-1.1.24.Linux-x86_64/toolchain-mipsel_24kc_gcc-5.4.0_musl-1.1.24/bin/../lib/gcc/mipsel-openwrt-linux-musl/5.4.0/:/opt/lede-toolchain-ramips-mt7621_gcc-5.4.0_musl-1.1.24.Linux-x86_64/toolchain-mipsel_24kc_gcc-5.4.0_musl-1.1.24/bin/../lib/gcc/:/opt/lede-toolchain-ramips-mt7621_gcc-5.4.0_musl-1.1.24.Linux-x86_64/toolchain-mipsel_24kc_gcc-5.4.0_musl-1.1.24/bin/../lib/gcc/mipsel-openwrt-linux-musl/5.4.0/../../../../mipsel-openwrt-linux-musl/lib/
COLLECT_GCC_OPTIONS='-v' '-msoft-float' '-mllsc' '-mplt' '-mno-shared' '-EL' '-mabi=32'
... rest of stderr output deleted ...
configure:3274: $? = 1
configure:3263: /opt/lede-toolchain-ramips-mt7621_gcc-5.4.0_musl-1.1.24.Linux-x86_64/toolchain-mipsel_24kc_gcc-5.4.0_musl-1.1.24/bin/mipsel-openwrt-linux-musl-gcc -V >&5
mipsel-openwrt-linux-musl-gcc.bin: error: unrecognized command line option '-V'
configure:3274: $? = 1
configure:3263: /opt/lede-toolchain-ramips-mt7621_gcc-5.4.0_musl-1.1.24.Linux-x86_64/toolchain-mipsel_24kc_gcc-5.4.0_musl-1.1.24/bin/mipsel-openwrt-linux-musl-gcc -qversion >&5
mipsel-openwrt-linux-musl-gcc.bin: error: unrecognized command line option '-qversion'
configure:3274: $? = 1
configure:3294: checking whether the C compiler works
configure:3316: /opt/lede-toolchain-ramips-mt7621_gcc-5.4.0_musl-1.1.24.Linux-x86_64/toolchain-mipsel_24kc_gcc-5.4.0_musl-1.1.24/bin/mipsel-openwrt-linux-musl-gcc -Wall -Os -ffunction-sections -fdata-sections -fPIC -DLINUX26 -DCONFIG_RALINK -DMUSL_LIBC -DDEBUG_NOISY -DDEBUG_RCTEST -D_GNU_SOURCE -D__UAPI_DEF_ETHHDR -DRALINK_DBDC_MODE -pipe -funit-at-a-time -Wno-pointer-sign -mtune=mips32 -mips32 -DLINUX_KERNEL_VERSION=263366 --sysroot=/opt/lede-toolchain-ramips-mt7621_gcc-5.4.0_musl-1.1.24.Linux-x86_64/toolchain-mipsel_24kc_gcc-5.4.0_musl-1.1.24   -Wl,--gc-sections  conftest.c  >&5
configure:3320: $? = 0
configure:3368: result: yes
configure:3371: checking for C compiler default output file name
configure:3373: result: a.out
configure:3379: checking for suffix of executables
configure:3386: /opt/lede-toolchain-ramips-mt7621_gcc-5.4.0_musl-1.1.24.Linux-x86_64/toolchain-mipsel_24kc_gcc-5.4.0_musl-1.1.24/bin/mipsel-openwrt-linux-musl-gcc -o conftest -Wall -Os -ffunction-sections -fdata-sections -fPIC -DLINUX26 -DCONFIG_RALINK -DMUSL_LIBC -DDEBUG_NOISY -DDEBUG_RCTEST -D_GNU_SOURCE -D__UAPI_DEF_ETHHDR -DRALINK_DBDC_MODE -pipe -funit-at-a-time -Wno-pointer-sign -mtune=mips32 -mips32 -DLINUX_KERNEL_VERSION=263366 --sysroot=/opt/lede-toolchain-ramips-mt7621_gcc-5.4.0_musl-1.1.24.Linux-x86_64/toolchain-mipsel_24kc_gcc-5.4.0_musl-1.1.24   -Wl,--gc-sections  conftest.c  >&5
configure:3390: $? = 0
configure:3412: result: 
configure:3434: checking whether we are cross compiling
configure:3472: result: yes
configure:3477: checking for suffix of object files
configure:3499: /opt/lede-toolchain-ramips-mt7621_gcc-5.4.0_musl-1.1.24.Linux-x86_64/toolchain-mipsel_24kc_gcc-5.4.0_musl-1.1.24/bin/mipsel-openwrt-linux-musl-gcc -c -Wall -Os -ffunction-sections -fdata-sections -fPIC -DLINUX26 -DCONFIG_RALINK -DMUSL_LIBC -DDEBUG_NOISY -DDEBUG_RCTEST -D_GNU_SOURCE -D__UAPI_DEF_ETHHDR -DRALINK_DBDC_MODE -pipe -funit-at-a-time -Wno-pointer-sign -mtune=mips32 -mips32 -DLINUX_KERNEL_VERSION=263366 --sysroot=/opt/lede-toolchain-ramips-mt7621_gcc-5.4.0_musl-1.1.24.Linux-x86_64/toolchain-mipsel_24kc_gcc-5.4.0_musl-1.1.24   conftest.c >&5
configure:3503: $? = 0
configure:3524: result: o
configure:3528: checking whether we are using the GNU C compiler
configure:3547: /opt/lede-toolchain-ramips-mt7621_gcc-5.4.0_musl-1.1.24.Linux-x86_64/toolchain-mipsel_24kc_gcc-5.4.0_musl-1.1.24/bin/mipsel-openwrt-linux-musl-gcc -c -Wall -Os -ffunction-sections -fdata-sections -fPIC -DLINUX26 -DCONFIG_RALINK -DMUSL_LIBC -DDEBUG_NOISY -DDEBUG_RCTEST -D_GNU_SOURCE -D__UAPI_DEF_ETHHDR -DRALINK_DBDC_MODE -pipe -funit-at-a-time -Wno-pointer-sign -mtune=mips32 -mips32 -DLINUX_KERNEL_VERSION=263366 --sysroot=/opt/lede-toolchain-ramips-mt7621_gcc-5.4.0_musl-1.1.24.Linux-x86_64/toolchain-mipsel_24kc_gcc-5.4.0_musl-1.1.24   conftest.c >&5
configure:3547: $? = 0
configure:3556: result: yes
configure:3565: checking whether /opt/lede-toolchain-ramips-mt7621_gcc-5.4.0_musl-1.1.24.Linux-x86_64/toolchain-mipsel_24kc_gcc-5.4.0_musl-1.1.24/bin/mipsel-openwrt-linux-musl-gcc accepts -g
configure:3585: /opt/lede-toolchain-ramips-mt7621_gcc-5.4.0_musl-1.1.24.Linux-x86_64/toolchain-mipsel_24kc_gcc-5.4.0_musl-1.1.24/bin/mipsel-openwrt-linux-musl-gcc -c -g  conftest.c >&5
configure:3585: $? = 0
configure:3626: result: yes
configure:3643: checking for /opt/lede-toolchain-ramips-mt7621_gcc-5.4.0_musl-1.1.24.Linux-x86_64/toolchain-mipsel_24kc_gcc-5.4.0_musl-1.1.24/bin/mipsel-openwrt-linux-musl-gcc option to accept ISO C89
configure:3706: /opt/lede-toolchain-ramips-mt7621_gcc-5.4.0_musl-1.1.24.Linux-x86_64/toolchain-mipsel_24kc_gcc-5.4.0_musl-1.1.24/bin/mipsel-openwrt-linux-musl-gcc  -c -Wall -Os -ffunction-sections -fdata-sections -fPIC -DLINUX26 -DCONFIG_RALINK -DMUSL_LIBC -DDEBUG_NOISY -DDEBUG_RCTEST -D_GNU_SOURCE -D__UAPI_DEF_ETHHDR -DRALINK_DBDC_MODE -pipe -funit-at-a-time -Wno-pointer-sign -mtune=mips32 -mips32 -DLINUX_KERNEL_VERSION=263366 --sysroot=/opt/lede-toolchain-ramips-mt7621_gcc-5.4.0_musl-1.1.24.Linux-x86_64/toolchain-mipsel_24kc_gcc-5.4.0_musl-1.1.24   conftest.c >&5
configure:3706: $? = 0
configure:3719: result: none needed
configure:3744: checking whether /opt/lede-toolchain-ramips-mt7621_gcc-5.4.0_musl-1.1.24.Linux-x86_64/toolchain-mipsel_24kc_gcc-5.4.0_musl-1.1.24/bin/mipsel-openwrt-linux-musl-gcc understands -c and -o together
configure:3766: /opt/lede-toolchain-ramips-mt7621_gcc-5.4.0_musl-1.1.24.Linux-x86_64/toolchain-mipsel_24kc_gcc-5.4.0_musl-1.1.24/bin/mipsel-openwrt-linux-musl-gcc -c conftest.c -o conftest2.o
configure:3769: $? = 0
configure:3766: /opt/lede-toolchain-ramips-mt7621_gcc-5.4.0_musl-1.1.24.Linux-x86_64/toolchain-mipsel_24kc_gcc-5.4.0_musl-1.1.24/bin/mipsel-openwrt-linux-musl-gcc -c conftest.c -o conftest2.o
configure:3769: $? = 0
configure:3781: result: yes
configure:3809: checking for style of include used by make
configure:3837: result: GNU
configure:3863: checking dependency style of /opt/lede-toolchain-ramips-mt7621_gcc-5.4.0_musl-1.1.24.Linux-x86_64/toolchain-mipsel_24kc_gcc-5.4.0_musl-1.1.24/bin/mipsel-openwrt-linux-musl-gcc
configure:3974: result: gcc3
configure:3995: checking for mipsel-linux-ar
configure:4022: result: /opt/lede-toolchain-ramips-mt7621_gcc-5.4.0_musl-1.1.24.Linux-x86_64/toolchain-mipsel_24kc_gcc-5.4.0_musl-1.1.24/bin/mipsel-openwrt-linux-musl-ar
configure:4092: checking the archiver (/opt/lede-toolchain-ramips-mt7621_gcc-5.4.0_musl-1.1.24.Linux-x86_64/toolchain-mipsel_24kc_gcc-5.4.0_musl-1.1.24/bin/mipsel-openwrt-linux-musl-ar) interface
configure:4108: /opt/lede-toolchain-ramips-mt7621_gcc-5.4.0_musl-1.1.24.Linux-x86_64/toolchain-mipsel_24kc_gcc-5.4.0_musl-1.1.24/bin/mipsel-openwrt-linux-musl-gcc -c -Wall -Os -ffunction-sections -fdata-sections -fPIC -DLINUX26 -DCONFIG_RALINK -DMUSL_LIBC -DDEBUG_NOISY -DDEBUG_RCTEST -D_GNU_SOURCE -D__UAPI_DEF_ETHHDR -DRALINK_DBDC_MODE -pipe -funit-at-a-time -Wno-pointer-sign -mtune=mips32 -mips32 -DLINUX_KERNEL_VERSION=263366 --sysroot=/opt/lede-toolchain-ramips-mt7621_gcc-5.4.0_musl-1.1.24.Linux-x86_64/toolchain-mipsel_24kc_gcc-5.4.0_musl-1.1.24   conftest.c >&5
configure:4108: $? = 0
configure:4110: /opt/lede-toolchain-ramips-mt7621_gcc-5.4.0_musl-1.1.24.Linux-x86_64/toolchain-mipsel_24kc_gcc-5.4.0_musl-1.1.24/bin/mipsel-openwrt-linux-musl-ar cru libconftest.a conftest.o >&5
/opt/lede-toolchain-ramips-mt7621_gcc-5.4.0_musl-1.1.24.Linux-x86_64/toolchain-mipsel_24kc_gcc-5.4.0_musl-1.1.24/bin/mipsel-openwrt-linux-musl-ar: `u' modifier ignored since `D' is the default (see `U')
configure:4113: $? = 0
configure:4141: result: ar
configure:4165: checking for flex
configure:4181: found /usr/bin/flex
configure:4192: result: flex
configure:4230: flex conftest.l
configure:4234: $? = 0
configure:4236: checking lex output file root
configure:4250: result: lex.yy
configure:4255: checking lex library
configure:4269: /opt/lede-toolchain-ramips-mt7621_gcc-5.4.0_musl-1.1.24.Linux-x86_64/toolchain-mipsel_24kc_gcc-5.4.0_musl-1.1.24/bin/mipsel-openwrt-linux-musl-gcc -o conftest -Wall -Os -ffunction-sections -fdata-sections -fPIC -DLINUX26 -DCONFIG_RALINK -DMUSL_LIBC -DDEBUG_NOISY -DDEBUG_RCTEST -D_GNU_SOURCE -D__UAPI_DEF_ETHHDR -DRALINK_DBDC_MODE -pipe -funit-at-a-time -Wno-pointer-sign -mtune=mips32 -mips32 -DLINUX_KERNEL_VERSION=263366 --sysroot=/opt/lede-toolchain-ramips-mt7621_gcc-5.4.0_musl-1.1.24.Linux-x86_64/toolchain-mipsel_24kc_gcc-5.4.0_musl-1.1.24   -Wl,--gc-sections  conftest.c   >&5
/tmp/cc39HkWB.o: In function `yylex':
conftest.c:(.text.yylex+0x400): undefined reference to `yywrap'
conftest.c:(.text.yylex+0x5bc): undefined reference to `yywrap'
conftest.c:(.text.yylex+0x3ec): undefined reference to `yywrap'
conftest.c:(.text.yylex+0x5b8): undefined reference to `yywrap'
/tmp/cc39HkWB.o: In function `main':
conftest.c:(.text.startup.main+0x30): undefined reference to `yywrap'
/tmp/cc39HkWB.o:conftest.c:(.text.startup.main+0x34): more undefined references to `yywrap' follow
collect2: error: ld returned 1 exit status
configure:4269: $? = 1
configure: failed program was:
| /* confdefs.h */
| #define PACKAGE_NAME "libConfuse"
| #define PACKAGE_TARNAME "confuse"
| #define PACKAGE_VERSION "3.2.2"
| #define PACKAGE_STRING "libConfuse 3.2.2"
| #define PACKAGE_BUGREPORT "https://github.com/martinh/libconfuse/issues"
| #define PACKAGE_URL ""
| #define PACKAGE "confuse"
| #define VERSION "3.2.2"
| /* end confdefs.h.  */
| 
| #line 3 "lex.yy.c"
| 
| #define  YY_INT_ALIGNED short int
| 
| /* A lexical scanner generated by flex */
| 
| #define FLEX_SCANNER
| #define YY_FLEX_MAJOR_VERSION 2
| #define YY_FLEX_MINOR_VERSION 6
| #define YY_FLEX_SUBMINOR_VERSION 4
| #if YY_FLEX_SUBMINOR_VERSION > 0
| #define FLEX_BETA
| #endif
| 
| /* First, we deal with  platform-specific or compiler-specific issues. */
| 
| /* begin standard C headers. */
| #include <stdio.h>
| #include <string.h>
| #include <errno.h>
| #include <stdlib.h>
| 
| /* end standard C headers. */
| 
| /* flex integer type definitions */
| 
| #ifndef FLEXINT_H
| #define FLEXINT_H
| 
| /* C99 systems have <inttypes.h>. Non-C99 systems may or may not. */
| 
| #if defined (__STDC_VERSION__) && __STDC_VERSION__ >= 199901L
| 
| /* C99 says to define __STDC_LIMIT_MACROS before including stdint.h,
|  * if you want the limit (max/min) macros for int types. 
|  */
| #ifndef __STDC_LIMIT_MACROS
| #define __STDC_LIMIT_MACROS 1
| #endif
| 
| #include <inttypes.h>
| typedef int8_t flex_int8_t;
| typedef uint8_t flex_uint8_t;
| typedef int16_t flex_int16_t;
| typedef uint16_t flex_uint16_t;
| typedef int32_t flex_int32_t;
| typedef uint32_t flex_uint32_t;
| #else
| typedef signed char flex_int8_t;
| typedef short int flex_int16_t;
| typedef int flex_int32_t;
| typedef unsigned char flex_uint8_t; 
| typedef unsigned short int flex_uint16_t;
| typedef unsigned int flex_uint32_t;
| 
| /* Limits of integral types. */
| #ifndef INT8_MIN
| #define INT8_MIN               (-128)
| #endif
| #ifndef INT16_MIN
| #define INT16_MIN              (-32767-1)
| #endif
| #ifndef INT32_MIN
| #define INT32_MIN              (-2147483647-1)
| #endif
| #ifndef INT8_MAX
| #define INT8_MAX               (127)
| #endif
| #ifndef INT16_MAX
| #define INT16_MAX              (32767)
| #endif
| #ifndef INT32_MAX
| #define INT32_MAX              (2147483647)
| #endif
| #ifndef UINT8_MAX
| #define UINT8_MAX              (255U)
| #endif
| #ifndef UINT16_MAX
| #define UINT16_MAX             (65535U)
| #endif
| #ifndef UINT32_MAX
| #define UINT32_MAX             (4294967295U)
| #endif
| 
| #ifndef SIZE_MAX
| #define SIZE_MAX               (~(size_t)0)
| #endif
| 
| #endif /* ! C99 */
| 
| #endif /* ! FLEXINT_H */
| 
| /* begin standard C++ headers. */
| 
| /* TODO: this is always defined, so inline it */
| #define yyconst const
| 
| #if defined(__GNUC__) && __GNUC__ >= 3
| #define yynoreturn __attribute__((__noreturn__))
| #else
| #define yynoreturn
| #endif
| 
| /* Returned upon end-of-file. */
| #define YY_NULL 0
| 
| /* Promotes a possibly negative, possibly signed char to an
|  *   integer in range [0..255] for use as an array index.
|  */
| #define YY_SC_TO_UI(c) ((YY_CHAR) (c))
| 
| /* Enter a start condition.  This macro really ought to take a parameter,
|  * but we do it the disgusting crufty way forced on us by the ()-less
|  * definition of BEGIN.
|  */
| #define BEGIN (yy_start) = 1 + 2 *
| /* Translate the current start state into a value that can be later handed
|  * to BEGIN to return to the state.  The YYSTATE alias is for lex
|  * compatibility.
|  */
| #define YY_START (((yy_start) - 1) / 2)
| #define YYSTATE YY_START
| /* Action number for EOF rule of a given start state. */
| #define YY_STATE_EOF(state) (YY_END_OF_BUFFER + state + 1)
| /* Special action meaning "start processing a new file". */
| #define YY_NEW_FILE yyrestart( yyin  )
| #define YY_END_OF_BUFFER_CHAR 0
| 
| /* Size of default input buffer. */
| #ifndef YY_BUF_SIZE
| #ifdef __ia64__
| /* On IA-64, the buffer size is 16k, not 8k.
|  * Moreover, YY_BUF_SIZE is 2*YY_READ_BUF_SIZE in the general case.
|  * Ditto for the __ia64__ case accordingly.
|  */
| #define YY_BUF_SIZE 32768
| #else
| #define YY_BUF_SIZE 16384
| #endif /* __ia64__ */
| #endif
| 
| /* The state buf must be large enough to hold one state per character in the main buffer.
|  */
| #define YY_STATE_BUF_SIZE   ((YY_BUF_SIZE + 2) * sizeof(yy_state_type))
| 
| #ifndef YY_TYPEDEF_YY_BUFFER_STATE
| #define YY_TYPEDEF_YY_BUFFER_STATE
| typedef struct yy_buffer_state *YY_BUFFER_STATE;
| #endif
| 
| #ifndef YY_TYPEDEF_YY_SIZE_T
| #define YY_TYPEDEF_YY_SIZE_T
| typedef size_t yy_size_t;
| #endif
| 
| extern int yyleng;
| 
| extern FILE *yyin, *yyout;
| 
| #define EOB_ACT_CONTINUE_SCAN 0
| #define EOB_ACT_END_OF_FILE 1
| #define EOB_ACT_LAST_MATCH 2
|     
|     #define YY_LESS_LINENO(n)
|     #define YY_LINENO_REWIND_TO(ptr)
|     
| /* Return all but the first "n" matched characters back to the input stream. */
| #define yyless(n) \
| 	do \
| 		{ \
| 		/* Undo effects of setting up yytext. */ \
|         int yyless_macro_arg = (n); \
|         YY_LESS_LINENO(yyless_macro_arg);\
| 		*yy_cp = (yy_hold_char); \
| 		YY_RESTORE_YY_MORE_OFFSET \
| 		(yy_c_buf_p) = yy_cp = yy_bp + yyless_macro_arg - YY_MORE_ADJ; \
| 		YY_DO_BEFORE_ACTION; /* set up yytext again */ \
| 		} \
| 	while ( 0 )
| #define unput(c) yyunput( c, (yytext_ptr)  )
| 
| #ifndef YY_STRUCT_YY_BUFFER_STATE
| #define YY_STRUCT_YY_BUFFER_STATE
| struct yy_buffer_state
| 	{
| 	FILE *yy_input_file;
| 
| 	char *yy_ch_buf;		/* input buffer */
| 	char *yy_buf_pos;		/* current position in input buffer */
| 
| 	/* Size of input buffer in bytes, not including room for EOB
| 	 * characters.
| 	 */
| 	int yy_buf_size;
| 
| 	/* Number of characters read into yy_ch_buf, not including EOB
| 	 * characters.
| 	 */
| 	int yy_n_chars;
| 
| 	/* Whether we "own" the buffer - i.e., we know we created it,
| 	 * and can realloc() it to grow it, and should free() it to
| 	 * delete it.
| 	 */
| 	int yy_is_our_buffer;
| 
| 	/* Whether this is an "interactive" input source; if so, and
| 	 * if we're using stdio for input, then we want to use getc()
| 	 * instead of fread(), to make sure we stop fetching input after
| 	 * each newline.
| 	 */
| 	int yy_is_interactive;
| 
| 	/* Whether we're considered to be at the beginning of a line.
| 	 * If so, '^' rules will be active on the next match, otherwise
| 	 * not.
| 	 */
| 	int yy_at_bol;
| 
|     int yy_bs_lineno; /**< The line count. */
|     int yy_bs_column; /**< The column count. */
| 
| 	/* Whether to try to fill the input buffer when we reach the
| 	 * end of it.
| 	 */
| 	int yy_fill_buffer;
| 
| 	int yy_buffer_status;
| 
| #define YY_BUFFER_NEW 0
| #define YY_BUFFER_NORMAL 1
| 	/* When an EOF's been seen but there's still some text to process
| 	 * then we mark the buffer as YY_EOF_PENDING, to indicate that we
| 	 * shouldn't try reading from the input source any more.  We might
| 	 * still have a bunch of tokens to match, though, because of
| 	 * possible backing-up.
| 	 *
| 	 * When we actually see the EOF, we change the status to "new"
| 	 * (via yyrestart()), so that the user can continue scanning by
| 	 * just pointing yyin at a new input file.
| 	 */
| #define YY_BUFFER_EOF_PENDING 2
| 
| 	};
| #endif /* !YY_STRUCT_YY_BUFFER_STATE */
| 
| /* Stack of input buffers. */
| static size_t yy_buffer_stack_top = 0; /**< index of top of stack. */
| static size_t yy_buffer_stack_max = 0; /**< capacity of stack. */
| static YY_BUFFER_STATE * yy_buffer_stack = NULL; /**< Stack as an array. */
| 
| /* We provide macros for accessing buffer states in case in the
|  * future we want to put the buffer states in a more general
|  * "scanner state".
|  *
|  * Returns the top of the stack, or NULL.
|  */
| #define YY_CURRENT_BUFFER ( (yy_buffer_stack) \
|                           ? (yy_buffer_stack)[(yy_buffer_stack_top)] \
|                           : NULL)
| /* Same as previous macro, but useful when we know that the buffer stack is not
|  * NULL or when we need an lvalue. For internal use only.
|  */
| #define YY_CURRENT_BUFFER_LVALUE (yy_buffer_stack)[(yy_buffer_stack_top)]
| 
| /* yy_hold_char holds the character lost when yytext is formed. */
| static char yy_hold_char;
| static int yy_n_chars;		/* number of characters read into yy_ch_buf */
| int yyleng;
| 
| /* Points to current character in buffer. */
| static char *yy_c_buf_p = NULL;
| static int yy_init = 0;		/* whether we need to initialize */
| static int yy_start = 0;	/* start state number */
| 
| /* Flag which is used to allow yywrap()'s to do buffer switches
|  * instead of setting up a fresh yyin.  A bit of a hack ...
|  */
| static int yy_did_buffer_switch_on_eof;
| 
| void yyrestart ( FILE *input_file  );
| void yy_switch_to_buffer ( YY_BUFFER_STATE new_buffer  );
| YY_BUFFER_STATE yy_create_buffer ( FILE *file, int size  );
| void yy_delete_buffer ( YY_BUFFER_STATE b  );
| void yy_flush_buffer ( YY_BUFFER_STATE b  );
| void yypush_buffer_state ( YY_BUFFER_STATE new_buffer  );
| void yypop_buffer_state ( void );
| 
| static void yyensure_buffer_stack ( void );
| static void yy_load_buffer_state ( void );
| static void yy_init_buffer ( YY_BUFFER_STATE b, FILE *file  );
| #define YY_FLUSH_BUFFER yy_flush_buffer( YY_CURRENT_BUFFER )
| 
| YY_BUFFER_STATE yy_scan_buffer ( char *base, yy_size_t size  );
| YY_BUFFER_STATE yy_scan_string ( const char *yy_str  );
| YY_BUFFER_STATE yy_scan_bytes ( const char *bytes, int len  );
| 
| void *yyalloc ( yy_size_t  );
| void *yyrealloc ( void *, yy_size_t  );
| void yyfree ( void *  );
| 
| #define yy_new_buffer yy_create_buffer
| #define yy_set_interactive(is_interactive) \
| 	{ \
| 	if ( ! YY_CURRENT_BUFFER ){ \
|         yyensure_buffer_stack (); \
| 		YY_CURRENT_BUFFER_LVALUE =    \
|             yy_create_buffer( yyin, YY_BUF_SIZE ); \
| 	} \
| 	YY_CURRENT_BUFFER_LVALUE->yy_is_interactive = is_interactive; \
| 	}
| #define yy_set_bol(at_bol) \
| 	{ \
| 	if ( ! YY_CURRENT_BUFFER ){\
|         yyensure_buffer_stack (); \
| 		YY_CURRENT_BUFFER_LVALUE =    \
|             yy_create_buffer( yyin, YY_BUF_SIZE ); \
| 	} \
| 	YY_CURRENT_BUFFER_LVALUE->yy_at_bol = at_bol; \
| 	}
| #define YY_AT_BOL() (YY_CURRENT_BUFFER_LVALUE->yy_at_bol)
| 
| /* Begin user sect3 */
| typedef flex_uint8_t YY_CHAR;
| 
| FILE *yyin = NULL, *yyout = NULL;
| 
| typedef int yy_state_type;
| 
| extern int yylineno;
| int yylineno = 1;
| 
| extern char *yytext;
| #ifdef yytext_ptr
| #undef yytext_ptr
| #endif
| #define yytext_ptr yytext
| 
| static yy_state_type yy_get_previous_state ( void );
| static yy_state_type yy_try_NUL_trans ( yy_state_type current_state  );
| static int yy_get_next_buffer ( void );
| static void yynoreturn yy_fatal_error ( const char* msg  );
| 
| /* Done after the current pattern has been matched and before the
|  * corresponding action - sets up yytext.
|  */
| #define YY_DO_BEFORE_ACTION \
| 	(yytext_ptr) = yy_bp; \
| 	(yytext_ptr) -= (yy_more_len); \
| 	yyleng = (int) (yy_cp - (yytext_ptr)); \
| 	(yy_hold_char) = *yy_cp; \
| 	*yy_cp = '\0'; \
| 	(yy_c_buf_p) = yy_cp;
| #define YY_NUM_RULES 8
| #define YY_END_OF_BUFFER 9
| /* This struct is not used in this scanner,
|    but its presence is necessary. */
| struct yy_trans_info
| 	{
| 	flex_int32_t yy_verify;
| 	flex_int32_t yy_nxt;
| 	};
| static const flex_int16_t yy_acclist[23] =
|     {   0,
|         9,    7,    8,    8,    1,    7,    8,    2,    7,    8,
|         3,    7,    8,    4,    7,    8,    5,    7,    8,    6,
|         7,    8
|     } ;
| 
| static const flex_int16_t yy_accept[14] =
|     {   0,
|         1,    1,    1,    2,    4,    5,    8,   11,   14,   17,
|        20,   23,   23
|     } ;
| 
| static const YY_CHAR yy_ec[256] =
|     {   0,
|         1,    1,    1,    1,    1,    1,    1,    1,    1,    2,
|         1,    1,    1,    1,    1,    1,    1,    1,    1,    1,
|         1,    1,    1,    1,    1,    1,    1,    1,    1,    1,
|         1,    1,    1,    1,    1,    1,    1,    1,    1,    1,
|         1,    1,    1,    1,    1,    1,    1,    1,    1,    1,
|         1,    1,    1,    1,    1,    1,    1,    1,    1,    1,
|         1,    1,    1,    1,    1,    1,    1,    1,    1,    1,
|         1,    1,    1,    1,    1,    1,    1,    1,    1,    1,
|         1,    1,    1,    1,    1,    1,    1,    1,    1,    1,
|         1,    1,    1,    1,    1,    1,    3,    4,    5,    6,
| 
|         7,    8,    1,    1,    1,    1,    1,    1,    1,    1,
|         1,    1,    1,    1,    1,    1,    1,    1,    1,    1,
|         1,    1,    1,    1,    1,    1,    1,    1,    1,    1,
|         1,    1,    1,    1,    1,    1,    1,    1,    1,    1,
|         1,    1,    1,    1,    1,    1,    1,    1,    1,    1,
|         1,    1,    1,    1,    1,    1,    1,    1,    1,    1,
|         1,    1,    1,    1,    1,    1,    1,    1,    1,    1,
|         1,    1,    1,    1,    1,    1,    1,    1,    1,    1,
|         1,    1,    1,    1,    1,    1,    1,    1,    1,    1,
|         1,    1,    1,    1,    1,    1,    1,    1,    1,    1,
| 
|         1,    1,    1,    1,    1,    1,    1,    1,    1,    1,
|         1,    1,    1,    1,    1,    1,    1,    1,    1,    1,
|         1,    1,    1,    1,    1,    1,    1,    1,    1,    1,
|         1,    1,    1,    1,    1,    1,    1,    1,    1,    1,
|         1,    1,    1,    1,    1,    1,    1,    1,    1,    1,
|         1,    1,    1,    1,    1
|     } ;
| 
| static const YY_CHAR yy_meta[9] =
|     {   0,
|         1,    1,    1,    1,    1,    1,    1,    1
|     } ;
| 
| static const flex_int16_t yy_base[13] =
|     {   0,
|         0,    0,    9,   10,   10,   10,   10,   10,   10,   10,
|        10,   10
|     } ;
| 
| static const flex_int16_t yy_def[13] =
|     {   0,
|        12,    1,   12,   12,   12,   12,   12,   12,   12,   12,
|        12,    0
|     } ;
| 
| static const flex_int16_t yy_nxt[19] =
|     {   0,
|         4,    5,    6,    7,    8,    9,   10,   11,   12,    3,
|        12,   12,   12,   12,   12,   12,   12,   12
|     } ;
| 
| static const flex_int16_t yy_chk[19] =
|     {   0,
|         1,    1,    1,    1,    1,    1,    1,    1,    3,   12,
|        12,   12,   12,   12,   12,   12,   12,   12
|     } ;
| 
| extern int yy_flex_debug;
| int yy_flex_debug = 0;
| 
| static yy_state_type *yy_state_buf=0, *yy_state_ptr=0;
| static char *yy_full_match;
| static int yy_lp;
| #define REJECT \
| { \
| *yy_cp = (yy_hold_char); /* undo effects of setting up yytext */ \
| yy_cp = (yy_full_match); /* restore poss. backed-over text */ \
| ++(yy_lp); \
| goto find_rule; \
| }
| 
| static int yy_more_flag = 0;
| static int yy_more_len = 0;
| #define yymore() ((yy_more_flag) = 1)
| #define YY_MORE_ADJ (yy_more_len)
| #define YY_RESTORE_YY_MORE_OFFSET
| char *yytext;
| #line 1 "conftest.l"
| #line 460 "lex.yy.c"
| 
| #define INITIAL 0
| 
| #ifndef YY_NO_UNISTD_H
| /* Special case for "unistd.h", since it is non-ANSI. We include it way
|  * down here because we want the user's section 1 to have been scanned first.
|  * The user has a chance to override it with an option.
|  */
| #include <unistd.h>
| #endif
| 
| #ifndef YY_EXTRA_TYPE
| #define YY_EXTRA_TYPE void *
| #endif
| 
| static int yy_init_globals ( void );
| 
| /* Accessor methods to globals.
|    These are made visible to non-reentrant scanners for convenience. */
| 
| int yylex_destroy ( void );
| 
| int yyget_debug ( void );
| 
| void yyset_debug ( int debug_flag  );
| 
| YY_EXTRA_TYPE yyget_extra ( void );
| 
| void yyset_extra ( YY_EXTRA_TYPE user_defined  );
| 
| FILE *yyget_in ( void );
| 
| void yyset_in  ( FILE * _in_str  );
| 
| FILE *yyget_out ( void );
| 
| void yyset_out  ( FILE * _out_str  );
| 
| 			int yyget_leng ( void );
| 
| char *yyget_text ( void );
| 
| int yyget_lineno ( void );
| 
| void yyset_lineno ( int _line_number  );
| 
| /* Macros after this point can all be overridden by user definitions in
|  * section 1.
|  */
| 
| #ifndef YY_SKIP_YYWRAP
| #ifdef __cplusplus
| extern "C" int yywrap ( void );
| #else
| extern int yywrap ( void );
| #endif
| #endif
| 
| #ifndef YY_NO_UNPUT
|     
|     static void yyunput ( int c, char *buf_ptr  );
|     
| #endif
| 
| #ifndef yytext_ptr
| static void yy_flex_strncpy ( char *, const char *, int );
| #endif
| 
| #ifdef YY_NEED_STRLEN
| static int yy_flex_strlen ( const char * );
| #endif
| 
| #ifndef YY_NO_INPUT
| #ifdef __cplusplus
| static int yyinput ( void );
| #else
| static int input ( void );
| #endif
| 
| #endif
| 
| /* Amount of stuff to slurp up with each read. */
| #ifndef YY_READ_BUF_SIZE
| #ifdef __ia64__
| /* On IA-64, the buffer size is 16k, not 8k */
| #define YY_READ_BUF_SIZE 16384
| #else
| #define YY_READ_BUF_SIZE 8192
| #endif /* __ia64__ */
| #endif
| 
| /* Copy whatever the last rule matched to the standard output. */
| #ifndef ECHO
| /* This used to be an fputs(), but since the string might contain NUL's,
|  * we now use fwrite().
|  */
| #define ECHO do { if (fwrite( yytext, (size_t) yyleng, 1, yyout )) {} } while (0)
| #endif
| 
| /* Gets input and stuffs it into "buf".  number of characters read, or YY_NULL,
|  * is returned in "result".
|  */
| #ifndef YY_INPUT
| #define YY_INPUT(buf,result,max_size) \
| 	if ( YY_CURRENT_BUFFER_LVALUE->yy_is_interactive ) \
| 		{ \
| 		int c = '*'; \
| 		int n; \
| 		for ( n = 0; n < max_size && \
| 			     (c = getc( yyin )) != EOF && c != '\n'; ++n ) \
| 			buf[n] = (char) c; \
| 		if ( c == '\n' ) \
| 			buf[n++] = (char) c; \
| 		if ( c == EOF && ferror( yyin ) ) \
| 			YY_FATAL_ERROR( "input in flex scanner failed" ); \
| 		result = n; \
| 		} \
| 	else \
| 		{ \
| 		errno=0; \
| 		while ( (result = (int) fread(buf, 1, (yy_size_t) max_size, yyin)) == 0 && ferror(yyin)) \
| 			{ \
| 			if( errno != EINTR) \
| 				{ \
| 				YY_FATAL_ERROR( "input in flex scanner failed" ); \
| 				break; \
| 				} \
| 			errno=0; \
| 			clearerr(yyin); \
| 			} \
| 		}\
| \
| 
| #endif
| 
| /* No semi-colon after return; correct usage is to write "yyterminate();" -
|  * we don't want an extra ';' after the "return" because that will cause
|  * some compilers to complain about unreachable statements.
|  */
| #ifndef yyterminate
| #define yyterminate() return YY_NULL
| #endif
| 
| /* Number of entries by which start-condition stack grows. */
| #ifndef YY_START_STACK_INCR
| #define YY_START_STACK_INCR 25
| #endif
| 
| /* Report a fatal error. */
| #ifndef YY_FATAL_ERROR
| #define YY_FATAL_ERROR(msg) yy_fatal_error( msg )
| #endif
| 
| /* end tables serialization structures and prototypes */
| 
| /* Default declaration of generated scanner - a define so the user can
|  * easily add parameters.
|  */
| #ifndef YY_DECL
| #define YY_DECL_IS_OURS 1
| 
| extern int yylex (void);
| 
| #define YY_DECL int yylex (void)
| #endif /* !YY_DECL */
| 
| /* Code executed at the beginning of each rule, after yytext and yyleng
|  * have been set up.
|  */
| #ifndef YY_USER_ACTION
| #define YY_USER_ACTION
| #endif
| 
| /* Code executed at the end of each rule. */
| #ifndef YY_BREAK
| #define YY_BREAK /*LINTED*/break;
| #endif
| 
| #define YY_RULE_SETUP \
| 	YY_USER_ACTION
| 
| /** The main scanner function which does all the work.
|  */
| YY_DECL
| {
| 	yy_state_type yy_current_state;
| 	char *yy_cp, *yy_bp;
| 	int yy_act;
|     
| 	if ( !(yy_init) )
| 		{
| 		(yy_init) = 1;
| 
| #ifdef YY_USER_INIT
| 		YY_USER_INIT;
| #endif
| 
|         /* Create the reject buffer large enough to save one state per allowed character. */
|         if ( ! (yy_state_buf) )
|             (yy_state_buf) = (yy_state_type *)yyalloc(YY_STATE_BUF_SIZE  );
|             if ( ! (yy_state_buf) )
|                 YY_FATAL_ERROR( "out of dynamic memory in yylex()" );
| 
| 		if ( ! (yy_start) )
| 			(yy_start) = 1;	/* first start state */
| 
| 		if ( ! yyin )
| 			yyin = stdin;
| 
| 		if ( ! yyout )
| 			yyout = stdout;
| 
| 		if ( ! YY_CURRENT_BUFFER ) {
| 			yyensure_buffer_stack ();
| 			YY_CURRENT_BUFFER_LVALUE =
| 				yy_create_buffer( yyin, YY_BUF_SIZE );
| 		}
| 
| 		yy_load_buffer_state(  );
| 		}
| 
| 	{
| #line 1 "conftest.l"
| 
| #line 685 "lex.yy.c"
| 
| 	while ( /*CONSTCOND*/1 )		/* loops until end-of-file is reached */
| 		{
| 		(yy_more_len) = 0;
| 		if ( (yy_more_flag) )
| 			{
| 			(yy_more_len) = (int) ((yy_c_buf_p) - (yytext_ptr));
| 			(yy_more_flag) = 0;
| 			}
| 		yy_cp = (yy_c_buf_p);
| 
| 		/* Support of yytext. */
| 		*yy_cp = (yy_hold_char);
| 
| 		/* yy_bp points to the position in yy_ch_buf of the start of
| 		 * the current run.
| 		 */
| 		yy_bp = yy_cp;
| 
| 		yy_current_state = (yy_start);
| 
| 		(yy_state_ptr) = (yy_state_buf);
| 		*(yy_state_ptr)++ = yy_current_state;
| 
| yy_match:
| 		do
| 			{
| 			YY_CHAR yy_c = yy_ec[YY_SC_TO_UI(*yy_cp)] ;
| 			while ( yy_chk[yy_base[yy_current_state] + yy_c] != yy_current_state )
| 				{
| 				yy_current_state = (int) yy_def[yy_current_state];
| 				if ( yy_current_state >= 13 )
| 					yy_c = yy_meta[yy_c];
| 				}
| 			yy_current_state = yy_nxt[yy_base[yy_current_state] + yy_c];
| 			*(yy_state_ptr)++ = yy_current_state;
| 			++yy_cp;
| 			}
| 		while ( yy_base[yy_current_state] != 10 );
| 
| yy_find_action:
| 		yy_current_state = *--(yy_state_ptr);
| 		(yy_lp) = yy_accept[yy_current_state];
| 
| find_rule: /* we branch to this label when backing up */
| 
| 		for ( ; ; ) /* until we find what rule we matched */
| 			{
| 			if ( (yy_lp) && (yy_lp) < yy_accept[yy_current_state + 1] )
| 				{
| 				yy_act = yy_acclist[(yy_lp)];
| 					{
| 					(yy_full_match) = yy_cp;
| 					break;
| 					}
| 				}
| 			--yy_cp;
| 			yy_current_state = *--(yy_state_ptr);
| 			(yy_lp) = yy_accept[yy_current_state];
| 			}
| 
| 		YY_DO_BEFORE_ACTION;
| 
| do_action:	/* This label is used only to access EOF actions. */
| 
| 		switch ( yy_act )
| 	{ /* beginning of action switch */
| case 1:
| YY_RULE_SETUP
| #line 2 "conftest.l"
| { ECHO; }
| 	YY_BREAK
| case 2:
| YY_RULE_SETUP
| #line 3 "conftest.l"
| { REJECT; }
| 	YY_BREAK
| case 3:
| YY_RULE_SETUP
| #line 4 "conftest.l"
| { yymore (); }
| 	YY_BREAK
| case 4:
| YY_RULE_SETUP
| #line 5 "conftest.l"
| { yyless (1); }
| 	YY_BREAK
| case 5:
| YY_RULE_SETUP
| #line 6 "conftest.l"
| { /* IRIX 6.5 flex 2.5.4 underquotes its yyless argument.  */
|     yyless ((input () != 0)); }
| 	YY_BREAK
| case 6:
| YY_RULE_SETUP
| #line 8 "conftest.l"
| { unput (yytext[0]); }
| 	YY_BREAK
| case 7:
| YY_RULE_SETUP
| #line 9 "conftest.l"
| { BEGIN INITIAL; }
| 	YY_BREAK
| case 8:
| YY_RULE_SETUP
| #line 10 "conftest.l"
| ECHO;
| 	YY_BREAK
| #line 794 "lex.yy.c"
| 			case YY_STATE_EOF(INITIAL):
| 				yyterminate();
| 
| 	case YY_END_OF_BUFFER:
| 		{
| 		/* Amount of text matched not including the EOB char. */
| 		int yy_amount_of_matched_text = (int) (yy_cp - (yytext_ptr)) - 1;
| 
| 		/* Undo the effects of YY_DO_BEFORE_ACTION. */
| 		*yy_cp = (yy_hold_char);
| 		YY_RESTORE_YY_MORE_OFFSET
| 
| 		if ( YY_CURRENT_BUFFER_LVALUE->yy_buffer_status == YY_BUFFER_NEW )
| 			{
| 			/* We're scanning a new file or input source.  It's
| 			 * possible that this happened because the user
| 			 * just pointed yyin at a new source and called
| 			 * yylex().  If so, then we have to assure
| 			 * consistency between YY_CURRENT_BUFFER and our
| 			 * globals.  Here is the right place to do so, because
| 			 * this is the first action (other than possibly a
| 			 * back-up) that will match for the new input source.
| 			 */
| 			(yy_n_chars) = YY_CURRENT_BUFFER_LVALUE->yy_n_chars;
| 			YY_CURRENT_BUFFER_LVALUE->yy_input_file = yyin;
| 			YY_CURRENT_BUFFER_LVALUE->yy_buffer_status = YY_BUFFER_NORMAL;
| 			}
| 
| 		/* Note that here we test for yy_c_buf_p "<=" to the position
| 		 * of the first EOB in the buffer, since yy_c_buf_p will
| 		 * already have been incremented past the NUL character
| 		 * (since all states make transitions on EOB to the
| 		 * end-of-buffer state).  Contrast this with the test
| 		 * in input().
| 		 */
| 		if ( (yy_c_buf_p) <= &YY_CURRENT_BUFFER_LVALUE->yy_ch_buf[(yy_n_chars)] )
| 			{ /* This was really a NUL. */
| 			yy_state_type yy_next_state;
| 
| 			(yy_c_buf_p) = (yytext_ptr) + yy_amount_of_matched_text;
| 
| 			yy_current_state = yy_get_previous_state(  );
| 
| 			/* Okay, we're now positioned to make the NUL
| 			 * transition.  We couldn't have
| 			 * yy_get_previous_state() go ahead and do it
| 			 * for us because it doesn't know how to deal
| 			 * with the possibility of jamming (and we don't
| 			 * want to build jamming into it because then it
| 			 * will run more slowly).
| 			 */
| 
| 			yy_next_state = yy_try_NUL_trans( yy_current_state );
| 
| 			yy_bp = (yytext_ptr) + YY_MORE_ADJ;
| 
| 			if ( yy_next_state )
| 				{
| 				/* Consume the NUL. */
| 				yy_cp = ++(yy_c_buf_p);
| 				yy_current_state = yy_next_state;
| 				goto yy_match;
| 				}
| 
| 			else
| 				{
| 				yy_cp = (yy_c_buf_p);
| 				goto yy_find_action;
| 				}
| 			}
| 
| 		else switch ( yy_get_next_buffer(  ) )
| 			{
| 			case EOB_ACT_END_OF_FILE:
| 				{
| 				(yy_did_buffer_switch_on_eof) = 0;
| 
| 				if ( yywrap(  ) )
| 					{
| 					/* Note: because we've taken care in
| 					 * yy_get_next_buffer() to have set up
| 					 * yytext, we can now set up
| 					 * yy_c_buf_p so that if some total
| 					 * hoser (like flex itself) wants to
| 					 * call the scanner after we return the
| 					 * YY_NULL, it'll still work - another
| 					 * YY_NULL will get returned.
| 					 */
| 					(yy_c_buf_p) = (yytext_ptr) + YY_MORE_ADJ;
| 
| 					yy_act = YY_STATE_EOF(YY_START);
| 					goto do_action;
| 					}
| 
| 				else
| 					{
| 					if ( ! (yy_did_buffer_switch_on_eof) )
| 						YY_NEW_FILE;
| 					}
| 				break;
| 				}
| 
| 			case EOB_ACT_CONTINUE_SCAN:
| 				(yy_c_buf_p) =
| 					(yytext_ptr) + yy_amount_of_matched_text;
| 
| 				yy_current_state = yy_get_previous_state(  );
| 
| 				yy_cp = (yy_c_buf_p);
| 				yy_bp = (yytext_ptr) + YY_MORE_ADJ;
| 				goto yy_match;
| 
| 			case EOB_ACT_LAST_MATCH:
| 				(yy_c_buf_p) =
| 				&YY_CURRENT_BUFFER_LVALUE->yy_ch_buf[(yy_n_chars)];
| 
| 				yy_current_state = yy_get_previous_state(  );
| 
| 				yy_cp = (yy_c_buf_p);
| 				yy_bp = (yytext_ptr) + YY_MORE_ADJ;
| 				goto yy_find_action;
| 			}
| 		break;
| 		}
| 
| 	default:
| 		YY_FATAL_ERROR(
| 			"fatal flex scanner internal error--no action found" );
| 	} /* end of action switch */
| 		} /* end of scanning one token */
| 	} /* end of user's declarations */
| } /* end of yylex */
| 
| /* yy_get_next_buffer - try to read in a new buffer
|  *
|  * Returns a code representing an action:
|  *	EOB_ACT_LAST_MATCH -
|  *	EOB_ACT_CONTINUE_SCAN - continue scanning from current position
|  *	EOB_ACT_END_OF_FILE - end of file
|  */
| static int yy_get_next_buffer (void)
| {
|     	char *dest = YY_CURRENT_BUFFER_LVALUE->yy_ch_buf;
| 	char *source = (yytext_ptr);
| 	int number_to_move, i;
| 	int ret_val;
| 
| 	if ( (yy_c_buf_p) > &YY_CURRENT_BUFFER_LVALUE->yy_ch_buf[(yy_n_chars) + 1] )
| 		YY_FATAL_ERROR(
| 		"fatal flex scanner internal error--end of buffer missed" );
| 
| 	if ( YY_CURRENT_BUFFER_LVALUE->yy_fill_buffer == 0 )
| 		{ /* Don't try to fill the buffer, so this is an EOF. */
| 		if ( (yy_c_buf_p) - (yytext_ptr) - YY_MORE_ADJ == 1 )
| 			{
| 			/* We matched a single character, the EOB, so
| 			 * treat this as a final EOF.
| 			 */
| 			return EOB_ACT_END_OF_FILE;
| 			}
| 
| 		else
| 			{
| 			/* We matched some text prior to the EOB, first
| 			 * process it.
| 			 */
| 			return EOB_ACT_LAST_MATCH;
| 			}
| 		}
| 
| 	/* Try to read more data. */
| 
| 	/* First move last chars to start of buffer. */
| 	number_to_move = (int) ((yy_c_buf_p) - (yytext_ptr) - 1);
| 
| 	for ( i = 0; i < number_to_move; ++i )
| 		*(dest++) = *(source++);
| 
| 	if ( YY_CURRENT_BUFFER_LVALUE->yy_buffer_status == YY_BUFFER_EOF_PENDING )
| 		/* don't do the read, it's not guaranteed to return an EOF,
| 		 * just force an EOF
| 		 */
| 		YY_CURRENT_BUFFER_LVALUE->yy_n_chars = (yy_n_chars) = 0;
| 
| 	else
| 		{
| 			int num_to_read =
| 			YY_CURRENT_BUFFER_LVALUE->yy_buf_size - number_to_move - 1;
| 
| 		while ( num_to_read <= 0 )
| 			{ /* Not enough room in the buffer - grow it. */
| 
| 			YY_FATAL_ERROR(
| "input buffer overflow, can't enlarge buffer because scanner uses REJECT" );
| 
| 			}
| 
| 		if ( num_to_read > YY_READ_BUF_SIZE )
| 			num_to_read = YY_READ_BUF_SIZE;
| 
| 		/* Read in more data. */
| 		YY_INPUT( (&YY_CURRENT_BUFFER_LVALUE->yy_ch_buf[number_to_move]),
| 			(yy_n_chars), num_to_read );
| 
| 		YY_CURRENT_BUFFER_LVALUE->yy_n_chars = (yy_n_chars);
| 		}
| 
| 	if ( (yy_n_chars) == 0 )
| 		{
| 		if ( number_to_move == YY_MORE_ADJ )
| 			{
| 			ret_val = EOB_ACT_END_OF_FILE;
| 			yyrestart( yyin  );
| 			}
| 
| 		else
| 			{
| 			ret_val = EOB_ACT_LAST_MATCH;
| 			YY_CURRENT_BUFFER_LVALUE->yy_buffer_status =
| 				YY_BUFFER_EOF_PENDING;
| 			}
| 		}
| 
| 	else
| 		ret_val = EOB_ACT_CONTINUE_SCAN;
| 
| 	if (((yy_n_chars) + number_to_move) > YY_CURRENT_BUFFER_LVALUE->yy_buf_size) {
| 		/* Extend the array by 50%, plus the number we really need. */
| 		int new_size = (yy_n_chars) + number_to_move + ((yy_n_chars) >> 1);
| 		YY_CURRENT_BUFFER_LVALUE->yy_ch_buf = (char *) yyrealloc(
| 			(void *) YY_CURRENT_BUFFER_LVALUE->yy_ch_buf, (yy_size_t) new_size  );
| 		if ( ! YY_CURRENT_BUFFER_LVALUE->yy_ch_buf )
| 			YY_FATAL_ERROR( "out of dynamic memory in yy_get_next_buffer()" );
| 		/* "- 2" to take care of EOB's */
| 		YY_CURRENT_BUFFER_LVALUE->yy_buf_size = (int) (new_size - 2);
| 	}
| 
| 	(yy_n_chars) += number_to_move;
| 	YY_CURRENT_BUFFER_LVALUE->yy_ch_buf[(yy_n_chars)] = YY_END_OF_BUFFER_CHAR;
| 	YY_CURRENT_BUFFER_LVALUE->yy_ch_buf[(yy_n_chars) + 1] = YY_END_OF_BUFFER_CHAR;
| 
| 	(yytext_ptr) = &YY_CURRENT_BUFFER_LVALUE->yy_ch_buf[0];
| 
| 	return ret_val;
| }
| 
| /* yy_get_previous_state - get the state just before the EOB char was reached */
| 
|     static yy_state_type yy_get_previous_state (void)
| {
| 	yy_state_type yy_current_state;
| 	char *yy_cp;
|     
| 	yy_current_state = (yy_start);
| 
| 	(yy_state_ptr) = (yy_state_buf);
| 	*(yy_state_ptr)++ = yy_current_state;
| 
| 	for ( yy_cp = (yytext_ptr) + YY_MORE_ADJ; yy_cp < (yy_c_buf_p); ++yy_cp )
| 		{
| 		YY_CHAR yy_c = (*yy_cp ? yy_ec[YY_SC_TO_UI(*yy_cp)] : 1);
| 		while ( yy_chk[yy_base[yy_current_state] + yy_c] != yy_current_state )
| 			{
| 			yy_current_state = (int) yy_def[yy_current_state];
| 			if ( yy_current_state >= 13 )
| 				yy_c = yy_meta[yy_c];
| 			}
| 		yy_current_state = yy_nxt[yy_base[yy_current_state] + yy_c];
| 		*(yy_state_ptr)++ = yy_current_state;
| 		}
| 
| 	return yy_current_state;
| }
| 
| /* yy_try_NUL_trans - try to make a transition on the NUL character
|  *
|  * synopsis
|  *	next_state = yy_try_NUL_trans( current_state );
|  */
|     static yy_state_type yy_try_NUL_trans  (yy_state_type yy_current_state )
| {
| 	int yy_is_jam;
|     
| 	YY_CHAR yy_c = 1;
| 	while ( yy_chk[yy_base[yy_current_state] + yy_c] != yy_current_state )
| 		{
| 		yy_current_state = (int) yy_def[yy_current_state];
| 		if ( yy_current_state >= 13 )
| 			yy_c = yy_meta[yy_c];
| 		}
| 	yy_current_state = yy_nxt[yy_base[yy_current_state] + yy_c];
| 	yy_is_jam = (yy_current_state == 12);
| 	if ( ! yy_is_jam )
| 		*(yy_state_ptr)++ = yy_current_state;
| 
| 		return yy_is_jam ? 0 : yy_current_state;
| }
| 
| #ifndef YY_NO_UNPUT
| 
|     static void yyunput (int c, char * yy_bp )
| {
| 	char *yy_cp;
|     
|     yy_cp = (yy_c_buf_p);
| 
| 	/* undo effects of setting up yytext */
| 	*yy_cp = (yy_hold_char);
| 
| 	if ( yy_cp < YY_CURRENT_BUFFER_LVALUE->yy_ch_buf + 2 )
| 		{ /* need to shift things up to make room */
| 		/* +2 for EOB chars. */
| 		int number_to_move = (yy_n_chars) + 2;
| 		char *dest = &YY_CURRENT_BUFFER_LVALUE->yy_ch_buf[
| 					YY_CURRENT_BUFFER_LVALUE->yy_buf_size + 2];
| 		char *source =
| 				&YY_CURRENT_BUFFER_LVALUE->yy_ch_buf[number_to_move];
| 
| 		while ( source > YY_CURRENT_BUFFER_LVALUE->yy_ch_buf )
| 			*--dest = *--source;
| 
| 		yy_cp += (int) (dest - source);
| 		yy_bp += (int) (dest - source);
| 		YY_CURRENT_BUFFER_LVALUE->yy_n_chars =
| 			(yy_n_chars) = (int) YY_CURRENT_BUFFER_LVALUE->yy_buf_size;
| 
| 		if ( yy_cp < YY_CURRENT_BUFFER_LVALUE->yy_ch_buf + 2 )
| 			YY_FATAL_ERROR( "flex scanner push-back overflow" );
| 		}
| 
| 	*--yy_cp = (char) c;
| 
| 	(yytext_ptr) = yy_bp;
| 	(yy_hold_char) = *yy_cp;
| 	(yy_c_buf_p) = yy_cp;
| }
| 
| #endif
| 
| #ifndef YY_NO_INPUT
| #ifdef __cplusplus
|     static int yyinput (void)
| #else
|     static int input  (void)
| #endif
| 
| {
| 	int c;
|     
| 	*(yy_c_buf_p) = (yy_hold_char);
| 
| 	if ( *(yy_c_buf_p) == YY_END_OF_BUFFER_CHAR )
| 		{
| 		/* yy_c_buf_p now points to the character we want to return.
| 		 * If this occurs *before* the EOB characters, then it's a
| 		 * valid NUL; if not, then we've hit the end of the buffer.
| 		 */
| 		if ( (yy_c_buf_p) < &YY_CURRENT_BUFFER_LVALUE->yy_ch_buf[(yy_n_chars)] )
| 			/* This was really a NUL. */
| 			*(yy_c_buf_p) = '\0';
| 
| 		else
| 			{ /* need more input */
| 			int offset = (int) ((yy_c_buf_p) - (yytext_ptr));
| 			++(yy_c_buf_p);
| 
| 			switch ( yy_get_next_buffer(  ) )
| 				{
| 				case EOB_ACT_LAST_MATCH:
| 					/* This happens because yy_g_n_b()
| 					 * sees that we've accumulated a
| 					 * token and flags that we need to
| 					 * try matching the token before
| 					 * proceeding.  But for input(),
| 					 * there's no matching to consider.
| 					 * So convert the EOB_ACT_LAST_MATCH
| 					 * to EOB_ACT_END_OF_FILE.
| 					 */
| 
| 					/* Reset buffer status. */
| 					yyrestart( yyin );
| 
| 					/*FALLTHROUGH*/
| 
| 				case EOB_ACT_END_OF_FILE:
| 					{
| 					if ( yywrap(  ) )
| 						return 0;
| 
| 					if ( ! (yy_did_buffer_switch_on_eof) )
| 						YY_NEW_FILE;
| #ifdef __cplusplus
| 					return yyinput();
| #else
| 					return input();
| #endif
| 					}
| 
| 				case EOB_ACT_CONTINUE_SCAN:
| 					(yy_c_buf_p) = (yytext_ptr) + offset;
| 					break;
| 				}
| 			}
| 		}
| 
| 	c = *(unsigned char *) (yy_c_buf_p);	/* cast for 8-bit char's */
| 	*(yy_c_buf_p) = '\0';	/* preserve yytext */
| 	(yy_hold_char) = *++(yy_c_buf_p);
| 
| 	return c;
| }
| #endif	/* ifndef YY_NO_INPUT */
| 
| /** Immediately switch to a different input stream.
|  * @param input_file A readable stream.
|  * 
|  * @note This function does not reset the start condition to @c INITIAL .
|  */
|     void yyrestart  (FILE * input_file )
| {
|     
| 	if ( ! YY_CURRENT_BUFFER ){
|         yyensure_buffer_stack ();
| 		YY_CURRENT_BUFFER_LVALUE =
|             yy_create_buffer( yyin, YY_BUF_SIZE );
| 	}
| 
| 	yy_init_buffer( YY_CURRENT_BUFFER, input_file );
| 	yy_load_buffer_state(  );
| }
| 
| /** Switch to a different input buffer.
|  * @param new_buffer The new input buffer.
|  * 
|  */
|     void yy_switch_to_buffer  (YY_BUFFER_STATE  new_buffer )
| {
|     
| 	/* TODO. We should be able to replace this entire function body
| 	 * with
| 	 *		yypop_buffer_state();
| 	 *		yypush_buffer_state(new_buffer);
|      */
| 	yyensure_buffer_stack ();
| 	if ( YY_CURRENT_BUFFER == new_buffer )
| 		return;
| 
| 	if ( YY_CURRENT_BUFFER )
| 		{
| 		/* Flush out information for old buffer. */
| 		*(yy_c_buf_p) = (yy_hold_char);
| 		YY_CURRENT_BUFFER_LVALUE->yy_buf_pos = (yy_c_buf_p);
| 		YY_CURRENT_BUFFER_LVALUE->yy_n_chars = (yy_n_chars);
| 		}
| 
| 	YY_CURRENT_BUFFER_LVALUE = new_buffer;
| 	yy_load_buffer_state(  );
| 
| 	/* We don't actually know whether we did this switch during
| 	 * EOF (yywrap()) processing, but the only time this flag
| 	 * is looked at is after yywrap() is called, so it's safe
| 	 * to go ahead and always set it.
| 	 */
| 	(yy_did_buffer_switch_on_eof) = 1;
| }
| 
| static void yy_load_buffer_state  (void)
| {
|     	(yy_n_chars) = YY_CURRENT_BUFFER_LVALUE->yy_n_chars;
| 	(yytext_ptr) = (yy_c_buf_p) = YY_CURRENT_BUFFER_LVALUE->yy_buf_pos;
| 	yyin = YY_CURRENT_BUFFER_LVALUE->yy_input_file;
| 	(yy_hold_char) = *(yy_c_buf_p);
| }
| 
| /** Allocate and initialize an input buffer state.
|  * @param file A readable stream.
|  * @param size The character buffer size in bytes. When in doubt, use @c YY_BUF_SIZE.
|  * 
|  * @return the allocated buffer state.
|  */
|     YY_BUFFER_STATE yy_create_buffer  (FILE * file, int  size )
| {
| 	YY_BUFFER_STATE b;
|     
| 	b = (YY_BUFFER_STATE) yyalloc( sizeof( struct yy_buffer_state )  );
| 	if ( ! b )
| 		YY_FATAL_ERROR( "out of dynamic memory in yy_create_buffer()" );
| 
| 	b->yy_buf_size = size;
| 
| 	/* yy_ch_buf has to be 2 characters longer than the size given because
| 	 * we need to put in 2 end-of-buffer characters.
| 	 */
| 	b->yy_ch_buf = (char *) yyalloc( (yy_size_t) (b->yy_buf_size + 2)  );
| 	if ( ! b->yy_ch_buf )
| 		YY_FATAL_ERROR( "out of dynamic memory in yy_create_buffer()" );
| 
| 	b->yy_is_our_buffer = 1;
| 
| 	yy_init_buffer( b, file );
| 
| 	return b;
| }
| 
| /** Destroy the buffer.
|  * @param b a buffer created with yy_create_buffer()
|  * 
|  */
|     void yy_delete_buffer (YY_BUFFER_STATE  b )
| {
|     
| 	if ( ! b )
| 		return;
| 
| 	if ( b == YY_CURRENT_BUFFER ) /* Not sure if we should pop here. */
| 		YY_CURRENT_BUFFER_LVALUE = (YY_BUFFER_STATE) 0;
| 
| 	if ( b->yy_is_our_buffer )
| 		yyfree( (void *) b->yy_ch_buf  );
| 
| 	yyfree( (void *) b  );
| }
| 
| /* Initializes or reinitializes a buffer.
|  * This function is sometimes called more than once on the same buffer,
|  * such as during a yyrestart() or at EOF.
|  */
|     static void yy_init_buffer  (YY_BUFFER_STATE  b, FILE * file )
| 
| {
| 	int oerrno = errno;
|     
| 	yy_flush_buffer( b );
| 
| 	b->yy_input_file = file;
| 	b->yy_fill_buffer = 1;
| 
|     /* If b is the current buffer, then yy_init_buffer was _probably_
|      * called from yyrestart() or through yy_get_next_buffer.
|      * In that case, we don't want to reset the lineno or column.
|      */
|     if (b != YY_CURRENT_BUFFER){
|         b->yy_bs_lineno = 1;
|         b->yy_bs_column = 0;
|     }
| 
|         b->yy_is_interactive = file ? (isatty( fileno(file) ) > 0) : 0;
|     
| 	errno = oerrno;
| }
| 
| /** Discard all buffered characters. On the next scan, YY_INPUT will be called.
|  * @param b the buffer state to be flushed, usually @c YY_CURRENT_BUFFER.
|  * 
|  */
|     void yy_flush_buffer (YY_BUFFER_STATE  b )
| {
|     	if ( ! b )
| 		return;
| 
| 	b->yy_n_chars = 0;
| 
| 	/* We always need two end-of-buffer characters.  The first causes
| 	 * a transition to the end-of-buffer state.  The second causes
| 	 * a jam in that state.
| 	 */
| 	b->yy_ch_buf[0] = YY_END_OF_BUFFER_CHAR;
| 	b->yy_ch_buf[1] = YY_END_OF_BUFFER_CHAR;
| 
| 	b->yy_buf_pos = &b->yy_ch_buf[0];
| 
| 	b->yy_at_bol = 1;
| 	b->yy_buffer_status = YY_BUFFER_NEW;
| 
| 	if ( b == YY_CURRENT_BUFFER )
| 		yy_load_buffer_state(  );
| }
| 
| /** Pushes the new state onto the stack. The new state becomes
|  *  the current state. This function will allocate the stack
|  *  if necessary.
|  *  @param new_buffer The new state.
|  *  
|  */
| void yypush_buffer_state (YY_BUFFER_STATE new_buffer )
| {
|     	if (new_buffer == NULL)
| 		return;
| 
| 	yyensure_buffer_stack();
| 
| 	/* This block is copied from yy_switch_to_buffer. */
| 	if ( YY_CURRENT_BUFFER )
| 		{
| 		/* Flush out information for old buffer. */
| 		*(yy_c_buf_p) = (yy_hold_char);
| 		YY_CURRENT_BUFFER_LVALUE->yy_buf_pos = (yy_c_buf_p);
| 		YY_CURRENT_BUFFER_LVALUE->yy_n_chars = (yy_n_chars);
| 		}
| 
| 	/* Only push if top exists. Otherwise, replace top. */
| 	if (YY_CURRENT_BUFFER)
| 		(yy_buffer_stack_top)++;
| 	YY_CURRENT_BUFFER_LVALUE = new_buffer;
| 
| 	/* copied from yy_switch_to_buffer. */
| 	yy_load_buffer_state(  );
| 	(yy_did_buffer_switch_on_eof) = 1;
| }
| 
| /** Removes and deletes the top of the stack, if present.
|  *  The next element becomes the new top.
|  *  
|  */
| void yypop_buffer_state (void)
| {
|     	if (!YY_CURRENT_BUFFER)
| 		return;
| 
| 	yy_delete_buffer(YY_CURRENT_BUFFER );
| 	YY_CURRENT_BUFFER_LVALUE = NULL;
| 	if ((yy_buffer_stack_top) > 0)
| 		--(yy_buffer_stack_top);
| 
| 	if (YY_CURRENT_BUFFER) {
| 		yy_load_buffer_state(  );
| 		(yy_did_buffer_switch_on_eof) = 1;
| 	}
| }
| 
| /* Allocates the stack if it does not exist.
|  *  Guarantees space for at least one push.
|  */
| static void yyensure_buffer_stack (void)
| {
| 	yy_size_t num_to_alloc;
|     
| 	if (!(yy_buffer_stack)) {
| 
| 		/* First allocation is just for 2 elements, since we don't know if this
| 		 * scanner will even need a stack. We use 2 instead of 1 to avoid an
| 		 * immediate realloc on the next call.
|          */
|       num_to_alloc = 1; /* After all that talk, this was set to 1 anyways... */
| 		(yy_buffer_stack) = (struct yy_buffer_state**)yyalloc
| 								(num_to_alloc * sizeof(struct yy_buffer_state*)
| 								);
| 		if ( ! (yy_buffer_stack) )
| 			YY_FATAL_ERROR( "out of dynamic memory in yyensure_buffer_stack()" );
| 
| 		memset((yy_buffer_stack), 0, num_to_alloc * sizeof(struct yy_buffer_state*));
| 
| 		(yy_buffer_stack_max) = num_to_alloc;
| 		(yy_buffer_stack_top) = 0;
| 		return;
| 	}
| 
| 	if ((yy_buffer_stack_top) >= ((yy_buffer_stack_max)) - 1){
| 
| 		/* Increase the buffer to prepare for a possible push. */
| 		yy_size_t grow_size = 8 /* arbitrary grow size */;
| 
| 		num_to_alloc = (yy_buffer_stack_max) + grow_size;
| 		(yy_buffer_stack) = (struct yy_buffer_state**)yyrealloc
| 								((yy_buffer_stack),
| 								num_to_alloc * sizeof(struct yy_buffer_state*)
| 								);
| 		if ( ! (yy_buffer_stack) )
| 			YY_FATAL_ERROR( "out of dynamic memory in yyensure_buffer_stack()" );
| 
| 		/* zero only the new slots.*/
| 		memset((yy_buffer_stack) + (yy_buffer_stack_max), 0, grow_size * sizeof(struct yy_buffer_state*));
| 		(yy_buffer_stack_max) = num_to_alloc;
| 	}
| }
| 
| /** Setup the input buffer state to scan directly from a user-specified character buffer.
|  * @param base the character buffer
|  * @param size the size in bytes of the character buffer
|  * 
|  * @return the newly allocated buffer state object.
|  */
| YY_BUFFER_STATE yy_scan_buffer  (char * base, yy_size_t  size )
| {
| 	YY_BUFFER_STATE b;
|     
| 	if ( size < 2 ||
| 	     base[size-2] != YY_END_OF_BUFFER_CHAR ||
| 	     base[size-1] != YY_END_OF_BUFFER_CHAR )
| 		/* They forgot to leave room for the EOB's. */
| 		return NULL;
| 
| 	b = (YY_BUFFER_STATE) yyalloc( sizeof( struct yy_buffer_state )  );
| 	if ( ! b )
| 		YY_FATAL_ERROR( "out of dynamic memory in yy_scan_buffer()" );
| 
| 	b->yy_buf_size = (int) (size - 2);	/* "- 2" to take care of EOB's */
| 	b->yy_buf_pos = b->yy_ch_buf = base;
| 	b->yy_is_our_buffer = 0;
| 	b->yy_input_file = NULL;
| 	b->yy_n_chars = b->yy_buf_size;
| 	b->yy_is_interactive = 0;
| 	b->yy_at_bol = 1;
| 	b->yy_fill_buffer = 0;
| 	b->yy_buffer_status = YY_BUFFER_NEW;
| 
| 	yy_switch_to_buffer( b  );
| 
| 	return b;
| }
| 
| /** Setup the input buffer state to scan a string. The next call to yylex() will
|  * scan from a @e copy of @a str.
|  * @param yystr a NUL-terminated string to scan
|  * 
|  * @return the newly allocated buffer state object.
|  * @note If you want to scan bytes that may contain NUL values, then use
|  *       yy_scan_bytes() instead.
|  */
| YY_BUFFER_STATE yy_scan_string (const char * yystr )
| {
|     
| 	return yy_scan_bytes( yystr, (int) strlen(yystr) );
| }
| 
| /** Setup the input buffer state to scan the given bytes. The next call to yylex() will
|  * scan from a @e copy of @a bytes.
|  * @param yybytes the byte buffer to scan
|  * @param _yybytes_len the number of bytes in the buffer pointed to by @a bytes.
|  * 
|  * @return the newly allocated buffer state object.
|  */
| YY_BUFFER_STATE yy_scan_bytes  (const char * yybytes, int  _yybytes_len )
| {
| 	YY_BUFFER_STATE b;
| 	char *buf;
| 	yy_size_t n;
| 	int i;
|     
| 	/* Get memory for full buffer, including space for trailing EOB's. */
| 	n = (yy_size_t) (_yybytes_len + 2);
| 	buf = (char *) yyalloc( n  );
| 	if ( ! buf )
| 		YY_FATAL_ERROR( "out of dynamic memory in yy_scan_bytes()" );
| 
| 	for ( i = 0; i < _yybytes_len; ++i )
| 		buf[i] = yybytes[i];
| 
| 	buf[_yybytes_len] = buf[_yybytes_len+1] = YY_END_OF_BUFFER_CHAR;
| 
| 	b = yy_scan_buffer( buf, n );
| 	if ( ! b )
| 		YY_FATAL_ERROR( "bad buffer in yy_scan_bytes()" );
| 
| 	/* It's okay to grow etc. this buffer, and we should throw it
| 	 * away when we're done.
| 	 */
| 	b->yy_is_our_buffer = 1;
| 
| 	return b;
| }
| 
| #ifndef YY_EXIT_FAILURE
| #define YY_EXIT_FAILURE 2
| #endif
| 
| static void yynoreturn yy_fatal_error (const char* msg )
| {
| 			fprintf( stderr, "%s\n", msg );
| 	exit( YY_EXIT_FAILURE );
| }
| 
| /* Redefine yyless() so it works in section 3 code. */
| 
| #undef yyless
| #define yyless(n) \
| 	do \
| 		{ \
| 		/* Undo effects of setting up yytext. */ \
|         int yyless_macro_arg = (n); \
|         YY_LESS_LINENO(yyless_macro_arg);\
| 		yytext[yyleng] = (yy_hold_char); \
| 		(yy_c_buf_p) = yytext + yyless_macro_arg; \
| 		(yy_hold_char) = *(yy_c_buf_p); \
| 		*(yy_c_buf_p) = '\0'; \
| 		yyleng = yyless_macro_arg; \
| 		} \
| 	while ( 0 )
| 
| /* Accessor  methods (get/set functions) to struct members. */
| 
| /** Get the current line number.
|  * 
|  */
| int yyget_lineno  (void)
| {
|     
|     return yylineno;
| }
| 
| /** Get the input stream.
|  * 
|  */
| FILE *yyget_in  (void)
| {
|         return yyin;
| }
| 
| /** Get the output stream.
|  * 
|  */
| FILE *yyget_out  (void)
| {
|         return yyout;
| }
| 
| /** Get the length of the current token.
|  * 
|  */
| int yyget_leng  (void)
| {
|         return yyleng;
| }
| 
| /** Get the current token.
|  * 
|  */
| 
| char *yyget_text  (void)
| {
|         return yytext;
| }
| 
| /** Set the current line number.
|  * @param _line_number line number
|  * 
|  */
| void yyset_lineno (int  _line_number )
| {
|     
|     yylineno = _line_number;
| }
| 
| /** Set the input stream. This does not discard the current
|  * input buffer.
|  * @param _in_str A readable stream.
|  * 
|  * @see yy_switch_to_buffer
|  */
| void yyset_in (FILE *  _in_str )
| {
|         yyin = _in_str ;
| }
| 
| void yyset_out (FILE *  _out_str )
| {
|         yyout = _out_str ;
| }
| 
| int yyget_debug  (void)
| {
|         return yy_flex_debug;
| }
| 
| void yyset_debug (int  _bdebug )
| {
|         yy_flex_debug = _bdebug ;
| }
| 
| static int yy_init_globals (void)
| {
|         /* Initialization is the same as for the non-reentrant scanner.
|      * This function is called from yylex_destroy(), so don't allocate here.
|      */
| 
|     (yy_buffer_stack) = NULL;
|     (yy_buffer_stack_top) = 0;
|     (yy_buffer_stack_max) = 0;
|     (yy_c_buf_p) = NULL;
|     (yy_init) = 0;
|     (yy_start) = 0;
| 
|     (yy_state_buf) = 0;
|     (yy_state_ptr) = 0;
|     (yy_full_match) = 0;
|     (yy_lp) = 0;
| 
| /* Defined in main.c */
| #ifdef YY_STDINIT
|     yyin = stdin;
|     yyout = stdout;
| #else
|     yyin = NULL;
|     yyout = NULL;
| #endif
| 
|     /* For future reference: Set errno on error, since we are called by
|      * yylex_init()
|      */
|     return 0;
| }
| 
| /* yylex_destroy is for both reentrant and non-reentrant scanners. */
| int yylex_destroy  (void)
| {
|     
|     /* Pop the buffer stack, destroying each element. */
| 	while(YY_CURRENT_BUFFER){
| 		yy_delete_buffer( YY_CURRENT_BUFFER  );
| 		YY_CURRENT_BUFFER_LVALUE = NULL;
| 		yypop_buffer_state();
| 	}
| 
| 	/* Destroy the stack itself. */
| 	yyfree((yy_buffer_stack) );
| 	(yy_buffer_stack) = NULL;
| 
|     yyfree ( (yy_state_buf) );
|     (yy_state_buf)  = NULL;
| 
|     /* Reset the globals. This is important in a non-reentrant scanner so the next time
|      * yylex() is called, initialization will occur. */
|     yy_init_globals( );
| 
|     return 0;
| }
| 
| /*
|  * Internal utility routines.
|  */
| 
| #ifndef yytext_ptr
| static void yy_flex_strncpy (char* s1, const char * s2, int n )
| {
| 		
| 	int i;
| 	for ( i = 0; i < n; ++i )
| 		s1[i] = s2[i];
| }
| #endif
| 
| #ifdef YY_NEED_STRLEN
| static int yy_flex_strlen (const char * s )
| {
| 	int n;
| 	for ( n = 0; s[n]; ++n )
| 		;
| 
| 	return n;
| }
| #endif
| 
| void *yyalloc (yy_size_t  size )
| {
| 			return malloc(size);
| }
| 
| void *yyrealloc  (void * ptr, yy_size_t  size )
| {
| 		
| 	/* The cast to (char *) in the following accommodates both
| 	 * implementations that use char* generic pointers, and those
| 	 * that use void* generic pointers.  It works with the latter
| 	 * because both ANSI C and C++ allow castless assignment from
| 	 * any pointer type to void*, and deal with argument conversions
| 	 * as though doing an assignment.
| 	 */
| 	return realloc(ptr, size);
| }
| 
| void yyfree (void * ptr )
| {
| 			free( (char *) ptr );	/* see yyrealloc() for (char *) cast */
| }
| 
| #define YYTABLES_NAME "yytables"
| 
| #line 10 "conftest.l"
| 
| #ifdef YYTEXT_POINTER
| extern char *yytext;
| #endif
| int
| main (void)
| {
|   return ! yylex () + ! yywrap ();
| }
configure:4269: /opt/lede-toolchain-ramips-mt7621_gcc-5.4.0_musl-1.1.24.Linux-x86_64/toolchain-mipsel_24kc_gcc-5.4.0_musl-1.1.24/bin/mipsel-openwrt-linux-musl-gcc -o conftest -Wall -Os -ffunction-sections -fdata-sections -fPIC -DLINUX26 -DCONFIG_RALINK -DMUSL_LIBC -DDEBUG_NOISY -DDEBUG_RCTEST -D_GNU_SOURCE -D__UAPI_DEF_ETHHDR -DRALINK_DBDC_MODE -pipe -funit-at-a-time -Wno-pointer-sign -mtune=mips32 -mips32 -DLINUX_KERNEL_VERSION=263366 --sysroot=/opt/lede-toolchain-ramips-mt7621_gcc-5.4.0_musl-1.1.24.Linux-x86_64/toolchain-mipsel_24kc_gcc-5.4.0_musl-1.1.24   -Wl,--gc-sections  conftest.c -lfl  >&5
/opt/lede-toolchain-ramips-mt7621_gcc-5.4.0_musl-1.1.24.Linux-x86_64/toolchain-mipsel_24kc_gcc-5.4.0_musl-1.1.24/bin/../lib/gcc/mipsel-openwrt-linux-musl/5.4.0/../../../../mipsel-openwrt-linux-musl/bin/ld: cannot find -lfl
collect2: error: ld returned 1 exit status
configure:4269: $? = 1
configure: failed program was:
| /* confdefs.h */
| #define PACKAGE_NAME "libConfuse"
| #define PACKAGE_TARNAME "confuse"
| #define PACKAGE_VERSION "3.2.2"
| #define PACKAGE_STRING "libConfuse 3.2.2"
| #define PACKAGE_BUGREPORT "https://github.com/martinh/libconfuse/issues"
| #define PACKAGE_URL ""
| #define PACKAGE "confuse"
| #define VERSION "3.2.2"
| /* end confdefs.h.  */
| 
| #line 3 "lex.yy.c"
| 
| #define  YY_INT_ALIGNED short int
| 
| /* A lexical scanner generated by flex */
| 
| #define FLEX_SCANNER
| #define YY_FLEX_MAJOR_VERSION 2
| #define YY_FLEX_MINOR_VERSION 6
| #define YY_FLEX_SUBMINOR_VERSION 4
| #if YY_FLEX_SUBMINOR_VERSION > 0
| #define FLEX_BETA
| #endif
| 
| /* First, we deal with  platform-specific or compiler-specific issues. */
| 
| /* begin standard C headers. */
| #include <stdio.h>
| #include <string.h>
| #include <errno.h>
| #include <stdlib.h>
| 
| /* end standard C headers. */
| 
| /* flex integer type definitions */
| 
| #ifndef FLEXINT_H
| #define FLEXINT_H
| 
| /* C99 systems have <inttypes.h>. Non-C99 systems may or may not. */
| 
| #if defined (__STDC_VERSION__) && __STDC_VERSION__ >= 199901L
| 
| /* C99 says to define __STDC_LIMIT_MACROS before including stdint.h,
|  * if you want the limit (max/min) macros for int types. 
|  */
| #ifndef __STDC_LIMIT_MACROS
| #define __STDC_LIMIT_MACROS 1
| #endif
| 
| #include <inttypes.h>
| typedef int8_t flex_int8_t;
| typedef uint8_t flex_uint8_t;
| typedef int16_t flex_int16_t;
| typedef uint16_t flex_uint16_t;
| typedef int32_t flex_int32_t;
| typedef uint32_t flex_uint32_t;
| #else
| typedef signed char flex_int8_t;
| typedef short int flex_int16_t;
| typedef int flex_int32_t;
| typedef unsigned char flex_uint8_t; 
| typedef unsigned short int flex_uint16_t;
| typedef unsigned int flex_uint32_t;
| 
| /* Limits of integral types. */
| #ifndef INT8_MIN
| #define INT8_MIN               (-128)
| #endif
| #ifndef INT16_MIN
| #define INT16_MIN              (-32767-1)
| #endif
| #ifndef INT32_MIN
| #define INT32_MIN              (-2147483647-1)
| #endif
| #ifndef INT8_MAX
| #define INT8_MAX               (127)
| #endif
| #ifndef INT16_MAX
| #define INT16_MAX              (32767)
| #endif
| #ifndef INT32_MAX
| #define INT32_MAX              (2147483647)
| #endif
| #ifndef UINT8_MAX
| #define UINT8_MAX              (255U)
| #endif
| #ifndef UINT16_MAX
| #define UINT16_MAX             (65535U)
| #endif
| #ifndef UINT32_MAX
| #define UINT32_MAX             (4294967295U)
| #endif
| 
| #ifndef SIZE_MAX
| #define SIZE_MAX               (~(size_t)0)
| #endif
| 
| #endif /* ! C99 */
| 
| #endif /* ! FLEXINT_H */
| 
| /* begin standard C++ headers. */
| 
| /* TODO: this is always defined, so inline it */
| #define yyconst const
| 
| #if defined(__GNUC__) && __GNUC__ >= 3
| #define yynoreturn __attribute__((__noreturn__))
| #else
| #define yynoreturn
| #endif
| 
| /* Returned upon end-of-file. */
| #define YY_NULL 0
| 
| /* Promotes a possibly negative, possibly signed char to an
|  *   integer in range [0..255] for use as an array index.
|  */
| #define YY_SC_TO_UI(c) ((YY_CHAR) (c))
| 
| /* Enter a start condition.  This macro really ought to take a parameter,
|  * but we do it the disgusting crufty way forced on us by the ()-less
|  * definition of BEGIN.
|  */
| #define BEGIN (yy_start) = 1 + 2 *
| /* Translate the current start state into a value that can be later handed
|  * to BEGIN to return to the state.  The YYSTATE alias is for lex
|  * compatibility.
|  */
| #define YY_START (((yy_start) - 1) / 2)
| #define YYSTATE YY_START
| /* Action number for EOF rule of a given start state. */
| #define YY_STATE_EOF(state) (YY_END_OF_BUFFER + state + 1)
| /* Special action meaning "start processing a new file". */
| #define YY_NEW_FILE yyrestart( yyin  )
| #define YY_END_OF_BUFFER_CHAR 0
| 
| /* Size of default input buffer. */
| #ifndef YY_BUF_SIZE
| #ifdef __ia64__
| /* On IA-64, the buffer size is 16k, not 8k.
|  * Moreover, YY_BUF_SIZE is 2*YY_READ_BUF_SIZE in the general case.
|  * Ditto for the __ia64__ case accordingly.
|  */
| #define YY_BUF_SIZE 32768
| #else
| #define YY_BUF_SIZE 16384
| #endif /* __ia64__ */
| #endif
| 
| /* The state buf must be large enough to hold one state per character in the main buffer.
|  */
| #define YY_STATE_BUF_SIZE   ((YY_BUF_SIZE + 2) * sizeof(yy_state_type))
| 
| #ifndef YY_TYPEDEF_YY_BUFFER_STATE
| #define YY_TYPEDEF_YY_BUFFER_STATE
| typedef struct yy_buffer_state *YY_BUFFER_STATE;
| #endif
| 
| #ifndef YY_TYPEDEF_YY_SIZE_T
| #define YY_TYPEDEF_YY_SIZE_T
| typedef size_t yy_size_t;
| #endif
| 
| extern int yyleng;
| 
| extern FILE *yyin, *yyout;
| 
| #define EOB_ACT_CONTINUE_SCAN 0
| #define EOB_ACT_END_OF_FILE 1
| #define EOB_ACT_LAST_MATCH 2
|     
|     #define YY_LESS_LINENO(n)
|     #define YY_LINENO_REWIND_TO(ptr)
|     
| /* Return all but the first "n" matched characters back to the input stream. */
| #define yyless(n) \
| 	do \
| 		{ \
| 		/* Undo effects of setting up yytext. */ \
|         int yyless_macro_arg = (n); \
|         YY_LESS_LINENO(yyless_macro_arg);\
| 		*yy_cp = (yy_hold_char); \
| 		YY_RESTORE_YY_MORE_OFFSET \
| 		(yy_c_buf_p) = yy_cp = yy_bp + yyless_macro_arg - YY_MORE_ADJ; \
| 		YY_DO_BEFORE_ACTION; /* set up yytext again */ \
| 		} \
| 	while ( 0 )
| #define unput(c) yyunput( c, (yytext_ptr)  )
| 
| #ifndef YY_STRUCT_YY_BUFFER_STATE
| #define YY_STRUCT_YY_BUFFER_STATE
| struct yy_buffer_state
| 	{
| 	FILE *yy_input_file;
| 
| 	char *yy_ch_buf;		/* input buffer */
| 	char *yy_buf_pos;		/* current position in input buffer */
| 
| 	/* Size of input buffer in bytes, not including room for EOB
| 	 * characters.
| 	 */
| 	int yy_buf_size;
| 
| 	/* Number of characters read into yy_ch_buf, not including EOB
| 	 * characters.
| 	 */
| 	int yy_n_chars;
| 
| 	/* Whether we "own" the buffer - i.e., we know we created it,
| 	 * and can realloc() it to grow it, and should free() it to
| 	 * delete it.
| 	 */
| 	int yy_is_our_buffer;
| 
| 	/* Whether this is an "interactive" input source; if so, and
| 	 * if we're using stdio for input, then we want to use getc()
| 	 * instead of fread(), to make sure we stop fetching input after
| 	 * each newline.
| 	 */
| 	int yy_is_interactive;
| 
| 	/* Whether we're considered to be at the beginning of a line.
| 	 * If so, '^' rules will be active on the next match, otherwise
| 	 * not.
| 	 */
| 	int yy_at_bol;
| 
|     int yy_bs_lineno; /**< The line count. */
|     int yy_bs_column; /**< The column count. */
| 
| 	/* Whether to try to fill the input buffer when we reach the
| 	 * end of it.
| 	 */
| 	int yy_fill_buffer;
| 
| 	int yy_buffer_status;
| 
| #define YY_BUFFER_NEW 0
| #define YY_BUFFER_NORMAL 1
| 	/* When an EOF's been seen but there's still some text to process
| 	 * then we mark the buffer as YY_EOF_PENDING, to indicate that we
| 	 * shouldn't try reading from the input source any more.  We might
| 	 * still have a bunch of tokens to match, though, because of
| 	 * possible backing-up.
| 	 *
| 	 * When we actually see the EOF, we change the status to "new"
| 	 * (via yyrestart()), so that the user can continue scanning by
| 	 * just pointing yyin at a new input file.
| 	 */
| #define YY_BUFFER_EOF_PENDING 2
| 
| 	};
| #endif /* !YY_STRUCT_YY_BUFFER_STATE */
| 
| /* Stack of input buffers. */
| static size_t yy_buffer_stack_top = 0; /**< index of top of stack. */
| static size_t yy_buffer_stack_max = 0; /**< capacity of stack. */
| static YY_BUFFER_STATE * yy_buffer_stack = NULL; /**< Stack as an array. */
| 
| /* We provide macros for accessing buffer states in case in the
|  * future we want to put the buffer states in a more general
|  * "scanner state".
|  *
|  * Returns the top of the stack, or NULL.
|  */
| #define YY_CURRENT_BUFFER ( (yy_buffer_stack) \
|                           ? (yy_buffer_stack)[(yy_buffer_stack_top)] \
|                           : NULL)
| /* Same as previous macro, but useful when we know that the buffer stack is not
|  * NULL or when we need an lvalue. For internal use only.
|  */
| #define YY_CURRENT_BUFFER_LVALUE (yy_buffer_stack)[(yy_buffer_stack_top)]
| 
| /* yy_hold_char holds the character lost when yytext is formed. */
| static char yy_hold_char;
| static int yy_n_chars;		/* number of characters read into yy_ch_buf */
| int yyleng;
| 
| /* Points to current character in buffer. */
| static char *yy_c_buf_p = NULL;
| static int yy_init = 0;		/* whether we need to initialize */
| static int yy_start = 0;	/* start state number */
| 
| /* Flag which is used to allow yywrap()'s to do buffer switches
|  * instead of setting up a fresh yyin.  A bit of a hack ...
|  */
| static int yy_did_buffer_switch_on_eof;
| 
| void yyrestart ( FILE *input_file  );
| void yy_switch_to_buffer ( YY_BUFFER_STATE new_buffer  );
| YY_BUFFER_STATE yy_create_buffer ( FILE *file, int size  );
| void yy_delete_buffer ( YY_BUFFER_STATE b  );
| void yy_flush_buffer ( YY_BUFFER_STATE b  );
| void yypush_buffer_state ( YY_BUFFER_STATE new_buffer  );
| void yypop_buffer_state ( void );
| 
| static void yyensure_buffer_stack ( void );
| static void yy_load_buffer_state ( void );
| static void yy_init_buffer ( YY_BUFFER_STATE b, FILE *file  );
| #define YY_FLUSH_BUFFER yy_flush_buffer( YY_CURRENT_BUFFER )
| 
| YY_BUFFER_STATE yy_scan_buffer ( char *base, yy_size_t size  );
| YY_BUFFER_STATE yy_scan_string ( const char *yy_str  );
| YY_BUFFER_STATE yy_scan_bytes ( const char *bytes, int len  );
| 
| void *yyalloc ( yy_size_t  );
| void *yyrealloc ( void *, yy_size_t  );
| void yyfree ( void *  );
| 
| #define yy_new_buffer yy_create_buffer
| #define yy_set_interactive(is_interactive) \
| 	{ \
| 	if ( ! YY_CURRENT_BUFFER ){ \
|         yyensure_buffer_stack (); \
| 		YY_CURRENT_BUFFER_LVALUE =    \
|             yy_create_buffer( yyin, YY_BUF_SIZE ); \
| 	} \
| 	YY_CURRENT_BUFFER_LVALUE->yy_is_interactive = is_interactive; \
| 	}
| #define yy_set_bol(at_bol) \
| 	{ \
| 	if ( ! YY_CURRENT_BUFFER ){\
|         yyensure_buffer_stack (); \
| 		YY_CURRENT_BUFFER_LVALUE =    \
|             yy_create_buffer( yyin, YY_BUF_SIZE ); \
| 	} \
| 	YY_CURRENT_BUFFER_LVALUE->yy_at_bol = at_bol; \
| 	}
| #define YY_AT_BOL() (YY_CURRENT_BUFFER_LVALUE->yy_at_bol)
| 
| /* Begin user sect3 */
| typedef flex_uint8_t YY_CHAR;
| 
| FILE *yyin = NULL, *yyout = NULL;
| 
| typedef int yy_state_type;
| 
| extern int yylineno;
| int yylineno = 1;
| 
| extern char *yytext;
| #ifdef yytext_ptr
| #undef yytext_ptr
| #endif
| #define yytext_ptr yytext
| 
| static yy_state_type yy_get_previous_state ( void );
| static yy_state_type yy_try_NUL_trans ( yy_state_type current_state  );
| static int yy_get_next_buffer ( void );
| static void yynoreturn yy_fatal_error ( const char* msg  );
| 
| /* Done after the current pattern has been matched and before the
|  * corresponding action - sets up yytext.
|  */
| #define YY_DO_BEFORE_ACTION \
| 	(yytext_ptr) = yy_bp; \
| 	(yytext_ptr) -= (yy_more_len); \
| 	yyleng = (int) (yy_cp - (yytext_ptr)); \
| 	(yy_hold_char) = *yy_cp; \
| 	*yy_cp = '\0'; \
| 	(yy_c_buf_p) = yy_cp;
| #define YY_NUM_RULES 8
| #define YY_END_OF_BUFFER 9
| /* This struct is not used in this scanner,
|    but its presence is necessary. */
| struct yy_trans_info
| 	{
| 	flex_int32_t yy_verify;
| 	flex_int32_t yy_nxt;
| 	};
| static const flex_int16_t yy_acclist[23] =
|     {   0,
|         9,    7,    8,    8,    1,    7,    8,    2,    7,    8,
|         3,    7,    8,    4,    7,    8,    5,    7,    8,    6,
|         7,    8
|     } ;
| 
| static const flex_int16_t yy_accept[14] =
|     {   0,
|         1,    1,    1,    2,    4,    5,    8,   11,   14,   17,
|        20,   23,   23
|     } ;
| 
| static const YY_CHAR yy_ec[256] =
|     {   0,
|         1,    1,    1,    1,    1,    1,    1,    1,    1,    2,
|         1,    1,    1,    1,    1,    1,    1,    1,    1,    1,
|         1,    1,    1,    1,    1,    1,    1,    1,    1,    1,
|         1,    1,    1,    1,    1,    1,    1,    1,    1,    1,
|         1,    1,    1,    1,    1,    1,    1,    1,    1,    1,
|         1,    1,    1,    1,    1,    1,    1,    1,    1,    1,
|         1,    1,    1,    1,    1,    1,    1,    1,    1,    1,
|         1,    1,    1,    1,    1,    1,    1,    1,    1,    1,
|         1,    1,    1,    1,    1,    1,    1,    1,    1,    1,
|         1,    1,    1,    1,    1,    1,    3,    4,    5,    6,
| 
|         7,    8,    1,    1,    1,    1,    1,    1,    1,    1,
|         1,    1,    1,    1,    1,    1,    1,    1,    1,    1,
|         1,    1,    1,    1,    1,    1,    1,    1,    1,    1,
|         1,    1,    1,    1,    1,    1,    1,    1,    1,    1,
|         1,    1,    1,    1,    1,    1,    1,    1,    1,    1,
|         1,    1,    1,    1,    1,    1,    1,    1,    1,    1,
|         1,    1,    1,    1,    1,    1,    1,    1,    1,    1,
|         1,    1,    1,    1,    1,    1,    1,    1,    1,    1,
|         1,    1,    1,    1,    1,    1,    1,    1,    1,    1,
|         1,    1,    1,    1,    1,    1,    1,    1,    1,    1,
| 
|         1,    1,    1,    1,    1,    1,    1,    1,    1,    1,
|         1,    1,    1,    1,    1,    1,    1,    1,    1,    1,
|         1,    1,    1,    1,    1,    1,    1,    1,    1,    1,
|         1,    1,    1,    1,    1,    1,    1,    1,    1,    1,
|         1,    1,    1,    1,    1,    1,    1,    1,    1,    1,
|         1,    1,    1,    1,    1
|     } ;
| 
| static const YY_CHAR yy_meta[9] =
|     {   0,
|         1,    1,    1,    1,    1,    1,    1,    1
|     } ;
| 
| static const flex_int16_t yy_base[13] =
|     {   0,
|         0,    0,    9,   10,   10,   10,   10,   10,   10,   10,
|        10,   10
|     } ;
| 
| static const flex_int16_t yy_def[13] =
|     {   0,
|        12,    1,   12,   12,   12,   12,   12,   12,   12,   12,
|        12,    0
|     } ;
| 
| static const flex_int16_t yy_nxt[19] =
|     {   0,
|         4,    5,    6,    7,    8,    9,   10,   11,   12,    3,
|        12,   12,   12,   12,   12,   12,   12,   12
|     } ;
| 
| static const flex_int16_t yy_chk[19] =
|     {   0,
|         1,    1,    1,    1,    1,    1,    1,    1,    3,   12,
|        12,   12,   12,   12,   12,   12,   12,   12
|     } ;
| 
| extern int yy_flex_debug;
| int yy_flex_debug = 0;
| 
| static yy_state_type *yy_state_buf=0, *yy_state_ptr=0;
| static char *yy_full_match;
| static int yy_lp;
| #define REJECT \
| { \
| *yy_cp = (yy_hold_char); /* undo effects of setting up yytext */ \
| yy_cp = (yy_full_match); /* restore poss. backed-over text */ \
| ++(yy_lp); \
| goto find_rule; \
| }
| 
| static int yy_more_flag = 0;
| static int yy_more_len = 0;
| #define yymore() ((yy_more_flag) = 1)
| #define YY_MORE_ADJ (yy_more_len)
| #define YY_RESTORE_YY_MORE_OFFSET
| char *yytext;
| #line 1 "conftest.l"
| #line 460 "lex.yy.c"
| 
| #define INITIAL 0
| 
| #ifndef YY_NO_UNISTD_H
| /* Special case for "unistd.h", since it is non-ANSI. We include it way
|  * down here because we want the user's section 1 to have been scanned first.
|  * The user has a chance to override it with an option.
|  */
| #include <unistd.h>
| #endif
| 
| #ifndef YY_EXTRA_TYPE
| #define YY_EXTRA_TYPE void *
| #endif
| 
| static int yy_init_globals ( void );
| 
| /* Accessor methods to globals.
|    These are made visible to non-reentrant scanners for convenience. */
| 
| int yylex_destroy ( void );
| 
| int yyget_debug ( void );
| 
| void yyset_debug ( int debug_flag  );
| 
| YY_EXTRA_TYPE yyget_extra ( void );
| 
| void yyset_extra ( YY_EXTRA_TYPE user_defined  );
| 
| FILE *yyget_in ( void );
| 
| void yyset_in  ( FILE * _in_str  );
| 
| FILE *yyget_out ( void );
| 
| void yyset_out  ( FILE * _out_str  );
| 
| 			int yyget_leng ( void );
| 
| char *yyget_text ( void );
| 
| int yyget_lineno ( void );
| 
| void yyset_lineno ( int _line_number  );
| 
| /* Macros after this point can all be overridden by user definitions in
|  * section 1.
|  */
| 
| #ifndef YY_SKIP_YYWRAP
| #ifdef __cplusplus
| extern "C" int yywrap ( void );
| #else
| extern int yywrap ( void );
| #endif
| #endif
| 
| #ifndef YY_NO_UNPUT
|     
|     static void yyunput ( int c, char *buf_ptr  );
|     
| #endif
| 
| #ifndef yytext_ptr
| static void yy_flex_strncpy ( char *, const char *, int );
| #endif
| 
| #ifdef YY_NEED_STRLEN
| static int yy_flex_strlen ( const char * );
| #endif
| 
| #ifndef YY_NO_INPUT
| #ifdef __cplusplus
| static int yyinput ( void );
| #else
| static int input ( void );
| #endif
| 
| #endif
| 
| /* Amount of stuff to slurp up with each read. */
| #ifndef YY_READ_BUF_SIZE
| #ifdef __ia64__
| /* On IA-64, the buffer size is 16k, not 8k */
| #define YY_READ_BUF_SIZE 16384
| #else
| #define YY_READ_BUF_SIZE 8192
| #endif /* __ia64__ */
| #endif
| 
| /* Copy whatever the last rule matched to the standard output. */
| #ifndef ECHO
| /* This used to be an fputs(), but since the string might contain NUL's,
|  * we now use fwrite().
|  */
| #define ECHO do { if (fwrite( yytext, (size_t) yyleng, 1, yyout )) {} } while (0)
| #endif
| 
| /* Gets input and stuffs it into "buf".  number of characters read, or YY_NULL,
|  * is returned in "result".
|  */
| #ifndef YY_INPUT
| #define YY_INPUT(buf,result,max_size) \
| 	if ( YY_CURRENT_BUFFER_LVALUE->yy_is_interactive ) \
| 		{ \
| 		int c = '*'; \
| 		int n; \
| 		for ( n = 0; n < max_size && \
| 			     (c = getc( yyin )) != EOF && c != '\n'; ++n ) \
| 			buf[n] = (char) c; \
| 		if ( c == '\n' ) \
| 			buf[n++] = (char) c; \
| 		if ( c == EOF && ferror( yyin ) ) \
| 			YY_FATAL_ERROR( "input in flex scanner failed" ); \
| 		result = n; \
| 		} \
| 	else \
| 		{ \
| 		errno=0; \
| 		while ( (result = (int) fread(buf, 1, (yy_size_t) max_size, yyin)) == 0 && ferror(yyin)) \
| 			{ \
| 			if( errno != EINTR) \
| 				{ \
| 				YY_FATAL_ERROR( "input in flex scanner failed" ); \
| 				break; \
| 				} \
| 			errno=0; \
| 			clearerr(yyin); \
| 			} \
| 		}\
| \
| 
| #endif
| 
| /* No semi-colon after return; correct usage is to write "yyterminate();" -
|  * we don't want an extra ';' after the "return" because that will cause
|  * some compilers to complain about unreachable statements.
|  */
| #ifndef yyterminate
| #define yyterminate() return YY_NULL
| #endif
| 
| /* Number of entries by which start-condition stack grows. */
| #ifndef YY_START_STACK_INCR
| #define YY_START_STACK_INCR 25
| #endif
| 
| /* Report a fatal error. */
| #ifndef YY_FATAL_ERROR
| #define YY_FATAL_ERROR(msg) yy_fatal_error( msg )
| #endif
| 
| /* end tables serialization structures and prototypes */
| 
| /* Default declaration of generated scanner - a define so the user can
|  * easily add parameters.
|  */
| #ifndef YY_DECL
| #define YY_DECL_IS_OURS 1
| 
| extern int yylex (void);
| 
| #define YY_DECL int yylex (void)
| #endif /* !YY_DECL */
| 
| /* Code executed at the beginning of each rule, after yytext and yyleng
|  * have been set up.
|  */
| #ifndef YY_USER_ACTION
| #define YY_USER_ACTION
| #endif
| 
| /* Code executed at the end of each rule. */
| #ifndef YY_BREAK
| #define YY_BREAK /*LINTED*/break;
| #endif
| 
| #define YY_RULE_SETUP \
| 	YY_USER_ACTION
| 
| /** The main scanner function which does all the work.
|  */
| YY_DECL
| {
| 	yy_state_type yy_current_state;
| 	char *yy_cp, *yy_bp;
| 	int yy_act;
|     
| 	if ( !(yy_init) )
| 		{
| 		(yy_init) = 1;
| 
| #ifdef YY_USER_INIT
| 		YY_USER_INIT;
| #endif
| 
|         /* Create the reject buffer large enough to save one state per allowed character. */
|         if ( ! (yy_state_buf) )
|             (yy_state_buf) = (yy_state_type *)yyalloc(YY_STATE_BUF_SIZE  );
|             if ( ! (yy_state_buf) )
|                 YY_FATAL_ERROR( "out of dynamic memory in yylex()" );
| 
| 		if ( ! (yy_start) )
| 			(yy_start) = 1;	/* first start state */
| 
| 		if ( ! yyin )
| 			yyin = stdin;
| 
| 		if ( ! yyout )
| 			yyout = stdout;
| 
| 		if ( ! YY_CURRENT_BUFFER ) {
| 			yyensure_buffer_stack ();
| 			YY_CURRENT_BUFFER_LVALUE =
| 				yy_create_buffer( yyin, YY_BUF_SIZE );
| 		}
| 
| 		yy_load_buffer_state(  );
| 		}
| 
| 	{
| #line 1 "conftest.l"
| 
| #line 685 "lex.yy.c"
| 
| 	while ( /*CONSTCOND*/1 )		/* loops until end-of-file is reached */
| 		{
| 		(yy_more_len) = 0;
| 		if ( (yy_more_flag) )
| 			{
| 			(yy_more_len) = (int) ((yy_c_buf_p) - (yytext_ptr));
| 			(yy_more_flag) = 0;
| 			}
| 		yy_cp = (yy_c_buf_p);
| 
| 		/* Support of yytext. */
| 		*yy_cp = (yy_hold_char);
| 
| 		/* yy_bp points to the position in yy_ch_buf of the start of
| 		 * the current run.
| 		 */
| 		yy_bp = yy_cp;
| 
| 		yy_current_state = (yy_start);
| 
| 		(yy_state_ptr) = (yy_state_buf);
| 		*(yy_state_ptr)++ = yy_current_state;
| 
| yy_match:
| 		do
| 			{
| 			YY_CHAR yy_c = yy_ec[YY_SC_TO_UI(*yy_cp)] ;
| 			while ( yy_chk[yy_base[yy_current_state] + yy_c] != yy_current_state )
| 				{
| 				yy_current_state = (int) yy_def[yy_current_state];
| 				if ( yy_current_state >= 13 )
| 					yy_c = yy_meta[yy_c];
| 				}
| 			yy_current_state = yy_nxt[yy_base[yy_current_state] + yy_c];
| 			*(yy_state_ptr)++ = yy_current_state;
| 			++yy_cp;
| 			}
| 		while ( yy_base[yy_current_state] != 10 );
| 
| yy_find_action:
| 		yy_current_state = *--(yy_state_ptr);
| 		(yy_lp) = yy_accept[yy_current_state];
| 
| find_rule: /* we branch to this label when backing up */
| 
| 		for ( ; ; ) /* until we find what rule we matched */
| 			{
| 			if ( (yy_lp) && (yy_lp) < yy_accept[yy_current_state + 1] )
| 				{
| 				yy_act = yy_acclist[(yy_lp)];
| 					{
| 					(yy_full_match) = yy_cp;
| 					break;
| 					}
| 				}
| 			--yy_cp;
| 			yy_current_state = *--(yy_state_ptr);
| 			(yy_lp) = yy_accept[yy_current_state];
| 			}
| 
| 		YY_DO_BEFORE_ACTION;
| 
| do_action:	/* This label is used only to access EOF actions. */
| 
| 		switch ( yy_act )
| 	{ /* beginning of action switch */
| case 1:
| YY_RULE_SETUP
| #line 2 "conftest.l"
| { ECHO; }
| 	YY_BREAK
| case 2:
| YY_RULE_SETUP
| #line 3 "conftest.l"
| { REJECT; }
| 	YY_BREAK
| case 3:
| YY_RULE_SETUP
| #line 4 "conftest.l"
| { yymore (); }
| 	YY_BREAK
| case 4:
| YY_RULE_SETUP
| #line 5 "conftest.l"
| { yyless (1); }
| 	YY_BREAK
| case 5:
| YY_RULE_SETUP
| #line 6 "conftest.l"
| { /* IRIX 6.5 flex 2.5.4 underquotes its yyless argument.  */
|     yyless ((input () != 0)); }
| 	YY_BREAK
| case 6:
| YY_RULE_SETUP
| #line 8 "conftest.l"
| { unput (yytext[0]); }
| 	YY_BREAK
| case 7:
| YY_RULE_SETUP
| #line 9 "conftest.l"
| { BEGIN INITIAL; }
| 	YY_BREAK
| case 8:
| YY_RULE_SETUP
| #line 10 "conftest.l"
| ECHO;
| 	YY_BREAK
| #line 794 "lex.yy.c"
| 			case YY_STATE_EOF(INITIAL):
| 				yyterminate();
| 
| 	case YY_END_OF_BUFFER:
| 		{
| 		/* Amount of text matched not including the EOB char. */
| 		int yy_amount_of_matched_text = (int) (yy_cp - (yytext_ptr)) - 1;
| 
| 		/* Undo the effects of YY_DO_BEFORE_ACTION. */
| 		*yy_cp = (yy_hold_char);
| 		YY_RESTORE_YY_MORE_OFFSET
| 
| 		if ( YY_CURRENT_BUFFER_LVALUE->yy_buffer_status == YY_BUFFER_NEW )
| 			{
| 			/* We're scanning a new file or input source.  It's
| 			 * possible that this happened because the user
| 			 * just pointed yyin at a new source and called
| 			 * yylex().  If so, then we have to assure
| 			 * consistency between YY_CURRENT_BUFFER and our
| 			 * globals.  Here is the right place to do so, because
| 			 * this is the first action (other than possibly a
| 			 * back-up) that will match for the new input source.
| 			 */
| 			(yy_n_chars) = YY_CURRENT_BUFFER_LVALUE->yy_n_chars;
| 			YY_CURRENT_BUFFER_LVALUE->yy_input_file = yyin;
| 			YY_CURRENT_BUFFER_LVALUE->yy_buffer_status = YY_BUFFER_NORMAL;
| 			}
| 
| 		/* Note that here we test for yy_c_buf_p "<=" to the position
| 		 * of the first EOB in the buffer, since yy_c_buf_p will
| 		 * already have been incremented past the NUL character
| 		 * (since all states make transitions on EOB to the
| 		 * end-of-buffer state).  Contrast this with the test
| 		 * in input().
| 		 */
| 		if ( (yy_c_buf_p) <= &YY_CURRENT_BUFFER_LVALUE->yy_ch_buf[(yy_n_chars)] )
| 			{ /* This was really a NUL. */
| 			yy_state_type yy_next_state;
| 
| 			(yy_c_buf_p) = (yytext_ptr) + yy_amount_of_matched_text;
| 
| 			yy_current_state = yy_get_previous_state(  );
| 
| 			/* Okay, we're now positioned to make the NUL
| 			 * transition.  We couldn't have
| 			 * yy_get_previous_state() go ahead and do it
| 			 * for us because it doesn't know how to deal
| 			 * with the possibility of jamming (and we don't
| 			 * want to build jamming into it because then it
| 			 * will run more slowly).
| 			 */
| 
| 			yy_next_state = yy_try_NUL_trans( yy_current_state );
| 
| 			yy_bp = (yytext_ptr) + YY_MORE_ADJ;
| 
| 			if ( yy_next_state )
| 				{
| 				/* Consume the NUL. */
| 				yy_cp = ++(yy_c_buf_p);
| 				yy_current_state = yy_next_state;
| 				goto yy_match;
| 				}
| 
| 			else
| 				{
| 				yy_cp = (yy_c_buf_p);
| 				goto yy_find_action;
| 				}
| 			}
| 
| 		else switch ( yy_get_next_buffer(  ) )
| 			{
| 			case EOB_ACT_END_OF_FILE:
| 				{
| 				(yy_did_buffer_switch_on_eof) = 0;
| 
| 				if ( yywrap(  ) )
| 					{
| 					/* Note: because we've taken care in
| 					 * yy_get_next_buffer() to have set up
| 					 * yytext, we can now set up
| 					 * yy_c_buf_p so that if some total
| 					 * hoser (like flex itself) wants to
| 					 * call the scanner after we return the
| 					 * YY_NULL, it'll still work - another
| 					 * YY_NULL will get returned.
| 					 */
| 					(yy_c_buf_p) = (yytext_ptr) + YY_MORE_ADJ;
| 
| 					yy_act = YY_STATE_EOF(YY_START);
| 					goto do_action;
| 					}
| 
| 				else
| 					{
| 					if ( ! (yy_did_buffer_switch_on_eof) )
| 						YY_NEW_FILE;
| 					}
| 				break;
| 				}
| 
| 			case EOB_ACT_CONTINUE_SCAN:
| 				(yy_c_buf_p) =
| 					(yytext_ptr) + yy_amount_of_matched_text;
| 
| 				yy_current_state = yy_get_previous_state(  );
| 
| 				yy_cp = (yy_c_buf_p);
| 				yy_bp = (yytext_ptr) + YY_MORE_ADJ;
| 				goto yy_match;
| 
| 			case EOB_ACT_LAST_MATCH:
| 				(yy_c_buf_p) =
| 				&YY_CURRENT_BUFFER_LVALUE->yy_ch_buf[(yy_n_chars)];
| 
| 				yy_current_state = yy_get_previous_state(  );
| 
| 				yy_cp = (yy_c_buf_p);
| 				yy_bp = (yytext_ptr) + YY_MORE_ADJ;
| 				goto yy_find_action;
| 			}
| 		break;
| 		}
| 
| 	default:
| 		YY_FATAL_ERROR(
| 			"fatal flex scanner internal error--no action found" );
| 	} /* end of action switch */
| 		} /* end of scanning one token */
| 	} /* end of user's declarations */
| } /* end of yylex */
| 
| /* yy_get_next_buffer - try to read in a new buffer
|  *
|  * Returns a code representing an action:
|  *	EOB_ACT_LAST_MATCH -
|  *	EOB_ACT_CONTINUE_SCAN - continue scanning from current position
|  *	EOB_ACT_END_OF_FILE - end of file
|  */
| static int yy_get_next_buffer (void)
| {
|     	char *dest = YY_CURRENT_BUFFER_LVALUE->yy_ch_buf;
| 	char *source = (yytext_ptr);
| 	int number_to_move, i;
| 	int ret_val;
| 
| 	if ( (yy_c_buf_p) > &YY_CURRENT_BUFFER_LVALUE->yy_ch_buf[(yy_n_chars) + 1] )
| 		YY_FATAL_ERROR(
| 		"fatal flex scanner internal error--end of buffer missed" );
| 
| 	if ( YY_CURRENT_BUFFER_LVALUE->yy_fill_buffer == 0 )
| 		{ /* Don't try to fill the buffer, so this is an EOF. */
| 		if ( (yy_c_buf_p) - (yytext_ptr) - YY_MORE_ADJ == 1 )
| 			{
| 			/* We matched a single character, the EOB, so
| 			 * treat this as a final EOF.
| 			 */
| 			return EOB_ACT_END_OF_FILE;
| 			}
| 
| 		else
| 			{
| 			/* We matched some text prior to the EOB, first
| 			 * process it.
| 			 */
| 			return EOB_ACT_LAST_MATCH;
| 			}
| 		}
| 
| 	/* Try to read more data. */
| 
| 	/* First move last chars to start of buffer. */
| 	number_to_move = (int) ((yy_c_buf_p) - (yytext_ptr) - 1);
| 
| 	for ( i = 0; i < number_to_move; ++i )
| 		*(dest++) = *(source++);
| 
| 	if ( YY_CURRENT_BUFFER_LVALUE->yy_buffer_status == YY_BUFFER_EOF_PENDING )
| 		/* don't do the read, it's not guaranteed to return an EOF,
| 		 * just force an EOF
| 		 */
| 		YY_CURRENT_BUFFER_LVALUE->yy_n_chars = (yy_n_chars) = 0;
| 
| 	else
| 		{
| 			int num_to_read =
| 			YY_CURRENT_BUFFER_LVALUE->yy_buf_size - number_to_move - 1;
| 
| 		while ( num_to_read <= 0 )
| 			{ /* Not enough room in the buffer - grow it. */
| 
| 			YY_FATAL_ERROR(
| "input buffer overflow, can't enlarge buffer because scanner uses REJECT" );
| 
| 			}
| 
| 		if ( num_to_read > YY_READ_BUF_SIZE )
| 			num_to_read = YY_READ_BUF_SIZE;
| 
| 		/* Read in more data. */
| 		YY_INPUT( (&YY_CURRENT_BUFFER_LVALUE->yy_ch_buf[number_to_move]),
| 			(yy_n_chars), num_to_read );
| 
| 		YY_CURRENT_BUFFER_LVALUE->yy_n_chars = (yy_n_chars);
| 		}
| 
| 	if ( (yy_n_chars) == 0 )
| 		{
| 		if ( number_to_move == YY_MORE_ADJ )
| 			{
| 			ret_val = EOB_ACT_END_OF_FILE;
| 			yyrestart( yyin  );
| 			}
| 
| 		else
| 			{
| 			ret_val = EOB_ACT_LAST_MATCH;
| 			YY_CURRENT_BUFFER_LVALUE->yy_buffer_status =
| 				YY_BUFFER_EOF_PENDING;
| 			}
| 		}
| 
| 	else
| 		ret_val = EOB_ACT_CONTINUE_SCAN;
| 
| 	if (((yy_n_chars) + number_to_move) > YY_CURRENT_BUFFER_LVALUE->yy_buf_size) {
| 		/* Extend the array by 50%, plus the number we really need. */
| 		int new_size = (yy_n_chars) + number_to_move + ((yy_n_chars) >> 1);
| 		YY_CURRENT_BUFFER_LVALUE->yy_ch_buf = (char *) yyrealloc(
| 			(void *) YY_CURRENT_BUFFER_LVALUE->yy_ch_buf, (yy_size_t) new_size  );
| 		if ( ! YY_CURRENT_BUFFER_LVALUE->yy_ch_buf )
| 			YY_FATAL_ERROR( "out of dynamic memory in yy_get_next_buffer()" );
| 		/* "- 2" to take care of EOB's */
| 		YY_CURRENT_BUFFER_LVALUE->yy_buf_size = (int) (new_size - 2);
| 	}
| 
| 	(yy_n_chars) += number_to_move;
| 	YY_CURRENT_BUFFER_LVALUE->yy_ch_buf[(yy_n_chars)] = YY_END_OF_BUFFER_CHAR;
| 	YY_CURRENT_BUFFER_LVALUE->yy_ch_buf[(yy_n_chars) + 1] = YY_END_OF_BUFFER_CHAR;
| 
| 	(yytext_ptr) = &YY_CURRENT_BUFFER_LVALUE->yy_ch_buf[0];
| 
| 	return ret_val;
| }
| 
| /* yy_get_previous_state - get the state just before the EOB char was reached */
| 
|     static yy_state_type yy_get_previous_state (void)
| {
| 	yy_state_type yy_current_state;
| 	char *yy_cp;
|     
| 	yy_current_state = (yy_start);
| 
| 	(yy_state_ptr) = (yy_state_buf);
| 	*(yy_state_ptr)++ = yy_current_state;
| 
| 	for ( yy_cp = (yytext_ptr) + YY_MORE_ADJ; yy_cp < (yy_c_buf_p); ++yy_cp )
| 		{
| 		YY_CHAR yy_c = (*yy_cp ? yy_ec[YY_SC_TO_UI(*yy_cp)] : 1);
| 		while ( yy_chk[yy_base[yy_current_state] + yy_c] != yy_current_state )
| 			{
| 			yy_current_state = (int) yy_def[yy_current_state];
| 			if ( yy_current_state >= 13 )
| 				yy_c = yy_meta[yy_c];
| 			}
| 		yy_current_state = yy_nxt[yy_base[yy_current_state] + yy_c];
| 		*(yy_state_ptr)++ = yy_current_state;
| 		}
| 
| 	return yy_current_state;
| }
| 
| /* yy_try_NUL_trans - try to make a transition on the NUL character
|  *
|  * synopsis
|  *	next_state = yy_try_NUL_trans( current_state );
|  */
|     static yy_state_type yy_try_NUL_trans  (yy_state_type yy_current_state )
| {
| 	int yy_is_jam;
|     
| 	YY_CHAR yy_c = 1;
| 	while ( yy_chk[yy_base[yy_current_state] + yy_c] != yy_current_state )
| 		{
| 		yy_current_state = (int) yy_def[yy_current_state];
| 		if ( yy_current_state >= 13 )
| 			yy_c = yy_meta[yy_c];
| 		}
| 	yy_current_state = yy_nxt[yy_base[yy_current_state] + yy_c];
| 	yy_is_jam = (yy_current_state == 12);
| 	if ( ! yy_is_jam )
| 		*(yy_state_ptr)++ = yy_current_state;
| 
| 		return yy_is_jam ? 0 : yy_current_state;
| }
| 
| #ifndef YY_NO_UNPUT
| 
|     static void yyunput (int c, char * yy_bp )
| {
| 	char *yy_cp;
|     
|     yy_cp = (yy_c_buf_p);
| 
| 	/* undo effects of setting up yytext */
| 	*yy_cp = (yy_hold_char);
| 
| 	if ( yy_cp < YY_CURRENT_BUFFER_LVALUE->yy_ch_buf + 2 )
| 		{ /* need to shift things up to make room */
| 		/* +2 for EOB chars. */
| 		int number_to_move = (yy_n_chars) + 2;
| 		char *dest = &YY_CURRENT_BUFFER_LVALUE->yy_ch_buf[
| 					YY_CURRENT_BUFFER_LVALUE->yy_buf_size + 2];
| 		char *source =
| 				&YY_CURRENT_BUFFER_LVALUE->yy_ch_buf[number_to_move];
| 
| 		while ( source > YY_CURRENT_BUFFER_LVALUE->yy_ch_buf )
| 			*--dest = *--source;
| 
| 		yy_cp += (int) (dest - source);
| 		yy_bp += (int) (dest - source);
| 		YY_CURRENT_BUFFER_LVALUE->yy_n_chars =
| 			(yy_n_chars) = (int) YY_CURRENT_BUFFER_LVALUE->yy_buf_size;
| 
| 		if ( yy_cp < YY_CURRENT_BUFFER_LVALUE->yy_ch_buf + 2 )
| 			YY_FATAL_ERROR( "flex scanner push-back overflow" );
| 		}
| 
| 	*--yy_cp = (char) c;
| 
| 	(yytext_ptr) = yy_bp;
| 	(yy_hold_char) = *yy_cp;
| 	(yy_c_buf_p) = yy_cp;
| }
| 
| #endif
| 
| #ifndef YY_NO_INPUT
| #ifdef __cplusplus
|     static int yyinput (void)
| #else
|     static int input  (void)
| #endif
| 
| {
| 	int c;
|     
| 	*(yy_c_buf_p) = (yy_hold_char);
| 
| 	if ( *(yy_c_buf_p) == YY_END_OF_BUFFER_CHAR )
| 		{
| 		/* yy_c_buf_p now points to the character we want to return.
| 		 * If this occurs *before* the EOB characters, then it's a
| 		 * valid NUL; if not, then we've hit the end of the buffer.
| 		 */
| 		if ( (yy_c_buf_p) < &YY_CURRENT_BUFFER_LVALUE->yy_ch_buf[(yy_n_chars)] )
| 			/* This was really a NUL. */
| 			*(yy_c_buf_p) = '\0';
| 
| 		else
| 			{ /* need more input */
| 			int offset = (int) ((yy_c_buf_p) - (yytext_ptr));
| 			++(yy_c_buf_p);
| 
| 			switch ( yy_get_next_buffer(  ) )
| 				{
| 				case EOB_ACT_LAST_MATCH:
| 					/* This happens because yy_g_n_b()
| 					 * sees that we've accumulated a
| 					 * token and flags that we need to
| 					 * try matching the token before
| 					 * proceeding.  But for input(),
| 					 * there's no matching to consider.
| 					 * So convert the EOB_ACT_LAST_MATCH
| 					 * to EOB_ACT_END_OF_FILE.
| 					 */
| 
| 					/* Reset buffer status. */
| 					yyrestart( yyin );
| 
| 					/*FALLTHROUGH*/
| 
| 				case EOB_ACT_END_OF_FILE:
| 					{
| 					if ( yywrap(  ) )
| 						return 0;
| 
| 					if ( ! (yy_did_buffer_switch_on_eof) )
| 						YY_NEW_FILE;
| #ifdef __cplusplus
| 					return yyinput();
| #else
| 					return input();
| #endif
| 					}
| 
| 				case EOB_ACT_CONTINUE_SCAN:
| 					(yy_c_buf_p) = (yytext_ptr) + offset;
| 					break;
| 				}
| 			}
| 		}
| 
| 	c = *(unsigned char *) (yy_c_buf_p);	/* cast for 8-bit char's */
| 	*(yy_c_buf_p) = '\0';	/* preserve yytext */
| 	(yy_hold_char) = *++(yy_c_buf_p);
| 
| 	return c;
| }
| #endif	/* ifndef YY_NO_INPUT */
| 
| /** Immediately switch to a different input stream.
|  * @param input_file A readable stream.
|  * 
|  * @note This function does not reset the start condition to @c INITIAL .
|  */
|     void yyrestart  (FILE * input_file )
| {
|     
| 	if ( ! YY_CURRENT_BUFFER ){
|         yyensure_buffer_stack ();
| 		YY_CURRENT_BUFFER_LVALUE =
|             yy_create_buffer( yyin, YY_BUF_SIZE );
| 	}
| 
| 	yy_init_buffer( YY_CURRENT_BUFFER, input_file );
| 	yy_load_buffer_state(  );
| }
| 
| /** Switch to a different input buffer.
|  * @param new_buffer The new input buffer.
|  * 
|  */
|     void yy_switch_to_buffer  (YY_BUFFER_STATE  new_buffer )
| {
|     
| 	/* TODO. We should be able to replace this entire function body
| 	 * with
| 	 *		yypop_buffer_state();
| 	 *		yypush_buffer_state(new_buffer);
|      */
| 	yyensure_buffer_stack ();
| 	if ( YY_CURRENT_BUFFER == new_buffer )
| 		return;
| 
| 	if ( YY_CURRENT_BUFFER )
| 		{
| 		/* Flush out information for old buffer. */
| 		*(yy_c_buf_p) = (yy_hold_char);
| 		YY_CURRENT_BUFFER_LVALUE->yy_buf_pos = (yy_c_buf_p);
| 		YY_CURRENT_BUFFER_LVALUE->yy_n_chars = (yy_n_chars);
| 		}
| 
| 	YY_CURRENT_BUFFER_LVALUE = new_buffer;
| 	yy_load_buffer_state(  );
| 
| 	/* We don't actually know whether we did this switch during
| 	 * EOF (yywrap()) processing, but the only time this flag
| 	 * is looked at is after yywrap() is called, so it's safe
| 	 * to go ahead and always set it.
| 	 */
| 	(yy_did_buffer_switch_on_eof) = 1;
| }
| 
| static void yy_load_buffer_state  (void)
| {
|     	(yy_n_chars) = YY_CURRENT_BUFFER_LVALUE->yy_n_chars;
| 	(yytext_ptr) = (yy_c_buf_p) = YY_CURRENT_BUFFER_LVALUE->yy_buf_pos;
| 	yyin = YY_CURRENT_BUFFER_LVALUE->yy_input_file;
| 	(yy_hold_char) = *(yy_c_buf_p);
| }
| 
| /** Allocate and initialize an input buffer state.
|  * @param file A readable stream.
|  * @param size The character buffer size in bytes. When in doubt, use @c YY_BUF_SIZE.
|  * 
|  * @return the allocated buffer state.
|  */
|     YY_BUFFER_STATE yy_create_buffer  (FILE * file, int  size )
| {
| 	YY_BUFFER_STATE b;
|     
| 	b = (YY_BUFFER_STATE) yyalloc( sizeof( struct yy_buffer_state )  );
| 	if ( ! b )
| 		YY_FATAL_ERROR( "out of dynamic memory in yy_create_buffer()" );
| 
| 	b->yy_buf_size = size;
| 
| 	/* yy_ch_buf has to be 2 characters longer than the size given because
| 	 * we need to put in 2 end-of-buffer characters.
| 	 */
| 	b->yy_ch_buf = (char *) yyalloc( (yy_size_t) (b->yy_buf_size + 2)  );
| 	if ( ! b->yy_ch_buf )
| 		YY_FATAL_ERROR( "out of dynamic memory in yy_create_buffer()" );
| 
| 	b->yy_is_our_buffer = 1;
| 
| 	yy_init_buffer( b, file );
| 
| 	return b;
| }
| 
| /** Destroy the buffer.
|  * @param b a buffer created with yy_create_buffer()
|  * 
|  */
|     void yy_delete_buffer (YY_BUFFER_STATE  b )
| {
|     
| 	if ( ! b )
| 		return;
| 
| 	if ( b == YY_CURRENT_BUFFER ) /* Not sure if we should pop here. */
| 		YY_CURRENT_BUFFER_LVALUE = (YY_BUFFER_STATE) 0;
| 
| 	if ( b->yy_is_our_buffer )
| 		yyfree( (void *) b->yy_ch_buf  );
| 
| 	yyfree( (void *) b  );
| }
| 
| /* Initializes or reinitializes a buffer.
|  * This function is sometimes called more than once on the same buffer,
|  * such as during a yyrestart() or at EOF.
|  */
|     static void yy_init_buffer  (YY_BUFFER_STATE  b, FILE * file )
| 
| {
| 	int oerrno = errno;
|     
| 	yy_flush_buffer( b );
| 
| 	b->yy_input_file = file;
| 	b->yy_fill_buffer = 1;
| 
|     /* If b is the current buffer, then yy_init_buffer was _probably_
|      * called from yyrestart() or through yy_get_next_buffer.
|      * In that case, we don't want to reset the lineno or column.
|      */
|     if (b != YY_CURRENT_BUFFER){
|         b->yy_bs_lineno = 1;
|         b->yy_bs_column = 0;
|     }
| 
|         b->yy_is_interactive = file ? (isatty( fileno(file) ) > 0) : 0;
|     
| 	errno = oerrno;
| }
| 
| /** Discard all buffered characters. On the next scan, YY_INPUT will be called.
|  * @param b the buffer state to be flushed, usually @c YY_CURRENT_BUFFER.
|  * 
|  */
|     void yy_flush_buffer (YY_BUFFER_STATE  b )
| {
|     	if ( ! b )
| 		return;
| 
| 	b->yy_n_chars = 0;
| 
| 	/* We always need two end-of-buffer characters.  The first causes
| 	 * a transition to the end-of-buffer state.  The second causes
| 	 * a jam in that state.
| 	 */
| 	b->yy_ch_buf[0] = YY_END_OF_BUFFER_CHAR;
| 	b->yy_ch_buf[1] = YY_END_OF_BUFFER_CHAR;
| 
| 	b->yy_buf_pos = &b->yy_ch_buf[0];
| 
| 	b->yy_at_bol = 1;
| 	b->yy_buffer_status = YY_BUFFER_NEW;
| 
| 	if ( b == YY_CURRENT_BUFFER )
| 		yy_load_buffer_state(  );
| }
| 
| /** Pushes the new state onto the stack. The new state becomes
|  *  the current state. This function will allocate the stack
|  *  if necessary.
|  *  @param new_buffer The new state.
|  *  
|  */
| void yypush_buffer_state (YY_BUFFER_STATE new_buffer )
| {
|     	if (new_buffer == NULL)
| 		return;
| 
| 	yyensure_buffer_stack();
| 
| 	/* This block is copied from yy_switch_to_buffer. */
| 	if ( YY_CURRENT_BUFFER )
| 		{
| 		/* Flush out information for old buffer. */
| 		*(yy_c_buf_p) = (yy_hold_char);
| 		YY_CURRENT_BUFFER_LVALUE->yy_buf_pos = (yy_c_buf_p);
| 		YY_CURRENT_BUFFER_LVALUE->yy_n_chars = (yy_n_chars);
| 		}
| 
| 	/* Only push if top exists. Otherwise, replace top. */
| 	if (YY_CURRENT_BUFFER)
| 		(yy_buffer_stack_top)++;
| 	YY_CURRENT_BUFFER_LVALUE = new_buffer;
| 
| 	/* copied from yy_switch_to_buffer. */
| 	yy_load_buffer_state(  );
| 	(yy_did_buffer_switch_on_eof) = 1;
| }
| 
| /** Removes and deletes the top of the stack, if present.
|  *  The next element becomes the new top.
|  *  
|  */
| void yypop_buffer_state (void)
| {
|     	if (!YY_CURRENT_BUFFER)
| 		return;
| 
| 	yy_delete_buffer(YY_CURRENT_BUFFER );
| 	YY_CURRENT_BUFFER_LVALUE = NULL;
| 	if ((yy_buffer_stack_top) > 0)
| 		--(yy_buffer_stack_top);
| 
| 	if (YY_CURRENT_BUFFER) {
| 		yy_load_buffer_state(  );
| 		(yy_did_buffer_switch_on_eof) = 1;
| 	}
| }
| 
| /* Allocates the stack if it does not exist.
|  *  Guarantees space for at least one push.
|  */
| static void yyensure_buffer_stack (void)
| {
| 	yy_size_t num_to_alloc;
|     
| 	if (!(yy_buffer_stack)) {
| 
| 		/* First allocation is just for 2 elements, since we don't know if this
| 		 * scanner will even need a stack. We use 2 instead of 1 to avoid an
| 		 * immediate realloc on the next call.
|          */
|       num_to_alloc = 1; /* After all that talk, this was set to 1 anyways... */
| 		(yy_buffer_stack) = (struct yy_buffer_state**)yyalloc
| 								(num_to_alloc * sizeof(struct yy_buffer_state*)
| 								);
| 		if ( ! (yy_buffer_stack) )
| 			YY_FATAL_ERROR( "out of dynamic memory in yyensure_buffer_stack()" );
| 
| 		memset((yy_buffer_stack), 0, num_to_alloc * sizeof(struct yy_buffer_state*));
| 
| 		(yy_buffer_stack_max) = num_to_alloc;
| 		(yy_buffer_stack_top) = 0;
| 		return;
| 	}
| 
| 	if ((yy_buffer_stack_top) >= ((yy_buffer_stack_max)) - 1){
| 
| 		/* Increase the buffer to prepare for a possible push. */
| 		yy_size_t grow_size = 8 /* arbitrary grow size */;
| 
| 		num_to_alloc = (yy_buffer_stack_max) + grow_size;
| 		(yy_buffer_stack) = (struct yy_buffer_state**)yyrealloc
| 								((yy_buffer_stack),
| 								num_to_alloc * sizeof(struct yy_buffer_state*)
| 								);
| 		if ( ! (yy_buffer_stack) )
| 			YY_FATAL_ERROR( "out of dynamic memory in yyensure_buffer_stack()" );
| 
| 		/* zero only the new slots.*/
| 		memset((yy_buffer_stack) + (yy_buffer_stack_max), 0, grow_size * sizeof(struct yy_buffer_state*));
| 		(yy_buffer_stack_max) = num_to_alloc;
| 	}
| }
| 
| /** Setup the input buffer state to scan directly from a user-specified character buffer.
|  * @param base the character buffer
|  * @param size the size in bytes of the character buffer
|  * 
|  * @return the newly allocated buffer state object.
|  */
| YY_BUFFER_STATE yy_scan_buffer  (char * base, yy_size_t  size )
| {
| 	YY_BUFFER_STATE b;
|     
| 	if ( size < 2 ||
| 	     base[size-2] != YY_END_OF_BUFFER_CHAR ||
| 	     base[size-1] != YY_END_OF_BUFFER_CHAR )
| 		/* They forgot to leave room for the EOB's. */
| 		return NULL;
| 
| 	b = (YY_BUFFER_STATE) yyalloc( sizeof( struct yy_buffer_state )  );
| 	if ( ! b )
| 		YY_FATAL_ERROR( "out of dynamic memory in yy_scan_buffer()" );
| 
| 	b->yy_buf_size = (int) (size - 2);	/* "- 2" to take care of EOB's */
| 	b->yy_buf_pos = b->yy_ch_buf = base;
| 	b->yy_is_our_buffer = 0;
| 	b->yy_input_file = NULL;
| 	b->yy_n_chars = b->yy_buf_size;
| 	b->yy_is_interactive = 0;
| 	b->yy_at_bol = 1;
| 	b->yy_fill_buffer = 0;
| 	b->yy_buffer_status = YY_BUFFER_NEW;
| 
| 	yy_switch_to_buffer( b  );
| 
| 	return b;
| }
| 
| /** Setup the input buffer state to scan a string. The next call to yylex() will
|  * scan from a @e copy of @a str.
|  * @param yystr a NUL-terminated string to scan
|  * 
|  * @return the newly allocated buffer state object.
|  * @note If you want to scan bytes that may contain NUL values, then use
|  *       yy_scan_bytes() instead.
|  */
| YY_BUFFER_STATE yy_scan_string (const char * yystr )
| {
|     
| 	return yy_scan_bytes( yystr, (int) strlen(yystr) );
| }
| 
| /** Setup the input buffer state to scan the given bytes. The next call to yylex() will
|  * scan from a @e copy of @a bytes.
|  * @param yybytes the byte buffer to scan
|  * @param _yybytes_len the number of bytes in the buffer pointed to by @a bytes.
|  * 
|  * @return the newly allocated buffer state object.
|  */
| YY_BUFFER_STATE yy_scan_bytes  (const char * yybytes, int  _yybytes_len )
| {
| 	YY_BUFFER_STATE b;
| 	char *buf;
| 	yy_size_t n;
| 	int i;
|     
| 	/* Get memory for full buffer, including space for trailing EOB's. */
| 	n = (yy_size_t) (_yybytes_len + 2);
| 	buf = (char *) yyalloc( n  );
| 	if ( ! buf )
| 		YY_FATAL_ERROR( "out of dynamic memory in yy_scan_bytes()" );
| 
| 	for ( i = 0; i < _yybytes_len; ++i )
| 		buf[i] = yybytes[i];
| 
| 	buf[_yybytes_len] = buf[_yybytes_len+1] = YY_END_OF_BUFFER_CHAR;
| 
| 	b = yy_scan_buffer( buf, n );
| 	if ( ! b )
| 		YY_FATAL_ERROR( "bad buffer in yy_scan_bytes()" );
| 
| 	/* It's okay to grow etc. this buffer, and we should throw it
| 	 * away when we're done.
| 	 */
| 	b->yy_is_our_buffer = 1;
| 
| 	return b;
| }
| 
| #ifndef YY_EXIT_FAILURE
| #define YY_EXIT_FAILURE 2
| #endif
| 
| static void yynoreturn yy_fatal_error (const char* msg )
| {
| 			fprintf( stderr, "%s\n", msg );
| 	exit( YY_EXIT_FAILURE );
| }
| 
| /* Redefine yyless() so it works in section 3 code. */
| 
| #undef yyless
| #define yyless(n) \
| 	do \
| 		{ \
| 		/* Undo effects of setting up yytext. */ \
|         int yyless_macro_arg = (n); \
|         YY_LESS_LINENO(yyless_macro_arg);\
| 		yytext[yyleng] = (yy_hold_char); \
| 		(yy_c_buf_p) = yytext + yyless_macro_arg; \
| 		(yy_hold_char) = *(yy_c_buf_p); \
| 		*(yy_c_buf_p) = '\0'; \
| 		yyleng = yyless_macro_arg; \
| 		} \
| 	while ( 0 )
| 
| /* Accessor  methods (get/set functions) to struct members. */
| 
| /** Get the current line number.
|  * 
|  */
| int yyget_lineno  (void)
| {
|     
|     return yylineno;
| }
| 
| /** Get the input stream.
|  * 
|  */
| FILE *yyget_in  (void)
| {
|         return yyin;
| }
| 
| /** Get the output stream.
|  * 
|  */
| FILE *yyget_out  (void)
| {
|         return yyout;
| }
| 
| /** Get the length of the current token.
|  * 
|  */
| int yyget_leng  (void)
| {
|         return yyleng;
| }
| 
| /** Get the current token.
|  * 
|  */
| 
| char *yyget_text  (void)
| {
|         return yytext;
| }
| 
| /** Set the current line number.
|  * @param _line_number line number
|  * 
|  */
| void yyset_lineno (int  _line_number )
| {
|     
|     yylineno = _line_number;
| }
| 
| /** Set the input stream. This does not discard the current
|  * input buffer.
|  * @param _in_str A readable stream.
|  * 
|  * @see yy_switch_to_buffer
|  */
| void yyset_in (FILE *  _in_str )
| {
|         yyin = _in_str ;
| }
| 
| void yyset_out (FILE *  _out_str )
| {
|         yyout = _out_str ;
| }
| 
| int yyget_debug  (void)
| {
|         return yy_flex_debug;
| }
| 
| void yyset_debug (int  _bdebug )
| {
|         yy_flex_debug = _bdebug ;
| }
| 
| static int yy_init_globals (void)
| {
|         /* Initialization is the same as for the non-reentrant scanner.
|      * This function is called from yylex_destroy(), so don't allocate here.
|      */
| 
|     (yy_buffer_stack) = NULL;
|     (yy_buffer_stack_top) = 0;
|     (yy_buffer_stack_max) = 0;
|     (yy_c_buf_p) = NULL;
|     (yy_init) = 0;
|     (yy_start) = 0;
| 
|     (yy_state_buf) = 0;
|     (yy_state_ptr) = 0;
|     (yy_full_match) = 0;
|     (yy_lp) = 0;
| 
| /* Defined in main.c */
| #ifdef YY_STDINIT
|     yyin = stdin;
|     yyout = stdout;
| #else
|     yyin = NULL;
|     yyout = NULL;
| #endif
| 
|     /* For future reference: Set errno on error, since we are called by
|      * yylex_init()
|      */
|     return 0;
| }
| 
| /* yylex_destroy is for both reentrant and non-reentrant scanners. */
| int yylex_destroy  (void)
| {
|     
|     /* Pop the buffer stack, destroying each element. */
| 	while(YY_CURRENT_BUFFER){
| 		yy_delete_buffer( YY_CURRENT_BUFFER  );
| 		YY_CURRENT_BUFFER_LVALUE = NULL;
| 		yypop_buffer_state();
| 	}
| 
| 	/* Destroy the stack itself. */
| 	yyfree((yy_buffer_stack) );
| 	(yy_buffer_stack) = NULL;
| 
|     yyfree ( (yy_state_buf) );
|     (yy_state_buf)  = NULL;
| 
|     /* Reset the globals. This is important in a non-reentrant scanner so the next time
|      * yylex() is called, initialization will occur. */
|     yy_init_globals( );
| 
|     return 0;
| }
| 
| /*
|  * Internal utility routines.
|  */
| 
| #ifndef yytext_ptr
| static void yy_flex_strncpy (char* s1, const char * s2, int n )
| {
| 		
| 	int i;
| 	for ( i = 0; i < n; ++i )
| 		s1[i] = s2[i];
| }
| #endif
| 
| #ifdef YY_NEED_STRLEN
| static int yy_flex_strlen (const char * s )
| {
| 	int n;
| 	for ( n = 0; s[n]; ++n )
| 		;
| 
| 	return n;
| }
| #endif
| 
| void *yyalloc (yy_size_t  size )
| {
| 			return malloc(size);
| }
| 
| void *yyrealloc  (void * ptr, yy_size_t  size )
| {
| 		
| 	/* The cast to (char *) in the following accommodates both
| 	 * implementations that use char* generic pointers, and those
| 	 * that use void* generic pointers.  It works with the latter
| 	 * because both ANSI C and C++ allow castless assignment from
| 	 * any pointer type to void*, and deal with argument conversions
| 	 * as though doing an assignment.
| 	 */
| 	return realloc(ptr, size);
| }
| 
| void yyfree (void * ptr )
| {
| 			free( (char *) ptr );	/* see yyrealloc() for (char *) cast */
| }
| 
| #define YYTABLES_NAME "yytables"
| 
| #line 10 "conftest.l"
| 
| #ifdef YYTEXT_POINTER
| extern char *yytext;
| #endif
| int
| main (void)
| {
|   return ! yylex () + ! yywrap ();
| }
configure:4269: /opt/lede-toolchain-ramips-mt7621_gcc-5.4.0_musl-1.1.24.Linux-x86_64/toolchain-mipsel_24kc_gcc-5.4.0_musl-1.1.24/bin/mipsel-openwrt-linux-musl-gcc -o conftest -Wall -Os -ffunction-sections -fdata-sections -fPIC -DLINUX26 -DCONFIG_RALINK -DMUSL_LIBC -DDEBUG_NOISY -DDEBUG_RCTEST -D_GNU_SOURCE -D__UAPI_DEF_ETHHDR -DRALINK_DBDC_MODE -pipe -funit-at-a-time -Wno-pointer-sign -mtune=mips32 -mips32 -DLINUX_KERNEL_VERSION=263366 --sysroot=/opt/lede-toolchain-ramips-mt7621_gcc-5.4.0_musl-1.1.24.Linux-x86_64/toolchain-mipsel_24kc_gcc-5.4.0_musl-1.1.24   -Wl,--gc-sections  conftest.c -ll  >&5
/opt/lede-toolchain-ramips-mt7621_gcc-5.4.0_musl-1.1.24.Linux-x86_64/toolchain-mipsel_24kc_gcc-5.4.0_musl-1.1.24/bin/../lib/gcc/mipsel-openwrt-linux-musl/5.4.0/../../../../mipsel-openwrt-linux-musl/bin/ld: cannot find -ll
collect2: error: ld returned 1 exit status
configure:4269: $? = 1
configure: failed program was:
| /* confdefs.h */
| #define PACKAGE_NAME "libConfuse"
| #define PACKAGE_TARNAME "confuse"
| #define PACKAGE_VERSION "3.2.2"
| #define PACKAGE_STRING "libConfuse 3.2.2"
| #define PACKAGE_BUGREPORT "https://github.com/martinh/libconfuse/issues"
| #define PACKAGE_URL ""
| #define PACKAGE "confuse"
| #define VERSION "3.2.2"
| /* end confdefs.h.  */
| 
| #line 3 "lex.yy.c"
| 
| #define  YY_INT_ALIGNED short int
| 
| /* A lexical scanner generated by flex */
| 
| #define FLEX_SCANNER
| #define YY_FLEX_MAJOR_VERSION 2
| #define YY_FLEX_MINOR_VERSION 6
| #define YY_FLEX_SUBMINOR_VERSION 4
| #if YY_FLEX_SUBMINOR_VERSION > 0
| #define FLEX_BETA
| #endif
| 
| /* First, we deal with  platform-specific or compiler-specific issues. */
| 
| /* begin standard C headers. */
| #include <stdio.h>
| #include <string.h>
| #include <errno.h>
| #include <stdlib.h>
| 
| /* end standard C headers. */
| 
| /* flex integer type definitions */
| 
| #ifndef FLEXINT_H
| #define FLEXINT_H
| 
| /* C99 systems have <inttypes.h>. Non-C99 systems may or may not. */
| 
| #if defined (__STDC_VERSION__) && __STDC_VERSION__ >= 199901L
| 
| /* C99 says to define __STDC_LIMIT_MACROS before including stdint.h,
|  * if you want the limit (max/min) macros for int types. 
|  */
| #ifndef __STDC_LIMIT_MACROS
| #define __STDC_LIMIT_MACROS 1
| #endif
| 
| #include <inttypes.h>
| typedef int8_t flex_int8_t;
| typedef uint8_t flex_uint8_t;
| typedef int16_t flex_int16_t;
| typedef uint16_t flex_uint16_t;
| typedef int32_t flex_int32_t;
| typedef uint32_t flex_uint32_t;
| #else
| typedef signed char flex_int8_t;
| typedef short int flex_int16_t;
| typedef int flex_int32_t;
| typedef unsigned char flex_uint8_t; 
| typedef unsigned short int flex_uint16_t;
| typedef unsigned int flex_uint32_t;
| 
| /* Limits of integral types. */
| #ifndef INT8_MIN
| #define INT8_MIN               (-128)
| #endif
| #ifndef INT16_MIN
| #define INT16_MIN              (-32767-1)
| #endif
| #ifndef INT32_MIN
| #define INT32_MIN              (-2147483647-1)
| #endif
| #ifndef INT8_MAX
| #define INT8_MAX               (127)
| #endif
| #ifndef INT16_MAX
| #define INT16_MAX              (32767)
| #endif
| #ifndef INT32_MAX
| #define INT32_MAX              (2147483647)
| #endif
| #ifndef UINT8_MAX
| #define UINT8_MAX              (255U)
| #endif
| #ifndef UINT16_MAX
| #define UINT16_MAX             (65535U)
| #endif
| #ifndef UINT32_MAX
| #define UINT32_MAX             (4294967295U)
| #endif
| 
| #ifndef SIZE_MAX
| #define SIZE_MAX               (~(size_t)0)
| #endif
| 
| #endif /* ! C99 */
| 
| #endif /* ! FLEXINT_H */
| 
| /* begin standard C++ headers. */
| 
| /* TODO: this is always defined, so inline it */
| #define yyconst const
| 
| #if defined(__GNUC__) && __GNUC__ >= 3
| #define yynoreturn __attribute__((__noreturn__))
| #else
| #define yynoreturn
| #endif
| 
| /* Returned upon end-of-file. */
| #define YY_NULL 0
| 
| /* Promotes a possibly negative, possibly signed char to an
|  *   integer in range [0..255] for use as an array index.
|  */
| #define YY_SC_TO_UI(c) ((YY_CHAR) (c))
| 
| /* Enter a start condition.  This macro really ought to take a parameter,
|  * but we do it the disgusting crufty way forced on us by the ()-less
|  * definition of BEGIN.
|  */
| #define BEGIN (yy_start) = 1 + 2 *
| /* Translate the current start state into a value that can be later handed
|  * to BEGIN to return to the state.  The YYSTATE alias is for lex
|  * compatibility.
|  */
| #define YY_START (((yy_start) - 1) / 2)
| #define YYSTATE YY_START
| /* Action number for EOF rule of a given start state. */
| #define YY_STATE_EOF(state) (YY_END_OF_BUFFER + state + 1)
| /* Special action meaning "start processing a new file". */
| #define YY_NEW_FILE yyrestart( yyin  )
| #define YY_END_OF_BUFFER_CHAR 0
| 
| /* Size of default input buffer. */
| #ifndef YY_BUF_SIZE
| #ifdef __ia64__
| /* On IA-64, the buffer size is 16k, not 8k.
|  * Moreover, YY_BUF_SIZE is 2*YY_READ_BUF_SIZE in the general case.
|  * Ditto for the __ia64__ case accordingly.
|  */
| #define YY_BUF_SIZE 32768
| #else
| #define YY_BUF_SIZE 16384
| #endif /* __ia64__ */
| #endif
| 
| /* The state buf must be large enough to hold one state per character in the main buffer.
|  */
| #define YY_STATE_BUF_SIZE   ((YY_BUF_SIZE + 2) * sizeof(yy_state_type))
| 
| #ifndef YY_TYPEDEF_YY_BUFFER_STATE
| #define YY_TYPEDEF_YY_BUFFER_STATE
| typedef struct yy_buffer_state *YY_BUFFER_STATE;
| #endif
| 
| #ifndef YY_TYPEDEF_YY_SIZE_T
| #define YY_TYPEDEF_YY_SIZE_T
| typedef size_t yy_size_t;
| #endif
| 
| extern int yyleng;
| 
| extern FILE *yyin, *yyout;
| 
| #define EOB_ACT_CONTINUE_SCAN 0
| #define EOB_ACT_END_OF_FILE 1
| #define EOB_ACT_LAST_MATCH 2
|     
|     #define YY_LESS_LINENO(n)
|     #define YY_LINENO_REWIND_TO(ptr)
|     
| /* Return all but the first "n" matched characters back to the input stream. */
| #define yyless(n) \
| 	do \
| 		{ \
| 		/* Undo effects of setting up yytext. */ \
|         int yyless_macro_arg = (n); \
|         YY_LESS_LINENO(yyless_macro_arg);\
| 		*yy_cp = (yy_hold_char); \
| 		YY_RESTORE_YY_MORE_OFFSET \
| 		(yy_c_buf_p) = yy_cp = yy_bp + yyless_macro_arg - YY_MORE_ADJ; \
| 		YY_DO_BEFORE_ACTION; /* set up yytext again */ \
| 		} \
| 	while ( 0 )
| #define unput(c) yyunput( c, (yytext_ptr)  )
| 
| #ifndef YY_STRUCT_YY_BUFFER_STATE
| #define YY_STRUCT_YY_BUFFER_STATE
| struct yy_buffer_state
| 	{
| 	FILE *yy_input_file;
| 
| 	char *yy_ch_buf;		/* input buffer */
| 	char *yy_buf_pos;		/* current position in input buffer */
| 
| 	/* Size of input buffer in bytes, not including room for EOB
| 	 * characters.
| 	 */
| 	int yy_buf_size;
| 
| 	/* Number of characters read into yy_ch_buf, not including EOB
| 	 * characters.
| 	 */
| 	int yy_n_chars;
| 
| 	/* Whether we "own" the buffer - i.e., we know we created it,
| 	 * and can realloc() it to grow it, and should free() it to
| 	 * delete it.
| 	 */
| 	int yy_is_our_buffer;
| 
| 	/* Whether this is an "interactive" input source; if so, and
| 	 * if we're using stdio for input, then we want to use getc()
| 	 * instead of fread(), to make sure we stop fetching input after
| 	 * each newline.
| 	 */
| 	int yy_is_interactive;
| 
| 	/* Whether we're considered to be at the beginning of a line.
| 	 * If so, '^' rules will be active on the next match, otherwise
| 	 * not.
| 	 */
| 	int yy_at_bol;
| 
|     int yy_bs_lineno; /**< The line count. */
|     int yy_bs_column; /**< The column count. */
| 
| 	/* Whether to try to fill the input buffer when we reach the
| 	 * end of it.
| 	 */
| 	int yy_fill_buffer;
| 
| 	int yy_buffer_status;
| 
| #define YY_BUFFER_NEW 0
| #define YY_BUFFER_NORMAL 1
| 	/* When an EOF's been seen but there's still some text to process
| 	 * then we mark the buffer as YY_EOF_PENDING, to indicate that we
| 	 * shouldn't try reading from the input source any more.  We might
| 	 * still have a bunch of tokens to match, though, because of
| 	 * possible backing-up.
| 	 *
| 	 * When we actually see the EOF, we change the status to "new"
| 	 * (via yyrestart()), so that the user can continue scanning by
| 	 * just pointing yyin at a new input file.
| 	 */
| #define YY_BUFFER_EOF_PENDING 2
| 
| 	};
| #endif /* !YY_STRUCT_YY_BUFFER_STATE */
| 
| /* Stack of input buffers. */
| static size_t yy_buffer_stack_top = 0; /**< index of top of stack. */
| static size_t yy_buffer_stack_max = 0; /**< capacity of stack. */
| static YY_BUFFER_STATE * yy_buffer_stack = NULL; /**< Stack as an array. */
| 
| /* We provide macros for accessing buffer states in case in the
|  * future we want to put the buffer states in a more general
|  * "scanner state".
|  *
|  * Returns the top of the stack, or NULL.
|  */
| #define YY_CURRENT_BUFFER ( (yy_buffer_stack) \
|                           ? (yy_buffer_stack)[(yy_buffer_stack_top)] \
|                           : NULL)
| /* Same as previous macro, but useful when we know that the buffer stack is not
|  * NULL or when we need an lvalue. For internal use only.
|  */
| #define YY_CURRENT_BUFFER_LVALUE (yy_buffer_stack)[(yy_buffer_stack_top)]
| 
| /* yy_hold_char holds the character lost when yytext is formed. */
| static char yy_hold_char;
| static int yy_n_chars;		/* number of characters read into yy_ch_buf */
| int yyleng;
| 
| /* Points to current character in buffer. */
| static char *yy_c_buf_p = NULL;
| static int yy_init = 0;		/* whether we need to initialize */
| static int yy_start = 0;	/* start state number */
| 
| /* Flag which is used to allow yywrap()'s to do buffer switches
|  * instead of setting up a fresh yyin.  A bit of a hack ...
|  */
| static int yy_did_buffer_switch_on_eof;
| 
| void yyrestart ( FILE *input_file  );
| void yy_switch_to_buffer ( YY_BUFFER_STATE new_buffer  );
| YY_BUFFER_STATE yy_create_buffer ( FILE *file, int size  );
| void yy_delete_buffer ( YY_BUFFER_STATE b  );
| void yy_flush_buffer ( YY_BUFFER_STATE b  );
| void yypush_buffer_state ( YY_BUFFER_STATE new_buffer  );
| void yypop_buffer_state ( void );
| 
| static void yyensure_buffer_stack ( void );
| static void yy_load_buffer_state ( void );
| static void yy_init_buffer ( YY_BUFFER_STATE b, FILE *file  );
| #define YY_FLUSH_BUFFER yy_flush_buffer( YY_CURRENT_BUFFER )
| 
| YY_BUFFER_STATE yy_scan_buffer ( char *base, yy_size_t size  );
| YY_BUFFER_STATE yy_scan_string ( const char *yy_str  );
| YY_BUFFER_STATE yy_scan_bytes ( const char *bytes, int len  );
| 
| void *yyalloc ( yy_size_t  );
| void *yyrealloc ( void *, yy_size_t  );
| void yyfree ( void *  );
| 
| #define yy_new_buffer yy_create_buffer
| #define yy_set_interactive(is_interactive) \
| 	{ \
| 	if ( ! YY_CURRENT_BUFFER ){ \
|         yyensure_buffer_stack (); \
| 		YY_CURRENT_BUFFER_LVALUE =    \
|             yy_create_buffer( yyin, YY_BUF_SIZE ); \
| 	} \
| 	YY_CURRENT_BUFFER_LVALUE->yy_is_interactive = is_interactive; \
| 	}
| #define yy_set_bol(at_bol) \
| 	{ \
| 	if ( ! YY_CURRENT_BUFFER ){\
|         yyensure_buffer_stack (); \
| 		YY_CURRENT_BUFFER_LVALUE =    \
|             yy_create_buffer( yyin, YY_BUF_SIZE ); \
| 	} \
| 	YY_CURRENT_BUFFER_LVALUE->yy_at_bol = at_bol; \
| 	}
| #define YY_AT_BOL() (YY_CURRENT_BUFFER_LVALUE->yy_at_bol)
| 
| /* Begin user sect3 */
| typedef flex_uint8_t YY_CHAR;
| 
| FILE *yyin = NULL, *yyout = NULL;
| 
| typedef int yy_state_type;
| 
| extern int yylineno;
| int yylineno = 1;
| 
| extern char *yytext;
| #ifdef yytext_ptr
| #undef yytext_ptr
| #endif
| #define yytext_ptr yytext
| 
| static yy_state_type yy_get_previous_state ( void );
| static yy_state_type yy_try_NUL_trans ( yy_state_type current_state  );
| static int yy_get_next_buffer ( void );
| static void yynoreturn yy_fatal_error ( const char* msg  );
| 
| /* Done after the current pattern has been matched and before the
|  * corresponding action - sets up yytext.
|  */
| #define YY_DO_BEFORE_ACTION \
| 	(yytext_ptr) = yy_bp; \
| 	(yytext_ptr) -= (yy_more_len); \
| 	yyleng = (int) (yy_cp - (yytext_ptr)); \
| 	(yy_hold_char) = *yy_cp; \
| 	*yy_cp = '\0'; \
| 	(yy_c_buf_p) = yy_cp;
| #define YY_NUM_RULES 8
| #define YY_END_OF_BUFFER 9
| /* This struct is not used in this scanner,
|    but its presence is necessary. */
| struct yy_trans_info
| 	{
| 	flex_int32_t yy_verify;
| 	flex_int32_t yy_nxt;
| 	};
| static const flex_int16_t yy_acclist[23] =
|     {   0,
|         9,    7,    8,    8,    1,    7,    8,    2,    7,    8,
|         3,    7,    8,    4,    7,    8,    5,    7,    8,    6,
|         7,    8
|     } ;
| 
| static const flex_int16_t yy_accept[14] =
|     {   0,
|         1,    1,    1,    2,    4,    5,    8,   11,   14,   17,
|        20,   23,   23
|     } ;
| 
| static const YY_CHAR yy_ec[256] =
|     {   0,
|         1,    1,    1,    1,    1,    1,    1,    1,    1,    2,
|         1,    1,    1,    1,    1,    1,    1,    1,    1,    1,
|         1,    1,    1,    1,    1,    1,    1,    1,    1,    1,
|         1,    1,    1,    1,    1,    1,    1,    1,    1,    1,
|         1,    1,    1,    1,    1,    1,    1,    1,    1,    1,
|         1,    1,    1,    1,    1,    1,    1,    1,    1,    1,
|         1,    1,    1,    1,    1,    1,    1,    1,    1,    1,
|         1,    1,    1,    1,    1,    1,    1,    1,    1,    1,
|         1,    1,    1,    1,    1,    1,    1,    1,    1,    1,
|         1,    1,    1,    1,    1,    1,    3,    4,    5,    6,
| 
|         7,    8,    1,    1,    1,    1,    1,    1,    1,    1,
|         1,    1,    1,    1,    1,    1,    1,    1,    1,    1,
|         1,    1,    1,    1,    1,    1,    1,    1,    1,    1,
|         1,    1,    1,    1,    1,    1,    1,    1,    1,    1,
|         1,    1,    1,    1,    1,    1,    1,    1,    1,    1,
|         1,    1,    1,    1,    1,    1,    1,    1,    1,    1,
|         1,    1,    1,    1,    1,    1,    1,    1,    1,    1,
|         1,    1,    1,    1,    1,    1,    1,    1,    1,    1,
|         1,    1,    1,    1,    1,    1,    1,    1,    1,    1,
|         1,    1,    1,    1,    1,    1,    1,    1,    1,    1,
| 
|         1,    1,    1,    1,    1,    1,    1,    1,    1,    1,
|         1,    1,    1,    1,    1,    1,    1,    1,    1,    1,
|         1,    1,    1,    1,    1,    1,    1,    1,    1,    1,
|         1,    1,    1,    1,    1,    1,    1,    1,    1,    1,
|         1,    1,    1,    1,    1,    1,    1,    1,    1,    1,
|         1,    1,    1,    1,    1
|     } ;
| 
| static const YY_CHAR yy_meta[9] =
|     {   0,
|         1,    1,    1,    1,    1,    1,    1,    1
|     } ;
| 
| static const flex_int16_t yy_base[13] =
|     {   0,
|         0,    0,    9,   10,   10,   10,   10,   10,   10,   10,
|        10,   10
|     } ;
| 
| static const flex_int16_t yy_def[13] =
|     {   0,
|        12,    1,   12,   12,   12,   12,   12,   12,   12,   12,
|        12,    0
|     } ;
| 
| static const flex_int16_t yy_nxt[19] =
|     {   0,
|         4,    5,    6,    7,    8,    9,   10,   11,   12,    3,
|        12,   12,   12,   12,   12,   12,   12,   12
|     } ;
| 
| static const flex_int16_t yy_chk[19] =
|     {   0,
|         1,    1,    1,    1,    1,    1,    1,    1,    3,   12,
|        12,   12,   12,   12,   12,   12,   12,   12
|     } ;
| 
| extern int yy_flex_debug;
| int yy_flex_debug = 0;
| 
| static yy_state_type *yy_state_buf=0, *yy_state_ptr=0;
| static char *yy_full_match;
| static int yy_lp;
| #define REJECT \
| { \
| *yy_cp = (yy_hold_char); /* undo effects of setting up yytext */ \
| yy_cp = (yy_full_match); /* restore poss. backed-over text */ \
| ++(yy_lp); \
| goto find_rule; \
| }
| 
| static int yy_more_flag = 0;
| static int yy_more_len = 0;
| #define yymore() ((yy_more_flag) = 1)
| #define YY_MORE_ADJ (yy_more_len)
| #define YY_RESTORE_YY_MORE_OFFSET
| char *yytext;
| #line 1 "conftest.l"
| #line 460 "lex.yy.c"
| 
| #define INITIAL 0
| 
| #ifndef YY_NO_UNISTD_H
| /* Special case for "unistd.h", since it is non-ANSI. We include it way
|  * down here because we want the user's section 1 to have been scanned first.
|  * The user has a chance to override it with an option.
|  */
| #include <unistd.h>
| #endif
| 
| #ifndef YY_EXTRA_TYPE
| #define YY_EXTRA_TYPE void *
| #endif
| 
| static int yy_init_globals ( void );
| 
| /* Accessor methods to globals.
|    These are made visible to non-reentrant scanners for convenience. */
| 
| int yylex_destroy ( void );
| 
| int yyget_debug ( void );
| 
| void yyset_debug ( int debug_flag  );
| 
| YY_EXTRA_TYPE yyget_extra ( void );
| 
| void yyset_extra ( YY_EXTRA_TYPE user_defined  );
| 
| FILE *yyget_in ( void );
| 
| void yyset_in  ( FILE * _in_str  );
| 
| FILE *yyget_out ( void );
| 
| void yyset_out  ( FILE * _out_str  );
| 
| 			int yyget_leng ( void );
| 
| char *yyget_text ( void );
| 
| int yyget_lineno ( void );
| 
| void yyset_lineno ( int _line_number  );
| 
| /* Macros after this point can all be overridden by user definitions in
|  * section 1.
|  */
| 
| #ifndef YY_SKIP_YYWRAP
| #ifdef __cplusplus
| extern "C" int yywrap ( void );
| #else
| extern int yywrap ( void );
| #endif
| #endif
| 
| #ifndef YY_NO_UNPUT
|     
|     static void yyunput ( int c, char *buf_ptr  );
|     
| #endif
| 
| #ifndef yytext_ptr
| static void yy_flex_strncpy ( char *, const char *, int );
| #endif
| 
| #ifdef YY_NEED_STRLEN
| static int yy_flex_strlen ( const char * );
| #endif
| 
| #ifndef YY_NO_INPUT
| #ifdef __cplusplus
| static int yyinput ( void );
| #else
| static int input ( void );
| #endif
| 
| #endif
| 
| /* Amount of stuff to slurp up with each read. */
| #ifndef YY_READ_BUF_SIZE
| #ifdef __ia64__
| /* On IA-64, the buffer size is 16k, not 8k */
| #define YY_READ_BUF_SIZE 16384
| #else
| #define YY_READ_BUF_SIZE 8192
| #endif /* __ia64__ */
| #endif
| 
| /* Copy whatever the last rule matched to the standard output. */
| #ifndef ECHO
| /* This used to be an fputs(), but since the string might contain NUL's,
|  * we now use fwrite().
|  */
| #define ECHO do { if (fwrite( yytext, (size_t) yyleng, 1, yyout )) {} } while (0)
| #endif
| 
| /* Gets input and stuffs it into "buf".  number of characters read, or YY_NULL,
|  * is returned in "result".
|  */
| #ifndef YY_INPUT
| #define YY_INPUT(buf,result,max_size) \
| 	if ( YY_CURRENT_BUFFER_LVALUE->yy_is_interactive ) \
| 		{ \
| 		int c = '*'; \
| 		int n; \
| 		for ( n = 0; n < max_size && \
| 			     (c = getc( yyin )) != EOF && c != '\n'; ++n ) \
| 			buf[n] = (char) c; \
| 		if ( c == '\n' ) \
| 			buf[n++] = (char) c; \
| 		if ( c == EOF && ferror( yyin ) ) \
| 			YY_FATAL_ERROR( "input in flex scanner failed" ); \
| 		result = n; \
| 		} \
| 	else \
| 		{ \
| 		errno=0; \
| 		while ( (result = (int) fread(buf, 1, (yy_size_t) max_size, yyin)) == 0 && ferror(yyin)) \
| 			{ \
| 			if( errno != EINTR) \
| 				{ \
| 				YY_FATAL_ERROR( "input in flex scanner failed" ); \
| 				break; \
| 				} \
| 			errno=0; \
| 			clearerr(yyin); \
| 			} \
| 		}\
| \
| 
| #endif
| 
| /* No semi-colon after return; correct usage is to write "yyterminate();" -
|  * we don't want an extra ';' after the "return" because that will cause
|  * some compilers to complain about unreachable statements.
|  */
| #ifndef yyterminate
| #define yyterminate() return YY_NULL
| #endif
| 
| /* Number of entries by which start-condition stack grows. */
| #ifndef YY_START_STACK_INCR
| #define YY_START_STACK_INCR 25
| #endif
| 
| /* Report a fatal error. */
| #ifndef YY_FATAL_ERROR
| #define YY_FATAL_ERROR(msg) yy_fatal_error( msg )
| #endif
| 
| /* end tables serialization structures and prototypes */
| 
| /* Default declaration of generated scanner - a define so the user can
|  * easily add parameters.
|  */
| #ifndef YY_DECL
| #define YY_DECL_IS_OURS 1
| 
| extern int yylex (void);
| 
| #define YY_DECL int yylex (void)
| #endif /* !YY_DECL */
| 
| /* Code executed at the beginning of each rule, after yytext and yyleng
|  * have been set up.
|  */
| #ifndef YY_USER_ACTION
| #define YY_USER_ACTION
| #endif
| 
| /* Code executed at the end of each rule. */
| #ifndef YY_BREAK
| #define YY_BREAK /*LINTED*/break;
| #endif
| 
| #define YY_RULE_SETUP \
| 	YY_USER_ACTION
| 
| /** The main scanner function which does all the work.
|  */
| YY_DECL
| {
| 	yy_state_type yy_current_state;
| 	char *yy_cp, *yy_bp;
| 	int yy_act;
|     
| 	if ( !(yy_init) )
| 		{
| 		(yy_init) = 1;
| 
| #ifdef YY_USER_INIT
| 		YY_USER_INIT;
| #endif
| 
|         /* Create the reject buffer large enough to save one state per allowed character. */
|         if ( ! (yy_state_buf) )
|             (yy_state_buf) = (yy_state_type *)yyalloc(YY_STATE_BUF_SIZE  );
|             if ( ! (yy_state_buf) )
|                 YY_FATAL_ERROR( "out of dynamic memory in yylex()" );
| 
| 		if ( ! (yy_start) )
| 			(yy_start) = 1;	/* first start state */
| 
| 		if ( ! yyin )
| 			yyin = stdin;
| 
| 		if ( ! yyout )
| 			yyout = stdout;
| 
| 		if ( ! YY_CURRENT_BUFFER ) {
| 			yyensure_buffer_stack ();
| 			YY_CURRENT_BUFFER_LVALUE =
| 				yy_create_buffer( yyin, YY_BUF_SIZE );
| 		}
| 
| 		yy_load_buffer_state(  );
| 		}
| 
| 	{
| #line 1 "conftest.l"
| 
| #line 685 "lex.yy.c"
| 
| 	while ( /*CONSTCOND*/1 )		/* loops until end-of-file is reached */
| 		{
| 		(yy_more_len) = 0;
| 		if ( (yy_more_flag) )
| 			{
| 			(yy_more_len) = (int) ((yy_c_buf_p) - (yytext_ptr));
| 			(yy_more_flag) = 0;
| 			}
| 		yy_cp = (yy_c_buf_p);
| 
| 		/* Support of yytext. */
| 		*yy_cp = (yy_hold_char);
| 
| 		/* yy_bp points to the position in yy_ch_buf of the start of
| 		 * the current run.
| 		 */
| 		yy_bp = yy_cp;
| 
| 		yy_current_state = (yy_start);
| 
| 		(yy_state_ptr) = (yy_state_buf);
| 		*(yy_state_ptr)++ = yy_current_state;
| 
| yy_match:
| 		do
| 			{
| 			YY_CHAR yy_c = yy_ec[YY_SC_TO_UI(*yy_cp)] ;
| 			while ( yy_chk[yy_base[yy_current_state] + yy_c] != yy_current_state )
| 				{
| 				yy_current_state = (int) yy_def[yy_current_state];
| 				if ( yy_current_state >= 13 )
| 					yy_c = yy_meta[yy_c];
| 				}
| 			yy_current_state = yy_nxt[yy_base[yy_current_state] + yy_c];
| 			*(yy_state_ptr)++ = yy_current_state;
| 			++yy_cp;
| 			}
| 		while ( yy_base[yy_current_state] != 10 );
| 
| yy_find_action:
| 		yy_current_state = *--(yy_state_ptr);
| 		(yy_lp) = yy_accept[yy_current_state];
| 
| find_rule: /* we branch to this label when backing up */
| 
| 		for ( ; ; ) /* until we find what rule we matched */
| 			{
| 			if ( (yy_lp) && (yy_lp) < yy_accept[yy_current_state + 1] )
| 				{
| 				yy_act = yy_acclist[(yy_lp)];
| 					{
| 					(yy_full_match) = yy_cp;
| 					break;
| 					}
| 				}
| 			--yy_cp;
| 			yy_current_state = *--(yy_state_ptr);
| 			(yy_lp) = yy_accept[yy_current_state];
| 			}
| 
| 		YY_DO_BEFORE_ACTION;
| 
| do_action:	/* This label is used only to access EOF actions. */
| 
| 		switch ( yy_act )
| 	{ /* beginning of action switch */
| case 1:
| YY_RULE_SETUP
| #line 2 "conftest.l"
| { ECHO; }
| 	YY_BREAK
| case 2:
| YY_RULE_SETUP
| #line 3 "conftest.l"
| { REJECT; }
| 	YY_BREAK
| case 3:
| YY_RULE_SETUP
| #line 4 "conftest.l"
| { yymore (); }
| 	YY_BREAK
| case 4:
| YY_RULE_SETUP
| #line 5 "conftest.l"
| { yyless (1); }
| 	YY_BREAK
| case 5:
| YY_RULE_SETUP
| #line 6 "conftest.l"
| { /* IRIX 6.5 flex 2.5.4 underquotes its yyless argument.  */
|     yyless ((input () != 0)); }
| 	YY_BREAK
| case 6:
| YY_RULE_SETUP
| #line 8 "conftest.l"
| { unput (yytext[0]); }
| 	YY_BREAK
| case 7:
| YY_RULE_SETUP
| #line 9 "conftest.l"
| { BEGIN INITIAL; }
| 	YY_BREAK
| case 8:
| YY_RULE_SETUP
| #line 10 "conftest.l"
| ECHO;
| 	YY_BREAK
| #line 794 "lex.yy.c"
| 			case YY_STATE_EOF(INITIAL):
| 				yyterminate();
| 
| 	case YY_END_OF_BUFFER:
| 		{
| 		/* Amount of text matched not including the EOB char. */
| 		int yy_amount_of_matched_text = (int) (yy_cp - (yytext_ptr)) - 1;
| 
| 		/* Undo the effects of YY_DO_BEFORE_ACTION. */
| 		*yy_cp = (yy_hold_char);
| 		YY_RESTORE_YY_MORE_OFFSET
| 
| 		if ( YY_CURRENT_BUFFER_LVALUE->yy_buffer_status == YY_BUFFER_NEW )
| 			{
| 			/* We're scanning a new file or input source.  It's
| 			 * possible that this happened because the user
| 			 * just pointed yyin at a new source and called
| 			 * yylex().  If so, then we have to assure
| 			 * consistency between YY_CURRENT_BUFFER and our
| 			 * globals.  Here is the right place to do so, because
| 			 * this is the first action (other than possibly a
| 			 * back-up) that will match for the new input source.
| 			 */
| 			(yy_n_chars) = YY_CURRENT_BUFFER_LVALUE->yy_n_chars;
| 			YY_CURRENT_BUFFER_LVALUE->yy_input_file = yyin;
| 			YY_CURRENT_BUFFER_LVALUE->yy_buffer_status = YY_BUFFER_NORMAL;
| 			}
| 
| 		/* Note that here we test for yy_c_buf_p "<=" to the position
| 		 * of the first EOB in the buffer, since yy_c_buf_p will
| 		 * already have been incremented past the NUL character
| 		 * (since all states make transitions on EOB to the
| 		 * end-of-buffer state).  Contrast this with the test
| 		 * in input().
| 		 */
| 		if ( (yy_c_buf_p) <= &YY_CURRENT_BUFFER_LVALUE->yy_ch_buf[(yy_n_chars)] )
| 			{ /* This was really a NUL. */
| 			yy_state_type yy_next_state;
| 
| 			(yy_c_buf_p) = (yytext_ptr) + yy_amount_of_matched_text;
| 
| 			yy_current_state = yy_get_previous_state(  );
| 
| 			/* Okay, we're now positioned to make the NUL
| 			 * transition.  We couldn't have
| 			 * yy_get_previous_state() go ahead and do it
| 			 * for us because it doesn't know how to deal
| 			 * with the possibility of jamming (and we don't
| 			 * want to build jamming into it because then it
| 			 * will run more slowly).
| 			 */
| 
| 			yy_next_state = yy_try_NUL_trans( yy_current_state );
| 
| 			yy_bp = (yytext_ptr) + YY_MORE_ADJ;
| 
| 			if ( yy_next_state )
| 				{
| 				/* Consume the NUL. */
| 				yy_cp = ++(yy_c_buf_p);
| 				yy_current_state = yy_next_state;
| 				goto yy_match;
| 				}
| 
| 			else
| 				{
| 				yy_cp = (yy_c_buf_p);
| 				goto yy_find_action;
| 				}
| 			}
| 
| 		else switch ( yy_get_next_buffer(  ) )
| 			{
| 			case EOB_ACT_END_OF_FILE:
| 				{
| 				(yy_did_buffer_switch_on_eof) = 0;
| 
| 				if ( yywrap(  ) )
| 					{
| 					/* Note: because we've taken care in
| 					 * yy_get_next_buffer() to have set up
| 					 * yytext, we can now set up
| 					 * yy_c_buf_p so that if some total
| 					 * hoser (like flex itself) wants to
| 					 * call the scanner after we return the
| 					 * YY_NULL, it'll still work - another
| 					 * YY_NULL will get returned.
| 					 */
| 					(yy_c_buf_p) = (yytext_ptr) + YY_MORE_ADJ;
| 
| 					yy_act = YY_STATE_EOF(YY_START);
| 					goto do_action;
| 					}
| 
| 				else
| 					{
| 					if ( ! (yy_did_buffer_switch_on_eof) )
| 						YY_NEW_FILE;
| 					}
| 				break;
| 				}
| 
| 			case EOB_ACT_CONTINUE_SCAN:
| 				(yy_c_buf_p) =
| 					(yytext_ptr) + yy_amount_of_matched_text;
| 
| 				yy_current_state = yy_get_previous_state(  );
| 
| 				yy_cp = (yy_c_buf_p);
| 				yy_bp = (yytext_ptr) + YY_MORE_ADJ;
| 				goto yy_match;
| 
| 			case EOB_ACT_LAST_MATCH:
| 				(yy_c_buf_p) =
| 				&YY_CURRENT_BUFFER_LVALUE->yy_ch_buf[(yy_n_chars)];
| 
| 				yy_current_state = yy_get_previous_state(  );
| 
| 				yy_cp = (yy_c_buf_p);
| 				yy_bp = (yytext_ptr) + YY_MORE_ADJ;
| 				goto yy_find_action;
| 			}
| 		break;
| 		}
| 
| 	default:
| 		YY_FATAL_ERROR(
| 			"fatal flex scanner internal error--no action found" );
| 	} /* end of action switch */
| 		} /* end of scanning one token */
| 	} /* end of user's declarations */
| } /* end of yylex */
| 
| /* yy_get_next_buffer - try to read in a new buffer
|  *
|  * Returns a code representing an action:
|  *	EOB_ACT_LAST_MATCH -
|  *	EOB_ACT_CONTINUE_SCAN - continue scanning from current position
|  *	EOB_ACT_END_OF_FILE - end of file
|  */
| static int yy_get_next_buffer (void)
| {
|     	char *dest = YY_CURRENT_BUFFER_LVALUE->yy_ch_buf;
| 	char *source = (yytext_ptr);
| 	int number_to_move, i;
| 	int ret_val;
| 
| 	if ( (yy_c_buf_p) > &YY_CURRENT_BUFFER_LVALUE->yy_ch_buf[(yy_n_chars) + 1] )
| 		YY_FATAL_ERROR(
| 		"fatal flex scanner internal error--end of buffer missed" );
| 
| 	if ( YY_CURRENT_BUFFER_LVALUE->yy_fill_buffer == 0 )
| 		{ /* Don't try to fill the buffer, so this is an EOF. */
| 		if ( (yy_c_buf_p) - (yytext_ptr) - YY_MORE_ADJ == 1 )
| 			{
| 			/* We matched a single character, the EOB, so
| 			 * treat this as a final EOF.
| 			 */
| 			return EOB_ACT_END_OF_FILE;
| 			}
| 
| 		else
| 			{
| 			/* We matched some text prior to the EOB, first
| 			 * process it.
| 			 */
| 			return EOB_ACT_LAST_MATCH;
| 			}
| 		}
| 
| 	/* Try to read more data. */
| 
| 	/* First move last chars to start of buffer. */
| 	number_to_move = (int) ((yy_c_buf_p) - (yytext_ptr) - 1);
| 
| 	for ( i = 0; i < number_to_move; ++i )
| 		*(dest++) = *(source++);
| 
| 	if ( YY_CURRENT_BUFFER_LVALUE->yy_buffer_status == YY_BUFFER_EOF_PENDING )
| 		/* don't do the read, it's not guaranteed to return an EOF,
| 		 * just force an EOF
| 		 */
| 		YY_CURRENT_BUFFER_LVALUE->yy_n_chars = (yy_n_chars) = 0;
| 
| 	else
| 		{
| 			int num_to_read =
| 			YY_CURRENT_BUFFER_LVALUE->yy_buf_size - number_to_move - 1;
| 
| 		while ( num_to_read <= 0 )
| 			{ /* Not enough room in the buffer - grow it. */
| 
| 			YY_FATAL_ERROR(
| "input buffer overflow, can't enlarge buffer because scanner uses REJECT" );
| 
| 			}
| 
| 		if ( num_to_read > YY_READ_BUF_SIZE )
| 			num_to_read = YY_READ_BUF_SIZE;
| 
| 		/* Read in more data. */
| 		YY_INPUT( (&YY_CURRENT_BUFFER_LVALUE->yy_ch_buf[number_to_move]),
| 			(yy_n_chars), num_to_read );
| 
| 		YY_CURRENT_BUFFER_LVALUE->yy_n_chars = (yy_n_chars);
| 		}
| 
| 	if ( (yy_n_chars) == 0 )
| 		{
| 		if ( number_to_move == YY_MORE_ADJ )
| 			{
| 			ret_val = EOB_ACT_END_OF_FILE;
| 			yyrestart( yyin  );
| 			}
| 
| 		else
| 			{
| 			ret_val = EOB_ACT_LAST_MATCH;
| 			YY_CURRENT_BUFFER_LVALUE->yy_buffer_status =
| 				YY_BUFFER_EOF_PENDING;
| 			}
| 		}
| 
| 	else
| 		ret_val = EOB_ACT_CONTINUE_SCAN;
| 
| 	if (((yy_n_chars) + number_to_move) > YY_CURRENT_BUFFER_LVALUE->yy_buf_size) {
| 		/* Extend the array by 50%, plus the number we really need. */
| 		int new_size = (yy_n_chars) + number_to_move + ((yy_n_chars) >> 1);
| 		YY_CURRENT_BUFFER_LVALUE->yy_ch_buf = (char *) yyrealloc(
| 			(void *) YY_CURRENT_BUFFER_LVALUE->yy_ch_buf, (yy_size_t) new_size  );
| 		if ( ! YY_CURRENT_BUFFER_LVALUE->yy_ch_buf )
| 			YY_FATAL_ERROR( "out of dynamic memory in yy_get_next_buffer()" );
| 		/* "- 2" to take care of EOB's */
| 		YY_CURRENT_BUFFER_LVALUE->yy_buf_size = (int) (new_size - 2);
| 	}
| 
| 	(yy_n_chars) += number_to_move;
| 	YY_CURRENT_BUFFER_LVALUE->yy_ch_buf[(yy_n_chars)] = YY_END_OF_BUFFER_CHAR;
| 	YY_CURRENT_BUFFER_LVALUE->yy_ch_buf[(yy_n_chars) + 1] = YY_END_OF_BUFFER_CHAR;
| 
| 	(yytext_ptr) = &YY_CURRENT_BUFFER_LVALUE->yy_ch_buf[0];
| 
| 	return ret_val;
| }
| 
| /* yy_get_previous_state - get the state just before the EOB char was reached */
| 
|     static yy_state_type yy_get_previous_state (void)
| {
| 	yy_state_type yy_current_state;
| 	char *yy_cp;
|     
| 	yy_current_state = (yy_start);
| 
| 	(yy_state_ptr) = (yy_state_buf);
| 	*(yy_state_ptr)++ = yy_current_state;
| 
| 	for ( yy_cp = (yytext_ptr) + YY_MORE_ADJ; yy_cp < (yy_c_buf_p); ++yy_cp )
| 		{
| 		YY_CHAR yy_c = (*yy_cp ? yy_ec[YY_SC_TO_UI(*yy_cp)] : 1);
| 		while ( yy_chk[yy_base[yy_current_state] + yy_c] != yy_current_state )
| 			{
| 			yy_current_state = (int) yy_def[yy_current_state];
| 			if ( yy_current_state >= 13 )
| 				yy_c = yy_meta[yy_c];
| 			}
| 		yy_current_state = yy_nxt[yy_base[yy_current_state] + yy_c];
| 		*(yy_state_ptr)++ = yy_current_state;
| 		}
| 
| 	return yy_current_state;
| }
| 
| /* yy_try_NUL_trans - try to make a transition on the NUL character
|  *
|  * synopsis
|  *	next_state = yy_try_NUL_trans( current_state );
|  */
|     static yy_state_type yy_try_NUL_trans  (yy_state_type yy_current_state )
| {
| 	int yy_is_jam;
|     
| 	YY_CHAR yy_c = 1;
| 	while ( yy_chk[yy_base[yy_current_state] + yy_c] != yy_current_state )
| 		{
| 		yy_current_state = (int) yy_def[yy_current_state];
| 		if ( yy_current_state >= 13 )
| 			yy_c = yy_meta[yy_c];
| 		}
| 	yy_current_state = yy_nxt[yy_base[yy_current_state] + yy_c];
| 	yy_is_jam = (yy_current_state == 12);
| 	if ( ! yy_is_jam )
| 		*(yy_state_ptr)++ = yy_current_state;
| 
| 		return yy_is_jam ? 0 : yy_current_state;
| }
| 
| #ifndef YY_NO_UNPUT
| 
|     static void yyunput (int c, char * yy_bp )
| {
| 	char *yy_cp;
|     
|     yy_cp = (yy_c_buf_p);
| 
| 	/* undo effects of setting up yytext */
| 	*yy_cp = (yy_hold_char);
| 
| 	if ( yy_cp < YY_CURRENT_BUFFER_LVALUE->yy_ch_buf + 2 )
| 		{ /* need to shift things up to make room */
| 		/* +2 for EOB chars. */
| 		int number_to_move = (yy_n_chars) + 2;
| 		char *dest = &YY_CURRENT_BUFFER_LVALUE->yy_ch_buf[
| 					YY_CURRENT_BUFFER_LVALUE->yy_buf_size + 2];
| 		char *source =
| 				&YY_CURRENT_BUFFER_LVALUE->yy_ch_buf[number_to_move];
| 
| 		while ( source > YY_CURRENT_BUFFER_LVALUE->yy_ch_buf )
| 			*--dest = *--source;
| 
| 		yy_cp += (int) (dest - source);
| 		yy_bp += (int) (dest - source);
| 		YY_CURRENT_BUFFER_LVALUE->yy_n_chars =
| 			(yy_n_chars) = (int) YY_CURRENT_BUFFER_LVALUE->yy_buf_size;
| 
| 		if ( yy_cp < YY_CURRENT_BUFFER_LVALUE->yy_ch_buf + 2 )
| 			YY_FATAL_ERROR( "flex scanner push-back overflow" );
| 		}
| 
| 	*--yy_cp = (char) c;
| 
| 	(yytext_ptr) = yy_bp;
| 	(yy_hold_char) = *yy_cp;
| 	(yy_c_buf_p) = yy_cp;
| }
| 
| #endif
| 
| #ifndef YY_NO_INPUT
| #ifdef __cplusplus
|     static int yyinput (void)
| #else
|     static int input  (void)
| #endif
| 
| {
| 	int c;
|     
| 	*(yy_c_buf_p) = (yy_hold_char);
| 
| 	if ( *(yy_c_buf_p) == YY_END_OF_BUFFER_CHAR )
| 		{
| 		/* yy_c_buf_p now points to the character we want to return.
| 		 * If this occurs *before* the EOB characters, then it's a
| 		 * valid NUL; if not, then we've hit the end of the buffer.
| 		 */
| 		if ( (yy_c_buf_p) < &YY_CURRENT_BUFFER_LVALUE->yy_ch_buf[(yy_n_chars)] )
| 			/* This was really a NUL. */
| 			*(yy_c_buf_p) = '\0';
| 
| 		else
| 			{ /* need more input */
| 			int offset = (int) ((yy_c_buf_p) - (yytext_ptr));
| 			++(yy_c_buf_p);
| 
| 			switch ( yy_get_next_buffer(  ) )
| 				{
| 				case EOB_ACT_LAST_MATCH:
| 					/* This happens because yy_g_n_b()
| 					 * sees that we've accumulated a
| 					 * token and flags that we need to
| 					 * try matching the token before
| 					 * proceeding.  But for input(),
| 					 * there's no matching to consider.
| 					 * So convert the EOB_ACT_LAST_MATCH
| 					 * to EOB_ACT_END_OF_FILE.
| 					 */
| 
| 					/* Reset buffer status. */
| 					yyrestart( yyin );
| 
| 					/*FALLTHROUGH*/
| 
| 				case EOB_ACT_END_OF_FILE:
| 					{
| 					if ( yywrap(  ) )
| 						return 0;
| 
| 					if ( ! (yy_did_buffer_switch_on_eof) )
| 						YY_NEW_FILE;
| #ifdef __cplusplus
| 					return yyinput();
| #else
| 					return input();
| #endif
| 					}
| 
| 				case EOB_ACT_CONTINUE_SCAN:
| 					(yy_c_buf_p) = (yytext_ptr) + offset;
| 					break;
| 				}
| 			}
| 		}
| 
| 	c = *(unsigned char *) (yy_c_buf_p);	/* cast for 8-bit char's */
| 	*(yy_c_buf_p) = '\0';	/* preserve yytext */
| 	(yy_hold_char) = *++(yy_c_buf_p);
| 
| 	return c;
| }
| #endif	/* ifndef YY_NO_INPUT */
| 
| /** Immediately switch to a different input stream.
|  * @param input_file A readable stream.
|  * 
|  * @note This function does not reset the start condition to @c INITIAL .
|  */
|     void yyrestart  (FILE * input_file )
| {
|     
| 	if ( ! YY_CURRENT_BUFFER ){
|         yyensure_buffer_stack ();
| 		YY_CURRENT_BUFFER_LVALUE =
|             yy_create_buffer( yyin, YY_BUF_SIZE );
| 	}
| 
| 	yy_init_buffer( YY_CURRENT_BUFFER, input_file );
| 	yy_load_buffer_state(  );
| }
| 
| /** Switch to a different input buffer.
|  * @param new_buffer The new input buffer.
|  * 
|  */
|     void yy_switch_to_buffer  (YY_BUFFER_STATE  new_buffer )
| {
|     
| 	/* TODO. We should be able to replace this entire function body
| 	 * with
| 	 *		yypop_buffer_state();
| 	 *		yypush_buffer_state(new_buffer);
|      */
| 	yyensure_buffer_stack ();
| 	if ( YY_CURRENT_BUFFER == new_buffer )
| 		return;
| 
| 	if ( YY_CURRENT_BUFFER )
| 		{
| 		/* Flush out information for old buffer. */
| 		*(yy_c_buf_p) = (yy_hold_char);
| 		YY_CURRENT_BUFFER_LVALUE->yy_buf_pos = (yy_c_buf_p);
| 		YY_CURRENT_BUFFER_LVALUE->yy_n_chars = (yy_n_chars);
| 		}
| 
| 	YY_CURRENT_BUFFER_LVALUE = new_buffer;
| 	yy_load_buffer_state(  );
| 
| 	/* We don't actually know whether we did this switch during
| 	 * EOF (yywrap()) processing, but the only time this flag
| 	 * is looked at is after yywrap() is called, so it's safe
| 	 * to go ahead and always set it.
| 	 */
| 	(yy_did_buffer_switch_on_eof) = 1;
| }
| 
| static void yy_load_buffer_state  (void)
| {
|     	(yy_n_chars) = YY_CURRENT_BUFFER_LVALUE->yy_n_chars;
| 	(yytext_ptr) = (yy_c_buf_p) = YY_CURRENT_BUFFER_LVALUE->yy_buf_pos;
| 	yyin = YY_CURRENT_BUFFER_LVALUE->yy_input_file;
| 	(yy_hold_char) = *(yy_c_buf_p);
| }
| 
| /** Allocate and initialize an input buffer state.
|  * @param file A readable stream.
|  * @param size The character buffer size in bytes. When in doubt, use @c YY_BUF_SIZE.
|  * 
|  * @return the allocated buffer state.
|  */
|     YY_BUFFER_STATE yy_create_buffer  (FILE * file, int  size )
| {
| 	YY_BUFFER_STATE b;
|     
| 	b = (YY_BUFFER_STATE) yyalloc( sizeof( struct yy_buffer_state )  );
| 	if ( ! b )
| 		YY_FATAL_ERROR( "out of dynamic memory in yy_create_buffer()" );
| 
| 	b->yy_buf_size = size;
| 
| 	/* yy_ch_buf has to be 2 characters longer than the size given because
| 	 * we need to put in 2 end-of-buffer characters.
| 	 */
| 	b->yy_ch_buf = (char *) yyalloc( (yy_size_t) (b->yy_buf_size + 2)  );
| 	if ( ! b->yy_ch_buf )
| 		YY_FATAL_ERROR( "out of dynamic memory in yy_create_buffer()" );
| 
| 	b->yy_is_our_buffer = 1;
| 
| 	yy_init_buffer( b, file );
| 
| 	return b;
| }
| 
| /** Destroy the buffer.
|  * @param b a buffer created with yy_create_buffer()
|  * 
|  */
|     void yy_delete_buffer (YY_BUFFER_STATE  b )
| {
|     
| 	if ( ! b )
| 		return;
| 
| 	if ( b == YY_CURRENT_BUFFER ) /* Not sure if we should pop here. */
| 		YY_CURRENT_BUFFER_LVALUE = (YY_BUFFER_STATE) 0;
| 
| 	if ( b->yy_is_our_buffer )
| 		yyfree( (void *) b->yy_ch_buf  );
| 
| 	yyfree( (void *) b  );
| }
| 
| /* Initializes or reinitializes a buffer.
|  * This function is sometimes called more than once on the same buffer,
|  * such as during a yyrestart() or at EOF.
|  */
|     static void yy_init_buffer  (YY_BUFFER_STATE  b, FILE * file )
| 
| {
| 	int oerrno = errno;
|     
| 	yy_flush_buffer( b );
| 
| 	b->yy_input_file = file;
| 	b->yy_fill_buffer = 1;
| 
|     /* If b is the current buffer, then yy_init_buffer was _probably_
|      * called from yyrestart() or through yy_get_next_buffer.
|      * In that case, we don't want to reset the lineno or column.
|      */
|     if (b != YY_CURRENT_BUFFER){
|         b->yy_bs_lineno = 1;
|         b->yy_bs_column = 0;
|     }
| 
|         b->yy_is_interactive = file ? (isatty( fileno(file) ) > 0) : 0;
|     
| 	errno = oerrno;
| }
| 
| /** Discard all buffered characters. On the next scan, YY_INPUT will be called.
|  * @param b the buffer state to be flushed, usually @c YY_CURRENT_BUFFER.
|  * 
|  */
|     void yy_flush_buffer (YY_BUFFER_STATE  b )
| {
|     	if ( ! b )
| 		return;
| 
| 	b->yy_n_chars = 0;
| 
| 	/* We always need two end-of-buffer characters.  The first causes
| 	 * a transition to the end-of-buffer state.  The second causes
| 	 * a jam in that state.
| 	 */
| 	b->yy_ch_buf[0] = YY_END_OF_BUFFER_CHAR;
| 	b->yy_ch_buf[1] = YY_END_OF_BUFFER_CHAR;
| 
| 	b->yy_buf_pos = &b->yy_ch_buf[0];
| 
| 	b->yy_at_bol = 1;
| 	b->yy_buffer_status = YY_BUFFER_NEW;
| 
| 	if ( b == YY_CURRENT_BUFFER )
| 		yy_load_buffer_state(  );
| }
| 
| /** Pushes the new state onto the stack. The new state becomes
|  *  the current state. This function will allocate the stack
|  *  if necessary.
|  *  @param new_buffer The new state.
|  *  
|  */
| void yypush_buffer_state (YY_BUFFER_STATE new_buffer )
| {
|     	if (new_buffer == NULL)
| 		return;
| 
| 	yyensure_buffer_stack();
| 
| 	/* This block is copied from yy_switch_to_buffer. */
| 	if ( YY_CURRENT_BUFFER )
| 		{
| 		/* Flush out information for old buffer. */
| 		*(yy_c_buf_p) = (yy_hold_char);
| 		YY_CURRENT_BUFFER_LVALUE->yy_buf_pos = (yy_c_buf_p);
| 		YY_CURRENT_BUFFER_LVALUE->yy_n_chars = (yy_n_chars);
| 		}
| 
| 	/* Only push if top exists. Otherwise, replace top. */
| 	if (YY_CURRENT_BUFFER)
| 		(yy_buffer_stack_top)++;
| 	YY_CURRENT_BUFFER_LVALUE = new_buffer;
| 
| 	/* copied from yy_switch_to_buffer. */
| 	yy_load_buffer_state(  );
| 	(yy_did_buffer_switch_on_eof) = 1;
| }
| 
| /** Removes and deletes the top of the stack, if present.
|  *  The next element becomes the new top.
|  *  
|  */
| void yypop_buffer_state (void)
| {
|     	if (!YY_CURRENT_BUFFER)
| 		return;
| 
| 	yy_delete_buffer(YY_CURRENT_BUFFER );
| 	YY_CURRENT_BUFFER_LVALUE = NULL;
| 	if ((yy_buffer_stack_top) > 0)
| 		--(yy_buffer_stack_top);
| 
| 	if (YY_CURRENT_BUFFER) {
| 		yy_load_buffer_state(  );
| 		(yy_did_buffer_switch_on_eof) = 1;
| 	}
| }
| 
| /* Allocates the stack if it does not exist.
|  *  Guarantees space for at least one push.
|  */
| static void yyensure_buffer_stack (void)
| {
| 	yy_size_t num_to_alloc;
|     
| 	if (!(yy_buffer_stack)) {
| 
| 		/* First allocation is just for 2 elements, since we don't know if this
| 		 * scanner will even need a stack. We use 2 instead of 1 to avoid an
| 		 * immediate realloc on the next call.
|          */
|       num_to_alloc = 1; /* After all that talk, this was set to 1 anyways... */
| 		(yy_buffer_stack) = (struct yy_buffer_state**)yyalloc
| 								(num_to_alloc * sizeof(struct yy_buffer_state*)
| 								);
| 		if ( ! (yy_buffer_stack) )
| 			YY_FATAL_ERROR( "out of dynamic memory in yyensure_buffer_stack()" );
| 
| 		memset((yy_buffer_stack), 0, num_to_alloc * sizeof(struct yy_buffer_state*));
| 
| 		(yy_buffer_stack_max) = num_to_alloc;
| 		(yy_buffer_stack_top) = 0;
| 		return;
| 	}
| 
| 	if ((yy_buffer_stack_top) >= ((yy_buffer_stack_max)) - 1){
| 
| 		/* Increase the buffer to prepare for a possible push. */
| 		yy_size_t grow_size = 8 /* arbitrary grow size */;
| 
| 		num_to_alloc = (yy_buffer_stack_max) + grow_size;
| 		(yy_buffer_stack) = (struct yy_buffer_state**)yyrealloc
| 								((yy_buffer_stack),
| 								num_to_alloc * sizeof(struct yy_buffer_state*)
| 								);
| 		if ( ! (yy_buffer_stack) )
| 			YY_FATAL_ERROR( "out of dynamic memory in yyensure_buffer_stack()" );
| 
| 		/* zero only the new slots.*/
| 		memset((yy_buffer_stack) + (yy_buffer_stack_max), 0, grow_size * sizeof(struct yy_buffer_state*));
| 		(yy_buffer_stack_max) = num_to_alloc;
| 	}
| }
| 
| /** Setup the input buffer state to scan directly from a user-specified character buffer.
|  * @param base the character buffer
|  * @param size the size in bytes of the character buffer
|  * 
|  * @return the newly allocated buffer state object.
|  */
| YY_BUFFER_STATE yy_scan_buffer  (char * base, yy_size_t  size )
| {
| 	YY_BUFFER_STATE b;
|     
| 	if ( size < 2 ||
| 	     base[size-2] != YY_END_OF_BUFFER_CHAR ||
| 	     base[size-1] != YY_END_OF_BUFFER_CHAR )
| 		/* They forgot to leave room for the EOB's. */
| 		return NULL;
| 
| 	b = (YY_BUFFER_STATE) yyalloc( sizeof( struct yy_buffer_state )  );
| 	if ( ! b )
| 		YY_FATAL_ERROR( "out of dynamic memory in yy_scan_buffer()" );
| 
| 	b->yy_buf_size = (int) (size - 2);	/* "- 2" to take care of EOB's */
| 	b->yy_buf_pos = b->yy_ch_buf = base;
| 	b->yy_is_our_buffer = 0;
| 	b->yy_input_file = NULL;
| 	b->yy_n_chars = b->yy_buf_size;
| 	b->yy_is_interactive = 0;
| 	b->yy_at_bol = 1;
| 	b->yy_fill_buffer = 0;
| 	b->yy_buffer_status = YY_BUFFER_NEW;
| 
| 	yy_switch_to_buffer( b  );
| 
| 	return b;
| }
| 
| /** Setup the input buffer state to scan a string. The next call to yylex() will
|  * scan from a @e copy of @a str.
|  * @param yystr a NUL-terminated string to scan
|  * 
|  * @return the newly allocated buffer state object.
|  * @note If you want to scan bytes that may contain NUL values, then use
|  *       yy_scan_bytes() instead.
|  */
| YY_BUFFER_STATE yy_scan_string (const char * yystr )
| {
|     
| 	return yy_scan_bytes( yystr, (int) strlen(yystr) );
| }
| 
| /** Setup the input buffer state to scan the given bytes. The next call to yylex() will
|  * scan from a @e copy of @a bytes.
|  * @param yybytes the byte buffer to scan
|  * @param _yybytes_len the number of bytes in the buffer pointed to by @a bytes.
|  * 
|  * @return the newly allocated buffer state object.
|  */
| YY_BUFFER_STATE yy_scan_bytes  (const char * yybytes, int  _yybytes_len )
| {
| 	YY_BUFFER_STATE b;
| 	char *buf;
| 	yy_size_t n;
| 	int i;
|     
| 	/* Get memory for full buffer, including space for trailing EOB's. */
| 	n = (yy_size_t) (_yybytes_len + 2);
| 	buf = (char *) yyalloc( n  );
| 	if ( ! buf )
| 		YY_FATAL_ERROR( "out of dynamic memory in yy_scan_bytes()" );
| 
| 	for ( i = 0; i < _yybytes_len; ++i )
| 		buf[i] = yybytes[i];
| 
| 	buf[_yybytes_len] = buf[_yybytes_len+1] = YY_END_OF_BUFFER_CHAR;
| 
| 	b = yy_scan_buffer( buf, n );
| 	if ( ! b )
| 		YY_FATAL_ERROR( "bad buffer in yy_scan_bytes()" );
| 
| 	/* It's okay to grow etc. this buffer, and we should throw it
| 	 * away when we're done.
| 	 */
| 	b->yy_is_our_buffer = 1;
| 
| 	return b;
| }
| 
| #ifndef YY_EXIT_FAILURE
| #define YY_EXIT_FAILURE 2
| #endif
| 
| static void yynoreturn yy_fatal_error (const char* msg )
| {
| 			fprintf( stderr, "%s\n", msg );
| 	exit( YY_EXIT_FAILURE );
| }
| 
| /* Redefine yyless() so it works in section 3 code. */
| 
| #undef yyless
| #define yyless(n) \
| 	do \
| 		{ \
| 		/* Undo effects of setting up yytext. */ \
|         int yyless_macro_arg = (n); \
|         YY_LESS_LINENO(yyless_macro_arg);\
| 		yytext[yyleng] = (yy_hold_char); \
| 		(yy_c_buf_p) = yytext + yyless_macro_arg; \
| 		(yy_hold_char) = *(yy_c_buf_p); \
| 		*(yy_c_buf_p) = '\0'; \
| 		yyleng = yyless_macro_arg; \
| 		} \
| 	while ( 0 )
| 
| /* Accessor  methods (get/set functions) to struct members. */
| 
| /** Get the current line number.
|  * 
|  */
| int yyget_lineno  (void)
| {
|     
|     return yylineno;
| }
| 
| /** Get the input stream.
|  * 
|  */
| FILE *yyget_in  (void)
| {
|         return yyin;
| }
| 
| /** Get the output stream.
|  * 
|  */
| FILE *yyget_out  (void)
| {
|         return yyout;
| }
| 
| /** Get the length of the current token.
|  * 
|  */
| int yyget_leng  (void)
| {
|         return yyleng;
| }
| 
| /** Get the current token.
|  * 
|  */
| 
| char *yyget_text  (void)
| {
|         return yytext;
| }
| 
| /** Set the current line number.
|  * @param _line_number line number
|  * 
|  */
| void yyset_lineno (int  _line_number )
| {
|     
|     yylineno = _line_number;
| }
| 
| /** Set the input stream. This does not discard the current
|  * input buffer.
|  * @param _in_str A readable stream.
|  * 
|  * @see yy_switch_to_buffer
|  */
| void yyset_in (FILE *  _in_str )
| {
|         yyin = _in_str ;
| }
| 
| void yyset_out (FILE *  _out_str )
| {
|         yyout = _out_str ;
| }
| 
| int yyget_debug  (void)
| {
|         return yy_flex_debug;
| }
| 
| void yyset_debug (int  _bdebug )
| {
|         yy_flex_debug = _bdebug ;
| }
| 
| static int yy_init_globals (void)
| {
|         /* Initialization is the same as for the non-reentrant scanner.
|      * This function is called from yylex_destroy(), so don't allocate here.
|      */
| 
|     (yy_buffer_stack) = NULL;
|     (yy_buffer_stack_top) = 0;
|     (yy_buffer_stack_max) = 0;
|     (yy_c_buf_p) = NULL;
|     (yy_init) = 0;
|     (yy_start) = 0;
| 
|     (yy_state_buf) = 0;
|     (yy_state_ptr) = 0;
|     (yy_full_match) = 0;
|     (yy_lp) = 0;
| 
| /* Defined in main.c */
| #ifdef YY_STDINIT
|     yyin = stdin;
|     yyout = stdout;
| #else
|     yyin = NULL;
|     yyout = NULL;
| #endif
| 
|     /* For future reference: Set errno on error, since we are called by
|      * yylex_init()
|      */
|     return 0;
| }
| 
| /* yylex_destroy is for both reentrant and non-reentrant scanners. */
| int yylex_destroy  (void)
| {
|     
|     /* Pop the buffer stack, destroying each element. */
| 	while(YY_CURRENT_BUFFER){
| 		yy_delete_buffer( YY_CURRENT_BUFFER  );
| 		YY_CURRENT_BUFFER_LVALUE = NULL;
| 		yypop_buffer_state();
| 	}
| 
| 	/* Destroy the stack itself. */
| 	yyfree((yy_buffer_stack) );
| 	(yy_buffer_stack) = NULL;
| 
|     yyfree ( (yy_state_buf) );
|     (yy_state_buf)  = NULL;
| 
|     /* Reset the globals. This is important in a non-reentrant scanner so the next time
|      * yylex() is called, initialization will occur. */
|     yy_init_globals( );
| 
|     return 0;
| }
| 
| /*
|  * Internal utility routines.
|  */
| 
| #ifndef yytext_ptr
| static void yy_flex_strncpy (char* s1, const char * s2, int n )
| {
| 		
| 	int i;
| 	for ( i = 0; i < n; ++i )
| 		s1[i] = s2[i];
| }
| #endif
| 
| #ifdef YY_NEED_STRLEN
| static int yy_flex_strlen (const char * s )
| {
| 	int n;
| 	for ( n = 0; s[n]; ++n )
| 		;
| 
| 	return n;
| }
| #endif
| 
| void *yyalloc (yy_size_t  size )
| {
| 			return malloc(size);
| }
| 
| void *yyrealloc  (void * ptr, yy_size_t  size )
| {
| 		
| 	/* The cast to (char *) in the following accommodates both
| 	 * implementations that use char* generic pointers, and those
| 	 * that use void* generic pointers.  It works with the latter
| 	 * because both ANSI C and C++ allow castless assignment from
| 	 * any pointer type to void*, and deal with argument conversions
| 	 * as though doing an assignment.
| 	 */
| 	return realloc(ptr, size);
| }
| 
| void yyfree (void * ptr )
| {
| 			free( (char *) ptr );	/* see yyrealloc() for (char *) cast */
| }
| 
| #define YYTABLES_NAME "yytables"
| 
| #line 10 "conftest.l"
| 
| #ifdef YYTEXT_POINTER
| extern char *yytext;
| #endif
| int
| main (void)
| {
|   return ! yylex () + ! yywrap ();
| }
configure:4279: result: none needed
configure:4285: checking whether yytext is a pointer
configure:4302: /opt/lede-toolchain-ramips-mt7621_gcc-5.4.0_musl-1.1.24.Linux-x86_64/toolchain-mipsel_24kc_gcc-5.4.0_musl-1.1.24/bin/mipsel-openwrt-linux-musl-gcc -o conftest -Wall -Os -ffunction-sections -fdata-sections -fPIC -DLINUX26 -DCONFIG_RALINK -DMUSL_LIBC -DDEBUG_NOISY -DDEBUG_RCTEST -D_GNU_SOURCE -D__UAPI_DEF_ETHHDR -DRALINK_DBDC_MODE -pipe -funit-at-a-time -Wno-pointer-sign -mtune=mips32 -mips32 -DLINUX_KERNEL_VERSION=263366 --sysroot=/opt/lede-toolchain-ramips-mt7621_gcc-5.4.0_musl-1.1.24.Linux-x86_64/toolchain-mipsel_24kc_gcc-5.4.0_musl-1.1.24   -Wl,--gc-sections  conftest.c   >&5
/tmp/ccg3yUWk.o: In function `yylex':
conftest.c:(.text.yylex+0x400): undefined reference to `yywrap'
conftest.c:(.text.yylex+0x5bc): undefined reference to `yywrap'
conftest.c:(.text.yylex+0x3ec): undefined reference to `yywrap'
conftest.c:(.text.yylex+0x5b8): undefined reference to `yywrap'
/tmp/ccg3yUWk.o: In function `main':
conftest.c:(.text.startup.main+0x30): undefined reference to `yywrap'
/tmp/ccg3yUWk.o:conftest.c:(.text.startup.main+0x34): more undefined references to `yywrap' follow
collect2: error: ld returned 1 exit status
configure:4302: $? = 1
configure: failed program was:
| /* confdefs.h */
| #define PACKAGE_NAME "libConfuse"
| #define PACKAGE_TARNAME "confuse"
| #define PACKAGE_VERSION "3.2.2"
| #define PACKAGE_STRING "libConfuse 3.2.2"
| #define PACKAGE_BUGREPORT "https://github.com/martinh/libconfuse/issues"
| #define PACKAGE_URL ""
| #define PACKAGE "confuse"
| #define VERSION "3.2.2"
| /* end confdefs.h.  */
| 
|   #define YYTEXT_POINTER 1
| 
| #line 3 "lex.yy.c"
| 
| #define  YY_INT_ALIGNED short int
| 
| /* A lexical scanner generated by flex */
| 
| #define FLEX_SCANNER
| #define YY_FLEX_MAJOR_VERSION 2
| #define YY_FLEX_MINOR_VERSION 6
| #define YY_FLEX_SUBMINOR_VERSION 4
| #if YY_FLEX_SUBMINOR_VERSION > 0
| #define FLEX_BETA
| #endif
| 
| /* First, we deal with  platform-specific or compiler-specific issues. */
| 
| /* begin standard C headers. */
| #include <stdio.h>
| #include <string.h>
| #include <errno.h>
| #include <stdlib.h>
| 
| /* end standard C headers. */
| 
| /* flex integer type definitions */
| 
| #ifndef FLEXINT_H
| #define FLEXINT_H
| 
| /* C99 systems have <inttypes.h>. Non-C99 systems may or may not. */
| 
| #if defined (__STDC_VERSION__) && __STDC_VERSION__ >= 199901L
| 
| /* C99 says to define __STDC_LIMIT_MACROS before including stdint.h,
|  * if you want the limit (max/min) macros for int types. 
|  */
| #ifndef __STDC_LIMIT_MACROS
| #define __STDC_LIMIT_MACROS 1
| #endif
| 
| #include <inttypes.h>
| typedef int8_t flex_int8_t;
| typedef uint8_t flex_uint8_t;
| typedef int16_t flex_int16_t;
| typedef uint16_t flex_uint16_t;
| typedef int32_t flex_int32_t;
| typedef uint32_t flex_uint32_t;
| #else
| typedef signed char flex_int8_t;
| typedef short int flex_int16_t;
| typedef int flex_int32_t;
| typedef unsigned char flex_uint8_t; 
| typedef unsigned short int flex_uint16_t;
| typedef unsigned int flex_uint32_t;
| 
| /* Limits of integral types. */
| #ifndef INT8_MIN
| #define INT8_MIN               (-128)
| #endif
| #ifndef INT16_MIN
| #define INT16_MIN              (-32767-1)
| #endif
| #ifndef INT32_MIN
| #define INT32_MIN              (-2147483647-1)
| #endif
| #ifndef INT8_MAX
| #define INT8_MAX               (127)
| #endif
| #ifndef INT16_MAX
| #define INT16_MAX              (32767)
| #endif
| #ifndef INT32_MAX
| #define INT32_MAX              (2147483647)
| #endif
| #ifndef UINT8_MAX
| #define UINT8_MAX              (255U)
| #endif
| #ifndef UINT16_MAX
| #define UINT16_MAX             (65535U)
| #endif
| #ifndef UINT32_MAX
| #define UINT32_MAX             (4294967295U)
| #endif
| 
| #ifndef SIZE_MAX
| #define SIZE_MAX               (~(size_t)0)
| #endif
| 
| #endif /* ! C99 */
| 
| #endif /* ! FLEXINT_H */
| 
| /* begin standard C++ headers. */
| 
| /* TODO: this is always defined, so inline it */
| #define yyconst const
| 
| #if defined(__GNUC__) && __GNUC__ >= 3
| #define yynoreturn __attribute__((__noreturn__))
| #else
| #define yynoreturn
| #endif
| 
| /* Returned upon end-of-file. */
| #define YY_NULL 0
| 
| /* Promotes a possibly negative, possibly signed char to an
|  *   integer in range [0..255] for use as an array index.
|  */
| #define YY_SC_TO_UI(c) ((YY_CHAR) (c))
| 
| /* Enter a start condition.  This macro really ought to take a parameter,
|  * but we do it the disgusting crufty way forced on us by the ()-less
|  * definition of BEGIN.
|  */
| #define BEGIN (yy_start) = 1 + 2 *
| /* Translate the current start state into a value that can be later handed
|  * to BEGIN to return to the state.  The YYSTATE alias is for lex
|  * compatibility.
|  */
| #define YY_START (((yy_start) - 1) / 2)
| #define YYSTATE YY_START
| /* Action number for EOF rule of a given start state. */
| #define YY_STATE_EOF(state) (YY_END_OF_BUFFER + state + 1)
| /* Special action meaning "start processing a new file". */
| #define YY_NEW_FILE yyrestart( yyin  )
| #define YY_END_OF_BUFFER_CHAR 0
| 
| /* Size of default input buffer. */
| #ifndef YY_BUF_SIZE
| #ifdef __ia64__
| /* On IA-64, the buffer size is 16k, not 8k.
|  * Moreover, YY_BUF_SIZE is 2*YY_READ_BUF_SIZE in the general case.
|  * Ditto for the __ia64__ case accordingly.
|  */
| #define YY_BUF_SIZE 32768
| #else
| #define YY_BUF_SIZE 16384
| #endif /* __ia64__ */
| #endif
| 
| /* The state buf must be large enough to hold one state per character in the main buffer.
|  */
| #define YY_STATE_BUF_SIZE   ((YY_BUF_SIZE + 2) * sizeof(yy_state_type))
| 
| #ifndef YY_TYPEDEF_YY_BUFFER_STATE
| #define YY_TYPEDEF_YY_BUFFER_STATE
| typedef struct yy_buffer_state *YY_BUFFER_STATE;
| #endif
| 
| #ifndef YY_TYPEDEF_YY_SIZE_T
| #define YY_TYPEDEF_YY_SIZE_T
| typedef size_t yy_size_t;
| #endif
| 
| extern int yyleng;
| 
| extern FILE *yyin, *yyout;
| 
| #define EOB_ACT_CONTINUE_SCAN 0
| #define EOB_ACT_END_OF_FILE 1
| #define EOB_ACT_LAST_MATCH 2
|     
|     #define YY_LESS_LINENO(n)
|     #define YY_LINENO_REWIND_TO(ptr)
|     
| /* Return all but the first "n" matched characters back to the input stream. */
| #define yyless(n) \
| 	do \
| 		{ \
| 		/* Undo effects of setting up yytext. */ \
|         int yyless_macro_arg = (n); \
|         YY_LESS_LINENO(yyless_macro_arg);\
| 		*yy_cp = (yy_hold_char); \
| 		YY_RESTORE_YY_MORE_OFFSET \
| 		(yy_c_buf_p) = yy_cp = yy_bp + yyless_macro_arg - YY_MORE_ADJ; \
| 		YY_DO_BEFORE_ACTION; /* set up yytext again */ \
| 		} \
| 	while ( 0 )
| #define unput(c) yyunput( c, (yytext_ptr)  )
| 
| #ifndef YY_STRUCT_YY_BUFFER_STATE
| #define YY_STRUCT_YY_BUFFER_STATE
| struct yy_buffer_state
| 	{
| 	FILE *yy_input_file;
| 
| 	char *yy_ch_buf;		/* input buffer */
| 	char *yy_buf_pos;		/* current position in input buffer */
| 
| 	/* Size of input buffer in bytes, not including room for EOB
| 	 * characters.
| 	 */
| 	int yy_buf_size;
| 
| 	/* Number of characters read into yy_ch_buf, not including EOB
| 	 * characters.
| 	 */
| 	int yy_n_chars;
| 
| 	/* Whether we "own" the buffer - i.e., we know we created it,
| 	 * and can realloc() it to grow it, and should free() it to
| 	 * delete it.
| 	 */
| 	int yy_is_our_buffer;
| 
| 	/* Whether this is an "interactive" input source; if so, and
| 	 * if we're using stdio for input, then we want to use getc()
| 	 * instead of fread(), to make sure we stop fetching input after
| 	 * each newline.
| 	 */
| 	int yy_is_interactive;
| 
| 	/* Whether we're considered to be at the beginning of a line.
| 	 * If so, '^' rules will be active on the next match, otherwise
| 	 * not.
| 	 */
| 	int yy_at_bol;
| 
|     int yy_bs_lineno; /**< The line count. */
|     int yy_bs_column; /**< The column count. */
| 
| 	/* Whether to try to fill the input buffer when we reach the
| 	 * end of it.
| 	 */
| 	int yy_fill_buffer;
| 
| 	int yy_buffer_status;
| 
| #define YY_BUFFER_NEW 0
| #define YY_BUFFER_NORMAL 1
| 	/* When an EOF's been seen but there's still some text to process
| 	 * then we mark the buffer as YY_EOF_PENDING, to indicate that we
| 	 * shouldn't try reading from the input source any more.  We might
| 	 * still have a bunch of tokens to match, though, because of
| 	 * possible backing-up.
| 	 *
| 	 * When we actually see the EOF, we change the status to "new"
| 	 * (via yyrestart()), so that the user can continue scanning by
| 	 * just pointing yyin at a new input file.
| 	 */
| #define YY_BUFFER_EOF_PENDING 2
| 
| 	};
| #endif /* !YY_STRUCT_YY_BUFFER_STATE */
| 
| /* Stack of input buffers. */
| static size_t yy_buffer_stack_top = 0; /**< index of top of stack. */
| static size_t yy_buffer_stack_max = 0; /**< capacity of stack. */
| static YY_BUFFER_STATE * yy_buffer_stack = NULL; /**< Stack as an array. */
| 
| /* We provide macros for accessing buffer states in case in the
|  * future we want to put the buffer states in a more general
|  * "scanner state".
|  *
|  * Returns the top of the stack, or NULL.
|  */
| #define YY_CURRENT_BUFFER ( (yy_buffer_stack) \
|                           ? (yy_buffer_stack)[(yy_buffer_stack_top)] \
|                           : NULL)
| /* Same as previous macro, but useful when we know that the buffer stack is not
|  * NULL or when we need an lvalue. For internal use only.
|  */
| #define YY_CURRENT_BUFFER_LVALUE (yy_buffer_stack)[(yy_buffer_stack_top)]
| 
| /* yy_hold_char holds the character lost when yytext is formed. */
| static char yy_hold_char;
| static int yy_n_chars;		/* number of characters read into yy_ch_buf */
| int yyleng;
| 
| /* Points to current character in buffer. */
| static char *yy_c_buf_p = NULL;
| static int yy_init = 0;		/* whether we need to initialize */
| static int yy_start = 0;	/* start state number */
| 
| /* Flag which is used to allow yywrap()'s to do buffer switches
|  * instead of setting up a fresh yyin.  A bit of a hack ...
|  */
| static int yy_did_buffer_switch_on_eof;
| 
| void yyrestart ( FILE *input_file  );
| void yy_switch_to_buffer ( YY_BUFFER_STATE new_buffer  );
| YY_BUFFER_STATE yy_create_buffer ( FILE *file, int size  );
| void yy_delete_buffer ( YY_BUFFER_STATE b  );
| void yy_flush_buffer ( YY_BUFFER_STATE b  );
| void yypush_buffer_state ( YY_BUFFER_STATE new_buffer  );
| void yypop_buffer_state ( void );
| 
| static void yyensure_buffer_stack ( void );
| static void yy_load_buffer_state ( void );
| static void yy_init_buffer ( YY_BUFFER_STATE b, FILE *file  );
| #define YY_FLUSH_BUFFER yy_flush_buffer( YY_CURRENT_BUFFER )
| 
| YY_BUFFER_STATE yy_scan_buffer ( char *base, yy_size_t size  );
| YY_BUFFER_STATE yy_scan_string ( const char *yy_str  );
| YY_BUFFER_STATE yy_scan_bytes ( const char *bytes, int len  );
| 
| void *yyalloc ( yy_size_t  );
| void *yyrealloc ( void *, yy_size_t  );
| void yyfree ( void *  );
| 
| #define yy_new_buffer yy_create_buffer
| #define yy_set_interactive(is_interactive) \
| 	{ \
| 	if ( ! YY_CURRENT_BUFFER ){ \
|         yyensure_buffer_stack (); \
| 		YY_CURRENT_BUFFER_LVALUE =    \
|             yy_create_buffer( yyin, YY_BUF_SIZE ); \
| 	} \
| 	YY_CURRENT_BUFFER_LVALUE->yy_is_interactive = is_interactive; \
| 	}
| #define yy_set_bol(at_bol) \
| 	{ \
| 	if ( ! YY_CURRENT_BUFFER ){\
|         yyensure_buffer_stack (); \
| 		YY_CURRENT_BUFFER_LVALUE =    \
|             yy_create_buffer( yyin, YY_BUF_SIZE ); \
| 	} \
| 	YY_CURRENT_BUFFER_LVALUE->yy_at_bol = at_bol; \
| 	}
| #define YY_AT_BOL() (YY_CURRENT_BUFFER_LVALUE->yy_at_bol)
| 
| /* Begin user sect3 */
| typedef flex_uint8_t YY_CHAR;
| 
| FILE *yyin = NULL, *yyout = NULL;
| 
| typedef int yy_state_type;
| 
| extern int yylineno;
| int yylineno = 1;
| 
| extern char *yytext;
| #ifdef yytext_ptr
| #undef yytext_ptr
| #endif
| #define yytext_ptr yytext
| 
| static yy_state_type yy_get_previous_state ( void );
| static yy_state_type yy_try_NUL_trans ( yy_state_type current_state  );
| static int yy_get_next_buffer ( void );
| static void yynoreturn yy_fatal_error ( const char* msg  );
| 
| /* Done after the current pattern has been matched and before the
|  * corresponding action - sets up yytext.
|  */
| #define YY_DO_BEFORE_ACTION \
| 	(yytext_ptr) = yy_bp; \
| 	(yytext_ptr) -= (yy_more_len); \
| 	yyleng = (int) (yy_cp - (yytext_ptr)); \
| 	(yy_hold_char) = *yy_cp; \
| 	*yy_cp = '\0'; \
| 	(yy_c_buf_p) = yy_cp;
| #define YY_NUM_RULES 8
| #define YY_END_OF_BUFFER 9
| /* This struct is not used in this scanner,
|    but its presence is necessary. */
| struct yy_trans_info
| 	{
| 	flex_int32_t yy_verify;
| 	flex_int32_t yy_nxt;
| 	};
| static const flex_int16_t yy_acclist[23] =
|     {   0,
|         9,    7,    8,    8,    1,    7,    8,    2,    7,    8,
|         3,    7,    8,    4,    7,    8,    5,    7,    8,    6,
|         7,    8
|     } ;
| 
| static const flex_int16_t yy_accept[14] =
|     {   0,
|         1,    1,    1,    2,    4,    5,    8,   11,   14,   17,
|        20,   23,   23
|     } ;
| 
| static const YY_CHAR yy_ec[256] =
|     {   0,
|         1,    1,    1,    1,    1,    1,    1,    1,    1,    2,
|         1,    1,    1,    1,    1,    1,    1,    1,    1,    1,
|         1,    1,    1,    1,    1,    1,    1,    1,    1,    1,
|         1,    1,    1,    1,    1,    1,    1,    1,    1,    1,
|         1,    1,    1,    1,    1,    1,    1,    1,    1,    1,
|         1,    1,    1,    1,    1,    1,    1,    1,    1,    1,
|         1,    1,    1,    1,    1,    1,    1,    1,    1,    1,
|         1,    1,    1,    1,    1,    1,    1,    1,    1,    1,
|         1,    1,    1,    1,    1,    1,    1,    1,    1,    1,
|         1,    1,    1,    1,    1,    1,    3,    4,    5,    6,
| 
|         7,    8,    1,    1,    1,    1,    1,    1,    1,    1,
|         1,    1,    1,    1,    1,    1,    1,    1,    1,    1,
|         1,    1,    1,    1,    1,    1,    1,    1,    1,    1,
|         1,    1,    1,    1,    1,    1,    1,    1,    1,    1,
|         1,    1,    1,    1,    1,    1,    1,    1,    1,    1,
|         1,    1,    1,    1,    1,    1,    1,    1,    1,    1,
|         1,    1,    1,    1,    1,    1,    1,    1,    1,    1,
|         1,    1,    1,    1,    1,    1,    1,    1,    1,    1,
|         1,    1,    1,    1,    1,    1,    1,    1,    1,    1,
|         1,    1,    1,    1,    1,    1,    1,    1,    1,    1,
| 
|         1,    1,    1,    1,    1,    1,    1,    1,    1,    1,
|         1,    1,    1,    1,    1,    1,    1,    1,    1,    1,
|         1,    1,    1,    1,    1,    1,    1,    1,    1,    1,
|         1,    1,    1,    1,    1,    1,    1,    1,    1,    1,
|         1,    1,    1,    1,    1,    1,    1,    1,    1,    1,
|         1,    1,    1,    1,    1
|     } ;
| 
| static const YY_CHAR yy_meta[9] =
|     {   0,
|         1,    1,    1,    1,    1,    1,    1,    1
|     } ;
| 
| static const flex_int16_t yy_base[13] =
|     {   0,
|         0,    0,    9,   10,   10,   10,   10,   10,   10,   10,
|        10,   10
|     } ;
| 
| static const flex_int16_t yy_def[13] =
|     {   0,
|        12,    1,   12,   12,   12,   12,   12,   12,   12,   12,
|        12,    0
|     } ;
| 
| static const flex_int16_t yy_nxt[19] =
|     {   0,
|         4,    5,    6,    7,    8,    9,   10,   11,   12,    3,
|        12,   12,   12,   12,   12,   12,   12,   12
|     } ;
| 
| static const flex_int16_t yy_chk[19] =
|     {   0,
|         1,    1,    1,    1,    1,    1,    1,    1,    3,   12,
|        12,   12,   12,   12,   12,   12,   12,   12
|     } ;
| 
| extern int yy_flex_debug;
| int yy_flex_debug = 0;
| 
| static yy_state_type *yy_state_buf=0, *yy_state_ptr=0;
| static char *yy_full_match;
| static int yy_lp;
| #define REJECT \
| { \
| *yy_cp = (yy_hold_char); /* undo effects of setting up yytext */ \
| yy_cp = (yy_full_match); /* restore poss. backed-over text */ \
| ++(yy_lp); \
| goto find_rule; \
| }
| 
| static int yy_more_flag = 0;
| static int yy_more_len = 0;
| #define yymore() ((yy_more_flag) = 1)
| #define YY_MORE_ADJ (yy_more_len)
| #define YY_RESTORE_YY_MORE_OFFSET
| char *yytext;
| #line 1 "conftest.l"
| #line 460 "lex.yy.c"
| 
| #define INITIAL 0
| 
| #ifndef YY_NO_UNISTD_H
| /* Special case for "unistd.h", since it is non-ANSI. We include it way
|  * down here because we want the user's section 1 to have been scanned first.
|  * The user has a chance to override it with an option.
|  */
| #include <unistd.h>
| #endif
| 
| #ifndef YY_EXTRA_TYPE
| #define YY_EXTRA_TYPE void *
| #endif
| 
| static int yy_init_globals ( void );
| 
| /* Accessor methods to globals.
|    These are made visible to non-reentrant scanners for convenience. */
| 
| int yylex_destroy ( void );
| 
| int yyget_debug ( void );
| 
| void yyset_debug ( int debug_flag  );
| 
| YY_EXTRA_TYPE yyget_extra ( void );
| 
| void yyset_extra ( YY_EXTRA_TYPE user_defined  );
| 
| FILE *yyget_in ( void );
| 
| void yyset_in  ( FILE * _in_str  );
| 
| FILE *yyget_out ( void );
| 
| void yyset_out  ( FILE * _out_str  );
| 
| 			int yyget_leng ( void );
| 
| char *yyget_text ( void );
| 
| int yyget_lineno ( void );
| 
| void yyset_lineno ( int _line_number  );
| 
| /* Macros after this point can all be overridden by user definitions in
|  * section 1.
|  */
| 
| #ifndef YY_SKIP_YYWRAP
| #ifdef __cplusplus
| extern "C" int yywrap ( void );
| #else
| extern int yywrap ( void );
| #endif
| #endif
| 
| #ifndef YY_NO_UNPUT
|     
|     static void yyunput ( int c, char *buf_ptr  );
|     
| #endif
| 
| #ifndef yytext_ptr
| static void yy_flex_strncpy ( char *, const char *, int );
| #endif
| 
| #ifdef YY_NEED_STRLEN
| static int yy_flex_strlen ( const char * );
| #endif
| 
| #ifndef YY_NO_INPUT
| #ifdef __cplusplus
| static int yyinput ( void );
| #else
| static int input ( void );
| #endif
| 
| #endif
| 
| /* Amount of stuff to slurp up with each read. */
| #ifndef YY_READ_BUF_SIZE
| #ifdef __ia64__
| /* On IA-64, the buffer size is 16k, not 8k */
| #define YY_READ_BUF_SIZE 16384
| #else
| #define YY_READ_BUF_SIZE 8192
| #endif /* __ia64__ */
| #endif
| 
| /* Copy whatever the last rule matched to the standard output. */
| #ifndef ECHO
| /* This used to be an fputs(), but since the string might contain NUL's,
|  * we now use fwrite().
|  */
| #define ECHO do { if (fwrite( yytext, (size_t) yyleng, 1, yyout )) {} } while (0)
| #endif
| 
| /* Gets input and stuffs it into "buf".  number of characters read, or YY_NULL,
|  * is returned in "result".
|  */
| #ifndef YY_INPUT
| #define YY_INPUT(buf,result,max_size) \
| 	if ( YY_CURRENT_BUFFER_LVALUE->yy_is_interactive ) \
| 		{ \
| 		int c = '*'; \
| 		int n; \
| 		for ( n = 0; n < max_size && \
| 			     (c = getc( yyin )) != EOF && c != '\n'; ++n ) \
| 			buf[n] = (char) c; \
| 		if ( c == '\n' ) \
| 			buf[n++] = (char) c; \
| 		if ( c == EOF && ferror( yyin ) ) \
| 			YY_FATAL_ERROR( "input in flex scanner failed" ); \
| 		result = n; \
| 		} \
| 	else \
| 		{ \
| 		errno=0; \
| 		while ( (result = (int) fread(buf, 1, (yy_size_t) max_size, yyin)) == 0 && ferror(yyin)) \
| 			{ \
| 			if( errno != EINTR) \
| 				{ \
| 				YY_FATAL_ERROR( "input in flex scanner failed" ); \
| 				break; \
| 				} \
| 			errno=0; \
| 			clearerr(yyin); \
| 			} \
| 		}\
| \
| 
| #endif
| 
| /* No semi-colon after return; correct usage is to write "yyterminate();" -
|  * we don't want an extra ';' after the "return" because that will cause
|  * some compilers to complain about unreachable statements.
|  */
| #ifndef yyterminate
| #define yyterminate() return YY_NULL
| #endif
| 
| /* Number of entries by which start-condition stack grows. */
| #ifndef YY_START_STACK_INCR
| #define YY_START_STACK_INCR 25
| #endif
| 
| /* Report a fatal error. */
| #ifndef YY_FATAL_ERROR
| #define YY_FATAL_ERROR(msg) yy_fatal_error( msg )
| #endif
| 
| /* end tables serialization structures and prototypes */
| 
| /* Default declaration of generated scanner - a define so the user can
|  * easily add parameters.
|  */
| #ifndef YY_DECL
| #define YY_DECL_IS_OURS 1
| 
| extern int yylex (void);
| 
| #define YY_DECL int yylex (void)
| #endif /* !YY_DECL */
| 
| /* Code executed at the beginning of each rule, after yytext and yyleng
|  * have been set up.
|  */
| #ifndef YY_USER_ACTION
| #define YY_USER_ACTION
| #endif
| 
| /* Code executed at the end of each rule. */
| #ifndef YY_BREAK
| #define YY_BREAK /*LINTED*/break;
| #endif
| 
| #define YY_RULE_SETUP \
| 	YY_USER_ACTION
| 
| /** The main scanner function which does all the work.
|  */
| YY_DECL
| {
| 	yy_state_type yy_current_state;
| 	char *yy_cp, *yy_bp;
| 	int yy_act;
|     
| 	if ( !(yy_init) )
| 		{
| 		(yy_init) = 1;
| 
| #ifdef YY_USER_INIT
| 		YY_USER_INIT;
| #endif
| 
|         /* Create the reject buffer large enough to save one state per allowed character. */
|         if ( ! (yy_state_buf) )
|             (yy_state_buf) = (yy_state_type *)yyalloc(YY_STATE_BUF_SIZE  );
|             if ( ! (yy_state_buf) )
|                 YY_FATAL_ERROR( "out of dynamic memory in yylex()" );
| 
| 		if ( ! (yy_start) )
| 			(yy_start) = 1;	/* first start state */
| 
| 		if ( ! yyin )
| 			yyin = stdin;
| 
| 		if ( ! yyout )
| 			yyout = stdout;
| 
| 		if ( ! YY_CURRENT_BUFFER ) {
| 			yyensure_buffer_stack ();
| 			YY_CURRENT_BUFFER_LVALUE =
| 				yy_create_buffer( yyin, YY_BUF_SIZE );
| 		}
| 
| 		yy_load_buffer_state(  );
| 		}
| 
| 	{
| #line 1 "conftest.l"
| 
| #line 685 "lex.yy.c"
| 
| 	while ( /*CONSTCOND*/1 )		/* loops until end-of-file is reached */
| 		{
| 		(yy_more_len) = 0;
| 		if ( (yy_more_flag) )
| 			{
| 			(yy_more_len) = (int) ((yy_c_buf_p) - (yytext_ptr));
| 			(yy_more_flag) = 0;
| 			}
| 		yy_cp = (yy_c_buf_p);
| 
| 		/* Support of yytext. */
| 		*yy_cp = (yy_hold_char);
| 
| 		/* yy_bp points to the position in yy_ch_buf of the start of
| 		 * the current run.
| 		 */
| 		yy_bp = yy_cp;
| 
| 		yy_current_state = (yy_start);
| 
| 		(yy_state_ptr) = (yy_state_buf);
| 		*(yy_state_ptr)++ = yy_current_state;
| 
| yy_match:
| 		do
| 			{
| 			YY_CHAR yy_c = yy_ec[YY_SC_TO_UI(*yy_cp)] ;
| 			while ( yy_chk[yy_base[yy_current_state] + yy_c] != yy_current_state )
| 				{
| 				yy_current_state = (int) yy_def[yy_current_state];
| 				if ( yy_current_state >= 13 )
| 					yy_c = yy_meta[yy_c];
| 				}
| 			yy_current_state = yy_nxt[yy_base[yy_current_state] + yy_c];
| 			*(yy_state_ptr)++ = yy_current_state;
| 			++yy_cp;
| 			}
| 		while ( yy_base[yy_current_state] != 10 );
| 
| yy_find_action:
| 		yy_current_state = *--(yy_state_ptr);
| 		(yy_lp) = yy_accept[yy_current_state];
| 
| find_rule: /* we branch to this label when backing up */
| 
| 		for ( ; ; ) /* until we find what rule we matched */
| 			{
| 			if ( (yy_lp) && (yy_lp) < yy_accept[yy_current_state + 1] )
| 				{
| 				yy_act = yy_acclist[(yy_lp)];
| 					{
| 					(yy_full_match) = yy_cp;
| 					break;
| 					}
| 				}
| 			--yy_cp;
| 			yy_current_state = *--(yy_state_ptr);
| 			(yy_lp) = yy_accept[yy_current_state];
| 			}
| 
| 		YY_DO_BEFORE_ACTION;
| 
| do_action:	/* This label is used only to access EOF actions. */
| 
| 		switch ( yy_act )
| 	{ /* beginning of action switch */
| case 1:
| YY_RULE_SETUP
| #line 2 "conftest.l"
| { ECHO; }
| 	YY_BREAK
| case 2:
| YY_RULE_SETUP
| #line 3 "conftest.l"
| { REJECT; }
| 	YY_BREAK
| case 3:
| YY_RULE_SETUP
| #line 4 "conftest.l"
| { yymore (); }
| 	YY_BREAK
| case 4:
| YY_RULE_SETUP
| #line 5 "conftest.l"
| { yyless (1); }
| 	YY_BREAK
| case 5:
| YY_RULE_SETUP
| #line 6 "conftest.l"
| { /* IRIX 6.5 flex 2.5.4 underquotes its yyless argument.  */
|     yyless ((input () != 0)); }
| 	YY_BREAK
| case 6:
| YY_RULE_SETUP
| #line 8 "conftest.l"
| { unput (yytext[0]); }
| 	YY_BREAK
| case 7:
| YY_RULE_SETUP
| #line 9 "conftest.l"
| { BEGIN INITIAL; }
| 	YY_BREAK
| case 8:
| YY_RULE_SETUP
| #line 10 "conftest.l"
| ECHO;
| 	YY_BREAK
| #line 794 "lex.yy.c"
| 			case YY_STATE_EOF(INITIAL):
| 				yyterminate();
| 
| 	case YY_END_OF_BUFFER:
| 		{
| 		/* Amount of text matched not including the EOB char. */
| 		int yy_amount_of_matched_text = (int) (yy_cp - (yytext_ptr)) - 1;
| 
| 		/* Undo the effects of YY_DO_BEFORE_ACTION. */
| 		*yy_cp = (yy_hold_char);
| 		YY_RESTORE_YY_MORE_OFFSET
| 
| 		if ( YY_CURRENT_BUFFER_LVALUE->yy_buffer_status == YY_BUFFER_NEW )
| 			{
| 			/* We're scanning a new file or input source.  It's
| 			 * possible that this happened because the user
| 			 * just pointed yyin at a new source and called
| 			 * yylex().  If so, then we have to assure
| 			 * consistency between YY_CURRENT_BUFFER and our
| 			 * globals.  Here is the right place to do so, because
| 			 * this is the first action (other than possibly a
| 			 * back-up) that will match for the new input source.
| 			 */
| 			(yy_n_chars) = YY_CURRENT_BUFFER_LVALUE->yy_n_chars;
| 			YY_CURRENT_BUFFER_LVALUE->yy_input_file = yyin;
| 			YY_CURRENT_BUFFER_LVALUE->yy_buffer_status = YY_BUFFER_NORMAL;
| 			}
| 
| 		/* Note that here we test for yy_c_buf_p "<=" to the position
| 		 * of the first EOB in the buffer, since yy_c_buf_p will
| 		 * already have been incremented past the NUL character
| 		 * (since all states make transitions on EOB to the
| 		 * end-of-buffer state).  Contrast this with the test
| 		 * in input().
| 		 */
| 		if ( (yy_c_buf_p) <= &YY_CURRENT_BUFFER_LVALUE->yy_ch_buf[(yy_n_chars)] )
| 			{ /* This was really a NUL. */
| 			yy_state_type yy_next_state;
| 
| 			(yy_c_buf_p) = (yytext_ptr) + yy_amount_of_matched_text;
| 
| 			yy_current_state = yy_get_previous_state(  );
| 
| 			/* Okay, we're now positioned to make the NUL
| 			 * transition.  We couldn't have
| 			 * yy_get_previous_state() go ahead and do it
| 			 * for us because it doesn't know how to deal
| 			 * with the possibility of jamming (and we don't
| 			 * want to build jamming into it because then it
| 			 * will run more slowly).
| 			 */
| 
| 			yy_next_state = yy_try_NUL_trans( yy_current_state );
| 
| 			yy_bp = (yytext_ptr) + YY_MORE_ADJ;
| 
| 			if ( yy_next_state )
| 				{
| 				/* Consume the NUL. */
| 				yy_cp = ++(yy_c_buf_p);
| 				yy_current_state = yy_next_state;
| 				goto yy_match;
| 				}
| 
| 			else
| 				{
| 				yy_cp = (yy_c_buf_p);
| 				goto yy_find_action;
| 				}
| 			}
| 
| 		else switch ( yy_get_next_buffer(  ) )
| 			{
| 			case EOB_ACT_END_OF_FILE:
| 				{
| 				(yy_did_buffer_switch_on_eof) = 0;
| 
| 				if ( yywrap(  ) )
| 					{
| 					/* Note: because we've taken care in
| 					 * yy_get_next_buffer() to have set up
| 					 * yytext, we can now set up
| 					 * yy_c_buf_p so that if some total
| 					 * hoser (like flex itself) wants to
| 					 * call the scanner after we return the
| 					 * YY_NULL, it'll still work - another
| 					 * YY_NULL will get returned.
| 					 */
| 					(yy_c_buf_p) = (yytext_ptr) + YY_MORE_ADJ;
| 
| 					yy_act = YY_STATE_EOF(YY_START);
| 					goto do_action;
| 					}
| 
| 				else
| 					{
| 					if ( ! (yy_did_buffer_switch_on_eof) )
| 						YY_NEW_FILE;
| 					}
| 				break;
| 				}
| 
| 			case EOB_ACT_CONTINUE_SCAN:
| 				(yy_c_buf_p) =
| 					(yytext_ptr) + yy_amount_of_matched_text;
| 
| 				yy_current_state = yy_get_previous_state(  );
| 
| 				yy_cp = (yy_c_buf_p);
| 				yy_bp = (yytext_ptr) + YY_MORE_ADJ;
| 				goto yy_match;
| 
| 			case EOB_ACT_LAST_MATCH:
| 				(yy_c_buf_p) =
| 				&YY_CURRENT_BUFFER_LVALUE->yy_ch_buf[(yy_n_chars)];
| 
| 				yy_current_state = yy_get_previous_state(  );
| 
| 				yy_cp = (yy_c_buf_p);
| 				yy_bp = (yytext_ptr) + YY_MORE_ADJ;
| 				goto yy_find_action;
| 			}
| 		break;
| 		}
| 
| 	default:
| 		YY_FATAL_ERROR(
| 			"fatal flex scanner internal error--no action found" );
| 	} /* end of action switch */
| 		} /* end of scanning one token */
| 	} /* end of user's declarations */
| } /* end of yylex */
| 
| /* yy_get_next_buffer - try to read in a new buffer
|  *
|  * Returns a code representing an action:
|  *	EOB_ACT_LAST_MATCH -
|  *	EOB_ACT_CONTINUE_SCAN - continue scanning from current position
|  *	EOB_ACT_END_OF_FILE - end of file
|  */
| static int yy_get_next_buffer (void)
| {
|     	char *dest = YY_CURRENT_BUFFER_LVALUE->yy_ch_buf;
| 	char *source = (yytext_ptr);
| 	int number_to_move, i;
| 	int ret_val;
| 
| 	if ( (yy_c_buf_p) > &YY_CURRENT_BUFFER_LVALUE->yy_ch_buf[(yy_n_chars) + 1] )
| 		YY_FATAL_ERROR(
| 		"fatal flex scanner internal error--end of buffer missed" );
| 
| 	if ( YY_CURRENT_BUFFER_LVALUE->yy_fill_buffer == 0 )
| 		{ /* Don't try to fill the buffer, so this is an EOF. */
| 		if ( (yy_c_buf_p) - (yytext_ptr) - YY_MORE_ADJ == 1 )
| 			{
| 			/* We matched a single character, the EOB, so
| 			 * treat this as a final EOF.
| 			 */
| 			return EOB_ACT_END_OF_FILE;
| 			}
| 
| 		else
| 			{
| 			/* We matched some text prior to the EOB, first
| 			 * process it.
| 			 */
| 			return EOB_ACT_LAST_MATCH;
| 			}
| 		}
| 
| 	/* Try to read more data. */
| 
| 	/* First move last chars to start of buffer. */
| 	number_to_move = (int) ((yy_c_buf_p) - (yytext_ptr) - 1);
| 
| 	for ( i = 0; i < number_to_move; ++i )
| 		*(dest++) = *(source++);
| 
| 	if ( YY_CURRENT_BUFFER_LVALUE->yy_buffer_status == YY_BUFFER_EOF_PENDING )
| 		/* don't do the read, it's not guaranteed to return an EOF,
| 		 * just force an EOF
| 		 */
| 		YY_CURRENT_BUFFER_LVALUE->yy_n_chars = (yy_n_chars) = 0;
| 
| 	else
| 		{
| 			int num_to_read =
| 			YY_CURRENT_BUFFER_LVALUE->yy_buf_size - number_to_move - 1;
| 
| 		while ( num_to_read <= 0 )
| 			{ /* Not enough room in the buffer - grow it. */
| 
| 			YY_FATAL_ERROR(
| "input buffer overflow, can't enlarge buffer because scanner uses REJECT" );
| 
| 			}
| 
| 		if ( num_to_read > YY_READ_BUF_SIZE )
| 			num_to_read = YY_READ_BUF_SIZE;
| 
| 		/* Read in more data. */
| 		YY_INPUT( (&YY_CURRENT_BUFFER_LVALUE->yy_ch_buf[number_to_move]),
| 			(yy_n_chars), num_to_read );
| 
| 		YY_CURRENT_BUFFER_LVALUE->yy_n_chars = (yy_n_chars);
| 		}
| 
| 	if ( (yy_n_chars) == 0 )
| 		{
| 		if ( number_to_move == YY_MORE_ADJ )
| 			{
| 			ret_val = EOB_ACT_END_OF_FILE;
| 			yyrestart( yyin  );
| 			}
| 
| 		else
| 			{
| 			ret_val = EOB_ACT_LAST_MATCH;
| 			YY_CURRENT_BUFFER_LVALUE->yy_buffer_status =
| 				YY_BUFFER_EOF_PENDING;
| 			}
| 		}
| 
| 	else
| 		ret_val = EOB_ACT_CONTINUE_SCAN;
| 
| 	if (((yy_n_chars) + number_to_move) > YY_CURRENT_BUFFER_LVALUE->yy_buf_size) {
| 		/* Extend the array by 50%, plus the number we really need. */
| 		int new_size = (yy_n_chars) + number_to_move + ((yy_n_chars) >> 1);
| 		YY_CURRENT_BUFFER_LVALUE->yy_ch_buf = (char *) yyrealloc(
| 			(void *) YY_CURRENT_BUFFER_LVALUE->yy_ch_buf, (yy_size_t) new_size  );
| 		if ( ! YY_CURRENT_BUFFER_LVALUE->yy_ch_buf )
| 			YY_FATAL_ERROR( "out of dynamic memory in yy_get_next_buffer()" );
| 		/* "- 2" to take care of EOB's */
| 		YY_CURRENT_BUFFER_LVALUE->yy_buf_size = (int) (new_size - 2);
| 	}
| 
| 	(yy_n_chars) += number_to_move;
| 	YY_CURRENT_BUFFER_LVALUE->yy_ch_buf[(yy_n_chars)] = YY_END_OF_BUFFER_CHAR;
| 	YY_CURRENT_BUFFER_LVALUE->yy_ch_buf[(yy_n_chars) + 1] = YY_END_OF_BUFFER_CHAR;
| 
| 	(yytext_ptr) = &YY_CURRENT_BUFFER_LVALUE->yy_ch_buf[0];
| 
| 	return ret_val;
| }
| 
| /* yy_get_previous_state - get the state just before the EOB char was reached */
| 
|     static yy_state_type yy_get_previous_state (void)
| {
| 	yy_state_type yy_current_state;
| 	char *yy_cp;
|     
| 	yy_current_state = (yy_start);
| 
| 	(yy_state_ptr) = (yy_state_buf);
| 	*(yy_state_ptr)++ = yy_current_state;
| 
| 	for ( yy_cp = (yytext_ptr) + YY_MORE_ADJ; yy_cp < (yy_c_buf_p); ++yy_cp )
| 		{
| 		YY_CHAR yy_c = (*yy_cp ? yy_ec[YY_SC_TO_UI(*yy_cp)] : 1);
| 		while ( yy_chk[yy_base[yy_current_state] + yy_c] != yy_current_state )
| 			{
| 			yy_current_state = (int) yy_def[yy_current_state];
| 			if ( yy_current_state >= 13 )
| 				yy_c = yy_meta[yy_c];
| 			}
| 		yy_current_state = yy_nxt[yy_base[yy_current_state] + yy_c];
| 		*(yy_state_ptr)++ = yy_current_state;
| 		}
| 
| 	return yy_current_state;
| }
| 
| /* yy_try_NUL_trans - try to make a transition on the NUL character
|  *
|  * synopsis
|  *	next_state = yy_try_NUL_trans( current_state );
|  */
|     static yy_state_type yy_try_NUL_trans  (yy_state_type yy_current_state )
| {
| 	int yy_is_jam;
|     
| 	YY_CHAR yy_c = 1;
| 	while ( yy_chk[yy_base[yy_current_state] + yy_c] != yy_current_state )
| 		{
| 		yy_current_state = (int) yy_def[yy_current_state];
| 		if ( yy_current_state >= 13 )
| 			yy_c = yy_meta[yy_c];
| 		}
| 	yy_current_state = yy_nxt[yy_base[yy_current_state] + yy_c];
| 	yy_is_jam = (yy_current_state == 12);
| 	if ( ! yy_is_jam )
| 		*(yy_state_ptr)++ = yy_current_state;
| 
| 		return yy_is_jam ? 0 : yy_current_state;
| }
| 
| #ifndef YY_NO_UNPUT
| 
|     static void yyunput (int c, char * yy_bp )
| {
| 	char *yy_cp;
|     
|     yy_cp = (yy_c_buf_p);
| 
| 	/* undo effects of setting up yytext */
| 	*yy_cp = (yy_hold_char);
| 
| 	if ( yy_cp < YY_CURRENT_BUFFER_LVALUE->yy_ch_buf + 2 )
| 		{ /* need to shift things up to make room */
| 		/* +2 for EOB chars. */
| 		int number_to_move = (yy_n_chars) + 2;
| 		char *dest = &YY_CURRENT_BUFFER_LVALUE->yy_ch_buf[
| 					YY_CURRENT_BUFFER_LVALUE->yy_buf_size + 2];
| 		char *source =
| 				&YY_CURRENT_BUFFER_LVALUE->yy_ch_buf[number_to_move];
| 
| 		while ( source > YY_CURRENT_BUFFER_LVALUE->yy_ch_buf )
| 			*--dest = *--source;
| 
| 		yy_cp += (int) (dest - source);
| 		yy_bp += (int) (dest - source);
| 		YY_CURRENT_BUFFER_LVALUE->yy_n_chars =
| 			(yy_n_chars) = (int) YY_CURRENT_BUFFER_LVALUE->yy_buf_size;
| 
| 		if ( yy_cp < YY_CURRENT_BUFFER_LVALUE->yy_ch_buf + 2 )
| 			YY_FATAL_ERROR( "flex scanner push-back overflow" );
| 		}
| 
| 	*--yy_cp = (char) c;
| 
| 	(yytext_ptr) = yy_bp;
| 	(yy_hold_char) = *yy_cp;
| 	(yy_c_buf_p) = yy_cp;
| }
| 
| #endif
| 
| #ifndef YY_NO_INPUT
| #ifdef __cplusplus
|     static int yyinput (void)
| #else
|     static int input  (void)
| #endif
| 
| {
| 	int c;
|     
| 	*(yy_c_buf_p) = (yy_hold_char);
| 
| 	if ( *(yy_c_buf_p) == YY_END_OF_BUFFER_CHAR )
| 		{
| 		/* yy_c_buf_p now points to the character we want to return.
| 		 * If this occurs *before* the EOB characters, then it's a
| 		 * valid NUL; if not, then we've hit the end of the buffer.
| 		 */
| 		if ( (yy_c_buf_p) < &YY_CURRENT_BUFFER_LVALUE->yy_ch_buf[(yy_n_chars)] )
| 			/* This was really a NUL. */
| 			*(yy_c_buf_p) = '\0';
| 
| 		else
| 			{ /* need more input */
| 			int offset = (int) ((yy_c_buf_p) - (yytext_ptr));
| 			++(yy_c_buf_p);
| 
| 			switch ( yy_get_next_buffer(  ) )
| 				{
| 				case EOB_ACT_LAST_MATCH:
| 					/* This happens because yy_g_n_b()
| 					 * sees that we've accumulated a
| 					 * token and flags that we need to
| 					 * try matching the token before
| 					 * proceeding.  But for input(),
| 					 * there's no matching to consider.
| 					 * So convert the EOB_ACT_LAST_MATCH
| 					 * to EOB_ACT_END_OF_FILE.
| 					 */
| 
| 					/* Reset buffer status. */
| 					yyrestart( yyin );
| 
| 					/*FALLTHROUGH*/
| 
| 				case EOB_ACT_END_OF_FILE:
| 					{
| 					if ( yywrap(  ) )
| 						return 0;
| 
| 					if ( ! (yy_did_buffer_switch_on_eof) )
| 						YY_NEW_FILE;
| #ifdef __cplusplus
| 					return yyinput();
| #else
| 					return input();
| #endif
| 					}
| 
| 				case EOB_ACT_CONTINUE_SCAN:
| 					(yy_c_buf_p) = (yytext_ptr) + offset;
| 					break;
| 				}
| 			}
| 		}
| 
| 	c = *(unsigned char *) (yy_c_buf_p);	/* cast for 8-bit char's */
| 	*(yy_c_buf_p) = '\0';	/* preserve yytext */
| 	(yy_hold_char) = *++(yy_c_buf_p);
| 
| 	return c;
| }
| #endif	/* ifndef YY_NO_INPUT */
| 
| /** Immediately switch to a different input stream.
|  * @param input_file A readable stream.
|  * 
|  * @note This function does not reset the start condition to @c INITIAL .
|  */
|     void yyrestart  (FILE * input_file )
| {
|     
| 	if ( ! YY_CURRENT_BUFFER ){
|         yyensure_buffer_stack ();
| 		YY_CURRENT_BUFFER_LVALUE =
|             yy_create_buffer( yyin, YY_BUF_SIZE );
| 	}
| 
| 	yy_init_buffer( YY_CURRENT_BUFFER, input_file );
| 	yy_load_buffer_state(  );
| }
| 
| /** Switch to a different input buffer.
|  * @param new_buffer The new input buffer.
|  * 
|  */
|     void yy_switch_to_buffer  (YY_BUFFER_STATE  new_buffer )
| {
|     
| 	/* TODO. We should be able to replace this entire function body
| 	 * with
| 	 *		yypop_buffer_state();
| 	 *		yypush_buffer_state(new_buffer);
|      */
| 	yyensure_buffer_stack ();
| 	if ( YY_CURRENT_BUFFER == new_buffer )
| 		return;
| 
| 	if ( YY_CURRENT_BUFFER )
| 		{
| 		/* Flush out information for old buffer. */
| 		*(yy_c_buf_p) = (yy_hold_char);
| 		YY_CURRENT_BUFFER_LVALUE->yy_buf_pos = (yy_c_buf_p);
| 		YY_CURRENT_BUFFER_LVALUE->yy_n_chars = (yy_n_chars);
| 		}
| 
| 	YY_CURRENT_BUFFER_LVALUE = new_buffer;
| 	yy_load_buffer_state(  );
| 
| 	/* We don't actually know whether we did this switch during
| 	 * EOF (yywrap()) processing, but the only time this flag
| 	 * is looked at is after yywrap() is called, so it's safe
| 	 * to go ahead and always set it.
| 	 */
| 	(yy_did_buffer_switch_on_eof) = 1;
| }
| 
| static void yy_load_buffer_state  (void)
| {
|     	(yy_n_chars) = YY_CURRENT_BUFFER_LVALUE->yy_n_chars;
| 	(yytext_ptr) = (yy_c_buf_p) = YY_CURRENT_BUFFER_LVALUE->yy_buf_pos;
| 	yyin = YY_CURRENT_BUFFER_LVALUE->yy_input_file;
| 	(yy_hold_char) = *(yy_c_buf_p);
| }
| 
| /** Allocate and initialize an input buffer state.
|  * @param file A readable stream.
|  * @param size The character buffer size in bytes. When in doubt, use @c YY_BUF_SIZE.
|  * 
|  * @return the allocated buffer state.
|  */
|     YY_BUFFER_STATE yy_create_buffer  (FILE * file, int  size )
| {
| 	YY_BUFFER_STATE b;
|     
| 	b = (YY_BUFFER_STATE) yyalloc( sizeof( struct yy_buffer_state )  );
| 	if ( ! b )
| 		YY_FATAL_ERROR( "out of dynamic memory in yy_create_buffer()" );
| 
| 	b->yy_buf_size = size;
| 
| 	/* yy_ch_buf has to be 2 characters longer than the size given because
| 	 * we need to put in 2 end-of-buffer characters.
| 	 */
| 	b->yy_ch_buf = (char *) yyalloc( (yy_size_t) (b->yy_buf_size + 2)  );
| 	if ( ! b->yy_ch_buf )
| 		YY_FATAL_ERROR( "out of dynamic memory in yy_create_buffer()" );
| 
| 	b->yy_is_our_buffer = 1;
| 
| 	yy_init_buffer( b, file );
| 
| 	return b;
| }
| 
| /** Destroy the buffer.
|  * @param b a buffer created with yy_create_buffer()
|  * 
|  */
|     void yy_delete_buffer (YY_BUFFER_STATE  b )
| {
|     
| 	if ( ! b )
| 		return;
| 
| 	if ( b == YY_CURRENT_BUFFER ) /* Not sure if we should pop here. */
| 		YY_CURRENT_BUFFER_LVALUE = (YY_BUFFER_STATE) 0;
| 
| 	if ( b->yy_is_our_buffer )
| 		yyfree( (void *) b->yy_ch_buf  );
| 
| 	yyfree( (void *) b  );
| }
| 
| /* Initializes or reinitializes a buffer.
|  * This function is sometimes called more than once on the same buffer,
|  * such as during a yyrestart() or at EOF.
|  */
|     static void yy_init_buffer  (YY_BUFFER_STATE  b, FILE * file )
| 
| {
| 	int oerrno = errno;
|     
| 	yy_flush_buffer( b );
| 
| 	b->yy_input_file = file;
| 	b->yy_fill_buffer = 1;
| 
|     /* If b is the current buffer, then yy_init_buffer was _probably_
|      * called from yyrestart() or through yy_get_next_buffer.
|      * In that case, we don't want to reset the lineno or column.
|      */
|     if (b != YY_CURRENT_BUFFER){
|         b->yy_bs_lineno = 1;
|         b->yy_bs_column = 0;
|     }
| 
|         b->yy_is_interactive = file ? (isatty( fileno(file) ) > 0) : 0;
|     
| 	errno = oerrno;
| }
| 
| /** Discard all buffered characters. On the next scan, YY_INPUT will be called.
|  * @param b the buffer state to be flushed, usually @c YY_CURRENT_BUFFER.
|  * 
|  */
|     void yy_flush_buffer (YY_BUFFER_STATE  b )
| {
|     	if ( ! b )
| 		return;
| 
| 	b->yy_n_chars = 0;
| 
| 	/* We always need two end-of-buffer characters.  The first causes
| 	 * a transition to the end-of-buffer state.  The second causes
| 	 * a jam in that state.
| 	 */
| 	b->yy_ch_buf[0] = YY_END_OF_BUFFER_CHAR;
| 	b->yy_ch_buf[1] = YY_END_OF_BUFFER_CHAR;
| 
| 	b->yy_buf_pos = &b->yy_ch_buf[0];
| 
| 	b->yy_at_bol = 1;
| 	b->yy_buffer_status = YY_BUFFER_NEW;
| 
| 	if ( b == YY_CURRENT_BUFFER )
| 		yy_load_buffer_state(  );
| }
| 
| /** Pushes the new state onto the stack. The new state becomes
|  *  the current state. This function will allocate the stack
|  *  if necessary.
|  *  @param new_buffer The new state.
|  *  
|  */
| void yypush_buffer_state (YY_BUFFER_STATE new_buffer )
| {
|     	if (new_buffer == NULL)
| 		return;
| 
| 	yyensure_buffer_stack();
| 
| 	/* This block is copied from yy_switch_to_buffer. */
| 	if ( YY_CURRENT_BUFFER )
| 		{
| 		/* Flush out information for old buffer. */
| 		*(yy_c_buf_p) = (yy_hold_char);
| 		YY_CURRENT_BUFFER_LVALUE->yy_buf_pos = (yy_c_buf_p);
| 		YY_CURRENT_BUFFER_LVALUE->yy_n_chars = (yy_n_chars);
| 		}
| 
| 	/* Only push if top exists. Otherwise, replace top. */
| 	if (YY_CURRENT_BUFFER)
| 		(yy_buffer_stack_top)++;
| 	YY_CURRENT_BUFFER_LVALUE = new_buffer;
| 
| 	/* copied from yy_switch_to_buffer. */
| 	yy_load_buffer_state(  );
| 	(yy_did_buffer_switch_on_eof) = 1;
| }
| 
| /** Removes and deletes the top of the stack, if present.
|  *  The next element becomes the new top.
|  *  
|  */
| void yypop_buffer_state (void)
| {
|     	if (!YY_CURRENT_BUFFER)
| 		return;
| 
| 	yy_delete_buffer(YY_CURRENT_BUFFER );
| 	YY_CURRENT_BUFFER_LVALUE = NULL;
| 	if ((yy_buffer_stack_top) > 0)
| 		--(yy_buffer_stack_top);
| 
| 	if (YY_CURRENT_BUFFER) {
| 		yy_load_buffer_state(  );
| 		(yy_did_buffer_switch_on_eof) = 1;
| 	}
| }
| 
| /* Allocates the stack if it does not exist.
|  *  Guarantees space for at least one push.
|  */
| static void yyensure_buffer_stack (void)
| {
| 	yy_size_t num_to_alloc;
|     
| 	if (!(yy_buffer_stack)) {
| 
| 		/* First allocation is just for 2 elements, since we don't know if this
| 		 * scanner will even need a stack. We use 2 instead of 1 to avoid an
| 		 * immediate realloc on the next call.
|          */
|       num_to_alloc = 1; /* After all that talk, this was set to 1 anyways... */
| 		(yy_buffer_stack) = (struct yy_buffer_state**)yyalloc
| 								(num_to_alloc * sizeof(struct yy_buffer_state*)
| 								);
| 		if ( ! (yy_buffer_stack) )
| 			YY_FATAL_ERROR( "out of dynamic memory in yyensure_buffer_stack()" );
| 
| 		memset((yy_buffer_stack), 0, num_to_alloc * sizeof(struct yy_buffer_state*));
| 
| 		(yy_buffer_stack_max) = num_to_alloc;
| 		(yy_buffer_stack_top) = 0;
| 		return;
| 	}
| 
| 	if ((yy_buffer_stack_top) >= ((yy_buffer_stack_max)) - 1){
| 
| 		/* Increase the buffer to prepare for a possible push. */
| 		yy_size_t grow_size = 8 /* arbitrary grow size */;
| 
| 		num_to_alloc = (yy_buffer_stack_max) + grow_size;
| 		(yy_buffer_stack) = (struct yy_buffer_state**)yyrealloc
| 								((yy_buffer_stack),
| 								num_to_alloc * sizeof(struct yy_buffer_state*)
| 								);
| 		if ( ! (yy_buffer_stack) )
| 			YY_FATAL_ERROR( "out of dynamic memory in yyensure_buffer_stack()" );
| 
| 		/* zero only the new slots.*/
| 		memset((yy_buffer_stack) + (yy_buffer_stack_max), 0, grow_size * sizeof(struct yy_buffer_state*));
| 		(yy_buffer_stack_max) = num_to_alloc;
| 	}
| }
| 
| /** Setup the input buffer state to scan directly from a user-specified character buffer.
|  * @param base the character buffer
|  * @param size the size in bytes of the character buffer
|  * 
|  * @return the newly allocated buffer state object.
|  */
| YY_BUFFER_STATE yy_scan_buffer  (char * base, yy_size_t  size )
| {
| 	YY_BUFFER_STATE b;
|     
| 	if ( size < 2 ||
| 	     base[size-2] != YY_END_OF_BUFFER_CHAR ||
| 	     base[size-1] != YY_END_OF_BUFFER_CHAR )
| 		/* They forgot to leave room for the EOB's. */
| 		return NULL;
| 
| 	b = (YY_BUFFER_STATE) yyalloc( sizeof( struct yy_buffer_state )  );
| 	if ( ! b )
| 		YY_FATAL_ERROR( "out of dynamic memory in yy_scan_buffer()" );
| 
| 	b->yy_buf_size = (int) (size - 2);	/* "- 2" to take care of EOB's */
| 	b->yy_buf_pos = b->yy_ch_buf = base;
| 	b->yy_is_our_buffer = 0;
| 	b->yy_input_file = NULL;
| 	b->yy_n_chars = b->yy_buf_size;
| 	b->yy_is_interactive = 0;
| 	b->yy_at_bol = 1;
| 	b->yy_fill_buffer = 0;
| 	b->yy_buffer_status = YY_BUFFER_NEW;
| 
| 	yy_switch_to_buffer( b  );
| 
| 	return b;
| }
| 
| /** Setup the input buffer state to scan a string. The next call to yylex() will
|  * scan from a @e copy of @a str.
|  * @param yystr a NUL-terminated string to scan
|  * 
|  * @return the newly allocated buffer state object.
|  * @note If you want to scan bytes that may contain NUL values, then use
|  *       yy_scan_bytes() instead.
|  */
| YY_BUFFER_STATE yy_scan_string (const char * yystr )
| {
|     
| 	return yy_scan_bytes( yystr, (int) strlen(yystr) );
| }
| 
| /** Setup the input buffer state to scan the given bytes. The next call to yylex() will
|  * scan from a @e copy of @a bytes.
|  * @param yybytes the byte buffer to scan
|  * @param _yybytes_len the number of bytes in the buffer pointed to by @a bytes.
|  * 
|  * @return the newly allocated buffer state object.
|  */
| YY_BUFFER_STATE yy_scan_bytes  (const char * yybytes, int  _yybytes_len )
| {
| 	YY_BUFFER_STATE b;
| 	char *buf;
| 	yy_size_t n;
| 	int i;
|     
| 	/* Get memory for full buffer, including space for trailing EOB's. */
| 	n = (yy_size_t) (_yybytes_len + 2);
| 	buf = (char *) yyalloc( n  );
| 	if ( ! buf )
| 		YY_FATAL_ERROR( "out of dynamic memory in yy_scan_bytes()" );
| 
| 	for ( i = 0; i < _yybytes_len; ++i )
| 		buf[i] = yybytes[i];
| 
| 	buf[_yybytes_len] = buf[_yybytes_len+1] = YY_END_OF_BUFFER_CHAR;
| 
| 	b = yy_scan_buffer( buf, n );
| 	if ( ! b )
| 		YY_FATAL_ERROR( "bad buffer in yy_scan_bytes()" );
| 
| 	/* It's okay to grow etc. this buffer, and we should throw it
| 	 * away when we're done.
| 	 */
| 	b->yy_is_our_buffer = 1;
| 
| 	return b;
| }
| 
| #ifndef YY_EXIT_FAILURE
| #define YY_EXIT_FAILURE 2
| #endif
| 
| static void yynoreturn yy_fatal_error (const char* msg )
| {
| 			fprintf( stderr, "%s\n", msg );
| 	exit( YY_EXIT_FAILURE );
| }
| 
| /* Redefine yyless() so it works in section 3 code. */
| 
| #undef yyless
| #define yyless(n) \
| 	do \
| 		{ \
| 		/* Undo effects of setting up yytext. */ \
|         int yyless_macro_arg = (n); \
|         YY_LESS_LINENO(yyless_macro_arg);\
| 		yytext[yyleng] = (yy_hold_char); \
| 		(yy_c_buf_p) = yytext + yyless_macro_arg; \
| 		(yy_hold_char) = *(yy_c_buf_p); \
| 		*(yy_c_buf_p) = '\0'; \
| 		yyleng = yyless_macro_arg; \
| 		} \
| 	while ( 0 )
| 
| /* Accessor  methods (get/set functions) to struct members. */
| 
| /** Get the current line number.
|  * 
|  */
| int yyget_lineno  (void)
| {
|     
|     return yylineno;
| }
| 
| /** Get the input stream.
|  * 
|  */
| FILE *yyget_in  (void)
| {
|         return yyin;
| }
| 
| /** Get the output stream.
|  * 
|  */
| FILE *yyget_out  (void)
| {
|         return yyout;
| }
| 
| /** Get the length of the current token.
|  * 
|  */
| int yyget_leng  (void)
| {
|         return yyleng;
| }
| 
| /** Get the current token.
|  * 
|  */
| 
| char *yyget_text  (void)
| {
|         return yytext;
| }
| 
| /** Set the current line number.
|  * @param _line_number line number
|  * 
|  */
| void yyset_lineno (int  _line_number )
| {
|     
|     yylineno = _line_number;
| }
| 
| /** Set the input stream. This does not discard the current
|  * input buffer.
|  * @param _in_str A readable stream.
|  * 
|  * @see yy_switch_to_buffer
|  */
| void yyset_in (FILE *  _in_str )
| {
|         yyin = _in_str ;
| }
| 
| void yyset_out (FILE *  _out_str )
| {
|         yyout = _out_str ;
| }
| 
| int yyget_debug  (void)
| {
|         return yy_flex_debug;
| }
| 
| void yyset_debug (int  _bdebug )
| {
|         yy_flex_debug = _bdebug ;
| }
| 
| static int yy_init_globals (void)
| {
|         /* Initialization is the same as for the non-reentrant scanner.
|      * This function is called from yylex_destroy(), so don't allocate here.
|      */
| 
|     (yy_buffer_stack) = NULL;
|     (yy_buffer_stack_top) = 0;
|     (yy_buffer_stack_max) = 0;
|     (yy_c_buf_p) = NULL;
|     (yy_init) = 0;
|     (yy_start) = 0;
| 
|     (yy_state_buf) = 0;
|     (yy_state_ptr) = 0;
|     (yy_full_match) = 0;
|     (yy_lp) = 0;
| 
| /* Defined in main.c */
| #ifdef YY_STDINIT
|     yyin = stdin;
|     yyout = stdout;
| #else
|     yyin = NULL;
|     yyout = NULL;
| #endif
| 
|     /* For future reference: Set errno on error, since we are called by
|      * yylex_init()
|      */
|     return 0;
| }
| 
| /* yylex_destroy is for both reentrant and non-reentrant scanners. */
| int yylex_destroy  (void)
| {
|     
|     /* Pop the buffer stack, destroying each element. */
| 	while(YY_CURRENT_BUFFER){
| 		yy_delete_buffer( YY_CURRENT_BUFFER  );
| 		YY_CURRENT_BUFFER_LVALUE = NULL;
| 		yypop_buffer_state();
| 	}
| 
| 	/* Destroy the stack itself. */
| 	yyfree((yy_buffer_stack) );
| 	(yy_buffer_stack) = NULL;
| 
|     yyfree ( (yy_state_buf) );
|     (yy_state_buf)  = NULL;
| 
|     /* Reset the globals. This is important in a non-reentrant scanner so the next time
|      * yylex() is called, initialization will occur. */
|     yy_init_globals( );
| 
|     return 0;
| }
| 
| /*
|  * Internal utility routines.
|  */
| 
| #ifndef yytext_ptr
| static void yy_flex_strncpy (char* s1, const char * s2, int n )
| {
| 		
| 	int i;
| 	for ( i = 0; i < n; ++i )
| 		s1[i] = s2[i];
| }
| #endif
| 
| #ifdef YY_NEED_STRLEN
| static int yy_flex_strlen (const char * s )
| {
| 	int n;
| 	for ( n = 0; s[n]; ++n )
| 		;
| 
| 	return n;
| }
| #endif
| 
| void *yyalloc (yy_size_t  size )
| {
| 			return malloc(size);
| }
| 
| void *yyrealloc  (void * ptr, yy_size_t  size )
| {
| 		
| 	/* The cast to (char *) in the following accommodates both
| 	 * implementations that use char* generic pointers, and those
| 	 * that use void* generic pointers.  It works with the latter
| 	 * because both ANSI C and C++ allow castless assignment from
| 	 * any pointer type to void*, and deal with argument conversions
| 	 * as though doing an assignment.
| 	 */
| 	return realloc(ptr, size);
| }
| 
| void yyfree (void * ptr )
| {
| 			free( (char *) ptr );	/* see yyrealloc() for (char *) cast */
| }
| 
| #define YYTABLES_NAME "yytables"
| 
| #line 10 "conftest.l"
| 
| #ifdef YYTEXT_POINTER
| extern char *yytext;
| #endif
| int
| main (void)
| {
|   return ! yylex () + ! yywrap ();
| }
configure:4310: result: no
configure:4353: checking build system type
configure:4367: result: x86_64-pc-linux-gnu
configure:4387: checking host system type
configure:4400: result: mipsel-unknown-linux-gnu
configure:4441: checking how to print strings
configure:4468: result: printf
configure:4489: checking for a sed that does not truncate output
configure:4553: result: /bin/sed
configure:4571: checking for grep that handles long lines and -e
configure:4629: result: /bin/grep
configure:4634: checking for egrep
configure:4696: result: /bin/grep -E
configure:4701: checking for fgrep
configure:4763: result: /bin/grep -F
configure:4798: checking for ld used by /opt/lede-toolchain-ramips-mt7621_gcc-5.4.0_musl-1.1.24.Linux-x86_64/toolchain-mipsel_24kc_gcc-5.4.0_musl-1.1.24/bin/mipsel-openwrt-linux-musl-gcc
configure:4865: result: /opt/lede-toolchain-ramips-mt7621_gcc-5.4.0_musl-1.1.24.Linux-x86_64/toolchain-mipsel_24kc_gcc-5.4.0_musl-1.1.24/bin/mipsel-openwrt-linux-musl-ld
configure:4872: checking if the linker (/opt/lede-toolchain-ramips-mt7621_gcc-5.4.0_musl-1.1.24.Linux-x86_64/toolchain-mipsel_24kc_gcc-5.4.0_musl-1.1.24/bin/mipsel-openwrt-linux-musl-ld) is GNU ld
configure:4887: result: yes
configure:4899: checking for BSD- or MS-compatible name lister (nm)
configure:4953: result: /opt/lede-toolchain-ramips-mt7621_gcc-5.4.0_musl-1.1.24.Linux-x86_64/toolchain-mipsel_24kc_gcc-5.4.0_musl-1.1.24/bin/mipsel-openwrt-linux-musl-nm
configure:5083: checking the name lister (/opt/lede-toolchain-ramips-mt7621_gcc-5.4.0_musl-1.1.24.Linux-x86_64/toolchain-mipsel_24kc_gcc-5.4.0_musl-1.1.24/bin/mipsel-openwrt-linux-musl-nm) interface
configure:5090: /opt/lede-toolchain-ramips-mt7621_gcc-5.4.0_musl-1.1.24.Linux-x86_64/toolchain-mipsel_24kc_gcc-5.4.0_musl-1.1.24/bin/mipsel-openwrt-linux-musl-gcc -c -Wall -Os -ffunction-sections -fdata-sections -fPIC -DLINUX26 -DCONFIG_RALINK -DMUSL_LIBC -DDEBUG_NOISY -DDEBUG_RCTEST -D_GNU_SOURCE -D__UAPI_DEF_ETHHDR -DRALINK_DBDC_MODE -pipe -funit-at-a-time -Wno-pointer-sign -mtune=mips32 -mips32 -DLINUX_KERNEL_VERSION=263366 --sysroot=/opt/lede-toolchain-ramips-mt7621_gcc-5.4.0_musl-1.1.24.Linux-x86_64/toolchain-mipsel_24kc_gcc-5.4.0_musl-1.1.24   conftest.c >&5
configure:5093: /opt/lede-toolchain-ramips-mt7621_gcc-5.4.0_musl-1.1.24.Linux-x86_64/toolchain-mipsel_24kc_gcc-5.4.0_musl-1.1.24/bin/mipsel-openwrt-linux-musl-nm "conftest.o"
configure:5096: output
00000000 B some_variable
configure:5103: result: BSD nm
configure:5106: checking whether ln -s works
configure:5110: result: yes
configure:5118: checking the maximum length of command line arguments
configure:5249: result: 1572864
configure:5297: checking how to convert x86_64-pc-linux-gnu file names to mipsel-unknown-linux-gnu format
configure:5337: result: func_convert_file_noop
configure:5344: checking how to convert x86_64-pc-linux-gnu file names to toolchain format
configure:5364: result: func_convert_file_noop
configure:5371: checking for /opt/lede-toolchain-ramips-mt7621_gcc-5.4.0_musl-1.1.24.Linux-x86_64/toolchain-mipsel_24kc_gcc-5.4.0_musl-1.1.24/bin/mipsel-openwrt-linux-musl-ld option to reload object files
configure:5378: result: -r
configure:5412: checking for mipsel-linux-objdump
configure:5439: result: /opt/lede-toolchain-ramips-mt7621_gcc-5.4.0_musl-1.1.24.Linux-x86_64/toolchain-mipsel_24kc_gcc-5.4.0_musl-1.1.24/bin/mipsel-openwrt-linux-musl-objdump
configure:5508: checking how to recognize dependent libraries
configure:5708: result: pass_all
configure:5753: checking for mipsel-linux-dlltool
configure:5783: result: no
configure:5793: checking for dlltool
configure:5823: result: no
configure:5850: checking how to associate runtime and link libraries
configure:5877: result: printf %s\n
configure:5893: checking for mipsel-linux-ar
configure:5920: result: /opt/lede-toolchain-ramips-mt7621_gcc-5.4.0_musl-1.1.24.Linux-x86_64/toolchain-mipsel_24kc_gcc-5.4.0_musl-1.1.24/bin/mipsel-openwrt-linux-musl-ar
configure:6001: checking for archiver @FILE support
configure:6018: /opt/lede-toolchain-ramips-mt7621_gcc-5.4.0_musl-1.1.24.Linux-x86_64/toolchain-mipsel_24kc_gcc-5.4.0_musl-1.1.24/bin/mipsel-openwrt-linux-musl-gcc -c -Wall -Os -ffunction-sections -fdata-sections -fPIC -DLINUX26 -DCONFIG_RALINK -DMUSL_LIBC -DDEBUG_NOISY -DDEBUG_RCTEST -D_GNU_SOURCE -D__UAPI_DEF_ETHHDR -DRALINK_DBDC_MODE -pipe -funit-at-a-time -Wno-pointer-sign -mtune=mips32 -mips32 -DLINUX_KERNEL_VERSION=263366 --sysroot=/opt/lede-toolchain-ramips-mt7621_gcc-5.4.0_musl-1.1.24.Linux-x86_64/toolchain-mipsel_24kc_gcc-5.4.0_musl-1.1.24   conftest.c >&5
configure:6018: $? = 0
configure:6021: /opt/lede-toolchain-ramips-mt7621_gcc-5.4.0_musl-1.1.24.Linux-x86_64/toolchain-mipsel_24kc_gcc-5.4.0_musl-1.1.24/bin/mipsel-openwrt-linux-musl-ar cru libconftest.a @conftest.lst >&5
/opt/lede-toolchain-ramips-mt7621_gcc-5.4.0_musl-1.1.24.Linux-x86_64/toolchain-mipsel_24kc_gcc-5.4.0_musl-1.1.24/bin/mipsel-openwrt-linux-musl-ar: `u' modifier ignored since `D' is the default (see `U')
configure:6024: $? = 0
configure:6029: /opt/lede-toolchain-ramips-mt7621_gcc-5.4.0_musl-1.1.24.Linux-x86_64/toolchain-mipsel_24kc_gcc-5.4.0_musl-1.1.24/bin/mipsel-openwrt-linux-musl-ar cru libconftest.a @conftest.lst >&5
/opt/lede-toolchain-ramips-mt7621_gcc-5.4.0_musl-1.1.24.Linux-x86_64/toolchain-mipsel_24kc_gcc-5.4.0_musl-1.1.24/bin/mipsel-openwrt-linux-musl-ar: `u' modifier ignored since `D' is the default (see `U')
/opt/lede-toolchain-ramips-mt7621_gcc-5.4.0_musl-1.1.24.Linux-x86_64/toolchain-mipsel_24kc_gcc-5.4.0_musl-1.1.24/bin/mipsel-openwrt-linux-musl-ar: conftest.o: No such file or directory
configure:6032: $? = 1
configure:6044: result: @
configure:6062: checking for mipsel-linux-strip
configure:6089: result: /opt/lede-toolchain-ramips-mt7621_gcc-5.4.0_musl-1.1.24.Linux-x86_64/toolchain-mipsel_24kc_gcc-5.4.0_musl-1.1.24/bin/mipsel-openwrt-linux-musl-strip -R .note -R .comment
configure:6161: checking for mipsel-linux-ranlib
configure:6188: result: /opt/lede-toolchain-ramips-mt7621_gcc-5.4.0_musl-1.1.24.Linux-x86_64/toolchain-mipsel_24kc_gcc-5.4.0_musl-1.1.24/bin/mipsel-openwrt-linux-musl-ranlib
configure:6330: checking command to parse /opt/lede-toolchain-ramips-mt7621_gcc-5.4.0_musl-1.1.24.Linux-x86_64/toolchain-mipsel_24kc_gcc-5.4.0_musl-1.1.24/bin/mipsel-openwrt-linux-musl-nm output from /opt/lede-toolchain-ramips-mt7621_gcc-5.4.0_musl-1.1.24.Linux-x86_64/toolchain-mipsel_24kc_gcc-5.4.0_musl-1.1.24/bin/mipsel-openwrt-linux-musl-gcc object
configure:6483: /opt/lede-toolchain-ramips-mt7621_gcc-5.4.0_musl-1.1.24.Linux-x86_64/toolchain-mipsel_24kc_gcc-5.4.0_musl-1.1.24/bin/mipsel-openwrt-linux-musl-gcc -c -Wall -Os -ffunction-sections -fdata-sections -fPIC -DLINUX26 -DCONFIG_RALINK -DMUSL_LIBC -DDEBUG_NOISY -DDEBUG_RCTEST -D_GNU_SOURCE -D__UAPI_DEF_ETHHDR -DRALINK_DBDC_MODE -pipe -funit-at-a-time -Wno-pointer-sign -mtune=mips32 -mips32 -DLINUX_KERNEL_VERSION=263366 --sysroot=/opt/lede-toolchain-ramips-mt7621_gcc-5.4.0_musl-1.1.24.Linux-x86_64/toolchain-mipsel_24kc_gcc-5.4.0_musl-1.1.24   conftest.c >&5
configure:6486: $? = 0
configure:6490: /opt/lede-toolchain-ramips-mt7621_gcc-5.4.0_musl-1.1.24.Linux-x86_64/toolchain-mipsel_24kc_gcc-5.4.0_musl-1.1.24/bin/mipsel-openwrt-linux-musl-nm conftest.o \| sed -n -e 's/^.*[ ]\([ABCDGIRSTW][ABCDGIRSTW]*\)[ ][ ]*\([_A-Za-z][_A-Za-z0-9]*\)$/\1 \2 \2/p' | sed '/ __gnu_lto/d' \> conftest.nm
configure:6493: $? = 0
configure:6559: /opt/lede-toolchain-ramips-mt7621_gcc-5.4.0_musl-1.1.24.Linux-x86_64/toolchain-mipsel_24kc_gcc-5.4.0_musl-1.1.24/bin/mipsel-openwrt-linux-musl-gcc -o conftest -Wall -Os -ffunction-sections -fdata-sections -fPIC -DLINUX26 -DCONFIG_RALINK -DMUSL_LIBC -DDEBUG_NOISY -DDEBUG_RCTEST -D_GNU_SOURCE -D__UAPI_DEF_ETHHDR -DRALINK_DBDC_MODE -pipe -funit-at-a-time -Wno-pointer-sign -mtune=mips32 -mips32 -DLINUX_KERNEL_VERSION=263366 --sysroot=/opt/lede-toolchain-ramips-mt7621_gcc-5.4.0_musl-1.1.24.Linux-x86_64/toolchain-mipsel_24kc_gcc-5.4.0_musl-1.1.24   -Wl,--gc-sections  conftest.c conftstm.o >&5
configure:6562: $? = 0
configure:6600: result: ok
configure:6647: checking for sysroot
configure:6677: result: no
configure:6684: checking for a working dd
configure:6722: result: /bin/dd
configure:6726: checking how to truncate binary pipes
configure:6741: result: /bin/dd bs=4096 count=1
configure:7030: checking for mipsel-linux-mt
configure:7060: result: no
configure:7070: checking for mt
configure:7100: result: no
configure:7120: checking if : is a manifest tool
configure:7126: : '-?'
configure:7134: result: no
configure:7811: checking how to run the C preprocessor
configure:7842: /opt/lede-toolchain-ramips-mt7621_gcc-5.4.0_musl-1.1.24.Linux-x86_64/toolchain-mipsel_24kc_gcc-5.4.0_musl-1.1.24/bin/mipsel-openwrt-linux-musl-gcc -E  conftest.c
configure:7842: $? = 0
configure:7856: /opt/lede-toolchain-ramips-mt7621_gcc-5.4.0_musl-1.1.24.Linux-x86_64/toolchain-mipsel_24kc_gcc-5.4.0_musl-1.1.24/bin/mipsel-openwrt-linux-musl-gcc -E  conftest.c
conftest.c:11:28: fatal error: ac_nonexistent.h: No such file or directory
compilation terminated.
configure:7856: $? = 1
configure: failed program was:
| /* confdefs.h */
| #define PACKAGE_NAME "libConfuse"
| #define PACKAGE_TARNAME "confuse"
| #define PACKAGE_VERSION "3.2.2"
| #define PACKAGE_STRING "libConfuse 3.2.2"
| #define PACKAGE_BUGREPORT "https://github.com/martinh/libconfuse/issues"
| #define PACKAGE_URL ""
| #define PACKAGE "confuse"
| #define VERSION "3.2.2"
| /* end confdefs.h.  */
| #include <ac_nonexistent.h>
configure:7881: result: /opt/lede-toolchain-ramips-mt7621_gcc-5.4.0_musl-1.1.24.Linux-x86_64/toolchain-mipsel_24kc_gcc-5.4.0_musl-1.1.24/bin/mipsel-openwrt-linux-musl-gcc -E
configure:7901: /opt/lede-toolchain-ramips-mt7621_gcc-5.4.0_musl-1.1.24.Linux-x86_64/toolchain-mipsel_24kc_gcc-5.4.0_musl-1.1.24/bin/mipsel-openwrt-linux-musl-gcc -E  conftest.c
configure:7901: $? = 0
configure:7915: /opt/lede-toolchain-ramips-mt7621_gcc-5.4.0_musl-1.1.24.Linux-x86_64/toolchain-mipsel_24kc_gcc-5.4.0_musl-1.1.24/bin/mipsel-openwrt-linux-musl-gcc -E  conftest.c
conftest.c:11:28: fatal error: ac_nonexistent.h: No such file or directory
compilation terminated.
configure:7915: $? = 1
configure: failed program was:
| /* confdefs.h */
| #define PACKAGE_NAME "libConfuse"
| #define PACKAGE_TARNAME "confuse"
| #define PACKAGE_VERSION "3.2.2"
| #define PACKAGE_STRING "libConfuse 3.2.2"
| #define PACKAGE_BUGREPORT "https://github.com/martinh/libconfuse/issues"
| #define PACKAGE_URL ""
| #define PACKAGE "confuse"
| #define VERSION "3.2.2"
| /* end confdefs.h.  */
| #include <ac_nonexistent.h>
configure:7944: checking for ANSI C header files
configure:7964: /opt/lede-toolchain-ramips-mt7621_gcc-5.4.0_musl-1.1.24.Linux-x86_64/toolchain-mipsel_24kc_gcc-5.4.0_musl-1.1.24/bin/mipsel-openwrt-linux-musl-gcc -c -Wall -Os -ffunction-sections -fdata-sections -fPIC -DLINUX26 -DCONFIG_RALINK -DMUSL_LIBC -DDEBUG_NOISY -DDEBUG_RCTEST -D_GNU_SOURCE -D__UAPI_DEF_ETHHDR -DRALINK_DBDC_MODE -pipe -funit-at-a-time -Wno-pointer-sign -mtune=mips32 -mips32 -DLINUX_KERNEL_VERSION=263366 --sysroot=/opt/lede-toolchain-ramips-mt7621_gcc-5.4.0_musl-1.1.24.Linux-x86_64/toolchain-mipsel_24kc_gcc-5.4.0_musl-1.1.24   conftest.c >&5
configure:7964: $? = 0
configure:8048: result: yes
configure:8061: checking for sys/types.h
configure:8061: /opt/lede-toolchain-ramips-mt7621_gcc-5.4.0_musl-1.1.24.Linux-x86_64/toolchain-mipsel_24kc_gcc-5.4.0_musl-1.1.24/bin/mipsel-openwrt-linux-musl-gcc -c -Wall -Os -ffunction-sections -fdata-sections -fPIC -DLINUX26 -DCONFIG_RALINK -DMUSL_LIBC -DDEBUG_NOISY -DDEBUG_RCTEST -D_GNU_SOURCE -D__UAPI_DEF_ETHHDR -DRALINK_DBDC_MODE -pipe -funit-at-a-time -Wno-pointer-sign -mtune=mips32 -mips32 -DLINUX_KERNEL_VERSION=263366 --sysroot=/opt/lede-toolchain-ramips-mt7621_gcc-5.4.0_musl-1.1.24.Linux-x86_64/toolchain-mipsel_24kc_gcc-5.4.0_musl-1.1.24   conftest.c >&5
configure:8061: $? = 0
configure:8061: result: yes
configure:8061: checking for sys/stat.h
configure:8061: /opt/lede-toolchain-ramips-mt7621_gcc-5.4.0_musl-1.1.24.Linux-x86_64/toolchain-mipsel_24kc_gcc-5.4.0_musl-1.1.24/bin/mipsel-openwrt-linux-musl-gcc -c -Wall -Os -ffunction-sections -fdata-sections -fPIC -DLINUX26 -DCONFIG_RALINK -DMUSL_LIBC -DDEBUG_NOISY -DDEBUG_RCTEST -D_GNU_SOURCE -D__UAPI_DEF_ETHHDR -DRALINK_DBDC_MODE -pipe -funit-at-a-time -Wno-pointer-sign -mtune=mips32 -mips32 -DLINUX_KERNEL_VERSION=263366 --sysroot=/opt/lede-toolchain-ramips-mt7621_gcc-5.4.0_musl-1.1.24.Linux-x86_64/toolchain-mipsel_24kc_gcc-5.4.0_musl-1.1.24   conftest.c >&5
configure:8061: $? = 0
configure:8061: result: yes
configure:8061: checking for stdlib.h
configure:8061: /opt/lede-toolchain-ramips-mt7621_gcc-5.4.0_musl-1.1.24.Linux-x86_64/toolchain-mipsel_24kc_gcc-5.4.0_musl-1.1.24/bin/mipsel-openwrt-linux-musl-gcc -c -Wall -Os -ffunction-sections -fdata-sections -fPIC -DLINUX26 -DCONFIG_RALINK -DMUSL_LIBC -DDEBUG_NOISY -DDEBUG_RCTEST -D_GNU_SOURCE -D__UAPI_DEF_ETHHDR -DRALINK_DBDC_MODE -pipe -funit-at-a-time -Wno-pointer-sign -mtune=mips32 -mips32 -DLINUX_KERNEL_VERSION=263366 --sysroot=/opt/lede-toolchain-ramips-mt7621_gcc-5.4.0_musl-1.1.24.Linux-x86_64/toolchain-mipsel_24kc_gcc-5.4.0_musl-1.1.24   conftest.c >&5
configure:8061: $? = 0
configure:8061: result: yes
configure:8061: checking for string.h
configure:8061: /opt/lede-toolchain-ramips-mt7621_gcc-5.4.0_musl-1.1.24.Linux-x86_64/toolchain-mipsel_24kc_gcc-5.4.0_musl-1.1.24/bin/mipsel-openwrt-linux-musl-gcc -c -Wall -Os -ffunction-sections -fdata-sections -fPIC -DLINUX26 -DCONFIG_RALINK -DMUSL_LIBC -DDEBUG_NOISY -DDEBUG_RCTEST -D_GNU_SOURCE -D__UAPI_DEF_ETHHDR -DRALINK_DBDC_MODE -pipe -funit-at-a-time -Wno-pointer-sign -mtune=mips32 -mips32 -DLINUX_KERNEL_VERSION=263366 --sysroot=/opt/lede-toolchain-ramips-mt7621_gcc-5.4.0_musl-1.1.24.Linux-x86_64/toolchain-mipsel_24kc_gcc-5.4.0_musl-1.1.24   conftest.c >&5
configure:8061: $? = 0
configure:8061: result: yes
configure:8061: checking for memory.h
configure:8061: /opt/lede-toolchain-ramips-mt7621_gcc-5.4.0_musl-1.1.24.Linux-x86_64/toolchain-mipsel_24kc_gcc-5.4.0_musl-1.1.24/bin/mipsel-openwrt-linux-musl-gcc -c -Wall -Os -ffunction-sections -fdata-sections -fPIC -DLINUX26 -DCONFIG_RALINK -DMUSL_LIBC -DDEBUG_NOISY -DDEBUG_RCTEST -D_GNU_SOURCE -D__UAPI_DEF_ETHHDR -DRALINK_DBDC_MODE -pipe -funit-at-a-time -Wno-pointer-sign -mtune=mips32 -mips32 -DLINUX_KERNEL_VERSION=263366 --sysroot=/opt/lede-toolchain-ramips-mt7621_gcc-5.4.0_musl-1.1.24.Linux-x86_64/toolchain-mipsel_24kc_gcc-5.4.0_musl-1.1.24   conftest.c >&5
configure:8061: $? = 0
configure:8061: result: yes
configure:8061: checking for strings.h
configure:8061: /opt/lede-toolchain-ramips-mt7621_gcc-5.4.0_musl-1.1.24.Linux-x86_64/toolchain-mipsel_24kc_gcc-5.4.0_musl-1.1.24/bin/mipsel-openwrt-linux-musl-gcc -c -Wall -Os -ffunction-sections -fdata-sections -fPIC -DLINUX26 -DCONFIG_RALINK -DMUSL_LIBC -DDEBUG_NOISY -DDEBUG_RCTEST -D_GNU_SOURCE -D__UAPI_DEF_ETHHDR -DRALINK_DBDC_MODE -pipe -funit-at-a-time -Wno-pointer-sign -mtune=mips32 -mips32 -DLINUX_KERNEL_VERSION=263366 --sysroot=/opt/lede-toolchain-ramips-mt7621_gcc-5.4.0_musl-1.1.24.Linux-x86_64/toolchain-mipsel_24kc_gcc-5.4.0_musl-1.1.24   conftest.c >&5
configure:8061: $? = 0
configure:8061: result: yes
configure:8061: checking for inttypes.h
configure:8061: /opt/lede-toolchain-ramips-mt7621_gcc-5.4.0_musl-1.1.24.Linux-x86_64/toolchain-mipsel_24kc_gcc-5.4.0_musl-1.1.24/bin/mipsel-openwrt-linux-musl-gcc -c -Wall -Os -ffunction-sections -fdata-sections -fPIC -DLINUX26 -DCONFIG_RALINK -DMUSL_LIBC -DDEBUG_NOISY -DDEBUG_RCTEST -D_GNU_SOURCE -D__UAPI_DEF_ETHHDR -DRALINK_DBDC_MODE -pipe -funit-at-a-time -Wno-pointer-sign -mtune=mips32 -mips32 -DLINUX_KERNEL_VERSION=263366 --sysroot=/opt/lede-toolchain-ramips-mt7621_gcc-5.4.0_musl-1.1.24.Linux-x86_64/toolchain-mipsel_24kc_gcc-5.4.0_musl-1.1.24   conftest.c >&5
configure:8061: $? = 0
configure:8061: result: yes
configure:8061: checking for stdint.h
configure:8061: /opt/lede-toolchain-ramips-mt7621_gcc-5.4.0_musl-1.1.24.Linux-x86_64/toolchain-mipsel_24kc_gcc-5.4.0_musl-1.1.24/bin/mipsel-openwrt-linux-musl-gcc -c -Wall -Os -ffunction-sections -fdata-sections -fPIC -DLINUX26 -DCONFIG_RALINK -DMUSL_LIBC -DDEBUG_NOISY -DDEBUG_RCTEST -D_GNU_SOURCE -D__UAPI_DEF_ETHHDR -DRALINK_DBDC_MODE -pipe -funit-at-a-time -Wno-pointer-sign -mtune=mips32 -mips32 -DLINUX_KERNEL_VERSION=263366 --sysroot=/opt/lede-toolchain-ramips-mt7621_gcc-5.4.0_musl-1.1.24.Linux-x86_64/toolchain-mipsel_24kc_gcc-5.4.0_musl-1.1.24   conftest.c >&5
configure:8061: $? = 0
configure:8061: result: yes
configure:8061: checking for unistd.h
configure:8061: /opt/lede-toolchain-ramips-mt7621_gcc-5.4.0_musl-1.1.24.Linux-x86_64/toolchain-mipsel_24kc_gcc-5.4.0_musl-1.1.24/bin/mipsel-openwrt-linux-musl-gcc -c -Wall -Os -ffunction-sections -fdata-sections -fPIC -DLINUX26 -DCONFIG_RALINK -DMUSL_LIBC -DDEBUG_NOISY -DDEBUG_RCTEST -D_GNU_SOURCE -D__UAPI_DEF_ETHHDR -DRALINK_DBDC_MODE -pipe -funit-at-a-time -Wno-pointer-sign -mtune=mips32 -mips32 -DLINUX_KERNEL_VERSION=263366 --sysroot=/opt/lede-toolchain-ramips-mt7621_gcc-5.4.0_musl-1.1.24.Linux-x86_64/toolchain-mipsel_24kc_gcc-5.4.0_musl-1.1.24   conftest.c >&5
configure:8061: $? = 0
configure:8061: result: yes
configure:8075: checking for dlfcn.h
configure:8075: /opt/lede-toolchain-ramips-mt7621_gcc-5.4.0_musl-1.1.24.Linux-x86_64/toolchain-mipsel_24kc_gcc-5.4.0_musl-1.1.24/bin/mipsel-openwrt-linux-musl-gcc -c -Wall -Os -ffunction-sections -fdata-sections -fPIC -DLINUX26 -DCONFIG_RALINK -DMUSL_LIBC -DDEBUG_NOISY -DDEBUG_RCTEST -D_GNU_SOURCE -D__UAPI_DEF_ETHHDR -DRALINK_DBDC_MODE -pipe -funit-at-a-time -Wno-pointer-sign -mtune=mips32 -mips32 -DLINUX_KERNEL_VERSION=263366 --sysroot=/opt/lede-toolchain-ramips-mt7621_gcc-5.4.0_musl-1.1.24.Linux-x86_64/toolchain-mipsel_24kc_gcc-5.4.0_musl-1.1.24   conftest.c >&5
configure:8075: $? = 0
configure:8075: result: yes
configure:8629: checking for objdir
configure:8644: result: .libs
configure:8908: checking if /opt/lede-toolchain-ramips-mt7621_gcc-5.4.0_musl-1.1.24.Linux-x86_64/toolchain-mipsel_24kc_gcc-5.4.0_musl-1.1.24/bin/mipsel-openwrt-linux-musl-gcc supports -fno-rtti -fno-exceptions
configure:8926: /opt/lede-toolchain-ramips-mt7621_gcc-5.4.0_musl-1.1.24.Linux-x86_64/toolchain-mipsel_24kc_gcc-5.4.0_musl-1.1.24/bin/mipsel-openwrt-linux-musl-gcc -c -Wall -Os -ffunction-sections -fdata-sections -fPIC -DLINUX26 -DCONFIG_RALINK -DMUSL_LIBC -DDEBUG_NOISY -DDEBUG_RCTEST -D_GNU_SOURCE -D__UAPI_DEF_ETHHDR -DRALINK_DBDC_MODE -pipe -funit-at-a-time -Wno-pointer-sign -mtune=mips32 -mips32 -DLINUX_KERNEL_VERSION=263366 --sysroot=/opt/lede-toolchain-ramips-mt7621_gcc-5.4.0_musl-1.1.24.Linux-x86_64/toolchain-mipsel_24kc_gcc-5.4.0_musl-1.1.24   -fno-rtti -fno-exceptions conftest.c >&5
cc1: warning: command line option '-fno-rtti' is valid for C++/ObjC++ but not for C
configure:8930: $? = 0
configure:8943: result: no
configure:9301: checking for /opt/lede-toolchain-ramips-mt7621_gcc-5.4.0_musl-1.1.24.Linux-x86_64/toolchain-mipsel_24kc_gcc-5.4.0_musl-1.1.24/bin/mipsel-openwrt-linux-musl-gcc option to produce PIC
configure:9308: result: -fPIC -DPIC
configure:9316: checking if /opt/lede-toolchain-ramips-mt7621_gcc-5.4.0_musl-1.1.24.Linux-x86_64/toolchain-mipsel_24kc_gcc-5.4.0_musl-1.1.24/bin/mipsel-openwrt-linux-musl-gcc PIC flag -fPIC -DPIC works
configure:9334: /opt/lede-toolchain-ramips-mt7621_gcc-5.4.0_musl-1.1.24.Linux-x86_64/toolchain-mipsel_24kc_gcc-5.4.0_musl-1.1.24/bin/mipsel-openwrt-linux-musl-gcc -c -Wall -Os -ffunction-sections -fdata-sections -fPIC -DLINUX26 -DCONFIG_RALINK -DMUSL_LIBC -DDEBUG_NOISY -DDEBUG_RCTEST -D_GNU_SOURCE -D__UAPI_DEF_ETHHDR -DRALINK_DBDC_MODE -pipe -funit-at-a-time -Wno-pointer-sign -mtune=mips32 -mips32 -DLINUX_KERNEL_VERSION=263366 --sysroot=/opt/lede-toolchain-ramips-mt7621_gcc-5.4.0_musl-1.1.24.Linux-x86_64/toolchain-mipsel_24kc_gcc-5.4.0_musl-1.1.24   -fPIC -DPIC -DPIC conftest.c >&5
configure:9338: $? = 0
configure:9351: result: yes
configure:9380: checking if /opt/lede-toolchain-ramips-mt7621_gcc-5.4.0_musl-1.1.24.Linux-x86_64/toolchain-mipsel_24kc_gcc-5.4.0_musl-1.1.24/bin/mipsel-openwrt-linux-musl-gcc static flag -static works
configure:9408: result: yes
configure:9423: checking if /opt/lede-toolchain-ramips-mt7621_gcc-5.4.0_musl-1.1.24.Linux-x86_64/toolchain-mipsel_24kc_gcc-5.4.0_musl-1.1.24/bin/mipsel-openwrt-linux-musl-gcc supports -c -o file.o
configure:9444: /opt/lede-toolchain-ramips-mt7621_gcc-5.4.0_musl-1.1.24.Linux-x86_64/toolchain-mipsel_24kc_gcc-5.4.0_musl-1.1.24/bin/mipsel-openwrt-linux-musl-gcc -c -Wall -Os -ffunction-sections -fdata-sections -fPIC -DLINUX26 -DCONFIG_RALINK -DMUSL_LIBC -DDEBUG_NOISY -DDEBUG_RCTEST -D_GNU_SOURCE -D__UAPI_DEF_ETHHDR -DRALINK_DBDC_MODE -pipe -funit-at-a-time -Wno-pointer-sign -mtune=mips32 -mips32 -DLINUX_KERNEL_VERSION=263366 --sysroot=/opt/lede-toolchain-ramips-mt7621_gcc-5.4.0_musl-1.1.24.Linux-x86_64/toolchain-mipsel_24kc_gcc-5.4.0_musl-1.1.24   -o out/conftest2.o conftest.c >&5
configure:9448: $? = 0
configure:9470: result: yes
configure:9478: checking if /opt/lede-toolchain-ramips-mt7621_gcc-5.4.0_musl-1.1.24.Linux-x86_64/toolchain-mipsel_24kc_gcc-5.4.0_musl-1.1.24/bin/mipsel-openwrt-linux-musl-gcc supports -c -o file.o
configure:9525: result: yes
configure:9558: checking whether the /opt/lede-toolchain-ramips-mt7621_gcc-5.4.0_musl-1.1.24.Linux-x86_64/toolchain-mipsel_24kc_gcc-5.4.0_musl-1.1.24/bin/mipsel-openwrt-linux-musl-gcc linker (/opt/lede-toolchain-ramips-mt7621_gcc-5.4.0_musl-1.1.24.Linux-x86_64/toolchain-mipsel_24kc_gcc-5.4.0_musl-1.1.24/bin/mipsel-openwrt-linux-musl-ld) supports shared libraries
configure:10821: result: yes
configure:11061: checking dynamic linker characteristics
configure:11642: /opt/lede-toolchain-ramips-mt7621_gcc-5.4.0_musl-1.1.24.Linux-x86_64/toolchain-mipsel_24kc_gcc-5.4.0_musl-1.1.24/bin/mipsel-openwrt-linux-musl-gcc -o conftest -Wall -Os -ffunction-sections -fdata-sections -fPIC -DLINUX26 -DCONFIG_RALINK -DMUSL_LIBC -DDEBUG_NOISY -DDEBUG_RCTEST -D_GNU_SOURCE -D__UAPI_DEF_ETHHDR -DRALINK_DBDC_MODE -pipe -funit-at-a-time -Wno-pointer-sign -mtune=mips32 -mips32 -DLINUX_KERNEL_VERSION=263366 --sysroot=/opt/lede-toolchain-ramips-mt7621_gcc-5.4.0_musl-1.1.24.Linux-x86_64/toolchain-mipsel_24kc_gcc-5.4.0_musl-1.1.24   -Wl,--gc-sections  -Wl,-rpath -Wl,/foo conftest.c  >&5
configure:11642: $? = 0
configure:11891: result: GNU/Linux ld.so
configure:12013: checking how to hardcode library paths into programs
configure:12038: result: immediate
configure:12586: checking whether stripping libraries is possible
configure:12591: result: yes
configure:12626: checking if libtool supports shared libraries
configure:12628: result: yes
configure:12631: checking whether to build shared libraries
configure:12656: result: no
configure:12659: checking whether to build static libraries
configure:12663: result: yes
configure:12724: checking whether NLS is requested
configure:12733: result: no
configure:12773: checking for msgfmt
configure: trying /usr/bin/msgfmt...
0 translated messages.
configure:12805: result: /usr/bin/msgfmt
configure:12814: checking for gmsgfmt
configure:12845: result: /usr/bin/msgfmt
configure:12895: checking for xgettext
configure: trying /usr/bin/xgettext...
/usr/bin/xgettext: warning: file '/dev/null' extension '' is unknown; will try C
configure:12927: result: /usr/bin/xgettext
configure:12972: checking for msgmerge
configure: trying /usr/bin/msgmerge...
configure:13003: result: /usr/bin/msgmerge
configure:13061: checking for ld used by /opt/lede-toolchain-ramips-mt7621_gcc-5.4.0_musl-1.1.24.Linux-x86_64/toolchain-mipsel_24kc_gcc-5.4.0_musl-1.1.24/bin/mipsel-openwrt-linux-musl-gcc
configure:13128: result: /opt/lede-toolchain-ramips-mt7621_gcc-5.4.0_musl-1.1.24.Linux-x86_64/toolchain-mipsel_24kc_gcc-5.4.0_musl-1.1.24/bin/mipsel-openwrt-linux-musl-ld
configure:13135: checking if the linker (/opt/lede-toolchain-ramips-mt7621_gcc-5.4.0_musl-1.1.24.Linux-x86_64/toolchain-mipsel_24kc_gcc-5.4.0_musl-1.1.24/bin/mipsel-openwrt-linux-musl-ld) is GNU ld
configure:13150: result: yes
configure:13157: checking for shared library run path origin
configure:13170: result: done
configure:13742: checking for CFPreferencesCopyAppValue
configure:13760: /opt/lede-toolchain-ramips-mt7621_gcc-5.4.0_musl-1.1.24.Linux-x86_64/toolchain-mipsel_24kc_gcc-5.4.0_musl-1.1.24/bin/mipsel-openwrt-linux-musl-gcc -o conftest -Wall -Os -ffunction-sections -fdata-sections -fPIC -DLINUX26 -DCONFIG_RALINK -DMUSL_LIBC -DDEBUG_NOISY -DDEBUG_RCTEST -D_GNU_SOURCE -D__UAPI_DEF_ETHHDR -DRALINK_DBDC_MODE -pipe -funit-at-a-time -Wno-pointer-sign -mtune=mips32 -mips32 -DLINUX_KERNEL_VERSION=263366 --sysroot=/opt/lede-toolchain-ramips-mt7621_gcc-5.4.0_musl-1.1.24.Linux-x86_64/toolchain-mipsel_24kc_gcc-5.4.0_musl-1.1.24   -Wl,--gc-sections  conftest.c  -Wl,-framework -Wl,CoreFoundation >&5
conftest.c:23:42: fatal error: CoreFoundation/CFPreferences.h: No such file or directory
compilation terminated.
configure:13760: $? = 1
configure: failed program was:
| /* confdefs.h */
| #define PACKAGE_NAME "libConfuse"
| #define PACKAGE_TARNAME "confuse"
| #define PACKAGE_VERSION "3.2.2"
| #define PACKAGE_STRING "libConfuse 3.2.2"
| #define PACKAGE_BUGREPORT "https://github.com/martinh/libconfuse/issues"
| #define PACKAGE_URL ""
| #define PACKAGE "confuse"
| #define VERSION "3.2.2"
| #define STDC_HEADERS 1
| #define HAVE_SYS_TYPES_H 1
| #define HAVE_SYS_STAT_H 1
| #define HAVE_STDLIB_H 1
| #define HAVE_STRING_H 1
| #define HAVE_MEMORY_H 1
| #define HAVE_STRINGS_H 1
| #define HAVE_INTTYPES_H 1
| #define HAVE_STDINT_H 1
| #define HAVE_UNISTD_H 1
| #define HAVE_DLFCN_H 1
| #define LT_OBJDIR ".libs/"
| /* end confdefs.h.  */
| #include <CoreFoundation/CFPreferences.h>
| int
| main ()
| {
| CFPreferencesCopyAppValue(NULL, NULL)
|   ;
|   return 0;
| }
configure:13769: result: no
configure:13776: checking for CFLocaleCopyCurrent
configure:13794: /opt/lede-toolchain-ramips-mt7621_gcc-5.4.0_musl-1.1.24.Linux-x86_64/toolchain-mipsel_24kc_gcc-5.4.0_musl-1.1.24/bin/mipsel-openwrt-linux-musl-gcc -o conftest -Wall -Os -ffunction-sections -fdata-sections -fPIC -DLINUX26 -DCONFIG_RALINK -DMUSL_LIBC -DDEBUG_NOISY -DDEBUG_RCTEST -D_GNU_SOURCE -D__UAPI_DEF_ETHHDR -DRALINK_DBDC_MODE -pipe -funit-at-a-time -Wno-pointer-sign -mtune=mips32 -mips32 -DLINUX_KERNEL_VERSION=263366 --sysroot=/opt/lede-toolchain-ramips-mt7621_gcc-5.4.0_musl-1.1.24.Linux-x86_64/toolchain-mipsel_24kc_gcc-5.4.0_musl-1.1.24   -Wl,--gc-sections  conftest.c  -Wl,-framework -Wl,CoreFoundation >&5
conftest.c:23:37: fatal error: CoreFoundation/CFLocale.h: No such file or directory
compilation terminated.
configure:13794: $? = 1
configure: failed program was:
| /* confdefs.h */
| #define PACKAGE_NAME "libConfuse"
| #define PACKAGE_TARNAME "confuse"
| #define PACKAGE_VERSION "3.2.2"
| #define PACKAGE_STRING "libConfuse 3.2.2"
| #define PACKAGE_BUGREPORT "https://github.com/martinh/libconfuse/issues"
| #define PACKAGE_URL ""
| #define PACKAGE "confuse"
| #define VERSION "3.2.2"
| #define STDC_HEADERS 1
| #define HAVE_SYS_TYPES_H 1
| #define HAVE_SYS_STAT_H 1
| #define HAVE_STDLIB_H 1
| #define HAVE_STRING_H 1
| #define HAVE_MEMORY_H 1
| #define HAVE_STRINGS_H 1
| #define HAVE_INTTYPES_H 1
| #define HAVE_STDINT_H 1
| #define HAVE_UNISTD_H 1
| #define HAVE_DLFCN_H 1
| #define LT_OBJDIR ".libs/"
| /* end confdefs.h.  */
| #include <CoreFoundation/CFLocale.h>
| int
| main ()
| {
| CFLocaleCopyCurrent();
|   ;
|   return 0;
| }
configure:13803: result: no
configure:14713: checking whether to use NLS
configure:14715: result: no
configure:14789: checking for ANSI C header files
configure:14893: result: yes
configure:14904: checking for unistd.h
configure:14904: result: yes
configure:14904: checking for string.h
configure:14904: result: yes
configure:14904: checking for strings.h
configure:14904: result: yes
configure:14904: checking for sys/stat.h
configure:14904: result: yes
configure:14904: checking windows.h usability
configure:14904: /opt/lede-toolchain-ramips-mt7621_gcc-5.4.0_musl-1.1.24.Linux-x86_64/toolchain-mipsel_24kc_gcc-5.4.0_musl-1.1.24/bin/mipsel-openwrt-linux-musl-gcc -c -Wall -Os -ffunction-sections -fdata-sections -fPIC -DLINUX26 -DCONFIG_RALINK -DMUSL_LIBC -DDEBUG_NOISY -DDEBUG_RCTEST -D_GNU_SOURCE -D__UAPI_DEF_ETHHDR -DRALINK_DBDC_MODE -pipe -funit-at-a-time -Wno-pointer-sign -mtune=mips32 -mips32 -DLINUX_KERNEL_VERSION=263366 --sysroot=/opt/lede-toolchain-ramips-mt7621_gcc-5.4.0_musl-1.1.24.Linux-x86_64/toolchain-mipsel_24kc_gcc-5.4.0_musl-1.1.24   conftest.c >&5
conftest.c:61:21: fatal error: windows.h: No such file or directory
compilation terminated.
configure:14904: $? = 1
configure: failed program was:
| /* confdefs.h */
| #define PACKAGE_NAME "libConfuse"
| #define PACKAGE_TARNAME "confuse"
| #define PACKAGE_VERSION "3.2.2"
| #define PACKAGE_STRING "libConfuse 3.2.2"
| #define PACKAGE_BUGREPORT "https://github.com/martinh/libconfuse/issues"
| #define PACKAGE_URL ""
| #define PACKAGE "confuse"
| #define VERSION "3.2.2"
| #define STDC_HEADERS 1
| #define HAVE_SYS_TYPES_H 1
| #define HAVE_SYS_STAT_H 1
| #define HAVE_STDLIB_H 1
| #define HAVE_STRING_H 1
| #define HAVE_MEMORY_H 1
| #define HAVE_STRINGS_H 1
| #define HAVE_INTTYPES_H 1
| #define HAVE_STDINT_H 1
| #define HAVE_UNISTD_H 1
| #define HAVE_DLFCN_H 1
| #define LT_OBJDIR ".libs/"
| #define STDC_HEADERS 1
| #define HAVE_UNISTD_H 1
| #define HAVE_STRING_H 1
| #define HAVE_STRINGS_H 1
| #define HAVE_SYS_STAT_H 1
| /* end confdefs.h.  */
| #include <stdio.h>
| #ifdef HAVE_SYS_TYPES_H
| # include <sys/types.h>
| #endif
| #ifdef HAVE_SYS_STAT_H
| # include <sys/stat.h>
| #endif
| #ifdef STDC_HEADERS
| # include <stdlib.h>
| # include <stddef.h>
| #else
| # ifdef HAVE_STDLIB_H
| #  include <stdlib.h>
| # endif
| #endif
| #ifdef HAVE_STRING_H
| # if !defined STDC_HEADERS && defined HAVE_MEMORY_H
| #  include <memory.h>
| # endif
| # include <string.h>
| #endif
| #ifdef HAVE_STRINGS_H
| # include <strings.h>
| #endif
| #ifdef HAVE_INTTYPES_H
| # include <inttypes.h>
| #endif
| #ifdef HAVE_STDINT_H
| # include <stdint.h>
| #endif
| #ifdef HAVE_UNISTD_H
| # include <unistd.h>
| #endif
| #include <windows.h>
configure:14904: result: no
configure:14904: checking windows.h presence
configure:14904: /opt/lede-toolchain-ramips-mt7621_gcc-5.4.0_musl-1.1.24.Linux-x86_64/toolchain-mipsel_24kc_gcc-5.4.0_musl-1.1.24/bin/mipsel-openwrt-linux-musl-gcc -E  conftest.c
conftest.c:28:21: fatal error: windows.h: No such file or directory
compilation terminated.
configure:14904: $? = 1
configure: failed program was:
| /* confdefs.h */
| #define PACKAGE_NAME "libConfuse"
| #define PACKAGE_TARNAME "confuse"
| #define PACKAGE_VERSION "3.2.2"
| #define PACKAGE_STRING "libConfuse 3.2.2"
| #define PACKAGE_BUGREPORT "https://github.com/martinh/libconfuse/issues"
| #define PACKAGE_URL ""
| #define PACKAGE "confuse"
| #define VERSION "3.2.2"
| #define STDC_HEADERS 1
| #define HAVE_SYS_TYPES_H 1
| #define HAVE_SYS_STAT_H 1
| #define HAVE_STDLIB_H 1
| #define HAVE_STRING_H 1
| #define HAVE_MEMORY_H 1
| #define HAVE_STRINGS_H 1
| #define HAVE_INTTYPES_H 1
| #define HAVE_STDINT_H 1
| #define HAVE_UNISTD_H 1
| #define HAVE_DLFCN_H 1
| #define LT_OBJDIR ".libs/"
| #define STDC_HEADERS 1
| #define HAVE_UNISTD_H 1
| #define HAVE_STRING_H 1
| #define HAVE_STRINGS_H 1
| #define HAVE_SYS_STAT_H 1
| /* end confdefs.h.  */
| #include <windows.h>
configure:14904: result: no
configure:14904: checking for windows.h
configure:14904: result: no
configure:14916: checking for an ANSI C-conforming const
configure:14982: /opt/lede-toolchain-ramips-mt7621_gcc-5.4.0_musl-1.1.24.Linux-x86_64/toolchain-mipsel_24kc_gcc-5.4.0_musl-1.1.24/bin/mipsel-openwrt-linux-musl-gcc -c -Wall -Os -ffunction-sections -fdata-sections -fPIC -DLINUX26 -DCONFIG_RALINK -DMUSL_LIBC -DDEBUG_NOISY -DDEBUG_RCTEST -D_GNU_SOURCE -D__UAPI_DEF_ETHHDR -DRALINK_DBDC_MODE -pipe -funit-at-a-time -Wno-pointer-sign -mtune=mips32 -mips32 -DLINUX_KERNEL_VERSION=263366 --sysroot=/opt/lede-toolchain-ramips-mt7621_gcc-5.4.0_musl-1.1.24.Linux-x86_64/toolchain-mipsel_24kc_gcc-5.4.0_musl-1.1.24   conftest.c >&5
configure:14982: $? = 0
configure:14989: result: yes
configure:15002: checking for fmemopen
configure:15002: /opt/lede-toolchain-ramips-mt7621_gcc-5.4.0_musl-1.1.24.Linux-x86_64/toolchain-mipsel_24kc_gcc-5.4.0_musl-1.1.24/bin/mipsel-openwrt-linux-musl-gcc -o conftest -Wall -Os -ffunction-sections -fdata-sections -fPIC -DLINUX26 -DCONFIG_RALINK -DMUSL_LIBC -DDEBUG_NOISY -DDEBUG_RCTEST -D_GNU_SOURCE -D__UAPI_DEF_ETHHDR -DRALINK_DBDC_MODE -pipe -funit-at-a-time -Wno-pointer-sign -mtune=mips32 -mips32 -DLINUX_KERNEL_VERSION=263366 --sysroot=/opt/lede-toolchain-ramips-mt7621_gcc-5.4.0_musl-1.1.24.Linux-x86_64/toolchain-mipsel_24kc_gcc-5.4.0_musl-1.1.24   -Wl,--gc-sections  conftest.c  >&5
configure:15002: $? = 0
configure:15002: result: yes
configure:15002: checking for funopen
configure:15002: /opt/lede-toolchain-ramips-mt7621_gcc-5.4.0_musl-1.1.24.Linux-x86_64/toolchain-mipsel_24kc_gcc-5.4.0_musl-1.1.24/bin/mipsel-openwrt-linux-musl-gcc -o conftest -Wall -Os -ffunction-sections -fdata-sections -fPIC -DLINUX26 -DCONFIG_RALINK -DMUSL_LIBC -DDEBUG_NOISY -DDEBUG_RCTEST -D_GNU_SOURCE -D__UAPI_DEF_ETHHDR -DRALINK_DBDC_MODE -pipe -funit-at-a-time -Wno-pointer-sign -mtune=mips32 -mips32 -DLINUX_KERNEL_VERSION=263366 --sysroot=/opt/lede-toolchain-ramips-mt7621_gcc-5.4.0_musl-1.1.24.Linux-x86_64/toolchain-mipsel_24kc_gcc-5.4.0_musl-1.1.24   -Wl,--gc-sections  conftest.c  >&5
/tmp/ccBYCbDq.o: In function `main':
conftest.c:(.text.startup.main+0x10): undefined reference to `funopen'
conftest.c:(.text.startup.main+0x1c): undefined reference to `funopen'
collect2: error: ld returned 1 exit status
configure:15002: $? = 1
configure: failed program was:
| /* confdefs.h */
| #define PACKAGE_NAME "libConfuse"
| #define PACKAGE_TARNAME "confuse"
| #define PACKAGE_VERSION "3.2.2"
| #define PACKAGE_STRING "libConfuse 3.2.2"
| #define PACKAGE_BUGREPORT "https://github.com/martinh/libconfuse/issues"
| #define PACKAGE_URL ""
| #define PACKAGE "confuse"
| #define VERSION "3.2.2"
| #define STDC_HEADERS 1
| #define HAVE_SYS_TYPES_H 1
| #define HAVE_SYS_STAT_H 1
| #define HAVE_STDLIB_H 1
| #define HAVE_STRING_H 1
| #define HAVE_MEMORY_H 1
| #define HAVE_STRINGS_H 1
| #define HAVE_INTTYPES_H 1
| #define HAVE_STDINT_H 1
| #define HAVE_UNISTD_H 1
| #define HAVE_DLFCN_H 1
| #define LT_OBJDIR ".libs/"
| #define STDC_HEADERS 1
| #define HAVE_UNISTD_H 1
| #define HAVE_STRING_H 1
| #define HAVE_STRINGS_H 1
| #define HAVE_SYS_STAT_H 1
| #define HAVE_FMEMOPEN 1
| /* end confdefs.h.  */
| /* Define funopen to an innocuous variant, in case <limits.h> declares funopen.
|    For example, HP-UX 11i <limits.h> declares gettimeofday.  */
| #define funopen innocuous_funopen
| 
| /* System header to define __stub macros and hopefully few prototypes,
|     which can conflict with char funopen (); below.
|     Prefer <limits.h> to <assert.h> if __STDC__ is defined, since
|     <limits.h> exists even on freestanding compilers.  */
| 
| #ifdef __STDC__
| # include <limits.h>
| #else
| # include <assert.h>
| #endif
| 
| #undef funopen
| 
| /* Override any GCC internal prototype to avoid an error.
|    Use char because int might match the return type of a GCC
|    builtin and then its argument prototype would still apply.  */
| #ifdef __cplusplus
| extern "C"
| #endif
| char funopen ();
| /* The GNU C library defines this for functions which it implements
|     to always fail with ENOSYS.  Some functions are actually named
|     something starting with __ and the normal name is an alias.  */
| #if defined __stub_funopen || defined __stub___funopen
| choke me
| #endif
| 
| int
| main ()
| {
| return funopen ();
|   ;
|   return 0;
| }
configure:15002: result: no
configure:15002: checking for strcasecmp
configure:15002: /opt/lede-toolchain-ramips-mt7621_gcc-5.4.0_musl-1.1.24.Linux-x86_64/toolchain-mipsel_24kc_gcc-5.4.0_musl-1.1.24/bin/mipsel-openwrt-linux-musl-gcc -o conftest -Wall -Os -ffunction-sections -fdata-sections -fPIC -DLINUX26 -DCONFIG_RALINK -DMUSL_LIBC -DDEBUG_NOISY -DDEBUG_RCTEST -D_GNU_SOURCE -D__UAPI_DEF_ETHHDR -DRALINK_DBDC_MODE -pipe -funit-at-a-time -Wno-pointer-sign -mtune=mips32 -mips32 -DLINUX_KERNEL_VERSION=263366 --sysroot=/opt/lede-toolchain-ramips-mt7621_gcc-5.4.0_musl-1.1.24.Linux-x86_64/toolchain-mipsel_24kc_gcc-5.4.0_musl-1.1.24   -Wl,--gc-sections  conftest.c  >&5
conftest.c:52:6: warning: conflicting types for built-in function 'strcasecmp'
 char strcasecmp ();
      ^
configure:15002: $? = 0
configure:15002: result: yes
configure:15002: checking for strdup
configure:15002: /opt/lede-toolchain-ramips-mt7621_gcc-5.4.0_musl-1.1.24.Linux-x86_64/toolchain-mipsel_24kc_gcc-5.4.0_musl-1.1.24/bin/mipsel-openwrt-linux-musl-gcc -o conftest -Wall -Os -ffunction-sections -fdata-sections -fPIC -DLINUX26 -DCONFIG_RALINK -DMUSL_LIBC -DDEBUG_NOISY -DDEBUG_RCTEST -D_GNU_SOURCE -D__UAPI_DEF_ETHHDR -DRALINK_DBDC_MODE -pipe -funit-at-a-time -Wno-pointer-sign -mtune=mips32 -mips32 -DLINUX_KERNEL_VERSION=263366 --sysroot=/opt/lede-toolchain-ramips-mt7621_gcc-5.4.0_musl-1.1.24.Linux-x86_64/toolchain-mipsel_24kc_gcc-5.4.0_musl-1.1.24   -Wl,--gc-sections  conftest.c  >&5
conftest.c:53:6: warning: conflicting types for built-in function 'strdup'
 char strdup ();
      ^
configure:15002: $? = 0
configure:15002: result: yes
configure:15002: checking for strndup
configure:15002: /opt/lede-toolchain-ramips-mt7621_gcc-5.4.0_musl-1.1.24.Linux-x86_64/toolchain-mipsel_24kc_gcc-5.4.0_musl-1.1.24/bin/mipsel-openwrt-linux-musl-gcc -o conftest -Wall -Os -ffunction-sections -fdata-sections -fPIC -DLINUX26 -DCONFIG_RALINK -DMUSL_LIBC -DDEBUG_NOISY -DDEBUG_RCTEST -D_GNU_SOURCE -D__UAPI_DEF_ETHHDR -DRALINK_DBDC_MODE -pipe -funit-at-a-time -Wno-pointer-sign -mtune=mips32 -mips32 -DLINUX_KERNEL_VERSION=263366 --sysroot=/opt/lede-toolchain-ramips-mt7621_gcc-5.4.0_musl-1.1.24.Linux-x86_64/toolchain-mipsel_24kc_gcc-5.4.0_musl-1.1.24   -Wl,--gc-sections  conftest.c  >&5
conftest.c:54:6: warning: conflicting types for built-in function 'strndup'
 char strndup ();
      ^
configure:15002: $? = 0
configure:15002: result: yes
configure:15002: checking for setenv
configure:15002: /opt/lede-toolchain-ramips-mt7621_gcc-5.4.0_musl-1.1.24.Linux-x86_64/toolchain-mipsel_24kc_gcc-5.4.0_musl-1.1.24/bin/mipsel-openwrt-linux-musl-gcc -o conftest -Wall -Os -ffunction-sections -fdata-sections -fPIC -DLINUX26 -DCONFIG_RALINK -DMUSL_LIBC -DDEBUG_NOISY -DDEBUG_RCTEST -D_GNU_SOURCE -D__UAPI_DEF_ETHHDR -DRALINK_DBDC_MODE -pipe -funit-at-a-time -Wno-pointer-sign -mtune=mips32 -mips32 -DLINUX_KERNEL_VERSION=263366 --sysroot=/opt/lede-toolchain-ramips-mt7621_gcc-5.4.0_musl-1.1.24.Linux-x86_64/toolchain-mipsel_24kc_gcc-5.4.0_musl-1.1.24   -Wl,--gc-sections  conftest.c  >&5
configure:15002: $? = 0
configure:15002: result: yes
configure:15002: checking for unsetenv
configure:15002: /opt/lede-toolchain-ramips-mt7621_gcc-5.4.0_musl-1.1.24.Linux-x86_64/toolchain-mipsel_24kc_gcc-5.4.0_musl-1.1.24/bin/mipsel-openwrt-linux-musl-gcc -o conftest -Wall -Os -ffunction-sections -fdata-sections -fPIC -DLINUX26 -DCONFIG_RALINK -DMUSL_LIBC -DDEBUG_NOISY -DDEBUG_RCTEST -D_GNU_SOURCE -D__UAPI_DEF_ETHHDR -DRALINK_DBDC_MODE -pipe -funit-at-a-time -Wno-pointer-sign -mtune=mips32 -mips32 -DLINUX_KERNEL_VERSION=263366 --sysroot=/opt/lede-toolchain-ramips-mt7621_gcc-5.4.0_musl-1.1.24.Linux-x86_64/toolchain-mipsel_24kc_gcc-5.4.0_musl-1.1.24   -Wl,--gc-sections  conftest.c  >&5
configure:15002: $? = 0
configure:15002: result: yes
configure:15002: checking for _putenv
configure:15002: /opt/lede-toolchain-ramips-mt7621_gcc-5.4.0_musl-1.1.24.Linux-x86_64/toolchain-mipsel_24kc_gcc-5.4.0_musl-1.1.24/bin/mipsel-openwrt-linux-musl-gcc -o conftest -Wall -Os -ffunction-sections -fdata-sections -fPIC -DLINUX26 -DCONFIG_RALINK -DMUSL_LIBC -DDEBUG_NOISY -DDEBUG_RCTEST -D_GNU_SOURCE -D__UAPI_DEF_ETHHDR -DRALINK_DBDC_MODE -pipe -funit-at-a-time -Wno-pointer-sign -mtune=mips32 -mips32 -DLINUX_KERNEL_VERSION=263366 --sysroot=/opt/lede-toolchain-ramips-mt7621_gcc-5.4.0_musl-1.1.24.Linux-x86_64/toolchain-mipsel_24kc_gcc-5.4.0_musl-1.1.24   -Wl,--gc-sections  conftest.c  >&5
/tmp/cc9AA7UU.o: In function `main':
conftest.c:(.text.startup.main+0x10): undefined reference to `_putenv'
conftest.c:(.text.startup.main+0x1c): undefined reference to `_putenv'
collect2: error: ld returned 1 exit status
configure:15002: $? = 1
configure: failed program was:
| /* confdefs.h */
| #define PACKAGE_NAME "libConfuse"
| #define PACKAGE_TARNAME "confuse"
| #define PACKAGE_VERSION "3.2.2"
| #define PACKAGE_STRING "libConfuse 3.2.2"
| #define PACKAGE_BUGREPORT "https://github.com/martinh/libconfuse/issues"
| #define PACKAGE_URL ""
| #define PACKAGE "confuse"
| #define VERSION "3.2.2"
| #define STDC_HEADERS 1
| #define HAVE_SYS_TYPES_H 1
| #define HAVE_SYS_STAT_H 1
| #define HAVE_STDLIB_H 1
| #define HAVE_STRING_H 1
| #define HAVE_MEMORY_H 1
| #define HAVE_STRINGS_H 1
| #define HAVE_INTTYPES_H 1
| #define HAVE_STDINT_H 1
| #define HAVE_UNISTD_H 1
| #define HAVE_DLFCN_H 1
| #define LT_OBJDIR ".libs/"
| #define STDC_HEADERS 1
| #define HAVE_UNISTD_H 1
| #define HAVE_STRING_H 1
| #define HAVE_STRINGS_H 1
| #define HAVE_SYS_STAT_H 1
| #define HAVE_FMEMOPEN 1
| #define HAVE_STRCASECMP 1
| #define HAVE_STRDUP 1
| #define HAVE_STRNDUP 1
| #define HAVE_SETENV 1
| #define HAVE_UNSETENV 1
| /* end confdefs.h.  */
| /* Define _putenv to an innocuous variant, in case <limits.h> declares _putenv.
|    For example, HP-UX 11i <limits.h> declares gettimeofday.  */
| #define _putenv innocuous__putenv
| 
| /* System header to define __stub macros and hopefully few prototypes,
|     which can conflict with char _putenv (); below.
|     Prefer <limits.h> to <assert.h> if __STDC__ is defined, since
|     <limits.h> exists even on freestanding compilers.  */
| 
| #ifdef __STDC__
| # include <limits.h>
| #else
| # include <assert.h>
| #endif
| 
| #undef _putenv
| 
| /* Override any GCC internal prototype to avoid an error.
|    Use char because int might match the return type of a GCC
|    builtin and then its argument prototype would still apply.  */
| #ifdef __cplusplus
| extern "C"
| #endif
| char _putenv ();
| /* The GNU C library defines this for functions which it implements
|     to always fail with ENOSYS.  Some functions are actually named
|     something starting with __ and the normal name is an alias.  */
| #if defined __stub__putenv || defined __stub____putenv
| choke me
| #endif
| 
| int
| main ()
| {
| return _putenv ();
|   ;
|   return 0;
| }
configure:15002: result: no
configure:15145: checking that generated files are newer than configure
configure:15151: result: done
configure:15186: creating ./config.status

## ---------------------- ##
## Running config.status. ##
## ---------------------- ##

This file was extended by libConfuse config.status 3.2.2, which was
generated by GNU Autoconf 2.69.  Invocation command line was

  CONFIG_FILES    = 
  CONFIG_HEADERS  = 
  CONFIG_LINKS    = 
  CONFIG_COMMANDS = 
  $ ./config.status 

on 820a0eb7ac91

config.status:1149: creating Makefile
config.status:1149: creating src/Makefile
config.status:1149: creating examples/Makefile
config.status:1149: creating po/Makefile.in
config.status:1149: creating m4/Makefile
config.status:1149: creating tests/Makefile
config.status:1149: creating doc/Makefile
config.status:1149: creating doc/Doxyfile
config.status:1149: creating libconfuse.pc
config.status:1149: creating libconfuse.spec
config.status:1149: creating config.h
config.status:1378: executing depfiles commands
config.status:1378: executing libtool commands
config.status:1378: executing po-directories commands

## ---------------- ##
## Cache variables. ##
## ---------------- ##

ac_cv_build=x86_64-pc-linux-gnu
ac_cv_c_compiler_gnu=yes
ac_cv_c_const=yes
ac_cv_env_CC_set=set
ac_cv_env_CC_value=/opt/lede-toolchain-ramips-mt7621_gcc-5.4.0_musl-1.1.24.Linux-x86_64/toolchain-mipsel_24kc_gcc-5.4.0_musl-1.1.24/bin/mipsel-openwrt-linux-musl-gcc
ac_cv_env_CFLAGS_set=set
ac_cv_env_CFLAGS_value='-Wall -Os -ffunction-sections -fdata-sections -fPIC -DLINUX26 -DCONFIG_RALINK -DMUSL_LIBC -DDEBUG_NOISY -DDEBUG_RCTEST -D_GNU_SOURCE -D__UAPI_DEF_ETHHDR -DRALINK_DBDC_MODE -pipe -funit-at-a-time -Wno-pointer-sign -mtune=mips32 -mips32 -DLINUX_KERNEL_VERSION=263366 --sysroot=/opt/lede-toolchain-ramips-mt7621_gcc-5.4.0_musl-1.1.24.Linux-x86_64/toolchain-mipsel_24kc_gcc-5.4.0_musl-1.1.24 '
ac_cv_env_CPPFLAGS_set=
ac_cv_env_CPPFLAGS_value=
ac_cv_env_CPP_set=
ac_cv_env_CPP_value=
ac_cv_env_LDFLAGS_set=set
ac_cv_env_LDFLAGS_value='-Wl,--gc-sections '
ac_cv_env_LIBS_set=
ac_cv_env_LIBS_value=
ac_cv_env_LT_SYS_LIBRARY_PATH_set=
ac_cv_env_LT_SYS_LIBRARY_PATH_value=
ac_cv_env_build_alias_set=set
ac_cv_env_build_alias_value=x86_64-linux-gnu
ac_cv_env_host_alias_set=set
ac_cv_env_host_alias_value=mipsel-linux
ac_cv_env_target_alias_set=
ac_cv_env_target_alias_value=
ac_cv_func__putenv=no
ac_cv_func_fmemopen=yes
ac_cv_func_funopen=no
ac_cv_func_setenv=yes
ac_cv_func_strcasecmp=yes
ac_cv_func_strdup=yes
ac_cv_func_strndup=yes
ac_cv_func_unsetenv=yes
ac_cv_header_dlfcn_h=yes
ac_cv_header_inttypes_h=yes
ac_cv_header_memory_h=yes
ac_cv_header_stdc=yes
ac_cv_header_stdint_h=yes
ac_cv_header_stdlib_h=yes
ac_cv_header_string_h=yes
ac_cv_header_strings_h=yes
ac_cv_header_sys_stat_h=yes
ac_cv_header_sys_types_h=yes
ac_cv_header_unistd_h=yes
ac_cv_header_windows_h=no
ac_cv_host=mipsel-unknown-linux-gnu
ac_cv_lib_lex='none needed'
ac_cv_objext=o
ac_cv_path_EGREP='/bin/grep -E'
ac_cv_path_FGREP='/bin/grep -F'
ac_cv_path_GMSGFMT=/usr/bin/msgfmt
ac_cv_path_GREP=/bin/grep
ac_cv_path_MSGFMT=/usr/bin/msgfmt
ac_cv_path_MSGMERGE=/usr/bin/msgmerge
ac_cv_path_SED=/bin/sed
ac_cv_path_XGETTEXT=/usr/bin/xgettext
ac_cv_path_install='/usr/bin/install -c'
ac_cv_path_lt_DD=/bin/dd
ac_cv_path_mkdir=/bin/mkdir
ac_cv_prog_AR=/opt/lede-toolchain-ramips-mt7621_gcc-5.4.0_musl-1.1.24.Linux-x86_64/toolchain-mipsel_24kc_gcc-5.4.0_musl-1.1.24/bin/mipsel-openwrt-linux-musl-ar
ac_cv_prog_AWK=gawk
ac_cv_prog_CC=/opt/lede-toolchain-ramips-mt7621_gcc-5.4.0_musl-1.1.24.Linux-x86_64/toolchain-mipsel_24kc_gcc-5.4.0_musl-1.1.24/bin/mipsel-openwrt-linux-musl-gcc
ac_cv_prog_CPP='/opt/lede-toolchain-ramips-mt7621_gcc-5.4.0_musl-1.1.24.Linux-x86_64/toolchain-mipsel_24kc_gcc-5.4.0_musl-1.1.24/bin/mipsel-openwrt-linux-musl-gcc -E'
ac_cv_prog_LEX=flex
ac_cv_prog_OBJDUMP=/opt/lede-toolchain-ramips-mt7621_gcc-5.4.0_musl-1.1.24.Linux-x86_64/toolchain-mipsel_24kc_gcc-5.4.0_musl-1.1.24/bin/mipsel-openwrt-linux-musl-objdump
ac_cv_prog_RANLIB=/opt/lede-toolchain-ramips-mt7621_gcc-5.4.0_musl-1.1.24.Linux-x86_64/toolchain-mipsel_24kc_gcc-5.4.0_musl-1.1.24/bin/mipsel-openwrt-linux-musl-ranlib
ac_cv_prog_STRIP='/opt/lede-toolchain-ramips-mt7621_gcc-5.4.0_musl-1.1.24.Linux-x86_64/toolchain-mipsel_24kc_gcc-5.4.0_musl-1.1.24/bin/mipsel-openwrt-linux-musl-strip -R .note -R .comment'
ac_cv_prog_cc_c89=
ac_cv_prog_cc_g=yes
ac_cv_prog_lex_root=lex.yy
ac_cv_prog_lex_yytext_pointer=no
ac_cv_prog_make_make_set=yes
acl_cv_hardcode_direct=no
acl_cv_hardcode_libdir_flag_spec='${wl}-rpath ${wl}$libdir'
acl_cv_hardcode_libdir_separator=
acl_cv_hardcode_minus_L=no
acl_cv_libext=a
acl_cv_libname_spec='lib$name'
acl_cv_library_names_spec='$libname$shrext'
acl_cv_path_LD=/opt/lede-toolchain-ramips-mt7621_gcc-5.4.0_musl-1.1.24.Linux-x86_64/toolchain-mipsel_24kc_gcc-5.4.0_musl-1.1.24/bin/mipsel-openwrt-linux-musl-ld
acl_cv_prog_gnu_ld=yes
acl_cv_rpath=done
acl_cv_shlibext=so
acl_cv_wl=-Wl,
am_cv_CC_dependencies_compiler_type=gcc3
am_cv_ar_interface=ar
am_cv_make_support_nested_variables=yes
am_cv_prog_cc_c_o=yes
gt_cv_func_CFLocaleCopyCurrent=no
gt_cv_func_CFPreferencesCopyAppValue=no
lt_cv_ar_at_file=@
lt_cv_deplibs_check_method=pass_all
lt_cv_file_magic_cmd='$MAGIC_CMD'
lt_cv_file_magic_test_file=
lt_cv_ld_reload_flag=-r
lt_cv_nm_interface='BSD nm'
lt_cv_objdir=.libs
lt_cv_path_LD=/opt/lede-toolchain-ramips-mt7621_gcc-5.4.0_musl-1.1.24.Linux-x86_64/toolchain-mipsel_24kc_gcc-5.4.0_musl-1.1.24/bin/mipsel-openwrt-linux-musl-ld
lt_cv_path_NM=/opt/lede-toolchain-ramips-mt7621_gcc-5.4.0_musl-1.1.24.Linux-x86_64/toolchain-mipsel_24kc_gcc-5.4.0_musl-1.1.24/bin/mipsel-openwrt-linux-musl-nm
lt_cv_path_mainfest_tool=no
lt_cv_prog_compiler_c_o=yes
lt_cv_prog_compiler_pic='-fPIC -DPIC'
lt_cv_prog_compiler_pic_works=yes
lt_cv_prog_compiler_rtti_exceptions=no
lt_cv_prog_compiler_static_works=yes
lt_cv_prog_gnu_ld=yes
lt_cv_sharedlib_from_linklib_cmd='printf %s\n'
lt_cv_shlibpath_overrides_runpath=no
lt_cv_sys_global_symbol_pipe='sed -n -e '\''s/^.*[	 ]\([ABCDGIRSTW][ABCDGIRSTW]*\)[	 ][	 ]*\([_A-Za-z][_A-Za-z0-9]*\)$/\1 \2 \2/p'\'' | sed '\''/ __gnu_lto/d'\'''
lt_cv_sys_global_symbol_to_c_name_address='sed -n -e '\''s/^: \(.*\) .*$/  {"\1", (void *) 0},/p'\'' -e '\''s/^[ABCDGIRSTW][ABCDGIRSTW]* .* \(.*\)$/  {"\1", (void *) \&\1},/p'\'''
lt_cv_sys_global_symbol_to_c_name_address_lib_prefix='sed -n -e '\''s/^: \(.*\) .*$/  {"\1", (void *) 0},/p'\'' -e '\''s/^[ABCDGIRSTW][ABCDGIRSTW]* .* \(lib.*\)$/  {"\1", (void *) \&\1},/p'\'' -e '\''s/^[ABCDGIRSTW][ABCDGIRSTW]* .* \(.*\)$/  {"lib\1", (void *) \&\1},/p'\'''
lt_cv_sys_global_symbol_to_cdecl='sed -n -e '\''s/^T .* \(.*\)$/extern int \1();/p'\'' -e '\''s/^[ABCDGIRSTW][ABCDGIRSTW]* .* \(.*\)$/extern char \1;/p'\'''
lt_cv_sys_global_symbol_to_import=
lt_cv_sys_max_cmd_len=1572864
lt_cv_to_host_file_cmd=func_convert_file_noop
lt_cv_to_tool_file_cmd=func_convert_file_noop
lt_cv_truncate_bin='/bin/dd bs=4096 count=1'

## ----------------- ##
## Output variables. ##
## ----------------- ##

ACLOCAL='${SHELL} /repo/Pass_GPL/asuswrt/release/src/router/libconfuse/support/missing aclocal-1.15'
AMDEPBACKSLASH='\'
AMDEP_FALSE='#'
AMDEP_TRUE=''
AMTAR='$${TAR-tar}'
AM_BACKSLASH='\'
AM_DEFAULT_V='$(AM_DEFAULT_VERBOSITY)'
AM_DEFAULT_VERBOSITY='1'
AM_V='$(V)'
AR='/opt/lede-toolchain-ramips-mt7621_gcc-5.4.0_musl-1.1.24.Linux-x86_64/toolchain-mipsel_24kc_gcc-5.4.0_musl-1.1.24/bin/mipsel-openwrt-linux-musl-ar'
AS='/opt/lede-toolchain-ramips-mt7621_gcc-5.4.0_musl-1.1.24.Linux-x86_64/toolchain-mipsel_24kc_gcc-5.4.0_musl-1.1.24/bin/mipsel-openwrt-linux-musl-as'
AUTOCONF='${SHELL} /repo/Pass_GPL/asuswrt/release/src/router/libconfuse/support/missing autoconf'
AUTOHEADER='${SHELL} /repo/Pass_GPL/asuswrt/release/src/router/libconfuse/support/missing autoheader'
AUTOMAKE='${SHELL} /repo/Pass_GPL/asuswrt/release/src/router/libconfuse/support/missing automake-1.15'
AWK='gawk'
CC='/opt/lede-toolchain-ramips-mt7621_gcc-5.4.0_musl-1.1.24.Linux-x86_64/toolchain-mipsel_24kc_gcc-5.4.0_musl-1.1.24/bin/mipsel-openwrt-linux-musl-gcc'
CCDEPMODE='depmode=gcc3'
CFLAGS='-Wall -Os -ffunction-sections -fdata-sections -fPIC -DLINUX26 -DCONFIG_RALINK -DMUSL_LIBC -DDEBUG_NOISY -DDEBUG_RCTEST -D_GNU_SOURCE -D__UAPI_DEF_ETHHDR -DRALINK_DBDC_MODE -pipe -funit-at-a-time -Wno-pointer-sign -mtune=mips32 -mips32 -DLINUX_KERNEL_VERSION=263366 --sysroot=/opt/lede-toolchain-ramips-mt7621_gcc-5.4.0_musl-1.1.24.Linux-x86_64/toolchain-mipsel_24kc_gcc-5.4.0_musl-1.1.24 '
CPP='/opt/lede-toolchain-ramips-mt7621_gcc-5.4.0_musl-1.1.24.Linux-x86_64/toolchain-mipsel_24kc_gcc-5.4.0_musl-1.1.24/bin/mipsel-openwrt-linux-musl-gcc -E'
CPPFLAGS=''
CYGPATH_W='echo'
DEFS='-DHAVE_CONFIG_H'
DEPDIR='.deps'
DLLTOOL='false'
DSYMUTIL=''
DUMPBIN=''
ECHO_C=''
ECHO_N='-n'
ECHO_T=''
EGREP='/bin/grep -E'
ENABLE_EXAMPLES_FALSE=''
ENABLE_EXAMPLES_TRUE='#'
EXEEXT=''
FGREP='/bin/grep -F'
GETTEXT_MACRO_VERSION='0.18'
GMSGFMT='/usr/bin/msgfmt'
GMSGFMT_015='/usr/bin/msgfmt'
GREP='/bin/grep'
INSTALL_DATA='${INSTALL} -m 644'
INSTALL_PROGRAM='${INSTALL}'
INSTALL_SCRIPT='${INSTALL}'
INSTALL_STRIP_PROGRAM='$(install_sh) -c -s'
INTLLIBS=''
INTL_MACOSX_LIBS=''
LD='/opt/lede-toolchain-ramips-mt7621_gcc-5.4.0_musl-1.1.24.Linux-x86_64/toolchain-mipsel_24kc_gcc-5.4.0_musl-1.1.24/bin/mipsel-openwrt-linux-musl-ld'
LDFLAGS='-Wl,--gc-sections '
LEX='flex'
LEXLIB=''
LEX_OUTPUT_ROOT='lex.yy'
LIBICONV='-liconv'
LIBINTL=''
LIBOBJS=''
LIBS=''
LIBTOOL='$(SHELL) $(top_builddir)/libtool'
LIPO=''
LN_S='ln -s'
LTLIBICONV='-liconv'
LTLIBINTL=''
LTLIBOBJS=''
LT_SYS_LIBRARY_PATH=''
MAINT='#'
MAINTAINER_MODE_FALSE=''
MAINTAINER_MODE_TRUE='#'
MAKEINFO='${SHELL} /repo/Pass_GPL/asuswrt/release/src/router/libconfuse/support/missing makeinfo'
MANIFEST_TOOL=':'
MISSING_FMEMOPEN_FALSE=''
MISSING_FMEMOPEN_TRUE='#'
MKDIR_P='/bin/mkdir -p'
MSGFMT='/usr/bin/msgfmt'
MSGFMT_015='/usr/bin/msgfmt'
MSGMERGE='/usr/bin/msgmerge'
NM='/opt/lede-toolchain-ramips-mt7621_gcc-5.4.0_musl-1.1.24.Linux-x86_64/toolchain-mipsel_24kc_gcc-5.4.0_musl-1.1.24/bin/mipsel-openwrt-linux-musl-nm'
NMEDIT=''
OBJDUMP='/opt/lede-toolchain-ramips-mt7621_gcc-5.4.0_musl-1.1.24.Linux-x86_64/toolchain-mipsel_24kc_gcc-5.4.0_musl-1.1.24/bin/mipsel-openwrt-linux-musl-objdump'
OBJEXT='o'
OTOOL64=''
OTOOL=''
PACKAGE='confuse'
PACKAGE_BUGREPORT='https://github.com/martinh/libconfuse/issues'
PACKAGE_NAME='libConfuse'
PACKAGE_STRING='libConfuse 3.2.2'
PACKAGE_TARNAME='confuse'
PACKAGE_URL=''
PACKAGE_VERSION='3.2.2'
PATH_SEPARATOR=':'
POSUB=''
RANLIB='/opt/lede-toolchain-ramips-mt7621_gcc-5.4.0_musl-1.1.24.Linux-x86_64/toolchain-mipsel_24kc_gcc-5.4.0_musl-1.1.24/bin/mipsel-openwrt-linux-musl-ranlib'
SED='/bin/sed'
SET_MAKE=''
SHELL='/bin/sh'
STRIP='/opt/lede-toolchain-ramips-mt7621_gcc-5.4.0_musl-1.1.24.Linux-x86_64/toolchain-mipsel_24kc_gcc-5.4.0_musl-1.1.24/bin/mipsel-openwrt-linux-musl-strip -R .note -R .comment'
USE_NLS='no'
VERSION='3.2.2'
WINDOWS_BUILD_FALSE=''
WINDOWS_BUILD_TRUE='#'
XGETTEXT='/usr/bin/xgettext'
XGETTEXT_015='/usr/bin/xgettext'
XGETTEXT_EXTRA_OPTIONS=''
ac_ct_AR=''
ac_ct_CC=''
ac_ct_DUMPBIN=''
am__EXEEXT_FALSE=''
am__EXEEXT_TRUE='#'
am__fastdepCC_FALSE='#'
am__fastdepCC_TRUE=''
am__include='include'
am__isrc=''
am__leading_dot='.'
am__nodep='_no'
am__quote=''
am__tar='$${TAR-tar} chof - "$$tardir"'
am__untar='$${TAR-tar} xf -'
bindir='${exec_prefix}/bin'
build='x86_64-pc-linux-gnu'
build_alias='x86_64-linux-gnu'
build_cpu='x86_64'
build_os='linux-gnu'
build_vendor='pc'
datadir='${datarootdir}'
datarootdir='${prefix}/share'
docdir='${datarootdir}/doc/${PACKAGE_TARNAME}'
dvidir='${docdir}'
exec_prefix='${prefix}'
host='mipsel-unknown-linux-gnu'
host_alias='mipsel-linux'
host_cpu='mipsel'
host_os='linux-gnu'
host_vendor='unknown'
htmldir='${docdir}'
includedir='${prefix}/include'
infodir='${datarootdir}/info'
install_sh='${SHELL} /repo/Pass_GPL/asuswrt/release/src/router/libconfuse/support/install-sh'
libdir='${exec_prefix}/lib'
libexecdir='${exec_prefix}/libexec'
localedir='${datarootdir}/locale'
localstatedir='${prefix}/var'
mandir='${datarootdir}/man'
mkdir_p='$(MKDIR_P)'
oldincludedir='/usr/include'
pdfdir='${docdir}'
prefix='/usr'
program_transform_name='s,x,x,'
psdir='${docdir}'
runstatedir='${localstatedir}/run'
sbindir='${exec_prefix}/sbin'
sharedstatedir='${prefix}/com'
sysconfdir='${prefix}/etc'
target_alias=''

## ----------- ##
## confdefs.h. ##
## ----------- ##

/* confdefs.h */
#define PACKAGE_NAME "libConfuse"
#define PACKAGE_TARNAME "confuse"
#define PACKAGE_VERSION "3.2.2"
#define PACKAGE_STRING "libConfuse 3.2.2"
#define PACKAGE_BUGREPORT "https://github.com/martinh/libconfuse/issues"
#define PACKAGE_URL ""
#define PACKAGE "confuse"
#define VERSION "3.2.2"
#define STDC_HEADERS 1
#define HAVE_SYS_TYPES_H 1
#define HAVE_SYS_STAT_H 1
#define HAVE_STDLIB_H 1
#define HAVE_STRING_H 1
#define HAVE_MEMORY_H 1
#define HAVE_STRINGS_H 1
#define HAVE_INTTYPES_H 1
#define HAVE_STDINT_H 1
#define HAVE_UNISTD_H 1
#define HAVE_DLFCN_H 1
#define LT_OBJDIR ".libs/"
#define STDC_HEADERS 1
#define HAVE_UNISTD_H 1
#define HAVE_STRING_H 1
#define HAVE_STRINGS_H 1
#define HAVE_SYS_STAT_H 1
#define HAVE_FMEMOPEN 1
#define HAVE_STRCASECMP 1
#define HAVE_STRDUP 1
#define HAVE_STRNDUP 1
#define HAVE_SETENV 1
#define HAVE_UNSETENV 1

configure: exit 0
