#include <rc.h>
#include <stdio.h>
#include <qca.h>
#include <asm/byteorder.h>
#include <shared.h>
#include "flash_mtd.h"

#if defined(RTCONFIG_QCN550X)
#define EEPROM_2G_CTL_OFFSET	0x16f
#else
#define EEPROM_2G_CTL_OFFSET	0x136
#endif
#define EEPROM_2G_CTL_SIZE	108
#define EEPROM_5G_CTL_OFFSET	0x610
#define EEPROM_5G_CTL_SIZE	308

#define MAX_COUNTRY_LIST_SIZE	10


#if defined(BD_5G_PREFIX) && (defined(RTCONFIG_QCA953X) || \
			      defined(RTCONFIG_SOC_QCA9557) || \
			      defined(RTCONFIG_QCA956X) || \
			      defined(RTCONFIG_QCN550X))
typedef struct {
	const char *country;
	const uint32 rtag;			/* OFFSET_RTAG, 0x0 or 0xFFFFFFFF = don't do anything. */
	const char *tcode;
	const unsigned char *start, *end;
	const char *fn_prefix;
} table_2g_5g;

typedef struct {
	unsigned char ctl[EEPROM_2G_CTL_SIZE];
	char *country_list[MAX_COUNTRY_LIST_SIZE];
} table_2;
#elif defined(RTCONFIG_WIFI_QCA9990_QCA9990) || \
      defined(RTCONFIG_WIFI_QCA9994_QCA9994) || \
      defined(RTCONFIG_WIFI_QCN5024_QCN5054) || \
      defined(RTCONFIG_QCA_AXCHIP) || \
      defined(RTCONFIG_SOC_IPQ40XX)
typedef struct {
	const char *country;
#if defined(RTCONFIG_SOC_IPQ8074)
	const int soc_ver;			/* 1: HK1.2, 2: HK2.0, <= 0: don't check soc_ver */
#endif
	const uint32 rtag;			/* OFFSET_RTAG, 0x0 or 0xFFFFFFFF = don't do anything. */
	const char *tcode;
	const unsigned char *start, *end;
	const char *fn_prefix;
} table_2g_5g;
#else
/* QCA9557/QCA953X/QCA956X/QCN550X + QCA9880/QCA9882 */
typedef struct {
	unsigned char ctl[EEPROM_2G_CTL_SIZE];
	char *country_list[MAX_COUNTRY_LIST_SIZE];
} table_2;

typedef struct {
	unsigned char ctl[EEPROM_5G_CTL_SIZE];
	char *country_list[MAX_COUNTRY_LIST_SIZE];
} table_5;
#endif

#if defined(RTAC55U) // CTL table comes from RF
static table_2 ctl_2g_table[]=
{
	{
		{
		0x11, 0x12, 0x15, 0x17, 0x41, 0x42, 0x45, 0x47, 0x31, 0x32,
		0x35, 0x37, 0x70, 0x75, 0xac, 0xb8, 0x70, 0x75, 0xac, 0xb8, 0x70, 0x75, 0xac, 0xb8, 0x70, 0x75, 0xac, 0xb8, 0x70, 0x75, 0xac, 0xb8, 0x70, 0x75, 0xac, 0xb8, 0x70, 0x75, 0xac, 0xb8, 0x70, 0x75,
		0xac, 0xb8, 0x70, 0x75, 0xac, 0xb8, 0x70, 0x75, 0xac, 0xb8, 0x70, 0x75, 0xac, 0xb8, 0x70, 0x75, 0xac, 0xb8, 0x3c, 0x7c, 0x3c, 0x7c, 0x3c, 0x7c, 0x3c, 0x7c, 0x3c, 0x7c, 0x3c, 0x7c, 0x3c, 0x7c,
		0x3c, 0x7c, 0x3c, 0x7c, 0x3c, 0x7c, 0x3c, 0x7c, 0x3c, 0x7c, 0x3c, 0x7c, 0x3c, 0x7c, 0x3c, 0x7c, 0x3c, 0x7c, 0x3c, 0x7c, 0x3c, 0x7c, 0x3c, 0x7c, 0x3c, 0x7c, 0x3c, 0x7c, 0x3c, 0x7c, 0x3c, 0x7c,
		0x3c, 0x7c
		},
		//// country list
		{ "DB", NULL }
	},
	{
		{
		0x11, 0x12, 0x15, 0x17, 0x41, 0x42, 0x45, 0x47, 0x31, 0x32,
		0x35, 0x37, 0x70, 0x75, 0xa2, 0xb8, 0x70, 0x75, 0xa2, 0xb8, 0x70, 0x75, 0xa2, 0xb8, 0x7a, 0x7f, 0x98, 0xb8, 0x70, 0x75, 0xac, 0xb8, 0x70, 0x75, 0xac, 0xb8, 0x70, 0x75, 0xac, 0xb8, 0x70, 0x75,
		0xac, 0xb8, 0x70, 0x75, 0xac, 0xb8, 0x70, 0x75, 0xac, 0xb8, 0x70, 0x75, 0xac, 0xb8, 0x70, 0x75, 0xac, 0xb8, 0x23, 0x68, 0x26, 0x7c, 0x22, 0x6a, 0x20, 0x7c, 0x22, 0x6a, 0x1f, 0x7c, 0x18, 0x63,
		0x1c, 0x7c, 0x3c, 0x7c, 0x3c, 0x7c, 0x3c, 0x7c, 0x3c, 0x7c, 0x3c, 0x7c, 0x3c, 0x7c, 0x3c, 0x7c, 0x3c, 0x7c, 0x3c, 0x7c, 0x3c, 0x7c, 0x3c, 0x7c, 0x3c, 0x7c, 0x3c, 0x7c, 0x3c, 0x7c, 0x3c, 0x7c,
		0x3c, 0x7c
		},
		//// country list, FCC_IC_NCC_2G (Copy to RT-AC55UHP too)
		{ "US", "CA", "TW", NULL }
	},
	{
		{
		0x11, 0x12, 0x15, 0x17, 0x41, 0x42, 0x45, 0x47, 0x31, 0x32,
		0x35, 0x37, 0x70, 0x75, 0xac, 0xb8, 0x70, 0x75, 0xac, 0xb8, 0x70, 0x75, 0xac, 0xb8, 0x70, 0x75, 0xac, 0xb8, 0x70, 0x75, 0xac, 0xb8, 0x70, 0x75, 0xac, 0xb8, 0x70, 0x75, 0xac, 0xb8, 0x70, 0x75,
		0xac, 0xb8, 0x70, 0x75, 0xac, 0xb8, 0x70, 0x75, 0xac, 0xb8, 0x70, 0x75, 0xac, 0xb8, 0x7a, 0x7f, 0xa2, 0xb8, 0x3c, 0x7c, 0x3c, 0x7c, 0x3c, 0x7c, 0x3c, 0x7c, 0x3c, 0x7c, 0x3c, 0x7c, 0x3c, 0x7c,
		0x3c, 0x7c, 0x3c, 0x7c, 0x3c, 0x7c, 0x3c, 0x7c, 0x3c, 0x7c, 0x3c, 0x7c, 0x3c, 0x7c, 0x3c, 0x7c, 0x3c, 0x7c, 0x1e, 0x5e, 0x1e, 0x7c, 0x1e, 0x5e, 0x1e, 0x7c, 0x1e, 0x5e, 0x1e, 0x7c, 0x1e, 0x5e,
		0x1e, 0x7c
		},
		//// country list, SG
		{ "SG", NULL }
	},
	{
		{
		0x11, 0x12, 0x15, 0x17, 0x41, 0x42, 0x45, 0x47, 0x31, 0x32,
		0x35, 0x37, 0x70, 0x75, 0xac, 0xb8, 0x70, 0x75, 0xac, 0xb8, 0x70, 0x75, 0xac, 0xb8, 0x70, 0x75, 0xac, 0xb8, 0x70, 0x75, 0xac, 0xb8, 0x70, 0x75, 0xac, 0xb8, 0x70, 0x75, 0xac, 0xb8, 0x70, 0x75,
		0xac, 0xb8, 0x70, 0x75, 0xac, 0xb8, 0x70, 0x75, 0xac, 0xb8, 0x70, 0x75, 0xac, 0xb8, 0x7a, 0x7f, 0xa2, 0xb8, 0x3c, 0x7c, 0x3c, 0x7c, 0x3c, 0x7c, 0x3c, 0x7c, 0x3c, 0x7c, 0x3c, 0x7c, 0x3c, 0x7c,
		0x3c, 0x7c, 0x3c, 0x7c, 0x3c, 0x7c, 0x3c, 0x7c, 0x3c, 0x7c, 0x3c, 0x7c, 0x3c, 0x7c, 0x3c, 0x7c, 0x3c, 0x7c, 0x15, 0x55, 0x16, 0x7c, 0x15, 0x54, 0x14, 0x7c, 0x18, 0x57, 0x17, 0x7c, 0x17, 0x56,
		0x16, 0x7c
		},
		//// country list, SRRC
		{ "CN", NULL }
	},
	{
		{
		0x11, 0x12, 0x15, 0x17, 0x41, 0x42, 0x45, 0x47, 0x31, 0x32,
		0x35, 0x37, 0x70, 0x75, 0xac, 0xb8, 0x70, 0x75, 0xac, 0xb8, 0x70, 0x75, 0xac, 0xb8, 0x70, 0x75, 0xac, 0xb8, 0x70, 0x75, 0xac, 0xb8, 0x70, 0x75, 0xac, 0xb8, 0x70, 0x75, 0xac, 0xb8, 0x70, 0x75,
		0xac, 0xb8, 0x70, 0x75, 0xac, 0xb8, 0x70, 0x75, 0xac, 0xb8, 0x70, 0x75, 0xac, 0xb8, 0x7a, 0x7f, 0xa2, 0xb8, 0x3c, 0x7c, 0x3c, 0x7c, 0x3c, 0x7c, 0x3c, 0x7c, 0x3c, 0x7c, 0x3c, 0x7c, 0x3c, 0x7c,
		0x3c, 0x7c, 0x3c, 0x7c, 0x3c, 0x7c, 0x3c, 0x7c, 0x3c, 0x7c, 0x3c, 0x7c, 0x3c, 0x7c, 0x3c, 0x7c, 0x3c, 0x7c, 0x1c, 0x5c, 0x1b, 0x7c, 0x1c, 0x5d, 0x1c, 0x7c, 0x1c, 0x5c, 0x1d, 0x7c, 0x1c, 0x5d,
		0x1c, 0x7c
		},
		//// country list, CE
		{ "HU", NULL }
	},
	{
		{
		0x11, 0x12, 0x15, 0x17, 0x41, 0x42, 0x45, 0x47, 0x31, 0x32,
		0x35, 0x37, 0x70, 0x75, 0xac, 0xb8, 0x70, 0x75, 0xac, 0xb8, 0x70, 0x75, 0xac, 0xb8, 0x70, 0x75, 0xac, 0xb8, 0x70, 0x75, 0xac, 0xb8, 0x70, 0x75, 0xac, 0xb8, 0x70, 0x75, 0xac, 0xb8, 0x70, 0x75,
		0xac, 0xb8, 0x70, 0x75, 0xac, 0xb8, 0x70, 0x75, 0xac, 0xb8, 0x70, 0x75, 0xac, 0xb8, 0x7a, 0x7f, 0xa2, 0xb8, 0x3c, 0x7c, 0x3c, 0x7c, 0x3c, 0x7c, 0x3c, 0x7c, 0x3c, 0x7c, 0x3c, 0x7c, 0x3c, 0x7c,
		0x3c, 0x7c, 0x3c, 0x7c, 0x3c, 0x7c, 0x3c, 0x7c, 0x3c, 0x7c, 0x3c, 0x7c, 0x3c, 0x7c, 0x3c, 0x7c, 0x3c, 0x7c, 0x2e, 0x6e, 0x2e, 0x7c, 0x2e, 0x6e, 0x2e, 0x7c, 0x2e, 0x6e, 0x2e, 0x7c, 0x2e, 0x6e,
		0x2e, 0x7c
		},
		//// country list, ETSI (WORLD), EEPROM_2G_AU_20150918.txt
		{ "AU", NULL }
	},
};

static table_5 ctl_5g_table[]=
{
	{
		{
		0x10, 0x16, 0x18, 0x19, 0x1b, 0x1d, 0x40, 0x46, 0x48, 0x49, 0x4b, 0x4d, 0x30, 0x36, 0x38, 0x39,
		0x3b, 0x3d, 0x00, 0x00, 0x4c, 0x5c, 0x60, 0x8c, 0xb4, 0xb8, 0xbd, 0xcd, 0x4c, 0x5c, 0x60, 0x8c, 0xb4, 0xb8, 0xbd, 0xcd, 0x4e, 0x5e, 0x66, 0x8e, 0xae, 0xb6, 0xbf, 0xc7, 0x52, 0x62, 0x92, 0xa2,
		0xb2, 0xc3, 0x00, 0x00, 0x4c, 0x5c, 0x60, 0x8c, 0xb4, 0xb8, 0xbd, 0xcd, 0x4e, 0x5e, 0x66, 0x8e, 0xae, 0xb6, 0xbf, 0xc7, 0x4c, 0x58, 0x5c, 0x68, 0x8c, 0x90, 0xb0, 0xb4, 0x4c, 0x58, 0x5c, 0x68,
		0x8c, 0x90, 0xb0, 0xb4, 0x4e, 0x56, 0x5e, 0x66, 0x8e, 0x96, 0xa6, 0xae, 0x52, 0x62, 0x92, 0xa2, 0x00, 0x00, 0x00, 0x00, 0x4c, 0x58, 0x5c, 0x68, 0x8c, 0x90, 0xb0, 0xb4, 0x4e, 0x56, 0x5e, 0x66,
		0x8e, 0x96, 0xa6, 0xae, 0x4c, 0x5c, 0x60, 0x8c, 0xb4, 0xb8, 0xbd, 0xcd, 0x4c, 0x5c, 0x60, 0x8c, 0xb4, 0xb8, 0xbd, 0xcd, 0x4e, 0x5e, 0x66, 0x8e, 0xae, 0xb6, 0xbf, 0xc7, 0x52, 0x62, 0x92, 0xa2,
		0xb2, 0xc3, 0x00, 0x00, 0x4c, 0x5c, 0x60, 0x8c, 0xb4, 0xb8, 0xbd, 0xcd, 0x4e, 0x5e, 0x66, 0x8e, 0xae, 0xb6, 0xbf, 0xc7, 0x7c, 0x3c, 0x7c, 0x7c, 0x3c, 0x3c, 0x7c, 0x3c, 0x7c, 0x3c, 0x7c, 0x7c,
		0x3c, 0x3c, 0x7c, 0x3c, 0x7c, 0x3c, 0x3c, 0x7c, 0x3c, 0x3c, 0x3c, 0x3c, 0x3c, 0x3c, 0x3c, 0x3c, 0x3c, 0x3c, 0x00, 0x00, 0x7c, 0x3c, 0x7c, 0x7c, 0x3c, 0x3c, 0x7c, 0x3c, 0x7c, 0x3c, 0x3c, 0x7c,
		0x3c, 0x3c, 0x3c, 0x3c, 0x7c, 0x3c, 0x7c, 0x3c, 0x3c, 0x7c, 0x3c, 0x3c, 0x7c, 0x3c, 0x7c, 0x3c, 0x3c, 0x7c, 0x3c, 0x3c, 0x3c, 0x3c, 0x3c, 0x3c, 0x3c, 0x7c, 0x3c, 0x3c, 0x3c, 0x3c, 0x3c, 0x3c,
		0x00, 0x00, 0x00, 0x00, 0x7c, 0x3c, 0x7c, 0x3c, 0x3c, 0x7c, 0x3c, 0x3c, 0x3c, 0x3c, 0x3c, 0x3c, 0x3c, 0x7c, 0x3c, 0x3c, 0x7c, 0x3c, 0x7c, 0x7c, 0x3c, 0x3c, 0x7c, 0x3c, 0x7c, 0x3c, 0x7c, 0x7c,
		0x3c, 0x3c, 0x7c, 0x3c, 0x7c, 0x3c, 0x3c, 0x7c, 0x3c, 0x3c, 0x3c, 0x3c, 0x3c, 0x3c, 0x3c, 0x3c, 0x3c, 0x3c, 0x00, 0x00, 0x7c, 0x3c, 0x7c, 0x7c, 0x3c, 0x3c, 0x7c, 0x3c, 0x7c, 0x3c, 0x3c, 0x7c,
		0x3c, 0x3c, 0x3c, 0x3c
		},
		//// country list
		{ "DB", NULL }
	},
	{
		{
		0x10, 0x16, 0x18, 0x19, 0x1b, 0x1d, 0x40, 0x46, 0x48, 0x49, 0x4b, 0x4d, 0x30, 0x36, 0x38, 0x39,
		0x3b, 0x3d, 0x00, 0x00, 0x4c, 0x50, 0x58, 0x5c, 0xb4, 0xbd, 0xc1, 0xcd, 0x4c, 0x50, 0x58, 0x5c, 0xb4, 0xbd, 0xc1, 0xcd, 0x4e, 0x56, 0x66, 0x8e, 0xae, 0xb6, 0xbf, 0xc7, 0x52, 0x62, 0x92, 0xa2,
		0xb2, 0xc3, 0x00, 0x00, 0x4c, 0x5c, 0x60, 0x8c, 0xb4, 0xb8, 0xbd, 0xcd, 0x4e, 0x5e, 0x66, 0x8e, 0xae, 0xb6, 0xbf, 0xc7, 0x4c, 0x58, 0x5c, 0x68, 0x8c, 0x90, 0xb0, 0xb4, 0x4c, 0x58, 0x5c, 0x68,
		0x8c, 0x90, 0xb0, 0xb4, 0x4e, 0x56, 0x5e, 0x66, 0x8e, 0x96, 0xa6, 0xae, 0x52, 0x62, 0x92, 0xa2, 0x00, 0x00, 0x00, 0x00, 0x4c, 0x58, 0x5c, 0x68, 0x8c, 0x90, 0xb0, 0xb4, 0x4e, 0x56, 0x5e, 0x66,
		0x8e, 0x96, 0xa6, 0xae, 0x4c, 0x50, 0x68, 0x8c, 0xb4, 0xb8, 0xbd, 0xc1, 0x4c, 0x5c, 0x68, 0x8c, 0xb4, 0xb8, 0xbd, 0xc1, 0x4e, 0x56, 0x66, 0x8e, 0xae, 0xb6, 0xbf, 0xc7, 0x52, 0x62, 0x92, 0xa2,
		0xb2, 0xc3, 0x00, 0x00, 0x4c, 0x5c, 0x60, 0x8c, 0xb4, 0xb8, 0xbd, 0xcd, 0x4e, 0x5e, 0x66, 0x8e, 0xae, 0xb6, 0xbf, 0xc7, 0x28, 0x70, 0x30, 0x7c, 0x3c, 0x2f, 0x6f, 0x2e, 0x27, 0x70, 0x30, 0x7c,
		0x3c, 0x2f, 0x6f, 0x2e, 0x1f, 0x6e, 0x3c, 0x7c, 0x3c, 0x3c, 0x2e, 0x2e, 0x1d, 0x3c, 0x3c, 0x3c, 0x3c, 0x2e, 0x00, 0x00, 0x7c, 0x3c, 0x7c, 0x7c, 0x3c, 0x3c, 0x7c, 0x3c, 0x7c, 0x3c, 0x3c, 0x7c,
		0x3c, 0x3c, 0x3c, 0x3c, 0x7c, 0x3c, 0x7c, 0x3c, 0x3c, 0x7c, 0x3c, 0x3c, 0x7c, 0x3c, 0x7c, 0x3c, 0x3c, 0x7c, 0x3c, 0x3c, 0x3c, 0x3c, 0x3c, 0x3c, 0x3c, 0x7c, 0x3c, 0x3c, 0x3c, 0x3c, 0x3c, 0x3c,
		0x00, 0x00, 0x00, 0x00, 0x7c, 0x3c, 0x7c, 0x3c, 0x3c, 0x7c, 0x3c, 0x3c, 0x3c, 0x3c, 0x3c, 0x3c, 0x3c, 0x7c, 0x3c, 0x3c, 0x3c, 0x7c, 0x3c, 0x7c, 0x3c, 0x3c, 0x3c, 0x7c, 0x3c, 0x7c, 0x3c, 0x7c,
		0x3c, 0x3c, 0x7c, 0x7c, 0x3c, 0x3c, 0x7c, 0x3c, 0x3c, 0x3c, 0x3c, 0x3c, 0x3c, 0x3c, 0x3c, 0x3c, 0x3c, 0x3c, 0x00, 0x00, 0x7c, 0x3c, 0x7c, 0x7c, 0x3c, 0x3c, 0x7c, 0x3c, 0x7c, 0x3c, 0x3c, 0x7c,
		0x3c, 0x3c, 0x3c, 0x3c
		},
		//// country list (Copy to RT-AC55UHP too)
		{ "US", NULL }
	},
	{
		{
		0x10, 0x16, 0x18, 0x19, 0x1b, 0x1d, 0x40, 0x46, 0x48, 0x49, 0x4b, 0x4d, 0x30, 0x36, 0x38, 0x39,
		0x3b, 0x3d, 0x00, 0x00, 0x4c, 0x50, 0x58, 0x5c, 0xb4, 0xbd, 0xc1, 0xcd, 0x4c, 0x50, 0x58, 0x5c, 0xb4, 0xbd, 0xc1, 0xcd, 0x4e, 0x56, 0x66, 0x8e, 0xae, 0xb6, 0xbf, 0xc7, 0x52, 0x62, 0x92, 0xa2,
		0xb2, 0xc3, 0x00, 0x00, 0x4c, 0x5c, 0x60, 0x8c, 0xb4, 0xb8, 0xbd, 0xcd, 0x4e, 0x5e, 0x66, 0x8e, 0xae, 0xb6, 0xbf, 0xc7, 0x4c, 0x58, 0x5c, 0x68, 0x8c, 0x90, 0xb0, 0xb4, 0x4c, 0x58, 0x5c, 0x68,
		0x8c, 0x90, 0xb0, 0xb4, 0x4e, 0x56, 0x5e, 0x66, 0x8e, 0x96, 0xa6, 0xae, 0x52, 0x62, 0x92, 0xa2, 0x00, 0x00, 0x00, 0x00, 0x4c, 0x58, 0x5c, 0x68, 0x8c, 0x90, 0xb0, 0xb4, 0x4e, 0x56, 0x5e, 0x66,
		0x8e, 0x96, 0xa6, 0xae, 0x4c, 0x50, 0x68, 0x8c, 0xb4, 0xb8, 0xbd, 0xc1, 0x4c, 0x5c, 0x68, 0x8c, 0xb4, 0xb8, 0xbd, 0xc1, 0x4e, 0x56, 0x66, 0x8e, 0xae, 0xb6, 0xbf, 0xc7, 0x52, 0x62, 0x92, 0xa2,
		0xb2, 0xc3, 0x00, 0x00, 0x4c, 0x5c, 0x60, 0x8c, 0xb4, 0xb8, 0xbd, 0xcd, 0x4e, 0x5e, 0x66, 0x8e, 0xae, 0xb6, 0xbf, 0xc7, 0x15, 0x56, 0x16, 0x7c, 0x3c, 0x2f, 0x6f, 0x2e, 0x17, 0x56, 0x17, 0x7c,
		0x3c, 0x2f, 0x6f, 0x2e, 0x19, 0x59, 0x3c, 0x7c, 0x3c, 0x3c, 0x2e, 0x2e, 0x18, 0x3c, 0x3c, 0x3c, 0x3c, 0x2e, 0x00, 0x00, 0x7c, 0x3c, 0x7c, 0x7c, 0x3c, 0x3c, 0x7c, 0x3c, 0x7c, 0x3c, 0x3c, 0x7c,
		0x3c, 0x3c, 0x3c, 0x3c, 0x7c, 0x3c, 0x7c, 0x3c, 0x3c, 0x7c, 0x3c, 0x3c, 0x7c, 0x3c, 0x7c, 0x3c, 0x3c, 0x7c, 0x3c, 0x3c, 0x3c, 0x3c, 0x3c, 0x3c, 0x3c, 0x7c, 0x3c, 0x3c, 0x3c, 0x3c, 0x3c, 0x3c,
		0x00, 0x00, 0x00, 0x00, 0x7c, 0x3c, 0x7c, 0x3c, 0x3c, 0x7c, 0x3c, 0x3c, 0x3c, 0x3c, 0x3c, 0x3c, 0x3c, 0x7c, 0x3c, 0x3c, 0x3c, 0x7c, 0x3c, 0x7c, 0x3c, 0x3c, 0x3c, 0x7c, 0x3c, 0x7c, 0x3c, 0x7c,
		0x3c, 0x3c, 0x7c, 0x7c, 0x3c, 0x3c, 0x7c, 0x3c, 0x3c, 0x3c, 0x3c, 0x3c, 0x3c, 0x3c, 0x3c, 0x3c, 0x3c, 0x3c, 0x00, 0x00, 0x7c, 0x3c, 0x7c, 0x7c, 0x3c, 0x3c, 0x7c, 0x3c, 0x7c, 0x3c, 0x3c, 0x7c,
		0x3c, 0x3c, 0x3c, 0x3c
		},
		//// country list
		{ "CA", NULL }
	},
	{
		{
		0x10, 0x16, 0x18, 0x19, 0x1b, 0x1d, 0x40, 0x46, 0x48, 0x49, 0x4b, 0x4d, 0x30, 0x36, 0x38, 0x39,
		0x3b, 0x3d, 0x00, 0x00, 0x60, 0x62, 0x68, 0x6c, 0xb4, 0xbd, 0xc1, 0xcd, 0x60, 0x62, 0x68, 0x6c, 0xb4, 0xbd, 0xc1, 0xcd, 0x66, 0x68, 0x6c, 0x8e, 0xae, 0xb6, 0xbf, 0xc7, 0x66, 0x76, 0x92, 0xa2,
		0xb2, 0xc3, 0x00, 0x00, 0x4c, 0x5c, 0x60, 0x8c, 0xb4, 0xb8, 0xbd, 0xcd, 0x4e, 0x5e, 0x66, 0x8e, 0xae, 0xb6, 0xbf, 0xc7, 0x4c, 0x58, 0x5c, 0x68, 0x8c, 0x90, 0xb0, 0xb4, 0x4c, 0x58, 0x5c, 0x68,
		0x8c, 0x90, 0xb0, 0xb4, 0x4e, 0x56, 0x5e, 0x66, 0x8e, 0x96, 0xa6, 0xae, 0x52, 0x62, 0x92, 0xa2, 0x00, 0x00, 0x00, 0x00, 0x4c, 0x58, 0x5c, 0x68, 0x8c, 0x90, 0xb0, 0xb4, 0x4e, 0x56, 0x5e, 0x66,
		0x8e, 0x96, 0xa6, 0xae, 0x4c, 0x50, 0x68, 0x8c, 0xb4, 0xb8, 0xbd, 0xc1, 0x4c, 0x5c, 0x68, 0x8c, 0xb4, 0xb8, 0xbd, 0xc1, 0x4e, 0x56, 0x66, 0x8e, 0xae, 0xb6, 0xbf, 0xc7, 0x52, 0x62, 0x92, 0xa2,
		0xb2, 0xc3, 0x00, 0x00, 0x4c, 0x5c, 0x60, 0x8c, 0xb4, 0xb8, 0xbd, 0xcd, 0x4e, 0x5e, 0x66, 0x8e, 0xae, 0xb6, 0xbf, 0xc7, 0x17, 0x56, 0x16, 0x7c, 0x3c, 0x2f, 0x6f, 0x2e, 0x16, 0x56, 0x16, 0x7c,
		0x3c, 0x2f, 0x6f, 0x2e, 0x18, 0x3c, 0x3c, 0x3c, 0x3c, 0x3c, 0x2e, 0x2e, 0x3c, 0x3c, 0x3c, 0x3c, 0x3c, 0x2e, 0x00, 0x00, 0x7c, 0x3c, 0x7c, 0x7c, 0x3c, 0x3c, 0x7c, 0x3c, 0x7c, 0x3c, 0x3c, 0x7c,
		0x3c, 0x3c, 0x3c, 0x3c, 0x7c, 0x3c, 0x7c, 0x3c, 0x3c, 0x7c, 0x3c, 0x3c, 0x7c, 0x3c, 0x7c, 0x3c, 0x3c, 0x7c, 0x3c, 0x3c, 0x3c, 0x3c, 0x3c, 0x3c, 0x3c, 0x7c, 0x3c, 0x3c, 0x3c, 0x3c, 0x3c, 0x3c,
		0x00, 0x00, 0x00, 0x00, 0x7c, 0x3c, 0x7c, 0x3c, 0x3c, 0x7c, 0x3c, 0x3c, 0x3c, 0x3c, 0x3c, 0x3c, 0x3c, 0x7c, 0x3c, 0x3c, 0x3c, 0x7c, 0x3c, 0x7c, 0x3c, 0x3c, 0x3c, 0x7c, 0x3c, 0x7c, 0x3c, 0x7c,
		0x3c, 0x3c, 0x7c, 0x7c, 0x3c, 0x3c, 0x7c, 0x3c, 0x3c, 0x3c, 0x3c, 0x3c, 0x3c, 0x3c, 0x3c, 0x3c, 0x3c, 0x3c, 0x00, 0x00, 0x7c, 0x3c, 0x7c, 0x7c, 0x3c, 0x3c, 0x7c, 0x3c, 0x7c, 0x3c, 0x3c, 0x7c,
		0x3c, 0x3c, 0x3c, 0x3c
		},
		//// country list
		{ "TW", NULL }
	},
	{
		{
		0x10, 0x16, 0x18, 0x19, 0x1b, 0x1d, 0x40, 0x46, 0x48, 0x49, 0x4b, 0x4d, 0x30, 0x36, 0x38, 0x39,
		0x3b, 0x3d, 0x00, 0x00, 0x4c, 0x50, 0x58, 0x5c, 0xb4, 0xbd, 0xc1, 0xcd, 0x4c, 0x50, 0x58, 0x5c, 0xb4, 0xbd, 0xc1, 0xcd, 0x4e, 0x56, 0x66, 0x8e, 0xae, 0xb6, 0xbf, 0xc7, 0x52, 0x62, 0x92, 0xa2,
		0xb2, 0xc3, 0x00, 0x00, 0x4c, 0x5c, 0x60, 0x8c, 0xb4, 0xb8, 0xbd, 0xcd, 0x4e, 0x5e, 0x66, 0x8e, 0xae, 0xb6, 0xbf, 0xc7, 0x4c, 0x58, 0x5c, 0x68, 0x8c, 0x90, 0xb0, 0xb4, 0x4c, 0x58, 0x5c, 0x68,
		0x8c, 0x90, 0xb0, 0xb4, 0x4e, 0x56, 0x5e, 0x66, 0x8e, 0x96, 0xa6, 0xae, 0x52, 0x62, 0x92, 0xa2, 0x00, 0x00, 0x00, 0x00, 0x4c, 0x58, 0x5c, 0x68, 0x8c, 0x90, 0xb0, 0xb4, 0x4e, 0x56, 0x5e, 0x66,
		0x8e, 0x96, 0xa6, 0xae, 0x4c, 0x50, 0x68, 0x8c, 0xb4, 0xb8, 0xbd, 0xc1, 0x4c, 0x5c, 0x68, 0x8c, 0xb4, 0xb8, 0xbd, 0xc1, 0x4e, 0x56, 0x66, 0x8e, 0xae, 0xb6, 0xbf, 0xc7, 0x52, 0x62, 0x92, 0xa2,
		0xb2, 0xc3, 0x00, 0x00, 0x4c, 0x5c, 0x60, 0x8c, 0xb4, 0xb8, 0xbd, 0xcd, 0x4e, 0x5e, 0x66, 0x8e, 0xae, 0xb6, 0xbf, 0xc7, 0x1e, 0x5e, 0x1e, 0x7c, 0x3c, 0x2c, 0x6c, 0x2c, 0x1e, 0x5e, 0x1e, 0x7c,
		0x3c, 0x2c, 0x6c, 0x2c, 0x1e, 0x5e, 0x3c, 0x7c, 0x3c, 0x3c, 0x2c, 0x2c, 0x1e, 0x3c, 0x3c, 0x3c, 0x3c, 0x2c, 0x00, 0x00, 0x7c, 0x3c, 0x7c, 0x7c, 0x3c, 0x3c, 0x7c, 0x3c, 0x7c, 0x3c, 0x3c, 0x7c,
		0x3c, 0x3c, 0x3c, 0x3c, 0x7c, 0x3c, 0x7c, 0x3c, 0x3c, 0x7c, 0x3c, 0x3c, 0x7c, 0x3c, 0x7c, 0x3c, 0x3c, 0x7c, 0x3c, 0x3c, 0x3c, 0x3c, 0x3c, 0x3c, 0x3c, 0x7c, 0x3c, 0x3c, 0x3c, 0x3c, 0x3c, 0x3c,
		0x00, 0x00, 0x00, 0x00, 0x7c, 0x3c, 0x7c, 0x3c, 0x3c, 0x7c, 0x3c, 0x3c, 0x3c, 0x3c, 0x3c, 0x3c, 0x3c, 0x7c, 0x3c, 0x3c, 0x3c, 0x7c, 0x3c, 0x7c, 0x3c, 0x3c, 0x3c, 0x7c, 0x3c, 0x7c, 0x3c, 0x7c,
		0x3c, 0x3c, 0x7c, 0x7c, 0x3c, 0x3c, 0x7c, 0x3c, 0x3c, 0x3c, 0x3c, 0x3c, 0x3c, 0x3c, 0x3c, 0x3c, 0x3c, 0x3c, 0x00, 0x00, 0x7c, 0x3c, 0x7c, 0x7c, 0x3c, 0x3c, 0x7c, 0x3c, 0x7c, 0x3c, 0x3c, 0x7c,
		0x3c, 0x3c, 0x3c, 0x3c
		},
		//// country list
		{ "SG", NULL }
	},
	{
		{
		0x10, 0x16, 0x18, 0x19, 0x1b, 0x1d, 0x40, 0x46, 0x48, 0x49, 0x4b, 0x4d, 0x30, 0x36, 0x38, 0x39,
		0x3b, 0x3d, 0x00, 0x00, 0x4c, 0x50, 0x58, 0x5c, 0xb4, 0xbd, 0xc1, 0xcd, 0x4c, 0x50, 0x58, 0x5c, 0xb4, 0xbd, 0xc1, 0xcd, 0x4e, 0x56, 0x66, 0x8e, 0xae, 0xb6, 0xbf, 0xc7, 0x52, 0x62, 0x92, 0xa2,
		0xb2, 0xc3, 0x00, 0x00, 0x4c, 0x5c, 0x60, 0x8c, 0xb4, 0xb8, 0xbd, 0xcd, 0x4e, 0x5e, 0x66, 0x8e, 0xae, 0xb6, 0xbf, 0xc7, 0x4c, 0x58, 0x5c, 0x68, 0x8c, 0x90, 0xb0, 0xb4, 0x4c, 0x58, 0x5c, 0x68,
		0x8c, 0x90, 0xb0, 0xb4, 0x4e, 0x56, 0x5e, 0x66, 0x8e, 0x96, 0xa6, 0xae, 0x52, 0x62, 0x92, 0xa2, 0x00, 0x00, 0x00, 0x00, 0x4c, 0x58, 0x5c, 0x68, 0x8c, 0x90, 0xb0, 0xb4, 0x4e, 0x56, 0x5e, 0x66,
		0x8e, 0x96, 0xa6, 0xae, 0x4c, 0x50, 0x68, 0x8c, 0xb4, 0xb8, 0xbd, 0xc1, 0x4c, 0x5c, 0x68, 0x8c, 0xb4, 0xb8, 0xbd, 0xc1, 0x4e, 0x56, 0x66, 0x8e, 0xae, 0xb6, 0xbf, 0xc7, 0x52, 0x62, 0x92, 0xa2,
		0xb2, 0xc3, 0x00, 0x00, 0x4c, 0x5c, 0x60, 0x8c, 0xb4, 0xb8, 0xbd, 0xcd, 0x4e, 0x5e, 0x66, 0x8e, 0xae, 0xb6, 0xbf, 0xc7, 0x3c, 0x7c, 0x3c, 0x7c, 0x3c, 0x26, 0x66, 0x27, 0x3c, 0x7c, 0x3c, 0x7c,
		0x3c, 0x26, 0x66, 0x27, 0x3c, 0x7c, 0x3c, 0x7c, 0x3c, 0x3c, 0x26, 0x26, 0x3c, 0x3c, 0x3c, 0x3c, 0x3c, 0x24, 0x00, 0x00, 0x7c, 0x3c, 0x7c, 0x7c, 0x3c, 0x3c, 0x7c, 0x3c, 0x7c, 0x3c, 0x3c, 0x7c,
		0x3c, 0x3c, 0x3c, 0x3c, 0x7c, 0x3c, 0x7c, 0x3c, 0x3c, 0x7c, 0x3c, 0x3c, 0x7c, 0x3c, 0x7c, 0x3c, 0x3c, 0x7c, 0x3c, 0x3c, 0x3c, 0x3c, 0x3c, 0x3c, 0x3c, 0x7c, 0x3c, 0x3c, 0x3c, 0x3c, 0x3c, 0x3c,
		0x00, 0x00, 0x00, 0x00, 0x7c, 0x3c, 0x7c, 0x3c, 0x3c, 0x7c, 0x3c, 0x3c, 0x3c, 0x3c, 0x3c, 0x3c, 0x3c, 0x7c, 0x3c, 0x3c, 0x3c, 0x7c, 0x3c, 0x7c, 0x3c, 0x3c, 0x3c, 0x7c, 0x3c, 0x7c, 0x3c, 0x7c,
		0x3c, 0x3c, 0x7c, 0x7c, 0x3c, 0x3c, 0x7c, 0x3c, 0x3c, 0x3c, 0x3c, 0x3c, 0x3c, 0x3c, 0x3c, 0x3c, 0x3c, 0x3c, 0x00, 0x00, 0x7c, 0x3c, 0x7c, 0x7c, 0x3c, 0x3c, 0x7c, 0x3c, 0x7c, 0x3c, 0x3c, 0x7c,
		0x3c, 0x3c, 0x3c, 0x3c
		},
		//// country list
		{ "CN", NULL }
	},
	{
		{
		0x10, 0x16, 0x18, 0x19, 0x1b, 0x1d, 0x40, 0x46, 0x48, 0x49, 0x4b, 0x4d, 0x30, 0x36, 0x38, 0x39,
		0x3b, 0x3d, 0x00, 0x00, 0x4c, 0x50, 0x58, 0x5c, 0xb4, 0xbd, 0xc1, 0xcd, 0x4c, 0x50, 0x58, 0x5c, 0xb4, 0xbd, 0xc1, 0xcd, 0x4e, 0x56, 0x66, 0x8e, 0xae, 0xb6, 0xbf, 0xc7, 0x52, 0x62, 0x92, 0xa2,
		0xb2, 0xc3, 0x00, 0x00, 0x4c, 0x5c, 0x60, 0x8c, 0xb4, 0xb8, 0xbd, 0xcd, 0x4e, 0x5e, 0x66, 0x8e, 0xae, 0xb6, 0xbf, 0xc7, 0x4c, 0x58, 0x5c, 0x68, 0x8c, 0x90, 0xb0, 0xb4, 0x4c, 0x58, 0x5c, 0x68,
		0x8c, 0x90, 0xb0, 0xb4, 0x4e, 0x56, 0x5e, 0x66, 0x8e, 0x96, 0xa6, 0xae, 0x52, 0x62, 0x92, 0xa2, 0x00, 0x00, 0x00, 0x00, 0x4c, 0x58, 0x5c, 0x68, 0x8c, 0x90, 0xb0, 0xb4, 0x4e, 0x56, 0x5e, 0x66,
		0x8e, 0x96, 0xa6, 0xae, 0x4c, 0x50, 0x68, 0x8c, 0xb4, 0xb8, 0xbd, 0xc1, 0x4c, 0x5c, 0x68, 0x8c, 0xb4, 0xb8, 0xbd, 0xc1, 0x4e, 0x56, 0x66, 0x8e, 0xae, 0xb6, 0xbf, 0xc7, 0x52, 0x62, 0x92, 0xa2,
		0xb2, 0xc3, 0x00, 0x00, 0x4c, 0x5c, 0x60, 0x8c, 0xb4, 0xb8, 0xbd, 0xcd, 0x4e, 0x5e, 0x66, 0x8e, 0xae, 0xb6, 0xbf, 0xc7, 0x3c, 0x7c, 0x3c, 0x7c, 0x3c, 0x3c, 0x7c, 0x3c, 0x3c, 0x7c, 0x3c, 0x7c,
		0x3c, 0x3c, 0x7c, 0x3c, 0x3c, 0x7c, 0x3c, 0x7c, 0x3c, 0x3c, 0x3c, 0x3c, 0x3c, 0x3c, 0x3c, 0x3c, 0x3c, 0x3c, 0x00, 0x00, 0x7c, 0x3c, 0x7c, 0x7c, 0x3c, 0x3c, 0x7c, 0x3c, 0x7c, 0x3c, 0x3c, 0x7c,
		0x3c, 0x3c, 0x3c, 0x3c, 0x7c, 0x3c, 0x7c, 0x3c, 0x3c, 0x7c, 0x3c, 0x3c, 0x7c, 0x3c, 0x7c, 0x3c, 0x3c, 0x7c, 0x3c, 0x3c, 0x3c, 0x3c, 0x3c, 0x3c, 0x3c, 0x7c, 0x3c, 0x3c, 0x3c, 0x3c, 0x3c, 0x3c,
		0x00, 0x00, 0x00, 0x00, 0x7c, 0x3c, 0x7c, 0x3c, 0x3c, 0x7c, 0x3c, 0x3c, 0x3c, 0x3c, 0x3c, 0x3c, 0x3c, 0x7c, 0x3c, 0x3c, 0x1e, 0x5e, 0x1e, 0x7c, 0x3c, 0x3c, 0x3c, 0x7c, 0x1f, 0x5f, 0x1f, 0x7c,
		0x3c, 0x3c, 0x7c, 0x7c, 0x1e, 0x1e, 0x5e, 0x3c, 0x3c, 0x3c, 0x3c, 0x3c, 0x1e, 0x1e, 0x3c, 0x3c, 0x3c, 0x3c, 0x00, 0x00, 0x7c, 0x3c, 0x7c, 0x7c, 0x3c, 0x3c, 0x7c, 0x3c, 0x7c, 0x3c, 0x3c, 0x7c,
		0x3c, 0x3c, 0x3c, 0x3c
		},
		//// country list
		{ "HU", NULL }
	},
	{
		{
		0x10, 0x16, 0x18, 0x19, 0x1b, 0x1d, 0x40, 0x46, 0x48, 0x49, 0x4b, 0x4d, 0x30, 0x36, 0x38, 0x39,
		0x3b, 0x3d, 0x00, 0x00, 0x4c, 0x50, 0x58, 0x5c, 0xb4, 0xbd, 0xc1, 0xcd, 0x4c, 0x50, 0x58, 0x5c, 0xb4, 0xbd, 0xc1, 0xcd, 0x4e, 0x56, 0x66, 0x8e, 0xae, 0xb6, 0xbf, 0xc7, 0x52, 0x62, 0x92, 0xa2,
		0xb2, 0xc3, 0x00, 0x00, 0x4c, 0x5c, 0x60, 0x8c, 0xb4, 0xb8, 0xbd, 0xcd, 0x4e, 0x5e, 0x66, 0x8e, 0xae, 0xb6, 0xbf, 0xc7, 0x4c, 0x58, 0x5c, 0x68, 0x8c, 0x90, 0xb0, 0xb4, 0x4c, 0x58, 0x5c, 0x68,
		0x8c, 0x90, 0xb0, 0xb4, 0x4e, 0x56, 0x5e, 0x66, 0x8e, 0x96, 0xa6, 0xae, 0x52, 0x62, 0x92, 0xa2, 0x00, 0x00, 0x00, 0x00, 0x4c, 0x58, 0x5c, 0x68, 0x8c, 0x90, 0xb0, 0xb4, 0x4e, 0x56, 0x5e, 0x66,
		0x8e, 0x96, 0xa6, 0xae, 0x4c, 0x50, 0x68, 0x8c, 0xb4, 0xb8, 0xbd, 0xc1, 0x4c, 0x5c, 0x68, 0x8c, 0xb4, 0xb8, 0xbd, 0xc1, 0x4e, 0x56, 0x66, 0x8e, 0xae, 0xb6, 0xbf, 0xc7, 0x52, 0x62, 0x92, 0xa2,
		0xb2, 0xc3, 0x00, 0x00, 0x4c, 0x5c, 0x60, 0x8c, 0xb4, 0xb8, 0xbd, 0xcd, 0x4e, 0x5e, 0x66, 0x8e, 0xae, 0xb6, 0xbf, 0xc7, 0x30, 0x70, 0x30, 0x7c, 0x3c, 0x30, 0x30, 0x70, 0x30, 0x70, 0x30, 0x7c,
		0x3c, 0x30, 0x70, 0x70, 0x30, 0x30, 0x70, 0x3c, 0x3c, 0x30, 0x30, 0x30, 0x30, 0x30, 0x3c, 0x3c, 0x3c, 0x30, 0x00, 0x00, 0x7c, 0x3c, 0x7c, 0x7c, 0x3c, 0x3c, 0x7c, 0x3c, 0x7c, 0x3c, 0x3c, 0x7c,
		0x3c, 0x3c, 0x3c, 0x3c, 0x7c, 0x3c, 0x7c, 0x3c, 0x3c, 0x7c, 0x3c, 0x3c, 0x7c, 0x3c, 0x7c, 0x3c, 0x3c, 0x7c, 0x3c, 0x3c, 0x3c, 0x3c, 0x3c, 0x3c, 0x3c, 0x7c, 0x3c, 0x3c, 0x3c, 0x3c, 0x3c, 0x3c,
		0x00, 0x00, 0x00, 0x00, 0x7c, 0x3c, 0x7c, 0x3c, 0x3c, 0x7c, 0x3c, 0x3c, 0x3c, 0x3c, 0x3c, 0x3c, 0x3c, 0x7c, 0x3c, 0x3c, 0x30, 0x70, 0x30, 0x7c, 0x3c, 0x30, 0x30, 0x70, 0x30, 0x70, 0x30, 0x7c,
		0x3c, 0x30, 0x70, 0x70, 0x30, 0x30, 0x70, 0x3c, 0x3c, 0x30, 0x30, 0x30, 0x30, 0x30, 0x3c, 0x3c, 0x3c, 0x30, 0x00, 0x00, 0x7c, 0x3c, 0x7c, 0x7c, 0x3c, 0x3c, 0x7c, 0x3c, 0x7c, 0x3c, 0x3c, 0x7c,
		0x3c, 0x3c, 0x3c, 0x3c
		},
		//// country list, FCC, EEPROM_5G_AU_20150918_2000.txt
		{ "AU", NULL }
	},
};
#elif defined(RTAC55UHP)
static table_2 ctl_2g_table[]=
{
	{
		{
		0x11, 0x12, 0x15, 0x17, 0x41, 0x42, 0x45, 0x47, 0x31, 0x32,
		0x35, 0x37, 0x70, 0x75, 0xa2, 0xb8, 0x70, 0x75, 0xa2, 0xb8, 0x70, 0x75, 0xa2, 0xb8, 0x7a, 0x7f, 0x98, 0xb8, 0x70, 0x75, 0xac, 0xb8, 0x70, 0x75, 0xac, 0xb8, 0x70, 0x75, 0xac, 0xb8, 0x70, 0x75,
		0xac, 0xb8, 0x70, 0x75, 0xac, 0xb8, 0x70, 0x75, 0xac, 0xb8, 0x70, 0x75, 0xac, 0xb8, 0x70, 0x75, 0xac, 0xb8, 0x23, 0x68, 0x26, 0x7c, 0x22, 0x6a, 0x20, 0x7c, 0x22, 0x6a, 0x1f, 0x7c, 0x18, 0x63,
		0x1c, 0x7c, 0x3c, 0x7c, 0x3c, 0x7c, 0x3c, 0x7c, 0x3c, 0x7c, 0x3c, 0x7c, 0x3c, 0x7c, 0x3c, 0x7c, 0x3c, 0x7c, 0x3c, 0x7c, 0x3c, 0x7c, 0x3c, 0x7c, 0x3c, 0x7c, 0x3c, 0x7c, 0x3c, 0x7c, 0x3c, 0x7c,
		0x3c, 0x7c
		},
		//// country list, FCC_IC_NCC_2G (Copy from RT-AC55U)
		{ "US", NULL }
	},
	{
		{
		0x11, 0x12, 0x15, 0x17, 0x41, 0x42, 0x45, 0x47, 0x31, 0x32,
		0x35, 0x37, 0x70, 0x75, 0xa2, 0xb8, 0x70, 0x75, 0xa2, 0xb8, 0x70, 0x75, 0xa2, 0xb8, 0x7a, 0x7f, 0x98, 0xb8, 0x70, 0x75, 0xac, 0xb8, 0x70, 0x75, 0xac, 0xb8, 0x70, 0x75, 0xac, 0xb8, 0x70, 0x75,
		0xac, 0xb8, 0x70, 0x75, 0xac, 0xb8, 0x70, 0x75, 0xac, 0xb8, 0x70, 0x75, 0xac, 0xb8, 0x70, 0x75, 0xac, 0xb8, 0x28, 0x6a, 0x24, 0x7c, 0x24, 0x64, 0x1e, 0x7c, 0x23, 0x63, 0x1f, 0x7c, 0x14, 0x5e,
		0x15, 0x7c, 0x3c, 0x7c, 0x3c, 0x7c, 0x3c, 0x7c, 0x3c, 0x7c, 0x3c, 0x7c, 0x3c, 0x7c, 0x3c, 0x7c, 0x3c, 0x7c, 0x3c, 0x7c, 0x3c, 0x7c, 0x3c, 0x7c, 0x3c, 0x7c, 0x3c, 0x7c, 0x3c, 0x7c, 0x3c, 0x7c,
		0x3c, 0x7c
		},
		//// country list, EEPROM_NCC_7dB_20150407\EEPROM_2G_NCC_20150407.txt
		{ "TW", NULL }
	},
};

static table_5 ctl_5g_table[]=
{
	{
		{
		0x10, 0x16, 0x18, 0x19, 0x1b, 0x1d, 0x40, 0x46, 0x48, 0x49, 0x4b, 0x4d, 0x30, 0x36, 0x38, 0x39,
		0x3b, 0x3d, 0x00, 0x00, 0x4c, 0x50, 0x58, 0x5c, 0xb4, 0xbd, 0xc1, 0xcd, 0x4c, 0x50, 0x58, 0x5c, 0xb4, 0xbd, 0xc1, 0xcd, 0x4e, 0x56, 0x66, 0x8e, 0xae, 0xb6, 0xbf, 0xc7, 0x52, 0x62, 0x92, 0xa2,
		0xb2, 0xc3, 0x00, 0x00, 0x4c, 0x5c, 0x60, 0x8c, 0xb4, 0xb8, 0xbd, 0xcd, 0x4e, 0x5e, 0x66, 0x8e, 0xae, 0xb6, 0xbf, 0xc7, 0x4c, 0x58, 0x5c, 0x68, 0x8c, 0x90, 0xb0, 0xb4, 0x4c, 0x58, 0x5c, 0x68,
		0x8c, 0x90, 0xb0, 0xb4, 0x4e, 0x56, 0x5e, 0x66, 0x8e, 0x96, 0xa6, 0xae, 0x52, 0x62, 0x92, 0xa2, 0x00, 0x00, 0x00, 0x00, 0x4c, 0x58, 0x5c, 0x68, 0x8c, 0x90, 0xb0, 0xb4, 0x4e, 0x56, 0x5e, 0x66,
		0x8e, 0x96, 0xa6, 0xae, 0x4c, 0x50, 0x68, 0x8c, 0xb4, 0xb8, 0xbd, 0xc1, 0x4c, 0x5c, 0x68, 0x8c, 0xb4, 0xb8, 0xbd, 0xc1, 0x4e, 0x56, 0x66, 0x8e, 0xae, 0xb6, 0xbf, 0xc7, 0x52, 0x62, 0x92, 0xa2,
		0xb2, 0xc3, 0x00, 0x00, 0x4c, 0x5c, 0x60, 0x8c, 0xb4, 0xb8, 0xbd, 0xcd, 0x4e, 0x5e, 0x66, 0x8e, 0xae, 0xb6, 0xbf, 0xc7, 0x28, 0x70, 0x30, 0x7c, 0x3c, 0x2f, 0x6f, 0x2e, 0x27, 0x70, 0x30, 0x7c,
		0x3c, 0x2f, 0x6f, 0x2e, 0x1f, 0x6e, 0x3c, 0x7c, 0x3c, 0x3c, 0x2e, 0x2e, 0x1d, 0x3c, 0x3c, 0x3c, 0x3c, 0x2e, 0x00, 0x00, 0x7c, 0x3c, 0x7c, 0x7c, 0x3c, 0x3c, 0x7c, 0x3c, 0x7c, 0x3c, 0x3c, 0x7c,
		0x3c, 0x3c, 0x3c, 0x3c, 0x7c, 0x3c, 0x7c, 0x3c, 0x3c, 0x7c, 0x3c, 0x3c, 0x7c, 0x3c, 0x7c, 0x3c, 0x3c, 0x7c, 0x3c, 0x3c, 0x3c, 0x3c, 0x3c, 0x3c, 0x3c, 0x7c, 0x3c, 0x3c, 0x3c, 0x3c, 0x3c, 0x3c,
		0x00, 0x00, 0x00, 0x00, 0x7c, 0x3c, 0x7c, 0x3c, 0x3c, 0x7c, 0x3c, 0x3c, 0x3c, 0x3c, 0x3c, 0x3c, 0x3c, 0x7c, 0x3c, 0x3c, 0x3c, 0x7c, 0x3c, 0x7c, 0x3c, 0x3c, 0x3c, 0x7c, 0x3c, 0x7c, 0x3c, 0x7c,
		0x3c, 0x3c, 0x7c, 0x7c, 0x3c, 0x3c, 0x7c, 0x3c, 0x3c, 0x3c, 0x3c, 0x3c, 0x3c, 0x3c, 0x3c, 0x3c, 0x3c, 0x3c, 0x00, 0x00, 0x7c, 0x3c, 0x7c, 0x7c, 0x3c, 0x3c, 0x7c, 0x3c, 0x7c, 0x3c, 0x3c, 0x7c,
		0x3c, 0x3c, 0x3c, 0x3c
		},
		//// country list (Copy from RT-AC55U)
		{ "US", NULL }
	},
	{
		{
		0x10, 0x16, 0x18, 0x19, 0x1b, 0x1d, 0x40, 0x46, 0x48, 0x49, 0x4b, 0x4d, 0x30, 0x36, 0x38, 0x39,
		0x3b, 0x3d, 0x00, 0x00, 0x60, 0x62, 0x68, 0x6c, 0xb4, 0xbd, 0xc1, 0xcd, 0x60, 0x62, 0x68, 0x6c, 0xb4, 0xbd, 0xc1, 0xcd, 0x66, 0x68, 0x6c, 0x8e, 0xae, 0xb6, 0xbf, 0xc7, 0x66, 0x76, 0x92, 0xa2,
		0xb2, 0xc3, 0x00, 0x00, 0x4c, 0x5c, 0x60, 0x8c, 0xb4, 0xb8, 0xbd, 0xcd, 0x4e, 0x5e, 0x66, 0x8e, 0xae, 0xb6, 0xbf, 0xc7, 0x4c, 0x58, 0x5c, 0x68, 0x8c, 0x90, 0xb0, 0xb4, 0x4c, 0x58, 0x5c, 0x68,
		0x8c, 0x90, 0xb0, 0xb4, 0x4e, 0x56, 0x5e, 0x66, 0x8e, 0x96, 0xa6, 0xae, 0x52, 0x62, 0x92, 0xa2, 0x00, 0x00, 0x00, 0x00, 0x4c, 0x58, 0x5c, 0x68, 0x8c, 0x90, 0xb0, 0xb4, 0x4e, 0x56, 0x5e, 0x66,
		0x8e, 0x96, 0xa6, 0xae, 0x4c, 0x50, 0x68, 0x8c, 0xb4, 0xb8, 0xbd, 0xc1, 0x4c, 0x5c, 0x68, 0x8c, 0xb4, 0xb8, 0xbd, 0xc1, 0x4e, 0x56, 0x66, 0x8e, 0xae, 0xb6, 0xbf, 0xc7, 0x52, 0x62, 0x92, 0xa2,
		0xb2, 0xc3, 0x00, 0x00, 0x4c, 0x5c, 0x60, 0x8c, 0xb4, 0xb8, 0xbd, 0xcd, 0x4e, 0x5e, 0x66, 0x8e, 0xae, 0xb6, 0xbf, 0xc7, 0x16, 0x55, 0x15, 0x7c, 0x3c, 0x2d, 0x6f, 0x2f, 0x16, 0x55, 0x15, 0x7c,
		0x3c, 0x2e, 0x70, 0x2f, 0x1b, 0x3c, 0x3c, 0x3c, 0x3c, 0x3c, 0x2c, 0x2e, 0x3c, 0x3c, 0x3c, 0x3c, 0x3c, 0x28, 0x00, 0x00, 0x7c, 0x3c, 0x7c, 0x7c, 0x3c, 0x3c, 0x7c, 0x3c, 0x7c, 0x3c, 0x3c, 0x7c,
		0x3c, 0x3c, 0x3c, 0x3c, 0x7c, 0x3c, 0x7c, 0x3c, 0x3c, 0x7c, 0x3c, 0x3c, 0x7c, 0x3c, 0x7c, 0x3c, 0x3c, 0x7c, 0x3c, 0x3c, 0x3c, 0x3c, 0x3c, 0x3c, 0x3c, 0x7c, 0x3c, 0x3c, 0x3c, 0x3c, 0x3c, 0x3c,
		0x00, 0x00, 0x00, 0x00, 0x7c, 0x3c, 0x7c, 0x3c, 0x3c, 0x7c, 0x3c, 0x3c, 0x3c, 0x3c, 0x3c, 0x3c, 0x3c, 0x7c, 0x3c, 0x3c, 0x3c, 0x7c, 0x3c, 0x7c, 0x3c, 0x3c, 0x3c, 0x7c, 0x3c, 0x7c, 0x3c, 0x7c,
		0x3c, 0x3c, 0x7c, 0x7c, 0x3c, 0x3c, 0x7c, 0x3c, 0x3c, 0x3c, 0x3c, 0x3c, 0x3c, 0x3c, 0x3c, 0x3c, 0x3c, 0x3c, 0x00, 0x00, 0x7c, 0x3c, 0x7c, 0x7c, 0x3c, 0x3c, 0x7c, 0x3c, 0x7c, 0x3c, 0x3c, 0x7c,
		0x3c, 0x3c, 0x3c, 0x3c
		},
		//// country list, EEPROM_NCC_7dB_20150407\EEPROM_5G_NCC_20150407.txt
		{ "TW", NULL }
	},
};
#elif defined(RTN19)
static table_2 ctl_2g_table[]=
{
	{
		{
		0x11, 0x12, 0x15, 0x17, 0x41, 0x42, 0x45, 0x47, 0x31, 0x32, 0x35, 0x37, 0x70, 0x75, 0xac, 0xb8, 0x70,
		0x75, 0xac, 0xb8, 0x70, 0x75, 0xac, 0xb8, 0x70, 0x75, 0xac, 0xb8, 0x70, 0x75, 0xac, 0xb8, 0x70, 0x75, 0xac, 0xb8, 0x70, 0x75, 0xac, 0xb8, 0x70, 0x75, 0xac, 0xb8, 0x70, 0x75, 0xac, 0xb8, 0x70,
		0x75, 0xac, 0xb8, 0x70, 0x75, 0xac, 0xb8, 0x70, 0x75, 0xac, 0xb8, 0x3c, 0x7c, 0x3c, 0x7c, 0x3c, 0x7c, 0x3c, 0x7c, 0x3c, 0x7c, 0x3c, 0x7c, 0x3c, 0x7c, 0x3c, 0x7c, 0x3c, 0x7c, 0x3c, 0x7c, 0x3c,
		0x7c, 0x3c, 0x7c, 0x3c, 0x7c, 0x3c, 0x7c, 0x3c, 0x7c, 0x3c, 0x7c, 0x12, 0x52, 0x12, 0x52, 0x17, 0x57, 0x17, 0x57, 0x17, 0x57, 0x17, 0x57, 0x17, 0x57, 0x17, 0x57,
		},
		{ "GB", NULL }
	},
	{
		{
		0x11, 0x12, 0x15, 0x17, 0x41, 0x42, 0x45, 0x47, 0x31, 0x32, 0x35, 0x37, 0x70, 0x75, 0xac, 0xb8, 0x70,
		0x75, 0xac, 0xb8, 0x70, 0x75, 0xac, 0xb8, 0x7a, 0x75, 0xac, 0xb8, 0x70, 0x75, 0xac, 0xb8, 0x70, 0x75, 0xac, 0xb8, 0x70, 0x75, 0xac, 0xb8, 0x70, 0x75, 0xac, 0xb8, 0x70, 0x75, 0xac, 0xb8, 0x70,
		0x75, 0xac, 0xb8, 0x70, 0x75, 0xac, 0xb8, 0x70, 0x75, 0xac, 0xb8, 0x14, 0x5c, 0x16, 0x56, 0x1e, 0x67, 0x1f, 0x5f, 0x1f, 0x68, 0x1d, 0x5d, 0x18, 0x5f, 0x17, 0x57, 0x3c, 0x7c, 0x3c, 0x7c, 0x3c,
		0x7c, 0x3c, 0x7c, 0x3c, 0x7c, 0x3c, 0x7c, 0x3c, 0x7c, 0x3c, 0x7c, 0x3c, 0x7c, 0x3c, 0x7c, 0x3c, 0x7c, 0x3c, 0x7c, 0x3c, 0x7c, 0x3c, 0x7c, 0x3c, 0x7c, 0x3c, 0x7c,
		},
		{ "TW", NULL }
	},
	{
		{
		0x11, 0x12, 0x15, 0x17, 0x41, 0x42, 0x45, 0x47, 0x31, 0x32, 0x35, 0x37, 0x70, 0x75, 0xac, 0xb8, 0x70,
		0x75, 0xac, 0xb8, 0x70, 0x75, 0xac, 0xb8, 0x7a, 0x75, 0xac, 0xb8, 0x70, 0x75, 0xac, 0xb8, 0x70, 0x75, 0xac, 0xb8, 0x70, 0x75, 0xac, 0xb8, 0x70, 0x75, 0xac, 0xb8, 0x70, 0x75, 0xac, 0xb8, 0x70,
		0x75, 0xac, 0xb8, 0x70, 0x75, 0xac, 0xb8, 0x70, 0x75, 0xac, 0xb8, 0x13, 0x55, 0x17, 0x57, 0x1f, 0x67, 0x1c, 0x5c, 0x1e, 0x66, 0x1c, 0x5c, 0x17, 0x5f, 0x18, 0x58, 0x3c, 0x7c, 0x3c, 0x7c, 0x3c,
		0x7c, 0x3c, 0x7c, 0x3c, 0x7c, 0x3c, 0x7c, 0x3c, 0x7c, 0x3c, 0x7c, 0x12, 0x52, 0x12, 0x52, 0x16, 0x56, 0x16, 0x56, 0x17, 0x57, 0x17, 0x57, 0x16, 0x56, 0x16, 0x56,
		},
		{ "US", NULL }
	},
};

static table_5 ctl_5g_table[]=
{
	{
		.country_list = { NULL },
	}
};
#elif defined(PLN12)
static table_2 ctl_2g_table[]=
{
	{
		{
		0x11, 0x12, 0x15, 0x17, 0x41, 0x42, 0x45, 0x47, 0x31, 0x32,
		0x35, 0x37, 0x70, 0x75, 0xac, 0xb8, 0x70, 0x75, 0xac, 0xb8, 0x70, 0x75, 0xac, 0xb8, 0x70, 0x75, 0xac, 0xb8, 0x70, 0x75, 0xac, 0xb8, 0x70, 0x75, 0xac, 0xb8, 0x70, 0x75, 0xac, 0xb8, 0x70, 0x75,
		0xac, 0xb8, 0x70, 0x75, 0xac, 0xb8, 0x70, 0x75, 0xac, 0xb8, 0x70, 0x75, 0xac, 0xb8, 0x70, 0x75, 0xac, 0xb8, 0x28, 0x68, 0x28, 0x7c, 0x28, 0x68, 0x28, 0x7c, 0x28, 0x68, 0x28, 0x7c, 0x28, 0x68,
		0x28, 0x7c, 0x3c, 0x7c, 0x3c, 0x7c, 0x3c, 0x7c, 0x3c, 0x7c, 0x3c, 0x7c, 0x3c, 0x7c, 0x3c, 0x7c, 0x3c, 0x7c, 0x57, 0x57, 0x57, 0x3c, 0x57, 0x56, 0x56, 0x3c, 0x57, 0x57, 0x57, 0x3c, 0x57, 0x57,
		0x57, 0x3c,
		},
		{ "GB", NULL }
	},
};

static table_5 ctl_5g_table[]=
{
	{
		.country_list = { NULL },
	}
};
#elif defined(PLAC56)
static table_2 ctl_2g_table[]=
{
	{
		{
		0x11, 0x12, 0x15, 0x17, 0x41, 0x42, 0x45, 0x47, 0x31, 0x32,
		0x35, 0x37, 0x70, 0x75, 0xac, 0xb8, 0x70, 0x75, 0xac, 0xb8, 0x70, 0x75, 0xac, 0xb8, 0x70, 0x75, 0xac, 0xb8, 0x70, 0x75, 0xac, 0xb8, 0x70, 0x75, 0xac, 0xb8, 0x70, 0x75, 0xac, 0xb8, 0x70, 0x75,
		0xac, 0xb8, 0x70, 0x75, 0xac, 0xb8, 0x70, 0x75, 0xac, 0xb8, 0x70, 0x75, 0xac, 0xb8, 0x70, 0x75, 0xac, 0xb8, 0x3c, 0x7c, 0x3c, 0x7c, 0x3c, 0x7c, 0x3c, 0x7c, 0x3c, 0x7c, 0x3c, 0x7c, 0x3c, 0x7c,
		0x3c, 0x7c, 0x3c, 0x7c, 0x3c, 0x7c, 0x3c, 0x7c, 0x3c, 0x7c, 0x3c, 0x7c, 0x3c, 0x7c, 0x3c, 0x7c, 0x3c, 0x7c, 0x18, 0x58, 0x18, 0x7c, 0x1c, 0x5c, 0x1c, 0x7c, 0x1c, 0x5c, 0x1c, 0x7c, 0x1c, 0x5c,
		0x1c, 0x7c
		},
		{ "GB", NULL }
	},
	{
		{
		0x11, 0x12, 0x15, 0x17, 0x41, 0x42, 0x45, 0x47, 0x31, 0x32,
		0x35, 0x37, 0x70, 0x75, 0xac, 0xb8, 0x70, 0x75, 0xac, 0xb8, 0x70, 0x75, 0xac, 0xb8, 0x70, 0x75, 0xac, 0xb8, 0x70, 0x75, 0xac, 0xb8, 0x70, 0x75, 0xac, 0xb8, 0x70, 0x75, 0xac, 0xb8, 0x70, 0x75,
		0xac, 0xb8, 0x70, 0x75, 0xac, 0xb8, 0x70, 0x75, 0xac, 0xb8, 0x70, 0x75, 0xac, 0xb8, 0x70, 0x75, 0xac, 0xb8, 0x3c, 0x7c, 0x3c, 0x7c, 0x3c, 0x7c, 0x3c, 0x7c, 0x3c, 0x7c, 0x3c, 0x7c, 0x3c, 0x7c,
		0x3c, 0x7c, 0x3c, 0x7c, 0x3c, 0x7c, 0x3c, 0x7c, 0x3c, 0x7c, 0x3c, 0x7c, 0x3c, 0x7c, 0x3c, 0x7c, 0x3c, 0x7c, 0x6a, 0x6b, 0x6a, 0x7c, 0x65, 0x6b, 0x66, 0x7c, 0x64, 0x6b, 0x66, 0x7c, 0x63, 0x6b,
		0x64, 0x7c
		},
		{ "AU", NULL }
	},
};

static table_5 ctl_5g_table[]=
{
	{
		{
		0x10, 0x16, 0x18, 0x19, 0x1b, 0x1d, 0x40, 0x46, 0x48, 0x49, 0x4b, 0x4d, 0x30, 0x36, 0x38, 0x39,
		0x3b, 0x3d, 0x00, 0x00, 0x4c, 0x5c, 0x60, 0x8c, 0xb4, 0xb8, 0xbd, 0xcd, 0x4c, 0x5c, 0x60, 0x8c, 0xb4, 0xb8, 0xbd, 0xcd, 0x4e, 0x5e, 0x66, 0x8e, 0xae, 0xb6, 0xbf, 0xc7, 0x52, 0x62, 0x92, 0xa2,
		0xb2, 0xc3, 0x00, 0x00, 0x4c, 0x5c, 0x60, 0x8c, 0xb4, 0xb8, 0xbd, 0xcd, 0x4e, 0x5e, 0x66, 0x8e, 0xae, 0xb6, 0xbf, 0xc7, 0x4c, 0x58, 0x5c, 0x68, 0x8c, 0x90, 0xb0, 0xb4, 0x4c, 0x58, 0x5c, 0x68,
		0x8c, 0x90, 0xb0, 0xb4, 0x4e, 0x56, 0x5e, 0x66, 0x8e, 0x96, 0xa6, 0xae, 0x52, 0x62, 0x92, 0xa2, 0x00, 0x00, 0x00, 0x00, 0x4c, 0x58, 0x5c, 0x68, 0x8c, 0x90, 0xb0, 0xb4, 0x4e, 0x56, 0x5e, 0x66,
		0x8e, 0x96, 0xa6, 0xae, 0x4c, 0x5c, 0x60, 0x8c, 0xb4, 0xb8, 0xbd, 0xcd, 0x4c, 0x5c, 0x60, 0x8c, 0xb4, 0xb8, 0xbd, 0xcd, 0x4e, 0x5e, 0x66, 0x8e, 0xae, 0xb6, 0xbf, 0xc7, 0x52, 0x62, 0x92, 0xa2,
		0xb2, 0xc3, 0x00, 0x00, 0x4c, 0x5c, 0x60, 0x8c, 0xb4, 0xb8, 0xbd, 0xcd, 0x4e, 0x5e, 0x66, 0x8e, 0xae, 0xb6, 0xbf, 0xc7, 0x7c, 0x3c, 0x7c, 0x7c, 0x3c, 0x3c, 0x7c, 0x3c, 0x7c, 0x3c, 0x7c, 0x7c,
		0x3c, 0x3c, 0x7c, 0x3c, 0x7c, 0x3c, 0x3c, 0x7c, 0x3c, 0x3c, 0x3c, 0x3c, 0x3c, 0x3c, 0x3c, 0x3c, 0x3c, 0x3c, 0x00, 0x00, 0x7c, 0x3c, 0x7c, 0x7c, 0x3c, 0x3c, 0x7c, 0x3c, 0x7c, 0x3c, 0x3c, 0x7c,
		0x3c, 0x3c, 0x3c, 0x3c, 0x7c, 0x3c, 0x7c, 0x3c, 0x3c, 0x7c, 0x3c, 0x3c, 0x7c, 0x3c, 0x7c, 0x3c, 0x3c, 0x7c, 0x3c, 0x3c, 0x3c, 0x3c, 0x3c, 0x3c, 0x3c, 0x7c, 0x3c, 0x3c, 0x3c, 0x3c, 0x3c, 0x3c,
		0x00, 0x00, 0x00, 0x00, 0x7c, 0x3c, 0x7c, 0x3c, 0x3c, 0x7c, 0x3c, 0x3c, 0x3c, 0x3c, 0x3c, 0x3c, 0x3c, 0x7c, 0x3c, 0x3c, 0x60, 0x20, 0x60, 0x68, 0x28, 0x28, 0x7c, 0x3c, 0x62, 0x22, 0x62, 0x68,
		0x28, 0x28, 0x7c, 0x3c, 0x62, 0x22, 0x22, 0x68, 0x28, 0x28, 0x3c, 0x3c, 0x22, 0x22, 0x28, 0x28, 0x26, 0x3c, 0x00, 0x00, 0x7c, 0x3c, 0x7c, 0x7c, 0x3c, 0x3c, 0x7c, 0x3c, 0x7c, 0x3c, 0x3c, 0x7c,
		0x3c, 0x3c, 0x3c, 0x3c
		},
		{ "GB", NULL }
	},
	{
		{
		0x10, 0x16, 0x18, 0x19, 0x1b, 0x1d, 0x40, 0x46, 0x48, 0x49, 0x4b, 0x4d, 0x30, 0x36, 0x38, 0x39,
		0x3b, 0x3d, 0x00, 0x00, 0x4c, 0x5c, 0x60, 0x8c, 0xb4, 0xb8, 0xbd, 0xcd, 0x4c, 0x5c, 0x60, 0x8c, 0xb4, 0xb8, 0xbd, 0xcd, 0x4e, 0x5e, 0x66, 0x8e, 0xae, 0xb6, 0xbf, 0xc7, 0x52, 0x62, 0x92, 0xa2,
		0xb2, 0xc3, 0x00, 0x00, 0x4c, 0x5c, 0x60, 0x8c, 0xb4, 0xb8, 0xbd, 0xcd, 0x4e, 0x5e, 0x66, 0x8e, 0xae, 0xb6, 0xbf, 0xc7, 0x4c, 0x58, 0x5c, 0x68, 0x8c, 0x90, 0xb0, 0xb4, 0x4c, 0x58, 0x5c, 0x68,
		0x8c, 0x90, 0xb0, 0xb4, 0x4e, 0x56, 0x5e, 0x66, 0x8e, 0x96, 0xa6, 0xae, 0x52, 0x62, 0x92, 0xa2, 0x00, 0x00, 0x00, 0x00, 0x4c, 0x58, 0x5c, 0x68, 0x8c, 0x90, 0xb0, 0xb4, 0x4e, 0x56, 0x5e, 0x66,
		0x8e, 0x96, 0xa6, 0xae, 0x4c, 0x5c, 0x60, 0x8c, 0xb4, 0xb8, 0xbd, 0xcd, 0x4c, 0x5c, 0x60, 0x8c, 0xb4, 0xb8, 0xbd, 0xcd, 0x4e, 0x5e, 0x66, 0x8e, 0xae, 0xb6, 0xbf, 0xc7, 0x52, 0x62, 0x92, 0xa2,
		0xb2, 0xc3, 0x00, 0x00, 0x4c, 0x5c, 0x60, 0x8c, 0xb4, 0xb8, 0xbd, 0xcd, 0x4e, 0x5e, 0x66, 0x8e, 0xae, 0xb6, 0xbf, 0xc7, 0x60, 0x60, 0x60, 0x6b, 0x67, 0x67, 0x6a, 0x6a, 0x62, 0x62, 0x62, 0x6a,
		0x6a, 0x6a, 0x6a, 0x6a, 0x62, 0x62, 0x62, 0x6b, 0x6c, 0x6c, 0x66, 0x69, 0x62, 0x62, 0x6a, 0x6a, 0x67, 0x65, 0x00, 0x00, 0x7c, 0x3c, 0x7c, 0x7c, 0x3c, 0x3c, 0x7c, 0x3c, 0x7c, 0x3c, 0x3c, 0x7c,
		0x3c, 0x3c, 0x3c, 0x3c, 0x7c, 0x3c, 0x7c, 0x3c, 0x3c, 0x7c, 0x3c, 0x3c, 0x7c, 0x3c, 0x7c, 0x3c, 0x3c, 0x7c, 0x3c, 0x3c, 0x3c, 0x3c, 0x3c, 0x3c, 0x3c, 0x7c, 0x3c, 0x3c, 0x3c, 0x3c, 0x3c, 0x3c,
		0x00, 0x00, 0x00, 0x00, 0x7c, 0x3c, 0x7c, 0x3c, 0x3c, 0x7c, 0x3c, 0x3c, 0x3c, 0x3c, 0x3c, 0x3c, 0x3c, 0x7c, 0x3c, 0x3c, 0x60, 0x60, 0x60, 0x62, 0x62, 0x62, 0x6a, 0x2a, 0x62, 0x62, 0x62, 0x62,
		0x62, 0x62, 0x6a, 0x2a, 0x62, 0x62, 0x62, 0x62, 0x62, 0x62, 0x26, 0x29, 0x62, 0x62, 0x62, 0x62, 0x62, 0x25, 0x00, 0x00, 0x7c, 0x3c, 0x7c, 0x7c, 0x3c, 0x3c, 0x7c, 0x3c, 0x7c, 0x3c, 0x3c, 0x7c,
		0x3c, 0x3c, 0x3c, 0x3c
		},
		{ "AU", NULL }
	},
};

#elif defined(RPAC66)
table_2 ctl_2g_table[]=
{
	{
		{
		0x11, 0x12, 0x15, 0x17, 0x41, 0x42, 0x45, 0x47, 0x31, 0x32,
		0x35, 0x37, 0x70, 0x75, 0xac, 0xb8, 0x70, 0x75, 0xac, 0xb8, 0x70, 0x75, 0xac, 0xb8, 0x70, 0x75, 0xac, 0xb8, 0x70, 0x75, 0xac, 0xb8, 0x70, 0x75, 0xac, 0xb8, 0x70, 0x75, 0xac, 0xb8, 0x70, 0x75,
		0xac, 0xb8, 0x70, 0x75, 0xac, 0xb8, 0x70, 0x75, 0xac, 0xb8, 0x70, 0x75, 0xac, 0xb8, 0x70, 0x75, 0xac, 0xb8, 0x3c, 0x7c, 0x3c, 0x7c, 0x3c, 0x7c, 0x3c, 0x7c, 0x3c, 0x7c, 0x3c, 0x7c, 0x3c, 0x7c,
		0x3c, 0x7c, 0x3c, 0x7c, 0x3c, 0x7c, 0x3c, 0x7c, 0x3c, 0x7c, 0x3c, 0x7c, 0x3c, 0x7c, 0x3c, 0x7c, 0x3c, 0x7c, 0x54, 0x54, 0x54, 0x54, 0x59, 0x59, 0x59, 0x59, 0x58, 0x58, 0x58, 0x58, 0x57, 0x57,
		0x57, 0x57
		},
		//// country list
		{ "GB", "UA", NULL }
	},
};

table_5 ctl_5g_table[]=
{
	{
		{
		0x10, 0x16, 0x18, 0x19, 0x00, 0x00, 0x40, 0x46, 0x48, 0x49, 0x00, 0x00, 0x30, 0x36, 0x38, 0x39,
		0x00, 0x00, 0x00, 0x00, 0x4c, 0x5c, 0x60, 0x8c, 0xb4, 0xb8, 0xbd, 0xcd, 0x4c, 0x5c, 0x60, 0x8c, 0xb4, 0xb8, 0xbd, 0xcd, 0x4e, 0x5e, 0x66, 0x8e, 0xae, 0xb6, 0xbf, 0xc7, 0x52, 0x62, 0x92, 0xa2,
		0xb2, 0xc3, 0x00, 0x00, 0x00, 0x00, 0x00, 0x00, 0x00, 0x00, 0x00, 0x00, 0x00, 0x00, 0x00, 0x00, 0x00, 0x00, 0x00, 0x00, 0x4c, 0x58, 0x5c, 0x68, 0x8c, 0x90, 0xb0, 0xb4, 0x4c, 0x58, 0x5c, 0x68,
		0x8c, 0x90, 0xb0, 0xb4, 0x4e, 0x56, 0x5e, 0x66, 0x8e, 0x96, 0xa6, 0xae, 0x52, 0x62, 0x92, 0xa2, 0x00, 0x00, 0x00, 0x00, 0x00, 0x00, 0x00, 0x00, 0x00, 0x00, 0x00, 0x00, 0x00, 0x00, 0x00, 0x00,
		0x00, 0x00, 0x00, 0x00, 0x4c, 0x5c, 0x60, 0x8c, 0xb4, 0xb8, 0xbd, 0xcd, 0x4c, 0x5c, 0x60, 0x8c, 0xb4, 0xb8, 0xbd, 0xcd, 0x4e, 0x5e, 0x66, 0x8e, 0xae, 0xb6, 0xbf, 0xc7, 0x52, 0x62, 0x92, 0xa2,
		0xb2, 0xc3, 0x00, 0x00, 0x00, 0x00, 0x00, 0x00, 0x00, 0x00, 0x00, 0x00, 0x00, 0x00, 0x00, 0x00, 0x00, 0x00, 0x00, 0x00, 0x7c, 0x3c, 0x7c, 0x7c, 0x3c, 0x3c, 0x7c, 0x3c, 0x7c, 0x3c, 0x7c, 0x7c,
		0x3c, 0x3c, 0x7c, 0x3c, 0x7c, 0x3c, 0x3c, 0x7c, 0x3c, 0x3c, 0x3c, 0x3c, 0x3c, 0x3c, 0x3c, 0x3c, 0x3c, 0x3c, 0x00, 0x00, 0x00, 0x00, 0x00, 0x00, 0x00, 0x00, 0x00, 0x00, 0x00, 0x00, 0x00, 0x00,
		0x00, 0x00, 0x00, 0x00, 0x7c, 0x3c, 0x7c, 0x3c, 0x3c, 0x7c, 0x3c, 0x3c, 0x7c, 0x3c, 0x7c, 0x3c, 0x3c, 0x7c, 0x3c, 0x3c, 0x3c, 0x3c, 0x3c, 0x3c, 0x3c, 0x7c, 0x3c, 0x3c, 0x3c, 0x3c, 0x3c, 0x3c,
		0x00, 0x00, 0x00, 0x00, 0x00, 0x00, 0x00, 0x00, 0x00, 0x00, 0x00, 0x00, 0x00, 0x00, 0x00, 0x00, 0x00, 0x00, 0x00, 0x00, 0x58, 0x54, 0x54, 0x62, 0x62, 0x62, 0x7c, 0x7c, 0x5a, 0x56, 0x56, 0x64,
		0x64, 0x64, 0x7c, 0x3c, 0x5a, 0x57, 0x57, 0x64, 0x64, 0x64, 0x7c, 0x3c, 0x5b, 0x56, 0x64, 0x64, 0x64, 0x3c, 0x00, 0x00, 0x00, 0x00, 0x00, 0x00, 0x00, 0x00, 0x00, 0x00, 0x00, 0x00, 0x00, 0x00,
		0x00, 0x00, 0x00, 0x00
		},
		//// country list
		{ "GB", NULL }
	},
	{
		{
		0x10, 0x16, 0x18, 0x19, 0x00, 0x00, 0x40, 0x46, 0x48, 0x49, 0x00, 0x00, 0x30, 0x36, 0x38, 0x39,
		0x00, 0x00, 0x00, 0x00, 0x4c, 0x5c, 0x60, 0x8c, 0xb4, 0xb8, 0xbd, 0xcd, 0x4c, 0x5c, 0x60, 0x8c, 0xb4, 0xb8, 0xbd, 0xcd, 0x4e, 0x5e, 0x66, 0x8e, 0xae, 0xb6, 0xbf, 0xc7, 0x52, 0x62, 0x92, 0xa2,
		0xb2, 0xc3, 0x00, 0x00, 0x00, 0x00, 0x00, 0x00, 0x00, 0x00, 0x00, 0x00, 0x00, 0x00, 0x00, 0x00, 0x00, 0x00, 0x00, 0x00, 0x4c, 0x58, 0x5c, 0x68, 0x8c, 0x90, 0xb0, 0xb4, 0x4c, 0x58, 0x5c, 0x68,
		0x8c, 0x90, 0xb0, 0xb4, 0x4e, 0x56, 0x5e, 0x66, 0x8e, 0x96, 0xa6, 0xae, 0x52, 0x62, 0x92, 0xa2, 0x00, 0x00, 0x00, 0x00, 0x00, 0x00, 0x00, 0x00, 0x00, 0x00, 0x00, 0x00, 0x00, 0x00, 0x00, 0x00,
		0x00, 0x00, 0x00, 0x00, 0x4c, 0x5c, 0x60, 0x8c, 0xb4, 0xb8, 0xbd, 0xcd, 0x4c, 0x5c, 0x60, 0x8c, 0xb4, 0xb8, 0xbd, 0xcd, 0x4e, 0x5e, 0x66, 0x8e, 0xae, 0xb6, 0xbf, 0xc7, 0x52, 0x62, 0x92, 0xa2,
		0xb2, 0xc3, 0x00, 0x00, 0x00, 0x00, 0x00, 0x00, 0x00, 0x00, 0x00, 0x00, 0x00, 0x00, 0x00, 0x00, 0x00, 0x00, 0x00, 0x00, 0x7c, 0x3c, 0x7c, 0x7c, 0x3c, 0x3c, 0x7c, 0x3c, 0x7c, 0x3c, 0x7c, 0x7c,
		0x3c, 0x3c, 0x7c, 0x3c, 0x7c, 0x3c, 0x3c, 0x7c, 0x3c, 0x3c, 0x3c, 0x3c, 0x3c, 0x3c, 0x3c, 0x3c, 0x3c, 0x3c, 0x00, 0x00, 0x00, 0x00, 0x00, 0x00, 0x00, 0x00, 0x00, 0x00, 0x00, 0x00, 0x00, 0x00,
		0x00, 0x00, 0x00, 0x00, 0x7c, 0x3c, 0x7c, 0x3c, 0x3c, 0x7c, 0x3c, 0x3c, 0x7c, 0x3c, 0x7c, 0x3c, 0x3c, 0x7c, 0x3c, 0x3c, 0x3c, 0x3c, 0x3c, 0x3c, 0x3c, 0x7c, 0x3c, 0x3c, 0x3c, 0x3c, 0x3c, 0x3c,
		0x00, 0x00, 0x00, 0x00, 0x00, 0x00, 0x00, 0x00, 0x00, 0x00, 0x00, 0x00, 0x00, 0x00, 0x00, 0x00, 0x00, 0x00, 0x00, 0x00, 0x58, 0x54, 0x54, 0x56, 0x56, 0x56, 0x7c, 0x7c, 0x5a, 0x56, 0x56, 0x58,
		0x58, 0x58, 0x7c, 0x3c, 0x5a, 0x57, 0x57, 0x58, 0x58, 0x58, 0x7c, 0x3c, 0x5b, 0x56, 0x58, 0x58, 0x58, 0x3c, 0x00, 0x00, 0x00, 0x00, 0x00, 0x00, 0x00, 0x00, 0x00, 0x00, 0x00, 0x00, 0x00, 0x00,
		0x00, 0x00, 0x00, 0x00
		},
		//// country list
		{ "UA", NULL }
	},
};
#elif defined(MAPAC1750)
static table_2 ctl_2g_table[]=
{
	{
		{
		0x11, 0x12, 0x15, 0x17, 0x41, 0x42, 0x45, 0x47, 0x31, 0x32,
		0x35, 0x37, 0x70, 0x75, 0xac, 0xb8, 0x70, 0x75, 0xac, 0xb8, 0x70, 0x75, 0xac, 0xb8, 0x70, 0x75, 0xac, 0xb8, 0x70, 0x75, 0xac, 0xb8, 0x70, 0x75, 0xac, 0xb8, 0x70, 0x75, 0xac, 0xb8, 0x70, 0x75,
		0xac, 0xb8, 0x70, 0x75, 0xac, 0xb8, 0x70, 0x75, 0xac, 0xb8, 0x70, 0x75, 0xac, 0xb8, 0x70, 0x75, 0xac, 0xb8, 0x3c, 0x7c, 0x3c, 0x7c, 0x3c, 0x7c, 0x3c, 0x7c, 0x3c, 0x7c, 0x3c, 0x7c, 0x3c, 0x7c,
		0x3c, 0x7c, 0x3c, 0x7c, 0x3c, 0x7c, 0x3c, 0x7c, 0x3c, 0x7c, 0x3c, 0x7c, 0x3c, 0x7c, 0x7c, 0x7c, 0x7c, 0x7c, 0x3c, 0x3c, 0x3c, 0x3c, 0x3c, 0x3c, 0x3c, 0x3c, 0x3c, 0x3c, 0x3c, 0x3c, 0x3c, 0x3c,
		0x3c, 0x3c
		},
		{ "DB", NULL }
	},
	{
		{
		0x11, 0x12, 0x15, 0x17, 0x41, 0x42, 0x45, 0x47, 0x31, 0x32,
		0x35, 0x37, 0x70, 0x75, 0x9d, 0xa2, 0x70, 0x75, 0x9d, 0xa2, 0x70, 0x75, 0x9d, 0xa2, 0x7a, 0x7f, 0x93, 0x98, 0x70, 0x75, 0xac, 0xb8, 0x70, 0x75, 0xac, 0xb8, 0x70, 0x75, 0xac, 0xb8, 0x70, 0x75,
		0xac, 0xb8, 0x70, 0x75, 0xac, 0xb8, 0x70, 0x75, 0xac, 0xb8, 0x70, 0x75, 0xac, 0xb8, 0x70, 0x75, 0xac, 0xb8, 0x32, 0x72, 0x32, 0x32, 0x2c, 0x72, 0x32, 0x2c, 0x2c, 0x72, 0x32, 0x2a, 0x29, 0x6e,
		0x2e, 0x27, 0x3c, 0x7c, 0x3c, 0x7c, 0x3c, 0x7c, 0x3c, 0x7c, 0x3c, 0x7c, 0x3c, 0x7c, 0x7c, 0x7c, 0x7c, 0x7c, 0x3c, 0x3c, 0x3c, 0x3c, 0x3c, 0x3c, 0x3c, 0x3c, 0x3c, 0x3c, 0x3c, 0x3c, 0x3c, 0x3c,
		0x3c, 0x3c
		},
		{ "US", "CA", "TW", NULL }
	},
	{
		{
		0x11, 0x12, 0x15, 0x17, 0x41, 0x42, 0x45, 0x47, 0x31, 0x32,
		0x35, 0x37, 0x70, 0x75, 0x9d, 0xa2, 0x70, 0x75, 0x9d, 0xa2, 0x70, 0x75, 0x9d, 0xa2, 0x7a, 0x7f, 0x93, 0x98, 0x70, 0x75, 0xac, 0xb8, 0x70, 0x75, 0xac, 0xb8, 0x70, 0x75, 0xac, 0xb8, 0x70, 0x75,
		0xac, 0xb8, 0x70, 0x75, 0xac, 0xb8, 0x70, 0x75, 0xac, 0xb8, 0x70, 0x75, 0xac, 0xb8, 0x70, 0x75, 0xac, 0xb8, 0x3c, 0x7c, 0x3c, 0x3c, 0x3c, 0x7c, 0x3c, 0x3c, 0x3c, 0x7c, 0x3c, 0x3c, 0x3c, 0x7c,
		0x3c, 0x3c, 0x3c, 0x7c, 0x3c, 0x7c, 0x3c, 0x7c, 0x3c, 0x7c, 0x3c, 0x7c, 0x3c, 0x7c, 0x7c, 0x7c, 0x7c, 0x7c, 0x54, 0x54, 0x54, 0x54, 0x59, 0x59, 0x59, 0x59, 0x19, 0x5a, 0x5a, 0x5a, 0x59, 0x59,
		0x59, 0x59
		},
		{ "GB", "IL", NULL }
	},
	{
		{
		0x11, 0x12, 0x15, 0x17, 0x41, 0x42, 0x45, 0x47, 0x31, 0x32,
		0x35, 0x37, 0x70, 0x75, 0x9d, 0xa2, 0x70, 0x75, 0x9d, 0xa2, 0x70, 0x75, 0x9d, 0xa2, 0x7a, 0x7f, 0x93, 0x98, 0x70, 0x75, 0xac, 0xb8, 0x70, 0x75, 0xac, 0xb8, 0x70, 0x75, 0xac, 0xb8, 0x70, 0x75,
		0xac, 0xb8, 0x70, 0x75, 0xac, 0xb8, 0x70, 0x75, 0xac, 0xb8, 0x70, 0x75, 0xac, 0xb8, 0x70, 0x75, 0xac, 0xb8, 0x72, 0x72, 0x72, 0x72, 0x72, 0x72, 0x72, 0x72, 0x72, 0x72, 0x72, 0x72, 0x72, 0x72,
		0x72, 0x72, 0x3c, 0x7c, 0x3c, 0x7c, 0x3c, 0x7c, 0x3c, 0x7c, 0x3c, 0x7c, 0x3c, 0x7c, 0x7c, 0x7c, 0x7c, 0x7c, 0x3c, 0x3c, 0x3c, 0x3c, 0x3c, 0x3c, 0x3c, 0x3c, 0x3c, 0x3c, 0x3c, 0x3c, 0x3c, 0x3c,
		0x3c, 0x3c
		},
		{ "AU", NULL }
	},
	{
		{
		0x11, 0x12, 0x15, 0x17, 0x41, 0x42, 0x45, 0x47, 0x31, 0x32,
		0x35, 0x37, 0x70, 0x75, 0x9d, 0xac, 0x70, 0x75, 0x9d, 0xac, 0x70, 0x75, 0x9d, 0xac, 0x7a, 0x7f, 0x93, 0xac, 0x70, 0x75, 0xac, 0xb8, 0x70, 0x75, 0xac, 0xb8, 0x70, 0x75, 0xac, 0xb8, 0x70, 0x75,
		0xac, 0xb8, 0x70, 0x75, 0x9d, 0xac, 0x70, 0x75, 0x9d, 0xac, 0x70, 0x75, 0x9d, 0xac, 0x70, 0x75, 0x9d, 0xac, 0x7c, 0x7c, 0x7c, 0x7c, 0x7c, 0x7c, 0x7c, 0x3c, 0x7c, 0x7c, 0x7c, 0x7c, 0x7c, 0x7c,
		0x7c, 0x7c, 0x3c, 0x7c, 0x3c, 0x7c, 0x3c, 0x7c, 0x3c, 0x7c, 0x3c, 0x7c, 0x3c, 0x7c, 0x7c, 0x7c, 0x7c, 0x7c, 0x62, 0x62, 0x62, 0x62, 0x61, 0x61, 0x61, 0x60, 0x59, 0x59, 0x59, 0x59, 0x5a, 0x5a,
		0x5a, 0x5a
		},
		{ "CN", NULL }
	},
	{
		{
		0x11, 0x12, 0x15, 0x17, 0x41, 0x42, 0x45, 0x47, 0x31, 0x32,
		0x35, 0x37, 0x70, 0x75, 0x9d, 0xac, 0x70, 0x75, 0x9d, 0xac, 0x70, 0x75, 0x9d, 0xac, 0x7a, 0x7f, 0x93, 0xac, 0x70, 0x75, 0xac, 0xb8, 0x70, 0x75, 0xac, 0xb8, 0x70, 0x75, 0xac, 0xb8, 0x70, 0x75,
		0xac, 0xb8, 0x70, 0x75, 0x9d, 0xac, 0x70, 0x75, 0x9d, 0xac, 0x70, 0x75, 0x9d, 0xac, 0x70, 0x75, 0x9d, 0xac, 0x7c, 0x7c, 0x7c, 0x7c, 0x7c, 0x7c, 0x7c, 0x3c, 0x7c, 0x7c, 0x7c, 0x7c, 0x7c, 0x7c,
		0x7c, 0x7c, 0x3c, 0x7c, 0x3c, 0x7c, 0x3c, 0x7c, 0x3c, 0x7c, 0x3c, 0x7c, 0x3c, 0x7c, 0x7c, 0x7c, 0x7c, 0x7c, 0x7c, 0x7c, 0x7c, 0x7c, 0x7c, 0x7c, 0x7c, 0x7c, 0x7c, 0x7c, 0x7c, 0x7c, 0x7c, 0x7c,
		0x7c, 0x7c
		},
		{ "CN5", NULL }/* for CN SKU use fake power table */
	},
	{
		{
		0x11, 0x12, 0x15, 0x17, 0x41, 0x42, 0x45, 0x47, 0x31, 0x32,
		0x35, 0x37, 0x70, 0x75, 0x9d, 0xa2, 0x70, 0x75, 0x9d, 0xa2, 0x70, 0x75, 0x9d, 0xa2, 0x7a, 0x7f, 0x93, 0x98, 0x70, 0x75, 0xac, 0xb8, 0x70, 0x75, 0xac, 0xb8, 0x70, 0x75, 0xac, 0xb8, 0x70, 0x75,
		0xac, 0xb8, 0x70, 0x75, 0xac, 0xb8, 0x70, 0x75, 0xac, 0xb8, 0x70, 0x75, 0xac, 0xb8, 0x70, 0x75, 0xac, 0xb8, 0x3c, 0x7c, 0x3c, 0x3c, 0x3c, 0x7c, 0x3c, 0x3c, 0x3c, 0x7c, 0x3c, 0x3c, 0x3c, 0x7c,
		0x3c, 0x3c, 0x57, 0x57, 0x57, 0x57, 0x5e, 0x5e, 0x5e, 0x5e, 0x5e, 0x5e, 0x5e, 0x5e, 0x5c, 0x5c, 0x5c, 0x5c, 0x3c, 0x7c, 0x3c, 0x3c, 0x3c, 0x7c, 0x3c, 0x3c, 0x3c, 0x7c, 0x3c, 0x3c, 0x7c, 0x7c,
		0x7c, 0x7c
		},
		{ "JP", NULL }
	},
	{
		{
		0x11, 0x12, 0x15, 0x17, 0x41, 0x42, 0x45, 0x47, 0x31, 0x32,
		0x35, 0x37, 0x70, 0x75, 0x9d, 0xac, 0x70, 0x75, 0x9d, 0xac, 0x70, 0x75, 0x9d, 0xac, 0x7a, 0x7f, 0x93, 0xa7, 0x70, 0x75, 0xac, 0xb8, 0x70, 0x75, 0xac, 0xb8, 0x70, 0x75, 0xac, 0xb8, 0x70, 0x75,
		0xac, 0xb8, 0x70, 0x75, 0x9d, 0xac, 0x70, 0x75, 0x9d, 0xac, 0x70, 0x75, 0x9d, 0xac, 0x7a, 0x7f, 0x93, 0xa7, 0x3c, 0x7c, 0x7c, 0x3c, 0x3c, 0x7c, 0x7c, 0x3c, 0x3c, 0x7c, 0x7c, 0x3c, 0x3c, 0x7c,
		0x7c, 0x3c, 0x3c, 0x7c, 0x3c, 0x7c, 0x3c, 0x7c, 0x3c, 0x7c, 0x3c, 0x7c, 0x3c, 0x7c, 0x7c, 0x7c, 0x7c, 0x7c, 0x18, 0x58, 0x58, 0x18, 0x1e, 0x5e, 0x5e, 0x1e, 0x1e, 0x5e, 0x5e, 0x1e, 0x1d, 0x5d,
		0x5d, 0x1d
		},
		{ "KR", NULL }
	},
};

static table_5 ctl_5g_table[]=
{
	{
		{
		0x10, 0x16, 0x18, 0x19, 0x1b, 0x1d, 0x40, 0x46, 0x48, 0x49, 0x4b, 0x4d, 0x30, 0x36, 0x38, 0x39,
		0x3b, 0x3d, 0x00, 0x00, 0x4c, 0x5c, 0x60, 0x8c, 0xb4, 0xb8, 0xbd, 0xcd, 0x4c, 0x5c, 0x60, 0x8c, 0xb4, 0xb8, 0xbd, 0xcd, 0x4e, 0x5e, 0x66, 0x8e, 0xae, 0xb6, 0xbf, 0xc7, 0x52, 0x62, 0x92, 0xa2,
		0xb2, 0xc3, 0x00, 0x00, 0x4c, 0x5c, 0x60, 0x8c, 0xb4, 0xb8, 0xbd, 0xcd, 0x4e, 0x5e, 0x66, 0x8e, 0xae, 0xb6, 0xbf, 0xc7, 0x4c, 0x58, 0x5c, 0x68, 0x8c, 0x90, 0xb0, 0xb4, 0x4c, 0x58, 0x5c, 0x68,
		0x8c, 0x90, 0xb0, 0xb4, 0x4e, 0x56, 0x5e, 0x66, 0x8e, 0x96, 0xa6, 0xae, 0x52, 0x62, 0x92, 0xa2, 0x00, 0x00, 0x00, 0x00, 0x4c, 0x58, 0x5c, 0x68, 0x8c, 0x90, 0xb0, 0xb4, 0x4e, 0x56, 0x5e, 0x66,
		0x8e, 0x96, 0xa6, 0xae, 0x4c, 0x5c, 0x60, 0x8c, 0xb4, 0xb8, 0xbd, 0xcd, 0x4c, 0x5c, 0x60, 0x8c, 0xb4, 0xb8, 0xbd, 0xcd, 0x4e, 0x5e, 0x66, 0x8e, 0xae, 0xb6, 0xbf, 0xc7, 0x52, 0x62, 0x92, 0xa2,
		0xb2, 0xc3, 0x00, 0x00, 0x4c, 0x5c, 0x60, 0x8c, 0xb4, 0xb8, 0xbd, 0xcd, 0x4e, 0x5e, 0x66, 0x8e, 0xae, 0xb6, 0xbf, 0xc7, 0x7c, 0x3c, 0x7c, 0x7c, 0x3c, 0x3c, 0x7c, 0x3c, 0x7c, 0x3c, 0x7c, 0x7c,
		0x3c, 0x3c, 0x7c, 0x3c, 0x7c, 0x3c, 0x3c, 0x7c, 0x3c, 0x3c, 0x3c, 0x3c, 0x3c, 0x3c, 0x3c, 0x3c, 0x3c, 0x3c, 0x00, 0x00, 0x7c, 0x3c, 0x7c, 0x7c, 0x3c, 0x3c, 0x7c, 0x3c, 0x7c, 0x3c, 0x3c, 0x7c,
		0x3c, 0x3c, 0x3c, 0x3c, 0x7c, 0x3c, 0x7c, 0x3c, 0x3c, 0x7c, 0x3c, 0x3c, 0x7c, 0x3c, 0x7c, 0x3c, 0x3c, 0x7c, 0x3c, 0x3c, 0x3c, 0x3c, 0x3c, 0x3c, 0x3c, 0x7c, 0x3c, 0x3c, 0x3c, 0x3c, 0x3c, 0x3c,
		0x00, 0x00, 0x00, 0x00, 0x7c, 0x3c, 0x7c, 0x3c, 0x3c, 0x7c, 0x3c, 0x3c, 0x3c, 0x3c, 0x3c, 0x3c, 0x3c, 0x7c, 0x3c, 0x3c, 0x7c, 0x3c, 0x7c, 0x7c, 0x3c, 0x3c, 0x7c, 0x3c, 0x7c, 0x3c, 0x7c, 0x7c,
		0x3c, 0x3c, 0x7c, 0x3c, 0x7c, 0x3c, 0x3c, 0x7c, 0x3c, 0x3c, 0x3c, 0x3c, 0x3c, 0x3c, 0x3c, 0x3c, 0x3c, 0x3c, 0x00, 0x00, 0x7c, 0x3c, 0x7c, 0x7c, 0x3c, 0x3c, 0x7c, 0x3c, 0x7c, 0x3c, 0x3c, 0x7c,
		0x3c, 0x3c, 0x3c, 0x3c
		},
		{ "DB", NULL }
	},
	{
		{
		0x10, 0x16, 0x18, 0x19, 0x1b, 0x1d, 0x40, 0x46, 0x48, 0x49, 0x4b, 0x4d, 0x30, 0x36, 0x38, 0x39,
		0x3b, 0x3d, 0x00, 0x00, 0x4c, 0x4e, 0x56, 0x58, 0xbd, 0xbf, 0xc9, 0xcd, 0x4c, 0x4e, 0x56, 0x58, 0xbd, 0xbf, 0xc9, 0xcd, 0x4e, 0x50, 0x56, 0x58, 0xbd, 0xbf, 0xc9, 0xcd, 0x4c, 0x52, 0x58, 0x8c,
		0xb4, 0xbd, 0xc3, 0xcd, 0x4c, 0x4e, 0x56, 0x58, 0xbd, 0xbf, 0xc9, 0xcd, 0x4e, 0x50, 0x56, 0x58, 0xbd, 0xbf, 0xc9, 0xcd, 0x4c, 0x58, 0x5c, 0x68, 0x8c, 0x90, 0xb0, 0xb4, 0x4c, 0x58, 0x5c, 0x68,
		0x8c, 0x90, 0xb0, 0xb4, 0x4e, 0x56, 0x5e, 0x66, 0x8e, 0x96, 0xa6, 0xae, 0x52, 0x62, 0x92, 0xa2, 0x00, 0x00, 0x00, 0x00, 0x4c, 0x58, 0x5c, 0x68, 0x8c, 0x90, 0xb0, 0xb4, 0x4e, 0x56, 0x5e, 0x66,
		0x8e, 0x96, 0xa6, 0xae, 0x4c, 0x5c, 0x60, 0x8c, 0xb4, 0xb8, 0xbd, 0xcd, 0x4c, 0x5c, 0x60, 0x8c, 0xb4, 0xb8, 0xbd, 0xcd, 0x4e, 0x5e, 0x66, 0x8e, 0xae, 0xb6, 0xbf, 0xc7, 0x52, 0x62, 0x92, 0xa2,
		0xb2, 0xc3, 0x00, 0x00, 0x4c, 0x5c, 0x60, 0x8c, 0xb4, 0xb8, 0xbd, 0xcd, 0x4e, 0x5e, 0x66, 0x8e, 0xae, 0xb6, 0xbf, 0xc7, 0x2a, 0x6e, 0x6e, 0x2f, 0x30, 0x70, 0x70, 0x2f, 0x2b, 0x6f, 0x6f, 0x30,
		0x30, 0x70, 0x70, 0x2f, 0x26, 0x6e, 0x6e, 0x2e, 0x2e, 0x6e, 0x6e, 0x2e, 0x24, 0x24, 0x24, 0x24, 0x2c, 0x2c, 0x2c, 0x2c, 0x29, 0x6e, 0x6e, 0x30, 0x30, 0x70, 0x70, 0x2f, 0x26, 0x6e, 0x6e, 0x2e,
		0x2e, 0x6e, 0x6e, 0x2e, 0x7c, 0x3c, 0x7c, 0x3c, 0x3c, 0x7c, 0x3c, 0x3c, 0x7c, 0x3c, 0x7c, 0x3c, 0x3c, 0x7c, 0x3c, 0x3c, 0x3c, 0x3c, 0x3c, 0x3c, 0x3c, 0x7c, 0x3c, 0x3c, 0x3c, 0x3c, 0x3c, 0x3c,
		0x00, 0x00, 0x00, 0x00, 0x7c, 0x3c, 0x7c, 0x3c, 0x3c, 0x7c, 0x3c, 0x3c, 0x3c, 0x3c, 0x3c, 0x3c, 0x3c, 0x7c, 0x3c, 0x3c, 0x7c, 0x3c, 0x7c, 0x7c, 0x3c, 0x3c, 0x7c, 0x3c, 0x7c, 0x3c, 0x7c, 0x7c,
		0x3c, 0x3c, 0x7c, 0x3c, 0x7c, 0x3c, 0x3c, 0x7c, 0x3c, 0x3c, 0x3c, 0x3c, 0x3c, 0x3c, 0x3c, 0x3c, 0x3c, 0x3c, 0x00, 0x00, 0x7c, 0x3c, 0x7c, 0x7c, 0x3c, 0x3c, 0x7c, 0x3c, 0x7c, 0x3c, 0x3c, 0x7c,
		0x3c, 0x3c, 0x3c, 0x3c
		},
		{ "US", "TW", NULL }
	},
	{
		{
		0x10, 0x16, 0x18, 0x19, 0x1b, 0x1d, 0x40, 0x46, 0x48, 0x49, 0x4b, 0x4d, 0x30, 0x36, 0x38, 0x39,
		0x3b, 0x3d, 0x00, 0x00, 0x4c, 0x4e, 0x56, 0x58, 0xbd, 0xbf, 0xc9, 0xcd, 0x4c, 0x4e, 0x56, 0x58, 0xbd, 0xbf, 0xc9, 0xcd, 0x4e, 0x50, 0x56, 0x58, 0xbd, 0xbf, 0xc9, 0xcd, 0x4c, 0x52, 0x58, 0x8c,
		0xb4, 0xbd, 0xc3, 0xcd, 0x4c, 0x4e, 0x56, 0x58, 0xbd, 0xbf, 0xc9, 0xcd, 0x4e, 0x50, 0x56, 0x58, 0xbd, 0xbf, 0xc9, 0xcd, 0x4c, 0x58, 0x5c, 0x68, 0x8c, 0x90, 0xb0, 0xb4, 0x4c, 0x58, 0x5c, 0x68,
		0x8c, 0x90, 0xb0, 0xb4, 0x4e, 0x56, 0x5e, 0x66, 0x8e, 0x96, 0xa6, 0xae, 0x52, 0x62, 0x92, 0xa2, 0x00, 0x00, 0x00, 0x00, 0x4c, 0x58, 0x5c, 0x68, 0x8c, 0x90, 0xb0, 0xb4, 0x4e, 0x56, 0x5e, 0x66,
		0x8e, 0x96, 0xa6, 0xae, 0x4c, 0x58, 0x5c, 0x68, 0x8c, 0x8e, 0xbd, 0xcd, 0x4c, 0x58, 0x5c, 0x68, 0x8c, 0x8e, 0xb4, 0xcd, 0x4e, 0x56, 0x5e, 0x66, 0x8e, 0x90, 0xb4, 0xc7, 0x52, 0x62, 0x92, 0xa2,
		0xb2, 0xc3, 0x00, 0x00, 0x4c, 0x58, 0x5c, 0x68, 0x8c, 0x8e, 0xb4, 0xcd, 0x4e, 0x56, 0x5e, 0x66, 0x8e, 0x90, 0xb4, 0xc7, 0x3c, 0x7c, 0x7c, 0x3c, 0x3c, 0x7c, 0x7c, 0x3c, 0x3c, 0x7c, 0x7c, 0x3c,
		0x3c, 0x7c, 0x7c, 0x3c, 0x1c, 0x5c, 0x5c, 0x1c, 0x2e, 0x6e, 0x6e, 0x2e, 0x3c, 0x3c, 0x3c, 0x3c, 0x3c, 0x3c, 0x3c, 0x3c, 0x3c, 0x7c, 0x7c, 0x3c, 0x3c, 0x7c, 0x7c, 0x3c, 0x3c, 0x7c, 0x7c, 0x3c,
		0x3c, 0x7c, 0x7c, 0x3c, 0x7c, 0x3c, 0x7c, 0x3c, 0x3c, 0x7c, 0x3c, 0x3c, 0x7c, 0x3c, 0x7c, 0x3c, 0x3c, 0x7c, 0x3c, 0x3c, 0x3c, 0x3c, 0x3c, 0x3c, 0x3c, 0x7c, 0x3c, 0x3c, 0x3c, 0x3c, 0x3c, 0x3c,
		0x00, 0x00, 0x00, 0x00, 0x7c, 0x3c, 0x7c, 0x3c, 0x3c, 0x7c, 0x3c, 0x3c, 0x3c, 0x3c, 0x3c, 0x3c, 0x3c, 0x7c, 0x3c, 0x3c, 0x5e, 0x5e, 0x5f, 0x5f, 0x2d, 0x6d, 0x6d, 0x2d, 0x5e, 0x5e, 0x5f, 0x5f,
		0x6d, 0x6d, 0x6d, 0x2d, 0x5e, 0x5e, 0x5f, 0x5f, 0x2c, 0x6d, 0x6d, 0x2d, 0x5e, 0x5e, 0x6b, 0x6b, 0x2b, 0x2b, 0x00, 0x00, 0x5e, 0x5e, 0x5f, 0x5f, 0x6d, 0x6d, 0x6d, 0x2d, 0x5e, 0x5e, 0x5f, 0x5f,
		0x2c, 0x6d, 0x6d, 0x2d
		},
		{ "GB", "IL", NULL }
	},
	{
		{
		0x10, 0x16, 0x18, 0x19, 0x1b, 0x1d, 0x40, 0x46, 0x48, 0x49, 0x4b, 0x4d, 0x30, 0x36, 0x38, 0x39,
		0x3b, 0x3d, 0x00, 0x00, 0x4c, 0x4e, 0x56, 0x58, 0xbd, 0xbf, 0xc9, 0xcd, 0x4c, 0x4e, 0x56, 0x58, 0xbd, 0xbf, 0xc9, 0xcd, 0x4e, 0x50, 0x56, 0x58, 0xbd, 0xbf, 0xc9, 0xcd, 0x4c, 0x52, 0x58, 0x8c,
		0xb4, 0xbd, 0xc3, 0xcd, 0x4c, 0x4e, 0x56, 0x58, 0xbd, 0xbf, 0xc9, 0xcd, 0x4e, 0x50, 0x56, 0x58, 0xbd, 0xbf, 0xc9, 0xcd, 0x4c, 0x58, 0x5c, 0x68, 0x8c, 0x90, 0xb0, 0xb4, 0x4c, 0x58, 0x5c, 0x68,
		0x8c, 0x90, 0xb0, 0xb4, 0x4e, 0x56, 0x5e, 0x66, 0x8e, 0x96, 0xa6, 0xae, 0x52, 0x62, 0x92, 0xa2, 0x00, 0x00, 0x00, 0x00, 0x4c, 0x58, 0x5c, 0x68, 0x8c, 0x90, 0xb0, 0xb4, 0x4e, 0x56, 0x5e, 0x66,
		0x8e, 0x96, 0xa6, 0xae, 0x4c, 0x5c, 0x60, 0x8c, 0xb4, 0xb8, 0xbd, 0xcd, 0x4c, 0x5c, 0x60, 0x8c, 0xb4, 0xb8, 0xbd, 0xcd, 0x4e, 0x5e, 0x66, 0x8e, 0xae, 0xb6, 0xbf, 0xc7, 0x52, 0x62, 0x92, 0xa2,
		0xb2, 0xc3, 0x00, 0x00, 0x4c, 0x5c, 0x60, 0x8c, 0xb4, 0xb8, 0xbd, 0xcd, 0x4e, 0x5e, 0x66, 0x8e, 0xae, 0xb6, 0xbf, 0xc7, 0x15, 0x55, 0x55, 0x15, 0x30, 0x70, 0x70, 0x2f, 0x16, 0x56, 0x56, 0x15,
		0x30, 0x70, 0x70, 0x2f, 0x1c, 0x5c, 0x5c, 0x1c, 0x2e, 0x6e, 0x6e, 0x2e, 0x1e, 0x1e, 0x1e, 0x1e, 0x2c, 0x2c, 0x2c, 0x2c, 0x16, 0x56, 0x56, 0x15, 0x30, 0x70, 0x70, 0x2f, 0x1c, 0x5c, 0x5c, 0x1c,
		0x2e, 0x6e, 0x6e, 0x2e, 0x7c, 0x3c, 0x7c, 0x3c, 0x3c, 0x7c, 0x3c, 0x3c, 0x7c, 0x3c, 0x7c, 0x3c, 0x3c, 0x7c, 0x3c, 0x3c, 0x3c, 0x3c, 0x3c, 0x3c, 0x3c, 0x7c, 0x3c, 0x3c, 0x3c, 0x3c, 0x3c, 0x3c,
		0x00, 0x00, 0x00, 0x00, 0x7c, 0x3c, 0x7c, 0x3c, 0x3c, 0x7c, 0x3c, 0x3c, 0x3c, 0x3c, 0x3c, 0x3c, 0x3c, 0x7c, 0x3c, 0x3c, 0x7c, 0x3c, 0x7c, 0x7c, 0x3c, 0x3c, 0x7c, 0x3c, 0x7c, 0x3c, 0x7c, 0x7c,
		0x3c, 0x3c, 0x7c, 0x3c, 0x7c, 0x3c, 0x3c, 0x7c, 0x3c, 0x3c, 0x3c, 0x3c, 0x3c, 0x3c, 0x3c, 0x3c, 0x3c, 0x3c, 0x00, 0x00, 0x7c, 0x3c, 0x7c, 0x7c, 0x3c, 0x3c, 0x7c, 0x3c, 0x7c, 0x3c, 0x3c, 0x7c,
		0x3c, 0x3c, 0x3c, 0x3c
		},
		{ "CA", NULL }
	},
	{
		{
		0x10, 0x16, 0x18, 0x19, 0x1b, 0x1d, 0x40, 0x46, 0x48, 0x49, 0x4b, 0x4d, 0x30, 0x36, 0x38, 0x39,
		0x3b, 0x3d, 0x00, 0x00, 0x4c, 0x58, 0x5c, 0x68, 0x8c, 0x8e, 0xbd, 0xcd, 0x4c, 0x58, 0x5c, 0x68, 0x8c, 0x8e, 0xbd, 0xcd, 0x4e, 0x56, 0x5e, 0x66, 0x8e, 0x90, 0xbd, 0xc7, 0x52, 0x62, 0x92, 0xa2,
		0xbd, 0xc3, 0x00, 0x00, 0x4c, 0x58, 0x5c, 0x68, 0x8c, 0x8e, 0xbd, 0xcd, 0x4e, 0x56, 0x5e, 0x66, 0x8e, 0x90, 0xbd, 0xc7, 0x4c, 0x58, 0x5c, 0x68, 0x8c, 0x90, 0xb0, 0xb4, 0x4c, 0x58, 0x5c, 0x68,
		0x8c, 0x90, 0xb0, 0xb4, 0x4e, 0x56, 0x5e, 0x66, 0x8e, 0x96, 0xa6, 0xae, 0x52, 0x62, 0x92, 0xa2, 0x00, 0x00, 0x00, 0x00, 0x4c, 0x58, 0x5c, 0x68, 0x8c, 0x90, 0xb0, 0xb4, 0x4e, 0x56, 0x5e, 0x66,
		0x8e, 0x96, 0xa6, 0xae, 0x4c, 0x5c, 0x60, 0x8c, 0xb4, 0xb8, 0xbd, 0xcd, 0x4c, 0x5c, 0x60, 0x8c, 0xb4, 0xb8, 0xbd, 0xcd, 0x4e, 0x5e, 0x66, 0x8e, 0xae, 0xb6, 0xbf, 0xc7, 0x52, 0x62, 0x92, 0xa2,
		0xb2, 0xc3, 0x00, 0x00, 0x4c, 0x5c, 0x60, 0x8c, 0xb4, 0xb8, 0xbd, 0xcd, 0x4e, 0x5e, 0x66, 0x8e, 0xae, 0xb6, 0xbf, 0xc7, 0x5e, 0x5e, 0x5f, 0x5f, 0x2d, 0x6d, 0x70, 0x2f, 0x5e, 0x5e, 0x5f, 0x5f,
		0x6d, 0x6d, 0x70, 0x2f, 0x5e, 0x5e, 0x5f, 0x5f, 0x2c, 0x6d, 0x6e, 0x2e, 0x5e, 0x5e, 0x6b, 0x6b, 0x6b, 0x6c, 0x00, 0x00, 0x5e, 0x5e, 0x5f, 0x5f, 0x6d, 0x6d, 0x70, 0x2f, 0x5e, 0x5e, 0x5f, 0x5f,
		0x2c, 0x6d, 0x6e, 0x2e, 0x7c, 0x3c, 0x7c, 0x3c, 0x3c, 0x7c, 0x3c, 0x3c, 0x7c, 0x3c, 0x7c, 0x3c, 0x3c, 0x7c, 0x3c, 0x3c, 0x3c, 0x3c, 0x3c, 0x3c, 0x3c, 0x7c, 0x3c, 0x3c, 0x3c, 0x3c, 0x3c, 0x3c,
		0x00, 0x00, 0x00, 0x00, 0x7c, 0x3c, 0x7c, 0x3c, 0x3c, 0x7c, 0x3c, 0x3c, 0x3c, 0x3c, 0x3c, 0x3c, 0x3c, 0x7c, 0x3c, 0x3c, 0x7c, 0x3c, 0x7c, 0x7c, 0x3c, 0x3c, 0x7c, 0x3c, 0x7c, 0x3c, 0x7c, 0x7c,
		0x3c, 0x3c, 0x7c, 0x3c, 0x7c, 0x3c, 0x3c, 0x7c, 0x3c, 0x3c, 0x3c, 0x3c, 0x3c, 0x3c, 0x3c, 0x3c, 0x3c, 0x3c, 0x00, 0x00, 0x7c, 0x3c, 0x7c, 0x7c, 0x3c, 0x3c, 0x7c, 0x3c, 0x7c, 0x3c, 0x3c, 0x7c,
		0x3c, 0x3c, 0x3c, 0x3c
		},
		{ "AU", NULL }
	},
	{
		{
		0x10, 0x16, 0x18, 0x19, 0x1b, 0x1d, 0x40, 0x46, 0x48, 0x49, 0x4b, 0x4d, 0x30, 0x36, 0x38, 0x39,
		0x3b, 0x3d, 0x00, 0x00, 0x4c, 0x4e, 0x56, 0x58, 0xbd, 0xbf, 0xc9, 0xcd, 0x4c, 0x4e, 0x56, 0x58, 0xbd, 0xbf, 0xc9, 0xcd, 0x4e, 0x50, 0x56, 0x58, 0xbd, 0xbf, 0xc9, 0xcd, 0x4c, 0x52, 0x58, 0x8c,
		0xb4, 0xbd, 0xc3, 0xcd, 0x4c, 0x4e, 0x56, 0x58, 0xbd, 0xbf, 0xc9, 0xcd, 0x4e, 0x50, 0x56, 0x58, 0xbd, 0xbf, 0xc9, 0xcd, 0x4c, 0x58, 0x5c, 0x68, 0x8c, 0x90, 0xb0, 0xb4, 0x4c, 0x58, 0x5c, 0x68,
		0x8c, 0x90, 0xb0, 0xb4, 0x4e, 0x56, 0x5e, 0x66, 0x8e, 0x96, 0xa6, 0xae, 0x52, 0x62, 0x92, 0xa2, 0x00, 0x00, 0x00, 0x00, 0x4c, 0x58, 0x5c, 0x68, 0x8c, 0x90, 0xb0, 0xb4, 0x4e, 0x56, 0x5e, 0x66,
		0x8e, 0x96, 0xa6, 0xae, 0x4c, 0x5c, 0x60, 0x8c, 0xb4, 0xb8, 0xbd, 0xcd, 0x4c, 0x5c, 0x60, 0x8c, 0xb4, 0xb8, 0xbd, 0xcd, 0x4e, 0x5e, 0x66, 0x8e, 0xae, 0xb6, 0xbf, 0xc7, 0x52, 0x62, 0x92, 0xa2,
		0xb2, 0xc3, 0x00, 0x00, 0x4c, 0x5c, 0x60, 0x8c, 0xb4, 0xb8, 0xbd, 0xcd, 0x4e, 0x5e, 0x66, 0x8e, 0xae, 0xb6, 0xbf, 0xc7, 0x2b, 0x6b, 0x6b, 0x2b, 0x6b, 0x6b, 0x6b, 0x2a, 0x2a, 0x6a, 0x6a, 0x2a,
		0x6a, 0x6a, 0x6a, 0x6a, 0x2a, 0x6a, 0x6a, 0x2a, 0x6a, 0x6a, 0x6a, 0x6a, 0x27, 0x67, 0x67, 0x27, 0x67, 0x67, 0x67, 0x67, 0x2a, 0x6a, 0x6a, 0x2a, 0x6a, 0x6a, 0x6a, 0x6a, 0x2a, 0x6a, 0x6a, 0x2a,
		0x6a, 0x6a, 0x6a, 0x6a, 0x7c, 0x3c, 0x7c, 0x3c, 0x3c, 0x7c, 0x3c, 0x3c, 0x7c, 0x3c, 0x7c, 0x3c, 0x3c, 0x7c, 0x3c, 0x3c, 0x3c, 0x3c, 0x3c, 0x3c, 0x3c, 0x7c, 0x3c, 0x3c, 0x3c, 0x3c, 0x3c, 0x3c,
		0x00, 0x00, 0x00, 0x00, 0x7c, 0x3c, 0x7c, 0x3c, 0x3c, 0x7c, 0x3c, 0x3c, 0x3c, 0x3c, 0x3c, 0x3c, 0x3c, 0x7c, 0x3c, 0x3c, 0x7c, 0x3c, 0x7c, 0x7c, 0x3c, 0x3c, 0x7c, 0x3c, 0x7c, 0x3c, 0x7c, 0x7c,
		0x3c, 0x3c, 0x7c, 0x3c, 0x7c, 0x3c, 0x3c, 0x7c, 0x3c, 0x3c, 0x3c, 0x3c, 0x3c, 0x3c, 0x3c, 0x3c, 0x3c, 0x3c, 0x00, 0x00, 0x7c, 0x3c, 0x7c, 0x7c, 0x3c, 0x3c, 0x7c, 0x3c, 0x7c, 0x3c, 0x3c, 0x7c,
		0x3c, 0x3c, 0x3c, 0x3c
		},
		{ "CN", NULL }
	},
	{
		{
		0x10, 0x16, 0x18, 0x19, 0x1b, 0x1d, 0x40, 0x46, 0x48, 0x49, 0x4b, 0x4d, 0x30, 0x36, 0x38, 0x39,
		0x3b, 0x3d, 0x00, 0x00, 0x4c, 0x4e, 0x56, 0x58, 0xbd, 0xbf, 0xc9, 0xcd, 0x4c, 0x4e, 0x56, 0x58, 0xbd, 0xbf, 0xc9, 0xcd, 0x4e, 0x50, 0x56, 0x58, 0xbd, 0xbf, 0xc9, 0xcd, 0x4c, 0x52, 0x58, 0x8c,
		0xb4, 0xbd, 0xc3, 0xcd, 0x4c, 0x4e, 0x56, 0x58, 0xbd, 0xbf, 0xc9, 0xcd, 0x4e, 0x50, 0x56, 0x58, 0xbd, 0xbf, 0xc9, 0xcd, 0x4c, 0x58, 0x5c, 0x68, 0x8c, 0x90, 0xb0, 0xb4, 0x4c, 0x58, 0x5c, 0x68,
		0x8c, 0x90, 0xb0, 0xb4, 0x4e, 0x56, 0x5e, 0x66, 0x8e, 0x96, 0xa6, 0xae, 0x52, 0x62, 0x92, 0xa2, 0x00, 0x00, 0x00, 0x00, 0x4c, 0x58, 0x5c, 0x68, 0x8c, 0x90, 0xb0, 0xb4, 0x4e, 0x56, 0x5e, 0x66,
		0x8e, 0x96, 0xa6, 0xae, 0x4c, 0x5c, 0x60, 0x8c, 0xb4, 0xb8, 0xbd, 0xcd, 0x4c, 0x5c, 0x60, 0x8c, 0xb4, 0xb8, 0xbd, 0xcd, 0x4e, 0x5e, 0x66, 0x8e, 0xae, 0xb6, 0xbf, 0xc7, 0x52, 0x62, 0x92, 0xa2,
		0xb2, 0xc3, 0x00, 0x00, 0x4c, 0x5c, 0x60, 0x8c, 0xb4, 0xb8, 0xbd, 0xcd, 0x4e, 0x5e, 0x66, 0x8e, 0xae, 0xb6, 0xbf, 0xc7, 0x3c, 0x7c, 0x7c, 0x3c, 0x7c, 0x7c, 0x7c, 0x3c, 0x3c, 0x7c, 0x7c, 0x3c,
		0x7c, 0x7c, 0x7c, 0x7c, 0x3c, 0x7c, 0x7c, 0x3c, 0x7c, 0x7c, 0x7c, 0x7c, 0x3c, 0x7c, 0x7c, 0x3c, 0x7c, 0x7c, 0x7c, 0x7c, 0x3c, 0x7c, 0x7c, 0x3c, 0x7c, 0x7c, 0x7c, 0x7c, 0x3c, 0x7c, 0x7c, 0x3c,
		0x7c, 0x7c, 0x7c, 0x7c, 0x7c, 0x3c, 0x7c, 0x3c, 0x3c, 0x7c, 0x3c, 0x3c, 0x7c, 0x3c, 0x7c, 0x3c, 0x3c, 0x7c, 0x3c, 0x3c, 0x3c, 0x3c, 0x3c, 0x3c, 0x3c, 0x7c, 0x3c, 0x3c, 0x3c, 0x3c, 0x3c, 0x3c,
		0x00, 0x00, 0x00, 0x00, 0x7c, 0x3c, 0x7c, 0x3c, 0x3c, 0x7c, 0x3c, 0x3c, 0x3c, 0x3c, 0x3c, 0x3c, 0x3c, 0x7c, 0x3c, 0x3c, 0x7c, 0x3c, 0x7c, 0x7c, 0x3c, 0x3c, 0x7c, 0x3c, 0x7c, 0x3c, 0x7c, 0x7c,
		0x3c, 0x3c, 0x7c, 0x3c, 0x7c, 0x3c, 0x3c, 0x7c, 0x3c, 0x3c, 0x3c, 0x3c, 0x3c, 0x3c, 0x3c, 0x3c, 0x3c, 0x3c, 0x00, 0x00, 0x7c, 0x3c, 0x7c, 0x7c, 0x3c, 0x3c, 0x7c, 0x3c, 0x7c, 0x3c, 0x3c, 0x7c,
		0x3c, 0x3c, 0x3c, 0x3c
		},
		{ "CN5", NULL }/* for CN SKU use fake power table */
	},
	{
		{
		0x10, 0x16, 0x18, 0x19, 0x1b, 0x1d, 0x40, 0x46, 0x48, 0x49, 0x4b, 0x4d, 0x30, 0x36, 0x38, 0x39,
		0x3b, 0x3d, 0x00, 0x00, 0x4c, 0x4e, 0x56, 0x58, 0xbd, 0xbf, 0xc9, 0xcd, 0x4c, 0x4e, 0x56, 0x58, 0xbd, 0xbf, 0xc9, 0xcd, 0x4e, 0x50, 0x56, 0x58, 0xbd, 0xbf, 0xc9, 0xcd, 0x4c, 0x52, 0x58, 0x8c,
		0xb4, 0xbd, 0xc3, 0xcd, 0x4c, 0x4e, 0x56, 0x58, 0xbd, 0xbf, 0xc9, 0xcd, 0x4e, 0x50, 0x56, 0x58, 0xbd, 0xbf, 0xc9, 0xcd, 0x4c, 0x58, 0x5c, 0x68, 0x8c, 0x90, 0xb0, 0xb4, 0x4c, 0x58, 0x5c, 0x68,
		0x8c, 0x90, 0xb0, 0xb4, 0x4e, 0x56, 0x5e, 0x66, 0x8e, 0x96, 0xa6, 0xae, 0x52, 0x62, 0x92, 0xa2, 0x00, 0x00, 0x00, 0x00, 0x4c, 0x58, 0x5c, 0x68, 0x8c, 0x90, 0xb0, 0xb4, 0x4e, 0x56, 0x5e, 0x66,
		0x8e, 0x96, 0xa6, 0xae, 0x4c, 0x58, 0x5c, 0x68, 0x8c, 0xa0, 0xb4, 0xcd, 0x4c, 0x58, 0x5c, 0x5e, 0x8c, 0xa0, 0xb4, 0xcd, 0x4e, 0x56, 0x5e, 0x66, 0x8e, 0x90, 0xb4, 0xc7, 0x52, 0x62, 0x92, 0xa2,
		0xb2, 0xc3, 0x00, 0x00, 0x4c, 0x58, 0x5c, 0x5e, 0x8c, 0xa0, 0xb4, 0xcd, 0x4e, 0x56, 0x5e, 0x66, 0x8e, 0x90, 0xb4, 0xc7, 0x3c, 0x7c, 0x7c, 0x3c, 0x3c, 0x7c, 0x7c, 0x3c, 0x3c, 0x7c, 0x7c, 0x3c,
		0x3c, 0x7c, 0x7c, 0x3c, 0x1c, 0x5c, 0x5c, 0x1c, 0x2e, 0x6e, 0x6e, 0x2e, 0x3c, 0x3c, 0x3c, 0x3c, 0x3c, 0x3c, 0x3c, 0x3c, 0x3c, 0x7c, 0x7c, 0x3c, 0x3c, 0x7c, 0x7c, 0x3c, 0x3c, 0x7c, 0x7c, 0x3c,
		0x3c, 0x7c, 0x7c, 0x3c, 0x5a, 0x5a, 0x59, 0x59, 0x62, 0x62, 0x62, 0x62, 0x5a, 0x5a, 0x5b, 0x5b, 0x61, 0x61, 0x61, 0x61, 0x58, 0x58, 0x58, 0x58, 0x61, 0x61, 0x61, 0x61, 0x51, 0x52, 0x60, 0x60,
		0x00, 0x00, 0x00, 0x00, 0x5a, 0x5a, 0x5b, 0x5b, 0x61, 0x61, 0x61, 0x61, 0x58, 0x58, 0x58, 0x58, 0x61, 0x61, 0x61, 0x61, 0x7c, 0x7c, 0x7c, 0x3c, 0x7c, 0x7c, 0x7c, 0x3c, 0x7c, 0x7c, 0x3c, 0x7c,
		0x7c, 0x7c, 0x7c, 0x3c, 0x7c, 0x7c, 0x7c, 0x7c, 0x7c, 0x7c, 0x7c, 0x3c, 0x7c, 0x7c, 0x7c, 0x7c, 0x3c, 0x3c, 0x3c, 0x3c, 0x7c, 0x7c, 0x3c, 0x7c, 0x7c, 0x7c, 0x7c, 0x3c, 0x7c, 0x7c, 0x7c, 0x7c,
		0x7c, 0x7c, 0x7c, 0x3c
		},
		{ "JP", NULL }
	},
	{
		{
		0x10, 0x16, 0x18, 0x19, 0x1b, 0x1d, 0x40, 0x46, 0x48, 0x49, 0x4b, 0x4d, 0x30, 0x36, 0x38, 0x39,
		0x3b, 0x3d, 0x00, 0x00, 0x4c, 0x4e, 0x56, 0x58, 0xbd, 0xbf, 0xc9, 0xcd, 0x4c, 0x4e, 0x56, 0x58, 0xbd, 0xbf, 0xc9, 0xcd, 0x4e, 0x50, 0x56, 0x58, 0xbd, 0xbf, 0xc9, 0xcd, 0x4c, 0x52, 0x58, 0x8c,
		0xb4, 0xbd, 0xc3, 0xcd, 0x4c, 0x4e, 0x56, 0x58, 0xbd, 0xbf, 0xc9, 0xcd, 0x4e, 0x50, 0x56, 0x58, 0xbd, 0xbf, 0xc9, 0xcd, 0x4c, 0x58, 0x5c, 0x68, 0x8c, 0x90, 0xb0, 0xb4, 0x4c, 0x58, 0x5c, 0x68,
		0x8c, 0x90, 0xb0, 0xb4, 0x4e, 0x56, 0x5e, 0x66, 0x8e, 0x96, 0xa6, 0xae, 0x52, 0x62, 0x92, 0xa2, 0x00, 0x00, 0x00, 0x00, 0x4c, 0x58, 0x5c, 0x68, 0x8c, 0x90, 0xb0, 0xb4, 0x4e, 0x56, 0x5e, 0x66,
		0x8e, 0x96, 0xa6, 0xae, 0x4c, 0x58, 0x5c, 0x68, 0x8c, 0x8e, 0xbd, 0xcd, 0x4c, 0x58, 0x5c, 0x68, 0x8c, 0x8e, 0xb4, 0xcd, 0x4e, 0x56, 0x5e, 0x66, 0x8e, 0x90, 0xb4, 0xc7, 0x52, 0x62, 0x92, 0xa2,
		0xb2, 0xc3, 0x00, 0x00, 0x4c, 0x58, 0x5c, 0x68, 0x8c, 0x8e, 0xb4, 0xcd, 0x4e, 0x56, 0x5e, 0x66, 0x8e, 0x90, 0xb4, 0xc7, 0x3c, 0x7c, 0x7c, 0x3c, 0x3c, 0x7c, 0x7c, 0x3c, 0x3c, 0x7c, 0x7c, 0x3c,
		0x3c, 0x7c, 0x7c, 0x3c, 0x3c, 0x7c, 0x7c, 0x3c, 0x3c, 0x7c, 0x7c, 0x3c, 0x3c, 0x3c, 0x3c, 0x3c, 0x3c, 0x3c, 0x3c, 0x3c, 0x3c, 0x7c, 0x7c, 0x3c, 0x3c, 0x7c, 0x7c, 0x3c, 0x3c, 0x7c, 0x7c, 0x3c,
		0x3c, 0x7c, 0x7c, 0x3c, 0x7c, 0x3c, 0x7c, 0x3c, 0x3c, 0x7c, 0x3c, 0x3c, 0x7c, 0x3c, 0x7c, 0x3c, 0x3c, 0x7c, 0x3c, 0x3c, 0x3c, 0x3c, 0x3c, 0x3c, 0x3c, 0x7c, 0x3c, 0x3c, 0x3c, 0x3c, 0x3c, 0x3c,
		0x00, 0x00, 0x00, 0x00, 0x7c, 0x3c, 0x7c, 0x3c, 0x3c, 0x7c, 0x3c, 0x3c, 0x3c, 0x3c, 0x3c, 0x3c, 0x3c, 0x7c, 0x3c, 0x3c, 0x5f, 0x13, 0x5f, 0x5f, 0x5f, 0x5f, 0x5f, 0x1f, 0x60, 0x13, 0x5f, 0x5f,
		0x5f, 0x5f, 0x5f, 0x1f, 0x5f, 0x18, 0x5e, 0x5e, 0x5e, 0x5e, 0x5e, 0x1e, 0x5e, 0x5e, 0x5e, 0x5e, 0x5e, 0x5e, 0x5e, 0x1e, 0x60, 0x13, 0x5f, 0x5f, 0x5f, 0x5f, 0x5f, 0x1f, 0x5f, 0x18, 0x5e, 0x5e,
		0x5e, 0x5e, 0x5e, 0x1e
		},
		{ "KR", NULL }
	},
};

#elif defined(RTCONFIG_WIFI_QCA9990_QCA9990) || \
      defined(RTCONFIG_WIFI_QCA9994_QCA9994) || \
      defined(RTCONFIG_WIFI_QCN5024_QCN5054) || \
      defined(RTCONFIG_PCIE_QCA9888) || \
      defined(RTCONFIG_QCA_AXCHIP) || \
      defined(RTCONFIG_SOC_IPQ40XX) || \
      defined(BD_5G_PREFIX) && (defined(RTCONFIG_QCA953X) || \
				defined(RTCONFIG_SOC_QCA9557) || \
				defined(RTCONFIG_QCA956X) || \
				defined(RTCONFIG_QCN550X))
/* QCA99xx read boardlimit power and CTL from boardData... file.
 * We read it directly from binary blob in *.obj instead.
 * Because address of binary blob in *.obj is not decides statically,
 * we can't create country <-> binary blob mapping table at compile-time.
 */
// Below symbols are created by ld at run-time when it embedded $(BUILD_NAME)/*.bin into $(BUILD_NAME)/*.obj
/* Basica rule is:
 * 1. Replace special character of filename, e.g. period ".", to understrike "_".
 * 2. prefix "_binary_"
 * 3. postfix "_start", "_end", and "_size",
 * I don't hope boarddata, WiFi chip model name, band, and country information leave in symbols of *.obj.
 * So, rename it based below naming rule, please.
 * blob_BAND_ID.bin
 * 	BAND:
 * 		0: 2G
 * 		1: 5G
 * 	ID:
 * 		00: DB
 * 		01: TW
 * 		02: US
 * 	 otherwise: TBD
 */
#if defined(RTAC58U)
extern const unsigned char _binary_hydra_2g_bin_start[], _binary_hydra_2g_bin_end[],
	_binary_hydra_5g_bin_start[], _binary_hydra_5g_bin_end[];
#endif
extern const unsigned char _binary_blob_000_bin_start[], _binary_blob_000_bin_end[],
	_binary_blob_001_bin_start[], _binary_blob_001_bin_end[],
	_binary_blob_002_bin_start[], _binary_blob_002_bin_end[],
	_binary_blob_003_bin_start[], _binary_blob_003_bin_end[],
	_binary_blob_003_1_bin_start[], _binary_blob_003_1_bin_end[],
	_binary_blob_004_bin_start[], _binary_blob_004_bin_end[],
	_binary_blob_005_bin_start[], _binary_blob_005_bin_end[],
	_binary_blob_006_bin_start[], _binary_blob_006_bin_end[],
	_binary_blob_007_bin_start[], _binary_blob_007_bin_end[];
extern const unsigned char _binary_blob_100_bin_start[], _binary_blob_100_bin_end[],
	_binary_blob_101_bin_start[], _binary_blob_101_bin_end[],
	_binary_blob_102_bin_start[], _binary_blob_102_bin_end[],
	_binary_blob_103_bin_start[], _binary_blob_103_bin_end[],
	_binary_blob_103_1_bin_start[], _binary_blob_103_1_bin_end[],
	_binary_blob_104_bin_start[], _binary_blob_104_bin_end[],
	_binary_blob_105_bin_start[], _binary_blob_105_bin_end[],
	_binary_blob_106_bin_start[], _binary_blob_106_bin_end[],
	_binary_blob_107_bin_start[], _binary_blob_107_bin_end[];
#if defined(BD_5G2_PREFIX)
extern const unsigned char _binary_blob_200_bin_start[], _binary_blob_200_bin_end[],
	_binary_blob_201_bin_start[], _binary_blob_201_bin_end[],
	_binary_blob_202_bin_start[], _binary_blob_202_bin_end[],
	_binary_blob_203_bin_start[], _binary_blob_203_bin_end[],
	_binary_blob_204_bin_start[], _binary_blob_204_bin_end[],
	_binary_blob_205_bin_start[], _binary_blob_205_bin_end[],
	_binary_blob_206_bin_start[], _binary_blob_206_bin_end[],
	_binary_blob_207_bin_start[], _binary_blob_207_bin_end[];
#endif
#if defined(RTAC59U)
static table_2 ctl_2g_table[]=
{
	{
		{
		0x11, 0x12, 0x15, 0x17, 0x41, 0x42, 0x45, 0x47, 0x31, 0x32, 0x35, 0x37, 0x70, 0x75, 0xac, 0xb8, 0x70,
		0x75, 0xac, 0xb8, 0x70, 0x75, 0xac, 0xb8, 0x70, 0x75, 0xac, 0xb8, 0x70, 0x75, 0xac, 0xb8, 0x70, 0x75, 0xac, 0xb8, 0x70, 0x75, 0xac, 0xb8, 0x70, 0x75, 0xac, 0xb8, 0x70, 0x75, 0xac, 0xb8, 0x70,
		0x75, 0xac, 0xb8, 0x70, 0x75, 0xac, 0xb8, 0x70, 0x75, 0xac, 0xb8, 0x2a, 0x6a, 0x2a, 0x6a, 0x2a, 0x6a, 0x2a, 0x6a, 0x2a, 0x6a, 0x2a, 0x6a, 0x2a, 0x6a, 0x2a, 0x6a, 0x2a, 0x6a, 0x2a, 0x6a, 0x2a,
		0x6a, 0x2a, 0x6a, 0x2a, 0x6a, 0x2a, 0x6a, 0x2a, 0x6a, 0x2a, 0x6a, 0x2a, 0x6a, 0x2a, 0x6a, 0x2a, 0x6a, 0x2a, 0x6a, 0x2a, 0x6a, 0x2a, 0x6a, 0x2a, 0x6a, 0x2a, 0x6a,
		},
		{ "DB", NULL }
	},
	{
		{
		0x11, 0x12, 0x15, 0x17, 0x41, 0x42, 0x45, 0x47, 0x31, 0x32, 0x35, 0x37, 0x70, 0x75, 0xac, 0xb8, 0x70,
		0x75, 0xac, 0xb8, 0x70, 0x75, 0xac, 0xb8, 0x70, 0x75, 0xac, 0xb8, 0x70, 0x75, 0xac, 0xb8, 0x70, 0x75, 0xac, 0xb8, 0x70, 0x75, 0xac, 0xb8, 0x70, 0x75, 0xac, 0xb8, 0x70, 0x75, 0xac, 0xb8, 0x70,
		0x75, 0xac, 0xb8, 0x70, 0x75, 0xac, 0xb8, 0x70, 0x75, 0xac, 0xb8, 0x3c, 0x7c, 0x3c, 0x7c, 0x3c, 0x7c, 0x3c, 0x7c, 0x3c, 0x7c, 0x3c, 0x7c, 0x3c, 0x7c, 0x3c, 0x7c, 0x3c, 0x7c, 0x3c, 0x7c, 0x3c,
		0x7c, 0x3c, 0x7c, 0x3c, 0x7c, 0x3c, 0x7c, 0x3c, 0x7c, 0x3c, 0x7c, 0x14, 0x54, 0x14, 0x54, 0x16, 0x56, 0x16, 0x56, 0x16, 0x56, 0x16, 0x56, 0x16, 0x56, 0x16, 0x56,
		},
		{ "GB", "BZ", "BY", "IL", NULL }
	},
	{
		{
		0x11, 0x12, 0x15, 0x17, 0x41, 0x42, 0x45, 0x47, 0x31, 0x32, 0x35, 0x37, 0x70, 0x75, 0xac, 0xb8, 0x70,
		0x75, 0xac, 0xb8, 0x70, 0x75, 0xac, 0xb8, 0x70, 0x75, 0xac, 0xb8, 0x70, 0x75, 0xac, 0xb8, 0x70, 0x75, 0xac, 0xb8, 0x70, 0x75, 0xac, 0xb8, 0x70, 0x75, 0xac, 0xb8, 0x70, 0x75, 0xac, 0xb8, 0x70,
		0x75, 0xac, 0xb8, 0x70, 0x75, 0xac, 0xb8, 0x70, 0x75, 0xac, 0xb8, 0x3c, 0x7c, 0x3c, 0x7c, 0x3c, 0x7c, 0x3c, 0x7c, 0x3c, 0x7c, 0x3c, 0x7c, 0x3c, 0x7c, 0x3c, 0x7c, 0x16, 0x56, 0x16, 0x56, 0x19,
		0x59, 0x19, 0x59, 0x1b, 0x5b, 0x1b, 0x5b, 0x19, 0x59, 0x19, 0x59, 0x14, 0x54, 0x14, 0x54, 0x16, 0x56, 0x16, 0x56, 0x16, 0x56, 0x16, 0x56, 0x16, 0x56, 0x16, 0x56,
		},
		{ "JP", NULL }
	},
	{
		{
		0x11, 0x12, 0x15, 0x17, 0x41, 0x42, 0x45, 0x47, 0x31, 0x32, 0x35, 0x37, 0x70, 0x75, 0xa2, 0xb8, 0x70,
		0x75, 0xa2, 0xb8, 0x70, 0x75, 0xa2, 0xb8, 0x70, 0x75, 0x98, 0xb8, 0x70, 0x75, 0xac, 0xb8, 0x70, 0x75, 0xac, 0xb8, 0x70, 0x75, 0xac, 0xb8, 0x70, 0x75, 0xac, 0xb8, 0x70, 0x75, 0xac, 0xb8, 0x70,
		0x75, 0xac, 0xb8, 0x70, 0x75, 0xac, 0xb8, 0x70, 0x75, 0xac, 0xb8, 0x1d, 0x5d, 0x21, 0x61, 0x19, 0x67, 0x17, 0x57, 0x14, 0x6a, 0x14, 0x54, 0x0f, 0x59, 0x0f, 0x4f, 0x16, 0x56, 0x16, 0x56, 0x19,
		0x59, 0x19, 0x59, 0x1b, 0x5b, 0x1b, 0x5b, 0x19, 0x59, 0x19, 0x59, 0x14, 0x54, 0x14, 0x54, 0x16, 0x56, 0x16, 0x56, 0x16, 0x56, 0x16, 0x56, 0x16, 0x56, 0x16, 0x56,
		},
		{ "TW", "US", "CA", NULL }
	},
	{
		{
		0x11, 0x12, 0x15, 0x17, 0x41, 0x42, 0x45, 0x47, 0x31, 0x32, 0x35, 0x37, 0x70, 0x75, 0xa2, 0xb8, 0x70,
		0x75, 0xa2, 0xb8, 0x70, 0x75, 0xa2, 0xb8, 0x70, 0x75, 0xa2, 0xb8, 0x70, 0x75, 0xac, 0xb8, 0x70, 0x75, 0xac, 0xb8, 0x70, 0x75, 0xac, 0xb8, 0x70, 0x75, 0xac, 0xb8, 0x70, 0x75, 0xac, 0xb8, 0x70,
		0x75, 0xac, 0xb8, 0x70, 0x75, 0xac, 0xb8, 0x70, 0x75, 0xac, 0xb8, 0x0a, 0x4a, 0x0a, 0x4a, 0x0a, 0x4a, 0x0a, 0x4a, 0x0a, 0x4a, 0x0a, 0x4a, 0x06, 0x46, 0x06, 0x46, 0x0a, 0x4a, 0x0a, 0x4a, 0x0a,
		0x4a, 0x0a, 0x4a, 0x0a, 0x4a, 0x0a, 0x4a, 0x06, 0x46, 0x06, 0x46, 0x0a, 0x4a, 0x0a, 0x4a, 0x0a, 0x4a, 0x0a, 0x4a, 0x0a, 0x4a, 0x0a, 0x4a, 0x06, 0x46, 0x06, 0x46,
		},
		{ "KR", NULL }
	},
	{
		{
		0x11, 0x12, 0x15, 0x17, 0x41, 0x42, 0x45, 0x47, 0x31, 0x32, 0x35, 0x37, 0x70, 0x75, 0xac, 0xb8, 0x70,
		0x75, 0xac, 0xb8, 0x70, 0x8e, 0xac, 0xb8, 0x70, 0x89, 0xa2, 0xb8, 0x70, 0x75, 0xac, 0xb8, 0x70, 0x75, 0xac, 0xb8, 0x70, 0x8e, 0xac, 0xb8, 0x70, 0x89, 0xa2, 0xb8, 0x70, 0x75, 0xac, 0xb8, 0x70,
		0x75, 0xac, 0xb8, 0x70, 0x8e, 0xac, 0xb8, 0x70, 0x89, 0xa2, 0xb8, 0x26, 0x66, 0x26, 0x66, 0x24, 0x64, 0x20, 0x60, 0x23, 0x64, 0x20, 0x60, 0x20, 0x66, 0x20, 0x60, 0x26, 0x66, 0x26, 0x66, 0x24,
		0x64, 0x20, 0x60, 0x23, 0x64, 0x20, 0x60, 0x20, 0x66, 0x20, 0x60, 0x26, 0x66, 0x26, 0x66, 0x24, 0x64, 0x20, 0x60, 0x23, 0x64, 0x20, 0x60, 0x20, 0x66, 0x20, 0x60,
		},
		{ "AU", NULL }
	},
};
#elif defined(RTAC59_CD6R) || defined(RTAC59_CD6N)
static table_2 ctl_2g_table[]=
{
	{
		{
		0x11, 0x12, 0x15, 0x17, 0x41, 0x42, 0x45, 0x47, 0x31, 0x32, 0x35, 0x37, 0x70, 0x75, 0xac, 0xb8, 0x70,
		0x75, 0xac, 0xb8, 0x70, 0x75, 0xac, 0xb8, 0x70, 0x75, 0xac, 0xb8, 0x70, 0x75, 0xac, 0xb8, 0x70, 0x75, 0xac, 0xb8, 0x70, 0x75, 0xac, 0xb8, 0x70, 0x75, 0xac, 0xb8, 0x70, 0x75, 0xac, 0xb8, 0x70,
		0x75, 0xac, 0xb8, 0x70, 0x75, 0xac, 0xb8, 0x70, 0x75, 0xac, 0xb8, 0x12, 0x52, 0x12, 0x52, 0x14, 0x54, 0x14, 0x54, 0x13, 0x53, 0x13, 0x53, 0x13, 0x54, 0x14, 0x54, 0x12, 0x52, 0x12, 0x52, 0x14,
		0x54, 0x14, 0x54, 0x13, 0x53, 0x13, 0x53, 0x13, 0x54, 0x14, 0x54, 0x12, 0x52, 0x12, 0x52, 0x14, 0x54, 0x14, 0x54, 0x13, 0x53, 0x13, 0x53, 0x13, 0x54, 0x14, 0x54,
		},
		{ "GB", NULL }
	},
	{
		{
		0x11, 0x12, 0x15, 0x17, 0x41, 0x42, 0x45, 0x47, 0x31, 0x32, 0x35, 0x37, 0x70, 0x75, 0xa2, 0xb8, 0x70,
		0x89, 0x9d, 0xa2, 0x70, 0x89, 0x9d, 0xa2, 0x70, 0x89, 0x93, 0x98, 0x70, 0x75, 0xa2, 0xb8, 0x70, 0x89, 0x9d, 0xa2, 0x70, 0x89, 0x9d, 0xa2, 0x70, 0x89, 0x93, 0x98, 0x70, 0x75, 0xa2, 0xb8, 0x70,
		0x89, 0x9d, 0xa2, 0x70, 0x89, 0x9d, 0xa2, 0x70, 0x89, 0x93, 0x98, 0x1b, 0x5f, 0x5d, 0x5d, 0x5f, 0x6b, 0x63, 0x5b, 0x60, 0x6b, 0x23, 0x5b, 0x55, 0x5f, 0x5a, 0x56, 0x1b, 0x5f, 0x5d, 0x5d, 0x5f,
		0x6b, 0x63, 0x5b, 0x60, 0x6b, 0x23, 0x5b, 0x55, 0x5f, 0x5a, 0x56, 0x1b, 0x5f, 0x5d, 0x5d, 0x5f, 0x6b, 0x63, 0x5b, 0x60, 0x6b, 0x23, 0x5b, 0x55, 0x5f, 0x5a, 0x56,
		},
		{ "US", NULL }
	},
};
#elif defined(RPAC51)
static table_2 ctl_2g_table[]=
{
	{
		{
		0x11, 0x12, 0x15, 0x17, 0x41, 0x42, 0x45, 0x47, 0x31, 0x32, 
		0x35, 0x37, 0x70, 0x75, 0xac, 0xb8, 0x70, 0x75, 0xac, 0xb8, 0x70, 0x75, 0xac, 0xb8, 0x70, 0x75, 0xac, 0xb8, 0x70, 0x75, 
0xac, 0xb8, 0x70, 0x75, 0xac, 0xb8, 0x70, 0x75, 0xac, 0xb8, 0x70, 0x75, 
		0xac, 0xb8, 0x70, 0x75, 0xac, 0xb8, 0x70, 0x75, 0xac, 0xb8, 0x70, 0x75, 0xac, 0xb8, 0x70, 0x75, 0xac, 0xb8, 0x1c, 0x5c, 0x1c, 0x5c, 0x1d, 0x5d, 0x1d, 0x5d, 0x1e, 0x5e, 0x1e, 0x5e, 0x1e, 0x5e, 
		0x1e, 0x5e, 0x1c, 0x5c, 0x1c, 0x5c, 0x1d, 0x5d, 0x1d, 0x5d, 0x1e, 0x5e, 0x1e, 0x5e, 0x1e, 0x5e, 0x1e, 0x5e, 0x1c, 0x5c, 0x1c, 0x5c, 0x1d, 0x5d, 0x1d, 0x5d, 0x1e, 0x5e, 0x1e, 0x5e, 0x1e, 0x5e,
		0x1e, 0x5e
		},
		{ "CN", NULL }
	},
	{
		{
		0x11, 0x12, 0x15, 0x17, 0x41, 0x42, 0x45, 0x47, 0x31, 0x32, 
		0x35, 0x37, 0x70, 0x75, 0xac, 0xb8, 0x70, 0x75, 0xac, 0xb8, 0x70, 0x75, 0xac, 0xb8, 0x70, 0x75, 0xac, 0xb8, 0x70, 0x75, 
0xac, 0xb8, 0x70, 0x75, 0xac, 0xb8, 0x70, 0x75, 0xac, 0xb8, 0x70, 0x75, 
		0xac, 0xb8, 0x70, 0x75, 0xac, 0xb8, 0x70, 0x75, 0xac, 0xb8, 0x70, 0x75, 0xac, 0xb8, 0x70, 0x75, 0xac, 0xb8, 0x1c, 0x5c, 0x1c, 0x5c, 0x1d, 0x5d, 0x1d, 0x5d, 0x1d, 0x5d, 0x1d, 0x5d, 0x1d, 0x5d, 
		0x1d, 0x5d, 0x1c, 0x5c, 0x1c, 0x5c, 0x1d, 0x5d, 0x1d, 0x5d, 0x1d, 0x5d, 0x1d, 0x5d, 0x1d, 0x5d, 0x1d, 0x5d, 0x1c, 0x5c, 0x1c, 0x5c, 0x1d, 0x5d, 0x1d, 0x5d, 0x1d, 0x5d, 0x1d, 0x5d, 0x1d, 0x5d,
		0x1d, 0x5d
		},
		{ "GB", NULL }
	},
	{
		{
		0x11, 0x12, 0x15, 0x17, 0x41, 0x42, 0x45, 0x47, 0x31, 0x32, 
		0x35, 0x37, 0x70, 0x75, 0xac, 0xb8, 0x70, 0x75, 0xac, 0xb8, 0x70, 0x75, 0xac, 0xb8, 0x70, 0x75, 0xac, 0xb8, 0x70, 0x75, 
0xac, 0xb8, 0x70, 0x75, 0xac, 0xb8, 0x70, 0x75, 0xac, 0xb8, 0x70, 0x75, 
		0xac, 0xb8, 0x70, 0x75, 0xac, 0xb8, 0x70, 0x75, 0xac, 0xb8, 0x70, 0x75, 0xac, 0xb8, 0x70, 0x75, 0xac, 0xb8, 0x2e, 0x6e, 0x2e, 0x6e, 0x2e, 0x6e, 0x2e, 0x6e, 0x2e, 0x6e, 0x2e, 0x6e, 0x2e, 0x6e, 
		0x2e, 0x6e, 0x3c, 0x7c, 0x3c, 0x7c, 0x3c, 0x7c, 0x3c, 0x7c, 0x3c, 0x7c, 0x3c, 0x7c, 0x3c, 0x7c, 0x3c, 0x7c, 0x1c, 0x5c, 0x1c, 0x5c, 0x1d, 0x5d, 0x1d, 0x5d, 0x1d, 0x5d, 0x1d, 0x5d, 0x1d, 0x5d, 
		0x1d, 0x5d
		},
		{ "AU", NULL }
	},
	{
		{
		0x11, 0x12, 0x15, 0x17, 0x41, 0x42, 0x45, 0x47, 0x31, 0x32, 
		0x35, 0x37, 0x70, 0x75, 0xac, 0xb8, 0x70, 0x75, 0xac, 0xb8, 0x70, 0x75, 0xac, 0xb8, 0x70, 0x75, 0xac, 0xb8, 0x70, 0x75, 
0xac, 0xb8, 0x70, 0x75, 0xac, 0xb8, 0x70, 0x75, 0xac, 0xb8, 0x70, 0x75, 
		0xac, 0xb8, 0x70, 0x75, 0xac, 0xb8, 0x70, 0x75, 0xac, 0xb8, 0x70, 0x75, 0xac, 0xb8, 0x70, 0x75, 0xac, 0xb8, 0x1a, 0x5e, 0x1e, 0x5e, 0x20, 0x6d, 0x1e, 0x5e, 0x1e, 0x6d, 0x1e, 0x5e, 0x19, 0x62, 
		0x17, 0x57, 0x1a, 0x5e, 0x1e, 0x5e, 0x20, 0x6d, 0x1e, 0x5e, 0x1e, 0x6d, 0x1e, 0x5e, 0x19, 0x62, 0x17, 0x57, 0x1a, 0x5e, 0x1e, 0x5e, 0x20, 0x6d, 0x1e, 0x5e, 0x1e, 0x6d, 0x1e, 0x5e, 0x19, 0x62, 
		0x17, 0x57
		},
		{ "US", "CA", NULL }
	},
};
#endif
#else
static table_2 ctl_2g_table[]=
{
	{
		.country_list = { NULL },
	}
};

static table_5 ctl_5g_table[]=
{
	{
		.country_list = { NULL },
	}
};
#endif

#if defined(RTAC55U) || defined(RTAC55UHP)
static unsigned char rtac55u_5g_eeprom[EEPROM_5G_CTL_SIZE] = {
	0x00, 0x00, 0x00, 0x00, 0x00, 0x00, 0x0f, 0x00, 0x49, 0x04, 0x09, 0x00,
	0x99, 0x99, 0x09, 0x00, 0x00, 0x00, 0x00, 0x00, 0x00, 0x00, 0x00, 0x00, 0x00, 0x00, 0x00, 0x00, 0x00, 0x00, 0x00, 0x00, 0x00, 0x00, 0x00, 0x00, 0x00, 0x00, 0x00, 0x00, 0x00, 0x00, 0x00, 0x00,
	0x00, 0x00, 0x00, 0x00, 0x00, 0x00, 0x00, 0x00, 0x00, 0x00, 0x00, 0x00, 0x00, 0x00, 0x00, 0x00, 0x00, 0x00, 0x00, 0x00, 0x00, 0x00, 0x00, 0x00, 0x00, 0x00, 0x00, 0x00, 0x00, 0x00, 0x00, 0x00,
	0x00, 0x00, 0x00, 0x00, 0x00, 0x00, 0x00, 0x00, 0x00, 0x00, 0x00, 0x00, 0x00, 0x00, 0x00, 0x00, 0x00, 0x00, 0x00, 0x00, 0x00, 0x00, 0x00, 0x00, 0x00, 0x00, 0x00, 0x00, 0x00, 0x00, 0x00, 0x00,
	0x00, 0x00, 0x00, 0x00, 0x00, 0x00, 0x00, 0x00, 0x00, 0x00, 0x00, 0x00, 0x00, 0x00, 0x00, 0x00, 0x00, 0x00, 0x00, 0x00, 0x00, 0x00, 0x00, 0x00, 0x00, 0x00, 0x00, 0x00, 0x00, 0x00, 0x00, 0x00,
	0x00, 0x00, 0x00, 0x00, 0x00, 0x00, 0x00, 0x00, 0x00, 0x00, 0x00, 0x00, 0x00, 0x10, 0x12, 0x12, 0x00, 0x15, 0x15, 0x15, 0x00, 0x15, 0x12, 0x12, 0x00, 0x0a, 0x0a, 0x0a, 0x00, 0x0a, 0x0a, 0x0a,
	0x00, 0x0a, 0x0a, 0x0a, 0x00, 0x00, 0x00, 0x00, 0x00, 0x00, 0x00, 0x00, 0x00, 0x00, 0x00, 0x00, 0x00, 0x00, 0x00, 0x00, 0x00, 0x00, 0x00, 0x00, 0x00, 0x00, 0x00, 0x00, 0x00, 0x00, 0x00, 0x00,
	0x00, 0x00, 0x00, 0x00, 0x00, 0x00, 0x00, 0x00, 0x00, 0x00, 0x00, 0x00, 0x00, 0x00, 0x00, 0x00, 0x00, 0x00, 0x00, 0x00, 0x00, 0x00, 0x00, 0x00, 0x00, 0x00, 0x00, 0x00, 0x00, 0x00, 0x00, 0x00,
	0xcd, 0x00, 0x00, 0x40, 0xff, 0x89, 0xff, 0x00, 0x00, 0x00, 0x00, 0x00, 0x00, 0x00, 0x00, 0x00, 0x00, 0x00, 0x00, 0x00, 0x00, 0x00, 0x00, 0x00, 0x00, 0x00, 0x00, 0x00, 0x79, 0x64, 0x00, 0x00,
	0x00, 0x00, 0x00, 0x00, 0x00, 0x00, 0x00, 0x00, 0x00, 0x00, 0x00, 0x00, 0x00, 0x00, 0x00, 0x00, 0x00, 0x00, 0x79, 0x64, 0x00, 0x00, 0x00, 0x00, 0x00, 0x00, 0x00, 0x00, 0x00, 0x00, 0x00, 0x00,
	0x00, 0x00, 0x00, 0x00, 0x00, 0x00, 0x00, 0x00,
};
#endif	/* RT-AC55U || RT-AC55UHP */

static void ctl_update(const char *country, int band)
{
#if defined(RTCONFIG_WIFI_QCA9557_QCA9882) || defined(RTCONFIG_QCA953X) || defined(RTCONFIG_QCA956X) || defined(RTCONFIG_QCN550X)
	int region_count,i,j;
	unsigned char *eeprom_ptr = NULL;

	if (band==2) {
		region_count=ARRAY_SIZE(ctl_2g_table);
		for (i=0;i<region_count;i++) {
			for (j=0;ctl_2g_table[i].country_list[j]!=NULL;j++) {
				if (strcmp(country,ctl_2g_table[i].country_list[j])==0) {
					eeprom_ptr=ctl_2g_table[i].ctl;
					break;
				}
			}
			if (eeprom_ptr)
				break;
		}
		if (eeprom_ptr) { // found the matching country
			FWrite(eeprom_ptr, OFFSET_MAC_ADDR_2G-QCA9557_EEPROM_MAC_OFFSET+EEPROM_2G_CTL_OFFSET, EEPROM_2G_CTL_SIZE);
		}
	}
#ifndef BD_5G_PREFIX
	else {
		region_count=ARRAY_SIZE(ctl_5g_table);
		for (i=0;i<region_count;i++) {
			for (j=0;ctl_5g_table[i].country_list[j]!=NULL;j++) {
				if (strcmp(country,ctl_5g_table[i].country_list[j])==0) {
					eeprom_ptr=ctl_5g_table[i].ctl;
					break;
				}
			}
			if (eeprom_ptr)
				break;
		}
		if (eeprom_ptr) { // found the matching country
			unsigned char eeprom[QC98XX_EEPROM_SIZE_LARGEST];
			if (FRead(eeprom, OFFSET_MAC_ADDR-QC98XX_EEPROM_MAC_OFFSET, QC98XX_EEPROM_SIZE_LARGEST) < 0)
				dbg("EEPROM 5G: Out of scope\n");
			else {
				//1. check original checksum first
				if (verify_qca_eeprom_csum(eeprom, QC98XX_EEPROM_SIZE_LARGEST))
					dbg("[%s]Invalid 5G eeprom\n",__func__);
				else { // update & compute new checksum

					unsigned short *p_half;
					unsigned short cur_sum;

					cur_sum = 0;
					// clear original checksum
					*((unsigned short *)eeprom + 1) = __cpu_to_le16(cur_sum);
					// update new ctl
					memcpy(eeprom+EEPROM_5G_CTL_OFFSET,eeprom_ptr,EEPROM_5G_CTL_SIZE);
					// compute new sum
					p_half = (unsigned short *)&eeprom[0];
					for (i = 0; i < (QC98XX_EEPROM_SIZE_LARGEST/2); i++) 
						cur_sum ^= __le16_to_cpu(p_half[i]);
					cur_sum ^= 0xFFFF; // invert
					// update new sum
					*((unsigned short *)eeprom + 1) = __cpu_to_le16(cur_sum);
					//if (verify_qca_eeprom_csum(eeprom, QC98XX_EEPROM_SIZE_LARGEST)==0)
					FWrite(eeprom, OFFSET_MAC_ADDR-QC98XX_EEPROM_MAC_OFFSET, QC98XX_EEPROM_SIZE_LARGEST);
				}
			}
		}

	}
#endif
#elif defined(RTCONFIG_WIFI_QCA9990_QCA9990) || \
      defined(RTCONFIG_WIFI_QCA9994_QCA9994) || \
      defined(RTCONFIG_WIFI_QCN5024_QCN5054) || \
      defined(RTCONFIG_QCA_AXCHIP) || \
      defined(RTCONFIG_SOC_IPQ40XX)
	/* Do nothing.  Because CTL table is not in Flash. */
#else
#error
#endif
}

void setCTL(const char *CC)
{
	ctl_update(CC, 2);
	ctl_update(CC, 5);
}

/* @band:
 * 	2:	2G
 * 	5:	5G
 * @return:
 */
#if defined(RTCONFIG_WIFI_QCA9990_QCA9990) || \
    defined(RTCONFIG_WIFI_QCA9994_QCA9994) || \
    defined(RTCONFIG_WIFI_QCN5024_QCN5054) || \
    defined(RTCONFIG_QCA_AXCHIP) || \
    defined(RTCONFIG_SOC_IPQ40XX)
#else
static int __verify_ctl_table(int band, char *country, int fac_country)
{
#if defined(RTCONFIG_WIFI_QCA9557_QCA9882) || defined(RTCONFIG_QCA953X) || defined(RTCONFIG_QCA956X) || defined(RTCONFIG_QCN550X)
	int region_count, i, j, r;
	unsigned char *ctl_tbl = NULL;
	unsigned char buf[QC98XX_EEPROM_SIZE_LARGEST];

	if (!country || *country == '\0')
		return -1;

	switch (band) {
	case 2:
		region_count = ARRAY_SIZE(ctl_2g_table);
		for (i = 0; !ctl_tbl && i < region_count; i++) {
			for (j = 0; !ctl_tbl && ctl_2g_table[i].country_list[j] != NULL; j++) {
				if (strcmp(country, ctl_2g_table[i].country_list[j]))
					continue;

				ctl_tbl = ctl_2g_table[i].ctl;
			}
		}
		if (!ctl_tbl) {
			/* no matching country. */
			break;
		}
		if (FRead(buf, OFFSET_MAC_ADDR_2G - QCA9557_EEPROM_MAC_OFFSET + EEPROM_2G_CTL_OFFSET, EEPROM_2G_CTL_SIZE) < 0) {
			_dprintf("%s: Read CTL table @ %08x fail\n", __func__,
				OFFSET_MAC_ADDR_2G - QCA9557_EEPROM_MAC_OFFSET + EEPROM_2G_CTL_OFFSET);
			return -2;
		}
		if (memcmp(buf, ctl_tbl, EEPROM_2G_CTL_SIZE)) {
			r = FWrite(ctl_tbl, OFFSET_MAC_ADDR_2G - QCA9557_EEPROM_MAC_OFFSET + EEPROM_2G_CTL_OFFSET, EEPROM_2G_CTL_SIZE);
			if (fac_country)
				_dprintf("%s: band %d CTL table mismatch, overwrite! (r = %d)\n", __func__, band, r);
			else
				_dprintf("%s: update band %d CTL! (r = %d)\n", __func__, band, r);
		}
		break;
#ifndef BD_5G_PREFIX
	case 5:
		region_count = ARRAY_SIZE(ctl_5g_table);
		for (i = 0; !ctl_tbl && i < region_count; i++) {
			for (j = 0; !ctl_tbl && ctl_5g_table[i].country_list[j] != NULL; j++) {
				if (strcmp(country, ctl_5g_table[i].country_list[j]))
					continue;
				ctl_tbl = ctl_5g_table[i].ctl;
			}
		}
		if (!ctl_tbl) {
			/* no matching country. */
			break;
		}
		if (FRead(buf, OFFSET_MAC_ADDR - QC98XX_EEPROM_MAC_OFFSET, QC98XX_EEPROM_SIZE_LARGEST) < 0) {
			_dprintf("%s: Read factory @ %08x fail\n", __func__, OFFSET_MAC_ADDR - QC98XX_EEPROM_MAC_OFFSET);
			return -2;
		}
		if (verify_qca_eeprom_csum(buf, QC98XX_EEPROM_SIZE_LARGEST)) {
			_dprintf("%s: Invalid 5G factory\n", __func__);
			return -3;
		}

#if defined(RTAC55U) || defined(RTAC55UHP)
		/* Recover damaged 5G EEPROM (offset EEPROM_5G_CTL_SIZE, length EEPROM_5G_CTL_SIZE */
		for (i = 0, region_count = ARRAY_SIZE(ctl_5g_table); i < region_count; i++) {
			for (j = 0; ctl_5g_table[i].country_list[j] != NULL; j++) {
				if (memcmp(buf + EEPROM_5G_CTL_SIZE, ctl_5g_table[i].ctl, EEPROM_5G_CTL_SIZE))
					continue;
				memcpy(buf + EEPROM_5G_CTL_SIZE, rtac55u_5g_eeprom, EEPROM_5G_CTL_SIZE);
				calc_qca_eeprom_csum(buf, QC98XX_EEPROM_SIZE_LARGEST, QCA_5G_EEPROM_CSUM_OFFSET);
				FWrite(buf, OFFSET_MAC_ADDR - QC98XX_EEPROM_MAC_OFFSET, QC98XX_EEPROM_SIZE_LARGEST);
			}
		}
#endif

		if (memcmp(buf + EEPROM_5G_CTL_OFFSET, ctl_tbl, EEPROM_5G_CTL_SIZE)) {
			memcpy(buf + EEPROM_5G_CTL_OFFSET, ctl_tbl, EEPROM_5G_CTL_SIZE);
			calc_qca_eeprom_csum(buf, QC98XX_EEPROM_SIZE_LARGEST, QCA_5G_EEPROM_CSUM_OFFSET);
			r = FWrite(buf, OFFSET_MAC_ADDR - QC98XX_EEPROM_MAC_OFFSET, QC98XX_EEPROM_SIZE_LARGEST);
			if (fac_country)
				_dprintf("%s: band %d CTL table mismatch, overwrite! (r = %d)\n", __func__, band, r);
			else
				_dprintf("%s: update band %d CTL! (r = %d)\n", __func__, band, r);
		}

		break;
#endif
	default:
		return -1;
	}

	return 0;
#else
	return 0;
#endif	/* RTCONFIG_WIFI_QCA9557_QCA9882 || RTCONFIG_QCA953X || RTCONFIG_QCA956X || RTCONFIG_QCN550X */
}
#endif	/* RTCONFIG_WIFI_QCA9990_QCA9990 || RTCONFIG_WIFI_QCA9994_QCA9994 || RTCONFIG_WIFI_QCN5024_QCN5054 || RTCONFIG_QCA_AXCHIP || RTCONFIG_SOC_IPQ40XX */

int verify_ctl_table(void)
{
#if defined(RTCONFIG_WIFI_QCA9990_QCA9990) || \
    defined(RTCONFIG_WIFI_QCA9994_QCA9994) || \
    defined(RTCONFIG_WIFI_QCN5024_QCN5054) || \
    defined(RTCONFIG_QCA_AXCHIP) || \
    defined(RTCONFIG_SOC_IPQ40XX)
	return 0;
#else
	char CC[4];
	int fac_country=1;
#ifdef RTCONFIG_TCODE
	char *curr_CTL;
#endif

	if (FRead(CC, OFFSET_COUNTRY_CODE, FACTORY_COUNTRY_CODE_LEN) < 0) {
		_dprintf("%s: Read country code fail\n", __func__);
		return -1;
	}
	CC[FACTORY_COUNTRY_CODE_LEN]='\0';

	if (!strcmp(CC, "DB")) {
		_dprintf("%s: skip %s\n", __func__, CC);
		return 1;
	}

#ifdef RTCONFIG_TCODE
#if defined(RPAC66) || defined(RPAC51)
	if (strcmp(CC, "US"))	/* for FCC rule, can't change it */
#endif
	{
#if defined(MAPAC1750) /* for CN SKU use fake power table */
	if (!strcmp(CC, "CN") && nvram_match("territory_code", "CN/05"))
		curr_CTL = "CN5";
	else
#endif
		curr_CTL = nvram_get("curr_CTL");
	if (curr_CTL) {
		if (strcmp(curr_CTL, CC)) {
			fac_country=0;
			strncpy(CC, curr_CTL, 4);
			CC[3]='\0';
		}
	}
	}
#endif
	__verify_ctl_table(2, CC, fac_country);
	__verify_ctl_table(5, CC, fac_country);

	return 0;
#endif
}

#if defined(DUMP_BOARDDATA)
/* Write data pointed by @data, length @len, to /tmp/@filename.@country
 * @filename:
 * @country:
 * @data:
 * @len:
 * @return:
 * 	0:	success
 *     -1:	invalid parameter
 *  otherwise:	error
 */
int dump_boarddata(const char *filename, const char *country, const unsigned char *data, size_t len)
{
	FILE *fp;
	size_t r, l = len;
	char fullname[PATH_MAX];

	if (!filename || *filename == '\0' ||
	    !country || *country == '\0' || strlen(country) != 2 ||
	    !data || len <= 0)
		return -1;

	snprintf(fullname, sizeof(fullname), "/tmp/%s.%s", filename, country);
	fp = fopen(fullname, "w");
	if (!fp)
		return -2;

	while (l > 0) {
		r = fwrite(data, 1, l, fp);
		if (!r) {
			dbg("%s: Write to %s fail! errno %d (%s)\n",
				__func__, fullname, errno, strerror(errno));
			break;
		}
		l -= r;
		data += r;
	}

	fclose(fp);
	return 0;
}
#else
static inline int dump_boarddata(const char *filename, const char *country, const unsigned char *data, size_t len) { return 0; }
#endif

/**
 * This function is used to hook hotplug_firmware() in request_firmware() flow.
 * If this function return NULL or return *new_size as zero,
 * it won't change hotplug_firmware().
 * If thne function return non-NULL pointer and return non-zero *new_size,
 * hotplug_firmware() will upload data which is pointed by return pointer,
 * length new_size, to kernel.
 * @filename:
 * @new_size:	pointer to length of new data.
 * @return:	pointer to new data.
 * 	NULL:	no need to hook this file
 *  otherwise:	pointer to new data.
 */
const void *req_fw_hook(const char *filename, size_t *new_size)
{
#if defined(BD_2G_PREFIX) || defined(BD_5G_PREFIX)
	int i, band = -1, total_band = 2;
	char *f, prefix[8], tmp[64], country[3][8];
	uint32_t factory_rtag = 0xFFFFFFFF;
	const void *ret = NULL;
	const table_2g_5g *p;
	const table_2g_5g boarddata_table[]=
	{
#if defined(BRTAC828) || defined(RTAD7200)
		/* DB */
		{ "DB",         0, NULL, _binary_blob_000_bin_start, _binary_blob_000_bin_end, BD_2G_PREFIX },
		{ "DB",         0, NULL, _binary_blob_100_bin_start, _binary_blob_100_bin_end, BD_5G_PREFIX },
		/* US, FCC before 2016/6 */
		{ "US", 0x19f3812, NULL, _binary_blob_001_bin_start, _binary_blob_001_bin_end, BD_2G_PREFIX },
		{ "US", 0x19f3812, NULL, _binary_blob_101_bin_start, _binary_blob_101_bin_end, BD_5G_PREFIX },
		/* US, FCC after  2016/6 */
		{ "US",         0, NULL, _binary_blob_002_bin_start, _binary_blob_002_bin_end, BD_2G_PREFIX },
		{ "US",         0, NULL, _binary_blob_102_bin_start, _binary_blob_102_bin_end, BD_5G_PREFIX },
		/* GB */
		{ "GB",         0, NULL, _binary_blob_003_bin_start, _binary_blob_003_bin_end, BD_2G_PREFIX },
		{ "GB",         0, NULL, _binary_blob_103_bin_start, _binary_blob_103_bin_end, BD_5G_PREFIX },
		/* UA */
		{ "UA",         0, NULL, _binary_blob_003_1_bin_start, _binary_blob_003_1_bin_end, BD_2G_PREFIX },	/* Ukraine cert. firmware only, band3 -6dBm */
		{ "UA",         0, NULL, _binary_blob_103_1_bin_start, _binary_blob_103_1_bin_end, BD_5G_PREFIX },	/* Ukraine cert. firmware only, band3 -6dBm */
		/* DE */
		{ "DE",         0, NULL, _binary_blob_003_bin_start, _binary_blob_003_bin_end, BD_2G_PREFIX },
		{ "DE",         0, NULL, _binary_blob_103_bin_start, _binary_blob_103_bin_end, BD_5G_PREFIX },
		/* CA */
		{ "CA",         0, NULL, _binary_blob_004_bin_start, _binary_blob_004_bin_end, BD_2G_PREFIX },
		{ "CA",         0, NULL, _binary_blob_104_bin_start, _binary_blob_104_bin_end, BD_5G_PREFIX },
		/* SG */
		{ "SG",         0, NULL, _binary_blob_005_bin_start, _binary_blob_005_bin_end, BD_2G_PREFIX },
		{ "SG",         0, NULL, _binary_blob_105_bin_start, _binary_blob_105_bin_end, BD_5G_PREFIX },
		/* JP */
		{ "JP",         0, NULL, _binary_blob_006_bin_start, _binary_blob_006_bin_end, BD_2G_PREFIX },
		{ "JP",         0, NULL, _binary_blob_106_bin_start, _binary_blob_106_bin_end, BD_5G_PREFIX },
#elif defined(RTAX89U)
		/* Hawkeye 1.2 */
		/* US */
		{ "US", 1,      0, NULL, _binary_blob_000_bin_start, _binary_blob_000_bin_end, BD_2G_PREFIX },
		/* CN */
		{ "CN", 1,      0, NULL, _binary_blob_001_bin_start, _binary_blob_001_bin_end, BD_2G_PREFIX },
		/* CN sku special bdata, NEED CN COUNTRY CODE FOR CORRECT DFS SETTING. */
		{ "AU", 1,   0, "CN/01", _binary_blob_002_bin_start, _binary_blob_002_bin_end, BD_2G_PREFIX },
		{ "AU", 1,   0, "AA/01", _binary_blob_002_bin_start, _binary_blob_002_bin_end, BD_2G_PREFIX },
		{ "AU", 1,   0, "SG/01", _binary_blob_002_bin_start, _binary_blob_002_bin_end, BD_2G_PREFIX },
#if defined(RTCONFIG_SPF10_QSDK) || defined(RTCONFIG_SPF11_QSDK) || defined(RTCONFIG_SPF11_1_QSDK) || defined(RTCONFIG_SPF11_3_QSDK) || defined(RTCONFIG_SPF11_4_QSDK)
		/* Hawkeye 1.2 */
		/* GB */
		{ "GB", 1,      0, NULL, _binary_blob_003_bin_start, _binary_blob_003_bin_end, BD_2G_PREFIX },
		/* JP */
		{ "JP", 1,      0, NULL, _binary_blob_004_bin_start, _binary_blob_004_bin_end, BD_2G_PREFIX },

		/* Hawkeye 2.0 */
		/* US */
		{ "US", 2,      0, NULL, _binary_blob_100_bin_start, _binary_blob_100_bin_end, BD_2G_PREFIX },
		/* CN */
		{ "CN", 2,      0, NULL, _binary_blob_101_bin_start, _binary_blob_101_bin_end, BD_2G_PREFIX },
		/* CN sku special bdata, NEED CN COUNTRY CODE FOR CORRECT DFS SETTING. */
		{ "AU", 2,   0, "CN/01", _binary_blob_102_bin_start, _binary_blob_102_bin_end, BD_2G_PREFIX },
		{ "AU", 2,   0, "AA/01", _binary_blob_102_bin_start, _binary_blob_102_bin_end, BD_2G_PREFIX },
		{ "AU", 2,   0, "SG/01", _binary_blob_102_bin_start, _binary_blob_102_bin_end, BD_2G_PREFIX },
		/* GB */
		{ "GB", 2,      0, NULL, _binary_blob_103_bin_start, _binary_blob_103_bin_end, BD_2G_PREFIX },
		/* JP */
		{ "JP", 2,      0, NULL, _binary_blob_104_bin_start, _binary_blob_104_bin_end, BD_2G_PREFIX },
#if defined(RTCONFIG_SPF11_1_QSDK)
		/* CA */
		{ "CA", 2,      0, NULL, _binary_blob_105_bin_start, _binary_blob_105_bin_end, BD_2G_PREFIX },
		/* AU */
		{ "AU", 2,      0, NULL, _binary_blob_106_bin_start, _binary_blob_106_bin_end, BD_2G_PREFIX },
#endif
#endif	/* RTCONFIG_SPF10/SPF11/SPF11.1_QSDK */
#elif defined(GTAXY16000)
#if defined(RTCONFIG_SPF10_QSDK) || defined(RTCONFIG_SPF11_QSDK) || defined(RTCONFIG_SPF11_1_QSDK) || defined(RTCONFIG_SPF11_3_QSDK) || defined(RTCONFIG_SPF11_4_QSDK)
		/* Hawkeye 2.0 */
		/* US */
		{ "US", 2,      0, NULL, _binary_blob_100_bin_start, _binary_blob_100_bin_end, BD_2G_PREFIX },
		/* CN */
		{ "CN", 2,      0, NULL, _binary_blob_101_bin_start, _binary_blob_101_bin_end, BD_2G_PREFIX },
		/* CN sku special bdata, NEED CN COUNTRY CODE FOR CORRECT DFS SETTING. */
		{ "AU", 2,   0, "CN/01", _binary_blob_102_bin_start, _binary_blob_102_bin_end, BD_2G_PREFIX },
		/* GB */
		{ "GB", 2,      0, NULL, _binary_blob_103_bin_start, _binary_blob_103_bin_end, BD_2G_PREFIX },
		/* JP */
		{ "JP", 2,      0, NULL, _binary_blob_104_bin_start, _binary_blob_104_bin_end, BD_2G_PREFIX },
#endif	/* RTCONFIG_SPF10/SPF11_QSDK */
#elif defined(RTAC58U)
		{ "DB", 0x19f3812, NULL, _binary_blob_006_bin_start, _binary_blob_006_bin_end, BD_2G_PREFIX },
		{ "DB", 0x19f3812, NULL, _binary_blob_106_bin_start, _binary_blob_106_bin_end, BD_5G_PREFIX },
		{ "DB",         0, NULL, _binary_blob_000_bin_start, _binary_blob_000_bin_end, BD_2G_PREFIX },
		{ "DB",         0, NULL, _binary_blob_100_bin_start, _binary_blob_100_bin_end, BD_5G_PREFIX },
		{ "SG",         0, NULL, _binary_blob_001_bin_start, _binary_blob_001_bin_end, BD_2G_PREFIX },
		{ "SG",         0, NULL, _binary_blob_101_bin_start, _binary_blob_101_bin_end, BD_5G_PREFIX },
//		{ "US", 0x20e15740, _binary_blob_002_bin_start, _binary_blob_002_bin_end, BD_2G_PREFIX },
		{ "US",         0, NULL, _binary_blob_002_bin_start, _binary_blob_002_bin_end, BD_2G_PREFIX },
		{ "US",         0, NULL, _binary_blob_102_bin_start, _binary_blob_102_bin_end, BD_5G_PREFIX },
//		{ "GB", 0x20e15740, _binary_blob_003_bin_start, _binary_blob_003_bin_end, BD_2G_PREFIX },
		{ "GB",         0, NULL, _binary_blob_003_bin_start, _binary_blob_003_bin_end, BD_2G_PREFIX },
		{ "GB",         0, NULL, _binary_blob_103_bin_start, _binary_blob_103_bin_end, BD_5G_PREFIX },
		{ "IL",         0, NULL, _binary_blob_003_bin_start, _binary_blob_003_bin_end, BD_2G_PREFIX },
		{ "IL",         0, NULL, _binary_blob_103_bin_start, _binary_blob_103_bin_end, BD_5G_PREFIX },
//		{ "AU", 0x20e15740, _binary_blob_004_bin_start, _binary_blob_004_bin_end, BD_2G_PREFIX },
		{ "AU",         0, NULL, _binary_blob_004_bin_start, _binary_blob_004_bin_end, BD_2G_PREFIX },
		{ "AU",         0, NULL, _binary_blob_104_bin_start, _binary_blob_104_bin_end, BD_5G_PREFIX },
//		{ "KR", 0x20e15740, _binary_blob_005_bin_start, _binary_blob_005_bin_end, BD_2G_PREFIX },
		{ "KR",         0, NULL, _binary_blob_005_bin_start, _binary_blob_005_bin_end, BD_2G_PREFIX },
		{ "KR",         0, NULL, _binary_blob_105_bin_start, _binary_blob_105_bin_end, BD_5G_PREFIX },
//		{ "CA", 0x20e15740, _binary_blob_007_bin_start, _binary_blob_007_bin_end, BD_2G_PREFIX },
		{ "CA",         0, NULL, _binary_blob_007_bin_start, _binary_blob_007_bin_end, BD_2G_PREFIX },
		{ "CA",         0, NULL, _binary_blob_107_bin_start, _binary_blob_107_bin_end, BD_5G_PREFIX },
#elif defined(RT4GAC53U)
		{ "GB",         0, NULL, _binary_blob_000_bin_start, _binary_blob_000_bin_end, BD_2G_PREFIX },
		{ "GB",         0, NULL, _binary_blob_100_bin_start, _binary_blob_100_bin_end, BD_5G_PREFIX },
		{ "AU",         0, NULL, _binary_blob_001_bin_start, _binary_blob_001_bin_end, BD_2G_PREFIX },
		{ "AU",         0, NULL, _binary_blob_101_bin_start, _binary_blob_101_bin_end, BD_5G_PREFIX },
#elif defined(RT4GAC56)
#elif defined(RTAC82U)
		{ "US",         0, NULL, _binary_blob_000_bin_start, _binary_blob_000_bin_end, BD_2G_PREFIX },
		{ "US",         0, NULL, _binary_blob_100_bin_start, _binary_blob_100_bin_end, BD_5G_PREFIX },
		{ "CN",         0, NULL, _binary_blob_001_bin_start, _binary_blob_001_bin_end, BD_2G_PREFIX },
		{ "CN",         0, NULL, _binary_blob_101_bin_start, _binary_blob_101_bin_end, BD_5G_PREFIX },
		/* fake AU for CN */
		{ "AU",         0, NULL, _binary_blob_002_bin_start, _binary_blob_002_bin_end, BD_2G_PREFIX },
		{ "AU",         0, NULL, _binary_blob_102_bin_start, _binary_blob_102_bin_end, BD_5G_PREFIX },
#elif defined(MAPAC1300)
		{ "US",         0, NULL, _binary_blob_000_bin_start, _binary_blob_000_bin_end, BD_2G_PREFIX },
		{ "US",         0, NULL, _binary_blob_100_bin_start, _binary_blob_100_bin_end, BD_5G_PREFIX },
		{ "GB",         0, NULL, _binary_blob_001_bin_start, _binary_blob_001_bin_end, BD_2G_PREFIX },
		{ "GB",         0, NULL, _binary_blob_101_bin_start, _binary_blob_101_bin_end, BD_5G_PREFIX },
		{ "CA",         0, NULL, _binary_blob_002_bin_start, _binary_blob_002_bin_end, BD_2G_PREFIX },
		{ "CA",         0, NULL, _binary_blob_102_bin_start, _binary_blob_102_bin_end, BD_5G_PREFIX },
		{ "AU",         0, NULL, _binary_blob_003_bin_start, _binary_blob_003_bin_end, BD_2G_PREFIX },
		{ "AU",         0, NULL, _binary_blob_103_bin_start, _binary_blob_103_bin_end, BD_5G_PREFIX },
		{ "JP",         0, NULL, _binary_blob_004_bin_start, _binary_blob_004_bin_end, BD_2G_PREFIX },
		{ "JP",         0, NULL, _binary_blob_104_bin_start, _binary_blob_104_bin_end, BD_5G_PREFIX },
		{ "UA",         0, NULL, _binary_blob_005_bin_start, _binary_blob_005_bin_end, BD_2G_PREFIX },
		{ "UA",         0, NULL, _binary_blob_105_bin_start, _binary_blob_105_bin_end, BD_5G_PREFIX },
#elif defined(MAPAC2200)
		{ "US",         0, NULL, _binary_blob_000_bin_start, _binary_blob_000_bin_end, BD_2G_PREFIX },
		{ "US",         0, NULL, _binary_blob_100_bin_start, _binary_blob_100_bin_end, BD_5G_PREFIX },
		{ "US",         0, NULL, _binary_blob_200_bin_start, _binary_blob_200_bin_end, BD_5G2_PREFIX },
		{ "GB",         0, "EU/02", _binary_blob_007_bin_start, _binary_blob_007_bin_end, BD_2G_PREFIX },
		{ "GB",         0, "UK/02", _binary_blob_007_bin_start, _binary_blob_007_bin_end, BD_2G_PREFIX },
		{ "GB",         0, NULL, _binary_blob_001_bin_start, _binary_blob_001_bin_end, BD_2G_PREFIX },
		{ "GB",         0, NULL, _binary_blob_101_bin_start, _binary_blob_101_bin_end, BD_5G_PREFIX },
		{ "GB",         0, NULL, _binary_blob_201_bin_start, _binary_blob_201_bin_end, BD_5G2_PREFIX },
		{ "CN",         0, NULL, _binary_blob_002_bin_start, _binary_blob_002_bin_end, BD_2G_PREFIX },
		{ "CN",         0, NULL, _binary_blob_102_bin_start, _binary_blob_102_bin_end, BD_5G_PREFIX },
		{ "CN",         0, NULL, _binary_blob_202_bin_start, _binary_blob_202_bin_end, BD_5G2_PREFIX },
		{ "CA",         0, NULL, _binary_blob_003_bin_start, _binary_blob_003_bin_end, BD_2G_PREFIX },
		{ "CA",         0, NULL, _binary_blob_103_bin_start, _binary_blob_103_bin_end, BD_5G_PREFIX },
		{ "CA",         0, NULL, _binary_blob_203_bin_start, _binary_blob_203_bin_end, BD_5G2_PREFIX },
		{ "AU",         0, NULL, _binary_blob_004_bin_start, _binary_blob_004_bin_end, BD_2G_PREFIX },
		{ "AU",         0, NULL, _binary_blob_104_bin_start, _binary_blob_104_bin_end, BD_5G_PREFIX },
		{ "AU",         0, NULL, _binary_blob_204_bin_start, _binary_blob_204_bin_end, BD_5G2_PREFIX },
		{ "TW",         0, NULL, _binary_blob_005_bin_start, _binary_blob_005_bin_end, BD_2G_PREFIX },
		{ "TW",         0, NULL, _binary_blob_105_bin_start, _binary_blob_105_bin_end, BD_5G_PREFIX },
		{ "TW",         0, NULL, _binary_blob_205_bin_start, _binary_blob_205_bin_end, BD_5G2_PREFIX },
		{ "UA",         0, NULL, _binary_blob_006_bin_start, _binary_blob_006_bin_end, BD_2G_PREFIX },
		{ "UA",         0, NULL, _binary_blob_106_bin_start, _binary_blob_106_bin_end, BD_5G_PREFIX },
		{ "UA",         0, NULL, _binary_blob_206_bin_start, _binary_blob_206_bin_end, BD_5G2_PREFIX },
#elif defined(RTAC95U)
		{ "US",         0, NULL, _binary_blob_000_bin_start, _binary_blob_000_bin_end, BD_2G_PREFIX },
		{ "US",         0, NULL, _binary_blob_100_bin_start, _binary_blob_100_bin_end, BD_5G_PREFIX },
		{ "US",         0, NULL, _binary_blob_200_bin_start, _binary_blob_200_bin_end, BD_5G2_PREFIX },
		{ "GB",         0, NULL, _binary_blob_001_bin_start, _binary_blob_001_bin_end, BD_2G_PREFIX },
		{ "GB",         0, NULL, _binary_blob_101_bin_start, _binary_blob_101_bin_end, BD_5G_PREFIX },
		{ "GB",         0, NULL, _binary_blob_201_bin_start, _binary_blob_201_bin_end, BD_5G2_PREFIX },
		{ "CA",         0, NULL, _binary_blob_002_bin_start, _binary_blob_002_bin_end, BD_2G_PREFIX },
		{ "CA",         0, NULL, _binary_blob_102_bin_start, _binary_blob_102_bin_end, BD_5G_PREFIX },
		{ "CA",         0, NULL, _binary_blob_202_bin_start, _binary_blob_202_bin_end, BD_5G2_PREFIX },
		{ "CN",         0, NULL, _binary_blob_003_bin_start, _binary_blob_003_bin_end, BD_2G_PREFIX },
		{ "CN",         0, NULL, _binary_blob_103_bin_start, _binary_blob_103_bin_end, BD_5G_PREFIX },
		{ "CN",         0, NULL, _binary_blob_203_bin_start, _binary_blob_203_bin_end, BD_5G2_PREFIX },
		{ "JP",         0, NULL, _binary_blob_004_bin_start, _binary_blob_004_bin_end, BD_2G_PREFIX },
		{ "JP",         0, NULL, _binary_blob_104_bin_start, _binary_blob_104_bin_end, BD_5G_PREFIX },
		{ "JP",         0, NULL, _binary_blob_204_bin_start, _binary_blob_204_bin_end, BD_5G2_PREFIX },
		{ "TW",         0, NULL, _binary_blob_005_bin_start, _binary_blob_005_bin_end, BD_2G_PREFIX },
		{ "TW",         0, NULL, _binary_blob_105_bin_start, _binary_blob_105_bin_end, BD_5G_PREFIX },
		{ "TW",         0, NULL, _binary_blob_205_bin_start, _binary_blob_205_bin_end, BD_5G2_PREFIX },
		{ "AU",         0, NULL, _binary_blob_006_bin_start, _binary_blob_006_bin_end, BD_2G_PREFIX },
		{ "AU",         0, NULL, _binary_blob_106_bin_start, _binary_blob_106_bin_end, BD_5G_PREFIX },
		{ "AU",         0, NULL, _binary_blob_206_bin_start, _binary_blob_206_bin_end, BD_5G2_PREFIX },
		{ "DB",         0, NULL, _binary_blob_000_bin_start, _binary_blob_000_bin_end, BD_2G_PREFIX },
		{ "DB",         0, NULL, _binary_blob_100_bin_start, _binary_blob_100_bin_end, BD_5G_PREFIX },
		{ "DB",         0, NULL, _binary_blob_200_bin_start, _binary_blob_200_bin_end, BD_5G2_PREFIX },
#elif defined(RTAC59U)
		{ "DB",         0, NULL, _binary_blob_100_bin_start, _binary_blob_100_bin_end, BD_5G_PREFIX },
		{ "GB",         0, NULL, _binary_blob_101_bin_start, _binary_blob_101_bin_end, BD_5G_PREFIX },
		{ "JP",         0, NULL, _binary_blob_102_bin_start, _binary_blob_102_bin_end, BD_5G_PREFIX },
		{ "BZ",         0, NULL, _binary_blob_101_bin_start, _binary_blob_101_bin_end, BD_5G_PREFIX },
		{ "TW",         0, NULL, _binary_blob_103_bin_start, _binary_blob_103_bin_end, BD_5G_PREFIX },
		{ "US",         0, NULL, _binary_blob_103_bin_start, _binary_blob_103_bin_end, BD_5G_PREFIX },
		{ "CA",         0, NULL, _binary_blob_104_bin_start, _binary_blob_104_bin_end, BD_5G_PREFIX },
		{ "BY",         0, NULL, _binary_blob_105_bin_start, _binary_blob_105_bin_end, BD_5G_PREFIX },
		{ "IL",         0, NULL, _binary_blob_101_bin_start, _binary_blob_101_bin_end, BD_5G_PREFIX },
		{ "KR",         0, NULL, _binary_blob_106_bin_start, _binary_blob_106_bin_end, BD_5G_PREFIX },
		{ "AU",         0, NULL, _binary_blob_107_bin_start, _binary_blob_107_bin_end, BD_5G_PREFIX },
#elif defined(RTAC59_CD6R) || defined(RTAC59_CD6N)
		{ "GB",         0, NULL, _binary_blob_100_bin_start, _binary_blob_100_bin_end, BD_5G_PREFIX },
		{ "US",         0, NULL, _binary_blob_101_bin_start, _binary_blob_101_bin_end, BD_5G_PREFIX },
#elif defined(RPAC51)
		{ "GB", 0, _binary_blob_101_bin_start, _binary_blob_101_bin_end, BD_5G_PREFIX },
		{ "US", 0, _binary_blob_105_bin_start, _binary_blob_105_bin_end, BD_5G_PREFIX },
		{ "CN", 0, _binary_blob_103_bin_start, _binary_blob_103_bin_end, BD_5G_PREFIX },
		{ "AU", 0, _binary_blob_104_bin_start, _binary_blob_104_bin_end, BD_5G_PREFIX },
		{ "CA", 0, _binary_blob_106_bin_start, _binary_blob_106_bin_end, BD_5G_PREFIX },
#elif defined(VZWAC1300) || defined(SHAC1300)
		{ "US",		0, NULL, _binary_blob_000_bin_start, _binary_blob_000_bin_end, BD_2G_PREFIX },
		{ "US",		0, NULL, _binary_blob_100_bin_start, _binary_blob_100_bin_end, BD_5G_PREFIX },
		{ "GB",		0, NULL, _binary_blob_001_bin_start, _binary_blob_001_bin_end, BD_2G_PREFIX },
		{ "GB",		0, NULL, _binary_blob_101_bin_start, _binary_blob_101_bin_end, BD_5G_PREFIX },
#elif defined(PLAX56_XP4)
		{ "GB",		0, NULL, _binary_blob_000_bin_start, _binary_blob_000_bin_end, BD_2G_PREFIX },
		{ "US",		0, NULL, _binary_blob_001_bin_start, _binary_blob_001_bin_end, BD_2G_PREFIX },
		{ "TW",		0, NULL, _binary_blob_001_bin_start, _binary_blob_001_bin_end, BD_2G_PREFIX },
		{ "AA",		0, NULL, _binary_blob_001_bin_start, _binary_blob_001_bin_end, BD_2G_PREFIX },
#endif
		{ NULL,
#if defined(RTCONFIG_SOC_IPQ8074)
			0, 	/* soc_ver */
#endif
			0, NULL, 0, 0, "" },
	};
#if defined(RTCONFIG_SOC_IPQ8074)
	const int soc_ver = get_soc_version_major();
#endif
	char tcode[6] = "";

	if (!filename || *filename == '\0' || !new_size)
		return NULL;

	/* Skip leading directories. */
	f = strrchr(filename, '/');
	if (f && *(f + 1) != '\0')
		filename = f + 1;

#if defined(RTAC58U)
	if (check_mid("Hydra")) {
		if (!strcmp(filename, "boardData_1_0_IPQ4019_Y9803_wifi0.bin")) {
			ret = _binary_hydra_2g_bin_start;
			*new_size = _binary_hydra_2g_bin_end - _binary_hydra_2g_bin_start;
		}
		else if (!strcmp(filename, "boardData_1_0_IPQ4019_Y9803_wifi1.bin")) {
			ret = _binary_hydra_5g_bin_start;
			*new_size = _binary_hydra_5g_bin_end - _binary_hydra_5g_bin_start;
		}
		if (ret) {
			_dprintf("%s: VVVVV Replace Hydra bd!!\n", __func__);
			return ret;
		}
	}
#endif

	/* If band information is not available in filename, don't do anything. */
#if defined(RTCONFIG_WIFI_QCA9990_QCA9990) || \
    defined(RTCONFIG_WIFI_QCA9994_QCA9994)
	if (strstr(filename, "_2G") || strstr(filename, "_2g"))
		band = 0;
	else if (strstr(filename, "_5G") || strstr(filename, "_5g"))
		band = 1;
#elif defined(RTCONFIG_WIFI_QCN5024_QCN5054)
	band = 0;	/* 2G/5G share same boarddata. */
#else
#if defined(BD_2G_PREFIX)
	if (strstr(filename, BD_2G_PREFIX))
		band = 0;
	else
#endif
#if defined(BD_5G_PREFIX)
	if (strstr(filename, BD_5G_PREFIX))
		band = 1;
	else
#endif
#if defined(BD_5G2_PREFIX)
	if (strstr(filename, BD_5G2_PREFIX))
		band = 2;
	else
#endif
#endif
	if (band < 0)
		return NULL;

#if defined(BD_5G2_PREFIX)
	total_band = 3;
#endif
	/* If one of wlX_country_code is not available, don't do anything. */
	for (i = 0; i < total_band; ++i) {
		country[i][0] = '\0';
		snprintf(prefix, sizeof(prefix), "wl%d_", i);
		strlcpy(country[i], nvram_safe_get(strcat_r(prefix, "country_code", tmp)), sizeof(country[i]));
		if (country[i][0] == '\0') {
			return NULL;
		}
	}

#if defined(RTAC58U)
	if (strcmp(country[0], "DB")) {
		if (FRead((unsigned char*) &factory_rtag, OFFSET_RTAG2, sizeof(factory_rtag)))
			factory_rtag = 0xFFFFFFFF;
	}
	else
#endif
	{
		if (FRead((unsigned char*) &factory_rtag, OFFSET_RTAG, sizeof(factory_rtag)))
			factory_rtag = 0xFFFFFFFF;
	}

	*new_size = 0;
	strlcpy(tcode, nvram_safe_get("territory_code"), sizeof(tcode));
#if defined(RTCONFIG_SOC_IPQ8074)
	if (!strcmp(country[band], "AU") && nvram_match("location_code", "XX") && nvram_match("territory_code", "AU/01")) {
		/* XX sku is chosen on AU sku, cheating boarddata searching code. */
		strlcpy(tcode, "CN/01", sizeof(tcode));
	}
#endif
	for (i = 0, p = boarddata_table; !ret && i < ARRAY_SIZE(boarddata_table); ++i, ++p) {
		if (!p->fn_prefix || !p->country || !p->start || !p->end)
			continue;
		if (strncmp(filename, p->fn_prefix, strlen(p->fn_prefix))) {
			continue;
		}
		if (strcmp(p->country, country[band])) {
			continue;
		}

#if defined(RTCONFIG_SOC_IPQ8074)
		if (p->soc_ver > 0 && p->soc_ver != soc_ver) {
			//dbg("%s: soc_ver [%d]/[%d] mismatch\n", __func__, p->soc_ver, soc_ver);
			continue;
		}
#endif
		if (p->rtag != 0 && p->rtag != 0xffffffff && p->rtag != factory_rtag) {
			//dbg("%s: country [%s] rtag [%08x/%08x]\n", __func__, country[band], factory_rtag, p->rtag);
			continue;
		}
		if (p->tcode != NULL && strcmp(tcode, (char*) p->tcode)) {
			continue;
		}

		ret = p->start;
		*new_size = p->end - p->start;
		dump_boarddata(filename, country[band], p->start, *new_size);
		//dbg("Update %s, size %u\n", filename, *new_size);
	}

	return ret;
#else
	return NULL;
#endif
}
