This file contains any messages produced by compilers while
running configure, to aid debugging if configure makes a mistake.

It was created by lzo configure 2.03, which was
generated by GNU Autoconf 2.59.  Invocation command line was

  $ ./configure --host=mipsel-linux --build=x86_64-linux-gnu --enable-shared --enable-static --prefix=/usr --bindir=/usr/sbin --libdir=/usr/lib

## --------- ##
## Platform. ##
## --------- ##

hostname = 820a0eb7ac91
uname -m = x86_64
uname -r = 6.8.0-137-generic
uname -s = Linux
uname -v = #137-Ubuntu SMP PREEMPT_DYNAMIC Fri Jul 17 20:28:23 UTC 2026

/usr/bin/uname -p = unknown
/bin/uname -X     = unknown

/bin/arch              = unknown
/usr/bin/arch -k       = unknown
/usr/convex/getsysinfo = unknown
hostinfo               = unknown
/bin/machine           = unknown
/usr/bin/oslevel       = unknown
/bin/universe          = unknown

PATH: /repo/Pass_GPL/asuswrt/release/tools
PATH: /repo/Pass_GPL/asuswrt/release/src-ra-openwrt-4210/ctools
PATH: /repo/Pass_GPL/asuswrt/release/tools
PATH: /repo/Pass_GPL/asuswrt/release/src-ra-openwrt-4210/ctools
PATH: /repo/Pass_GPL/asuswrt/release/tools
PATH: /repo/Pass_GPL/asuswrt/release/src-ra-openwrt-4210/ctools
PATH: /usr/local/sbin
PATH: /usr/local/bin
PATH: /usr/sbin
PATH: /usr/bin
PATH: /sbin
PATH: /bin
PATH: /home/asuswrt/bin
PATH: /home/asuswrt/mybash
PATH: /opt/buildroot-gcc342/bin
PATH: /opt/buildroot-gcc463/bin
PATH: /opt/brcm/hndtools-mipsel-linux/bin
PATH: /opt/brcm/hndtools-mipsel-uclibc/bin
PATH: /opt/projects/hnd/tools/linux/hndtools-arm-linux-2.6.36-uclibc-4.5.3/bin
PATH: /opt/projects/hnd/tools/linux/hndtools-arm-linux-2.6.36-uclibc-4.5.3/arm-linux/bin
PATH: /opt/projects/hnd/tools/linux/hndtools-arm-linux-2.6.36-uclibc-4.5.3/usr/bin
PATH: /opt/toolchains/crosstools-arm-gcc-5.3-linux-4.1-glibc-2.22-binutils-2.25/usr/bin
PATH: /opt/toolchains/crosstools-aarch64-gcc-5.3-linux-4.1-glibc-2.22-binutils-2.25/usr/bin
PATH: /opt/toolchains/crosstools-arm-gcc-9.2-linux-4.19-glibc-2.30-binutils-2.32/usr/lib
PATH: /opt/toolchains/crosstools-aarch64-gcc-9.2-linux-4.19-glibc-2.30-binutils-2.32/bin
PATH: /opt/toolchains/crosstools-arm-gcc-10.3-linux-4.19-glibc-2.32-binutils-2.36.1/bin
PATH: /opt/toolchains/crosstools-aarch64-gcc-10.3-linux-4.19-glibc-2.32-binutils-2.36.1/bin
PATH: /opt/openwrt-gcc463.arm/bin
PATH: /opt/openwrt-gcc463.mips.mesh/bin
PATH: /opt/openwrt-gcc520_musl.aarch64/bin
PATH: /opt/openwrt-gcc840_musl.aarch64/bin


## ----------- ##
## Core tests. ##
## ----------- ##

configure:1528: Configuring LZO 2.03
configure:1563: checking build system type
configure:1581: result: x86_64-pc-linux-gnu
configure:1589: checking host system type
configure:1603: result: mipsel-unknown-linux-gnu
configure:1611: checking target system type
configure:1625: result: mipsel-unknown-linux-gnu
configure:1639: checking whether to enable maintainer-specific portions of Makefiles
configure:1648: result: no
configure:1743: checking for mipsel-linux-gcc
configure:1769: result: /opt/lede-toolchain-ramips-mt7621_gcc-5.4.0_musl-1.1.24.Linux-x86_64/toolchain-mipsel_24kc_gcc-5.4.0_musl-1.1.24/bin/mipsel-openwrt-linux-musl-gcc
configure:2051: checking for C compiler version
configure:2054: /opt/lede-toolchain-ramips-mt7621_gcc-5.4.0_musl-1.1.24.Linux-x86_64/toolchain-mipsel_24kc_gcc-5.4.0_musl-1.1.24/bin/mipsel-openwrt-linux-musl-gcc --version </dev/null >&5
mipsel-openwrt-linux-musl-gcc.bin (LEDE GCC 5.4.0 unknown) 5.4.0
Copyright (C) 2015 Free Software Foundation, Inc.
This is free software; see the source for copying conditions.  There is NO
warranty; not even for MERCHANTABILITY or FITNESS FOR A PARTICULAR PURPOSE.

configure:2057: $? = 0
configure:2059: /opt/lede-toolchain-ramips-mt7621_gcc-5.4.0_musl-1.1.24.Linux-x86_64/toolchain-mipsel_24kc_gcc-5.4.0_musl-1.1.24/bin/mipsel-openwrt-linux-musl-gcc -v </dev/null >&5
Reading specs from /opt/lede-toolchain-ramips-mt7621_gcc-5.4.0_musl-1.1.24.Linux-x86_64/toolchain-mipsel_24kc_gcc-5.4.0_musl-1.1.24/bin/../lib/gcc/mipsel-openwrt-linux-musl/5.4.0/specs
COLLECT_GCC=mipsel-openwrt-linux-musl-gcc.bin
COLLECT_LTO_WRAPPER=/opt/lede-toolchain-ramips-mt7621_gcc-5.4.0_musl-1.1.24.Linux-x86_64/toolchain-mipsel_24kc_gcc-5.4.0_musl-1.1.24/bin/../libexec/gcc/mipsel-openwrt-linux-musl/5.4.0/lto-wrapper
Target: mipsel-openwrt-linux-musl
Configured with: /data2/heidi_wen/SW4_git/OpenWRT_4210_20230308/mtk-openwrt-lede-4.2.1.0/build_dir/toolchain-mipsel_24kc_gcc-5.4.0_musl-1.1.24/gcc-5.4.0/configure --with-bugurl=http://www.lede-project.org/bugs/ --with-pkgversion='LEDE GCC 5.4.0 unknown' --prefix=/data2/heidi_wen/SW4_git/OpenWRT_4210_20230308/mtk-openwrt-lede-4.2.1.0/staging_dir/toolchain-mipsel_24kc_gcc-5.4.0_musl-1.1.24 --build=x86_64-linux-gnu --host=x86_64-linux-gnu --target=mipsel-openwrt-linux-musl --with-gnu-ld --enable-target-optspace --disable-libgomp --disable-libmudflap --disable-multilib --disable-libmpx --disable-nls --without-isl --without-cloog --with-host-libstdcxx=-lstdc++ --with-float=soft --with-gmp=/data2/heidi_wen/SW4_git/OpenWRT_4210_20230308/mtk-openwrt-lede-4.2.1.0/staging_dir/host --with-mpfr=/data2/heidi_wen/SW4_git/OpenWRT_4210_20230308/mtk-openwrt-lede-4.2.1.0/staging_dir/host --with-mpc=/data2/heidi_wen/SW4_git/OpenWRT_4210_20230308/mtk-openwrt-lede-4.2.1.0/staging_dir/host --disable-decimal-float --with-mips-plt --with-diagnostics-color=auto-if-env --disable-libssp --enable-__cxa_atexit --with-headers=/data2/heidi_wen/SW4_git/OpenWRT_4210_20230308/mtk-openwrt-lede-4.2.1.0/staging_dir/toolchain-mipsel_24kc_gcc-5.4.0_musl-1.1.24/include --disable-libsanitizer --enable-languages=c,c++ --enable-shared --enable-threads --with-slibdir=/data2/heidi_wen/SW4_git/OpenWRT_4210_20230308/mtk-openwrt-lede-4.2.1.0/staging_dir/toolchain-mipsel_24kc_gcc-5.4.0_musl-1.1.24/lib --enable-lto --with-libelf=/data2/heidi_wen/SW4_git/OpenWRT_4210_20230308/mtk-openwrt-lede-4.2.1.0/staging_dir/host
Thread model: posix
gcc version 5.4.0 (LEDE GCC 5.4.0 unknown) 
COMPILER_PATH=/opt/lede-toolchain-ramips-mt7621_gcc-5.4.0_musl-1.1.24.Linux-x86_64/toolchain-mipsel_24kc_gcc-5.4.0_musl-1.1.24/bin/../libexec/gcc/mipsel-openwrt-linux-musl/5.4.0/:/opt/lede-toolchain-ramips-mt7621_gcc-5.4.0_musl-1.1.24.Linux-x86_64/toolchain-mipsel_24kc_gcc-5.4.0_musl-1.1.24/bin/../libexec/gcc/:/opt/lede-toolchain-ramips-mt7621_gcc-5.4.0_musl-1.1.24.Linux-x86_64/toolchain-mipsel_24kc_gcc-5.4.0_musl-1.1.24/bin/../lib/gcc/mipsel-openwrt-linux-musl/5.4.0/../../../../mipsel-openwrt-linux-musl/bin/
LIBRARY_PATH=/opt/lede-toolchain-ramips-mt7621_gcc-5.4.0_musl-1.1.24.Linux-x86_64/toolchain-mipsel_24kc_gcc-5.4.0_musl-1.1.24/bin/../lib/gcc/mipsel-openwrt-linux-musl/5.4.0/:/opt/lede-toolchain-ramips-mt7621_gcc-5.4.0_musl-1.1.24.Linux-x86_64/toolchain-mipsel_24kc_gcc-5.4.0_musl-1.1.24/bin/../lib/gcc/:/opt/lede-toolchain-ramips-mt7621_gcc-5.4.0_musl-1.1.24.Linux-x86_64/toolchain-mipsel_24kc_gcc-5.4.0_musl-1.1.24/bin/../lib/gcc/mipsel-openwrt-linux-musl/5.4.0/../../../../mipsel-openwrt-linux-musl/lib/
COLLECT_GCC_OPTIONS='-v' '-msoft-float' '-mllsc' '-mplt' '-mno-shared' '-EL' '-mabi=32'
 /opt/lede-toolchain-ramips-mt7621_gcc-5.4.0_musl-1.1.24.Linux-x86_64/toolchain-mipsel_24kc_gcc-5.4.0_musl-1.1.24/bin/../libexec/gcc/mipsel-openwrt-linux-musl/5.4.0/collect2 -plugin /opt/lede-toolchain-ramips-mt7621_gcc-5.4.0_musl-1.1.24.Linux-x86_64/toolchain-mipsel_24kc_gcc-5.4.0_musl-1.1.24/bin/../libexec/gcc/mipsel-openwrt-linux-musl/5.4.0/liblto_plugin.so -plugin-opt=/opt/lede-toolchain-ramips-mt7621_gcc-5.4.0_musl-1.1.24.Linux-x86_64/toolchain-mipsel_24kc_gcc-5.4.0_musl-1.1.24/bin/../libexec/gcc/mipsel-openwrt-linux-musl/5.4.0/lto-wrapper -plugin-opt=-fresolution=/tmp/cce8BQJq.res -plugin-opt=-pass-through=-lgcc_s -plugin-opt=-pass-through=-lc -plugin-opt=-pass-through=-lgcc_s --sysroot=/opt/lede-toolchain-ramips-mt7621_gcc-5.4.0_musl-1.1.24.Linux-x86_64/toolchain-mipsel_24kc_gcc-5.4.0_musl-1.1.24/bin//../.. --eh-frame-hdr -EL -dynamic-linker /lib/ld-musl-mipsel-sf.so.1 -melf32ltsmip /opt/lede-toolchain-ramips-mt7621_gcc-5.4.0_musl-1.1.24.Linux-x86_64/toolchain-mipsel_24kc_gcc-5.4.0_musl-1.1.24/bin/../lib/gcc/mipsel-openwrt-linux-musl/5.4.0/../../../../mipsel-openwrt-linux-musl/lib/crt1.o /opt/lede-toolchain-ramips-mt7621_gcc-5.4.0_musl-1.1.24.Linux-x86_64/toolchain-mipsel_24kc_gcc-5.4.0_musl-1.1.24/bin/../lib/gcc/mipsel-openwrt-linux-musl/5.4.0/../../../../mipsel-openwrt-linux-musl/lib/crti.o /opt/lede-toolchain-ramips-mt7621_gcc-5.4.0_musl-1.1.24.Linux-x86_64/toolchain-mipsel_24kc_gcc-5.4.0_musl-1.1.24/bin/../lib/gcc/mipsel-openwrt-linux-musl/5.4.0/crtbegin.o -L /opt/lede-toolchain-ramips-mt7621_gcc-5.4.0_musl-1.1.24.Linux-x86_64/toolchain-mipsel_24kc_gcc-5.4.0_musl-1.1.24/usr/lib -rpath-link /opt/lede-toolchain-ramips-mt7621_gcc-5.4.0_musl-1.1.24.Linux-x86_64/toolchain-mipsel_24kc_gcc-5.4.0_musl-1.1.24/usr/lib -L/opt/lede-toolchain-ramips-mt7621_gcc-5.4.0_musl-1.1.24.Linux-x86_64/toolchain-mipsel_24kc_gcc-5.4.0_musl-1.1.24/bin/../lib/gcc/mipsel-openwrt-linux-musl/5.4.0 -L/opt/lede-toolchain-ramips-mt7621_gcc-5.4.0_musl-1.1.24.Linux-x86_64/toolchain-mipsel_24kc_gcc-5.4.0_musl-1.1.24/bin/../lib/gcc -L/opt/lede-toolchain-ramips-mt7621_gcc-5.4.0_musl-1.1.24.Linux-x86_64/toolchain-mipsel_24kc_gcc-5.4.0_musl-1.1.24/bin/../lib/gcc/mipsel-openwrt-linux-musl/5.4.0/../../../../mipsel-openwrt-linux-musl/lib -rpath=/opt/lede-toolchain-ramips-mt7621_gcc-5.4.0_musl-1.1.24.Linux-x86_64/toolchain-mipsel_24kc_gcc-5.4.0_musl-1.1.24/bin//../../lib:/opt/lede-toolchain-ramips-mt7621_gcc-5.4.0_musl-1.1.24.Linux-x86_64/toolchain-mipsel_24kc_gcc-5.4.0_musl-1.1.24/bin//../../usr/lib -lssp_nonshared -lgcc_s -lc -lgcc_s /opt/lede-toolchain-ramips-mt7621_gcc-5.4.0_musl-1.1.24.Linux-x86_64/toolchain-mipsel_24kc_gcc-5.4.0_musl-1.1.24/bin/../lib/gcc/mipsel-openwrt-linux-musl/5.4.0/crtend.o /opt/lede-toolchain-ramips-mt7621_gcc-5.4.0_musl-1.1.24.Linux-x86_64/toolchain-mipsel_24kc_gcc-5.4.0_musl-1.1.24/bin/../lib/gcc/mipsel-openwrt-linux-musl/5.4.0/../../../../mipsel-openwrt-linux-musl/lib/crtn.o
/opt/lede-toolchain-ramips-mt7621_gcc-5.4.0_musl-1.1.24.Linux-x86_64/toolchain-mipsel_24kc_gcc-5.4.0_musl-1.1.24/bin/../lib/gcc/mipsel-openwrt-linux-musl/5.4.0/../../../../mipsel-openwrt-linux-musl/lib/crt1.o: In function `_start_c':
/data2/heidi_wen/SW4_git/OpenWRT_4210_20230308/mtk-openwrt-lede-4.2.1.0/build_dir/toolchain-mipsel_24kc_gcc-5.4.0_musl-1.1.24/musl-1.1.24/crt/crt1.c:18: undefined reference to `main'
/data2/heidi_wen/SW4_git/OpenWRT_4210_20230308/mtk-openwrt-lede-4.2.1.0/build_dir/toolchain-mipsel_24kc_gcc-5.4.0_musl-1.1.24/musl-1.1.24/crt/crt1.c:18: undefined reference to `main'
collect2: error: ld returned 1 exit status
configure:2062: $? = 1
configure:2064: /opt/lede-toolchain-ramips-mt7621_gcc-5.4.0_musl-1.1.24.Linux-x86_64/toolchain-mipsel_24kc_gcc-5.4.0_musl-1.1.24/bin/mipsel-openwrt-linux-musl-gcc -V </dev/null >&5
mipsel-openwrt-linux-musl-gcc.bin: error: unrecognized command line option '-V'
configure:2067: $? = 1
configure:2090: checking for C compiler default output file name
configure:2093: /opt/lede-toolchain-ramips-mt7621_gcc-5.4.0_musl-1.1.24.Linux-x86_64/toolchain-mipsel_24kc_gcc-5.4.0_musl-1.1.24/bin/mipsel-openwrt-linux-musl-gcc -Os -Wall -DLINUX26 -DCONFIG_RALINK -DMUSL_LIBC -DDEBUG_NOISY -DDEBUG_RCTEST -D_GNU_SOURCE -D__UAPI_DEF_ETHHDR -DRALINK_DBDC_MODE -pipe -funit-at-a-time -Wno-pointer-sign -mtune=mips32 -mips32 -DLINUX_KERNEL_VERSION=263366 --sysroot=/opt/lede-toolchain-ramips-mt7621_gcc-5.4.0_musl-1.1.24.Linux-x86_64/toolchain-mipsel_24kc_gcc-5.4.0_musl-1.1.24    conftest.c  >&5
configure:2096: $? = 0
configure:2142: result: a.out
configure:2147: checking whether the C compiler works
configure:2173: result: yes
configure:2180: checking whether we are cross compiling
configure:2182: result: yes
configure:2185: checking for suffix of executables
configure:2187: /opt/lede-toolchain-ramips-mt7621_gcc-5.4.0_musl-1.1.24.Linux-x86_64/toolchain-mipsel_24kc_gcc-5.4.0_musl-1.1.24/bin/mipsel-openwrt-linux-musl-gcc -o conftest -Os -Wall -DLINUX26 -DCONFIG_RALINK -DMUSL_LIBC -DDEBUG_NOISY -DDEBUG_RCTEST -D_GNU_SOURCE -D__UAPI_DEF_ETHHDR -DRALINK_DBDC_MODE -pipe -funit-at-a-time -Wno-pointer-sign -mtune=mips32 -mips32 -DLINUX_KERNEL_VERSION=263366 --sysroot=/opt/lede-toolchain-ramips-mt7621_gcc-5.4.0_musl-1.1.24.Linux-x86_64/toolchain-mipsel_24kc_gcc-5.4.0_musl-1.1.24    conftest.c  >&5
configure:2190: $? = 0
configure:2215: result: 
configure:2221: checking for suffix of object files
configure:2242: /opt/lede-toolchain-ramips-mt7621_gcc-5.4.0_musl-1.1.24.Linux-x86_64/toolchain-mipsel_24kc_gcc-5.4.0_musl-1.1.24/bin/mipsel-openwrt-linux-musl-gcc -c -Os -Wall -DLINUX26 -DCONFIG_RALINK -DMUSL_LIBC -DDEBUG_NOISY -DDEBUG_RCTEST -D_GNU_SOURCE -D__UAPI_DEF_ETHHDR -DRALINK_DBDC_MODE -pipe -funit-at-a-time -Wno-pointer-sign -mtune=mips32 -mips32 -DLINUX_KERNEL_VERSION=263366 --sysroot=/opt/lede-toolchain-ramips-mt7621_gcc-5.4.0_musl-1.1.24.Linux-x86_64/toolchain-mipsel_24kc_gcc-5.4.0_musl-1.1.24   conftest.c >&5
configure:2245: $? = 0
configure:2267: result: o
configure:2271: checking whether we are using the GNU C compiler
configure:2295: /opt/lede-toolchain-ramips-mt7621_gcc-5.4.0_musl-1.1.24.Linux-x86_64/toolchain-mipsel_24kc_gcc-5.4.0_musl-1.1.24/bin/mipsel-openwrt-linux-musl-gcc -c -Os -Wall -DLINUX26 -DCONFIG_RALINK -DMUSL_LIBC -DDEBUG_NOISY -DDEBUG_RCTEST -D_GNU_SOURCE -D__UAPI_DEF_ETHHDR -DRALINK_DBDC_MODE -pipe -funit-at-a-time -Wno-pointer-sign -mtune=mips32 -mips32 -DLINUX_KERNEL_VERSION=263366 --sysroot=/opt/lede-toolchain-ramips-mt7621_gcc-5.4.0_musl-1.1.24.Linux-x86_64/toolchain-mipsel_24kc_gcc-5.4.0_musl-1.1.24   conftest.c >&5
configure:2301: $? = 0
configure:2304: test -z 			 || test ! -s conftest.err
configure:2307: $? = 0
configure:2310: test -s conftest.o
configure:2313: $? = 0
configure:2326: result: yes
configure:2332: checking whether /opt/lede-toolchain-ramips-mt7621_gcc-5.4.0_musl-1.1.24.Linux-x86_64/toolchain-mipsel_24kc_gcc-5.4.0_musl-1.1.24/bin/mipsel-openwrt-linux-musl-gcc accepts -g
configure:2353: /opt/lede-toolchain-ramips-mt7621_gcc-5.4.0_musl-1.1.24.Linux-x86_64/toolchain-mipsel_24kc_gcc-5.4.0_musl-1.1.24/bin/mipsel-openwrt-linux-musl-gcc -c -g  conftest.c >&5
configure:2359: $? = 0
configure:2362: test -z 			 || test ! -s conftest.err
configure:2365: $? = 0
configure:2368: test -s conftest.o
configure:2371: $? = 0
configure:2382: result: yes
configure:2399: checking for /opt/lede-toolchain-ramips-mt7621_gcc-5.4.0_musl-1.1.24.Linux-x86_64/toolchain-mipsel_24kc_gcc-5.4.0_musl-1.1.24/bin/mipsel-openwrt-linux-musl-gcc option to accept ANSI C
configure:2469: /opt/lede-toolchain-ramips-mt7621_gcc-5.4.0_musl-1.1.24.Linux-x86_64/toolchain-mipsel_24kc_gcc-5.4.0_musl-1.1.24/bin/mipsel-openwrt-linux-musl-gcc  -c -Os -Wall -DLINUX26 -DCONFIG_RALINK -DMUSL_LIBC -DDEBUG_NOISY -DDEBUG_RCTEST -D_GNU_SOURCE -D__UAPI_DEF_ETHHDR -DRALINK_DBDC_MODE -pipe -funit-at-a-time -Wno-pointer-sign -mtune=mips32 -mips32 -DLINUX_KERNEL_VERSION=263366 --sysroot=/opt/lede-toolchain-ramips-mt7621_gcc-5.4.0_musl-1.1.24.Linux-x86_64/toolchain-mipsel_24kc_gcc-5.4.0_musl-1.1.24   conftest.c >&5
configure:2475: $? = 0
configure:2478: test -z 			 || test ! -s conftest.err
configure:2481: $? = 0
configure:2484: test -s conftest.o
configure:2487: $? = 0
configure:2505: result: none needed
configure:2523: /opt/lede-toolchain-ramips-mt7621_gcc-5.4.0_musl-1.1.24.Linux-x86_64/toolchain-mipsel_24kc_gcc-5.4.0_musl-1.1.24/bin/mipsel-openwrt-linux-musl-gcc -c -Os -Wall -DLINUX26 -DCONFIG_RALINK -DMUSL_LIBC -DDEBUG_NOISY -DDEBUG_RCTEST -D_GNU_SOURCE -D__UAPI_DEF_ETHHDR -DRALINK_DBDC_MODE -pipe -funit-at-a-time -Wno-pointer-sign -mtune=mips32 -mips32 -DLINUX_KERNEL_VERSION=263366 --sysroot=/opt/lede-toolchain-ramips-mt7621_gcc-5.4.0_musl-1.1.24.Linux-x86_64/toolchain-mipsel_24kc_gcc-5.4.0_musl-1.1.24   conftest.c >&5
conftest.c:2:3: error: unknown type name 'choke'
   choke me
   ^
conftest.c:2:3: error: expected '=', ',', ';', 'asm' or '__attribute__' at end of input
configure:2529: $? = 1
configure: failed program was:
| #ifndef __cplusplus
|   choke me
| #endif
configure:2664: checking how to run the C preprocessor
configure:2699: /opt/lede-toolchain-ramips-mt7621_gcc-5.4.0_musl-1.1.24.Linux-x86_64/toolchain-mipsel_24kc_gcc-5.4.0_musl-1.1.24/bin/mipsel-openwrt-linux-musl-gcc -E  conftest.c
configure:2705: $? = 0
configure:2737: /opt/lede-toolchain-ramips-mt7621_gcc-5.4.0_musl-1.1.24.Linux-x86_64/toolchain-mipsel_24kc_gcc-5.4.0_musl-1.1.24/bin/mipsel-openwrt-linux-musl-gcc -E  conftest.c
conftest.c:9:28: fatal error: ac_nonexistent.h: No such file or directory
compilation terminated.
configure:2743: $? = 1
configure: failed program was:
| /* confdefs.h.  */
| 
| #define PACKAGE_NAME "lzo"
| #define PACKAGE_TARNAME "lzo"
| #define PACKAGE_VERSION "2.03"
| #define PACKAGE_STRING "lzo 2.03"
| #define PACKAGE_BUGREPORT "markus@oberhumer.com"
| /* end confdefs.h.  */
| #include <ac_nonexistent.h>
configure:2782: result: /opt/lede-toolchain-ramips-mt7621_gcc-5.4.0_musl-1.1.24.Linux-x86_64/toolchain-mipsel_24kc_gcc-5.4.0_musl-1.1.24/bin/mipsel-openwrt-linux-musl-gcc -E
configure:2806: /opt/lede-toolchain-ramips-mt7621_gcc-5.4.0_musl-1.1.24.Linux-x86_64/toolchain-mipsel_24kc_gcc-5.4.0_musl-1.1.24/bin/mipsel-openwrt-linux-musl-gcc -E  conftest.c
configure:2812: $? = 0
configure:2844: /opt/lede-toolchain-ramips-mt7621_gcc-5.4.0_musl-1.1.24.Linux-x86_64/toolchain-mipsel_24kc_gcc-5.4.0_musl-1.1.24/bin/mipsel-openwrt-linux-musl-gcc -E  conftest.c
conftest.c:9:28: fatal error: ac_nonexistent.h: No such file or directory
compilation terminated.
configure:2850: $? = 1
configure: failed program was:
| /* confdefs.h.  */
| 
| #define PACKAGE_NAME "lzo"
| #define PACKAGE_TARNAME "lzo"
| #define PACKAGE_VERSION "2.03"
| #define PACKAGE_STRING "lzo 2.03"
| #define PACKAGE_BUGREPORT "markus@oberhumer.com"
| /* end confdefs.h.  */
| #include <ac_nonexistent.h>
configure:2894: checking whether the C preprocessor needs special flags
configure:2928: /opt/lede-toolchain-ramips-mt7621_gcc-5.4.0_musl-1.1.24.Linux-x86_64/toolchain-mipsel_24kc_gcc-5.4.0_musl-1.1.24/bin/mipsel-openwrt-linux-musl-gcc -c -Os -Wall -DLINUX26 -DCONFIG_RALINK -DMUSL_LIBC -DDEBUG_NOISY -DDEBUG_RCTEST -D_GNU_SOURCE -D__UAPI_DEF_ETHHDR -DRALINK_DBDC_MODE -pipe -funit-at-a-time -Wno-pointer-sign -mtune=mips32 -mips32 -DLINUX_KERNEL_VERSION=263366 --sysroot=/opt/lede-toolchain-ramips-mt7621_gcc-5.4.0_musl-1.1.24.Linux-x86_64/toolchain-mipsel_24kc_gcc-5.4.0_musl-1.1.24    conftest.c >&5
configure:2934: $? = 0
configure:2937: test -z 			 || test ! -s conftest.err
configure:2940: $? = 0
configure:2943: test -s conftest.o
configure:2946: $? = 0
configure:2961: result: none needed
configure:2978: checking for an ANSI C-conforming const
configure:3045: /opt/lede-toolchain-ramips-mt7621_gcc-5.4.0_musl-1.1.24.Linux-x86_64/toolchain-mipsel_24kc_gcc-5.4.0_musl-1.1.24/bin/mipsel-openwrt-linux-musl-gcc -c -Os -Wall -DLINUX26 -DCONFIG_RALINK -DMUSL_LIBC -DDEBUG_NOISY -DDEBUG_RCTEST -D_GNU_SOURCE -D__UAPI_DEF_ETHHDR -DRALINK_DBDC_MODE -pipe -funit-at-a-time -Wno-pointer-sign -mtune=mips32 -mips32 -DLINUX_KERNEL_VERSION=263366 --sysroot=/opt/lede-toolchain-ramips-mt7621_gcc-5.4.0_musl-1.1.24.Linux-x86_64/toolchain-mipsel_24kc_gcc-5.4.0_musl-1.1.24   conftest.c >&5
conftest.c: In function 'main':
conftest.c:36:17: warning: unused variable 's' [-Wunused-variable]
     char const *s = 0 ? (char *) 0 : (char const *) 0;
                 ^
conftest.c:56:15: warning: unused variable 'foo' [-Wunused-variable]
     const int foo = 10;
               ^
conftest.c:23:29: warning: unused variable 'zero' [-Wunused-variable]
   static struct point const zero = {0,0};
                             ^
conftest.c:17:17: warning: unused variable 'x' [-Wunused-variable]
   const charset x;
                 ^
conftest.c:38:7: warning: 't' is used uninitialized in this function [-Wuninitialized]
     *t++ = 0;
       ^
conftest.c:53:23: warning: 'b' is used uninitialized in this function [-Wuninitialized]
     struct s *b; b->j = 5;
                       ^
configure:3051: $? = 0
configure:3054: test -z 			 || test ! -s conftest.err
configure:3057: $? = 0
configure:3060: test -s conftest.o
configure:3063: $? = 0
configure:3074: result: yes
configure:3085: checking whether byte ordering is bigendian
configure:3112: /opt/lede-toolchain-ramips-mt7621_gcc-5.4.0_musl-1.1.24.Linux-x86_64/toolchain-mipsel_24kc_gcc-5.4.0_musl-1.1.24/bin/mipsel-openwrt-linux-musl-gcc -c -Os -Wall -DLINUX26 -DCONFIG_RALINK -DMUSL_LIBC -DDEBUG_NOISY -DDEBUG_RCTEST -D_GNU_SOURCE -D__UAPI_DEF_ETHHDR -DRALINK_DBDC_MODE -pipe -funit-at-a-time -Wno-pointer-sign -mtune=mips32 -mips32 -DLINUX_KERNEL_VERSION=263366 --sysroot=/opt/lede-toolchain-ramips-mt7621_gcc-5.4.0_musl-1.1.24.Linux-x86_64/toolchain-mipsel_24kc_gcc-5.4.0_musl-1.1.24   conftest.c >&5
configure:3118: $? = 0
configure:3121: test -z 			 || test ! -s conftest.err
configure:3124: $? = 0
configure:3127: test -s conftest.o
configure:3130: $? = 0
configure:3154: /opt/lede-toolchain-ramips-mt7621_gcc-5.4.0_musl-1.1.24.Linux-x86_64/toolchain-mipsel_24kc_gcc-5.4.0_musl-1.1.24/bin/mipsel-openwrt-linux-musl-gcc -c -Os -Wall -DLINUX26 -DCONFIG_RALINK -DMUSL_LIBC -DDEBUG_NOISY -DDEBUG_RCTEST -D_GNU_SOURCE -D__UAPI_DEF_ETHHDR -DRALINK_DBDC_MODE -pipe -funit-at-a-time -Wno-pointer-sign -mtune=mips32 -mips32 -DLINUX_KERNEL_VERSION=263366 --sysroot=/opt/lede-toolchain-ramips-mt7621_gcc-5.4.0_musl-1.1.24.Linux-x86_64/toolchain-mipsel_24kc_gcc-5.4.0_musl-1.1.24   conftest.c >&5
conftest.c: In function 'main':
conftest.c:16:2: error: unknown type name 'not'
  not big endian
  ^
conftest.c:16:10: error: expected '=', ',', ';', 'asm' or '__attribute__' before 'endian'
  not big endian
          ^
configure:3160: $? = 1
configure: failed program was:
| /* confdefs.h.  */
| 
| #define PACKAGE_NAME "lzo"
| #define PACKAGE_TARNAME "lzo"
| #define PACKAGE_VERSION "2.03"
| #define PACKAGE_STRING "lzo 2.03"
| #define PACKAGE_BUGREPORT "markus@oberhumer.com"
| /* end confdefs.h.  */
| #include <sys/types.h>
| #include <sys/param.h>
| 
| int
| main ()
| {
| #if BYTE_ORDER != BIG_ENDIAN
|  not big endian
| #endif
| 
|   ;
|   return 0;
| }
configure:3293: result: no
configure:3324: checking for special C compiler options needed for large files
configure:3421: result: no
configure:3427: checking for _FILE_OFFSET_BITS value needed for large files
configure:3458: /opt/lede-toolchain-ramips-mt7621_gcc-5.4.0_musl-1.1.24.Linux-x86_64/toolchain-mipsel_24kc_gcc-5.4.0_musl-1.1.24/bin/mipsel-openwrt-linux-musl-gcc -c -Os -Wall -DLINUX26 -DCONFIG_RALINK -DMUSL_LIBC -DDEBUG_NOISY -DDEBUG_RCTEST -D_GNU_SOURCE -D__UAPI_DEF_ETHHDR -DRALINK_DBDC_MODE -pipe -funit-at-a-time -Wno-pointer-sign -mtune=mips32 -mips32 -DLINUX_KERNEL_VERSION=263366 --sysroot=/opt/lede-toolchain-ramips-mt7621_gcc-5.4.0_musl-1.1.24.Linux-x86_64/toolchain-mipsel_24kc_gcc-5.4.0_musl-1.1.24   conftest.c >&5
configure:3464: $? = 0
configure:3467: test -z 			 || test ! -s conftest.err
configure:3470: $? = 0
configure:3473: test -s conftest.o
configure:3476: $? = 0
configure:3540: result: no
configure:3550: checking for _LARGE_FILES value needed for large files
configure:3581: /opt/lede-toolchain-ramips-mt7621_gcc-5.4.0_musl-1.1.24.Linux-x86_64/toolchain-mipsel_24kc_gcc-5.4.0_musl-1.1.24/bin/mipsel-openwrt-linux-musl-gcc -c -Os -Wall -DLINUX26 -DCONFIG_RALINK -DMUSL_LIBC -DDEBUG_NOISY -DDEBUG_RCTEST -D_GNU_SOURCE -D__UAPI_DEF_ETHHDR -DRALINK_DBDC_MODE -pipe -funit-at-a-time -Wno-pointer-sign -mtune=mips32 -mips32 -DLINUX_KERNEL_VERSION=263366 --sysroot=/opt/lede-toolchain-ramips-mt7621_gcc-5.4.0_musl-1.1.24.Linux-x86_64/toolchain-mipsel_24kc_gcc-5.4.0_musl-1.1.24   conftest.c >&5
configure:3587: $? = 0
configure:3590: test -z 			 || test ! -s conftest.err
configure:3593: $? = 0
configure:3596: test -s conftest.o
configure:3599: $? = 0
configure:3663: result: no
configure:3690: checking for a BSD-compatible install
configure:3745: result: /usr/bin/install -c
configure:3756: checking whether build environment is sane
configure:3799: result: yes
configure:3864: checking for gawk
configure:3880: found /usr/bin/gawk
configure:3890: result: gawk
configure:3900: checking whether make sets $(MAKE)
configure:3920: result: yes
configure:3950: checking for style of include used by make
configure:3978: result: GNU
configure:4061: checking for mipsel-linux-strip
configure:4087: result: /opt/lede-toolchain-ramips-mt7621_gcc-5.4.0_musl-1.1.24.Linux-x86_64/toolchain-mipsel_24kc_gcc-5.4.0_musl-1.1.24/bin/mipsel-openwrt-linux-musl-strip -R .note -R .comment
configure:4154: checking dependency style of /opt/lede-toolchain-ramips-mt7621_gcc-5.4.0_musl-1.1.24.Linux-x86_64/toolchain-mipsel_24kc_gcc-5.4.0_musl-1.1.24/bin/mipsel-openwrt-linux-musl-gcc
configure:4244: result: gcc3
configure:4338: checking for a sed that does not truncate output
configure:4392: result: /bin/sed
configure:4395: checking for egrep
configure:4405: result: grep -E
configure:4421: checking for ld used by /opt/lede-toolchain-ramips-mt7621_gcc-5.4.0_musl-1.1.24.Linux-x86_64/toolchain-mipsel_24kc_gcc-5.4.0_musl-1.1.24/bin/mipsel-openwrt-linux-musl-gcc
configure:4488: result: /opt/lede-toolchain-ramips-mt7621_gcc-5.4.0_musl-1.1.24.Linux-x86_64/toolchain-mipsel_24kc_gcc-5.4.0_musl-1.1.24/bin/mipsel-openwrt-linux-musl-ld
configure:4497: checking if the linker (/opt/lede-toolchain-ramips-mt7621_gcc-5.4.0_musl-1.1.24.Linux-x86_64/toolchain-mipsel_24kc_gcc-5.4.0_musl-1.1.24/bin/mipsel-openwrt-linux-musl-ld) is GNU ld
configure:4512: result: yes
configure:4517: checking for /opt/lede-toolchain-ramips-mt7621_gcc-5.4.0_musl-1.1.24.Linux-x86_64/toolchain-mipsel_24kc_gcc-5.4.0_musl-1.1.24/bin/mipsel-openwrt-linux-musl-ld option to reload object files
configure:4524: result: -r
configure:4542: checking for BSD-compatible nm
configure:4591: result: /opt/lede-toolchain-ramips-mt7621_gcc-5.4.0_musl-1.1.24.Linux-x86_64/toolchain-mipsel_24kc_gcc-5.4.0_musl-1.1.24/bin/mipsel-openwrt-linux-musl-nm
configure:4595: checking whether ln -s works
configure:4599: result: yes
configure:4606: checking how to recognise dependent libraries
configure:4782: result: pass_all
configure:5013: checking for ANSI C header files
configure:5038: /opt/lede-toolchain-ramips-mt7621_gcc-5.4.0_musl-1.1.24.Linux-x86_64/toolchain-mipsel_24kc_gcc-5.4.0_musl-1.1.24/bin/mipsel-openwrt-linux-musl-gcc -c -Os -Wall -DLINUX26 -DCONFIG_RALINK -DMUSL_LIBC -DDEBUG_NOISY -DDEBUG_RCTEST -D_GNU_SOURCE -D__UAPI_DEF_ETHHDR -DRALINK_DBDC_MODE -pipe -funit-at-a-time -Wno-pointer-sign -mtune=mips32 -mips32 -DLINUX_KERNEL_VERSION=263366 --sysroot=/opt/lede-toolchain-ramips-mt7621_gcc-5.4.0_musl-1.1.24.Linux-x86_64/toolchain-mipsel_24kc_gcc-5.4.0_musl-1.1.24   conftest.c >&5
configure:5044: $? = 0
configure:5047: test -z 			 || test ! -s conftest.err
configure:5050: $? = 0
configure:5053: test -s conftest.o
configure:5056: $? = 0
configure:5168: result: yes
configure:5192: checking for sys/types.h
configure:5208: /opt/lede-toolchain-ramips-mt7621_gcc-5.4.0_musl-1.1.24.Linux-x86_64/toolchain-mipsel_24kc_gcc-5.4.0_musl-1.1.24/bin/mipsel-openwrt-linux-musl-gcc -c -Os -Wall -DLINUX26 -DCONFIG_RALINK -DMUSL_LIBC -DDEBUG_NOISY -DDEBUG_RCTEST -D_GNU_SOURCE -D__UAPI_DEF_ETHHDR -DRALINK_DBDC_MODE -pipe -funit-at-a-time -Wno-pointer-sign -mtune=mips32 -mips32 -DLINUX_KERNEL_VERSION=263366 --sysroot=/opt/lede-toolchain-ramips-mt7621_gcc-5.4.0_musl-1.1.24.Linux-x86_64/toolchain-mipsel_24kc_gcc-5.4.0_musl-1.1.24   conftest.c >&5
configure:5214: $? = 0
configure:5217: test -z 			 || test ! -s conftest.err
configure:5220: $? = 0
configure:5223: test -s conftest.o
configure:5226: $? = 0
configure:5237: result: yes
configure:5192: checking for sys/stat.h
configure:5208: /opt/lede-toolchain-ramips-mt7621_gcc-5.4.0_musl-1.1.24.Linux-x86_64/toolchain-mipsel_24kc_gcc-5.4.0_musl-1.1.24/bin/mipsel-openwrt-linux-musl-gcc -c -Os -Wall -DLINUX26 -DCONFIG_RALINK -DMUSL_LIBC -DDEBUG_NOISY -DDEBUG_RCTEST -D_GNU_SOURCE -D__UAPI_DEF_ETHHDR -DRALINK_DBDC_MODE -pipe -funit-at-a-time -Wno-pointer-sign -mtune=mips32 -mips32 -DLINUX_KERNEL_VERSION=263366 --sysroot=/opt/lede-toolchain-ramips-mt7621_gcc-5.4.0_musl-1.1.24.Linux-x86_64/toolchain-mipsel_24kc_gcc-5.4.0_musl-1.1.24   conftest.c >&5
configure:5214: $? = 0
configure:5217: test -z 			 || test ! -s conftest.err
configure:5220: $? = 0
configure:5223: test -s conftest.o
configure:5226: $? = 0
configure:5237: result: yes
configure:5192: checking for stdlib.h
configure:5208: /opt/lede-toolchain-ramips-mt7621_gcc-5.4.0_musl-1.1.24.Linux-x86_64/toolchain-mipsel_24kc_gcc-5.4.0_musl-1.1.24/bin/mipsel-openwrt-linux-musl-gcc -c -Os -Wall -DLINUX26 -DCONFIG_RALINK -DMUSL_LIBC -DDEBUG_NOISY -DDEBUG_RCTEST -D_GNU_SOURCE -D__UAPI_DEF_ETHHDR -DRALINK_DBDC_MODE -pipe -funit-at-a-time -Wno-pointer-sign -mtune=mips32 -mips32 -DLINUX_KERNEL_VERSION=263366 --sysroot=/opt/lede-toolchain-ramips-mt7621_gcc-5.4.0_musl-1.1.24.Linux-x86_64/toolchain-mipsel_24kc_gcc-5.4.0_musl-1.1.24   conftest.c >&5
configure:5214: $? = 0
configure:5217: test -z 			 || test ! -s conftest.err
configure:5220: $? = 0
configure:5223: test -s conftest.o
configure:5226: $? = 0
configure:5237: result: yes
configure:5192: checking for string.h
configure:5208: /opt/lede-toolchain-ramips-mt7621_gcc-5.4.0_musl-1.1.24.Linux-x86_64/toolchain-mipsel_24kc_gcc-5.4.0_musl-1.1.24/bin/mipsel-openwrt-linux-musl-gcc -c -Os -Wall -DLINUX26 -DCONFIG_RALINK -DMUSL_LIBC -DDEBUG_NOISY -DDEBUG_RCTEST -D_GNU_SOURCE -D__UAPI_DEF_ETHHDR -DRALINK_DBDC_MODE -pipe -funit-at-a-time -Wno-pointer-sign -mtune=mips32 -mips32 -DLINUX_KERNEL_VERSION=263366 --sysroot=/opt/lede-toolchain-ramips-mt7621_gcc-5.4.0_musl-1.1.24.Linux-x86_64/toolchain-mipsel_24kc_gcc-5.4.0_musl-1.1.24   conftest.c >&5
configure:5214: $? = 0
configure:5217: test -z 			 || test ! -s conftest.err
configure:5220: $? = 0
configure:5223: test -s conftest.o
configure:5226: $? = 0
configure:5237: result: yes
configure:5192: checking for memory.h
configure:5208: /opt/lede-toolchain-ramips-mt7621_gcc-5.4.0_musl-1.1.24.Linux-x86_64/toolchain-mipsel_24kc_gcc-5.4.0_musl-1.1.24/bin/mipsel-openwrt-linux-musl-gcc -c -Os -Wall -DLINUX26 -DCONFIG_RALINK -DMUSL_LIBC -DDEBUG_NOISY -DDEBUG_RCTEST -D_GNU_SOURCE -D__UAPI_DEF_ETHHDR -DRALINK_DBDC_MODE -pipe -funit-at-a-time -Wno-pointer-sign -mtune=mips32 -mips32 -DLINUX_KERNEL_VERSION=263366 --sysroot=/opt/lede-toolchain-ramips-mt7621_gcc-5.4.0_musl-1.1.24.Linux-x86_64/toolchain-mipsel_24kc_gcc-5.4.0_musl-1.1.24   conftest.c >&5
configure:5214: $? = 0
configure:5217: test -z 			 || test ! -s conftest.err
configure:5220: $? = 0
configure:5223: test -s conftest.o
configure:5226: $? = 0
configure:5237: result: yes
configure:5192: checking for strings.h
configure:5208: /opt/lede-toolchain-ramips-mt7621_gcc-5.4.0_musl-1.1.24.Linux-x86_64/toolchain-mipsel_24kc_gcc-5.4.0_musl-1.1.24/bin/mipsel-openwrt-linux-musl-gcc -c -Os -Wall -DLINUX26 -DCONFIG_RALINK -DMUSL_LIBC -DDEBUG_NOISY -DDEBUG_RCTEST -D_GNU_SOURCE -D__UAPI_DEF_ETHHDR -DRALINK_DBDC_MODE -pipe -funit-at-a-time -Wno-pointer-sign -mtune=mips32 -mips32 -DLINUX_KERNEL_VERSION=263366 --sysroot=/opt/lede-toolchain-ramips-mt7621_gcc-5.4.0_musl-1.1.24.Linux-x86_64/toolchain-mipsel_24kc_gcc-5.4.0_musl-1.1.24   conftest.c >&5
configure:5214: $? = 0
configure:5217: test -z 			 || test ! -s conftest.err
configure:5220: $? = 0
configure:5223: test -s conftest.o
configure:5226: $? = 0
configure:5237: result: yes
configure:5192: checking for inttypes.h
configure:5208: /opt/lede-toolchain-ramips-mt7621_gcc-5.4.0_musl-1.1.24.Linux-x86_64/toolchain-mipsel_24kc_gcc-5.4.0_musl-1.1.24/bin/mipsel-openwrt-linux-musl-gcc -c -Os -Wall -DLINUX26 -DCONFIG_RALINK -DMUSL_LIBC -DDEBUG_NOISY -DDEBUG_RCTEST -D_GNU_SOURCE -D__UAPI_DEF_ETHHDR -DRALINK_DBDC_MODE -pipe -funit-at-a-time -Wno-pointer-sign -mtune=mips32 -mips32 -DLINUX_KERNEL_VERSION=263366 --sysroot=/opt/lede-toolchain-ramips-mt7621_gcc-5.4.0_musl-1.1.24.Linux-x86_64/toolchain-mipsel_24kc_gcc-5.4.0_musl-1.1.24   conftest.c >&5
configure:5214: $? = 0
configure:5217: test -z 			 || test ! -s conftest.err
configure:5220: $? = 0
configure:5223: test -s conftest.o
configure:5226: $? = 0
configure:5237: result: yes
configure:5192: checking for stdint.h
configure:5208: /opt/lede-toolchain-ramips-mt7621_gcc-5.4.0_musl-1.1.24.Linux-x86_64/toolchain-mipsel_24kc_gcc-5.4.0_musl-1.1.24/bin/mipsel-openwrt-linux-musl-gcc -c -Os -Wall -DLINUX26 -DCONFIG_RALINK -DMUSL_LIBC -DDEBUG_NOISY -DDEBUG_RCTEST -D_GNU_SOURCE -D__UAPI_DEF_ETHHDR -DRALINK_DBDC_MODE -pipe -funit-at-a-time -Wno-pointer-sign -mtune=mips32 -mips32 -DLINUX_KERNEL_VERSION=263366 --sysroot=/opt/lede-toolchain-ramips-mt7621_gcc-5.4.0_musl-1.1.24.Linux-x86_64/toolchain-mipsel_24kc_gcc-5.4.0_musl-1.1.24   conftest.c >&5
configure:5214: $? = 0
configure:5217: test -z 			 || test ! -s conftest.err
configure:5220: $? = 0
configure:5223: test -s conftest.o
configure:5226: $? = 0
configure:5237: result: yes
configure:5192: checking for unistd.h
configure:5208: /opt/lede-toolchain-ramips-mt7621_gcc-5.4.0_musl-1.1.24.Linux-x86_64/toolchain-mipsel_24kc_gcc-5.4.0_musl-1.1.24/bin/mipsel-openwrt-linux-musl-gcc -c -Os -Wall -DLINUX26 -DCONFIG_RALINK -DMUSL_LIBC -DDEBUG_NOISY -DDEBUG_RCTEST -D_GNU_SOURCE -D__UAPI_DEF_ETHHDR -DRALINK_DBDC_MODE -pipe -funit-at-a-time -Wno-pointer-sign -mtune=mips32 -mips32 -DLINUX_KERNEL_VERSION=263366 --sysroot=/opt/lede-toolchain-ramips-mt7621_gcc-5.4.0_musl-1.1.24.Linux-x86_64/toolchain-mipsel_24kc_gcc-5.4.0_musl-1.1.24   conftest.c >&5
configure:5214: $? = 0
configure:5217: test -z 			 || test ! -s conftest.err
configure:5220: $? = 0
configure:5223: test -s conftest.o
configure:5226: $? = 0
configure:5237: result: yes
configure:5263: checking dlfcn.h usability
configure:5275: /opt/lede-toolchain-ramips-mt7621_gcc-5.4.0_musl-1.1.24.Linux-x86_64/toolchain-mipsel_24kc_gcc-5.4.0_musl-1.1.24/bin/mipsel-openwrt-linux-musl-gcc -c -Os -Wall -DLINUX26 -DCONFIG_RALINK -DMUSL_LIBC -DDEBUG_NOISY -DDEBUG_RCTEST -D_GNU_SOURCE -D__UAPI_DEF_ETHHDR -DRALINK_DBDC_MODE -pipe -funit-at-a-time -Wno-pointer-sign -mtune=mips32 -mips32 -DLINUX_KERNEL_VERSION=263366 --sysroot=/opt/lede-toolchain-ramips-mt7621_gcc-5.4.0_musl-1.1.24.Linux-x86_64/toolchain-mipsel_24kc_gcc-5.4.0_musl-1.1.24   conftest.c >&5
configure:5281: $? = 0
configure:5284: test -z 			 || test ! -s conftest.err
configure:5287: $? = 0
configure:5290: test -s conftest.o
configure:5293: $? = 0
configure:5303: result: yes
configure:5307: checking dlfcn.h presence
configure:5317: /opt/lede-toolchain-ramips-mt7621_gcc-5.4.0_musl-1.1.24.Linux-x86_64/toolchain-mipsel_24kc_gcc-5.4.0_musl-1.1.24/bin/mipsel-openwrt-linux-musl-gcc -E  conftest.c
configure:5323: $? = 0
configure:5343: result: yes
configure:5378: checking for dlfcn.h
configure:5385: result: yes
configure:5408: checking for mipsel-linux-g++
configure:5434: result: /opt/lede-toolchain-ramips-mt7621_gcc-5.4.0_musl-1.1.24.Linux-x86_64/toolchain-mipsel_24kc_gcc-5.4.0_musl-1.1.24/bin/mipsel-openwrt-linux-musl-g++
configure:5492: checking for C++ compiler version
configure:5495: /opt/lede-toolchain-ramips-mt7621_gcc-5.4.0_musl-1.1.24.Linux-x86_64/toolchain-mipsel_24kc_gcc-5.4.0_musl-1.1.24/bin/mipsel-openwrt-linux-musl-g++ --version </dev/null >&5
mipsel-openwrt-linux-musl-g++.bin (LEDE GCC 5.4.0 unknown) 5.4.0
Copyright (C) 2015 Free Software Foundation, Inc.
This is free software; see the source for copying conditions.  There is NO
warranty; not even for MERCHANTABILITY or FITNESS FOR A PARTICULAR PURPOSE.

configure:5498: $? = 0
configure:5500: /opt/lede-toolchain-ramips-mt7621_gcc-5.4.0_musl-1.1.24.Linux-x86_64/toolchain-mipsel_24kc_gcc-5.4.0_musl-1.1.24/bin/mipsel-openwrt-linux-musl-g++ -v </dev/null >&5
Reading specs from /opt/lede-toolchain-ramips-mt7621_gcc-5.4.0_musl-1.1.24.Linux-x86_64/toolchain-mipsel_24kc_gcc-5.4.0_musl-1.1.24/bin/../lib/gcc/mipsel-openwrt-linux-musl/5.4.0/specs
COLLECT_GCC=mipsel-openwrt-linux-musl-g++.bin
COLLECT_LTO_WRAPPER=/opt/lede-toolchain-ramips-mt7621_gcc-5.4.0_musl-1.1.24.Linux-x86_64/toolchain-mipsel_24kc_gcc-5.4.0_musl-1.1.24/bin/../libexec/gcc/mipsel-openwrt-linux-musl/5.4.0/lto-wrapper
Target: mipsel-openwrt-linux-musl
Configured with: /data2/heidi_wen/SW4_git/OpenWRT_4210_20230308/mtk-openwrt-lede-4.2.1.0/build_dir/toolchain-mipsel_24kc_gcc-5.4.0_musl-1.1.24/gcc-5.4.0/configure --with-bugurl=http://www.lede-project.org/bugs/ --with-pkgversion='LEDE GCC 5.4.0 unknown' --prefix=/data2/heidi_wen/SW4_git/OpenWRT_4210_20230308/mtk-openwrt-lede-4.2.1.0/staging_dir/toolchain-mipsel_24kc_gcc-5.4.0_musl-1.1.24 --build=x86_64-linux-gnu --host=x86_64-linux-gnu --target=mipsel-openwrt-linux-musl --with-gnu-ld --enable-target-optspace --disable-libgomp --disable-libmudflap --disable-multilib --disable-libmpx --disable-nls --without-isl --without-cloog --with-host-libstdcxx=-lstdc++ --with-float=soft --with-gmp=/data2/heidi_wen/SW4_git/OpenWRT_4210_20230308/mtk-openwrt-lede-4.2.1.0/staging_dir/host --with-mpfr=/data2/heidi_wen/SW4_git/OpenWRT_4210_20230308/mtk-openwrt-lede-4.2.1.0/staging_dir/host --with-mpc=/data2/heidi_wen/SW4_git/OpenWRT_4210_20230308/mtk-openwrt-lede-4.2.1.0/staging_dir/host --disable-decimal-float --with-mips-plt --with-diagnostics-color=auto-if-env --disable-libssp --enable-__cxa_atexit --with-headers=/data2/heidi_wen/SW4_git/OpenWRT_4210_20230308/mtk-openwrt-lede-4.2.1.0/staging_dir/toolchain-mipsel_24kc_gcc-5.4.0_musl-1.1.24/include --disable-libsanitizer --enable-languages=c,c++ --enable-shared --enable-threads --with-slibdir=/data2/heidi_wen/SW4_git/OpenWRT_4210_20230308/mtk-openwrt-lede-4.2.1.0/staging_dir/toolchain-mipsel_24kc_gcc-5.4.0_musl-1.1.24/lib --enable-lto --with-libelf=/data2/heidi_wen/SW4_git/OpenWRT_4210_20230308/mtk-openwrt-lede-4.2.1.0/staging_dir/host
Thread model: posix
gcc version 5.4.0 (LEDE GCC 5.4.0 unknown) 
COMPILER_PATH=/opt/lede-toolchain-ramips-mt7621_gcc-5.4.0_musl-1.1.24.Linux-x86_64/toolchain-mipsel_24kc_gcc-5.4.0_musl-1.1.24/bin/../libexec/gcc/mipsel-openwrt-linux-musl/5.4.0/:/opt/lede-toolchain-ramips-mt7621_gcc-5.4.0_musl-1.1.24.Linux-x86_64/toolchain-mipsel_24kc_gcc-5.4.0_musl-1.1.24/bin/../libexec/gcc/:/opt/lede-toolchain-ramips-mt7621_gcc-5.4.0_musl-1.1.24.Linux-x86_64/toolchain-mipsel_24kc_gcc-5.4.0_musl-1.1.24/bin/../lib/gcc/mipsel-openwrt-linux-musl/5.4.0/../../../../mipsel-openwrt-linux-musl/bin/
LIBRARY_PATH=/opt/lede-toolchain-ramips-mt7621_gcc-5.4.0_musl-1.1.24.Linux-x86_64/toolchain-mipsel_24kc_gcc-5.4.0_musl-1.1.24/bin/../lib/gcc/mipsel-openwrt-linux-musl/5.4.0/:/opt/lede-toolchain-ramips-mt7621_gcc-5.4.0_musl-1.1.24.Linux-x86_64/toolchain-mipsel_24kc_gcc-5.4.0_musl-1.1.24/bin/../lib/gcc/:/opt/lede-toolchain-ramips-mt7621_gcc-5.4.0_musl-1.1.24.Linux-x86_64/toolchain-mipsel_24kc_gcc-5.4.0_musl-1.1.24/bin/../lib/gcc/mipsel-openwrt-linux-musl/5.4.0/../../../../mipsel-openwrt-linux-musl/lib/
COLLECT_GCC_OPTIONS='-v' '-shared-libgcc' '-msoft-float' '-mllsc' '-mplt' '-mno-shared' '-EL' '-mabi=32'
 /opt/lede-toolchain-ramips-mt7621_gcc-5.4.0_musl-1.1.24.Linux-x86_64/toolchain-mipsel_24kc_gcc-5.4.0_musl-1.1.24/bin/../libexec/gcc/mipsel-openwrt-linux-musl/5.4.0/collect2 -plugin /opt/lede-toolchain-ramips-mt7621_gcc-5.4.0_musl-1.1.24.Linux-x86_64/toolchain-mipsel_24kc_gcc-5.4.0_musl-1.1.24/bin/../libexec/gcc/mipsel-openwrt-linux-musl/5.4.0/liblto_plugin.so -plugin-opt=/opt/lede-toolchain-ramips-mt7621_gcc-5.4.0_musl-1.1.24.Linux-x86_64/toolchain-mipsel_24kc_gcc-5.4.0_musl-1.1.24/bin/../libexec/gcc/mipsel-openwrt-linux-musl/5.4.0/lto-wrapper -plugin-opt=-fresolution=/tmp/ccReK5on.res -plugin-opt=-pass-through=-lgcc_s -plugin-opt=-pass-through=-lc -plugin-opt=-pass-through=-lgcc_s --sysroot=/opt/lede-toolchain-ramips-mt7621_gcc-5.4.0_musl-1.1.24.Linux-x86_64/toolchain-mipsel_24kc_gcc-5.4.0_musl-1.1.24/bin//../.. --eh-frame-hdr -EL -dynamic-linker /lib/ld-musl-mipsel-sf.so.1 -melf32ltsmip /opt/lede-toolchain-ramips-mt7621_gcc-5.4.0_musl-1.1.24.Linux-x86_64/toolchain-mipsel_24kc_gcc-5.4.0_musl-1.1.24/bin/../lib/gcc/mipsel-openwrt-linux-musl/5.4.0/../../../../mipsel-openwrt-linux-musl/lib/crt1.o /opt/lede-toolchain-ramips-mt7621_gcc-5.4.0_musl-1.1.24.Linux-x86_64/toolchain-mipsel_24kc_gcc-5.4.0_musl-1.1.24/bin/../lib/gcc/mipsel-openwrt-linux-musl/5.4.0/../../../../mipsel-openwrt-linux-musl/lib/crti.o /opt/lede-toolchain-ramips-mt7621_gcc-5.4.0_musl-1.1.24.Linux-x86_64/toolchain-mipsel_24kc_gcc-5.4.0_musl-1.1.24/bin/../lib/gcc/mipsel-openwrt-linux-musl/5.4.0/crtbegin.o -L /opt/lede-toolchain-ramips-mt7621_gcc-5.4.0_musl-1.1.24.Linux-x86_64/toolchain-mipsel_24kc_gcc-5.4.0_musl-1.1.24/usr/lib -rpath-link /opt/lede-toolchain-ramips-mt7621_gcc-5.4.0_musl-1.1.24.Linux-x86_64/toolchain-mipsel_24kc_gcc-5.4.0_musl-1.1.24/usr/lib -L/opt/lede-toolchain-ramips-mt7621_gcc-5.4.0_musl-1.1.24.Linux-x86_64/toolchain-mipsel_24kc_gcc-5.4.0_musl-1.1.24/bin/../lib/gcc/mipsel-openwrt-linux-musl/5.4.0 -L/opt/lede-toolchain-ramips-mt7621_gcc-5.4.0_musl-1.1.24.Linux-x86_64/toolchain-mipsel_24kc_gcc-5.4.0_musl-1.1.24/bin/../lib/gcc -L/opt/lede-toolchain-ramips-mt7621_gcc-5.4.0_musl-1.1.24.Linux-x86_64/toolchain-mipsel_24kc_gcc-5.4.0_musl-1.1.24/bin/../lib/gcc/mipsel-openwrt-linux-musl/5.4.0/../../../../mipsel-openwrt-linux-musl/lib -rpath=/opt/lede-toolchain-ramips-mt7621_gcc-5.4.0_musl-1.1.24.Linux-x86_64/toolchain-mipsel_24kc_gcc-5.4.0_musl-1.1.24/bin//../../lib:/opt/lede-toolchain-ramips-mt7621_gcc-5.4.0_musl-1.1.24.Linux-x86_64/toolchain-mipsel_24kc_gcc-5.4.0_musl-1.1.24/bin//../../usr/lib -lstdc++ -lm -lssp_nonshared -lgcc_s -lc -lgcc_s /opt/lede-toolchain-ramips-mt7621_gcc-5.4.0_musl-1.1.24.Linux-x86_64/toolchain-mipsel_24kc_gcc-5.4.0_musl-1.1.24/bin/../lib/gcc/mipsel-openwrt-linux-musl/5.4.0/crtend.o /opt/lede-toolchain-ramips-mt7621_gcc-5.4.0_musl-1.1.24.Linux-x86_64/toolchain-mipsel_24kc_gcc-5.4.0_musl-1.1.24/bin/../lib/gcc/mipsel-openwrt-linux-musl/5.4.0/../../../../mipsel-openwrt-linux-musl/lib/crtn.o
/opt/lede-toolchain-ramips-mt7621_gcc-5.4.0_musl-1.1.24.Linux-x86_64/toolchain-mipsel_24kc_gcc-5.4.0_musl-1.1.24/bin/../lib/gcc/mipsel-openwrt-linux-musl/5.4.0/../../../../mipsel-openwrt-linux-musl/lib/crt1.o: In function `_start_c':
/data2/heidi_wen/SW4_git/OpenWRT_4210_20230308/mtk-openwrt-lede-4.2.1.0/build_dir/toolchain-mipsel_24kc_gcc-5.4.0_musl-1.1.24/musl-1.1.24/crt/crt1.c:18: undefined reference to `main'
/data2/heidi_wen/SW4_git/OpenWRT_4210_20230308/mtk-openwrt-lede-4.2.1.0/build_dir/toolchain-mipsel_24kc_gcc-5.4.0_musl-1.1.24/musl-1.1.24/crt/crt1.c:18: undefined reference to `main'
collect2: error: ld returned 1 exit status
configure:5503: $? = 1
configure:5505: /opt/lede-toolchain-ramips-mt7621_gcc-5.4.0_musl-1.1.24.Linux-x86_64/toolchain-mipsel_24kc_gcc-5.4.0_musl-1.1.24/bin/mipsel-openwrt-linux-musl-g++ -V </dev/null >&5
mipsel-openwrt-linux-musl-g++.bin: error: unrecognized command line option '-V'
configure:5508: $? = 1
configure:5511: checking whether we are using the GNU C++ compiler
configure:5535: /opt/lede-toolchain-ramips-mt7621_gcc-5.4.0_musl-1.1.24.Linux-x86_64/toolchain-mipsel_24kc_gcc-5.4.0_musl-1.1.24/bin/mipsel-openwrt-linux-musl-g++ -c   conftest.cc >&5
configure:5541: $? = 0
configure:5544: test -z 			 || test ! -s conftest.err
configure:5547: $? = 0
configure:5550: test -s conftest.o
configure:5553: $? = 0
configure:5566: result: yes
configure:5572: checking whether /opt/lede-toolchain-ramips-mt7621_gcc-5.4.0_musl-1.1.24.Linux-x86_64/toolchain-mipsel_24kc_gcc-5.4.0_musl-1.1.24/bin/mipsel-openwrt-linux-musl-g++ accepts -g
configure:5593: /opt/lede-toolchain-ramips-mt7621_gcc-5.4.0_musl-1.1.24.Linux-x86_64/toolchain-mipsel_24kc_gcc-5.4.0_musl-1.1.24/bin/mipsel-openwrt-linux-musl-g++ -c -g  conftest.cc >&5
configure:5599: $? = 0
configure:5602: test -z 			 || test ! -s conftest.err
configure:5605: $? = 0
configure:5608: test -s conftest.o
configure:5611: $? = 0
configure:5622: result: yes
configure:5664: /opt/lede-toolchain-ramips-mt7621_gcc-5.4.0_musl-1.1.24.Linux-x86_64/toolchain-mipsel_24kc_gcc-5.4.0_musl-1.1.24/bin/mipsel-openwrt-linux-musl-g++ -c -g -O2  conftest.cc >&5
configure:5670: $? = 0
configure:5673: test -z 			 || test ! -s conftest.err
configure:5676: $? = 0
configure:5679: test -s conftest.o
configure:5682: $? = 0
configure:5708: /opt/lede-toolchain-ramips-mt7621_gcc-5.4.0_musl-1.1.24.Linux-x86_64/toolchain-mipsel_24kc_gcc-5.4.0_musl-1.1.24/bin/mipsel-openwrt-linux-musl-g++ -c -g -O2  conftest.cc >&5
conftest.cc: In function 'int main()':
conftest.cc:27:9: error: 'exit' was not declared in this scope
 exit (42);
         ^
configure:5714: $? = 1
configure: failed program was:
| /* confdefs.h.  */
| 
| #define PACKAGE_NAME "lzo"
| #define PACKAGE_TARNAME "lzo"
| #define PACKAGE_VERSION "2.03"
| #define PACKAGE_STRING "lzo 2.03"
| #define PACKAGE_BUGREPORT "markus@oberhumer.com"
| #define LZO_ABI_LITTLE_ENDIAN 1
| #define PACKAGE "lzo"
| #define VERSION "2.03"
| #define STDC_HEADERS 1
| #define HAVE_SYS_TYPES_H 1
| #define HAVE_SYS_STAT_H 1
| #define HAVE_STDLIB_H 1
| #define HAVE_STRING_H 1
| #define HAVE_MEMORY_H 1
| #define HAVE_STRINGS_H 1
| #define HAVE_INTTYPES_H 1
| #define HAVE_STDINT_H 1
| #define HAVE_UNISTD_H 1
| #define HAVE_DLFCN_H 1
| /* end confdefs.h.  */
| 
| int
| main ()
| {
| exit (42);
|   ;
|   return 0;
| }
configure:5664: /opt/lede-toolchain-ramips-mt7621_gcc-5.4.0_musl-1.1.24.Linux-x86_64/toolchain-mipsel_24kc_gcc-5.4.0_musl-1.1.24/bin/mipsel-openwrt-linux-musl-g++ -c -g -O2  conftest.cc >&5
conftest.cc:23:40: error: 'void std::exit(int)' should have been declared inside 'std'
 extern "C" void std::exit (int) throw (); using std::exit;
                                        ^
In file included from conftest.cc:24:0:
/opt/lede-toolchain-ramips-mt7621_gcc-5.4.0_musl-1.1.24.Linux-x86_64/toolchain-mipsel_24kc_gcc-5.4.0_musl-1.1.24/include/stdlib.h:46:25: error: declaration of 'void std::exit(int)' has a different exception specifier
 _Noreturn void exit (int);
                         ^
conftest.cc:23:17: error: from previous declaration 'void std::exit(int) throw ()'
 extern "C" void std::exit (int) throw (); using std::exit;
                 ^
configure:5670: $? = 1
configure: failed program was:
| /* confdefs.h.  */
| 
| #define PACKAGE_NAME "lzo"
| #define PACKAGE_TARNAME "lzo"
| #define PACKAGE_VERSION "2.03"
| #define PACKAGE_STRING "lzo 2.03"
| #define PACKAGE_BUGREPORT "markus@oberhumer.com"
| #define LZO_ABI_LITTLE_ENDIAN 1
| #define PACKAGE "lzo"
| #define VERSION "2.03"
| #define STDC_HEADERS 1
| #define HAVE_SYS_TYPES_H 1
| #define HAVE_SYS_STAT_H 1
| #define HAVE_STDLIB_H 1
| #define HAVE_STRING_H 1
| #define HAVE_MEMORY_H 1
| #define HAVE_STRINGS_H 1
| #define HAVE_INTTYPES_H 1
| #define HAVE_STDINT_H 1
| #define HAVE_UNISTD_H 1
| #define HAVE_DLFCN_H 1
| /* end confdefs.h.  */
| extern "C" void std::exit (int) throw (); using std::exit;
| #include <stdlib.h>
| int
| main ()
| {
| exit (42);
|   ;
|   return 0;
| }
configure:5664: /opt/lede-toolchain-ramips-mt7621_gcc-5.4.0_musl-1.1.24.Linux-x86_64/toolchain-mipsel_24kc_gcc-5.4.0_musl-1.1.24/bin/mipsel-openwrt-linux-musl-g++ -c -g -O2  conftest.cc >&5
conftest.cc:23:31: error: 'void std::exit(int)' should have been declared inside 'std'
 extern "C" void std::exit (int); using std::exit;
                               ^
configure:5670: $? = 1
configure: failed program was:
| /* confdefs.h.  */
| 
| #define PACKAGE_NAME "lzo"
| #define PACKAGE_TARNAME "lzo"
| #define PACKAGE_VERSION "2.03"
| #define PACKAGE_STRING "lzo 2.03"
| #define PACKAGE_BUGREPORT "markus@oberhumer.com"
| #define LZO_ABI_LITTLE_ENDIAN 1
| #define PACKAGE "lzo"
| #define VERSION "2.03"
| #define STDC_HEADERS 1
| #define HAVE_SYS_TYPES_H 1
| #define HAVE_SYS_STAT_H 1
| #define HAVE_STDLIB_H 1
| #define HAVE_STRING_H 1
| #define HAVE_MEMORY_H 1
| #define HAVE_STRINGS_H 1
| #define HAVE_INTTYPES_H 1
| #define HAVE_STDINT_H 1
| #define HAVE_UNISTD_H 1
| #define HAVE_DLFCN_H 1
| /* end confdefs.h.  */
| extern "C" void std::exit (int); using std::exit;
| #include <stdlib.h>
| int
| main ()
| {
| exit (42);
|   ;
|   return 0;
| }
configure:5664: /opt/lede-toolchain-ramips-mt7621_gcc-5.4.0_musl-1.1.24.Linux-x86_64/toolchain-mipsel_24kc_gcc-5.4.0_musl-1.1.24/bin/mipsel-openwrt-linux-musl-g++ -c -g -O2  conftest.cc >&5
In file included from conftest.cc:24:0:
/opt/lede-toolchain-ramips-mt7621_gcc-5.4.0_musl-1.1.24.Linux-x86_64/toolchain-mipsel_24kc_gcc-5.4.0_musl-1.1.24/include/stdlib.h:46:25: error: declaration of 'void exit(int)' has a different exception specifier
 _Noreturn void exit (int);
                         ^
conftest.cc:23:17: error: from previous declaration 'void exit(int) throw ()'
 extern "C" void exit (int) throw ();
                 ^
configure:5670: $? = 1
configure: failed program was:
| /* confdefs.h.  */
| 
| #define PACKAGE_NAME "lzo"
| #define PACKAGE_TARNAME "lzo"
| #define PACKAGE_VERSION "2.03"
| #define PACKAGE_STRING "lzo 2.03"
| #define PACKAGE_BUGREPORT "markus@oberhumer.com"
| #define LZO_ABI_LITTLE_ENDIAN 1
| #define PACKAGE "lzo"
| #define VERSION "2.03"
| #define STDC_HEADERS 1
| #define HAVE_SYS_TYPES_H 1
| #define HAVE_SYS_STAT_H 1
| #define HAVE_STDLIB_H 1
| #define HAVE_STRING_H 1
| #define HAVE_MEMORY_H 1
| #define HAVE_STRINGS_H 1
| #define HAVE_INTTYPES_H 1
| #define HAVE_STDINT_H 1
| #define HAVE_UNISTD_H 1
| #define HAVE_DLFCN_H 1
| /* end confdefs.h.  */
| extern "C" void exit (int) throw ();
| #include <stdlib.h>
| int
| main ()
| {
| exit (42);
|   ;
|   return 0;
| }
configure:5664: /opt/lede-toolchain-ramips-mt7621_gcc-5.4.0_musl-1.1.24.Linux-x86_64/toolchain-mipsel_24kc_gcc-5.4.0_musl-1.1.24/bin/mipsel-openwrt-linux-musl-g++ -c -g -O2  conftest.cc >&5
configure:5670: $? = 0
configure:5673: test -z 			 || test ! -s conftest.err
configure:5676: $? = 0
configure:5679: test -s conftest.o
configure:5682: $? = 0
configure:5708: /opt/lede-toolchain-ramips-mt7621_gcc-5.4.0_musl-1.1.24.Linux-x86_64/toolchain-mipsel_24kc_gcc-5.4.0_musl-1.1.24/bin/mipsel-openwrt-linux-musl-g++ -c -g -O2  conftest.cc >&5
configure:5714: $? = 0
configure:5717: test -z 			 || test ! -s conftest.err
configure:5720: $? = 0
configure:5723: test -s conftest.o
configure:5726: $? = 0
configure:5751: checking dependency style of /opt/lede-toolchain-ramips-mt7621_gcc-5.4.0_musl-1.1.24.Linux-x86_64/toolchain-mipsel_24kc_gcc-5.4.0_musl-1.1.24/bin/mipsel-openwrt-linux-musl-g++
configure:5841: result: gcc3
configure:5868: checking how to run the C++ preprocessor
configure:5899: /opt/lede-toolchain-ramips-mt7621_gcc-5.4.0_musl-1.1.24.Linux-x86_64/toolchain-mipsel_24kc_gcc-5.4.0_musl-1.1.24/bin/mipsel-openwrt-linux-musl-g++ -E  conftest.cc
configure:5905: $? = 0
configure:5937: /opt/lede-toolchain-ramips-mt7621_gcc-5.4.0_musl-1.1.24.Linux-x86_64/toolchain-mipsel_24kc_gcc-5.4.0_musl-1.1.24/bin/mipsel-openwrt-linux-musl-g++ -E  conftest.cc
conftest.cc:26:28: fatal error: ac_nonexistent.h: No such file or directory
compilation terminated.
configure:5943: $? = 1
configure: failed program was:
| /* confdefs.h.  */
| 
| #define PACKAGE_NAME "lzo"
| #define PACKAGE_TARNAME "lzo"
| #define PACKAGE_VERSION "2.03"
| #define PACKAGE_STRING "lzo 2.03"
| #define PACKAGE_BUGREPORT "markus@oberhumer.com"
| #define LZO_ABI_LITTLE_ENDIAN 1
| #define PACKAGE "lzo"
| #define VERSION "2.03"
| #define STDC_HEADERS 1
| #define HAVE_SYS_TYPES_H 1
| #define HAVE_SYS_STAT_H 1
| #define HAVE_STDLIB_H 1
| #define HAVE_STRING_H 1
| #define HAVE_MEMORY_H 1
| #define HAVE_STRINGS_H 1
| #define HAVE_INTTYPES_H 1
| #define HAVE_STDINT_H 1
| #define HAVE_UNISTD_H 1
| #define HAVE_DLFCN_H 1
| #ifdef __cplusplus
| extern "C" void exit (int);
| #endif
| /* end confdefs.h.  */
| #include <ac_nonexistent.h>
configure:5982: result: /opt/lede-toolchain-ramips-mt7621_gcc-5.4.0_musl-1.1.24.Linux-x86_64/toolchain-mipsel_24kc_gcc-5.4.0_musl-1.1.24/bin/mipsel-openwrt-linux-musl-g++ -E
configure:6006: /opt/lede-toolchain-ramips-mt7621_gcc-5.4.0_musl-1.1.24.Linux-x86_64/toolchain-mipsel_24kc_gcc-5.4.0_musl-1.1.24/bin/mipsel-openwrt-linux-musl-g++ -E  conftest.cc
configure:6012: $? = 0
configure:6044: /opt/lede-toolchain-ramips-mt7621_gcc-5.4.0_musl-1.1.24.Linux-x86_64/toolchain-mipsel_24kc_gcc-5.4.0_musl-1.1.24/bin/mipsel-openwrt-linux-musl-g++ -E  conftest.cc
conftest.cc:26:28: fatal error: ac_nonexistent.h: No such file or directory
compilation terminated.
configure:6050: $? = 1
configure: failed program was:
| /* confdefs.h.  */
| 
| #define PACKAGE_NAME "lzo"
| #define PACKAGE_TARNAME "lzo"
| #define PACKAGE_VERSION "2.03"
| #define PACKAGE_STRING "lzo 2.03"
| #define PACKAGE_BUGREPORT "markus@oberhumer.com"
| #define LZO_ABI_LITTLE_ENDIAN 1
| #define PACKAGE "lzo"
| #define VERSION "2.03"
| #define STDC_HEADERS 1
| #define HAVE_SYS_TYPES_H 1
| #define HAVE_SYS_STAT_H 1
| #define HAVE_STDLIB_H 1
| #define HAVE_STRING_H 1
| #define HAVE_MEMORY_H 1
| #define HAVE_STRINGS_H 1
| #define HAVE_INTTYPES_H 1
| #define HAVE_STDINT_H 1
| #define HAVE_UNISTD_H 1
| #define HAVE_DLFCN_H 1
| #ifdef __cplusplus
| extern "C" void exit (int);
| #endif
| /* end confdefs.h.  */
| #include <ac_nonexistent.h>
configure:6105: checking for mipsel-linux-g77
configure:6134: result: no
configure:6105: checking for mipsel-linux-f77
configure:6134: result: no
configure:6105: checking for mipsel-linux-xlf
configure:6134: result: no
configure:6105: checking for mipsel-linux-frt
configure:6134: result: no
configure:6105: checking for mipsel-linux-pgf77
configure:6134: result: no
configure:6105: checking for mipsel-linux-fort77
configure:6134: result: no
configure:6105: checking for mipsel-linux-fl32
configure:6134: result: no
configure:6105: checking for mipsel-linux-af77
configure:6134: result: no
configure:6105: checking for mipsel-linux-f90
configure:6134: result: no
configure:6105: checking for mipsel-linux-xlf90
configure:6134: result: no
configure:6105: checking for mipsel-linux-pgf90
configure:6134: result: no
configure:6105: checking for mipsel-linux-epcf90
configure:6134: result: no
configure:6105: checking for mipsel-linux-f95
configure:6134: result: no
configure:6105: checking for mipsel-linux-fort
configure:6134: result: no
configure:6105: checking for mipsel-linux-xlf95
configure:6134: result: no
configure:6105: checking for mipsel-linux-ifc
configure:6134: result: no
configure:6105: checking for mipsel-linux-efc
configure:6134: result: no
configure:6105: checking for mipsel-linux-pgf95
configure:6134: result: no
configure:6105: checking for mipsel-linux-lf95
configure:6134: result: no
configure:6105: checking for mipsel-linux-gfortran
configure:6134: result: no
configure:6147: checking for g77
configure:6176: result: no
configure:6147: checking for f77
configure:6176: result: no
configure:6147: checking for xlf
configure:6176: result: no
configure:6147: checking for frt
configure:6176: result: no
configure:6147: checking for pgf77
configure:6176: result: no
configure:6147: checking for fort77
configure:6176: result: no
configure:6147: checking for fl32
configure:6176: result: no
configure:6147: checking for af77
configure:6176: result: no
configure:6147: checking for f90
configure:6176: result: no
configure:6147: checking for xlf90
configure:6176: result: no
configure:6147: checking for pgf90
configure:6176: result: no
configure:6147: checking for epcf90
configure:6176: result: no
configure:6147: checking for f95
configure:6176: result: no
configure:6147: checking for fort
configure:6176: result: no
configure:6147: checking for xlf95
configure:6176: result: no
configure:6147: checking for ifc
configure:6176: result: no
configure:6147: checking for efc
configure:6176: result: no
configure:6147: checking for pgf95
configure:6176: result: no
configure:6147: checking for lf95
configure:6176: result: no
configure:6147: checking for gfortran
configure:6176: result: no
configure:6188: checking for Fortran 77 compiler version
configure:6191:  --version </dev/null >&5
./configure: line 6192: --version: command not found
configure:6194: $? = 127
configure:6196:  -v </dev/null >&5
./configure: line 6197: -v: command not found
configure:6199: $? = 127
configure:6201:  -V </dev/null >&5
./configure: line 6202: -V: command not found
configure:6204: $? = 127
configure:6212: checking whether we are using the GNU Fortran 77 compiler
configure:6226:  -c  conftest.F >&5
./configure: line 6227: -c: command not found
configure:6232: $? = 127
configure: failed program was:
|       program main
| #ifndef __GNUC__
|        choke me
| #endif
| 
|       end
configure:6257: result: no
configure:6263: checking whether  accepts -g
configure:6275:  -c -g conftest.f >&5
./configure: line 6276: -c: command not found
configure:6281: $? = 127
configure: failed program was:
|       program main
| 
|       end
configure:6305: result: no
configure:6335: checking the maximum length of command line arguments
configure:6444: result: 32768
configure:6455: checking command to parse /opt/lede-toolchain-ramips-mt7621_gcc-5.4.0_musl-1.1.24.Linux-x86_64/toolchain-mipsel_24kc_gcc-5.4.0_musl-1.1.24/bin/mipsel-openwrt-linux-musl-nm output from /opt/lede-toolchain-ramips-mt7621_gcc-5.4.0_musl-1.1.24.Linux-x86_64/toolchain-mipsel_24kc_gcc-5.4.0_musl-1.1.24/bin/mipsel-openwrt-linux-musl-gcc object
configure:6560: /opt/lede-toolchain-ramips-mt7621_gcc-5.4.0_musl-1.1.24.Linux-x86_64/toolchain-mipsel_24kc_gcc-5.4.0_musl-1.1.24/bin/mipsel-openwrt-linux-musl-gcc -c -Os -Wall -DLINUX26 -DCONFIG_RALINK -DMUSL_LIBC -DDEBUG_NOISY -DDEBUG_RCTEST -D_GNU_SOURCE -D__UAPI_DEF_ETHHDR -DRALINK_DBDC_MODE -pipe -funit-at-a-time -Wno-pointer-sign -mtune=mips32 -mips32 -DLINUX_KERNEL_VERSION=263366 --sysroot=/opt/lede-toolchain-ramips-mt7621_gcc-5.4.0_musl-1.1.24.Linux-x86_64/toolchain-mipsel_24kc_gcc-5.4.0_musl-1.1.24   conftest.c >&5
configure:6563: $? = 0
configure:6567: /opt/lede-toolchain-ramips-mt7621_gcc-5.4.0_musl-1.1.24.Linux-x86_64/toolchain-mipsel_24kc_gcc-5.4.0_musl-1.1.24/bin/mipsel-openwrt-linux-musl-nm conftest.o \| sed -n -e 's/^.*[ 	]\([ABCDGIRSTW][ABCDGIRSTW]*\)[ 	][ 	]*\([_A-Za-z][_A-Za-z0-9]*\)$/\1 \2 \2/p' \> conftest.nm
configure:6570: $? = 0
configure:6622: /opt/lede-toolchain-ramips-mt7621_gcc-5.4.0_musl-1.1.24.Linux-x86_64/toolchain-mipsel_24kc_gcc-5.4.0_musl-1.1.24/bin/mipsel-openwrt-linux-musl-gcc -o conftest -Os -Wall -DLINUX26 -DCONFIG_RALINK -DMUSL_LIBC -DDEBUG_NOISY -DDEBUG_RCTEST -D_GNU_SOURCE -D__UAPI_DEF_ETHHDR -DRALINK_DBDC_MODE -pipe -funit-at-a-time -Wno-pointer-sign -mtune=mips32 -mips32 -DLINUX_KERNEL_VERSION=263366 --sysroot=/opt/lede-toolchain-ramips-mt7621_gcc-5.4.0_musl-1.1.24.Linux-x86_64/toolchain-mipsel_24kc_gcc-5.4.0_musl-1.1.24    conftest.c conftstm.o >&5
configure:6625: $? = 0
configure:6663: result: ok
configure:6667: checking for objdir
configure:6682: result: .libs
configure:6734: checking for mipsel-linux-ar
configure:6760: result: /opt/lede-toolchain-ramips-mt7621_gcc-5.4.0_musl-1.1.24.Linux-x86_64/toolchain-mipsel_24kc_gcc-5.4.0_musl-1.1.24/bin/mipsel-openwrt-linux-musl-ar
configure:6814: checking for mipsel-linux-ranlib
configure:6840: result: /opt/lede-toolchain-ramips-mt7621_gcc-5.4.0_musl-1.1.24.Linux-x86_64/toolchain-mipsel_24kc_gcc-5.4.0_musl-1.1.24/bin/mipsel-openwrt-linux-musl-ranlib
configure:6894: checking for mipsel-linux-strip
configure:6920: result: /opt/lede-toolchain-ramips-mt7621_gcc-5.4.0_musl-1.1.24.Linux-x86_64/toolchain-mipsel_24kc_gcc-5.4.0_musl-1.1.24/bin/mipsel-openwrt-linux-musl-strip -R .note -R .comment
configure:7231: checking if /opt/lede-toolchain-ramips-mt7621_gcc-5.4.0_musl-1.1.24.Linux-x86_64/toolchain-mipsel_24kc_gcc-5.4.0_musl-1.1.24/bin/mipsel-openwrt-linux-musl-gcc supports -fno-rtti -fno-exceptions
configure:7249: /opt/lede-toolchain-ramips-mt7621_gcc-5.4.0_musl-1.1.24.Linux-x86_64/toolchain-mipsel_24kc_gcc-5.4.0_musl-1.1.24/bin/mipsel-openwrt-linux-musl-gcc -c -Os -Wall -DLINUX26 -DCONFIG_RALINK -DMUSL_LIBC -DDEBUG_NOISY -DDEBUG_RCTEST -D_GNU_SOURCE -D__UAPI_DEF_ETHHDR -DRALINK_DBDC_MODE -pipe -funit-at-a-time -Wno-pointer-sign -mtune=mips32 -mips32 -DLINUX_KERNEL_VERSION=263366 --sysroot=/opt/lede-toolchain-ramips-mt7621_gcc-5.4.0_musl-1.1.24.Linux-x86_64/toolchain-mipsel_24kc_gcc-5.4.0_musl-1.1.24   -fno-rtti -fno-exceptions conftest.c >&5
cc1: warning: command line option '-fno-rtti' is valid for C++/ObjC++ but not for C
configure:7253: $? = 0
configure:7266: result: no
configure:7281: checking for /opt/lede-toolchain-ramips-mt7621_gcc-5.4.0_musl-1.1.24.Linux-x86_64/toolchain-mipsel_24kc_gcc-5.4.0_musl-1.1.24/bin/mipsel-openwrt-linux-musl-gcc option to produce PIC
configure:7491: result: -fPIC
configure:7499: checking if /opt/lede-toolchain-ramips-mt7621_gcc-5.4.0_musl-1.1.24.Linux-x86_64/toolchain-mipsel_24kc_gcc-5.4.0_musl-1.1.24/bin/mipsel-openwrt-linux-musl-gcc PIC flag -fPIC works
configure:7517: /opt/lede-toolchain-ramips-mt7621_gcc-5.4.0_musl-1.1.24.Linux-x86_64/toolchain-mipsel_24kc_gcc-5.4.0_musl-1.1.24/bin/mipsel-openwrt-linux-musl-gcc -c -Os -Wall -DLINUX26 -DCONFIG_RALINK -DMUSL_LIBC -DDEBUG_NOISY -DDEBUG_RCTEST -D_GNU_SOURCE -D__UAPI_DEF_ETHHDR -DRALINK_DBDC_MODE -pipe -funit-at-a-time -Wno-pointer-sign -mtune=mips32 -mips32 -DLINUX_KERNEL_VERSION=263366 --sysroot=/opt/lede-toolchain-ramips-mt7621_gcc-5.4.0_musl-1.1.24.Linux-x86_64/toolchain-mipsel_24kc_gcc-5.4.0_musl-1.1.24   -fPIC -DPIC conftest.c >&5
configure:7521: $? = 0
configure:7534: result: yes
configure:7562: checking if /opt/lede-toolchain-ramips-mt7621_gcc-5.4.0_musl-1.1.24.Linux-x86_64/toolchain-mipsel_24kc_gcc-5.4.0_musl-1.1.24/bin/mipsel-openwrt-linux-musl-gcc static flag -static works
configure:7590: result: yes
configure:7600: checking if /opt/lede-toolchain-ramips-mt7621_gcc-5.4.0_musl-1.1.24.Linux-x86_64/toolchain-mipsel_24kc_gcc-5.4.0_musl-1.1.24/bin/mipsel-openwrt-linux-musl-gcc supports -c -o file.o
configure:7621: /opt/lede-toolchain-ramips-mt7621_gcc-5.4.0_musl-1.1.24.Linux-x86_64/toolchain-mipsel_24kc_gcc-5.4.0_musl-1.1.24/bin/mipsel-openwrt-linux-musl-gcc -c -Os -Wall -DLINUX26 -DCONFIG_RALINK -DMUSL_LIBC -DDEBUG_NOISY -DDEBUG_RCTEST -D_GNU_SOURCE -D__UAPI_DEF_ETHHDR -DRALINK_DBDC_MODE -pipe -funit-at-a-time -Wno-pointer-sign -mtune=mips32 -mips32 -DLINUX_KERNEL_VERSION=263366 --sysroot=/opt/lede-toolchain-ramips-mt7621_gcc-5.4.0_musl-1.1.24.Linux-x86_64/toolchain-mipsel_24kc_gcc-5.4.0_musl-1.1.24   -o out/conftest2.o conftest.c >&5
configure:7625: $? = 0
configure:7647: result: yes
configure:7673: checking whether the /opt/lede-toolchain-ramips-mt7621_gcc-5.4.0_musl-1.1.24.Linux-x86_64/toolchain-mipsel_24kc_gcc-5.4.0_musl-1.1.24/bin/mipsel-openwrt-linux-musl-gcc linker (/opt/lede-toolchain-ramips-mt7621_gcc-5.4.0_musl-1.1.24.Linux-x86_64/toolchain-mipsel_24kc_gcc-5.4.0_musl-1.1.24/bin/mipsel-openwrt-linux-musl-ld) supports shared libraries
configure:8629: result: yes
configure:8650: checking whether -lc should be explicitly linked in
configure:8655: /opt/lede-toolchain-ramips-mt7621_gcc-5.4.0_musl-1.1.24.Linux-x86_64/toolchain-mipsel_24kc_gcc-5.4.0_musl-1.1.24/bin/mipsel-openwrt-linux-musl-gcc -c -Os -Wall -DLINUX26 -DCONFIG_RALINK -DMUSL_LIBC -DDEBUG_NOISY -DDEBUG_RCTEST -D_GNU_SOURCE -D__UAPI_DEF_ETHHDR -DRALINK_DBDC_MODE -pipe -funit-at-a-time -Wno-pointer-sign -mtune=mips32 -mips32 -DLINUX_KERNEL_VERSION=263366 --sysroot=/opt/lede-toolchain-ramips-mt7621_gcc-5.4.0_musl-1.1.24.Linux-x86_64/toolchain-mipsel_24kc_gcc-5.4.0_musl-1.1.24   conftest.c >&5
configure:8658: $? = 0
configure:8673: /opt/lede-toolchain-ramips-mt7621_gcc-5.4.0_musl-1.1.24.Linux-x86_64/toolchain-mipsel_24kc_gcc-5.4.0_musl-1.1.24/bin/mipsel-openwrt-linux-musl-gcc -shared conftest.o  -v -Wl,-soname -Wl,conftest -o conftest 2\>\&1 \| grep  -lc  \>/dev/null 2\>\&1
configure:8676: $? = 0
configure:8688: result: no
configure:8696: checking dynamic linker characteristics
configure:9305: result: GNU/Linux ld.so
configure:9314: checking how to hardcode library paths into programs
configure:9339: result: immediate
configure:9353: checking whether stripping libraries is possible
configure:9358: result: yes
configure:10185: checking if libtool supports shared libraries
configure:10187: result: yes
configure:10190: checking whether to build shared libraries
configure:10211: result: yes
configure:10214: checking whether to build static libraries
configure:10218: result: yes
configure:10310: creating libtool
configure:10898: checking for ld used by /opt/lede-toolchain-ramips-mt7621_gcc-5.4.0_musl-1.1.24.Linux-x86_64/toolchain-mipsel_24kc_gcc-5.4.0_musl-1.1.24/bin/mipsel-openwrt-linux-musl-g++
configure:10965: result: /opt/lede-toolchain-ramips-mt7621_gcc-5.4.0_musl-1.1.24.Linux-x86_64/toolchain-mipsel_24kc_gcc-5.4.0_musl-1.1.24/bin/mipsel-openwrt-linux-musl-ld
configure:10974: checking if the linker (/opt/lede-toolchain-ramips-mt7621_gcc-5.4.0_musl-1.1.24.Linux-x86_64/toolchain-mipsel_24kc_gcc-5.4.0_musl-1.1.24/bin/mipsel-openwrt-linux-musl-ld) is GNU ld
configure:10989: result: yes
configure:11040: checking whether the /opt/lede-toolchain-ramips-mt7621_gcc-5.4.0_musl-1.1.24.Linux-x86_64/toolchain-mipsel_24kc_gcc-5.4.0_musl-1.1.24/bin/mipsel-openwrt-linux-musl-g++ linker (/opt/lede-toolchain-ramips-mt7621_gcc-5.4.0_musl-1.1.24.Linux-x86_64/toolchain-mipsel_24kc_gcc-5.4.0_musl-1.1.24/bin/mipsel-openwrt-linux-musl-ld) supports shared libraries
configure:11976: result: yes
configure:11994: /opt/lede-toolchain-ramips-mt7621_gcc-5.4.0_musl-1.1.24.Linux-x86_64/toolchain-mipsel_24kc_gcc-5.4.0_musl-1.1.24/bin/mipsel-openwrt-linux-musl-g++ -c -g -O2  conftest.cpp >&5
configure:11997: $? = 0
configure:12116: checking for /opt/lede-toolchain-ramips-mt7621_gcc-5.4.0_musl-1.1.24.Linux-x86_64/toolchain-mipsel_24kc_gcc-5.4.0_musl-1.1.24/bin/mipsel-openwrt-linux-musl-g++ option to produce PIC
configure:12390: result: -fPIC
configure:12398: checking if /opt/lede-toolchain-ramips-mt7621_gcc-5.4.0_musl-1.1.24.Linux-x86_64/toolchain-mipsel_24kc_gcc-5.4.0_musl-1.1.24/bin/mipsel-openwrt-linux-musl-g++ PIC flag -fPIC works
configure:12416: /opt/lede-toolchain-ramips-mt7621_gcc-5.4.0_musl-1.1.24.Linux-x86_64/toolchain-mipsel_24kc_gcc-5.4.0_musl-1.1.24/bin/mipsel-openwrt-linux-musl-g++ -c -g -O2  -fPIC -DPIC conftest.cpp >&5
configure:12420: $? = 0
configure:12433: result: yes
configure:12461: checking if /opt/lede-toolchain-ramips-mt7621_gcc-5.4.0_musl-1.1.24.Linux-x86_64/toolchain-mipsel_24kc_gcc-5.4.0_musl-1.1.24/bin/mipsel-openwrt-linux-musl-g++ static flag -static works
configure:12489: result: yes
configure:12499: checking if /opt/lede-toolchain-ramips-mt7621_gcc-5.4.0_musl-1.1.24.Linux-x86_64/toolchain-mipsel_24kc_gcc-5.4.0_musl-1.1.24/bin/mipsel-openwrt-linux-musl-g++ supports -c -o file.o
configure:12520: /opt/lede-toolchain-ramips-mt7621_gcc-5.4.0_musl-1.1.24.Linux-x86_64/toolchain-mipsel_24kc_gcc-5.4.0_musl-1.1.24/bin/mipsel-openwrt-linux-musl-g++ -c -g -O2  -o out/conftest2.o conftest.cpp >&5
configure:12524: $? = 0
configure:12546: result: yes
configure:12572: checking whether the /opt/lede-toolchain-ramips-mt7621_gcc-5.4.0_musl-1.1.24.Linux-x86_64/toolchain-mipsel_24kc_gcc-5.4.0_musl-1.1.24/bin/mipsel-openwrt-linux-musl-g++ linker (/opt/lede-toolchain-ramips-mt7621_gcc-5.4.0_musl-1.1.24.Linux-x86_64/toolchain-mipsel_24kc_gcc-5.4.0_musl-1.1.24/bin/mipsel-openwrt-linux-musl-ld) supports shared libraries
configure:12597: result: yes
configure:12664: checking dynamic linker characteristics
configure:13273: result: GNU/Linux ld.so
configure:13282: checking how to hardcode library paths into programs
configure:13307: result: immediate
configure:19519: checking whether to build assembly versions
configure:19549: result: no
configure:19570: checking whether time.h and sys/time.h may both be included
configure:19595: /opt/lede-toolchain-ramips-mt7621_gcc-5.4.0_musl-1.1.24.Linux-x86_64/toolchain-mipsel_24kc_gcc-5.4.0_musl-1.1.24/bin/mipsel-openwrt-linux-musl-gcc -c -Os -Wall -DLINUX26 -DCONFIG_RALINK -DMUSL_LIBC -DDEBUG_NOISY -DDEBUG_RCTEST -D_GNU_SOURCE -D__UAPI_DEF_ETHHDR -DRALINK_DBDC_MODE -pipe -funit-at-a-time -Wno-pointer-sign -mtune=mips32 -mips32 -DLINUX_KERNEL_VERSION=263366 --sysroot=/opt/lede-toolchain-ramips-mt7621_gcc-5.4.0_musl-1.1.24.Linux-x86_64/toolchain-mipsel_24kc_gcc-5.4.0_musl-1.1.24   conftest.c >&5
configure:19601: $? = 0
configure:19604: test -z 			 || test ! -s conftest.err
configure:19607: $? = 0
configure:19610: test -s conftest.o
configure:19613: $? = 0
configure:19624: result: yes
configure:19674: checking assert.h usability
configure:19686: /opt/lede-toolchain-ramips-mt7621_gcc-5.4.0_musl-1.1.24.Linux-x86_64/toolchain-mipsel_24kc_gcc-5.4.0_musl-1.1.24/bin/mipsel-openwrt-linux-musl-gcc -c -Os -Wall -DLINUX26 -DCONFIG_RALINK -DMUSL_LIBC -DDEBUG_NOISY -DDEBUG_RCTEST -D_GNU_SOURCE -D__UAPI_DEF_ETHHDR -DRALINK_DBDC_MODE -pipe -funit-at-a-time -Wno-pointer-sign -mtune=mips32 -mips32 -DLINUX_KERNEL_VERSION=263366 --sysroot=/opt/lede-toolchain-ramips-mt7621_gcc-5.4.0_musl-1.1.24.Linux-x86_64/toolchain-mipsel_24kc_gcc-5.4.0_musl-1.1.24   conftest.c >&5
configure:19692: $? = 0
configure:19695: test -z 			 || test ! -s conftest.err
configure:19698: $? = 0
configure:19701: test -s conftest.o
configure:19704: $? = 0
configure:19714: result: yes
configure:19718: checking assert.h presence
configure:19728: /opt/lede-toolchain-ramips-mt7621_gcc-5.4.0_musl-1.1.24.Linux-x86_64/toolchain-mipsel_24kc_gcc-5.4.0_musl-1.1.24/bin/mipsel-openwrt-linux-musl-gcc -E  conftest.c
configure:19734: $? = 0
configure:19754: result: yes
configure:19789: checking for assert.h
configure:19796: result: yes
configure:19674: checking ctype.h usability
configure:19686: /opt/lede-toolchain-ramips-mt7621_gcc-5.4.0_musl-1.1.24.Linux-x86_64/toolchain-mipsel_24kc_gcc-5.4.0_musl-1.1.24/bin/mipsel-openwrt-linux-musl-gcc -c -Os -Wall -DLINUX26 -DCONFIG_RALINK -DMUSL_LIBC -DDEBUG_NOISY -DDEBUG_RCTEST -D_GNU_SOURCE -D__UAPI_DEF_ETHHDR -DRALINK_DBDC_MODE -pipe -funit-at-a-time -Wno-pointer-sign -mtune=mips32 -mips32 -DLINUX_KERNEL_VERSION=263366 --sysroot=/opt/lede-toolchain-ramips-mt7621_gcc-5.4.0_musl-1.1.24.Linux-x86_64/toolchain-mipsel_24kc_gcc-5.4.0_musl-1.1.24   conftest.c >&5
configure:19692: $? = 0
configure:19695: test -z 			 || test ! -s conftest.err
configure:19698: $? = 0
configure:19701: test -s conftest.o
configure:19704: $? = 0
configure:19714: result: yes
configure:19718: checking ctype.h presence
configure:19728: /opt/lede-toolchain-ramips-mt7621_gcc-5.4.0_musl-1.1.24.Linux-x86_64/toolchain-mipsel_24kc_gcc-5.4.0_musl-1.1.24/bin/mipsel-openwrt-linux-musl-gcc -E  conftest.c
configure:19734: $? = 0
configure:19754: result: yes
configure:19789: checking for ctype.h
configure:19796: result: yes
configure:19674: checking dirent.h usability
configure:19686: /opt/lede-toolchain-ramips-mt7621_gcc-5.4.0_musl-1.1.24.Linux-x86_64/toolchain-mipsel_24kc_gcc-5.4.0_musl-1.1.24/bin/mipsel-openwrt-linux-musl-gcc -c -Os -Wall -DLINUX26 -DCONFIG_RALINK -DMUSL_LIBC -DDEBUG_NOISY -DDEBUG_RCTEST -D_GNU_SOURCE -D__UAPI_DEF_ETHHDR -DRALINK_DBDC_MODE -pipe -funit-at-a-time -Wno-pointer-sign -mtune=mips32 -mips32 -DLINUX_KERNEL_VERSION=263366 --sysroot=/opt/lede-toolchain-ramips-mt7621_gcc-5.4.0_musl-1.1.24.Linux-x86_64/toolchain-mipsel_24kc_gcc-5.4.0_musl-1.1.24   conftest.c >&5
configure:19692: $? = 0
configure:19695: test -z 			 || test ! -s conftest.err
configure:19698: $? = 0
configure:19701: test -s conftest.o
configure:19704: $? = 0
configure:19714: result: yes
configure:19718: checking dirent.h presence
configure:19728: /opt/lede-toolchain-ramips-mt7621_gcc-5.4.0_musl-1.1.24.Linux-x86_64/toolchain-mipsel_24kc_gcc-5.4.0_musl-1.1.24/bin/mipsel-openwrt-linux-musl-gcc -E  conftest.c
configure:19734: $? = 0
configure:19754: result: yes
configure:19789: checking for dirent.h
configure:19796: result: yes
configure:19674: checking errno.h usability
configure:19686: /opt/lede-toolchain-ramips-mt7621_gcc-5.4.0_musl-1.1.24.Linux-x86_64/toolchain-mipsel_24kc_gcc-5.4.0_musl-1.1.24/bin/mipsel-openwrt-linux-musl-gcc -c -Os -Wall -DLINUX26 -DCONFIG_RALINK -DMUSL_LIBC -DDEBUG_NOISY -DDEBUG_RCTEST -D_GNU_SOURCE -D__UAPI_DEF_ETHHDR -DRALINK_DBDC_MODE -pipe -funit-at-a-time -Wno-pointer-sign -mtune=mips32 -mips32 -DLINUX_KERNEL_VERSION=263366 --sysroot=/opt/lede-toolchain-ramips-mt7621_gcc-5.4.0_musl-1.1.24.Linux-x86_64/toolchain-mipsel_24kc_gcc-5.4.0_musl-1.1.24   conftest.c >&5
configure:19692: $? = 0
configure:19695: test -z 			 || test ! -s conftest.err
configure:19698: $? = 0
configure:19701: test -s conftest.o
configure:19704: $? = 0
configure:19714: result: yes
configure:19718: checking errno.h presence
configure:19728: /opt/lede-toolchain-ramips-mt7621_gcc-5.4.0_musl-1.1.24.Linux-x86_64/toolchain-mipsel_24kc_gcc-5.4.0_musl-1.1.24/bin/mipsel-openwrt-linux-musl-gcc -E  conftest.c
configure:19734: $? = 0
configure:19754: result: yes
configure:19789: checking for errno.h
configure:19796: result: yes
configure:19674: checking fcntl.h usability
configure:19686: /opt/lede-toolchain-ramips-mt7621_gcc-5.4.0_musl-1.1.24.Linux-x86_64/toolchain-mipsel_24kc_gcc-5.4.0_musl-1.1.24/bin/mipsel-openwrt-linux-musl-gcc -c -Os -Wall -DLINUX26 -DCONFIG_RALINK -DMUSL_LIBC -DDEBUG_NOISY -DDEBUG_RCTEST -D_GNU_SOURCE -D__UAPI_DEF_ETHHDR -DRALINK_DBDC_MODE -pipe -funit-at-a-time -Wno-pointer-sign -mtune=mips32 -mips32 -DLINUX_KERNEL_VERSION=263366 --sysroot=/opt/lede-toolchain-ramips-mt7621_gcc-5.4.0_musl-1.1.24.Linux-x86_64/toolchain-mipsel_24kc_gcc-5.4.0_musl-1.1.24   conftest.c >&5
configure:19692: $? = 0
configure:19695: test -z 			 || test ! -s conftest.err
configure:19698: $? = 0
configure:19701: test -s conftest.o
configure:19704: $? = 0
configure:19714: result: yes
configure:19718: checking fcntl.h presence
configure:19728: /opt/lede-toolchain-ramips-mt7621_gcc-5.4.0_musl-1.1.24.Linux-x86_64/toolchain-mipsel_24kc_gcc-5.4.0_musl-1.1.24/bin/mipsel-openwrt-linux-musl-gcc -E  conftest.c
configure:19734: $? = 0
configure:19754: result: yes
configure:19789: checking for fcntl.h
configure:19796: result: yes
configure:19674: checking float.h usability
configure:19686: /opt/lede-toolchain-ramips-mt7621_gcc-5.4.0_musl-1.1.24.Linux-x86_64/toolchain-mipsel_24kc_gcc-5.4.0_musl-1.1.24/bin/mipsel-openwrt-linux-musl-gcc -c -Os -Wall -DLINUX26 -DCONFIG_RALINK -DMUSL_LIBC -DDEBUG_NOISY -DDEBUG_RCTEST -D_GNU_SOURCE -D__UAPI_DEF_ETHHDR -DRALINK_DBDC_MODE -pipe -funit-at-a-time -Wno-pointer-sign -mtune=mips32 -mips32 -DLINUX_KERNEL_VERSION=263366 --sysroot=/opt/lede-toolchain-ramips-mt7621_gcc-5.4.0_musl-1.1.24.Linux-x86_64/toolchain-mipsel_24kc_gcc-5.4.0_musl-1.1.24   conftest.c >&5
configure:19692: $? = 0
configure:19695: test -z 			 || test ! -s conftest.err
configure:19698: $? = 0
configure:19701: test -s conftest.o
configure:19704: $? = 0
configure:19714: result: yes
configure:19718: checking float.h presence
configure:19728: /opt/lede-toolchain-ramips-mt7621_gcc-5.4.0_musl-1.1.24.Linux-x86_64/toolchain-mipsel_24kc_gcc-5.4.0_musl-1.1.24/bin/mipsel-openwrt-linux-musl-gcc -E  conftest.c
configure:19734: $? = 0
configure:19754: result: yes
configure:19789: checking for float.h
configure:19796: result: yes
configure:19674: checking limits.h usability
configure:19686: /opt/lede-toolchain-ramips-mt7621_gcc-5.4.0_musl-1.1.24.Linux-x86_64/toolchain-mipsel_24kc_gcc-5.4.0_musl-1.1.24/bin/mipsel-openwrt-linux-musl-gcc -c -Os -Wall -DLINUX26 -DCONFIG_RALINK -DMUSL_LIBC -DDEBUG_NOISY -DDEBUG_RCTEST -D_GNU_SOURCE -D__UAPI_DEF_ETHHDR -DRALINK_DBDC_MODE -pipe -funit-at-a-time -Wno-pointer-sign -mtune=mips32 -mips32 -DLINUX_KERNEL_VERSION=263366 --sysroot=/opt/lede-toolchain-ramips-mt7621_gcc-5.4.0_musl-1.1.24.Linux-x86_64/toolchain-mipsel_24kc_gcc-5.4.0_musl-1.1.24   conftest.c >&5
configure:19692: $? = 0
configure:19695: test -z 			 || test ! -s conftest.err
configure:19698: $? = 0
configure:19701: test -s conftest.o
configure:19704: $? = 0
configure:19714: result: yes
configure:19718: checking limits.h presence
configure:19728: /opt/lede-toolchain-ramips-mt7621_gcc-5.4.0_musl-1.1.24.Linux-x86_64/toolchain-mipsel_24kc_gcc-5.4.0_musl-1.1.24/bin/mipsel-openwrt-linux-musl-gcc -E  conftest.c
configure:19734: $? = 0
configure:19754: result: yes
configure:19789: checking for limits.h
configure:19796: result: yes
configure:19674: checking malloc.h usability
configure:19686: /opt/lede-toolchain-ramips-mt7621_gcc-5.4.0_musl-1.1.24.Linux-x86_64/toolchain-mipsel_24kc_gcc-5.4.0_musl-1.1.24/bin/mipsel-openwrt-linux-musl-gcc -c -Os -Wall -DLINUX26 -DCONFIG_RALINK -DMUSL_LIBC -DDEBUG_NOISY -DDEBUG_RCTEST -D_GNU_SOURCE -D__UAPI_DEF_ETHHDR -DRALINK_DBDC_MODE -pipe -funit-at-a-time -Wno-pointer-sign -mtune=mips32 -mips32 -DLINUX_KERNEL_VERSION=263366 --sysroot=/opt/lede-toolchain-ramips-mt7621_gcc-5.4.0_musl-1.1.24.Linux-x86_64/toolchain-mipsel_24kc_gcc-5.4.0_musl-1.1.24   conftest.c >&5
configure:19692: $? = 0
configure:19695: test -z 			 || test ! -s conftest.err
configure:19698: $? = 0
configure:19701: test -s conftest.o
configure:19704: $? = 0
configure:19714: result: yes
configure:19718: checking malloc.h presence
configure:19728: /opt/lede-toolchain-ramips-mt7621_gcc-5.4.0_musl-1.1.24.Linux-x86_64/toolchain-mipsel_24kc_gcc-5.4.0_musl-1.1.24/bin/mipsel-openwrt-linux-musl-gcc -E  conftest.c
configure:19734: $? = 0
configure:19754: result: yes
configure:19789: checking for malloc.h
configure:19796: result: yes
configure:19665: checking for memory.h
configure:19670: result: yes
configure:19674: checking setjmp.h usability
configure:19686: /opt/lede-toolchain-ramips-mt7621_gcc-5.4.0_musl-1.1.24.Linux-x86_64/toolchain-mipsel_24kc_gcc-5.4.0_musl-1.1.24/bin/mipsel-openwrt-linux-musl-gcc -c -Os -Wall -DLINUX26 -DCONFIG_RALINK -DMUSL_LIBC -DDEBUG_NOISY -DDEBUG_RCTEST -D_GNU_SOURCE -D__UAPI_DEF_ETHHDR -DRALINK_DBDC_MODE -pipe -funit-at-a-time -Wno-pointer-sign -mtune=mips32 -mips32 -DLINUX_KERNEL_VERSION=263366 --sysroot=/opt/lede-toolchain-ramips-mt7621_gcc-5.4.0_musl-1.1.24.Linux-x86_64/toolchain-mipsel_24kc_gcc-5.4.0_musl-1.1.24   conftest.c >&5
configure:19692: $? = 0
configure:19695: test -z 			 || test ! -s conftest.err
configure:19698: $? = 0
configure:19701: test -s conftest.o
configure:19704: $? = 0
configure:19714: result: yes
configure:19718: checking setjmp.h presence
configure:19728: /opt/lede-toolchain-ramips-mt7621_gcc-5.4.0_musl-1.1.24.Linux-x86_64/toolchain-mipsel_24kc_gcc-5.4.0_musl-1.1.24/bin/mipsel-openwrt-linux-musl-gcc -E  conftest.c
configure:19734: $? = 0
configure:19754: result: yes
configure:19789: checking for setjmp.h
configure:19796: result: yes
configure:19674: checking signal.h usability
configure:19686: /opt/lede-toolchain-ramips-mt7621_gcc-5.4.0_musl-1.1.24.Linux-x86_64/toolchain-mipsel_24kc_gcc-5.4.0_musl-1.1.24/bin/mipsel-openwrt-linux-musl-gcc -c -Os -Wall -DLINUX26 -DCONFIG_RALINK -DMUSL_LIBC -DDEBUG_NOISY -DDEBUG_RCTEST -D_GNU_SOURCE -D__UAPI_DEF_ETHHDR -DRALINK_DBDC_MODE -pipe -funit-at-a-time -Wno-pointer-sign -mtune=mips32 -mips32 -DLINUX_KERNEL_VERSION=263366 --sysroot=/opt/lede-toolchain-ramips-mt7621_gcc-5.4.0_musl-1.1.24.Linux-x86_64/toolchain-mipsel_24kc_gcc-5.4.0_musl-1.1.24   conftest.c >&5
configure:19692: $? = 0
configure:19695: test -z 			 || test ! -s conftest.err
configure:19698: $? = 0
configure:19701: test -s conftest.o
configure:19704: $? = 0
configure:19714: result: yes
configure:19718: checking signal.h presence
configure:19728: /opt/lede-toolchain-ramips-mt7621_gcc-5.4.0_musl-1.1.24.Linux-x86_64/toolchain-mipsel_24kc_gcc-5.4.0_musl-1.1.24/bin/mipsel-openwrt-linux-musl-gcc -E  conftest.c
configure:19734: $? = 0
configure:19754: result: yes
configure:19789: checking for signal.h
configure:19796: result: yes
configure:19674: checking stdarg.h usability
configure:19686: /opt/lede-toolchain-ramips-mt7621_gcc-5.4.0_musl-1.1.24.Linux-x86_64/toolchain-mipsel_24kc_gcc-5.4.0_musl-1.1.24/bin/mipsel-openwrt-linux-musl-gcc -c -Os -Wall -DLINUX26 -DCONFIG_RALINK -DMUSL_LIBC -DDEBUG_NOISY -DDEBUG_RCTEST -D_GNU_SOURCE -D__UAPI_DEF_ETHHDR -DRALINK_DBDC_MODE -pipe -funit-at-a-time -Wno-pointer-sign -mtune=mips32 -mips32 -DLINUX_KERNEL_VERSION=263366 --sysroot=/opt/lede-toolchain-ramips-mt7621_gcc-5.4.0_musl-1.1.24.Linux-x86_64/toolchain-mipsel_24kc_gcc-5.4.0_musl-1.1.24   conftest.c >&5
configure:19692: $? = 0
configure:19695: test -z 			 || test ! -s conftest.err
configure:19698: $? = 0
configure:19701: test -s conftest.o
configure:19704: $? = 0
configure:19714: result: yes
configure:19718: checking stdarg.h presence
configure:19728: /opt/lede-toolchain-ramips-mt7621_gcc-5.4.0_musl-1.1.24.Linux-x86_64/toolchain-mipsel_24kc_gcc-5.4.0_musl-1.1.24/bin/mipsel-openwrt-linux-musl-gcc -E  conftest.c
configure:19734: $? = 0
configure:19754: result: yes
configure:19789: checking for stdarg.h
configure:19796: result: yes
configure:19674: checking stddef.h usability
configure:19686: /opt/lede-toolchain-ramips-mt7621_gcc-5.4.0_musl-1.1.24.Linux-x86_64/toolchain-mipsel_24kc_gcc-5.4.0_musl-1.1.24/bin/mipsel-openwrt-linux-musl-gcc -c -Os -Wall -DLINUX26 -DCONFIG_RALINK -DMUSL_LIBC -DDEBUG_NOISY -DDEBUG_RCTEST -D_GNU_SOURCE -D__UAPI_DEF_ETHHDR -DRALINK_DBDC_MODE -pipe -funit-at-a-time -Wno-pointer-sign -mtune=mips32 -mips32 -DLINUX_KERNEL_VERSION=263366 --sysroot=/opt/lede-toolchain-ramips-mt7621_gcc-5.4.0_musl-1.1.24.Linux-x86_64/toolchain-mipsel_24kc_gcc-5.4.0_musl-1.1.24   conftest.c >&5
configure:19692: $? = 0
configure:19695: test -z 			 || test ! -s conftest.err
configure:19698: $? = 0
configure:19701: test -s conftest.o
configure:19704: $? = 0
configure:19714: result: yes
configure:19718: checking stddef.h presence
configure:19728: /opt/lede-toolchain-ramips-mt7621_gcc-5.4.0_musl-1.1.24.Linux-x86_64/toolchain-mipsel_24kc_gcc-5.4.0_musl-1.1.24/bin/mipsel-openwrt-linux-musl-gcc -E  conftest.c
configure:19734: $? = 0
configure:19754: result: yes
configure:19789: checking for stddef.h
configure:19796: result: yes
configure:19665: checking for stdint.h
configure:19670: result: yes
configure:19674: checking stdio.h usability
configure:19686: /opt/lede-toolchain-ramips-mt7621_gcc-5.4.0_musl-1.1.24.Linux-x86_64/toolchain-mipsel_24kc_gcc-5.4.0_musl-1.1.24/bin/mipsel-openwrt-linux-musl-gcc -c -Os -Wall -DLINUX26 -DCONFIG_RALINK -DMUSL_LIBC -DDEBUG_NOISY -DDEBUG_RCTEST -D_GNU_SOURCE -D__UAPI_DEF_ETHHDR -DRALINK_DBDC_MODE -pipe -funit-at-a-time -Wno-pointer-sign -mtune=mips32 -mips32 -DLINUX_KERNEL_VERSION=263366 --sysroot=/opt/lede-toolchain-ramips-mt7621_gcc-5.4.0_musl-1.1.24.Linux-x86_64/toolchain-mipsel_24kc_gcc-5.4.0_musl-1.1.24   conftest.c >&5
configure:19692: $? = 0
configure:19695: test -z 			 || test ! -s conftest.err
configure:19698: $? = 0
configure:19701: test -s conftest.o
configure:19704: $? = 0
configure:19714: result: yes
configure:19718: checking stdio.h presence
configure:19728: /opt/lede-toolchain-ramips-mt7621_gcc-5.4.0_musl-1.1.24.Linux-x86_64/toolchain-mipsel_24kc_gcc-5.4.0_musl-1.1.24/bin/mipsel-openwrt-linux-musl-gcc -E  conftest.c
configure:19734: $? = 0
configure:19754: result: yes
configure:19789: checking for stdio.h
configure:19796: result: yes
configure:19665: checking for stdlib.h
configure:19670: result: yes
configure:19665: checking for string.h
configure:19670: result: yes
configure:19665: checking for strings.h
configure:19670: result: yes
configure:19674: checking time.h usability
configure:19686: /opt/lede-toolchain-ramips-mt7621_gcc-5.4.0_musl-1.1.24.Linux-x86_64/toolchain-mipsel_24kc_gcc-5.4.0_musl-1.1.24/bin/mipsel-openwrt-linux-musl-gcc -c -Os -Wall -DLINUX26 -DCONFIG_RALINK -DMUSL_LIBC -DDEBUG_NOISY -DDEBUG_RCTEST -D_GNU_SOURCE -D__UAPI_DEF_ETHHDR -DRALINK_DBDC_MODE -pipe -funit-at-a-time -Wno-pointer-sign -mtune=mips32 -mips32 -DLINUX_KERNEL_VERSION=263366 --sysroot=/opt/lede-toolchain-ramips-mt7621_gcc-5.4.0_musl-1.1.24.Linux-x86_64/toolchain-mipsel_24kc_gcc-5.4.0_musl-1.1.24   conftest.c >&5
configure:19692: $? = 0
configure:19695: test -z 			 || test ! -s conftest.err
configure:19698: $? = 0
configure:19701: test -s conftest.o
configure:19704: $? = 0
configure:19714: result: yes
configure:19718: checking time.h presence
configure:19728: /opt/lede-toolchain-ramips-mt7621_gcc-5.4.0_musl-1.1.24.Linux-x86_64/toolchain-mipsel_24kc_gcc-5.4.0_musl-1.1.24/bin/mipsel-openwrt-linux-musl-gcc -E  conftest.c
configure:19734: $? = 0
configure:19754: result: yes
configure:19789: checking for time.h
configure:19796: result: yes
configure:19665: checking for unistd.h
configure:19670: result: yes
configure:19674: checking utime.h usability
configure:19686: /opt/lede-toolchain-ramips-mt7621_gcc-5.4.0_musl-1.1.24.Linux-x86_64/toolchain-mipsel_24kc_gcc-5.4.0_musl-1.1.24/bin/mipsel-openwrt-linux-musl-gcc -c -Os -Wall -DLINUX26 -DCONFIG_RALINK -DMUSL_LIBC -DDEBUG_NOISY -DDEBUG_RCTEST -D_GNU_SOURCE -D__UAPI_DEF_ETHHDR -DRALINK_DBDC_MODE -pipe -funit-at-a-time -Wno-pointer-sign -mtune=mips32 -mips32 -DLINUX_KERNEL_VERSION=263366 --sysroot=/opt/lede-toolchain-ramips-mt7621_gcc-5.4.0_musl-1.1.24.Linux-x86_64/toolchain-mipsel_24kc_gcc-5.4.0_musl-1.1.24   conftest.c >&5
configure:19692: $? = 0
configure:19695: test -z 			 || test ! -s conftest.err
configure:19698: $? = 0
configure:19701: test -s conftest.o
configure:19704: $? = 0
configure:19714: result: yes
configure:19718: checking utime.h presence
configure:19728: /opt/lede-toolchain-ramips-mt7621_gcc-5.4.0_musl-1.1.24.Linux-x86_64/toolchain-mipsel_24kc_gcc-5.4.0_musl-1.1.24/bin/mipsel-openwrt-linux-musl-gcc -E  conftest.c
configure:19734: $? = 0
configure:19754: result: yes
configure:19789: checking for utime.h
configure:19796: result: yes
configure:19674: checking sys/mman.h usability
configure:19686: /opt/lede-toolchain-ramips-mt7621_gcc-5.4.0_musl-1.1.24.Linux-x86_64/toolchain-mipsel_24kc_gcc-5.4.0_musl-1.1.24/bin/mipsel-openwrt-linux-musl-gcc -c -Os -Wall -DLINUX26 -DCONFIG_RALINK -DMUSL_LIBC -DDEBUG_NOISY -DDEBUG_RCTEST -D_GNU_SOURCE -D__UAPI_DEF_ETHHDR -DRALINK_DBDC_MODE -pipe -funit-at-a-time -Wno-pointer-sign -mtune=mips32 -mips32 -DLINUX_KERNEL_VERSION=263366 --sysroot=/opt/lede-toolchain-ramips-mt7621_gcc-5.4.0_musl-1.1.24.Linux-x86_64/toolchain-mipsel_24kc_gcc-5.4.0_musl-1.1.24   conftest.c >&5
configure:19692: $? = 0
configure:19695: test -z 			 || test ! -s conftest.err
configure:19698: $? = 0
configure:19701: test -s conftest.o
configure:19704: $? = 0
configure:19714: result: yes
configure:19718: checking sys/mman.h presence
configure:19728: /opt/lede-toolchain-ramips-mt7621_gcc-5.4.0_musl-1.1.24.Linux-x86_64/toolchain-mipsel_24kc_gcc-5.4.0_musl-1.1.24/bin/mipsel-openwrt-linux-musl-gcc -E  conftest.c
configure:19734: $? = 0
configure:19754: result: yes
configure:19789: checking for sys/mman.h
configure:19796: result: yes
configure:19674: checking sys/resource.h usability
configure:19686: /opt/lede-toolchain-ramips-mt7621_gcc-5.4.0_musl-1.1.24.Linux-x86_64/toolchain-mipsel_24kc_gcc-5.4.0_musl-1.1.24/bin/mipsel-openwrt-linux-musl-gcc -c -Os -Wall -DLINUX26 -DCONFIG_RALINK -DMUSL_LIBC -DDEBUG_NOISY -DDEBUG_RCTEST -D_GNU_SOURCE -D__UAPI_DEF_ETHHDR -DRALINK_DBDC_MODE -pipe -funit-at-a-time -Wno-pointer-sign -mtune=mips32 -mips32 -DLINUX_KERNEL_VERSION=263366 --sysroot=/opt/lede-toolchain-ramips-mt7621_gcc-5.4.0_musl-1.1.24.Linux-x86_64/toolchain-mipsel_24kc_gcc-5.4.0_musl-1.1.24   conftest.c >&5
configure:19692: $? = 0
configure:19695: test -z 			 || test ! -s conftest.err
configure:19698: $? = 0
configure:19701: test -s conftest.o
configure:19704: $? = 0
configure:19714: result: yes
configure:19718: checking sys/resource.h presence
configure:19728: /opt/lede-toolchain-ramips-mt7621_gcc-5.4.0_musl-1.1.24.Linux-x86_64/toolchain-mipsel_24kc_gcc-5.4.0_musl-1.1.24/bin/mipsel-openwrt-linux-musl-gcc -E  conftest.c
configure:19734: $? = 0
configure:19754: result: yes
configure:19789: checking for sys/resource.h
configure:19796: result: yes
configure:19665: checking for sys/stat.h
configure:19670: result: yes
configure:19674: checking sys/time.h usability
configure:19686: /opt/lede-toolchain-ramips-mt7621_gcc-5.4.0_musl-1.1.24.Linux-x86_64/toolchain-mipsel_24kc_gcc-5.4.0_musl-1.1.24/bin/mipsel-openwrt-linux-musl-gcc -c -Os -Wall -DLINUX26 -DCONFIG_RALINK -DMUSL_LIBC -DDEBUG_NOISY -DDEBUG_RCTEST -D_GNU_SOURCE -D__UAPI_DEF_ETHHDR -DRALINK_DBDC_MODE -pipe -funit-at-a-time -Wno-pointer-sign -mtune=mips32 -mips32 -DLINUX_KERNEL_VERSION=263366 --sysroot=/opt/lede-toolchain-ramips-mt7621_gcc-5.4.0_musl-1.1.24.Linux-x86_64/toolchain-mipsel_24kc_gcc-5.4.0_musl-1.1.24   conftest.c >&5
configure:19692: $? = 0
configure:19695: test -z 			 || test ! -s conftest.err
configure:19698: $? = 0
configure:19701: test -s conftest.o
configure:19704: $? = 0
configure:19714: result: yes
configure:19718: checking sys/time.h presence
configure:19728: /opt/lede-toolchain-ramips-mt7621_gcc-5.4.0_musl-1.1.24.Linux-x86_64/toolchain-mipsel_24kc_gcc-5.4.0_musl-1.1.24/bin/mipsel-openwrt-linux-musl-gcc -E  conftest.c
configure:19734: $? = 0
configure:19754: result: yes
configure:19789: checking for sys/time.h
configure:19796: result: yes
configure:19665: checking for sys/types.h
configure:19670: result: yes
configure:19674: checking sys/wait.h usability
configure:19686: /opt/lede-toolchain-ramips-mt7621_gcc-5.4.0_musl-1.1.24.Linux-x86_64/toolchain-mipsel_24kc_gcc-5.4.0_musl-1.1.24/bin/mipsel-openwrt-linux-musl-gcc -c -Os -Wall -DLINUX26 -DCONFIG_RALINK -DMUSL_LIBC -DDEBUG_NOISY -DDEBUG_RCTEST -D_GNU_SOURCE -D__UAPI_DEF_ETHHDR -DRALINK_DBDC_MODE -pipe -funit-at-a-time -Wno-pointer-sign -mtune=mips32 -mips32 -DLINUX_KERNEL_VERSION=263366 --sysroot=/opt/lede-toolchain-ramips-mt7621_gcc-5.4.0_musl-1.1.24.Linux-x86_64/toolchain-mipsel_24kc_gcc-5.4.0_musl-1.1.24   conftest.c >&5
configure:19692: $? = 0
configure:19695: test -z 			 || test ! -s conftest.err
configure:19698: $? = 0
configure:19701: test -s conftest.o
configure:19704: $? = 0
configure:19714: result: yes
configure:19718: checking sys/wait.h presence
configure:19728: /opt/lede-toolchain-ramips-mt7621_gcc-5.4.0_musl-1.1.24.Linux-x86_64/toolchain-mipsel_24kc_gcc-5.4.0_musl-1.1.24/bin/mipsel-openwrt-linux-musl-gcc -E  conftest.c
configure:19734: $? = 0
configure:19754: result: yes
configure:19789: checking for sys/wait.h
configure:19796: result: yes
configure:19816: checking whether limits.h is sane
configure:19934: /opt/lede-toolchain-ramips-mt7621_gcc-5.4.0_musl-1.1.24.Linux-x86_64/toolchain-mipsel_24kc_gcc-5.4.0_musl-1.1.24/bin/mipsel-openwrt-linux-musl-gcc -c -Os -Wall -DLINUX26 -DCONFIG_RALINK -DMUSL_LIBC -DDEBUG_NOISY -DDEBUG_RCTEST -D_GNU_SOURCE -D__UAPI_DEF_ETHHDR -DRALINK_DBDC_MODE -pipe -funit-at-a-time -Wno-pointer-sign -mtune=mips32 -mips32 -DLINUX_KERNEL_VERSION=263366 --sysroot=/opt/lede-toolchain-ramips-mt7621_gcc-5.4.0_musl-1.1.24.Linux-x86_64/toolchain-mipsel_24kc_gcc-5.4.0_musl-1.1.24   conftest.c >&5
conftest.c: In function 'main':
conftest.c:124:16: warning: typedef 'a_short2a' locally defined but not used [-Wunused-local-typedefs]
 { typedef char a_short2a[1 - 2 * !(sizeof(short) == 2)]; }
                ^
conftest.c:131:16: warning: typedef 'a_int2b' locally defined but not used [-Wunused-local-typedefs]
 { typedef char a_int2b[1 - 2 * !(sizeof(int) > 2)]; }
                ^
conftest.c:136:16: warning: typedef 'a_long2b' locally defined but not used [-Wunused-local-typedefs]
 { typedef char a_long2b[1 - 2 * !(sizeof(long) > 2)]; }
                ^
conftest.c:146:16: warning: typedef 'a_int4a' locally defined but not used [-Wunused-local-typedefs]
 { typedef char a_int4a[1 - 2 * !(sizeof(int) == 4)]; }
                ^
conftest.c:151:16: warning: typedef 'a_long4a' locally defined but not used [-Wunused-local-typedefs]
 { typedef char a_long4a[1 - 2 * !(sizeof(long) == 4)]; }
                ^
configure:19940: $? = 0
configure:19943: test -z 			 || test ! -s conftest.err
configure:19946: $? = 0
configure:19949: test -s conftest.o
configure:19952: $? = 0
configure:19963: result: yes
configure:19977: checking for off_t
configure:20001: /opt/lede-toolchain-ramips-mt7621_gcc-5.4.0_musl-1.1.24.Linux-x86_64/toolchain-mipsel_24kc_gcc-5.4.0_musl-1.1.24/bin/mipsel-openwrt-linux-musl-gcc -c -Os -Wall -DLINUX26 -DCONFIG_RALINK -DMUSL_LIBC -DDEBUG_NOISY -DDEBUG_RCTEST -D_GNU_SOURCE -D__UAPI_DEF_ETHHDR -DRALINK_DBDC_MODE -pipe -funit-at-a-time -Wno-pointer-sign -mtune=mips32 -mips32 -DLINUX_KERNEL_VERSION=263366 --sysroot=/opt/lede-toolchain-ramips-mt7621_gcc-5.4.0_musl-1.1.24.Linux-x86_64/toolchain-mipsel_24kc_gcc-5.4.0_musl-1.1.24   conftest.c >&5
configure:20007: $? = 0
configure:20010: test -z 			 || test ! -s conftest.err
configure:20013: $? = 0
configure:20016: test -s conftest.o
configure:20019: $? = 0
configure:20030: result: yes
configure:20042: checking for ptrdiff_t
configure:20066: /opt/lede-toolchain-ramips-mt7621_gcc-5.4.0_musl-1.1.24.Linux-x86_64/toolchain-mipsel_24kc_gcc-5.4.0_musl-1.1.24/bin/mipsel-openwrt-linux-musl-gcc -c -Os -Wall -DLINUX26 -DCONFIG_RALINK -DMUSL_LIBC -DDEBUG_NOISY -DDEBUG_RCTEST -D_GNU_SOURCE -D__UAPI_DEF_ETHHDR -DRALINK_DBDC_MODE -pipe -funit-at-a-time -Wno-pointer-sign -mtune=mips32 -mips32 -DLINUX_KERNEL_VERSION=263366 --sysroot=/opt/lede-toolchain-ramips-mt7621_gcc-5.4.0_musl-1.1.24.Linux-x86_64/toolchain-mipsel_24kc_gcc-5.4.0_musl-1.1.24   conftest.c >&5
configure:20072: $? = 0
configure:20075: test -z 			 || test ! -s conftest.err
configure:20078: $? = 0
configure:20081: test -s conftest.o
configure:20084: $? = 0
configure:20095: result: yes
configure:20107: checking for size_t
configure:20131: /opt/lede-toolchain-ramips-mt7621_gcc-5.4.0_musl-1.1.24.Linux-x86_64/toolchain-mipsel_24kc_gcc-5.4.0_musl-1.1.24/bin/mipsel-openwrt-linux-musl-gcc -c -Os -Wall -DLINUX26 -DCONFIG_RALINK -DMUSL_LIBC -DDEBUG_NOISY -DDEBUG_RCTEST -D_GNU_SOURCE -D__UAPI_DEF_ETHHDR -DRALINK_DBDC_MODE -pipe -funit-at-a-time -Wno-pointer-sign -mtune=mips32 -mips32 -DLINUX_KERNEL_VERSION=263366 --sysroot=/opt/lede-toolchain-ramips-mt7621_gcc-5.4.0_musl-1.1.24.Linux-x86_64/toolchain-mipsel_24kc_gcc-5.4.0_musl-1.1.24   conftest.c >&5
configure:20137: $? = 0
configure:20140: test -z 			 || test ! -s conftest.err
configure:20143: $? = 0
configure:20146: test -s conftest.o
configure:20149: $? = 0
configure:20160: result: yes
configure:20172: checking return type of signal handlers
configure:20203: /opt/lede-toolchain-ramips-mt7621_gcc-5.4.0_musl-1.1.24.Linux-x86_64/toolchain-mipsel_24kc_gcc-5.4.0_musl-1.1.24/bin/mipsel-openwrt-linux-musl-gcc -c -Os -Wall -DLINUX26 -DCONFIG_RALINK -DMUSL_LIBC -DDEBUG_NOISY -DDEBUG_RCTEST -D_GNU_SOURCE -D__UAPI_DEF_ETHHDR -DRALINK_DBDC_MODE -pipe -funit-at-a-time -Wno-pointer-sign -mtune=mips32 -mips32 -DLINUX_KERNEL_VERSION=263366 --sysroot=/opt/lede-toolchain-ramips-mt7621_gcc-5.4.0_musl-1.1.24.Linux-x86_64/toolchain-mipsel_24kc_gcc-5.4.0_musl-1.1.24   conftest.c >&5
conftest.c: In function 'main':
conftest.c:68:5: warning: unused variable 'i' [-Wunused-variable]
 int i;
     ^
configure:20209: $? = 0
configure:20212: test -z 			 || test ! -s conftest.err
configure:20215: $? = 0
configure:20218: test -s conftest.o
configure:20221: $? = 0
configure:20232: result: void
configure:20242: checking for short
configure:20266: /opt/lede-toolchain-ramips-mt7621_gcc-5.4.0_musl-1.1.24.Linux-x86_64/toolchain-mipsel_24kc_gcc-5.4.0_musl-1.1.24/bin/mipsel-openwrt-linux-musl-gcc -c -Os -Wall -DLINUX26 -DCONFIG_RALINK -DMUSL_LIBC -DDEBUG_NOISY -DDEBUG_RCTEST -D_GNU_SOURCE -D__UAPI_DEF_ETHHDR -DRALINK_DBDC_MODE -pipe -funit-at-a-time -Wno-pointer-sign -mtune=mips32 -mips32 -DLINUX_KERNEL_VERSION=263366 --sysroot=/opt/lede-toolchain-ramips-mt7621_gcc-5.4.0_musl-1.1.24.Linux-x86_64/toolchain-mipsel_24kc_gcc-5.4.0_musl-1.1.24   conftest.c >&5
configure:20272: $? = 0
configure:20275: test -z 			 || test ! -s conftest.err
configure:20278: $? = 0
configure:20281: test -s conftest.o
configure:20284: $? = 0
configure:20295: result: yes
configure:20298: checking size of short
configure:20328: /opt/lede-toolchain-ramips-mt7621_gcc-5.4.0_musl-1.1.24.Linux-x86_64/toolchain-mipsel_24kc_gcc-5.4.0_musl-1.1.24/bin/mipsel-openwrt-linux-musl-gcc -c -Os -Wall -DLINUX26 -DCONFIG_RALINK -DMUSL_LIBC -DDEBUG_NOISY -DDEBUG_RCTEST -D_GNU_SOURCE -D__UAPI_DEF_ETHHDR -DRALINK_DBDC_MODE -pipe -funit-at-a-time -Wno-pointer-sign -mtune=mips32 -mips32 -DLINUX_KERNEL_VERSION=263366 --sysroot=/opt/lede-toolchain-ramips-mt7621_gcc-5.4.0_musl-1.1.24.Linux-x86_64/toolchain-mipsel_24kc_gcc-5.4.0_musl-1.1.24   conftest.c >&5
conftest.c: In function 'main':
conftest.c:92:12: warning: variable 'test_array' set but not used [-Wunused-but-set-variable]
 static int test_array [1 - 2 * !(((long) (sizeof (short))) >= 0)];
            ^
configure:20334: $? = 0
configure:20337: test -z 			 || test ! -s conftest.err
configure:20340: $? = 0
configure:20343: test -s conftest.o
configure:20346: $? = 0
configure:20368: /opt/lede-toolchain-ramips-mt7621_gcc-5.4.0_musl-1.1.24.Linux-x86_64/toolchain-mipsel_24kc_gcc-5.4.0_musl-1.1.24/bin/mipsel-openwrt-linux-musl-gcc -c -Os -Wall -DLINUX26 -DCONFIG_RALINK -DMUSL_LIBC -DDEBUG_NOISY -DDEBUG_RCTEST -D_GNU_SOURCE -D__UAPI_DEF_ETHHDR -DRALINK_DBDC_MODE -pipe -funit-at-a-time -Wno-pointer-sign -mtune=mips32 -mips32 -DLINUX_KERNEL_VERSION=263366 --sysroot=/opt/lede-toolchain-ramips-mt7621_gcc-5.4.0_musl-1.1.24.Linux-x86_64/toolchain-mipsel_24kc_gcc-5.4.0_musl-1.1.24   conftest.c >&5
conftest.c: In function 'main':
conftest.c:92:12: error: size of array 'test_array' is negative
 static int test_array [1 - 2 * !(((long) (sizeof (short))) <= 0)];
            ^
conftest.c:92:12: warning: variable 'test_array' set but not used [-Wunused-but-set-variable]
configure:20374: $? = 1
configure: failed program was:
| /* confdefs.h.  */
| 
| #define PACKAGE_NAME "lzo"
| #define PACKAGE_TARNAME "lzo"
| #define PACKAGE_VERSION "2.03"
| #define PACKAGE_STRING "lzo 2.03"
| #define PACKAGE_BUGREPORT "markus@oberhumer.com"
| #define LZO_ABI_LITTLE_ENDIAN 1
| #define PACKAGE "lzo"
| #define VERSION "2.03"
| #define STDC_HEADERS 1
| #define HAVE_SYS_TYPES_H 1
| #define HAVE_SYS_STAT_H 1
| #define HAVE_STDLIB_H 1
| #define HAVE_STRING_H 1
| #define HAVE_MEMORY_H 1
| #define HAVE_STRINGS_H 1
| #define HAVE_INTTYPES_H 1
| #define HAVE_STDINT_H 1
| #define HAVE_UNISTD_H 1
| #define HAVE_DLFCN_H 1
| #ifdef __cplusplus
| extern "C" void exit (int);
| #endif
| #define TIME_WITH_SYS_TIME 1
| #define HAVE_ASSERT_H 1
| #define HAVE_CTYPE_H 1
| #define HAVE_DIRENT_H 1
| #define HAVE_ERRNO_H 1
| #define HAVE_FCNTL_H 1
| #define HAVE_FLOAT_H 1
| #define HAVE_LIMITS_H 1
| #define HAVE_MALLOC_H 1
| #define HAVE_MEMORY_H 1
| #define HAVE_SETJMP_H 1
| #define HAVE_SIGNAL_H 1
| #define HAVE_STDARG_H 1
| #define HAVE_STDDEF_H 1
| #define HAVE_STDINT_H 1
| #define HAVE_STDIO_H 1
| #define HAVE_STDLIB_H 1
| #define HAVE_STRING_H 1
| #define HAVE_STRINGS_H 1
| #define HAVE_TIME_H 1
| #define HAVE_UNISTD_H 1
| #define HAVE_UTIME_H 1
| #define HAVE_SYS_MMAN_H 1
| #define HAVE_SYS_RESOURCE_H 1
| #define HAVE_SYS_STAT_H 1
| #define HAVE_SYS_TIME_H 1
| #define HAVE_SYS_TYPES_H 1
| #define HAVE_SYS_WAIT_H 1
| #define RETSIGTYPE void
| /* end confdefs.h.  */
| #include <stdio.h>
| #if HAVE_SYS_TYPES_H
| # include <sys/types.h>
| #endif
| #if HAVE_SYS_STAT_H
| # include <sys/stat.h>
| #endif
| #if STDC_HEADERS
| # include <stdlib.h>
| # include <stddef.h>
| #else
| # if HAVE_STDLIB_H
| #  include <stdlib.h>
| # endif
| #endif
| #if HAVE_STRING_H
| # if !STDC_HEADERS && HAVE_MEMORY_H
| #  include <memory.h>
| # endif
| # include <string.h>
| #endif
| #if HAVE_STRINGS_H
| # include <strings.h>
| #endif
| #if HAVE_INTTYPES_H
| # include <inttypes.h>
| #else
| # if HAVE_STDINT_H
| #  include <stdint.h>
| # endif
| #endif
| #if HAVE_UNISTD_H
| # include <unistd.h>
| #endif
| int
| main ()
| {
| static int test_array [1 - 2 * !(((long) (sizeof (short))) <= 0)];
| test_array [0] = 0
| 
|   ;
|   return 0;
| }
configure:20368: /opt/lede-toolchain-ramips-mt7621_gcc-5.4.0_musl-1.1.24.Linux-x86_64/toolchain-mipsel_24kc_gcc-5.4.0_musl-1.1.24/bin/mipsel-openwrt-linux-musl-gcc -c -Os -Wall -DLINUX26 -DCONFIG_RALINK -DMUSL_LIBC -DDEBUG_NOISY -DDEBUG_RCTEST -D_GNU_SOURCE -D__UAPI_DEF_ETHHDR -DRALINK_DBDC_MODE -pipe -funit-at-a-time -Wno-pointer-sign -mtune=mips32 -mips32 -DLINUX_KERNEL_VERSION=263366 --sysroot=/opt/lede-toolchain-ramips-mt7621_gcc-5.4.0_musl-1.1.24.Linux-x86_64/toolchain-mipsel_24kc_gcc-5.4.0_musl-1.1.24   conftest.c >&5
conftest.c: In function 'main':
conftest.c:92:12: error: size of array 'test_array' is negative
 static int test_array [1 - 2 * !(((long) (sizeof (short))) <= 1)];
            ^
conftest.c:92:12: warning: variable 'test_array' set but not used [-Wunused-but-set-variable]
configure:20374: $? = 1
configure: failed program was:
| /* confdefs.h.  */
| 
| #define PACKAGE_NAME "lzo"
| #define PACKAGE_TARNAME "lzo"
| #define PACKAGE_VERSION "2.03"
| #define PACKAGE_STRING "lzo 2.03"
| #define PACKAGE_BUGREPORT "markus@oberhumer.com"
| #define LZO_ABI_LITTLE_ENDIAN 1
| #define PACKAGE "lzo"
| #define VERSION "2.03"
| #define STDC_HEADERS 1
| #define HAVE_SYS_TYPES_H 1
| #define HAVE_SYS_STAT_H 1
| #define HAVE_STDLIB_H 1
| #define HAVE_STRING_H 1
| #define HAVE_MEMORY_H 1
| #define HAVE_STRINGS_H 1
| #define HAVE_INTTYPES_H 1
| #define HAVE_STDINT_H 1
| #define HAVE_UNISTD_H 1
| #define HAVE_DLFCN_H 1
| #ifdef __cplusplus
| extern "C" void exit (int);
| #endif
| #define TIME_WITH_SYS_TIME 1
| #define HAVE_ASSERT_H 1
| #define HAVE_CTYPE_H 1
| #define HAVE_DIRENT_H 1
| #define HAVE_ERRNO_H 1
| #define HAVE_FCNTL_H 1
| #define HAVE_FLOAT_H 1
| #define HAVE_LIMITS_H 1
| #define HAVE_MALLOC_H 1
| #define HAVE_MEMORY_H 1
| #define HAVE_SETJMP_H 1
| #define HAVE_SIGNAL_H 1
| #define HAVE_STDARG_H 1
| #define HAVE_STDDEF_H 1
| #define HAVE_STDINT_H 1
| #define HAVE_STDIO_H 1
| #define HAVE_STDLIB_H 1
| #define HAVE_STRING_H 1
| #define HAVE_STRINGS_H 1
| #define HAVE_TIME_H 1
| #define HAVE_UNISTD_H 1
| #define HAVE_UTIME_H 1
| #define HAVE_SYS_MMAN_H 1
| #define HAVE_SYS_RESOURCE_H 1
| #define HAVE_SYS_STAT_H 1
| #define HAVE_SYS_TIME_H 1
| #define HAVE_SYS_TYPES_H 1
| #define HAVE_SYS_WAIT_H 1
| #define RETSIGTYPE void
| /* end confdefs.h.  */
| #include <stdio.h>
| #if HAVE_SYS_TYPES_H
| # include <sys/types.h>
| #endif
| #if HAVE_SYS_STAT_H
| # include <sys/stat.h>
| #endif
| #if STDC_HEADERS
| # include <stdlib.h>
| # include <stddef.h>
| #else
| # if HAVE_STDLIB_H
| #  include <stdlib.h>
| # endif
| #endif
| #if HAVE_STRING_H
| # if !STDC_HEADERS && HAVE_MEMORY_H
| #  include <memory.h>
| # endif
| # include <string.h>
| #endif
| #if HAVE_STRINGS_H
| # include <strings.h>
| #endif
| #if HAVE_INTTYPES_H
| # include <inttypes.h>
| #else
| # if HAVE_STDINT_H
| #  include <stdint.h>
| # endif
| #endif
| #if HAVE_UNISTD_H
| # include <unistd.h>
| #endif
| int
| main ()
| {
| static int test_array [1 - 2 * !(((long) (sizeof (short))) <= 1)];
| test_array [0] = 0
| 
|   ;
|   return 0;
| }
configure:20368: /opt/lede-toolchain-ramips-mt7621_gcc-5.4.0_musl-1.1.24.Linux-x86_64/toolchain-mipsel_24kc_gcc-5.4.0_musl-1.1.24/bin/mipsel-openwrt-linux-musl-gcc -c -Os -Wall -DLINUX26 -DCONFIG_RALINK -DMUSL_LIBC -DDEBUG_NOISY -DDEBUG_RCTEST -D_GNU_SOURCE -D__UAPI_DEF_ETHHDR -DRALINK_DBDC_MODE -pipe -funit-at-a-time -Wno-pointer-sign -mtune=mips32 -mips32 -DLINUX_KERNEL_VERSION=263366 --sysroot=/opt/lede-toolchain-ramips-mt7621_gcc-5.4.0_musl-1.1.24.Linux-x86_64/toolchain-mipsel_24kc_gcc-5.4.0_musl-1.1.24   conftest.c >&5
conftest.c: In function 'main':
conftest.c:92:12: warning: variable 'test_array' set but not used [-Wunused-but-set-variable]
 static int test_array [1 - 2 * !(((long) (sizeof (short))) <= 3)];
            ^
configure:20374: $? = 0
configure:20377: test -z 			 || test ! -s conftest.err
configure:20380: $? = 0
configure:20383: test -s conftest.o
configure:20386: $? = 0
configure:20528: /opt/lede-toolchain-ramips-mt7621_gcc-5.4.0_musl-1.1.24.Linux-x86_64/toolchain-mipsel_24kc_gcc-5.4.0_musl-1.1.24/bin/mipsel-openwrt-linux-musl-gcc -c -Os -Wall -DLINUX26 -DCONFIG_RALINK -DMUSL_LIBC -DDEBUG_NOISY -DDEBUG_RCTEST -D_GNU_SOURCE -D__UAPI_DEF_ETHHDR -DRALINK_DBDC_MODE -pipe -funit-at-a-time -Wno-pointer-sign -mtune=mips32 -mips32 -DLINUX_KERNEL_VERSION=263366 --sysroot=/opt/lede-toolchain-ramips-mt7621_gcc-5.4.0_musl-1.1.24.Linux-x86_64/toolchain-mipsel_24kc_gcc-5.4.0_musl-1.1.24   conftest.c >&5
conftest.c: In function 'main':
conftest.c:92:12: warning: variable 'test_array' set but not used [-Wunused-but-set-variable]
 static int test_array [1 - 2 * !(((long) (sizeof (short))) <= 2)];
            ^
configure:20534: $? = 0
configure:20537: test -z 			 || test ! -s conftest.err
configure:20540: $? = 0
configure:20543: test -s conftest.o
configure:20546: $? = 0
configure:20641: result: 2
configure:20648: checking for int
configure:20672: /opt/lede-toolchain-ramips-mt7621_gcc-5.4.0_musl-1.1.24.Linux-x86_64/toolchain-mipsel_24kc_gcc-5.4.0_musl-1.1.24/bin/mipsel-openwrt-linux-musl-gcc -c -Os -Wall -DLINUX26 -DCONFIG_RALINK -DMUSL_LIBC -DDEBUG_NOISY -DDEBUG_RCTEST -D_GNU_SOURCE -D__UAPI_DEF_ETHHDR -DRALINK_DBDC_MODE -pipe -funit-at-a-time -Wno-pointer-sign -mtune=mips32 -mips32 -DLINUX_KERNEL_VERSION=263366 --sysroot=/opt/lede-toolchain-ramips-mt7621_gcc-5.4.0_musl-1.1.24.Linux-x86_64/toolchain-mipsel_24kc_gcc-5.4.0_musl-1.1.24   conftest.c >&5
configure:20678: $? = 0
configure:20681: test -z 			 || test ! -s conftest.err
configure:20684: $? = 0
configure:20687: test -s conftest.o
configure:20690: $? = 0
configure:20701: result: yes
configure:20704: checking size of int
configure:20734: /opt/lede-toolchain-ramips-mt7621_gcc-5.4.0_musl-1.1.24.Linux-x86_64/toolchain-mipsel_24kc_gcc-5.4.0_musl-1.1.24/bin/mipsel-openwrt-linux-musl-gcc -c -Os -Wall -DLINUX26 -DCONFIG_RALINK -DMUSL_LIBC -DDEBUG_NOISY -DDEBUG_RCTEST -D_GNU_SOURCE -D__UAPI_DEF_ETHHDR -DRALINK_DBDC_MODE -pipe -funit-at-a-time -Wno-pointer-sign -mtune=mips32 -mips32 -DLINUX_KERNEL_VERSION=263366 --sysroot=/opt/lede-toolchain-ramips-mt7621_gcc-5.4.0_musl-1.1.24.Linux-x86_64/toolchain-mipsel_24kc_gcc-5.4.0_musl-1.1.24   conftest.c >&5
conftest.c: In function 'main':
conftest.c:93:12: warning: variable 'test_array' set but not used [-Wunused-but-set-variable]
 static int test_array [1 - 2 * !(((long) (sizeof (int))) >= 0)];
            ^
configure:20740: $? = 0
configure:20743: test -z 			 || test ! -s conftest.err
configure:20746: $? = 0
configure:20749: test -s conftest.o
configure:20752: $? = 0
configure:20774: /opt/lede-toolchain-ramips-mt7621_gcc-5.4.0_musl-1.1.24.Linux-x86_64/toolchain-mipsel_24kc_gcc-5.4.0_musl-1.1.24/bin/mipsel-openwrt-linux-musl-gcc -c -Os -Wall -DLINUX26 -DCONFIG_RALINK -DMUSL_LIBC -DDEBUG_NOISY -DDEBUG_RCTEST -D_GNU_SOURCE -D__UAPI_DEF_ETHHDR -DRALINK_DBDC_MODE -pipe -funit-at-a-time -Wno-pointer-sign -mtune=mips32 -mips32 -DLINUX_KERNEL_VERSION=263366 --sysroot=/opt/lede-toolchain-ramips-mt7621_gcc-5.4.0_musl-1.1.24.Linux-x86_64/toolchain-mipsel_24kc_gcc-5.4.0_musl-1.1.24   conftest.c >&5
conftest.c: In function 'main':
conftest.c:93:12: error: size of array 'test_array' is negative
 static int test_array [1 - 2 * !(((long) (sizeof (int))) <= 0)];
            ^
conftest.c:93:12: warning: variable 'test_array' set but not used [-Wunused-but-set-variable]
configure:20780: $? = 1
configure: failed program was:
| /* confdefs.h.  */
| 
| #define PACKAGE_NAME "lzo"
| #define PACKAGE_TARNAME "lzo"
| #define PACKAGE_VERSION "2.03"
| #define PACKAGE_STRING "lzo 2.03"
| #define PACKAGE_BUGREPORT "markus@oberhumer.com"
| #define LZO_ABI_LITTLE_ENDIAN 1
| #define PACKAGE "lzo"
| #define VERSION "2.03"
| #define STDC_HEADERS 1
| #define HAVE_SYS_TYPES_H 1
| #define HAVE_SYS_STAT_H 1
| #define HAVE_STDLIB_H 1
| #define HAVE_STRING_H 1
| #define HAVE_MEMORY_H 1
| #define HAVE_STRINGS_H 1
| #define HAVE_INTTYPES_H 1
| #define HAVE_STDINT_H 1
| #define HAVE_UNISTD_H 1
| #define HAVE_DLFCN_H 1
| #ifdef __cplusplus
| extern "C" void exit (int);
| #endif
| #define TIME_WITH_SYS_TIME 1
| #define HAVE_ASSERT_H 1
| #define HAVE_CTYPE_H 1
| #define HAVE_DIRENT_H 1
| #define HAVE_ERRNO_H 1
| #define HAVE_FCNTL_H 1
| #define HAVE_FLOAT_H 1
| #define HAVE_LIMITS_H 1
| #define HAVE_MALLOC_H 1
| #define HAVE_MEMORY_H 1
| #define HAVE_SETJMP_H 1
| #define HAVE_SIGNAL_H 1
| #define HAVE_STDARG_H 1
| #define HAVE_STDDEF_H 1
| #define HAVE_STDINT_H 1
| #define HAVE_STDIO_H 1
| #define HAVE_STDLIB_H 1
| #define HAVE_STRING_H 1
| #define HAVE_STRINGS_H 1
| #define HAVE_TIME_H 1
| #define HAVE_UNISTD_H 1
| #define HAVE_UTIME_H 1
| #define HAVE_SYS_MMAN_H 1
| #define HAVE_SYS_RESOURCE_H 1
| #define HAVE_SYS_STAT_H 1
| #define HAVE_SYS_TIME_H 1
| #define HAVE_SYS_TYPES_H 1
| #define HAVE_SYS_WAIT_H 1
| #define RETSIGTYPE void
| #define SIZEOF_SHORT 2
| /* end confdefs.h.  */
| #include <stdio.h>
| #if HAVE_SYS_TYPES_H
| # include <sys/types.h>
| #endif
| #if HAVE_SYS_STAT_H
| # include <sys/stat.h>
| #endif
| #if STDC_HEADERS
| # include <stdlib.h>
| # include <stddef.h>
| #else
| # if HAVE_STDLIB_H
| #  include <stdlib.h>
| # endif
| #endif
| #if HAVE_STRING_H
| # if !STDC_HEADERS && HAVE_MEMORY_H
| #  include <memory.h>
| # endif
| # include <string.h>
| #endif
| #if HAVE_STRINGS_H
| # include <strings.h>
| #endif
| #if HAVE_INTTYPES_H
| # include <inttypes.h>
| #else
| # if HAVE_STDINT_H
| #  include <stdint.h>
| # endif
| #endif
| #if HAVE_UNISTD_H
| # include <unistd.h>
| #endif
| int
| main ()
| {
| static int test_array [1 - 2 * !(((long) (sizeof (int))) <= 0)];
| test_array [0] = 0
| 
|   ;
|   return 0;
| }
configure:20774: /opt/lede-toolchain-ramips-mt7621_gcc-5.4.0_musl-1.1.24.Linux-x86_64/toolchain-mipsel_24kc_gcc-5.4.0_musl-1.1.24/bin/mipsel-openwrt-linux-musl-gcc -c -Os -Wall -DLINUX26 -DCONFIG_RALINK -DMUSL_LIBC -DDEBUG_NOISY -DDEBUG_RCTEST -D_GNU_SOURCE -D__UAPI_DEF_ETHHDR -DRALINK_DBDC_MODE -pipe -funit-at-a-time -Wno-pointer-sign -mtune=mips32 -mips32 -DLINUX_KERNEL_VERSION=263366 --sysroot=/opt/lede-toolchain-ramips-mt7621_gcc-5.4.0_musl-1.1.24.Linux-x86_64/toolchain-mipsel_24kc_gcc-5.4.0_musl-1.1.24   conftest.c >&5
conftest.c: In function 'main':
conftest.c:93:12: error: size of array 'test_array' is negative
 static int test_array [1 - 2 * !(((long) (sizeof (int))) <= 1)];
            ^
conftest.c:93:12: warning: variable 'test_array' set but not used [-Wunused-but-set-variable]
configure:20780: $? = 1
configure: failed program was:
| /* confdefs.h.  */
| 
| #define PACKAGE_NAME "lzo"
| #define PACKAGE_TARNAME "lzo"
| #define PACKAGE_VERSION "2.03"
| #define PACKAGE_STRING "lzo 2.03"
| #define PACKAGE_BUGREPORT "markus@oberhumer.com"
| #define LZO_ABI_LITTLE_ENDIAN 1
| #define PACKAGE "lzo"
| #define VERSION "2.03"
| #define STDC_HEADERS 1
| #define HAVE_SYS_TYPES_H 1
| #define HAVE_SYS_STAT_H 1
| #define HAVE_STDLIB_H 1
| #define HAVE_STRING_H 1
| #define HAVE_MEMORY_H 1
| #define HAVE_STRINGS_H 1
| #define HAVE_INTTYPES_H 1
| #define HAVE_STDINT_H 1
| #define HAVE_UNISTD_H 1
| #define HAVE_DLFCN_H 1
| #ifdef __cplusplus
| extern "C" void exit (int);
| #endif
| #define TIME_WITH_SYS_TIME 1
| #define HAVE_ASSERT_H 1
| #define HAVE_CTYPE_H 1
| #define HAVE_DIRENT_H 1
| #define HAVE_ERRNO_H 1
| #define HAVE_FCNTL_H 1
| #define HAVE_FLOAT_H 1
| #define HAVE_LIMITS_H 1
| #define HAVE_MALLOC_H 1
| #define HAVE_MEMORY_H 1
| #define HAVE_SETJMP_H 1
| #define HAVE_SIGNAL_H 1
| #define HAVE_STDARG_H 1
| #define HAVE_STDDEF_H 1
| #define HAVE_STDINT_H 1
| #define HAVE_STDIO_H 1
| #define HAVE_STDLIB_H 1
| #define HAVE_STRING_H 1
| #define HAVE_STRINGS_H 1
| #define HAVE_TIME_H 1
| #define HAVE_UNISTD_H 1
| #define HAVE_UTIME_H 1
| #define HAVE_SYS_MMAN_H 1
| #define HAVE_SYS_RESOURCE_H 1
| #define HAVE_SYS_STAT_H 1
| #define HAVE_SYS_TIME_H 1
| #define HAVE_SYS_TYPES_H 1
| #define HAVE_SYS_WAIT_H 1
| #define RETSIGTYPE void
| #define SIZEOF_SHORT 2
| /* end confdefs.h.  */
| #include <stdio.h>
| #if HAVE_SYS_TYPES_H
| # include <sys/types.h>
| #endif
| #if HAVE_SYS_STAT_H
| # include <sys/stat.h>
| #endif
| #if STDC_HEADERS
| # include <stdlib.h>
| # include <stddef.h>
| #else
| # if HAVE_STDLIB_H
| #  include <stdlib.h>
| # endif
| #endif
| #if HAVE_STRING_H
| # if !STDC_HEADERS && HAVE_MEMORY_H
| #  include <memory.h>
| # endif
| # include <string.h>
| #endif
| #if HAVE_STRINGS_H
| # include <strings.h>
| #endif
| #if HAVE_INTTYPES_H
| # include <inttypes.h>
| #else
| # if HAVE_STDINT_H
| #  include <stdint.h>
| # endif
| #endif
| #if HAVE_UNISTD_H
| # include <unistd.h>
| #endif
| int
| main ()
| {
| static int test_array [1 - 2 * !(((long) (sizeof (int))) <= 1)];
| test_array [0] = 0
| 
|   ;
|   return 0;
| }
configure:20774: /opt/lede-toolchain-ramips-mt7621_gcc-5.4.0_musl-1.1.24.Linux-x86_64/toolchain-mipsel_24kc_gcc-5.4.0_musl-1.1.24/bin/mipsel-openwrt-linux-musl-gcc -c -Os -Wall -DLINUX26 -DCONFIG_RALINK -DMUSL_LIBC -DDEBUG_NOISY -DDEBUG_RCTEST -D_GNU_SOURCE -D__UAPI_DEF_ETHHDR -DRALINK_DBDC_MODE -pipe -funit-at-a-time -Wno-pointer-sign -mtune=mips32 -mips32 -DLINUX_KERNEL_VERSION=263366 --sysroot=/opt/lede-toolchain-ramips-mt7621_gcc-5.4.0_musl-1.1.24.Linux-x86_64/toolchain-mipsel_24kc_gcc-5.4.0_musl-1.1.24   conftest.c >&5
conftest.c: In function 'main':
conftest.c:93:12: error: size of array 'test_array' is negative
 static int test_array [1 - 2 * !(((long) (sizeof (int))) <= 3)];
            ^
conftest.c:93:12: warning: variable 'test_array' set but not used [-Wunused-but-set-variable]
configure:20780: $? = 1
configure: failed program was:
| /* confdefs.h.  */
| 
| #define PACKAGE_NAME "lzo"
| #define PACKAGE_TARNAME "lzo"
| #define PACKAGE_VERSION "2.03"
| #define PACKAGE_STRING "lzo 2.03"
| #define PACKAGE_BUGREPORT "markus@oberhumer.com"
| #define LZO_ABI_LITTLE_ENDIAN 1
| #define PACKAGE "lzo"
| #define VERSION "2.03"
| #define STDC_HEADERS 1
| #define HAVE_SYS_TYPES_H 1
| #define HAVE_SYS_STAT_H 1
| #define HAVE_STDLIB_H 1
| #define HAVE_STRING_H 1
| #define HAVE_MEMORY_H 1
| #define HAVE_STRINGS_H 1
| #define HAVE_INTTYPES_H 1
| #define HAVE_STDINT_H 1
| #define HAVE_UNISTD_H 1
| #define HAVE_DLFCN_H 1
| #ifdef __cplusplus
| extern "C" void exit (int);
| #endif
| #define TIME_WITH_SYS_TIME 1
| #define HAVE_ASSERT_H 1
| #define HAVE_CTYPE_H 1
| #define HAVE_DIRENT_H 1
| #define HAVE_ERRNO_H 1
| #define HAVE_FCNTL_H 1
| #define HAVE_FLOAT_H 1
| #define HAVE_LIMITS_H 1
| #define HAVE_MALLOC_H 1
| #define HAVE_MEMORY_H 1
| #define HAVE_SETJMP_H 1
| #define HAVE_SIGNAL_H 1
| #define HAVE_STDARG_H 1
| #define HAVE_STDDEF_H 1
| #define HAVE_STDINT_H 1
| #define HAVE_STDIO_H 1
| #define HAVE_STDLIB_H 1
| #define HAVE_STRING_H 1
| #define HAVE_STRINGS_H 1
| #define HAVE_TIME_H 1
| #define HAVE_UNISTD_H 1
| #define HAVE_UTIME_H 1
| #define HAVE_SYS_MMAN_H 1
| #define HAVE_SYS_RESOURCE_H 1
| #define HAVE_SYS_STAT_H 1
| #define HAVE_SYS_TIME_H 1
| #define HAVE_SYS_TYPES_H 1
| #define HAVE_SYS_WAIT_H 1
| #define RETSIGTYPE void
| #define SIZEOF_SHORT 2
| /* end confdefs.h.  */
| #include <stdio.h>
| #if HAVE_SYS_TYPES_H
| # include <sys/types.h>
| #endif
| #if HAVE_SYS_STAT_H
| # include <sys/stat.h>
| #endif
| #if STDC_HEADERS
| # include <stdlib.h>
| # include <stddef.h>
| #else
| # if HAVE_STDLIB_H
| #  include <stdlib.h>
| # endif
| #endif
| #if HAVE_STRING_H
| # if !STDC_HEADERS && HAVE_MEMORY_H
| #  include <memory.h>
| # endif
| # include <string.h>
| #endif
| #if HAVE_STRINGS_H
| # include <strings.h>
| #endif
| #if HAVE_INTTYPES_H
| # include <inttypes.h>
| #else
| # if HAVE_STDINT_H
| #  include <stdint.h>
| # endif
| #endif
| #if HAVE_UNISTD_H
| # include <unistd.h>
| #endif
| int
| main ()
| {
| static int test_array [1 - 2 * !(((long) (sizeof (int))) <= 3)];
| test_array [0] = 0
| 
|   ;
|   return 0;
| }
configure:20774: /opt/lede-toolchain-ramips-mt7621_gcc-5.4.0_musl-1.1.24.Linux-x86_64/toolchain-mipsel_24kc_gcc-5.4.0_musl-1.1.24/bin/mipsel-openwrt-linux-musl-gcc -c -Os -Wall -DLINUX26 -DCONFIG_RALINK -DMUSL_LIBC -DDEBUG_NOISY -DDEBUG_RCTEST -D_GNU_SOURCE -D__UAPI_DEF_ETHHDR -DRALINK_DBDC_MODE -pipe -funit-at-a-time -Wno-pointer-sign -mtune=mips32 -mips32 -DLINUX_KERNEL_VERSION=263366 --sysroot=/opt/lede-toolchain-ramips-mt7621_gcc-5.4.0_musl-1.1.24.Linux-x86_64/toolchain-mipsel_24kc_gcc-5.4.0_musl-1.1.24   conftest.c >&5
conftest.c: In function 'main':
conftest.c:93:12: warning: variable 'test_array' set but not used [-Wunused-but-set-variable]
 static int test_array [1 - 2 * !(((long) (sizeof (int))) <= 7)];
            ^
configure:20780: $? = 0
configure:20783: test -z 			 || test ! -s conftest.err
configure:20786: $? = 0
configure:20789: test -s conftest.o
configure:20792: $? = 0
configure:20934: /opt/lede-toolchain-ramips-mt7621_gcc-5.4.0_musl-1.1.24.Linux-x86_64/toolchain-mipsel_24kc_gcc-5.4.0_musl-1.1.24/bin/mipsel-openwrt-linux-musl-gcc -c -Os -Wall -DLINUX26 -DCONFIG_RALINK -DMUSL_LIBC -DDEBUG_NOISY -DDEBUG_RCTEST -D_GNU_SOURCE -D__UAPI_DEF_ETHHDR -DRALINK_DBDC_MODE -pipe -funit-at-a-time -Wno-pointer-sign -mtune=mips32 -mips32 -DLINUX_KERNEL_VERSION=263366 --sysroot=/opt/lede-toolchain-ramips-mt7621_gcc-5.4.0_musl-1.1.24.Linux-x86_64/toolchain-mipsel_24kc_gcc-5.4.0_musl-1.1.24   conftest.c >&5
conftest.c: In function 'main':
conftest.c:93:12: warning: variable 'test_array' set but not used [-Wunused-but-set-variable]
 static int test_array [1 - 2 * !(((long) (sizeof (int))) <= 5)];
            ^
configure:20940: $? = 0
configure:20943: test -z 			 || test ! -s conftest.err
configure:20946: $? = 0
configure:20949: test -s conftest.o
configure:20952: $? = 0
configure:20934: /opt/lede-toolchain-ramips-mt7621_gcc-5.4.0_musl-1.1.24.Linux-x86_64/toolchain-mipsel_24kc_gcc-5.4.0_musl-1.1.24/bin/mipsel-openwrt-linux-musl-gcc -c -Os -Wall -DLINUX26 -DCONFIG_RALINK -DMUSL_LIBC -DDEBUG_NOISY -DDEBUG_RCTEST -D_GNU_SOURCE -D__UAPI_DEF_ETHHDR -DRALINK_DBDC_MODE -pipe -funit-at-a-time -Wno-pointer-sign -mtune=mips32 -mips32 -DLINUX_KERNEL_VERSION=263366 --sysroot=/opt/lede-toolchain-ramips-mt7621_gcc-5.4.0_musl-1.1.24.Linux-x86_64/toolchain-mipsel_24kc_gcc-5.4.0_musl-1.1.24   conftest.c >&5
conftest.c: In function 'main':
conftest.c:93:12: warning: variable 'test_array' set but not used [-Wunused-but-set-variable]
 static int test_array [1 - 2 * !(((long) (sizeof (int))) <= 4)];
            ^
configure:20940: $? = 0
configure:20943: test -z 			 || test ! -s conftest.err
configure:20946: $? = 0
configure:20949: test -s conftest.o
configure:20952: $? = 0
configure:21047: result: 4
configure:21054: checking for long
configure:21078: /opt/lede-toolchain-ramips-mt7621_gcc-5.4.0_musl-1.1.24.Linux-x86_64/toolchain-mipsel_24kc_gcc-5.4.0_musl-1.1.24/bin/mipsel-openwrt-linux-musl-gcc -c -Os -Wall -DLINUX26 -DCONFIG_RALINK -DMUSL_LIBC -DDEBUG_NOISY -DDEBUG_RCTEST -D_GNU_SOURCE -D__UAPI_DEF_ETHHDR -DRALINK_DBDC_MODE -pipe -funit-at-a-time -Wno-pointer-sign -mtune=mips32 -mips32 -DLINUX_KERNEL_VERSION=263366 --sysroot=/opt/lede-toolchain-ramips-mt7621_gcc-5.4.0_musl-1.1.24.Linux-x86_64/toolchain-mipsel_24kc_gcc-5.4.0_musl-1.1.24   conftest.c >&5
configure:21084: $? = 0
configure:21087: test -z 			 || test ! -s conftest.err
configure:21090: $? = 0
configure:21093: test -s conftest.o
configure:21096: $? = 0
configure:21107: result: yes
configure:21110: checking size of long
configure:21140: /opt/lede-toolchain-ramips-mt7621_gcc-5.4.0_musl-1.1.24.Linux-x86_64/toolchain-mipsel_24kc_gcc-5.4.0_musl-1.1.24/bin/mipsel-openwrt-linux-musl-gcc -c -Os -Wall -DLINUX26 -DCONFIG_RALINK -DMUSL_LIBC -DDEBUG_NOISY -DDEBUG_RCTEST -D_GNU_SOURCE -D__UAPI_DEF_ETHHDR -DRALINK_DBDC_MODE -pipe -funit-at-a-time -Wno-pointer-sign -mtune=mips32 -mips32 -DLINUX_KERNEL_VERSION=263366 --sysroot=/opt/lede-toolchain-ramips-mt7621_gcc-5.4.0_musl-1.1.24.Linux-x86_64/toolchain-mipsel_24kc_gcc-5.4.0_musl-1.1.24   conftest.c >&5
conftest.c: In function 'main':
conftest.c:94:12: warning: variable 'test_array' set but not used [-Wunused-but-set-variable]
 static int test_array [1 - 2 * !(((long) (sizeof (long))) >= 0)];
            ^
configure:21146: $? = 0
configure:21149: test -z 			 || test ! -s conftest.err
configure:21152: $? = 0
configure:21155: test -s conftest.o
configure:21158: $? = 0
configure:21180: /opt/lede-toolchain-ramips-mt7621_gcc-5.4.0_musl-1.1.24.Linux-x86_64/toolchain-mipsel_24kc_gcc-5.4.0_musl-1.1.24/bin/mipsel-openwrt-linux-musl-gcc -c -Os -Wall -DLINUX26 -DCONFIG_RALINK -DMUSL_LIBC -DDEBUG_NOISY -DDEBUG_RCTEST -D_GNU_SOURCE -D__UAPI_DEF_ETHHDR -DRALINK_DBDC_MODE -pipe -funit-at-a-time -Wno-pointer-sign -mtune=mips32 -mips32 -DLINUX_KERNEL_VERSION=263366 --sysroot=/opt/lede-toolchain-ramips-mt7621_gcc-5.4.0_musl-1.1.24.Linux-x86_64/toolchain-mipsel_24kc_gcc-5.4.0_musl-1.1.24   conftest.c >&5
conftest.c: In function 'main':
conftest.c:94:12: error: size of array 'test_array' is negative
 static int test_array [1 - 2 * !(((long) (sizeof (long))) <= 0)];
            ^
conftest.c:94:12: warning: variable 'test_array' set but not used [-Wunused-but-set-variable]
configure:21186: $? = 1
configure: failed program was:
| /* confdefs.h.  */
| 
| #define PACKAGE_NAME "lzo"
| #define PACKAGE_TARNAME "lzo"
| #define PACKAGE_VERSION "2.03"
| #define PACKAGE_STRING "lzo 2.03"
| #define PACKAGE_BUGREPORT "markus@oberhumer.com"
| #define LZO_ABI_LITTLE_ENDIAN 1
| #define PACKAGE "lzo"
| #define VERSION "2.03"
| #define STDC_HEADERS 1
| #define HAVE_SYS_TYPES_H 1
| #define HAVE_SYS_STAT_H 1
| #define HAVE_STDLIB_H 1
| #define HAVE_STRING_H 1
| #define HAVE_MEMORY_H 1
| #define HAVE_STRINGS_H 1
| #define HAVE_INTTYPES_H 1
| #define HAVE_STDINT_H 1
| #define HAVE_UNISTD_H 1
| #define HAVE_DLFCN_H 1
| #ifdef __cplusplus
| extern "C" void exit (int);
| #endif
| #define TIME_WITH_SYS_TIME 1
| #define HAVE_ASSERT_H 1
| #define HAVE_CTYPE_H 1
| #define HAVE_DIRENT_H 1
| #define HAVE_ERRNO_H 1
| #define HAVE_FCNTL_H 1
| #define HAVE_FLOAT_H 1
| #define HAVE_LIMITS_H 1
| #define HAVE_MALLOC_H 1
| #define HAVE_MEMORY_H 1
| #define HAVE_SETJMP_H 1
| #define HAVE_SIGNAL_H 1
| #define HAVE_STDARG_H 1
| #define HAVE_STDDEF_H 1
| #define HAVE_STDINT_H 1
| #define HAVE_STDIO_H 1
| #define HAVE_STDLIB_H 1
| #define HAVE_STRING_H 1
| #define HAVE_STRINGS_H 1
| #define HAVE_TIME_H 1
| #define HAVE_UNISTD_H 1
| #define HAVE_UTIME_H 1
| #define HAVE_SYS_MMAN_H 1
| #define HAVE_SYS_RESOURCE_H 1
| #define HAVE_SYS_STAT_H 1
| #define HAVE_SYS_TIME_H 1
| #define HAVE_SYS_TYPES_H 1
| #define HAVE_SYS_WAIT_H 1
| #define RETSIGTYPE void
| #define SIZEOF_SHORT 2
| #define SIZEOF_INT 4
| /* end confdefs.h.  */
| #include <stdio.h>
| #if HAVE_SYS_TYPES_H
| # include <sys/types.h>
| #endif
| #if HAVE_SYS_STAT_H
| # include <sys/stat.h>
| #endif
| #if STDC_HEADERS
| # include <stdlib.h>
| # include <stddef.h>
| #else
| # if HAVE_STDLIB_H
| #  include <stdlib.h>
| # endif
| #endif
| #if HAVE_STRING_H
| # if !STDC_HEADERS && HAVE_MEMORY_H
| #  include <memory.h>
| # endif
| # include <string.h>
| #endif
| #if HAVE_STRINGS_H
| # include <strings.h>
| #endif
| #if HAVE_INTTYPES_H
| # include <inttypes.h>
| #else
| # if HAVE_STDINT_H
| #  include <stdint.h>
| # endif
| #endif
| #if HAVE_UNISTD_H
| # include <unistd.h>
| #endif
| int
| main ()
| {
| static int test_array [1 - 2 * !(((long) (sizeof (long))) <= 0)];
| test_array [0] = 0
| 
|   ;
|   return 0;
| }
configure:21180: /opt/lede-toolchain-ramips-mt7621_gcc-5.4.0_musl-1.1.24.Linux-x86_64/toolchain-mipsel_24kc_gcc-5.4.0_musl-1.1.24/bin/mipsel-openwrt-linux-musl-gcc -c -Os -Wall -DLINUX26 -DCONFIG_RALINK -DMUSL_LIBC -DDEBUG_NOISY -DDEBUG_RCTEST -D_GNU_SOURCE -D__UAPI_DEF_ETHHDR -DRALINK_DBDC_MODE -pipe -funit-at-a-time -Wno-pointer-sign -mtune=mips32 -mips32 -DLINUX_KERNEL_VERSION=263366 --sysroot=/opt/lede-toolchain-ramips-mt7621_gcc-5.4.0_musl-1.1.24.Linux-x86_64/toolchain-mipsel_24kc_gcc-5.4.0_musl-1.1.24   conftest.c >&5
conftest.c: In function 'main':
conftest.c:94:12: error: size of array 'test_array' is negative
 static int test_array [1 - 2 * !(((long) (sizeof (long))) <= 1)];
            ^
conftest.c:94:12: warning: variable 'test_array' set but not used [-Wunused-but-set-variable]
configure:21186: $? = 1
configure: failed program was:
| /* confdefs.h.  */
| 
| #define PACKAGE_NAME "lzo"
| #define PACKAGE_TARNAME "lzo"
| #define PACKAGE_VERSION "2.03"
| #define PACKAGE_STRING "lzo 2.03"
| #define PACKAGE_BUGREPORT "markus@oberhumer.com"
| #define LZO_ABI_LITTLE_ENDIAN 1
| #define PACKAGE "lzo"
| #define VERSION "2.03"
| #define STDC_HEADERS 1
| #define HAVE_SYS_TYPES_H 1
| #define HAVE_SYS_STAT_H 1
| #define HAVE_STDLIB_H 1
| #define HAVE_STRING_H 1
| #define HAVE_MEMORY_H 1
| #define HAVE_STRINGS_H 1
| #define HAVE_INTTYPES_H 1
| #define HAVE_STDINT_H 1
| #define HAVE_UNISTD_H 1
| #define HAVE_DLFCN_H 1
| #ifdef __cplusplus
| extern "C" void exit (int);
| #endif
| #define TIME_WITH_SYS_TIME 1
| #define HAVE_ASSERT_H 1
| #define HAVE_CTYPE_H 1
| #define HAVE_DIRENT_H 1
| #define HAVE_ERRNO_H 1
| #define HAVE_FCNTL_H 1
| #define HAVE_FLOAT_H 1
| #define HAVE_LIMITS_H 1
| #define HAVE_MALLOC_H 1
| #define HAVE_MEMORY_H 1
| #define HAVE_SETJMP_H 1
| #define HAVE_SIGNAL_H 1
| #define HAVE_STDARG_H 1
| #define HAVE_STDDEF_H 1
| #define HAVE_STDINT_H 1
| #define HAVE_STDIO_H 1
| #define HAVE_STDLIB_H 1
| #define HAVE_STRING_H 1
| #define HAVE_STRINGS_H 1
| #define HAVE_TIME_H 1
| #define HAVE_UNISTD_H 1
| #define HAVE_UTIME_H 1
| #define HAVE_SYS_MMAN_H 1
| #define HAVE_SYS_RESOURCE_H 1
| #define HAVE_SYS_STAT_H 1
| #define HAVE_SYS_TIME_H 1
| #define HAVE_SYS_TYPES_H 1
| #define HAVE_SYS_WAIT_H 1
| #define RETSIGTYPE void
| #define SIZEOF_SHORT 2
| #define SIZEOF_INT 4
| /* end confdefs.h.  */
| #include <stdio.h>
| #if HAVE_SYS_TYPES_H
| # include <sys/types.h>
| #endif
| #if HAVE_SYS_STAT_H
| # include <sys/stat.h>
| #endif
| #if STDC_HEADERS
| # include <stdlib.h>
| # include <stddef.h>
| #else
| # if HAVE_STDLIB_H
| #  include <stdlib.h>
| # endif
| #endif
| #if HAVE_STRING_H
| # if !STDC_HEADERS && HAVE_MEMORY_H
| #  include <memory.h>
| # endif
| # include <string.h>
| #endif
| #if HAVE_STRINGS_H
| # include <strings.h>
| #endif
| #if HAVE_INTTYPES_H
| # include <inttypes.h>
| #else
| # if HAVE_STDINT_H
| #  include <stdint.h>
| # endif
| #endif
| #if HAVE_UNISTD_H
| # include <unistd.h>
| #endif
| int
| main ()
| {
| static int test_array [1 - 2 * !(((long) (sizeof (long))) <= 1)];
| test_array [0] = 0
| 
|   ;
|   return 0;
| }
configure:21180: /opt/lede-toolchain-ramips-mt7621_gcc-5.4.0_musl-1.1.24.Linux-x86_64/toolchain-mipsel_24kc_gcc-5.4.0_musl-1.1.24/bin/mipsel-openwrt-linux-musl-gcc -c -Os -Wall -DLINUX26 -DCONFIG_RALINK -DMUSL_LIBC -DDEBUG_NOISY -DDEBUG_RCTEST -D_GNU_SOURCE -D__UAPI_DEF_ETHHDR -DRALINK_DBDC_MODE -pipe -funit-at-a-time -Wno-pointer-sign -mtune=mips32 -mips32 -DLINUX_KERNEL_VERSION=263366 --sysroot=/opt/lede-toolchain-ramips-mt7621_gcc-5.4.0_musl-1.1.24.Linux-x86_64/toolchain-mipsel_24kc_gcc-5.4.0_musl-1.1.24   conftest.c >&5
conftest.c: In function 'main':
conftest.c:94:12: error: size of array 'test_array' is negative
 static int test_array [1 - 2 * !(((long) (sizeof (long))) <= 3)];
            ^
conftest.c:94:12: warning: variable 'test_array' set but not used [-Wunused-but-set-variable]
configure:21186: $? = 1
configure: failed program was:
| /* confdefs.h.  */
| 
| #define PACKAGE_NAME "lzo"
| #define PACKAGE_TARNAME "lzo"
| #define PACKAGE_VERSION "2.03"
| #define PACKAGE_STRING "lzo 2.03"
| #define PACKAGE_BUGREPORT "markus@oberhumer.com"
| #define LZO_ABI_LITTLE_ENDIAN 1
| #define PACKAGE "lzo"
| #define VERSION "2.03"
| #define STDC_HEADERS 1
| #define HAVE_SYS_TYPES_H 1
| #define HAVE_SYS_STAT_H 1
| #define HAVE_STDLIB_H 1
| #define HAVE_STRING_H 1
| #define HAVE_MEMORY_H 1
| #define HAVE_STRINGS_H 1
| #define HAVE_INTTYPES_H 1
| #define HAVE_STDINT_H 1
| #define HAVE_UNISTD_H 1
| #define HAVE_DLFCN_H 1
| #ifdef __cplusplus
| extern "C" void exit (int);
| #endif
| #define TIME_WITH_SYS_TIME 1
| #define HAVE_ASSERT_H 1
| #define HAVE_CTYPE_H 1
| #define HAVE_DIRENT_H 1
| #define HAVE_ERRNO_H 1
| #define HAVE_FCNTL_H 1
| #define HAVE_FLOAT_H 1
| #define HAVE_LIMITS_H 1
| #define HAVE_MALLOC_H 1
| #define HAVE_MEMORY_H 1
| #define HAVE_SETJMP_H 1
| #define HAVE_SIGNAL_H 1
| #define HAVE_STDARG_H 1
| #define HAVE_STDDEF_H 1
| #define HAVE_STDINT_H 1
| #define HAVE_STDIO_H 1
| #define HAVE_STDLIB_H 1
| #define HAVE_STRING_H 1
| #define HAVE_STRINGS_H 1
| #define HAVE_TIME_H 1
| #define HAVE_UNISTD_H 1
| #define HAVE_UTIME_H 1
| #define HAVE_SYS_MMAN_H 1
| #define HAVE_SYS_RESOURCE_H 1
| #define HAVE_SYS_STAT_H 1
| #define HAVE_SYS_TIME_H 1
| #define HAVE_SYS_TYPES_H 1
| #define HAVE_SYS_WAIT_H 1
| #define RETSIGTYPE void
| #define SIZEOF_SHORT 2
| #define SIZEOF_INT 4
| /* end confdefs.h.  */
| #include <stdio.h>
| #if HAVE_SYS_TYPES_H
| # include <sys/types.h>
| #endif
| #if HAVE_SYS_STAT_H
| # include <sys/stat.h>
| #endif
| #if STDC_HEADERS
| # include <stdlib.h>
| # include <stddef.h>
| #else
| # if HAVE_STDLIB_H
| #  include <stdlib.h>
| # endif
| #endif
| #if HAVE_STRING_H
| # if !STDC_HEADERS && HAVE_MEMORY_H
| #  include <memory.h>
| # endif
| # include <string.h>
| #endif
| #if HAVE_STRINGS_H
| # include <strings.h>
| #endif
| #if HAVE_INTTYPES_H
| # include <inttypes.h>
| #else
| # if HAVE_STDINT_H
| #  include <stdint.h>
| # endif
| #endif
| #if HAVE_UNISTD_H
| # include <unistd.h>
| #endif
| int
| main ()
| {
| static int test_array [1 - 2 * !(((long) (sizeof (long))) <= 3)];
| test_array [0] = 0
| 
|   ;
|   return 0;
| }
configure:21180: /opt/lede-toolchain-ramips-mt7621_gcc-5.4.0_musl-1.1.24.Linux-x86_64/toolchain-mipsel_24kc_gcc-5.4.0_musl-1.1.24/bin/mipsel-openwrt-linux-musl-gcc -c -Os -Wall -DLINUX26 -DCONFIG_RALINK -DMUSL_LIBC -DDEBUG_NOISY -DDEBUG_RCTEST -D_GNU_SOURCE -D__UAPI_DEF_ETHHDR -DRALINK_DBDC_MODE -pipe -funit-at-a-time -Wno-pointer-sign -mtune=mips32 -mips32 -DLINUX_KERNEL_VERSION=263366 --sysroot=/opt/lede-toolchain-ramips-mt7621_gcc-5.4.0_musl-1.1.24.Linux-x86_64/toolchain-mipsel_24kc_gcc-5.4.0_musl-1.1.24   conftest.c >&5
conftest.c: In function 'main':
conftest.c:94:12: warning: variable 'test_array' set but not used [-Wunused-but-set-variable]
 static int test_array [1 - 2 * !(((long) (sizeof (long))) <= 7)];
            ^
configure:21186: $? = 0
configure:21189: test -z 			 || test ! -s conftest.err
configure:21192: $? = 0
configure:21195: test -s conftest.o
configure:21198: $? = 0
configure:21340: /opt/lede-toolchain-ramips-mt7621_gcc-5.4.0_musl-1.1.24.Linux-x86_64/toolchain-mipsel_24kc_gcc-5.4.0_musl-1.1.24/bin/mipsel-openwrt-linux-musl-gcc -c -Os -Wall -DLINUX26 -DCONFIG_RALINK -DMUSL_LIBC -DDEBUG_NOISY -DDEBUG_RCTEST -D_GNU_SOURCE -D__UAPI_DEF_ETHHDR -DRALINK_DBDC_MODE -pipe -funit-at-a-time -Wno-pointer-sign -mtune=mips32 -mips32 -DLINUX_KERNEL_VERSION=263366 --sysroot=/opt/lede-toolchain-ramips-mt7621_gcc-5.4.0_musl-1.1.24.Linux-x86_64/toolchain-mipsel_24kc_gcc-5.4.0_musl-1.1.24   conftest.c >&5
conftest.c: In function 'main':
conftest.c:94:12: warning: variable 'test_array' set but not used [-Wunused-but-set-variable]
 static int test_array [1 - 2 * !(((long) (sizeof (long))) <= 5)];
            ^
configure:21346: $? = 0
configure:21349: test -z 			 || test ! -s conftest.err
configure:21352: $? = 0
configure:21355: test -s conftest.o
configure:21358: $? = 0
configure:21340: /opt/lede-toolchain-ramips-mt7621_gcc-5.4.0_musl-1.1.24.Linux-x86_64/toolchain-mipsel_24kc_gcc-5.4.0_musl-1.1.24/bin/mipsel-openwrt-linux-musl-gcc -c -Os -Wall -DLINUX26 -DCONFIG_RALINK -DMUSL_LIBC -DDEBUG_NOISY -DDEBUG_RCTEST -D_GNU_SOURCE -D__UAPI_DEF_ETHHDR -DRALINK_DBDC_MODE -pipe -funit-at-a-time -Wno-pointer-sign -mtune=mips32 -mips32 -DLINUX_KERNEL_VERSION=263366 --sysroot=/opt/lede-toolchain-ramips-mt7621_gcc-5.4.0_musl-1.1.24.Linux-x86_64/toolchain-mipsel_24kc_gcc-5.4.0_musl-1.1.24   conftest.c >&5
conftest.c: In function 'main':
conftest.c:94:12: warning: variable 'test_array' set but not used [-Wunused-but-set-variable]
 static int test_array [1 - 2 * !(((long) (sizeof (long))) <= 4)];
            ^
configure:21346: $? = 0
configure:21349: test -z 			 || test ! -s conftest.err
configure:21352: $? = 0
configure:21355: test -s conftest.o
configure:21358: $? = 0
configure:21453: result: 4
configure:21461: checking for long long
configure:21485: /opt/lede-toolchain-ramips-mt7621_gcc-5.4.0_musl-1.1.24.Linux-x86_64/toolchain-mipsel_24kc_gcc-5.4.0_musl-1.1.24/bin/mipsel-openwrt-linux-musl-gcc -c -Os -Wall -DLINUX26 -DCONFIG_RALINK -DMUSL_LIBC -DDEBUG_NOISY -DDEBUG_RCTEST -D_GNU_SOURCE -D__UAPI_DEF_ETHHDR -DRALINK_DBDC_MODE -pipe -funit-at-a-time -Wno-pointer-sign -mtune=mips32 -mips32 -DLINUX_KERNEL_VERSION=263366 --sysroot=/opt/lede-toolchain-ramips-mt7621_gcc-5.4.0_musl-1.1.24.Linux-x86_64/toolchain-mipsel_24kc_gcc-5.4.0_musl-1.1.24   conftest.c >&5
configure:21491: $? = 0
configure:21494: test -z 			 || test ! -s conftest.err
configure:21497: $? = 0
configure:21500: test -s conftest.o
configure:21503: $? = 0
configure:21514: result: yes
configure:21517: checking size of long long
configure:21547: /opt/lede-toolchain-ramips-mt7621_gcc-5.4.0_musl-1.1.24.Linux-x86_64/toolchain-mipsel_24kc_gcc-5.4.0_musl-1.1.24/bin/mipsel-openwrt-linux-musl-gcc -c -Os -Wall -DLINUX26 -DCONFIG_RALINK -DMUSL_LIBC -DDEBUG_NOISY -DDEBUG_RCTEST -D_GNU_SOURCE -D__UAPI_DEF_ETHHDR -DRALINK_DBDC_MODE -pipe -funit-at-a-time -Wno-pointer-sign -mtune=mips32 -mips32 -DLINUX_KERNEL_VERSION=263366 --sysroot=/opt/lede-toolchain-ramips-mt7621_gcc-5.4.0_musl-1.1.24.Linux-x86_64/toolchain-mipsel_24kc_gcc-5.4.0_musl-1.1.24   conftest.c >&5
conftest.c: In function 'main':
conftest.c:95:12: warning: variable 'test_array' set but not used [-Wunused-but-set-variable]
 static int test_array [1 - 2 * !(((long) (sizeof (long long))) >= 0)];
            ^
configure:21553: $? = 0
configure:21556: test -z 			 || test ! -s conftest.err
configure:21559: $? = 0
configure:21562: test -s conftest.o
configure:21565: $? = 0
configure:21587: /opt/lede-toolchain-ramips-mt7621_gcc-5.4.0_musl-1.1.24.Linux-x86_64/toolchain-mipsel_24kc_gcc-5.4.0_musl-1.1.24/bin/mipsel-openwrt-linux-musl-gcc -c -Os -Wall -DLINUX26 -DCONFIG_RALINK -DMUSL_LIBC -DDEBUG_NOISY -DDEBUG_RCTEST -D_GNU_SOURCE -D__UAPI_DEF_ETHHDR -DRALINK_DBDC_MODE -pipe -funit-at-a-time -Wno-pointer-sign -mtune=mips32 -mips32 -DLINUX_KERNEL_VERSION=263366 --sysroot=/opt/lede-toolchain-ramips-mt7621_gcc-5.4.0_musl-1.1.24.Linux-x86_64/toolchain-mipsel_24kc_gcc-5.4.0_musl-1.1.24   conftest.c >&5
conftest.c: In function 'main':
conftest.c:95:12: error: size of array 'test_array' is negative
 static int test_array [1 - 2 * !(((long) (sizeof (long long))) <= 0)];
            ^
conftest.c:95:12: warning: variable 'test_array' set but not used [-Wunused-but-set-variable]
configure:21593: $? = 1
configure: failed program was:
| /* confdefs.h.  */
| 
| #define PACKAGE_NAME "lzo"
| #define PACKAGE_TARNAME "lzo"
| #define PACKAGE_VERSION "2.03"
| #define PACKAGE_STRING "lzo 2.03"
| #define PACKAGE_BUGREPORT "markus@oberhumer.com"
| #define LZO_ABI_LITTLE_ENDIAN 1
| #define PACKAGE "lzo"
| #define VERSION "2.03"
| #define STDC_HEADERS 1
| #define HAVE_SYS_TYPES_H 1
| #define HAVE_SYS_STAT_H 1
| #define HAVE_STDLIB_H 1
| #define HAVE_STRING_H 1
| #define HAVE_MEMORY_H 1
| #define HAVE_STRINGS_H 1
| #define HAVE_INTTYPES_H 1
| #define HAVE_STDINT_H 1
| #define HAVE_UNISTD_H 1
| #define HAVE_DLFCN_H 1
| #ifdef __cplusplus
| extern "C" void exit (int);
| #endif
| #define TIME_WITH_SYS_TIME 1
| #define HAVE_ASSERT_H 1
| #define HAVE_CTYPE_H 1
| #define HAVE_DIRENT_H 1
| #define HAVE_ERRNO_H 1
| #define HAVE_FCNTL_H 1
| #define HAVE_FLOAT_H 1
| #define HAVE_LIMITS_H 1
| #define HAVE_MALLOC_H 1
| #define HAVE_MEMORY_H 1
| #define HAVE_SETJMP_H 1
| #define HAVE_SIGNAL_H 1
| #define HAVE_STDARG_H 1
| #define HAVE_STDDEF_H 1
| #define HAVE_STDINT_H 1
| #define HAVE_STDIO_H 1
| #define HAVE_STDLIB_H 1
| #define HAVE_STRING_H 1
| #define HAVE_STRINGS_H 1
| #define HAVE_TIME_H 1
| #define HAVE_UNISTD_H 1
| #define HAVE_UTIME_H 1
| #define HAVE_SYS_MMAN_H 1
| #define HAVE_SYS_RESOURCE_H 1
| #define HAVE_SYS_STAT_H 1
| #define HAVE_SYS_TIME_H 1
| #define HAVE_SYS_TYPES_H 1
| #define HAVE_SYS_WAIT_H 1
| #define RETSIGTYPE void
| #define SIZEOF_SHORT 2
| #define SIZEOF_INT 4
| #define SIZEOF_LONG 4
| /* end confdefs.h.  */
| #include <stdio.h>
| #if HAVE_SYS_TYPES_H
| # include <sys/types.h>
| #endif
| #if HAVE_SYS_STAT_H
| # include <sys/stat.h>
| #endif
| #if STDC_HEADERS
| # include <stdlib.h>
| # include <stddef.h>
| #else
| # if HAVE_STDLIB_H
| #  include <stdlib.h>
| # endif
| #endif
| #if HAVE_STRING_H
| # if !STDC_HEADERS && HAVE_MEMORY_H
| #  include <memory.h>
| # endif
| # include <string.h>
| #endif
| #if HAVE_STRINGS_H
| # include <strings.h>
| #endif
| #if HAVE_INTTYPES_H
| # include <inttypes.h>
| #else
| # if HAVE_STDINT_H
| #  include <stdint.h>
| # endif
| #endif
| #if HAVE_UNISTD_H
| # include <unistd.h>
| #endif
| int
| main ()
| {
| static int test_array [1 - 2 * !(((long) (sizeof (long long))) <= 0)];
| test_array [0] = 0
| 
|   ;
|   return 0;
| }
configure:21587: /opt/lede-toolchain-ramips-mt7621_gcc-5.4.0_musl-1.1.24.Linux-x86_64/toolchain-mipsel_24kc_gcc-5.4.0_musl-1.1.24/bin/mipsel-openwrt-linux-musl-gcc -c -Os -Wall -DLINUX26 -DCONFIG_RALINK -DMUSL_LIBC -DDEBUG_NOISY -DDEBUG_RCTEST -D_GNU_SOURCE -D__UAPI_DEF_ETHHDR -DRALINK_DBDC_MODE -pipe -funit-at-a-time -Wno-pointer-sign -mtune=mips32 -mips32 -DLINUX_KERNEL_VERSION=263366 --sysroot=/opt/lede-toolchain-ramips-mt7621_gcc-5.4.0_musl-1.1.24.Linux-x86_64/toolchain-mipsel_24kc_gcc-5.4.0_musl-1.1.24   conftest.c >&5
conftest.c: In function 'main':
conftest.c:95:12: error: size of array 'test_array' is negative
 static int test_array [1 - 2 * !(((long) (sizeof (long long))) <= 1)];
            ^
conftest.c:95:12: warning: variable 'test_array' set but not used [-Wunused-but-set-variable]
configure:21593: $? = 1
configure: failed program was:
| /* confdefs.h.  */
| 
| #define PACKAGE_NAME "lzo"
| #define PACKAGE_TARNAME "lzo"
| #define PACKAGE_VERSION "2.03"
| #define PACKAGE_STRING "lzo 2.03"
| #define PACKAGE_BUGREPORT "markus@oberhumer.com"
| #define LZO_ABI_LITTLE_ENDIAN 1
| #define PACKAGE "lzo"
| #define VERSION "2.03"
| #define STDC_HEADERS 1
| #define HAVE_SYS_TYPES_H 1
| #define HAVE_SYS_STAT_H 1
| #define HAVE_STDLIB_H 1
| #define HAVE_STRING_H 1
| #define HAVE_MEMORY_H 1
| #define HAVE_STRINGS_H 1
| #define HAVE_INTTYPES_H 1
| #define HAVE_STDINT_H 1
| #define HAVE_UNISTD_H 1
| #define HAVE_DLFCN_H 1
| #ifdef __cplusplus
| extern "C" void exit (int);
| #endif
| #define TIME_WITH_SYS_TIME 1
| #define HAVE_ASSERT_H 1
| #define HAVE_CTYPE_H 1
| #define HAVE_DIRENT_H 1
| #define HAVE_ERRNO_H 1
| #define HAVE_FCNTL_H 1
| #define HAVE_FLOAT_H 1
| #define HAVE_LIMITS_H 1
| #define HAVE_MALLOC_H 1
| #define HAVE_MEMORY_H 1
| #define HAVE_SETJMP_H 1
| #define HAVE_SIGNAL_H 1
| #define HAVE_STDARG_H 1
| #define HAVE_STDDEF_H 1
| #define HAVE_STDINT_H 1
| #define HAVE_STDIO_H 1
| #define HAVE_STDLIB_H 1
| #define HAVE_STRING_H 1
| #define HAVE_STRINGS_H 1
| #define HAVE_TIME_H 1
| #define HAVE_UNISTD_H 1
| #define HAVE_UTIME_H 1
| #define HAVE_SYS_MMAN_H 1
| #define HAVE_SYS_RESOURCE_H 1
| #define HAVE_SYS_STAT_H 1
| #define HAVE_SYS_TIME_H 1
| #define HAVE_SYS_TYPES_H 1
| #define HAVE_SYS_WAIT_H 1
| #define RETSIGTYPE void
| #define SIZEOF_SHORT 2
| #define SIZEOF_INT 4
| #define SIZEOF_LONG 4
| /* end confdefs.h.  */
| #include <stdio.h>
| #if HAVE_SYS_TYPES_H
| # include <sys/types.h>
| #endif
| #if HAVE_SYS_STAT_H
| # include <sys/stat.h>
| #endif
| #if STDC_HEADERS
| # include <stdlib.h>
| # include <stddef.h>
| #else
| # if HAVE_STDLIB_H
| #  include <stdlib.h>
| # endif
| #endif
| #if HAVE_STRING_H
| # if !STDC_HEADERS && HAVE_MEMORY_H
| #  include <memory.h>
| # endif
| # include <string.h>
| #endif
| #if HAVE_STRINGS_H
| # include <strings.h>
| #endif
| #if HAVE_INTTYPES_H
| # include <inttypes.h>
| #else
| # if HAVE_STDINT_H
| #  include <stdint.h>
| # endif
| #endif
| #if HAVE_UNISTD_H
| # include <unistd.h>
| #endif
| int
| main ()
| {
| static int test_array [1 - 2 * !(((long) (sizeof (long long))) <= 1)];
| test_array [0] = 0
| 
|   ;
|   return 0;
| }
configure:21587: /opt/lede-toolchain-ramips-mt7621_gcc-5.4.0_musl-1.1.24.Linux-x86_64/toolchain-mipsel_24kc_gcc-5.4.0_musl-1.1.24/bin/mipsel-openwrt-linux-musl-gcc -c -Os -Wall -DLINUX26 -DCONFIG_RALINK -DMUSL_LIBC -DDEBUG_NOISY -DDEBUG_RCTEST -D_GNU_SOURCE -D__UAPI_DEF_ETHHDR -DRALINK_DBDC_MODE -pipe -funit-at-a-time -Wno-pointer-sign -mtune=mips32 -mips32 -DLINUX_KERNEL_VERSION=263366 --sysroot=/opt/lede-toolchain-ramips-mt7621_gcc-5.4.0_musl-1.1.24.Linux-x86_64/toolchain-mipsel_24kc_gcc-5.4.0_musl-1.1.24   conftest.c >&5
conftest.c: In function 'main':
conftest.c:95:12: error: size of array 'test_array' is negative
 static int test_array [1 - 2 * !(((long) (sizeof (long long))) <= 3)];
            ^
conftest.c:95:12: warning: variable 'test_array' set but not used [-Wunused-but-set-variable]
configure:21593: $? = 1
configure: failed program was:
| /* confdefs.h.  */
| 
| #define PACKAGE_NAME "lzo"
| #define PACKAGE_TARNAME "lzo"
| #define PACKAGE_VERSION "2.03"
| #define PACKAGE_STRING "lzo 2.03"
| #define PACKAGE_BUGREPORT "markus@oberhumer.com"
| #define LZO_ABI_LITTLE_ENDIAN 1
| #define PACKAGE "lzo"
| #define VERSION "2.03"
| #define STDC_HEADERS 1
| #define HAVE_SYS_TYPES_H 1
| #define HAVE_SYS_STAT_H 1
| #define HAVE_STDLIB_H 1
| #define HAVE_STRING_H 1
| #define HAVE_MEMORY_H 1
| #define HAVE_STRINGS_H 1
| #define HAVE_INTTYPES_H 1
| #define HAVE_STDINT_H 1
| #define HAVE_UNISTD_H 1
| #define HAVE_DLFCN_H 1
| #ifdef __cplusplus
| extern "C" void exit (int);
| #endif
| #define TIME_WITH_SYS_TIME 1
| #define HAVE_ASSERT_H 1
| #define HAVE_CTYPE_H 1
| #define HAVE_DIRENT_H 1
| #define HAVE_ERRNO_H 1
| #define HAVE_FCNTL_H 1
| #define HAVE_FLOAT_H 1
| #define HAVE_LIMITS_H 1
| #define HAVE_MALLOC_H 1
| #define HAVE_MEMORY_H 1
| #define HAVE_SETJMP_H 1
| #define HAVE_SIGNAL_H 1
| #define HAVE_STDARG_H 1
| #define HAVE_STDDEF_H 1
| #define HAVE_STDINT_H 1
| #define HAVE_STDIO_H 1
| #define HAVE_STDLIB_H 1
| #define HAVE_STRING_H 1
| #define HAVE_STRINGS_H 1
| #define HAVE_TIME_H 1
| #define HAVE_UNISTD_H 1
| #define HAVE_UTIME_H 1
| #define HAVE_SYS_MMAN_H 1
| #define HAVE_SYS_RESOURCE_H 1
| #define HAVE_SYS_STAT_H 1
| #define HAVE_SYS_TIME_H 1
| #define HAVE_SYS_TYPES_H 1
| #define HAVE_SYS_WAIT_H 1
| #define RETSIGTYPE void
| #define SIZEOF_SHORT 2
| #define SIZEOF_INT 4
| #define SIZEOF_LONG 4
| /* end confdefs.h.  */
| #include <stdio.h>
| #if HAVE_SYS_TYPES_H
| # include <sys/types.h>
| #endif
| #if HAVE_SYS_STAT_H
| # include <sys/stat.h>
| #endif
| #if STDC_HEADERS
| # include <stdlib.h>
| # include <stddef.h>
| #else
| # if HAVE_STDLIB_H
| #  include <stdlib.h>
| # endif
| #endif
| #if HAVE_STRING_H
| # if !STDC_HEADERS && HAVE_MEMORY_H
| #  include <memory.h>
| # endif
| # include <string.h>
| #endif
| #if HAVE_STRINGS_H
| # include <strings.h>
| #endif
| #if HAVE_INTTYPES_H
| # include <inttypes.h>
| #else
| # if HAVE_STDINT_H
| #  include <stdint.h>
| # endif
| #endif
| #if HAVE_UNISTD_H
| # include <unistd.h>
| #endif
| int
| main ()
| {
| static int test_array [1 - 2 * !(((long) (sizeof (long long))) <= 3)];
| test_array [0] = 0
| 
|   ;
|   return 0;
| }
configure:21587: /opt/lede-toolchain-ramips-mt7621_gcc-5.4.0_musl-1.1.24.Linux-x86_64/toolchain-mipsel_24kc_gcc-5.4.0_musl-1.1.24/bin/mipsel-openwrt-linux-musl-gcc -c -Os -Wall -DLINUX26 -DCONFIG_RALINK -DMUSL_LIBC -DDEBUG_NOISY -DDEBUG_RCTEST -D_GNU_SOURCE -D__UAPI_DEF_ETHHDR -DRALINK_DBDC_MODE -pipe -funit-at-a-time -Wno-pointer-sign -mtune=mips32 -mips32 -DLINUX_KERNEL_VERSION=263366 --sysroot=/opt/lede-toolchain-ramips-mt7621_gcc-5.4.0_musl-1.1.24.Linux-x86_64/toolchain-mipsel_24kc_gcc-5.4.0_musl-1.1.24   conftest.c >&5
conftest.c: In function 'main':
conftest.c:95:12: error: size of array 'test_array' is negative
 static int test_array [1 - 2 * !(((long) (sizeof (long long))) <= 7)];
            ^
conftest.c:95:12: warning: variable 'test_array' set but not used [-Wunused-but-set-variable]
configure:21593: $? = 1
configure: failed program was:
| /* confdefs.h.  */
| 
| #define PACKAGE_NAME "lzo"
| #define PACKAGE_TARNAME "lzo"
| #define PACKAGE_VERSION "2.03"
| #define PACKAGE_STRING "lzo 2.03"
| #define PACKAGE_BUGREPORT "markus@oberhumer.com"
| #define LZO_ABI_LITTLE_ENDIAN 1
| #define PACKAGE "lzo"
| #define VERSION "2.03"
| #define STDC_HEADERS 1
| #define HAVE_SYS_TYPES_H 1
| #define HAVE_SYS_STAT_H 1
| #define HAVE_STDLIB_H 1
| #define HAVE_STRING_H 1
| #define HAVE_MEMORY_H 1
| #define HAVE_STRINGS_H 1
| #define HAVE_INTTYPES_H 1
| #define HAVE_STDINT_H 1
| #define HAVE_UNISTD_H 1
| #define HAVE_DLFCN_H 1
| #ifdef __cplusplus
| extern "C" void exit (int);
| #endif
| #define TIME_WITH_SYS_TIME 1
| #define HAVE_ASSERT_H 1
| #define HAVE_CTYPE_H 1
| #define HAVE_DIRENT_H 1
| #define HAVE_ERRNO_H 1
| #define HAVE_FCNTL_H 1
| #define HAVE_FLOAT_H 1
| #define HAVE_LIMITS_H 1
| #define HAVE_MALLOC_H 1
| #define HAVE_MEMORY_H 1
| #define HAVE_SETJMP_H 1
| #define HAVE_SIGNAL_H 1
| #define HAVE_STDARG_H 1
| #define HAVE_STDDEF_H 1
| #define HAVE_STDINT_H 1
| #define HAVE_STDIO_H 1
| #define HAVE_STDLIB_H 1
| #define HAVE_STRING_H 1
| #define HAVE_STRINGS_H 1
| #define HAVE_TIME_H 1
| #define HAVE_UNISTD_H 1
| #define HAVE_UTIME_H 1
| #define HAVE_SYS_MMAN_H 1
| #define HAVE_SYS_RESOURCE_H 1
| #define HAVE_SYS_STAT_H 1
| #define HAVE_SYS_TIME_H 1
| #define HAVE_SYS_TYPES_H 1
| #define HAVE_SYS_WAIT_H 1
| #define RETSIGTYPE void
| #define SIZEOF_SHORT 2
| #define SIZEOF_INT 4
| #define SIZEOF_LONG 4
| /* end confdefs.h.  */
| #include <stdio.h>
| #if HAVE_SYS_TYPES_H
| # include <sys/types.h>
| #endif
| #if HAVE_SYS_STAT_H
| # include <sys/stat.h>
| #endif
| #if STDC_HEADERS
| # include <stdlib.h>
| # include <stddef.h>
| #else
| # if HAVE_STDLIB_H
| #  include <stdlib.h>
| # endif
| #endif
| #if HAVE_STRING_H
| # if !STDC_HEADERS && HAVE_MEMORY_H
| #  include <memory.h>
| # endif
| # include <string.h>
| #endif
| #if HAVE_STRINGS_H
| # include <strings.h>
| #endif
| #if HAVE_INTTYPES_H
| # include <inttypes.h>
| #else
| # if HAVE_STDINT_H
| #  include <stdint.h>
| # endif
| #endif
| #if HAVE_UNISTD_H
| # include <unistd.h>
| #endif
| int
| main ()
| {
| static int test_array [1 - 2 * !(((long) (sizeof (long long))) <= 7)];
| test_array [0] = 0
| 
|   ;
|   return 0;
| }
configure:21587: /opt/lede-toolchain-ramips-mt7621_gcc-5.4.0_musl-1.1.24.Linux-x86_64/toolchain-mipsel_24kc_gcc-5.4.0_musl-1.1.24/bin/mipsel-openwrt-linux-musl-gcc -c -Os -Wall -DLINUX26 -DCONFIG_RALINK -DMUSL_LIBC -DDEBUG_NOISY -DDEBUG_RCTEST -D_GNU_SOURCE -D__UAPI_DEF_ETHHDR -DRALINK_DBDC_MODE -pipe -funit-at-a-time -Wno-pointer-sign -mtune=mips32 -mips32 -DLINUX_KERNEL_VERSION=263366 --sysroot=/opt/lede-toolchain-ramips-mt7621_gcc-5.4.0_musl-1.1.24.Linux-x86_64/toolchain-mipsel_24kc_gcc-5.4.0_musl-1.1.24   conftest.c >&5
conftest.c: In function 'main':
conftest.c:95:12: warning: variable 'test_array' set but not used [-Wunused-but-set-variable]
 static int test_array [1 - 2 * !(((long) (sizeof (long long))) <= 15)];
            ^
configure:21593: $? = 0
configure:21596: test -z 			 || test ! -s conftest.err
configure:21599: $? = 0
configure:21602: test -s conftest.o
configure:21605: $? = 0
configure:21747: /opt/lede-toolchain-ramips-mt7621_gcc-5.4.0_musl-1.1.24.Linux-x86_64/toolchain-mipsel_24kc_gcc-5.4.0_musl-1.1.24/bin/mipsel-openwrt-linux-musl-gcc -c -Os -Wall -DLINUX26 -DCONFIG_RALINK -DMUSL_LIBC -DDEBUG_NOISY -DDEBUG_RCTEST -D_GNU_SOURCE -D__UAPI_DEF_ETHHDR -DRALINK_DBDC_MODE -pipe -funit-at-a-time -Wno-pointer-sign -mtune=mips32 -mips32 -DLINUX_KERNEL_VERSION=263366 --sysroot=/opt/lede-toolchain-ramips-mt7621_gcc-5.4.0_musl-1.1.24.Linux-x86_64/toolchain-mipsel_24kc_gcc-5.4.0_musl-1.1.24   conftest.c >&5
conftest.c: In function 'main':
conftest.c:95:12: warning: variable 'test_array' set but not used [-Wunused-but-set-variable]
 static int test_array [1 - 2 * !(((long) (sizeof (long long))) <= 11)];
            ^
configure:21753: $? = 0
configure:21756: test -z 			 || test ! -s conftest.err
configure:21759: $? = 0
configure:21762: test -s conftest.o
configure:21765: $? = 0
configure:21747: /opt/lede-toolchain-ramips-mt7621_gcc-5.4.0_musl-1.1.24.Linux-x86_64/toolchain-mipsel_24kc_gcc-5.4.0_musl-1.1.24/bin/mipsel-openwrt-linux-musl-gcc -c -Os -Wall -DLINUX26 -DCONFIG_RALINK -DMUSL_LIBC -DDEBUG_NOISY -DDEBUG_RCTEST -D_GNU_SOURCE -D__UAPI_DEF_ETHHDR -DRALINK_DBDC_MODE -pipe -funit-at-a-time -Wno-pointer-sign -mtune=mips32 -mips32 -DLINUX_KERNEL_VERSION=263366 --sysroot=/opt/lede-toolchain-ramips-mt7621_gcc-5.4.0_musl-1.1.24.Linux-x86_64/toolchain-mipsel_24kc_gcc-5.4.0_musl-1.1.24   conftest.c >&5
conftest.c: In function 'main':
conftest.c:95:12: warning: variable 'test_array' set but not used [-Wunused-but-set-variable]
 static int test_array [1 - 2 * !(((long) (sizeof (long long))) <= 9)];
            ^
configure:21753: $? = 0
configure:21756: test -z 			 || test ! -s conftest.err
configure:21759: $? = 0
configure:21762: test -s conftest.o
configure:21765: $? = 0
configure:21747: /opt/lede-toolchain-ramips-mt7621_gcc-5.4.0_musl-1.1.24.Linux-x86_64/toolchain-mipsel_24kc_gcc-5.4.0_musl-1.1.24/bin/mipsel-openwrt-linux-musl-gcc -c -Os -Wall -DLINUX26 -DCONFIG_RALINK -DMUSL_LIBC -DDEBUG_NOISY -DDEBUG_RCTEST -D_GNU_SOURCE -D__UAPI_DEF_ETHHDR -DRALINK_DBDC_MODE -pipe -funit-at-a-time -Wno-pointer-sign -mtune=mips32 -mips32 -DLINUX_KERNEL_VERSION=263366 --sysroot=/opt/lede-toolchain-ramips-mt7621_gcc-5.4.0_musl-1.1.24.Linux-x86_64/toolchain-mipsel_24kc_gcc-5.4.0_musl-1.1.24   conftest.c >&5
conftest.c: In function 'main':
conftest.c:95:12: warning: variable 'test_array' set but not used [-Wunused-but-set-variable]
 static int test_array [1 - 2 * !(((long) (sizeof (long long))) <= 8)];
            ^
configure:21753: $? = 0
configure:21756: test -z 			 || test ! -s conftest.err
configure:21759: $? = 0
configure:21762: test -s conftest.o
configure:21765: $? = 0
configure:21860: result: 8
configure:21867: checking for __int16
configure:21891: /opt/lede-toolchain-ramips-mt7621_gcc-5.4.0_musl-1.1.24.Linux-x86_64/toolchain-mipsel_24kc_gcc-5.4.0_musl-1.1.24/bin/mipsel-openwrt-linux-musl-gcc -c -Os -Wall -DLINUX26 -DCONFIG_RALINK -DMUSL_LIBC -DDEBUG_NOISY -DDEBUG_RCTEST -D_GNU_SOURCE -D__UAPI_DEF_ETHHDR -DRALINK_DBDC_MODE -pipe -funit-at-a-time -Wno-pointer-sign -mtune=mips32 -mips32 -DLINUX_KERNEL_VERSION=263366 --sysroot=/opt/lede-toolchain-ramips-mt7621_gcc-5.4.0_musl-1.1.24.Linux-x86_64/toolchain-mipsel_24kc_gcc-5.4.0_musl-1.1.24   conftest.c >&5
conftest.c: In function 'main':
conftest.c:96:6: error: '__int16' undeclared (first use in this function)
 if ((__int16 *) 0)
      ^
conftest.c:96:6: note: each undeclared identifier is reported only once for each function it appears in
conftest.c:96:15: error: expected expression before ')' token
 if ((__int16 *) 0)
               ^
configure:21897: $? = 1
configure: failed program was:
| /* confdefs.h.  */
| 
| #define PACKAGE_NAME "lzo"
| #define PACKAGE_TARNAME "lzo"
| #define PACKAGE_VERSION "2.03"
| #define PACKAGE_STRING "lzo 2.03"
| #define PACKAGE_BUGREPORT "markus@oberhumer.com"
| #define LZO_ABI_LITTLE_ENDIAN 1
| #define PACKAGE "lzo"
| #define VERSION "2.03"
| #define STDC_HEADERS 1
| #define HAVE_SYS_TYPES_H 1
| #define HAVE_SYS_STAT_H 1
| #define HAVE_STDLIB_H 1
| #define HAVE_STRING_H 1
| #define HAVE_MEMORY_H 1
| #define HAVE_STRINGS_H 1
| #define HAVE_INTTYPES_H 1
| #define HAVE_STDINT_H 1
| #define HAVE_UNISTD_H 1
| #define HAVE_DLFCN_H 1
| #ifdef __cplusplus
| extern "C" void exit (int);
| #endif
| #define TIME_WITH_SYS_TIME 1
| #define HAVE_ASSERT_H 1
| #define HAVE_CTYPE_H 1
| #define HAVE_DIRENT_H 1
| #define HAVE_ERRNO_H 1
| #define HAVE_FCNTL_H 1
| #define HAVE_FLOAT_H 1
| #define HAVE_LIMITS_H 1
| #define HAVE_MALLOC_H 1
| #define HAVE_MEMORY_H 1
| #define HAVE_SETJMP_H 1
| #define HAVE_SIGNAL_H 1
| #define HAVE_STDARG_H 1
| #define HAVE_STDDEF_H 1
| #define HAVE_STDINT_H 1
| #define HAVE_STDIO_H 1
| #define HAVE_STDLIB_H 1
| #define HAVE_STRING_H 1
| #define HAVE_STRINGS_H 1
| #define HAVE_TIME_H 1
| #define HAVE_UNISTD_H 1
| #define HAVE_UTIME_H 1
| #define HAVE_SYS_MMAN_H 1
| #define HAVE_SYS_RESOURCE_H 1
| #define HAVE_SYS_STAT_H 1
| #define HAVE_SYS_TIME_H 1
| #define HAVE_SYS_TYPES_H 1
| #define HAVE_SYS_WAIT_H 1
| #define RETSIGTYPE void
| #define SIZEOF_SHORT 2
| #define SIZEOF_INT 4
| #define SIZEOF_LONG 4
| #define SIZEOF_LONG_LONG 8
| /* end confdefs.h.  */
| #include <stdio.h>
| #if HAVE_SYS_TYPES_H
| # include <sys/types.h>
| #endif
| #if HAVE_SYS_STAT_H
| # include <sys/stat.h>
| #endif
| #if STDC_HEADERS
| # include <stdlib.h>
| # include <stddef.h>
| #else
| # if HAVE_STDLIB_H
| #  include <stdlib.h>
| # endif
| #endif
| #if HAVE_STRING_H
| # if !STDC_HEADERS && HAVE_MEMORY_H
| #  include <memory.h>
| # endif
| # include <string.h>
| #endif
| #if HAVE_STRINGS_H
| # include <strings.h>
| #endif
| #if HAVE_INTTYPES_H
| # include <inttypes.h>
| #else
| # if HAVE_STDINT_H
| #  include <stdint.h>
| # endif
| #endif
| #if HAVE_UNISTD_H
| # include <unistd.h>
| #endif
| int
| main ()
| {
| if ((__int16 *) 0)
|   return 0;
| if (sizeof (__int16))
|   return 0;
|   ;
|   return 0;
| }
configure:21920: result: no
configure:21923: checking size of __int16
configure:22266: result: 0
configure:22273: checking for __int32
configure:22297: /opt/lede-toolchain-ramips-mt7621_gcc-5.4.0_musl-1.1.24.Linux-x86_64/toolchain-mipsel_24kc_gcc-5.4.0_musl-1.1.24/bin/mipsel-openwrt-linux-musl-gcc -c -Os -Wall -DLINUX26 -DCONFIG_RALINK -DMUSL_LIBC -DDEBUG_NOISY -DDEBUG_RCTEST -D_GNU_SOURCE -D__UAPI_DEF_ETHHDR -DRALINK_DBDC_MODE -pipe -funit-at-a-time -Wno-pointer-sign -mtune=mips32 -mips32 -DLINUX_KERNEL_VERSION=263366 --sysroot=/opt/lede-toolchain-ramips-mt7621_gcc-5.4.0_musl-1.1.24.Linux-x86_64/toolchain-mipsel_24kc_gcc-5.4.0_musl-1.1.24   conftest.c >&5
conftest.c: In function 'main':
conftest.c:97:6: error: '__int32' undeclared (first use in this function)
 if ((__int32 *) 0)
      ^
conftest.c:97:6: note: each undeclared identifier is reported only once for each function it appears in
conftest.c:97:15: error: expected expression before ')' token
 if ((__int32 *) 0)
               ^
configure:22303: $? = 1
configure: failed program was:
| /* confdefs.h.  */
| 
| #define PACKAGE_NAME "lzo"
| #define PACKAGE_TARNAME "lzo"
| #define PACKAGE_VERSION "2.03"
| #define PACKAGE_STRING "lzo 2.03"
| #define PACKAGE_BUGREPORT "markus@oberhumer.com"
| #define LZO_ABI_LITTLE_ENDIAN 1
| #define PACKAGE "lzo"
| #define VERSION "2.03"
| #define STDC_HEADERS 1
| #define HAVE_SYS_TYPES_H 1
| #define HAVE_SYS_STAT_H 1
| #define HAVE_STDLIB_H 1
| #define HAVE_STRING_H 1
| #define HAVE_MEMORY_H 1
| #define HAVE_STRINGS_H 1
| #define HAVE_INTTYPES_H 1
| #define HAVE_STDINT_H 1
| #define HAVE_UNISTD_H 1
| #define HAVE_DLFCN_H 1
| #ifdef __cplusplus
| extern "C" void exit (int);
| #endif
| #define TIME_WITH_SYS_TIME 1
| #define HAVE_ASSERT_H 1
| #define HAVE_CTYPE_H 1
| #define HAVE_DIRENT_H 1
| #define HAVE_ERRNO_H 1
| #define HAVE_FCNTL_H 1
| #define HAVE_FLOAT_H 1
| #define HAVE_LIMITS_H 1
| #define HAVE_MALLOC_H 1
| #define HAVE_MEMORY_H 1
| #define HAVE_SETJMP_H 1
| #define HAVE_SIGNAL_H 1
| #define HAVE_STDARG_H 1
| #define HAVE_STDDEF_H 1
| #define HAVE_STDINT_H 1
| #define HAVE_STDIO_H 1
| #define HAVE_STDLIB_H 1
| #define HAVE_STRING_H 1
| #define HAVE_STRINGS_H 1
| #define HAVE_TIME_H 1
| #define HAVE_UNISTD_H 1
| #define HAVE_UTIME_H 1
| #define HAVE_SYS_MMAN_H 1
| #define HAVE_SYS_RESOURCE_H 1
| #define HAVE_SYS_STAT_H 1
| #define HAVE_SYS_TIME_H 1
| #define HAVE_SYS_TYPES_H 1
| #define HAVE_SYS_WAIT_H 1
| #define RETSIGTYPE void
| #define SIZEOF_SHORT 2
| #define SIZEOF_INT 4
| #define SIZEOF_LONG 4
| #define SIZEOF_LONG_LONG 8
| #define SIZEOF___INT16 0
| /* end confdefs.h.  */
| #include <stdio.h>
| #if HAVE_SYS_TYPES_H
| # include <sys/types.h>
| #endif
| #if HAVE_SYS_STAT_H
| # include <sys/stat.h>
| #endif
| #if STDC_HEADERS
| # include <stdlib.h>
| # include <stddef.h>
| #else
| # if HAVE_STDLIB_H
| #  include <stdlib.h>
| # endif
| #endif
| #if HAVE_STRING_H
| # if !STDC_HEADERS && HAVE_MEMORY_H
| #  include <memory.h>
| # endif
| # include <string.h>
| #endif
| #if HAVE_STRINGS_H
| # include <strings.h>
| #endif
| #if HAVE_INTTYPES_H
| # include <inttypes.h>
| #else
| # if HAVE_STDINT_H
| #  include <stdint.h>
| # endif
| #endif
| #if HAVE_UNISTD_H
| # include <unistd.h>
| #endif
| int
| main ()
| {
| if ((__int32 *) 0)
|   return 0;
| if (sizeof (__int32))
|   return 0;
|   ;
|   return 0;
| }
configure:22326: result: no
configure:22329: checking size of __int32
configure:22672: result: 0
configure:22679: checking for __int64
configure:22703: /opt/lede-toolchain-ramips-mt7621_gcc-5.4.0_musl-1.1.24.Linux-x86_64/toolchain-mipsel_24kc_gcc-5.4.0_musl-1.1.24/bin/mipsel-openwrt-linux-musl-gcc -c -Os -Wall -DLINUX26 -DCONFIG_RALINK -DMUSL_LIBC -DDEBUG_NOISY -DDEBUG_RCTEST -D_GNU_SOURCE -D__UAPI_DEF_ETHHDR -DRALINK_DBDC_MODE -pipe -funit-at-a-time -Wno-pointer-sign -mtune=mips32 -mips32 -DLINUX_KERNEL_VERSION=263366 --sysroot=/opt/lede-toolchain-ramips-mt7621_gcc-5.4.0_musl-1.1.24.Linux-x86_64/toolchain-mipsel_24kc_gcc-5.4.0_musl-1.1.24   conftest.c >&5
conftest.c: In function 'main':
conftest.c:98:6: error: '__int64' undeclared (first use in this function)
 if ((__int64 *) 0)
      ^
conftest.c:98:6: note: each undeclared identifier is reported only once for each function it appears in
conftest.c:98:15: error: expected expression before ')' token
 if ((__int64 *) 0)
               ^
configure:22709: $? = 1
configure: failed program was:
| /* confdefs.h.  */
| 
| #define PACKAGE_NAME "lzo"
| #define PACKAGE_TARNAME "lzo"
| #define PACKAGE_VERSION "2.03"
| #define PACKAGE_STRING "lzo 2.03"
| #define PACKAGE_BUGREPORT "markus@oberhumer.com"
| #define LZO_ABI_LITTLE_ENDIAN 1
| #define PACKAGE "lzo"
| #define VERSION "2.03"
| #define STDC_HEADERS 1
| #define HAVE_SYS_TYPES_H 1
| #define HAVE_SYS_STAT_H 1
| #define HAVE_STDLIB_H 1
| #define HAVE_STRING_H 1
| #define HAVE_MEMORY_H 1
| #define HAVE_STRINGS_H 1
| #define HAVE_INTTYPES_H 1
| #define HAVE_STDINT_H 1
| #define HAVE_UNISTD_H 1
| #define HAVE_DLFCN_H 1
| #ifdef __cplusplus
| extern "C" void exit (int);
| #endif
| #define TIME_WITH_SYS_TIME 1
| #define HAVE_ASSERT_H 1
| #define HAVE_CTYPE_H 1
| #define HAVE_DIRENT_H 1
| #define HAVE_ERRNO_H 1
| #define HAVE_FCNTL_H 1
| #define HAVE_FLOAT_H 1
| #define HAVE_LIMITS_H 1
| #define HAVE_MALLOC_H 1
| #define HAVE_MEMORY_H 1
| #define HAVE_SETJMP_H 1
| #define HAVE_SIGNAL_H 1
| #define HAVE_STDARG_H 1
| #define HAVE_STDDEF_H 1
| #define HAVE_STDINT_H 1
| #define HAVE_STDIO_H 1
| #define HAVE_STDLIB_H 1
| #define HAVE_STRING_H 1
| #define HAVE_STRINGS_H 1
| #define HAVE_TIME_H 1
| #define HAVE_UNISTD_H 1
| #define HAVE_UTIME_H 1
| #define HAVE_SYS_MMAN_H 1
| #define HAVE_SYS_RESOURCE_H 1
| #define HAVE_SYS_STAT_H 1
| #define HAVE_SYS_TIME_H 1
| #define HAVE_SYS_TYPES_H 1
| #define HAVE_SYS_WAIT_H 1
| #define RETSIGTYPE void
| #define SIZEOF_SHORT 2
| #define SIZEOF_INT 4
| #define SIZEOF_LONG 4
| #define SIZEOF_LONG_LONG 8
| #define SIZEOF___INT16 0
| #define SIZEOF___INT32 0
| /* end confdefs.h.  */
| #include <stdio.h>
| #if HAVE_SYS_TYPES_H
| # include <sys/types.h>
| #endif
| #if HAVE_SYS_STAT_H
| # include <sys/stat.h>
| #endif
| #if STDC_HEADERS
| # include <stdlib.h>
| # include <stddef.h>
| #else
| # if HAVE_STDLIB_H
| #  include <stdlib.h>
| # endif
| #endif
| #if HAVE_STRING_H
| # if !STDC_HEADERS && HAVE_MEMORY_H
| #  include <memory.h>
| # endif
| # include <string.h>
| #endif
| #if HAVE_STRINGS_H
| # include <strings.h>
| #endif
| #if HAVE_INTTYPES_H
| # include <inttypes.h>
| #else
| # if HAVE_STDINT_H
| #  include <stdint.h>
| # endif
| #endif
| #if HAVE_UNISTD_H
| # include <unistd.h>
| #endif
| int
| main ()
| {
| if ((__int64 *) 0)
|   return 0;
| if (sizeof (__int64))
|   return 0;
|   ;
|   return 0;
| }
configure:22732: result: no
configure:22735: checking size of __int64
configure:23078: result: 0
configure:23086: checking for void *
configure:23110: /opt/lede-toolchain-ramips-mt7621_gcc-5.4.0_musl-1.1.24.Linux-x86_64/toolchain-mipsel_24kc_gcc-5.4.0_musl-1.1.24/bin/mipsel-openwrt-linux-musl-gcc -c -Os -Wall -DLINUX26 -DCONFIG_RALINK -DMUSL_LIBC -DDEBUG_NOISY -DDEBUG_RCTEST -D_GNU_SOURCE -D__UAPI_DEF_ETHHDR -DRALINK_DBDC_MODE -pipe -funit-at-a-time -Wno-pointer-sign -mtune=mips32 -mips32 -DLINUX_KERNEL_VERSION=263366 --sysroot=/opt/lede-toolchain-ramips-mt7621_gcc-5.4.0_musl-1.1.24.Linux-x86_64/toolchain-mipsel_24kc_gcc-5.4.0_musl-1.1.24   conftest.c >&5
configure:23116: $? = 0
configure:23119: test -z 			 || test ! -s conftest.err
configure:23122: $? = 0
configure:23125: test -s conftest.o
configure:23128: $? = 0
configure:23139: result: yes
configure:23142: checking size of void *
configure:23172: /opt/lede-toolchain-ramips-mt7621_gcc-5.4.0_musl-1.1.24.Linux-x86_64/toolchain-mipsel_24kc_gcc-5.4.0_musl-1.1.24/bin/mipsel-openwrt-linux-musl-gcc -c -Os -Wall -DLINUX26 -DCONFIG_RALINK -DMUSL_LIBC -DDEBUG_NOISY -DDEBUG_RCTEST -D_GNU_SOURCE -D__UAPI_DEF_ETHHDR -DRALINK_DBDC_MODE -pipe -funit-at-a-time -Wno-pointer-sign -mtune=mips32 -mips32 -DLINUX_KERNEL_VERSION=263366 --sysroot=/opt/lede-toolchain-ramips-mt7621_gcc-5.4.0_musl-1.1.24.Linux-x86_64/toolchain-mipsel_24kc_gcc-5.4.0_musl-1.1.24   conftest.c >&5
conftest.c: In function 'main':
conftest.c:99:12: warning: variable 'test_array' set but not used [-Wunused-but-set-variable]
 static int test_array [1 - 2 * !(((long) (sizeof (void *))) >= 0)];
            ^
configure:23178: $? = 0
configure:23181: test -z 			 || test ! -s conftest.err
configure:23184: $? = 0
configure:23187: test -s conftest.o
configure:23190: $? = 0
configure:23212: /opt/lede-toolchain-ramips-mt7621_gcc-5.4.0_musl-1.1.24.Linux-x86_64/toolchain-mipsel_24kc_gcc-5.4.0_musl-1.1.24/bin/mipsel-openwrt-linux-musl-gcc -c -Os -Wall -DLINUX26 -DCONFIG_RALINK -DMUSL_LIBC -DDEBUG_NOISY -DDEBUG_RCTEST -D_GNU_SOURCE -D__UAPI_DEF_ETHHDR -DRALINK_DBDC_MODE -pipe -funit-at-a-time -Wno-pointer-sign -mtune=mips32 -mips32 -DLINUX_KERNEL_VERSION=263366 --sysroot=/opt/lede-toolchain-ramips-mt7621_gcc-5.4.0_musl-1.1.24.Linux-x86_64/toolchain-mipsel_24kc_gcc-5.4.0_musl-1.1.24   conftest.c >&5
conftest.c: In function 'main':
conftest.c:99:12: error: size of array 'test_array' is negative
 static int test_array [1 - 2 * !(((long) (sizeof (void *))) <= 0)];
            ^
conftest.c:99:12: warning: variable 'test_array' set but not used [-Wunused-but-set-variable]
configure:23218: $? = 1
configure: failed program was:
| /* confdefs.h.  */
| 
| #define PACKAGE_NAME "lzo"
| #define PACKAGE_TARNAME "lzo"
| #define PACKAGE_VERSION "2.03"
| #define PACKAGE_STRING "lzo 2.03"
| #define PACKAGE_BUGREPORT "markus@oberhumer.com"
| #define LZO_ABI_LITTLE_ENDIAN 1
| #define PACKAGE "lzo"
| #define VERSION "2.03"
| #define STDC_HEADERS 1
| #define HAVE_SYS_TYPES_H 1
| #define HAVE_SYS_STAT_H 1
| #define HAVE_STDLIB_H 1
| #define HAVE_STRING_H 1
| #define HAVE_MEMORY_H 1
| #define HAVE_STRINGS_H 1
| #define HAVE_INTTYPES_H 1
| #define HAVE_STDINT_H 1
| #define HAVE_UNISTD_H 1
| #define HAVE_DLFCN_H 1
| #ifdef __cplusplus
| extern "C" void exit (int);
| #endif
| #define TIME_WITH_SYS_TIME 1
| #define HAVE_ASSERT_H 1
| #define HAVE_CTYPE_H 1
| #define HAVE_DIRENT_H 1
| #define HAVE_ERRNO_H 1
| #define HAVE_FCNTL_H 1
| #define HAVE_FLOAT_H 1
| #define HAVE_LIMITS_H 1
| #define HAVE_MALLOC_H 1
| #define HAVE_MEMORY_H 1
| #define HAVE_SETJMP_H 1
| #define HAVE_SIGNAL_H 1
| #define HAVE_STDARG_H 1
| #define HAVE_STDDEF_H 1
| #define HAVE_STDINT_H 1
| #define HAVE_STDIO_H 1
| #define HAVE_STDLIB_H 1
| #define HAVE_STRING_H 1
| #define HAVE_STRINGS_H 1
| #define HAVE_TIME_H 1
| #define HAVE_UNISTD_H 1
| #define HAVE_UTIME_H 1
| #define HAVE_SYS_MMAN_H 1
| #define HAVE_SYS_RESOURCE_H 1
| #define HAVE_SYS_STAT_H 1
| #define HAVE_SYS_TIME_H 1
| #define HAVE_SYS_TYPES_H 1
| #define HAVE_SYS_WAIT_H 1
| #define RETSIGTYPE void
| #define SIZEOF_SHORT 2
| #define SIZEOF_INT 4
| #define SIZEOF_LONG 4
| #define SIZEOF_LONG_LONG 8
| #define SIZEOF___INT16 0
| #define SIZEOF___INT32 0
| #define SIZEOF___INT64 0
| /* end confdefs.h.  */
| #include <stdio.h>
| #if HAVE_SYS_TYPES_H
| # include <sys/types.h>
| #endif
| #if HAVE_SYS_STAT_H
| # include <sys/stat.h>
| #endif
| #if STDC_HEADERS
| # include <stdlib.h>
| # include <stddef.h>
| #else
| # if HAVE_STDLIB_H
| #  include <stdlib.h>
| # endif
| #endif
| #if HAVE_STRING_H
| # if !STDC_HEADERS && HAVE_MEMORY_H
| #  include <memory.h>
| # endif
| # include <string.h>
| #endif
| #if HAVE_STRINGS_H
| # include <strings.h>
| #endif
| #if HAVE_INTTYPES_H
| # include <inttypes.h>
| #else
| # if HAVE_STDINT_H
| #  include <stdint.h>
| # endif
| #endif
| #if HAVE_UNISTD_H
| # include <unistd.h>
| #endif
| int
| main ()
| {
| static int test_array [1 - 2 * !(((long) (sizeof (void *))) <= 0)];
| test_array [0] = 0
| 
|   ;
|   return 0;
| }
configure:23212: /opt/lede-toolchain-ramips-mt7621_gcc-5.4.0_musl-1.1.24.Linux-x86_64/toolchain-mipsel_24kc_gcc-5.4.0_musl-1.1.24/bin/mipsel-openwrt-linux-musl-gcc -c -Os -Wall -DLINUX26 -DCONFIG_RALINK -DMUSL_LIBC -DDEBUG_NOISY -DDEBUG_RCTEST -D_GNU_SOURCE -D__UAPI_DEF_ETHHDR -DRALINK_DBDC_MODE -pipe -funit-at-a-time -Wno-pointer-sign -mtune=mips32 -mips32 -DLINUX_KERNEL_VERSION=263366 --sysroot=/opt/lede-toolchain-ramips-mt7621_gcc-5.4.0_musl-1.1.24.Linux-x86_64/toolchain-mipsel_24kc_gcc-5.4.0_musl-1.1.24   conftest.c >&5
conftest.c: In function 'main':
conftest.c:99:12: error: size of array 'test_array' is negative
 static int test_array [1 - 2 * !(((long) (sizeof (void *))) <= 1)];
            ^
conftest.c:99:12: warning: variable 'test_array' set but not used [-Wunused-but-set-variable]
configure:23218: $? = 1
configure: failed program was:
| /* confdefs.h.  */
| 
| #define PACKAGE_NAME "lzo"
| #define PACKAGE_TARNAME "lzo"
| #define PACKAGE_VERSION "2.03"
| #define PACKAGE_STRING "lzo 2.03"
| #define PACKAGE_BUGREPORT "markus@oberhumer.com"
| #define LZO_ABI_LITTLE_ENDIAN 1
| #define PACKAGE "lzo"
| #define VERSION "2.03"
| #define STDC_HEADERS 1
| #define HAVE_SYS_TYPES_H 1
| #define HAVE_SYS_STAT_H 1
| #define HAVE_STDLIB_H 1
| #define HAVE_STRING_H 1
| #define HAVE_MEMORY_H 1
| #define HAVE_STRINGS_H 1
| #define HAVE_INTTYPES_H 1
| #define HAVE_STDINT_H 1
| #define HAVE_UNISTD_H 1
| #define HAVE_DLFCN_H 1
| #ifdef __cplusplus
| extern "C" void exit (int);
| #endif
| #define TIME_WITH_SYS_TIME 1
| #define HAVE_ASSERT_H 1
| #define HAVE_CTYPE_H 1
| #define HAVE_DIRENT_H 1
| #define HAVE_ERRNO_H 1
| #define HAVE_FCNTL_H 1
| #define HAVE_FLOAT_H 1
| #define HAVE_LIMITS_H 1
| #define HAVE_MALLOC_H 1
| #define HAVE_MEMORY_H 1
| #define HAVE_SETJMP_H 1
| #define HAVE_SIGNAL_H 1
| #define HAVE_STDARG_H 1
| #define HAVE_STDDEF_H 1
| #define HAVE_STDINT_H 1
| #define HAVE_STDIO_H 1
| #define HAVE_STDLIB_H 1
| #define HAVE_STRING_H 1
| #define HAVE_STRINGS_H 1
| #define HAVE_TIME_H 1
| #define HAVE_UNISTD_H 1
| #define HAVE_UTIME_H 1
| #define HAVE_SYS_MMAN_H 1
| #define HAVE_SYS_RESOURCE_H 1
| #define HAVE_SYS_STAT_H 1
| #define HAVE_SYS_TIME_H 1
| #define HAVE_SYS_TYPES_H 1
| #define HAVE_SYS_WAIT_H 1
| #define RETSIGTYPE void
| #define SIZEOF_SHORT 2
| #define SIZEOF_INT 4
| #define SIZEOF_LONG 4
| #define SIZEOF_LONG_LONG 8
| #define SIZEOF___INT16 0
| #define SIZEOF___INT32 0
| #define SIZEOF___INT64 0
| /* end confdefs.h.  */
| #include <stdio.h>
| #if HAVE_SYS_TYPES_H
| # include <sys/types.h>
| #endif
| #if HAVE_SYS_STAT_H
| # include <sys/stat.h>
| #endif
| #if STDC_HEADERS
| # include <stdlib.h>
| # include <stddef.h>
| #else
| # if HAVE_STDLIB_H
| #  include <stdlib.h>
| # endif
| #endif
| #if HAVE_STRING_H
| # if !STDC_HEADERS && HAVE_MEMORY_H
| #  include <memory.h>
| # endif
| # include <string.h>
| #endif
| #if HAVE_STRINGS_H
| # include <strings.h>
| #endif
| #if HAVE_INTTYPES_H
| # include <inttypes.h>
| #else
| # if HAVE_STDINT_H
| #  include <stdint.h>
| # endif
| #endif
| #if HAVE_UNISTD_H
| # include <unistd.h>
| #endif
| int
| main ()
| {
| static int test_array [1 - 2 * !(((long) (sizeof (void *))) <= 1)];
| test_array [0] = 0
| 
|   ;
|   return 0;
| }
configure:23212: /opt/lede-toolchain-ramips-mt7621_gcc-5.4.0_musl-1.1.24.Linux-x86_64/toolchain-mipsel_24kc_gcc-5.4.0_musl-1.1.24/bin/mipsel-openwrt-linux-musl-gcc -c -Os -Wall -DLINUX26 -DCONFIG_RALINK -DMUSL_LIBC -DDEBUG_NOISY -DDEBUG_RCTEST -D_GNU_SOURCE -D__UAPI_DEF_ETHHDR -DRALINK_DBDC_MODE -pipe -funit-at-a-time -Wno-pointer-sign -mtune=mips32 -mips32 -DLINUX_KERNEL_VERSION=263366 --sysroot=/opt/lede-toolchain-ramips-mt7621_gcc-5.4.0_musl-1.1.24.Linux-x86_64/toolchain-mipsel_24kc_gcc-5.4.0_musl-1.1.24   conftest.c >&5
conftest.c: In function 'main':
conftest.c:99:12: error: size of array 'test_array' is negative
 static int test_array [1 - 2 * !(((long) (sizeof (void *))) <= 3)];
            ^
conftest.c:99:12: warning: variable 'test_array' set but not used [-Wunused-but-set-variable]
configure:23218: $? = 1
configure: failed program was:
| /* confdefs.h.  */
| 
| #define PACKAGE_NAME "lzo"
| #define PACKAGE_TARNAME "lzo"
| #define PACKAGE_VERSION "2.03"
| #define PACKAGE_STRING "lzo 2.03"
| #define PACKAGE_BUGREPORT "markus@oberhumer.com"
| #define LZO_ABI_LITTLE_ENDIAN 1
| #define PACKAGE "lzo"
| #define VERSION "2.03"
| #define STDC_HEADERS 1
| #define HAVE_SYS_TYPES_H 1
| #define HAVE_SYS_STAT_H 1
| #define HAVE_STDLIB_H 1
| #define HAVE_STRING_H 1
| #define HAVE_MEMORY_H 1
| #define HAVE_STRINGS_H 1
| #define HAVE_INTTYPES_H 1
| #define HAVE_STDINT_H 1
| #define HAVE_UNISTD_H 1
| #define HAVE_DLFCN_H 1
| #ifdef __cplusplus
| extern "C" void exit (int);
| #endif
| #define TIME_WITH_SYS_TIME 1
| #define HAVE_ASSERT_H 1
| #define HAVE_CTYPE_H 1
| #define HAVE_DIRENT_H 1
| #define HAVE_ERRNO_H 1
| #define HAVE_FCNTL_H 1
| #define HAVE_FLOAT_H 1
| #define HAVE_LIMITS_H 1
| #define HAVE_MALLOC_H 1
| #define HAVE_MEMORY_H 1
| #define HAVE_SETJMP_H 1
| #define HAVE_SIGNAL_H 1
| #define HAVE_STDARG_H 1
| #define HAVE_STDDEF_H 1
| #define HAVE_STDINT_H 1
| #define HAVE_STDIO_H 1
| #define HAVE_STDLIB_H 1
| #define HAVE_STRING_H 1
| #define HAVE_STRINGS_H 1
| #define HAVE_TIME_H 1
| #define HAVE_UNISTD_H 1
| #define HAVE_UTIME_H 1
| #define HAVE_SYS_MMAN_H 1
| #define HAVE_SYS_RESOURCE_H 1
| #define HAVE_SYS_STAT_H 1
| #define HAVE_SYS_TIME_H 1
| #define HAVE_SYS_TYPES_H 1
| #define HAVE_SYS_WAIT_H 1
| #define RETSIGTYPE void
| #define SIZEOF_SHORT 2
| #define SIZEOF_INT 4
| #define SIZEOF_LONG 4
| #define SIZEOF_LONG_LONG 8
| #define SIZEOF___INT16 0
| #define SIZEOF___INT32 0
| #define SIZEOF___INT64 0
| /* end confdefs.h.  */
| #include <stdio.h>
| #if HAVE_SYS_TYPES_H
| # include <sys/types.h>
| #endif
| #if HAVE_SYS_STAT_H
| # include <sys/stat.h>
| #endif
| #if STDC_HEADERS
| # include <stdlib.h>
| # include <stddef.h>
| #else
| # if HAVE_STDLIB_H
| #  include <stdlib.h>
| # endif
| #endif
| #if HAVE_STRING_H
| # if !STDC_HEADERS && HAVE_MEMORY_H
| #  include <memory.h>
| # endif
| # include <string.h>
| #endif
| #if HAVE_STRINGS_H
| # include <strings.h>
| #endif
| #if HAVE_INTTYPES_H
| # include <inttypes.h>
| #else
| # if HAVE_STDINT_H
| #  include <stdint.h>
| # endif
| #endif
| #if HAVE_UNISTD_H
| # include <unistd.h>
| #endif
| int
| main ()
| {
| static int test_array [1 - 2 * !(((long) (sizeof (void *))) <= 3)];
| test_array [0] = 0
| 
|   ;
|   return 0;
| }
configure:23212: /opt/lede-toolchain-ramips-mt7621_gcc-5.4.0_musl-1.1.24.Linux-x86_64/toolchain-mipsel_24kc_gcc-5.4.0_musl-1.1.24/bin/mipsel-openwrt-linux-musl-gcc -c -Os -Wall -DLINUX26 -DCONFIG_RALINK -DMUSL_LIBC -DDEBUG_NOISY -DDEBUG_RCTEST -D_GNU_SOURCE -D__UAPI_DEF_ETHHDR -DRALINK_DBDC_MODE -pipe -funit-at-a-time -Wno-pointer-sign -mtune=mips32 -mips32 -DLINUX_KERNEL_VERSION=263366 --sysroot=/opt/lede-toolchain-ramips-mt7621_gcc-5.4.0_musl-1.1.24.Linux-x86_64/toolchain-mipsel_24kc_gcc-5.4.0_musl-1.1.24   conftest.c >&5
conftest.c: In function 'main':
conftest.c:99:12: warning: variable 'test_array' set but not used [-Wunused-but-set-variable]
 static int test_array [1 - 2 * !(((long) (sizeof (void *))) <= 7)];
            ^
configure:23218: $? = 0
configure:23221: test -z 			 || test ! -s conftest.err
configure:23224: $? = 0
configure:23227: test -s conftest.o
configure:23230: $? = 0
configure:23372: /opt/lede-toolchain-ramips-mt7621_gcc-5.4.0_musl-1.1.24.Linux-x86_64/toolchain-mipsel_24kc_gcc-5.4.0_musl-1.1.24/bin/mipsel-openwrt-linux-musl-gcc -c -Os -Wall -DLINUX26 -DCONFIG_RALINK -DMUSL_LIBC -DDEBUG_NOISY -DDEBUG_RCTEST -D_GNU_SOURCE -D__UAPI_DEF_ETHHDR -DRALINK_DBDC_MODE -pipe -funit-at-a-time -Wno-pointer-sign -mtune=mips32 -mips32 -DLINUX_KERNEL_VERSION=263366 --sysroot=/opt/lede-toolchain-ramips-mt7621_gcc-5.4.0_musl-1.1.24.Linux-x86_64/toolchain-mipsel_24kc_gcc-5.4.0_musl-1.1.24   conftest.c >&5
conftest.c: In function 'main':
conftest.c:99:12: warning: variable 'test_array' set but not used [-Wunused-but-set-variable]
 static int test_array [1 - 2 * !(((long) (sizeof (void *))) <= 5)];
            ^
configure:23378: $? = 0
configure:23381: test -z 			 || test ! -s conftest.err
configure:23384: $? = 0
configure:23387: test -s conftest.o
configure:23390: $? = 0
configure:23372: /opt/lede-toolchain-ramips-mt7621_gcc-5.4.0_musl-1.1.24.Linux-x86_64/toolchain-mipsel_24kc_gcc-5.4.0_musl-1.1.24/bin/mipsel-openwrt-linux-musl-gcc -c -Os -Wall -DLINUX26 -DCONFIG_RALINK -DMUSL_LIBC -DDEBUG_NOISY -DDEBUG_RCTEST -D_GNU_SOURCE -D__UAPI_DEF_ETHHDR -DRALINK_DBDC_MODE -pipe -funit-at-a-time -Wno-pointer-sign -mtune=mips32 -mips32 -DLINUX_KERNEL_VERSION=263366 --sysroot=/opt/lede-toolchain-ramips-mt7621_gcc-5.4.0_musl-1.1.24.Linux-x86_64/toolchain-mipsel_24kc_gcc-5.4.0_musl-1.1.24   conftest.c >&5
conftest.c: In function 'main':
conftest.c:99:12: warning: variable 'test_array' set but not used [-Wunused-but-set-variable]
 static int test_array [1 - 2 * !(((long) (sizeof (void *))) <= 4)];
            ^
configure:23378: $? = 0
configure:23381: test -z 			 || test ! -s conftest.err
configure:23384: $? = 0
configure:23387: test -s conftest.o
configure:23390: $? = 0
configure:23485: result: 4
configure:23492: checking for size_t
configure:23545: result: yes
configure:23548: checking size of size_t
configure:23578: /opt/lede-toolchain-ramips-mt7621_gcc-5.4.0_musl-1.1.24.Linux-x86_64/toolchain-mipsel_24kc_gcc-5.4.0_musl-1.1.24/bin/mipsel-openwrt-linux-musl-gcc -c -Os -Wall -DLINUX26 -DCONFIG_RALINK -DMUSL_LIBC -DDEBUG_NOISY -DDEBUG_RCTEST -D_GNU_SOURCE -D__UAPI_DEF_ETHHDR -DRALINK_DBDC_MODE -pipe -funit-at-a-time -Wno-pointer-sign -mtune=mips32 -mips32 -DLINUX_KERNEL_VERSION=263366 --sysroot=/opt/lede-toolchain-ramips-mt7621_gcc-5.4.0_musl-1.1.24.Linux-x86_64/toolchain-mipsel_24kc_gcc-5.4.0_musl-1.1.24   conftest.c >&5
conftest.c: In function 'main':
conftest.c:100:12: warning: variable 'test_array' set but not used [-Wunused-but-set-variable]
 static int test_array [1 - 2 * !(((long) (sizeof (size_t))) >= 0)];
            ^
configure:23584: $? = 0
configure:23587: test -z 			 || test ! -s conftest.err
configure:23590: $? = 0
configure:23593: test -s conftest.o
configure:23596: $? = 0
configure:23618: /opt/lede-toolchain-ramips-mt7621_gcc-5.4.0_musl-1.1.24.Linux-x86_64/toolchain-mipsel_24kc_gcc-5.4.0_musl-1.1.24/bin/mipsel-openwrt-linux-musl-gcc -c -Os -Wall -DLINUX26 -DCONFIG_RALINK -DMUSL_LIBC -DDEBUG_NOISY -DDEBUG_RCTEST -D_GNU_SOURCE -D__UAPI_DEF_ETHHDR -DRALINK_DBDC_MODE -pipe -funit-at-a-time -Wno-pointer-sign -mtune=mips32 -mips32 -DLINUX_KERNEL_VERSION=263366 --sysroot=/opt/lede-toolchain-ramips-mt7621_gcc-5.4.0_musl-1.1.24.Linux-x86_64/toolchain-mipsel_24kc_gcc-5.4.0_musl-1.1.24   conftest.c >&5
conftest.c: In function 'main':
conftest.c:100:12: error: size of array 'test_array' is negative
 static int test_array [1 - 2 * !(((long) (sizeof (size_t))) <= 0)];
            ^
conftest.c:100:12: warning: variable 'test_array' set but not used [-Wunused-but-set-variable]
configure:23624: $? = 1
configure: failed program was:
| /* confdefs.h.  */
| 
| #define PACKAGE_NAME "lzo"
| #define PACKAGE_TARNAME "lzo"
| #define PACKAGE_VERSION "2.03"
| #define PACKAGE_STRING "lzo 2.03"
| #define PACKAGE_BUGREPORT "markus@oberhumer.com"
| #define LZO_ABI_LITTLE_ENDIAN 1
| #define PACKAGE "lzo"
| #define VERSION "2.03"
| #define STDC_HEADERS 1
| #define HAVE_SYS_TYPES_H 1
| #define HAVE_SYS_STAT_H 1
| #define HAVE_STDLIB_H 1
| #define HAVE_STRING_H 1
| #define HAVE_MEMORY_H 1
| #define HAVE_STRINGS_H 1
| #define HAVE_INTTYPES_H 1
| #define HAVE_STDINT_H 1
| #define HAVE_UNISTD_H 1
| #define HAVE_DLFCN_H 1
| #ifdef __cplusplus
| extern "C" void exit (int);
| #endif
| #define TIME_WITH_SYS_TIME 1
| #define HAVE_ASSERT_H 1
| #define HAVE_CTYPE_H 1
| #define HAVE_DIRENT_H 1
| #define HAVE_ERRNO_H 1
| #define HAVE_FCNTL_H 1
| #define HAVE_FLOAT_H 1
| #define HAVE_LIMITS_H 1
| #define HAVE_MALLOC_H 1
| #define HAVE_MEMORY_H 1
| #define HAVE_SETJMP_H 1
| #define HAVE_SIGNAL_H 1
| #define HAVE_STDARG_H 1
| #define HAVE_STDDEF_H 1
| #define HAVE_STDINT_H 1
| #define HAVE_STDIO_H 1
| #define HAVE_STDLIB_H 1
| #define HAVE_STRING_H 1
| #define HAVE_STRINGS_H 1
| #define HAVE_TIME_H 1
| #define HAVE_UNISTD_H 1
| #define HAVE_UTIME_H 1
| #define HAVE_SYS_MMAN_H 1
| #define HAVE_SYS_RESOURCE_H 1
| #define HAVE_SYS_STAT_H 1
| #define HAVE_SYS_TIME_H 1
| #define HAVE_SYS_TYPES_H 1
| #define HAVE_SYS_WAIT_H 1
| #define RETSIGTYPE void
| #define SIZEOF_SHORT 2
| #define SIZEOF_INT 4
| #define SIZEOF_LONG 4
| #define SIZEOF_LONG_LONG 8
| #define SIZEOF___INT16 0
| #define SIZEOF___INT32 0
| #define SIZEOF___INT64 0
| #define SIZEOF_VOID_P 4
| /* end confdefs.h.  */
| #include <stdio.h>
| #if HAVE_SYS_TYPES_H
| # include <sys/types.h>
| #endif
| #if HAVE_SYS_STAT_H
| # include <sys/stat.h>
| #endif
| #if STDC_HEADERS
| # include <stdlib.h>
| # include <stddef.h>
| #else
| # if HAVE_STDLIB_H
| #  include <stdlib.h>
| # endif
| #endif
| #if HAVE_STRING_H
| # if !STDC_HEADERS && HAVE_MEMORY_H
| #  include <memory.h>
| # endif
| # include <string.h>
| #endif
| #if HAVE_STRINGS_H
| # include <strings.h>
| #endif
| #if HAVE_INTTYPES_H
| # include <inttypes.h>
| #else
| # if HAVE_STDINT_H
| #  include <stdint.h>
| # endif
| #endif
| #if HAVE_UNISTD_H
| # include <unistd.h>
| #endif
| int
| main ()
| {
| static int test_array [1 - 2 * !(((long) (sizeof (size_t))) <= 0)];
| test_array [0] = 0
| 
|   ;
|   return 0;
| }
configure:23618: /opt/lede-toolchain-ramips-mt7621_gcc-5.4.0_musl-1.1.24.Linux-x86_64/toolchain-mipsel_24kc_gcc-5.4.0_musl-1.1.24/bin/mipsel-openwrt-linux-musl-gcc -c -Os -Wall -DLINUX26 -DCONFIG_RALINK -DMUSL_LIBC -DDEBUG_NOISY -DDEBUG_RCTEST -D_GNU_SOURCE -D__UAPI_DEF_ETHHDR -DRALINK_DBDC_MODE -pipe -funit-at-a-time -Wno-pointer-sign -mtune=mips32 -mips32 -DLINUX_KERNEL_VERSION=263366 --sysroot=/opt/lede-toolchain-ramips-mt7621_gcc-5.4.0_musl-1.1.24.Linux-x86_64/toolchain-mipsel_24kc_gcc-5.4.0_musl-1.1.24   conftest.c >&5
conftest.c: In function 'main':
conftest.c:100:12: error: size of array 'test_array' is negative
 static int test_array [1 - 2 * !(((long) (sizeof (size_t))) <= 1)];
            ^
conftest.c:100:12: warning: variable 'test_array' set but not used [-Wunused-but-set-variable]
configure:23624: $? = 1
configure: failed program was:
| /* confdefs.h.  */
| 
| #define PACKAGE_NAME "lzo"
| #define PACKAGE_TARNAME "lzo"
| #define PACKAGE_VERSION "2.03"
| #define PACKAGE_STRING "lzo 2.03"
| #define PACKAGE_BUGREPORT "markus@oberhumer.com"
| #define LZO_ABI_LITTLE_ENDIAN 1
| #define PACKAGE "lzo"
| #define VERSION "2.03"
| #define STDC_HEADERS 1
| #define HAVE_SYS_TYPES_H 1
| #define HAVE_SYS_STAT_H 1
| #define HAVE_STDLIB_H 1
| #define HAVE_STRING_H 1
| #define HAVE_MEMORY_H 1
| #define HAVE_STRINGS_H 1
| #define HAVE_INTTYPES_H 1
| #define HAVE_STDINT_H 1
| #define HAVE_UNISTD_H 1
| #define HAVE_DLFCN_H 1
| #ifdef __cplusplus
| extern "C" void exit (int);
| #endif
| #define TIME_WITH_SYS_TIME 1
| #define HAVE_ASSERT_H 1
| #define HAVE_CTYPE_H 1
| #define HAVE_DIRENT_H 1
| #define HAVE_ERRNO_H 1
| #define HAVE_FCNTL_H 1
| #define HAVE_FLOAT_H 1
| #define HAVE_LIMITS_H 1
| #define HAVE_MALLOC_H 1
| #define HAVE_MEMORY_H 1
| #define HAVE_SETJMP_H 1
| #define HAVE_SIGNAL_H 1
| #define HAVE_STDARG_H 1
| #define HAVE_STDDEF_H 1
| #define HAVE_STDINT_H 1
| #define HAVE_STDIO_H 1
| #define HAVE_STDLIB_H 1
| #define HAVE_STRING_H 1
| #define HAVE_STRINGS_H 1
| #define HAVE_TIME_H 1
| #define HAVE_UNISTD_H 1
| #define HAVE_UTIME_H 1
| #define HAVE_SYS_MMAN_H 1
| #define HAVE_SYS_RESOURCE_H 1
| #define HAVE_SYS_STAT_H 1
| #define HAVE_SYS_TIME_H 1
| #define HAVE_SYS_TYPES_H 1
| #define HAVE_SYS_WAIT_H 1
| #define RETSIGTYPE void
| #define SIZEOF_SHORT 2
| #define SIZEOF_INT 4
| #define SIZEOF_LONG 4
| #define SIZEOF_LONG_LONG 8
| #define SIZEOF___INT16 0
| #define SIZEOF___INT32 0
| #define SIZEOF___INT64 0
| #define SIZEOF_VOID_P 4
| /* end confdefs.h.  */
| #include <stdio.h>
| #if HAVE_SYS_TYPES_H
| # include <sys/types.h>
| #endif
| #if HAVE_SYS_STAT_H
| # include <sys/stat.h>
| #endif
| #if STDC_HEADERS
| # include <stdlib.h>
| # include <stddef.h>
| #else
| # if HAVE_STDLIB_H
| #  include <stdlib.h>
| # endif
| #endif
| #if HAVE_STRING_H
| # if !STDC_HEADERS && HAVE_MEMORY_H
| #  include <memory.h>
| # endif
| # include <string.h>
| #endif
| #if HAVE_STRINGS_H
| # include <strings.h>
| #endif
| #if HAVE_INTTYPES_H
| # include <inttypes.h>
| #else
| # if HAVE_STDINT_H
| #  include <stdint.h>
| # endif
| #endif
| #if HAVE_UNISTD_H
| # include <unistd.h>
| #endif
| int
| main ()
| {
| static int test_array [1 - 2 * !(((long) (sizeof (size_t))) <= 1)];
| test_array [0] = 0
| 
|   ;
|   return 0;
| }
configure:23618: /opt/lede-toolchain-ramips-mt7621_gcc-5.4.0_musl-1.1.24.Linux-x86_64/toolchain-mipsel_24kc_gcc-5.4.0_musl-1.1.24/bin/mipsel-openwrt-linux-musl-gcc -c -Os -Wall -DLINUX26 -DCONFIG_RALINK -DMUSL_LIBC -DDEBUG_NOISY -DDEBUG_RCTEST -D_GNU_SOURCE -D__UAPI_DEF_ETHHDR -DRALINK_DBDC_MODE -pipe -funit-at-a-time -Wno-pointer-sign -mtune=mips32 -mips32 -DLINUX_KERNEL_VERSION=263366 --sysroot=/opt/lede-toolchain-ramips-mt7621_gcc-5.4.0_musl-1.1.24.Linux-x86_64/toolchain-mipsel_24kc_gcc-5.4.0_musl-1.1.24   conftest.c >&5
conftest.c: In function 'main':
conftest.c:100:12: error: size of array 'test_array' is negative
 static int test_array [1 - 2 * !(((long) (sizeof (size_t))) <= 3)];
            ^
conftest.c:100:12: warning: variable 'test_array' set but not used [-Wunused-but-set-variable]
configure:23624: $? = 1
configure: failed program was:
| /* confdefs.h.  */
| 
| #define PACKAGE_NAME "lzo"
| #define PACKAGE_TARNAME "lzo"
| #define PACKAGE_VERSION "2.03"
| #define PACKAGE_STRING "lzo 2.03"
| #define PACKAGE_BUGREPORT "markus@oberhumer.com"
| #define LZO_ABI_LITTLE_ENDIAN 1
| #define PACKAGE "lzo"
| #define VERSION "2.03"
| #define STDC_HEADERS 1
| #define HAVE_SYS_TYPES_H 1
| #define HAVE_SYS_STAT_H 1
| #define HAVE_STDLIB_H 1
| #define HAVE_STRING_H 1
| #define HAVE_MEMORY_H 1
| #define HAVE_STRINGS_H 1
| #define HAVE_INTTYPES_H 1
| #define HAVE_STDINT_H 1
| #define HAVE_UNISTD_H 1
| #define HAVE_DLFCN_H 1
| #ifdef __cplusplus
| extern "C" void exit (int);
| #endif
| #define TIME_WITH_SYS_TIME 1
| #define HAVE_ASSERT_H 1
| #define HAVE_CTYPE_H 1
| #define HAVE_DIRENT_H 1
| #define HAVE_ERRNO_H 1
| #define HAVE_FCNTL_H 1
| #define HAVE_FLOAT_H 1
| #define HAVE_LIMITS_H 1
| #define HAVE_MALLOC_H 1
| #define HAVE_MEMORY_H 1
| #define HAVE_SETJMP_H 1
| #define HAVE_SIGNAL_H 1
| #define HAVE_STDARG_H 1
| #define HAVE_STDDEF_H 1
| #define HAVE_STDINT_H 1
| #define HAVE_STDIO_H 1
| #define HAVE_STDLIB_H 1
| #define HAVE_STRING_H 1
| #define HAVE_STRINGS_H 1
| #define HAVE_TIME_H 1
| #define HAVE_UNISTD_H 1
| #define HAVE_UTIME_H 1
| #define HAVE_SYS_MMAN_H 1
| #define HAVE_SYS_RESOURCE_H 1
| #define HAVE_SYS_STAT_H 1
| #define HAVE_SYS_TIME_H 1
| #define HAVE_SYS_TYPES_H 1
| #define HAVE_SYS_WAIT_H 1
| #define RETSIGTYPE void
| #define SIZEOF_SHORT 2
| #define SIZEOF_INT 4
| #define SIZEOF_LONG 4
| #define SIZEOF_LONG_LONG 8
| #define SIZEOF___INT16 0
| #define SIZEOF___INT32 0
| #define SIZEOF___INT64 0
| #define SIZEOF_VOID_P 4
| /* end confdefs.h.  */
| #include <stdio.h>
| #if HAVE_SYS_TYPES_H
| # include <sys/types.h>
| #endif
| #if HAVE_SYS_STAT_H
| # include <sys/stat.h>
| #endif
| #if STDC_HEADERS
| # include <stdlib.h>
| # include <stddef.h>
| #else
| # if HAVE_STDLIB_H
| #  include <stdlib.h>
| # endif
| #endif
| #if HAVE_STRING_H
| # if !STDC_HEADERS && HAVE_MEMORY_H
| #  include <memory.h>
| # endif
| # include <string.h>
| #endif
| #if HAVE_STRINGS_H
| # include <strings.h>
| #endif
| #if HAVE_INTTYPES_H
| # include <inttypes.h>
| #else
| # if HAVE_STDINT_H
| #  include <stdint.h>
| # endif
| #endif
| #if HAVE_UNISTD_H
| # include <unistd.h>
| #endif
| int
| main ()
| {
| static int test_array [1 - 2 * !(((long) (sizeof (size_t))) <= 3)];
| test_array [0] = 0
| 
|   ;
|   return 0;
| }
configure:23618: /opt/lede-toolchain-ramips-mt7621_gcc-5.4.0_musl-1.1.24.Linux-x86_64/toolchain-mipsel_24kc_gcc-5.4.0_musl-1.1.24/bin/mipsel-openwrt-linux-musl-gcc -c -Os -Wall -DLINUX26 -DCONFIG_RALINK -DMUSL_LIBC -DDEBUG_NOISY -DDEBUG_RCTEST -D_GNU_SOURCE -D__UAPI_DEF_ETHHDR -DRALINK_DBDC_MODE -pipe -funit-at-a-time -Wno-pointer-sign -mtune=mips32 -mips32 -DLINUX_KERNEL_VERSION=263366 --sysroot=/opt/lede-toolchain-ramips-mt7621_gcc-5.4.0_musl-1.1.24.Linux-x86_64/toolchain-mipsel_24kc_gcc-5.4.0_musl-1.1.24   conftest.c >&5
conftest.c: In function 'main':
conftest.c:100:12: warning: variable 'test_array' set but not used [-Wunused-but-set-variable]
 static int test_array [1 - 2 * !(((long) (sizeof (size_t))) <= 7)];
            ^
configure:23624: $? = 0
configure:23627: test -z 			 || test ! -s conftest.err
configure:23630: $? = 0
configure:23633: test -s conftest.o
configure:23636: $? = 0
configure:23778: /opt/lede-toolchain-ramips-mt7621_gcc-5.4.0_musl-1.1.24.Linux-x86_64/toolchain-mipsel_24kc_gcc-5.4.0_musl-1.1.24/bin/mipsel-openwrt-linux-musl-gcc -c -Os -Wall -DLINUX26 -DCONFIG_RALINK -DMUSL_LIBC -DDEBUG_NOISY -DDEBUG_RCTEST -D_GNU_SOURCE -D__UAPI_DEF_ETHHDR -DRALINK_DBDC_MODE -pipe -funit-at-a-time -Wno-pointer-sign -mtune=mips32 -mips32 -DLINUX_KERNEL_VERSION=263366 --sysroot=/opt/lede-toolchain-ramips-mt7621_gcc-5.4.0_musl-1.1.24.Linux-x86_64/toolchain-mipsel_24kc_gcc-5.4.0_musl-1.1.24   conftest.c >&5
conftest.c: In function 'main':
conftest.c:100:12: warning: variable 'test_array' set but not used [-Wunused-but-set-variable]
 static int test_array [1 - 2 * !(((long) (sizeof (size_t))) <= 5)];
            ^
configure:23784: $? = 0
configure:23787: test -z 			 || test ! -s conftest.err
configure:23790: $? = 0
configure:23793: test -s conftest.o
configure:23796: $? = 0
configure:23778: /opt/lede-toolchain-ramips-mt7621_gcc-5.4.0_musl-1.1.24.Linux-x86_64/toolchain-mipsel_24kc_gcc-5.4.0_musl-1.1.24/bin/mipsel-openwrt-linux-musl-gcc -c -Os -Wall -DLINUX26 -DCONFIG_RALINK -DMUSL_LIBC -DDEBUG_NOISY -DDEBUG_RCTEST -D_GNU_SOURCE -D__UAPI_DEF_ETHHDR -DRALINK_DBDC_MODE -pipe -funit-at-a-time -Wno-pointer-sign -mtune=mips32 -mips32 -DLINUX_KERNEL_VERSION=263366 --sysroot=/opt/lede-toolchain-ramips-mt7621_gcc-5.4.0_musl-1.1.24.Linux-x86_64/toolchain-mipsel_24kc_gcc-5.4.0_musl-1.1.24   conftest.c >&5
conftest.c: In function 'main':
conftest.c:100:12: warning: variable 'test_array' set but not used [-Wunused-but-set-variable]
 static int test_array [1 - 2 * !(((long) (sizeof (size_t))) <= 4)];
            ^
configure:23784: $? = 0
configure:23787: test -z 			 || test ! -s conftest.err
configure:23790: $? = 0
configure:23793: test -s conftest.o
configure:23796: $? = 0
configure:23891: result: 4
configure:23898: checking for ptrdiff_t
configure:23951: result: yes
configure:23954: checking size of ptrdiff_t
configure:23984: /opt/lede-toolchain-ramips-mt7621_gcc-5.4.0_musl-1.1.24.Linux-x86_64/toolchain-mipsel_24kc_gcc-5.4.0_musl-1.1.24/bin/mipsel-openwrt-linux-musl-gcc -c -Os -Wall -DLINUX26 -DCONFIG_RALINK -DMUSL_LIBC -DDEBUG_NOISY -DDEBUG_RCTEST -D_GNU_SOURCE -D__UAPI_DEF_ETHHDR -DRALINK_DBDC_MODE -pipe -funit-at-a-time -Wno-pointer-sign -mtune=mips32 -mips32 -DLINUX_KERNEL_VERSION=263366 --sysroot=/opt/lede-toolchain-ramips-mt7621_gcc-5.4.0_musl-1.1.24.Linux-x86_64/toolchain-mipsel_24kc_gcc-5.4.0_musl-1.1.24   conftest.c >&5
conftest.c: In function 'main':
conftest.c:101:12: warning: variable 'test_array' set but not used [-Wunused-but-set-variable]
 static int test_array [1 - 2 * !(((long) (sizeof (ptrdiff_t))) >= 0)];
            ^
configure:23990: $? = 0
configure:23993: test -z 			 || test ! -s conftest.err
configure:23996: $? = 0
configure:23999: test -s conftest.o
configure:24002: $? = 0
configure:24024: /opt/lede-toolchain-ramips-mt7621_gcc-5.4.0_musl-1.1.24.Linux-x86_64/toolchain-mipsel_24kc_gcc-5.4.0_musl-1.1.24/bin/mipsel-openwrt-linux-musl-gcc -c -Os -Wall -DLINUX26 -DCONFIG_RALINK -DMUSL_LIBC -DDEBUG_NOISY -DDEBUG_RCTEST -D_GNU_SOURCE -D__UAPI_DEF_ETHHDR -DRALINK_DBDC_MODE -pipe -funit-at-a-time -Wno-pointer-sign -mtune=mips32 -mips32 -DLINUX_KERNEL_VERSION=263366 --sysroot=/opt/lede-toolchain-ramips-mt7621_gcc-5.4.0_musl-1.1.24.Linux-x86_64/toolchain-mipsel_24kc_gcc-5.4.0_musl-1.1.24   conftest.c >&5
conftest.c: In function 'main':
conftest.c:101:12: error: size of array 'test_array' is negative
 static int test_array [1 - 2 * !(((long) (sizeof (ptrdiff_t))) <= 0)];
            ^
conftest.c:101:12: warning: variable 'test_array' set but not used [-Wunused-but-set-variable]
configure:24030: $? = 1
configure: failed program was:
| /* confdefs.h.  */
| 
| #define PACKAGE_NAME "lzo"
| #define PACKAGE_TARNAME "lzo"
| #define PACKAGE_VERSION "2.03"
| #define PACKAGE_STRING "lzo 2.03"
| #define PACKAGE_BUGREPORT "markus@oberhumer.com"
| #define LZO_ABI_LITTLE_ENDIAN 1
| #define PACKAGE "lzo"
| #define VERSION "2.03"
| #define STDC_HEADERS 1
| #define HAVE_SYS_TYPES_H 1
| #define HAVE_SYS_STAT_H 1
| #define HAVE_STDLIB_H 1
| #define HAVE_STRING_H 1
| #define HAVE_MEMORY_H 1
| #define HAVE_STRINGS_H 1
| #define HAVE_INTTYPES_H 1
| #define HAVE_STDINT_H 1
| #define HAVE_UNISTD_H 1
| #define HAVE_DLFCN_H 1
| #ifdef __cplusplus
| extern "C" void exit (int);
| #endif
| #define TIME_WITH_SYS_TIME 1
| #define HAVE_ASSERT_H 1
| #define HAVE_CTYPE_H 1
| #define HAVE_DIRENT_H 1
| #define HAVE_ERRNO_H 1
| #define HAVE_FCNTL_H 1
| #define HAVE_FLOAT_H 1
| #define HAVE_LIMITS_H 1
| #define HAVE_MALLOC_H 1
| #define HAVE_MEMORY_H 1
| #define HAVE_SETJMP_H 1
| #define HAVE_SIGNAL_H 1
| #define HAVE_STDARG_H 1
| #define HAVE_STDDEF_H 1
| #define HAVE_STDINT_H 1
| #define HAVE_STDIO_H 1
| #define HAVE_STDLIB_H 1
| #define HAVE_STRING_H 1
| #define HAVE_STRINGS_H 1
| #define HAVE_TIME_H 1
| #define HAVE_UNISTD_H 1
| #define HAVE_UTIME_H 1
| #define HAVE_SYS_MMAN_H 1
| #define HAVE_SYS_RESOURCE_H 1
| #define HAVE_SYS_STAT_H 1
| #define HAVE_SYS_TIME_H 1
| #define HAVE_SYS_TYPES_H 1
| #define HAVE_SYS_WAIT_H 1
| #define RETSIGTYPE void
| #define SIZEOF_SHORT 2
| #define SIZEOF_INT 4
| #define SIZEOF_LONG 4
| #define SIZEOF_LONG_LONG 8
| #define SIZEOF___INT16 0
| #define SIZEOF___INT32 0
| #define SIZEOF___INT64 0
| #define SIZEOF_VOID_P 4
| #define SIZEOF_SIZE_T 4
| /* end confdefs.h.  */
| #include <stdio.h>
| #if HAVE_SYS_TYPES_H
| # include <sys/types.h>
| #endif
| #if HAVE_SYS_STAT_H
| # include <sys/stat.h>
| #endif
| #if STDC_HEADERS
| # include <stdlib.h>
| # include <stddef.h>
| #else
| # if HAVE_STDLIB_H
| #  include <stdlib.h>
| # endif
| #endif
| #if HAVE_STRING_H
| # if !STDC_HEADERS && HAVE_MEMORY_H
| #  include <memory.h>
| # endif
| # include <string.h>
| #endif
| #if HAVE_STRINGS_H
| # include <strings.h>
| #endif
| #if HAVE_INTTYPES_H
| # include <inttypes.h>
| #else
| # if HAVE_STDINT_H
| #  include <stdint.h>
| # endif
| #endif
| #if HAVE_UNISTD_H
| # include <unistd.h>
| #endif
| int
| main ()
| {
| static int test_array [1 - 2 * !(((long) (sizeof (ptrdiff_t))) <= 0)];
| test_array [0] = 0
| 
|   ;
|   return 0;
| }
configure:24024: /opt/lede-toolchain-ramips-mt7621_gcc-5.4.0_musl-1.1.24.Linux-x86_64/toolchain-mipsel_24kc_gcc-5.4.0_musl-1.1.24/bin/mipsel-openwrt-linux-musl-gcc -c -Os -Wall -DLINUX26 -DCONFIG_RALINK -DMUSL_LIBC -DDEBUG_NOISY -DDEBUG_RCTEST -D_GNU_SOURCE -D__UAPI_DEF_ETHHDR -DRALINK_DBDC_MODE -pipe -funit-at-a-time -Wno-pointer-sign -mtune=mips32 -mips32 -DLINUX_KERNEL_VERSION=263366 --sysroot=/opt/lede-toolchain-ramips-mt7621_gcc-5.4.0_musl-1.1.24.Linux-x86_64/toolchain-mipsel_24kc_gcc-5.4.0_musl-1.1.24   conftest.c >&5
conftest.c: In function 'main':
conftest.c:101:12: error: size of array 'test_array' is negative
 static int test_array [1 - 2 * !(((long) (sizeof (ptrdiff_t))) <= 1)];
            ^
conftest.c:101:12: warning: variable 'test_array' set but not used [-Wunused-but-set-variable]
configure:24030: $? = 1
configure: failed program was:
| /* confdefs.h.  */
| 
| #define PACKAGE_NAME "lzo"
| #define PACKAGE_TARNAME "lzo"
| #define PACKAGE_VERSION "2.03"
| #define PACKAGE_STRING "lzo 2.03"
| #define PACKAGE_BUGREPORT "markus@oberhumer.com"
| #define LZO_ABI_LITTLE_ENDIAN 1
| #define PACKAGE "lzo"
| #define VERSION "2.03"
| #define STDC_HEADERS 1
| #define HAVE_SYS_TYPES_H 1
| #define HAVE_SYS_STAT_H 1
| #define HAVE_STDLIB_H 1
| #define HAVE_STRING_H 1
| #define HAVE_MEMORY_H 1
| #define HAVE_STRINGS_H 1
| #define HAVE_INTTYPES_H 1
| #define HAVE_STDINT_H 1
| #define HAVE_UNISTD_H 1
| #define HAVE_DLFCN_H 1
| #ifdef __cplusplus
| extern "C" void exit (int);
| #endif
| #define TIME_WITH_SYS_TIME 1
| #define HAVE_ASSERT_H 1
| #define HAVE_CTYPE_H 1
| #define HAVE_DIRENT_H 1
| #define HAVE_ERRNO_H 1
| #define HAVE_FCNTL_H 1
| #define HAVE_FLOAT_H 1
| #define HAVE_LIMITS_H 1
| #define HAVE_MALLOC_H 1
| #define HAVE_MEMORY_H 1
| #define HAVE_SETJMP_H 1
| #define HAVE_SIGNAL_H 1
| #define HAVE_STDARG_H 1
| #define HAVE_STDDEF_H 1
| #define HAVE_STDINT_H 1
| #define HAVE_STDIO_H 1
| #define HAVE_STDLIB_H 1
| #define HAVE_STRING_H 1
| #define HAVE_STRINGS_H 1
| #define HAVE_TIME_H 1
| #define HAVE_UNISTD_H 1
| #define HAVE_UTIME_H 1
| #define HAVE_SYS_MMAN_H 1
| #define HAVE_SYS_RESOURCE_H 1
| #define HAVE_SYS_STAT_H 1
| #define HAVE_SYS_TIME_H 1
| #define HAVE_SYS_TYPES_H 1
| #define HAVE_SYS_WAIT_H 1
| #define RETSIGTYPE void
| #define SIZEOF_SHORT 2
| #define SIZEOF_INT 4
| #define SIZEOF_LONG 4
| #define SIZEOF_LONG_LONG 8
| #define SIZEOF___INT16 0
| #define SIZEOF___INT32 0
| #define SIZEOF___INT64 0
| #define SIZEOF_VOID_P 4
| #define SIZEOF_SIZE_T 4
| /* end confdefs.h.  */
| #include <stdio.h>
| #if HAVE_SYS_TYPES_H
| # include <sys/types.h>
| #endif
| #if HAVE_SYS_STAT_H
| # include <sys/stat.h>
| #endif
| #if STDC_HEADERS
| # include <stdlib.h>
| # include <stddef.h>
| #else
| # if HAVE_STDLIB_H
| #  include <stdlib.h>
| # endif
| #endif
| #if HAVE_STRING_H
| # if !STDC_HEADERS && HAVE_MEMORY_H
| #  include <memory.h>
| # endif
| # include <string.h>
| #endif
| #if HAVE_STRINGS_H
| # include <strings.h>
| #endif
| #if HAVE_INTTYPES_H
| # include <inttypes.h>
| #else
| # if HAVE_STDINT_H
| #  include <stdint.h>
| # endif
| #endif
| #if HAVE_UNISTD_H
| # include <unistd.h>
| #endif
| int
| main ()
| {
| static int test_array [1 - 2 * !(((long) (sizeof (ptrdiff_t))) <= 1)];
| test_array [0] = 0
| 
|   ;
|   return 0;
| }
configure:24024: /opt/lede-toolchain-ramips-mt7621_gcc-5.4.0_musl-1.1.24.Linux-x86_64/toolchain-mipsel_24kc_gcc-5.4.0_musl-1.1.24/bin/mipsel-openwrt-linux-musl-gcc -c -Os -Wall -DLINUX26 -DCONFIG_RALINK -DMUSL_LIBC -DDEBUG_NOISY -DDEBUG_RCTEST -D_GNU_SOURCE -D__UAPI_DEF_ETHHDR -DRALINK_DBDC_MODE -pipe -funit-at-a-time -Wno-pointer-sign -mtune=mips32 -mips32 -DLINUX_KERNEL_VERSION=263366 --sysroot=/opt/lede-toolchain-ramips-mt7621_gcc-5.4.0_musl-1.1.24.Linux-x86_64/toolchain-mipsel_24kc_gcc-5.4.0_musl-1.1.24   conftest.c >&5
conftest.c: In function 'main':
conftest.c:101:12: error: size of array 'test_array' is negative
 static int test_array [1 - 2 * !(((long) (sizeof (ptrdiff_t))) <= 3)];
            ^
conftest.c:101:12: warning: variable 'test_array' set but not used [-Wunused-but-set-variable]
configure:24030: $? = 1
configure: failed program was:
| /* confdefs.h.  */
| 
| #define PACKAGE_NAME "lzo"
| #define PACKAGE_TARNAME "lzo"
| #define PACKAGE_VERSION "2.03"
| #define PACKAGE_STRING "lzo 2.03"
| #define PACKAGE_BUGREPORT "markus@oberhumer.com"
| #define LZO_ABI_LITTLE_ENDIAN 1
| #define PACKAGE "lzo"
| #define VERSION "2.03"
| #define STDC_HEADERS 1
| #define HAVE_SYS_TYPES_H 1
| #define HAVE_SYS_STAT_H 1
| #define HAVE_STDLIB_H 1
| #define HAVE_STRING_H 1
| #define HAVE_MEMORY_H 1
| #define HAVE_STRINGS_H 1
| #define HAVE_INTTYPES_H 1
| #define HAVE_STDINT_H 1
| #define HAVE_UNISTD_H 1
| #define HAVE_DLFCN_H 1
| #ifdef __cplusplus
| extern "C" void exit (int);
| #endif
| #define TIME_WITH_SYS_TIME 1
| #define HAVE_ASSERT_H 1
| #define HAVE_CTYPE_H 1
| #define HAVE_DIRENT_H 1
| #define HAVE_ERRNO_H 1
| #define HAVE_FCNTL_H 1
| #define HAVE_FLOAT_H 1
| #define HAVE_LIMITS_H 1
| #define HAVE_MALLOC_H 1
| #define HAVE_MEMORY_H 1
| #define HAVE_SETJMP_H 1
| #define HAVE_SIGNAL_H 1
| #define HAVE_STDARG_H 1
| #define HAVE_STDDEF_H 1
| #define HAVE_STDINT_H 1
| #define HAVE_STDIO_H 1
| #define HAVE_STDLIB_H 1
| #define HAVE_STRING_H 1
| #define HAVE_STRINGS_H 1
| #define HAVE_TIME_H 1
| #define HAVE_UNISTD_H 1
| #define HAVE_UTIME_H 1
| #define HAVE_SYS_MMAN_H 1
| #define HAVE_SYS_RESOURCE_H 1
| #define HAVE_SYS_STAT_H 1
| #define HAVE_SYS_TIME_H 1
| #define HAVE_SYS_TYPES_H 1
| #define HAVE_SYS_WAIT_H 1
| #define RETSIGTYPE void
| #define SIZEOF_SHORT 2
| #define SIZEOF_INT 4
| #define SIZEOF_LONG 4
| #define SIZEOF_LONG_LONG 8
| #define SIZEOF___INT16 0
| #define SIZEOF___INT32 0
| #define SIZEOF___INT64 0
| #define SIZEOF_VOID_P 4
| #define SIZEOF_SIZE_T 4
| /* end confdefs.h.  */
| #include <stdio.h>
| #if HAVE_SYS_TYPES_H
| # include <sys/types.h>
| #endif
| #if HAVE_SYS_STAT_H
| # include <sys/stat.h>
| #endif
| #if STDC_HEADERS
| # include <stdlib.h>
| # include <stddef.h>
| #else
| # if HAVE_STDLIB_H
| #  include <stdlib.h>
| # endif
| #endif
| #if HAVE_STRING_H
| # if !STDC_HEADERS && HAVE_MEMORY_H
| #  include <memory.h>
| # endif
| # include <string.h>
| #endif
| #if HAVE_STRINGS_H
| # include <strings.h>
| #endif
| #if HAVE_INTTYPES_H
| # include <inttypes.h>
| #else
| # if HAVE_STDINT_H
| #  include <stdint.h>
| # endif
| #endif
| #if HAVE_UNISTD_H
| # include <unistd.h>
| #endif
| int
| main ()
| {
| static int test_array [1 - 2 * !(((long) (sizeof (ptrdiff_t))) <= 3)];
| test_array [0] = 0
| 
|   ;
|   return 0;
| }
configure:24024: /opt/lede-toolchain-ramips-mt7621_gcc-5.4.0_musl-1.1.24.Linux-x86_64/toolchain-mipsel_24kc_gcc-5.4.0_musl-1.1.24/bin/mipsel-openwrt-linux-musl-gcc -c -Os -Wall -DLINUX26 -DCONFIG_RALINK -DMUSL_LIBC -DDEBUG_NOISY -DDEBUG_RCTEST -D_GNU_SOURCE -D__UAPI_DEF_ETHHDR -DRALINK_DBDC_MODE -pipe -funit-at-a-time -Wno-pointer-sign -mtune=mips32 -mips32 -DLINUX_KERNEL_VERSION=263366 --sysroot=/opt/lede-toolchain-ramips-mt7621_gcc-5.4.0_musl-1.1.24.Linux-x86_64/toolchain-mipsel_24kc_gcc-5.4.0_musl-1.1.24   conftest.c >&5
conftest.c: In function 'main':
conftest.c:101:12: warning: variable 'test_array' set but not used [-Wunused-but-set-variable]
 static int test_array [1 - 2 * !(((long) (sizeof (ptrdiff_t))) <= 7)];
            ^
configure:24030: $? = 0
configure:24033: test -z 			 || test ! -s conftest.err
configure:24036: $? = 0
configure:24039: test -s conftest.o
configure:24042: $? = 0
configure:24184: /opt/lede-toolchain-ramips-mt7621_gcc-5.4.0_musl-1.1.24.Linux-x86_64/toolchain-mipsel_24kc_gcc-5.4.0_musl-1.1.24/bin/mipsel-openwrt-linux-musl-gcc -c -Os -Wall -DLINUX26 -DCONFIG_RALINK -DMUSL_LIBC -DDEBUG_NOISY -DDEBUG_RCTEST -D_GNU_SOURCE -D__UAPI_DEF_ETHHDR -DRALINK_DBDC_MODE -pipe -funit-at-a-time -Wno-pointer-sign -mtune=mips32 -mips32 -DLINUX_KERNEL_VERSION=263366 --sysroot=/opt/lede-toolchain-ramips-mt7621_gcc-5.4.0_musl-1.1.24.Linux-x86_64/toolchain-mipsel_24kc_gcc-5.4.0_musl-1.1.24   conftest.c >&5
conftest.c: In function 'main':
conftest.c:101:12: warning: variable 'test_array' set but not used [-Wunused-but-set-variable]
 static int test_array [1 - 2 * !(((long) (sizeof (ptrdiff_t))) <= 5)];
            ^
configure:24190: $? = 0
configure:24193: test -z 			 || test ! -s conftest.err
configure:24196: $? = 0
configure:24199: test -s conftest.o
configure:24202: $? = 0
configure:24184: /opt/lede-toolchain-ramips-mt7621_gcc-5.4.0_musl-1.1.24.Linux-x86_64/toolchain-mipsel_24kc_gcc-5.4.0_musl-1.1.24/bin/mipsel-openwrt-linux-musl-gcc -c -Os -Wall -DLINUX26 -DCONFIG_RALINK -DMUSL_LIBC -DDEBUG_NOISY -DDEBUG_RCTEST -D_GNU_SOURCE -D__UAPI_DEF_ETHHDR -DRALINK_DBDC_MODE -pipe -funit-at-a-time -Wno-pointer-sign -mtune=mips32 -mips32 -DLINUX_KERNEL_VERSION=263366 --sysroot=/opt/lede-toolchain-ramips-mt7621_gcc-5.4.0_musl-1.1.24.Linux-x86_64/toolchain-mipsel_24kc_gcc-5.4.0_musl-1.1.24   conftest.c >&5
conftest.c: In function 'main':
conftest.c:101:12: warning: variable 'test_array' set but not used [-Wunused-but-set-variable]
 static int test_array [1 - 2 * !(((long) (sizeof (ptrdiff_t))) <= 4)];
            ^
configure:24190: $? = 0
configure:24193: test -z 			 || test ! -s conftest.err
configure:24196: $? = 0
configure:24199: test -s conftest.o
configure:24202: $? = 0
configure:24297: result: 4
configure:24306: checking for __int32
configure:24359: result: no
configure:24362: checking size of __int32
configure:24705: result: 0
configure:24712: checking for intmax_t
configure:24736: /opt/lede-toolchain-ramips-mt7621_gcc-5.4.0_musl-1.1.24.Linux-x86_64/toolchain-mipsel_24kc_gcc-5.4.0_musl-1.1.24/bin/mipsel-openwrt-linux-musl-gcc -c -Os -Wall -DLINUX26 -DCONFIG_RALINK -DMUSL_LIBC -DDEBUG_NOISY -DDEBUG_RCTEST -D_GNU_SOURCE -D__UAPI_DEF_ETHHDR -DRALINK_DBDC_MODE -pipe -funit-at-a-time -Wno-pointer-sign -mtune=mips32 -mips32 -DLINUX_KERNEL_VERSION=263366 --sysroot=/opt/lede-toolchain-ramips-mt7621_gcc-5.4.0_musl-1.1.24.Linux-x86_64/toolchain-mipsel_24kc_gcc-5.4.0_musl-1.1.24   conftest.c >&5
configure:24742: $? = 0
configure:24745: test -z 			 || test ! -s conftest.err
configure:24748: $? = 0
configure:24751: test -s conftest.o
configure:24754: $? = 0
configure:24765: result: yes
configure:24768: checking size of intmax_t
configure:24798: /opt/lede-toolchain-ramips-mt7621_gcc-5.4.0_musl-1.1.24.Linux-x86_64/toolchain-mipsel_24kc_gcc-5.4.0_musl-1.1.24/bin/mipsel-openwrt-linux-musl-gcc -c -Os -Wall -DLINUX26 -DCONFIG_RALINK -DMUSL_LIBC -DDEBUG_NOISY -DDEBUG_RCTEST -D_GNU_SOURCE -D__UAPI_DEF_ETHHDR -DRALINK_DBDC_MODE -pipe -funit-at-a-time -Wno-pointer-sign -mtune=mips32 -mips32 -DLINUX_KERNEL_VERSION=263366 --sysroot=/opt/lede-toolchain-ramips-mt7621_gcc-5.4.0_musl-1.1.24.Linux-x86_64/toolchain-mipsel_24kc_gcc-5.4.0_musl-1.1.24   conftest.c >&5
conftest.c: In function 'main':
conftest.c:103:12: warning: variable 'test_array' set but not used [-Wunused-but-set-variable]
 static int test_array [1 - 2 * !(((long) (sizeof (intmax_t))) >= 0)];
            ^
configure:24804: $? = 0
configure:24807: test -z 			 || test ! -s conftest.err
configure:24810: $? = 0
configure:24813: test -s conftest.o
configure:24816: $? = 0
configure:24838: /opt/lede-toolchain-ramips-mt7621_gcc-5.4.0_musl-1.1.24.Linux-x86_64/toolchain-mipsel_24kc_gcc-5.4.0_musl-1.1.24/bin/mipsel-openwrt-linux-musl-gcc -c -Os -Wall -DLINUX26 -DCONFIG_RALINK -DMUSL_LIBC -DDEBUG_NOISY -DDEBUG_RCTEST -D_GNU_SOURCE -D__UAPI_DEF_ETHHDR -DRALINK_DBDC_MODE -pipe -funit-at-a-time -Wno-pointer-sign -mtune=mips32 -mips32 -DLINUX_KERNEL_VERSION=263366 --sysroot=/opt/lede-toolchain-ramips-mt7621_gcc-5.4.0_musl-1.1.24.Linux-x86_64/toolchain-mipsel_24kc_gcc-5.4.0_musl-1.1.24   conftest.c >&5
conftest.c: In function 'main':
conftest.c:103:12: error: size of array 'test_array' is negative
 static int test_array [1 - 2 * !(((long) (sizeof (intmax_t))) <= 0)];
            ^
conftest.c:103:12: warning: variable 'test_array' set but not used [-Wunused-but-set-variable]
configure:24844: $? = 1
configure: failed program was:
| /* confdefs.h.  */
| 
| #define PACKAGE_NAME "lzo"
| #define PACKAGE_TARNAME "lzo"
| #define PACKAGE_VERSION "2.03"
| #define PACKAGE_STRING "lzo 2.03"
| #define PACKAGE_BUGREPORT "markus@oberhumer.com"
| #define LZO_ABI_LITTLE_ENDIAN 1
| #define PACKAGE "lzo"
| #define VERSION "2.03"
| #define STDC_HEADERS 1
| #define HAVE_SYS_TYPES_H 1
| #define HAVE_SYS_STAT_H 1
| #define HAVE_STDLIB_H 1
| #define HAVE_STRING_H 1
| #define HAVE_MEMORY_H 1
| #define HAVE_STRINGS_H 1
| #define HAVE_INTTYPES_H 1
| #define HAVE_STDINT_H 1
| #define HAVE_UNISTD_H 1
| #define HAVE_DLFCN_H 1
| #ifdef __cplusplus
| extern "C" void exit (int);
| #endif
| #define TIME_WITH_SYS_TIME 1
| #define HAVE_ASSERT_H 1
| #define HAVE_CTYPE_H 1
| #define HAVE_DIRENT_H 1
| #define HAVE_ERRNO_H 1
| #define HAVE_FCNTL_H 1
| #define HAVE_FLOAT_H 1
| #define HAVE_LIMITS_H 1
| #define HAVE_MALLOC_H 1
| #define HAVE_MEMORY_H 1
| #define HAVE_SETJMP_H 1
| #define HAVE_SIGNAL_H 1
| #define HAVE_STDARG_H 1
| #define HAVE_STDDEF_H 1
| #define HAVE_STDINT_H 1
| #define HAVE_STDIO_H 1
| #define HAVE_STDLIB_H 1
| #define HAVE_STRING_H 1
| #define HAVE_STRINGS_H 1
| #define HAVE_TIME_H 1
| #define HAVE_UNISTD_H 1
| #define HAVE_UTIME_H 1
| #define HAVE_SYS_MMAN_H 1
| #define HAVE_SYS_RESOURCE_H 1
| #define HAVE_SYS_STAT_H 1
| #define HAVE_SYS_TIME_H 1
| #define HAVE_SYS_TYPES_H 1
| #define HAVE_SYS_WAIT_H 1
| #define RETSIGTYPE void
| #define SIZEOF_SHORT 2
| #define SIZEOF_INT 4
| #define SIZEOF_LONG 4
| #define SIZEOF_LONG_LONG 8
| #define SIZEOF___INT16 0
| #define SIZEOF___INT32 0
| #define SIZEOF___INT64 0
| #define SIZEOF_VOID_P 4
| #define SIZEOF_SIZE_T 4
| #define SIZEOF_PTRDIFF_T 4
| #define SIZEOF___INT32 0
| /* end confdefs.h.  */
| #include <stdio.h>
| #if HAVE_SYS_TYPES_H
| # include <sys/types.h>
| #endif
| #if HAVE_SYS_STAT_H
| # include <sys/stat.h>
| #endif
| #if STDC_HEADERS
| # include <stdlib.h>
| # include <stddef.h>
| #else
| # if HAVE_STDLIB_H
| #  include <stdlib.h>
| # endif
| #endif
| #if HAVE_STRING_H
| # if !STDC_HEADERS && HAVE_MEMORY_H
| #  include <memory.h>
| # endif
| # include <string.h>
| #endif
| #if HAVE_STRINGS_H
| # include <strings.h>
| #endif
| #if HAVE_INTTYPES_H
| # include <inttypes.h>
| #else
| # if HAVE_STDINT_H
| #  include <stdint.h>
| # endif
| #endif
| #if HAVE_UNISTD_H
| # include <unistd.h>
| #endif
| int
| main ()
| {
| static int test_array [1 - 2 * !(((long) (sizeof (intmax_t))) <= 0)];
| test_array [0] = 0
| 
|   ;
|   return 0;
| }
configure:24838: /opt/lede-toolchain-ramips-mt7621_gcc-5.4.0_musl-1.1.24.Linux-x86_64/toolchain-mipsel_24kc_gcc-5.4.0_musl-1.1.24/bin/mipsel-openwrt-linux-musl-gcc -c -Os -Wall -DLINUX26 -DCONFIG_RALINK -DMUSL_LIBC -DDEBUG_NOISY -DDEBUG_RCTEST -D_GNU_SOURCE -D__UAPI_DEF_ETHHDR -DRALINK_DBDC_MODE -pipe -funit-at-a-time -Wno-pointer-sign -mtune=mips32 -mips32 -DLINUX_KERNEL_VERSION=263366 --sysroot=/opt/lede-toolchain-ramips-mt7621_gcc-5.4.0_musl-1.1.24.Linux-x86_64/toolchain-mipsel_24kc_gcc-5.4.0_musl-1.1.24   conftest.c >&5
conftest.c: In function 'main':
conftest.c:103:12: error: size of array 'test_array' is negative
 static int test_array [1 - 2 * !(((long) (sizeof (intmax_t))) <= 1)];
            ^
conftest.c:103:12: warning: variable 'test_array' set but not used [-Wunused-but-set-variable]
configure:24844: $? = 1
configure: failed program was:
| /* confdefs.h.  */
| 
| #define PACKAGE_NAME "lzo"
| #define PACKAGE_TARNAME "lzo"
| #define PACKAGE_VERSION "2.03"
| #define PACKAGE_STRING "lzo 2.03"
| #define PACKAGE_BUGREPORT "markus@oberhumer.com"
| #define LZO_ABI_LITTLE_ENDIAN 1
| #define PACKAGE "lzo"
| #define VERSION "2.03"
| #define STDC_HEADERS 1
| #define HAVE_SYS_TYPES_H 1
| #define HAVE_SYS_STAT_H 1
| #define HAVE_STDLIB_H 1
| #define HAVE_STRING_H 1
| #define HAVE_MEMORY_H 1
| #define HAVE_STRINGS_H 1
| #define HAVE_INTTYPES_H 1
| #define HAVE_STDINT_H 1
| #define HAVE_UNISTD_H 1
| #define HAVE_DLFCN_H 1
| #ifdef __cplusplus
| extern "C" void exit (int);
| #endif
| #define TIME_WITH_SYS_TIME 1
| #define HAVE_ASSERT_H 1
| #define HAVE_CTYPE_H 1
| #define HAVE_DIRENT_H 1
| #define HAVE_ERRNO_H 1
| #define HAVE_FCNTL_H 1
| #define HAVE_FLOAT_H 1
| #define HAVE_LIMITS_H 1
| #define HAVE_MALLOC_H 1
| #define HAVE_MEMORY_H 1
| #define HAVE_SETJMP_H 1
| #define HAVE_SIGNAL_H 1
| #define HAVE_STDARG_H 1
| #define HAVE_STDDEF_H 1
| #define HAVE_STDINT_H 1
| #define HAVE_STDIO_H 1
| #define HAVE_STDLIB_H 1
| #define HAVE_STRING_H 1
| #define HAVE_STRINGS_H 1
| #define HAVE_TIME_H 1
| #define HAVE_UNISTD_H 1
| #define HAVE_UTIME_H 1
| #define HAVE_SYS_MMAN_H 1
| #define HAVE_SYS_RESOURCE_H 1
| #define HAVE_SYS_STAT_H 1
| #define HAVE_SYS_TIME_H 1
| #define HAVE_SYS_TYPES_H 1
| #define HAVE_SYS_WAIT_H 1
| #define RETSIGTYPE void
| #define SIZEOF_SHORT 2
| #define SIZEOF_INT 4
| #define SIZEOF_LONG 4
| #define SIZEOF_LONG_LONG 8
| #define SIZEOF___INT16 0
| #define SIZEOF___INT32 0
| #define SIZEOF___INT64 0
| #define SIZEOF_VOID_P 4
| #define SIZEOF_SIZE_T 4
| #define SIZEOF_PTRDIFF_T 4
| #define SIZEOF___INT32 0
| /* end confdefs.h.  */
| #include <stdio.h>
| #if HAVE_SYS_TYPES_H
| # include <sys/types.h>
| #endif
| #if HAVE_SYS_STAT_H
| # include <sys/stat.h>
| #endif
| #if STDC_HEADERS
| # include <stdlib.h>
| # include <stddef.h>
| #else
| # if HAVE_STDLIB_H
| #  include <stdlib.h>
| # endif
| #endif
| #if HAVE_STRING_H
| # if !STDC_HEADERS && HAVE_MEMORY_H
| #  include <memory.h>
| # endif
| # include <string.h>
| #endif
| #if HAVE_STRINGS_H
| # include <strings.h>
| #endif
| #if HAVE_INTTYPES_H
| # include <inttypes.h>
| #else
| # if HAVE_STDINT_H
| #  include <stdint.h>
| # endif
| #endif
| #if HAVE_UNISTD_H
| # include <unistd.h>
| #endif
| int
| main ()
| {
| static int test_array [1 - 2 * !(((long) (sizeof (intmax_t))) <= 1)];
| test_array [0] = 0
| 
|   ;
|   return 0;
| }
configure:24838: /opt/lede-toolchain-ramips-mt7621_gcc-5.4.0_musl-1.1.24.Linux-x86_64/toolchain-mipsel_24kc_gcc-5.4.0_musl-1.1.24/bin/mipsel-openwrt-linux-musl-gcc -c -Os -Wall -DLINUX26 -DCONFIG_RALINK -DMUSL_LIBC -DDEBUG_NOISY -DDEBUG_RCTEST -D_GNU_SOURCE -D__UAPI_DEF_ETHHDR -DRALINK_DBDC_MODE -pipe -funit-at-a-time -Wno-pointer-sign -mtune=mips32 -mips32 -DLINUX_KERNEL_VERSION=263366 --sysroot=/opt/lede-toolchain-ramips-mt7621_gcc-5.4.0_musl-1.1.24.Linux-x86_64/toolchain-mipsel_24kc_gcc-5.4.0_musl-1.1.24   conftest.c >&5
conftest.c: In function 'main':
conftest.c:103:12: error: size of array 'test_array' is negative
 static int test_array [1 - 2 * !(((long) (sizeof (intmax_t))) <= 3)];
            ^
conftest.c:103:12: warning: variable 'test_array' set but not used [-Wunused-but-set-variable]
configure:24844: $? = 1
configure: failed program was:
| /* confdefs.h.  */
| 
| #define PACKAGE_NAME "lzo"
| #define PACKAGE_TARNAME "lzo"
| #define PACKAGE_VERSION "2.03"
| #define PACKAGE_STRING "lzo 2.03"
| #define PACKAGE_BUGREPORT "markus@oberhumer.com"
| #define LZO_ABI_LITTLE_ENDIAN 1
| #define PACKAGE "lzo"
| #define VERSION "2.03"
| #define STDC_HEADERS 1
| #define HAVE_SYS_TYPES_H 1
| #define HAVE_SYS_STAT_H 1
| #define HAVE_STDLIB_H 1
| #define HAVE_STRING_H 1
| #define HAVE_MEMORY_H 1
| #define HAVE_STRINGS_H 1
| #define HAVE_INTTYPES_H 1
| #define HAVE_STDINT_H 1
| #define HAVE_UNISTD_H 1
| #define HAVE_DLFCN_H 1
| #ifdef __cplusplus
| extern "C" void exit (int);
| #endif
| #define TIME_WITH_SYS_TIME 1
| #define HAVE_ASSERT_H 1
| #define HAVE_CTYPE_H 1
| #define HAVE_DIRENT_H 1
| #define HAVE_ERRNO_H 1
| #define HAVE_FCNTL_H 1
| #define HAVE_FLOAT_H 1
| #define HAVE_LIMITS_H 1
| #define HAVE_MALLOC_H 1
| #define HAVE_MEMORY_H 1
| #define HAVE_SETJMP_H 1
| #define HAVE_SIGNAL_H 1
| #define HAVE_STDARG_H 1
| #define HAVE_STDDEF_H 1
| #define HAVE_STDINT_H 1
| #define HAVE_STDIO_H 1
| #define HAVE_STDLIB_H 1
| #define HAVE_STRING_H 1
| #define HAVE_STRINGS_H 1
| #define HAVE_TIME_H 1
| #define HAVE_UNISTD_H 1
| #define HAVE_UTIME_H 1
| #define HAVE_SYS_MMAN_H 1
| #define HAVE_SYS_RESOURCE_H 1
| #define HAVE_SYS_STAT_H 1
| #define HAVE_SYS_TIME_H 1
| #define HAVE_SYS_TYPES_H 1
| #define HAVE_SYS_WAIT_H 1
| #define RETSIGTYPE void
| #define SIZEOF_SHORT 2
| #define SIZEOF_INT 4
| #define SIZEOF_LONG 4
| #define SIZEOF_LONG_LONG 8
| #define SIZEOF___INT16 0
| #define SIZEOF___INT32 0
| #define SIZEOF___INT64 0
| #define SIZEOF_VOID_P 4
| #define SIZEOF_SIZE_T 4
| #define SIZEOF_PTRDIFF_T 4
| #define SIZEOF___INT32 0
| /* end confdefs.h.  */
| #include <stdio.h>
| #if HAVE_SYS_TYPES_H
| # include <sys/types.h>
| #endif
| #if HAVE_SYS_STAT_H
| # include <sys/stat.h>
| #endif
| #if STDC_HEADERS
| # include <stdlib.h>
| # include <stddef.h>
| #else
| # if HAVE_STDLIB_H
| #  include <stdlib.h>
| # endif
| #endif
| #if HAVE_STRING_H
| # if !STDC_HEADERS && HAVE_MEMORY_H
| #  include <memory.h>
| # endif
| # include <string.h>
| #endif
| #if HAVE_STRINGS_H
| # include <strings.h>
| #endif
| #if HAVE_INTTYPES_H
| # include <inttypes.h>
| #else
| # if HAVE_STDINT_H
| #  include <stdint.h>
| # endif
| #endif
| #if HAVE_UNISTD_H
| # include <unistd.h>
| #endif
| int
| main ()
| {
| static int test_array [1 - 2 * !(((long) (sizeof (intmax_t))) <= 3)];
| test_array [0] = 0
| 
|   ;
|   return 0;
| }
configure:24838: /opt/lede-toolchain-ramips-mt7621_gcc-5.4.0_musl-1.1.24.Linux-x86_64/toolchain-mipsel_24kc_gcc-5.4.0_musl-1.1.24/bin/mipsel-openwrt-linux-musl-gcc -c -Os -Wall -DLINUX26 -DCONFIG_RALINK -DMUSL_LIBC -DDEBUG_NOISY -DDEBUG_RCTEST -D_GNU_SOURCE -D__UAPI_DEF_ETHHDR -DRALINK_DBDC_MODE -pipe -funit-at-a-time -Wno-pointer-sign -mtune=mips32 -mips32 -DLINUX_KERNEL_VERSION=263366 --sysroot=/opt/lede-toolchain-ramips-mt7621_gcc-5.4.0_musl-1.1.24.Linux-x86_64/toolchain-mipsel_24kc_gcc-5.4.0_musl-1.1.24   conftest.c >&5
conftest.c: In function 'main':
conftest.c:103:12: error: size of array 'test_array' is negative
 static int test_array [1 - 2 * !(((long) (sizeof (intmax_t))) <= 7)];
            ^
conftest.c:103:12: warning: variable 'test_array' set but not used [-Wunused-but-set-variable]
configure:24844: $? = 1
configure: failed program was:
| /* confdefs.h.  */
| 
| #define PACKAGE_NAME "lzo"
| #define PACKAGE_TARNAME "lzo"
| #define PACKAGE_VERSION "2.03"
| #define PACKAGE_STRING "lzo 2.03"
| #define PACKAGE_BUGREPORT "markus@oberhumer.com"
| #define LZO_ABI_LITTLE_ENDIAN 1
| #define PACKAGE "lzo"
| #define VERSION "2.03"
| #define STDC_HEADERS 1
| #define HAVE_SYS_TYPES_H 1
| #define HAVE_SYS_STAT_H 1
| #define HAVE_STDLIB_H 1
| #define HAVE_STRING_H 1
| #define HAVE_MEMORY_H 1
| #define HAVE_STRINGS_H 1
| #define HAVE_INTTYPES_H 1
| #define HAVE_STDINT_H 1
| #define HAVE_UNISTD_H 1
| #define HAVE_DLFCN_H 1
| #ifdef __cplusplus
| extern "C" void exit (int);
| #endif
| #define TIME_WITH_SYS_TIME 1
| #define HAVE_ASSERT_H 1
| #define HAVE_CTYPE_H 1
| #define HAVE_DIRENT_H 1
| #define HAVE_ERRNO_H 1
| #define HAVE_FCNTL_H 1
| #define HAVE_FLOAT_H 1
| #define HAVE_LIMITS_H 1
| #define HAVE_MALLOC_H 1
| #define HAVE_MEMORY_H 1
| #define HAVE_SETJMP_H 1
| #define HAVE_SIGNAL_H 1
| #define HAVE_STDARG_H 1
| #define HAVE_STDDEF_H 1
| #define HAVE_STDINT_H 1
| #define HAVE_STDIO_H 1
| #define HAVE_STDLIB_H 1
| #define HAVE_STRING_H 1
| #define HAVE_STRINGS_H 1
| #define HAVE_TIME_H 1
| #define HAVE_UNISTD_H 1
| #define HAVE_UTIME_H 1
| #define HAVE_SYS_MMAN_H 1
| #define HAVE_SYS_RESOURCE_H 1
| #define HAVE_SYS_STAT_H 1
| #define HAVE_SYS_TIME_H 1
| #define HAVE_SYS_TYPES_H 1
| #define HAVE_SYS_WAIT_H 1
| #define RETSIGTYPE void
| #define SIZEOF_SHORT 2
| #define SIZEOF_INT 4
| #define SIZEOF_LONG 4
| #define SIZEOF_LONG_LONG 8
| #define SIZEOF___INT16 0
| #define SIZEOF___INT32 0
| #define SIZEOF___INT64 0
| #define SIZEOF_VOID_P 4
| #define SIZEOF_SIZE_T 4
| #define SIZEOF_PTRDIFF_T 4
| #define SIZEOF___INT32 0
| /* end confdefs.h.  */
| #include <stdio.h>
| #if HAVE_SYS_TYPES_H
| # include <sys/types.h>
| #endif
| #if HAVE_SYS_STAT_H
| # include <sys/stat.h>
| #endif
| #if STDC_HEADERS
| # include <stdlib.h>
| # include <stddef.h>
| #else
| # if HAVE_STDLIB_H
| #  include <stdlib.h>
| # endif
| #endif
| #if HAVE_STRING_H
| # if !STDC_HEADERS && HAVE_MEMORY_H
| #  include <memory.h>
| # endif
| # include <string.h>
| #endif
| #if HAVE_STRINGS_H
| # include <strings.h>
| #endif
| #if HAVE_INTTYPES_H
| # include <inttypes.h>
| #else
| # if HAVE_STDINT_H
| #  include <stdint.h>
| # endif
| #endif
| #if HAVE_UNISTD_H
| # include <unistd.h>
| #endif
| int
| main ()
| {
| static int test_array [1 - 2 * !(((long) (sizeof (intmax_t))) <= 7)];
| test_array [0] = 0
| 
|   ;
|   return 0;
| }
configure:24838: /opt/lede-toolchain-ramips-mt7621_gcc-5.4.0_musl-1.1.24.Linux-x86_64/toolchain-mipsel_24kc_gcc-5.4.0_musl-1.1.24/bin/mipsel-openwrt-linux-musl-gcc -c -Os -Wall -DLINUX26 -DCONFIG_RALINK -DMUSL_LIBC -DDEBUG_NOISY -DDEBUG_RCTEST -D_GNU_SOURCE -D__UAPI_DEF_ETHHDR -DRALINK_DBDC_MODE -pipe -funit-at-a-time -Wno-pointer-sign -mtune=mips32 -mips32 -DLINUX_KERNEL_VERSION=263366 --sysroot=/opt/lede-toolchain-ramips-mt7621_gcc-5.4.0_musl-1.1.24.Linux-x86_64/toolchain-mipsel_24kc_gcc-5.4.0_musl-1.1.24   conftest.c >&5
conftest.c: In function 'main':
conftest.c:103:12: warning: variable 'test_array' set but not used [-Wunused-but-set-variable]
 static int test_array [1 - 2 * !(((long) (sizeof (intmax_t))) <= 15)];
            ^
configure:24844: $? = 0
configure:24847: test -z 			 || test ! -s conftest.err
configure:24850: $? = 0
configure:24853: test -s conftest.o
configure:24856: $? = 0
configure:24998: /opt/lede-toolchain-ramips-mt7621_gcc-5.4.0_musl-1.1.24.Linux-x86_64/toolchain-mipsel_24kc_gcc-5.4.0_musl-1.1.24/bin/mipsel-openwrt-linux-musl-gcc -c -Os -Wall -DLINUX26 -DCONFIG_RALINK -DMUSL_LIBC -DDEBUG_NOISY -DDEBUG_RCTEST -D_GNU_SOURCE -D__UAPI_DEF_ETHHDR -DRALINK_DBDC_MODE -pipe -funit-at-a-time -Wno-pointer-sign -mtune=mips32 -mips32 -DLINUX_KERNEL_VERSION=263366 --sysroot=/opt/lede-toolchain-ramips-mt7621_gcc-5.4.0_musl-1.1.24.Linux-x86_64/toolchain-mipsel_24kc_gcc-5.4.0_musl-1.1.24   conftest.c >&5
conftest.c: In function 'main':
conftest.c:103:12: warning: variable 'test_array' set but not used [-Wunused-but-set-variable]
 static int test_array [1 - 2 * !(((long) (sizeof (intmax_t))) <= 11)];
            ^
configure:25004: $? = 0
configure:25007: test -z 			 || test ! -s conftest.err
configure:25010: $? = 0
configure:25013: test -s conftest.o
configure:25016: $? = 0
configure:24998: /opt/lede-toolchain-ramips-mt7621_gcc-5.4.0_musl-1.1.24.Linux-x86_64/toolchain-mipsel_24kc_gcc-5.4.0_musl-1.1.24/bin/mipsel-openwrt-linux-musl-gcc -c -Os -Wall -DLINUX26 -DCONFIG_RALINK -DMUSL_LIBC -DDEBUG_NOISY -DDEBUG_RCTEST -D_GNU_SOURCE -D__UAPI_DEF_ETHHDR -DRALINK_DBDC_MODE -pipe -funit-at-a-time -Wno-pointer-sign -mtune=mips32 -mips32 -DLINUX_KERNEL_VERSION=263366 --sysroot=/opt/lede-toolchain-ramips-mt7621_gcc-5.4.0_musl-1.1.24.Linux-x86_64/toolchain-mipsel_24kc_gcc-5.4.0_musl-1.1.24   conftest.c >&5
conftest.c: In function 'main':
conftest.c:103:12: warning: variable 'test_array' set but not used [-Wunused-but-set-variable]
 static int test_array [1 - 2 * !(((long) (sizeof (intmax_t))) <= 9)];
            ^
configure:25004: $? = 0
configure:25007: test -z 			 || test ! -s conftest.err
configure:25010: $? = 0
configure:25013: test -s conftest.o
configure:25016: $? = 0
configure:24998: /opt/lede-toolchain-ramips-mt7621_gcc-5.4.0_musl-1.1.24.Linux-x86_64/toolchain-mipsel_24kc_gcc-5.4.0_musl-1.1.24/bin/mipsel-openwrt-linux-musl-gcc -c -Os -Wall -DLINUX26 -DCONFIG_RALINK -DMUSL_LIBC -DDEBUG_NOISY -DDEBUG_RCTEST -D_GNU_SOURCE -D__UAPI_DEF_ETHHDR -DRALINK_DBDC_MODE -pipe -funit-at-a-time -Wno-pointer-sign -mtune=mips32 -mips32 -DLINUX_KERNEL_VERSION=263366 --sysroot=/opt/lede-toolchain-ramips-mt7621_gcc-5.4.0_musl-1.1.24.Linux-x86_64/toolchain-mipsel_24kc_gcc-5.4.0_musl-1.1.24   conftest.c >&5
conftest.c: In function 'main':
conftest.c:103:12: warning: variable 'test_array' set but not used [-Wunused-but-set-variable]
 static int test_array [1 - 2 * !(((long) (sizeof (intmax_t))) <= 8)];
            ^
configure:25004: $? = 0
configure:25007: test -z 			 || test ! -s conftest.err
configure:25010: $? = 0
configure:25013: test -s conftest.o
configure:25016: $? = 0
configure:25111: result: 8
configure:25118: checking for uintmax_t
configure:25142: /opt/lede-toolchain-ramips-mt7621_gcc-5.4.0_musl-1.1.24.Linux-x86_64/toolchain-mipsel_24kc_gcc-5.4.0_musl-1.1.24/bin/mipsel-openwrt-linux-musl-gcc -c -Os -Wall -DLINUX26 -DCONFIG_RALINK -DMUSL_LIBC -DDEBUG_NOISY -DDEBUG_RCTEST -D_GNU_SOURCE -D__UAPI_DEF_ETHHDR -DRALINK_DBDC_MODE -pipe -funit-at-a-time -Wno-pointer-sign -mtune=mips32 -mips32 -DLINUX_KERNEL_VERSION=263366 --sysroot=/opt/lede-toolchain-ramips-mt7621_gcc-5.4.0_musl-1.1.24.Linux-x86_64/toolchain-mipsel_24kc_gcc-5.4.0_musl-1.1.24   conftest.c >&5
configure:25148: $? = 0
configure:25151: test -z 			 || test ! -s conftest.err
configure:25154: $? = 0
configure:25157: test -s conftest.o
configure:25160: $? = 0
configure:25171: result: yes
configure:25174: checking size of uintmax_t
configure:25204: /opt/lede-toolchain-ramips-mt7621_gcc-5.4.0_musl-1.1.24.Linux-x86_64/toolchain-mipsel_24kc_gcc-5.4.0_musl-1.1.24/bin/mipsel-openwrt-linux-musl-gcc -c -Os -Wall -DLINUX26 -DCONFIG_RALINK -DMUSL_LIBC -DDEBUG_NOISY -DDEBUG_RCTEST -D_GNU_SOURCE -D__UAPI_DEF_ETHHDR -DRALINK_DBDC_MODE -pipe -funit-at-a-time -Wno-pointer-sign -mtune=mips32 -mips32 -DLINUX_KERNEL_VERSION=263366 --sysroot=/opt/lede-toolchain-ramips-mt7621_gcc-5.4.0_musl-1.1.24.Linux-x86_64/toolchain-mipsel_24kc_gcc-5.4.0_musl-1.1.24   conftest.c >&5
conftest.c: In function 'main':
conftest.c:104:12: warning: variable 'test_array' set but not used [-Wunused-but-set-variable]
 static int test_array [1 - 2 * !(((long) (sizeof (uintmax_t))) >= 0)];
            ^
configure:25210: $? = 0
configure:25213: test -z 			 || test ! -s conftest.err
configure:25216: $? = 0
configure:25219: test -s conftest.o
configure:25222: $? = 0
configure:25244: /opt/lede-toolchain-ramips-mt7621_gcc-5.4.0_musl-1.1.24.Linux-x86_64/toolchain-mipsel_24kc_gcc-5.4.0_musl-1.1.24/bin/mipsel-openwrt-linux-musl-gcc -c -Os -Wall -DLINUX26 -DCONFIG_RALINK -DMUSL_LIBC -DDEBUG_NOISY -DDEBUG_RCTEST -D_GNU_SOURCE -D__UAPI_DEF_ETHHDR -DRALINK_DBDC_MODE -pipe -funit-at-a-time -Wno-pointer-sign -mtune=mips32 -mips32 -DLINUX_KERNEL_VERSION=263366 --sysroot=/opt/lede-toolchain-ramips-mt7621_gcc-5.4.0_musl-1.1.24.Linux-x86_64/toolchain-mipsel_24kc_gcc-5.4.0_musl-1.1.24   conftest.c >&5
conftest.c: In function 'main':
conftest.c:104:12: error: size of array 'test_array' is negative
 static int test_array [1 - 2 * !(((long) (sizeof (uintmax_t))) <= 0)];
            ^
conftest.c:104:12: warning: variable 'test_array' set but not used [-Wunused-but-set-variable]
configure:25250: $? = 1
configure: failed program was:
| /* confdefs.h.  */
| 
| #define PACKAGE_NAME "lzo"
| #define PACKAGE_TARNAME "lzo"
| #define PACKAGE_VERSION "2.03"
| #define PACKAGE_STRING "lzo 2.03"
| #define PACKAGE_BUGREPORT "markus@oberhumer.com"
| #define LZO_ABI_LITTLE_ENDIAN 1
| #define PACKAGE "lzo"
| #define VERSION "2.03"
| #define STDC_HEADERS 1
| #define HAVE_SYS_TYPES_H 1
| #define HAVE_SYS_STAT_H 1
| #define HAVE_STDLIB_H 1
| #define HAVE_STRING_H 1
| #define HAVE_MEMORY_H 1
| #define HAVE_STRINGS_H 1
| #define HAVE_INTTYPES_H 1
| #define HAVE_STDINT_H 1
| #define HAVE_UNISTD_H 1
| #define HAVE_DLFCN_H 1
| #ifdef __cplusplus
| extern "C" void exit (int);
| #endif
| #define TIME_WITH_SYS_TIME 1
| #define HAVE_ASSERT_H 1
| #define HAVE_CTYPE_H 1
| #define HAVE_DIRENT_H 1
| #define HAVE_ERRNO_H 1
| #define HAVE_FCNTL_H 1
| #define HAVE_FLOAT_H 1
| #define HAVE_LIMITS_H 1
| #define HAVE_MALLOC_H 1
| #define HAVE_MEMORY_H 1
| #define HAVE_SETJMP_H 1
| #define HAVE_SIGNAL_H 1
| #define HAVE_STDARG_H 1
| #define HAVE_STDDEF_H 1
| #define HAVE_STDINT_H 1
| #define HAVE_STDIO_H 1
| #define HAVE_STDLIB_H 1
| #define HAVE_STRING_H 1
| #define HAVE_STRINGS_H 1
| #define HAVE_TIME_H 1
| #define HAVE_UNISTD_H 1
| #define HAVE_UTIME_H 1
| #define HAVE_SYS_MMAN_H 1
| #define HAVE_SYS_RESOURCE_H 1
| #define HAVE_SYS_STAT_H 1
| #define HAVE_SYS_TIME_H 1
| #define HAVE_SYS_TYPES_H 1
| #define HAVE_SYS_WAIT_H 1
| #define RETSIGTYPE void
| #define SIZEOF_SHORT 2
| #define SIZEOF_INT 4
| #define SIZEOF_LONG 4
| #define SIZEOF_LONG_LONG 8
| #define SIZEOF___INT16 0
| #define SIZEOF___INT32 0
| #define SIZEOF___INT64 0
| #define SIZEOF_VOID_P 4
| #define SIZEOF_SIZE_T 4
| #define SIZEOF_PTRDIFF_T 4
| #define SIZEOF___INT32 0
| #define SIZEOF_INTMAX_T 8
| /* end confdefs.h.  */
| #include <stdio.h>
| #if HAVE_SYS_TYPES_H
| # include <sys/types.h>
| #endif
| #if HAVE_SYS_STAT_H
| # include <sys/stat.h>
| #endif
| #if STDC_HEADERS
| # include <stdlib.h>
| # include <stddef.h>
| #else
| # if HAVE_STDLIB_H
| #  include <stdlib.h>
| # endif
| #endif
| #if HAVE_STRING_H
| # if !STDC_HEADERS && HAVE_MEMORY_H
| #  include <memory.h>
| # endif
| # include <string.h>
| #endif
| #if HAVE_STRINGS_H
| # include <strings.h>
| #endif
| #if HAVE_INTTYPES_H
| # include <inttypes.h>
| #else
| # if HAVE_STDINT_H
| #  include <stdint.h>
| # endif
| #endif
| #if HAVE_UNISTD_H
| # include <unistd.h>
| #endif
| int
| main ()
| {
| static int test_array [1 - 2 * !(((long) (sizeof (uintmax_t))) <= 0)];
| test_array [0] = 0
| 
|   ;
|   return 0;
| }
configure:25244: /opt/lede-toolchain-ramips-mt7621_gcc-5.4.0_musl-1.1.24.Linux-x86_64/toolchain-mipsel_24kc_gcc-5.4.0_musl-1.1.24/bin/mipsel-openwrt-linux-musl-gcc -c -Os -Wall -DLINUX26 -DCONFIG_RALINK -DMUSL_LIBC -DDEBUG_NOISY -DDEBUG_RCTEST -D_GNU_SOURCE -D__UAPI_DEF_ETHHDR -DRALINK_DBDC_MODE -pipe -funit-at-a-time -Wno-pointer-sign -mtune=mips32 -mips32 -DLINUX_KERNEL_VERSION=263366 --sysroot=/opt/lede-toolchain-ramips-mt7621_gcc-5.4.0_musl-1.1.24.Linux-x86_64/toolchain-mipsel_24kc_gcc-5.4.0_musl-1.1.24   conftest.c >&5
conftest.c: In function 'main':
conftest.c:104:12: error: size of array 'test_array' is negative
 static int test_array [1 - 2 * !(((long) (sizeof (uintmax_t))) <= 1)];
            ^
conftest.c:104:12: warning: variable 'test_array' set but not used [-Wunused-but-set-variable]
configure:25250: $? = 1
configure: failed program was:
| /* confdefs.h.  */
| 
| #define PACKAGE_NAME "lzo"
| #define PACKAGE_TARNAME "lzo"
| #define PACKAGE_VERSION "2.03"
| #define PACKAGE_STRING "lzo 2.03"
| #define PACKAGE_BUGREPORT "markus@oberhumer.com"
| #define LZO_ABI_LITTLE_ENDIAN 1
| #define PACKAGE "lzo"
| #define VERSION "2.03"
| #define STDC_HEADERS 1
| #define HAVE_SYS_TYPES_H 1
| #define HAVE_SYS_STAT_H 1
| #define HAVE_STDLIB_H 1
| #define HAVE_STRING_H 1
| #define HAVE_MEMORY_H 1
| #define HAVE_STRINGS_H 1
| #define HAVE_INTTYPES_H 1
| #define HAVE_STDINT_H 1
| #define HAVE_UNISTD_H 1
| #define HAVE_DLFCN_H 1
| #ifdef __cplusplus
| extern "C" void exit (int);
| #endif
| #define TIME_WITH_SYS_TIME 1
| #define HAVE_ASSERT_H 1
| #define HAVE_CTYPE_H 1
| #define HAVE_DIRENT_H 1
| #define HAVE_ERRNO_H 1
| #define HAVE_FCNTL_H 1
| #define HAVE_FLOAT_H 1
| #define HAVE_LIMITS_H 1
| #define HAVE_MALLOC_H 1
| #define HAVE_MEMORY_H 1
| #define HAVE_SETJMP_H 1
| #define HAVE_SIGNAL_H 1
| #define HAVE_STDARG_H 1
| #define HAVE_STDDEF_H 1
| #define HAVE_STDINT_H 1
| #define HAVE_STDIO_H 1
| #define HAVE_STDLIB_H 1
| #define HAVE_STRING_H 1
| #define HAVE_STRINGS_H 1
| #define HAVE_TIME_H 1
| #define HAVE_UNISTD_H 1
| #define HAVE_UTIME_H 1
| #define HAVE_SYS_MMAN_H 1
| #define HAVE_SYS_RESOURCE_H 1
| #define HAVE_SYS_STAT_H 1
| #define HAVE_SYS_TIME_H 1
| #define HAVE_SYS_TYPES_H 1
| #define HAVE_SYS_WAIT_H 1
| #define RETSIGTYPE void
| #define SIZEOF_SHORT 2
| #define SIZEOF_INT 4
| #define SIZEOF_LONG 4
| #define SIZEOF_LONG_LONG 8
| #define SIZEOF___INT16 0
| #define SIZEOF___INT32 0
| #define SIZEOF___INT64 0
| #define SIZEOF_VOID_P 4
| #define SIZEOF_SIZE_T 4
| #define SIZEOF_PTRDIFF_T 4
| #define SIZEOF___INT32 0
| #define SIZEOF_INTMAX_T 8
| /* end confdefs.h.  */
| #include <stdio.h>
| #if HAVE_SYS_TYPES_H
| # include <sys/types.h>
| #endif
| #if HAVE_SYS_STAT_H
| # include <sys/stat.h>
| #endif
| #if STDC_HEADERS
| # include <stdlib.h>
| # include <stddef.h>
| #else
| # if HAVE_STDLIB_H
| #  include <stdlib.h>
| # endif
| #endif
| #if HAVE_STRING_H
| # if !STDC_HEADERS && HAVE_MEMORY_H
| #  include <memory.h>
| # endif
| # include <string.h>
| #endif
| #if HAVE_STRINGS_H
| # include <strings.h>
| #endif
| #if HAVE_INTTYPES_H
| # include <inttypes.h>
| #else
| # if HAVE_STDINT_H
| #  include <stdint.h>
| # endif
| #endif
| #if HAVE_UNISTD_H
| # include <unistd.h>
| #endif
| int
| main ()
| {
| static int test_array [1 - 2 * !(((long) (sizeof (uintmax_t))) <= 1)];
| test_array [0] = 0
| 
|   ;
|   return 0;
| }
configure:25244: /opt/lede-toolchain-ramips-mt7621_gcc-5.4.0_musl-1.1.24.Linux-x86_64/toolchain-mipsel_24kc_gcc-5.4.0_musl-1.1.24/bin/mipsel-openwrt-linux-musl-gcc -c -Os -Wall -DLINUX26 -DCONFIG_RALINK -DMUSL_LIBC -DDEBUG_NOISY -DDEBUG_RCTEST -D_GNU_SOURCE -D__UAPI_DEF_ETHHDR -DRALINK_DBDC_MODE -pipe -funit-at-a-time -Wno-pointer-sign -mtune=mips32 -mips32 -DLINUX_KERNEL_VERSION=263366 --sysroot=/opt/lede-toolchain-ramips-mt7621_gcc-5.4.0_musl-1.1.24.Linux-x86_64/toolchain-mipsel_24kc_gcc-5.4.0_musl-1.1.24   conftest.c >&5
conftest.c: In function 'main':
conftest.c:104:12: error: size of array 'test_array' is negative
 static int test_array [1 - 2 * !(((long) (sizeof (uintmax_t))) <= 3)];
            ^
conftest.c:104:12: warning: variable 'test_array' set but not used [-Wunused-but-set-variable]
configure:25250: $? = 1
configure: failed program was:
| /* confdefs.h.  */
| 
| #define PACKAGE_NAME "lzo"
| #define PACKAGE_TARNAME "lzo"
| #define PACKAGE_VERSION "2.03"
| #define PACKAGE_STRING "lzo 2.03"
| #define PACKAGE_BUGREPORT "markus@oberhumer.com"
| #define LZO_ABI_LITTLE_ENDIAN 1
| #define PACKAGE "lzo"
| #define VERSION "2.03"
| #define STDC_HEADERS 1
| #define HAVE_SYS_TYPES_H 1
| #define HAVE_SYS_STAT_H 1
| #define HAVE_STDLIB_H 1
| #define HAVE_STRING_H 1
| #define HAVE_MEMORY_H 1
| #define HAVE_STRINGS_H 1
| #define HAVE_INTTYPES_H 1
| #define HAVE_STDINT_H 1
| #define HAVE_UNISTD_H 1
| #define HAVE_DLFCN_H 1
| #ifdef __cplusplus
| extern "C" void exit (int);
| #endif
| #define TIME_WITH_SYS_TIME 1
| #define HAVE_ASSERT_H 1
| #define HAVE_CTYPE_H 1
| #define HAVE_DIRENT_H 1
| #define HAVE_ERRNO_H 1
| #define HAVE_FCNTL_H 1
| #define HAVE_FLOAT_H 1
| #define HAVE_LIMITS_H 1
| #define HAVE_MALLOC_H 1
| #define HAVE_MEMORY_H 1
| #define HAVE_SETJMP_H 1
| #define HAVE_SIGNAL_H 1
| #define HAVE_STDARG_H 1
| #define HAVE_STDDEF_H 1
| #define HAVE_STDINT_H 1
| #define HAVE_STDIO_H 1
| #define HAVE_STDLIB_H 1
| #define HAVE_STRING_H 1
| #define HAVE_STRINGS_H 1
| #define HAVE_TIME_H 1
| #define HAVE_UNISTD_H 1
| #define HAVE_UTIME_H 1
| #define HAVE_SYS_MMAN_H 1
| #define HAVE_SYS_RESOURCE_H 1
| #define HAVE_SYS_STAT_H 1
| #define HAVE_SYS_TIME_H 1
| #define HAVE_SYS_TYPES_H 1
| #define HAVE_SYS_WAIT_H 1
| #define RETSIGTYPE void
| #define SIZEOF_SHORT 2
| #define SIZEOF_INT 4
| #define SIZEOF_LONG 4
| #define SIZEOF_LONG_LONG 8
| #define SIZEOF___INT16 0
| #define SIZEOF___INT32 0
| #define SIZEOF___INT64 0
| #define SIZEOF_VOID_P 4
| #define SIZEOF_SIZE_T 4
| #define SIZEOF_PTRDIFF_T 4
| #define SIZEOF___INT32 0
| #define SIZEOF_INTMAX_T 8
| /* end confdefs.h.  */
| #include <stdio.h>
| #if HAVE_SYS_TYPES_H
| # include <sys/types.h>
| #endif
| #if HAVE_SYS_STAT_H
| # include <sys/stat.h>
| #endif
| #if STDC_HEADERS
| # include <stdlib.h>
| # include <stddef.h>
| #else
| # if HAVE_STDLIB_H
| #  include <stdlib.h>
| # endif
| #endif
| #if HAVE_STRING_H
| # if !STDC_HEADERS && HAVE_MEMORY_H
| #  include <memory.h>
| # endif
| # include <string.h>
| #endif
| #if HAVE_STRINGS_H
| # include <strings.h>
| #endif
| #if HAVE_INTTYPES_H
| # include <inttypes.h>
| #else
| # if HAVE_STDINT_H
| #  include <stdint.h>
| # endif
| #endif
| #if HAVE_UNISTD_H
| # include <unistd.h>
| #endif
| int
| main ()
| {
| static int test_array [1 - 2 * !(((long) (sizeof (uintmax_t))) <= 3)];
| test_array [0] = 0
| 
|   ;
|   return 0;
| }
configure:25244: /opt/lede-toolchain-ramips-mt7621_gcc-5.4.0_musl-1.1.24.Linux-x86_64/toolchain-mipsel_24kc_gcc-5.4.0_musl-1.1.24/bin/mipsel-openwrt-linux-musl-gcc -c -Os -Wall -DLINUX26 -DCONFIG_RALINK -DMUSL_LIBC -DDEBUG_NOISY -DDEBUG_RCTEST -D_GNU_SOURCE -D__UAPI_DEF_ETHHDR -DRALINK_DBDC_MODE -pipe -funit-at-a-time -Wno-pointer-sign -mtune=mips32 -mips32 -DLINUX_KERNEL_VERSION=263366 --sysroot=/opt/lede-toolchain-ramips-mt7621_gcc-5.4.0_musl-1.1.24.Linux-x86_64/toolchain-mipsel_24kc_gcc-5.4.0_musl-1.1.24   conftest.c >&5
conftest.c: In function 'main':
conftest.c:104:12: error: size of array 'test_array' is negative
 static int test_array [1 - 2 * !(((long) (sizeof (uintmax_t))) <= 7)];
            ^
conftest.c:104:12: warning: variable 'test_array' set but not used [-Wunused-but-set-variable]
configure:25250: $? = 1
configure: failed program was:
| /* confdefs.h.  */
| 
| #define PACKAGE_NAME "lzo"
| #define PACKAGE_TARNAME "lzo"
| #define PACKAGE_VERSION "2.03"
| #define PACKAGE_STRING "lzo 2.03"
| #define PACKAGE_BUGREPORT "markus@oberhumer.com"
| #define LZO_ABI_LITTLE_ENDIAN 1
| #define PACKAGE "lzo"
| #define VERSION "2.03"
| #define STDC_HEADERS 1
| #define HAVE_SYS_TYPES_H 1
| #define HAVE_SYS_STAT_H 1
| #define HAVE_STDLIB_H 1
| #define HAVE_STRING_H 1
| #define HAVE_MEMORY_H 1
| #define HAVE_STRINGS_H 1
| #define HAVE_INTTYPES_H 1
| #define HAVE_STDINT_H 1
| #define HAVE_UNISTD_H 1
| #define HAVE_DLFCN_H 1
| #ifdef __cplusplus
| extern "C" void exit (int);
| #endif
| #define TIME_WITH_SYS_TIME 1
| #define HAVE_ASSERT_H 1
| #define HAVE_CTYPE_H 1
| #define HAVE_DIRENT_H 1
| #define HAVE_ERRNO_H 1
| #define HAVE_FCNTL_H 1
| #define HAVE_FLOAT_H 1
| #define HAVE_LIMITS_H 1
| #define HAVE_MALLOC_H 1
| #define HAVE_MEMORY_H 1
| #define HAVE_SETJMP_H 1
| #define HAVE_SIGNAL_H 1
| #define HAVE_STDARG_H 1
| #define HAVE_STDDEF_H 1
| #define HAVE_STDINT_H 1
| #define HAVE_STDIO_H 1
| #define HAVE_STDLIB_H 1
| #define HAVE_STRING_H 1
| #define HAVE_STRINGS_H 1
| #define HAVE_TIME_H 1
| #define HAVE_UNISTD_H 1
| #define HAVE_UTIME_H 1
| #define HAVE_SYS_MMAN_H 1
| #define HAVE_SYS_RESOURCE_H 1
| #define HAVE_SYS_STAT_H 1
| #define HAVE_SYS_TIME_H 1
| #define HAVE_SYS_TYPES_H 1
| #define HAVE_SYS_WAIT_H 1
| #define RETSIGTYPE void
| #define SIZEOF_SHORT 2
| #define SIZEOF_INT 4
| #define SIZEOF_LONG 4
| #define SIZEOF_LONG_LONG 8
| #define SIZEOF___INT16 0
| #define SIZEOF___INT32 0
| #define SIZEOF___INT64 0
| #define SIZEOF_VOID_P 4
| #define SIZEOF_SIZE_T 4
| #define SIZEOF_PTRDIFF_T 4
| #define SIZEOF___INT32 0
| #define SIZEOF_INTMAX_T 8
| /* end confdefs.h.  */
| #include <stdio.h>
| #if HAVE_SYS_TYPES_H
| # include <sys/types.h>
| #endif
| #if HAVE_SYS_STAT_H
| # include <sys/stat.h>
| #endif
| #if STDC_HEADERS
| # include <stdlib.h>
| # include <stddef.h>
| #else
| # if HAVE_STDLIB_H
| #  include <stdlib.h>
| # endif
| #endif
| #if HAVE_STRING_H
| # if !STDC_HEADERS && HAVE_MEMORY_H
| #  include <memory.h>
| # endif
| # include <string.h>
| #endif
| #if HAVE_STRINGS_H
| # include <strings.h>
| #endif
| #if HAVE_INTTYPES_H
| # include <inttypes.h>
| #else
| # if HAVE_STDINT_H
| #  include <stdint.h>
| # endif
| #endif
| #if HAVE_UNISTD_H
| # include <unistd.h>
| #endif
| int
| main ()
| {
| static int test_array [1 - 2 * !(((long) (sizeof (uintmax_t))) <= 7)];
| test_array [0] = 0
| 
|   ;
|   return 0;
| }
configure:25244: /opt/lede-toolchain-ramips-mt7621_gcc-5.4.0_musl-1.1.24.Linux-x86_64/toolchain-mipsel_24kc_gcc-5.4.0_musl-1.1.24/bin/mipsel-openwrt-linux-musl-gcc -c -Os -Wall -DLINUX26 -DCONFIG_RALINK -DMUSL_LIBC -DDEBUG_NOISY -DDEBUG_RCTEST -D_GNU_SOURCE -D__UAPI_DEF_ETHHDR -DRALINK_DBDC_MODE -pipe -funit-at-a-time -Wno-pointer-sign -mtune=mips32 -mips32 -DLINUX_KERNEL_VERSION=263366 --sysroot=/opt/lede-toolchain-ramips-mt7621_gcc-5.4.0_musl-1.1.24.Linux-x86_64/toolchain-mipsel_24kc_gcc-5.4.0_musl-1.1.24   conftest.c >&5
conftest.c: In function 'main':
conftest.c:104:12: warning: variable 'test_array' set but not used [-Wunused-but-set-variable]
 static int test_array [1 - 2 * !(((long) (sizeof (uintmax_t))) <= 15)];
            ^
configure:25250: $? = 0
configure:25253: test -z 			 || test ! -s conftest.err
configure:25256: $? = 0
configure:25259: test -s conftest.o
configure:25262: $? = 0
configure:25404: /opt/lede-toolchain-ramips-mt7621_gcc-5.4.0_musl-1.1.24.Linux-x86_64/toolchain-mipsel_24kc_gcc-5.4.0_musl-1.1.24/bin/mipsel-openwrt-linux-musl-gcc -c -Os -Wall -DLINUX26 -DCONFIG_RALINK -DMUSL_LIBC -DDEBUG_NOISY -DDEBUG_RCTEST -D_GNU_SOURCE -D__UAPI_DEF_ETHHDR -DRALINK_DBDC_MODE -pipe -funit-at-a-time -Wno-pointer-sign -mtune=mips32 -mips32 -DLINUX_KERNEL_VERSION=263366 --sysroot=/opt/lede-toolchain-ramips-mt7621_gcc-5.4.0_musl-1.1.24.Linux-x86_64/toolchain-mipsel_24kc_gcc-5.4.0_musl-1.1.24   conftest.c >&5
conftest.c: In function 'main':
conftest.c:104:12: warning: variable 'test_array' set but not used [-Wunused-but-set-variable]
 static int test_array [1 - 2 * !(((long) (sizeof (uintmax_t))) <= 11)];
            ^
configure:25410: $? = 0
configure:25413: test -z 			 || test ! -s conftest.err
configure:25416: $? = 0
configure:25419: test -s conftest.o
configure:25422: $? = 0
configure:25404: /opt/lede-toolchain-ramips-mt7621_gcc-5.4.0_musl-1.1.24.Linux-x86_64/toolchain-mipsel_24kc_gcc-5.4.0_musl-1.1.24/bin/mipsel-openwrt-linux-musl-gcc -c -Os -Wall -DLINUX26 -DCONFIG_RALINK -DMUSL_LIBC -DDEBUG_NOISY -DDEBUG_RCTEST -D_GNU_SOURCE -D__UAPI_DEF_ETHHDR -DRALINK_DBDC_MODE -pipe -funit-at-a-time -Wno-pointer-sign -mtune=mips32 -mips32 -DLINUX_KERNEL_VERSION=263366 --sysroot=/opt/lede-toolchain-ramips-mt7621_gcc-5.4.0_musl-1.1.24.Linux-x86_64/toolchain-mipsel_24kc_gcc-5.4.0_musl-1.1.24   conftest.c >&5
conftest.c: In function 'main':
conftest.c:104:12: warning: variable 'test_array' set but not used [-Wunused-but-set-variable]
 static int test_array [1 - 2 * !(((long) (sizeof (uintmax_t))) <= 9)];
            ^
configure:25410: $? = 0
configure:25413: test -z 			 || test ! -s conftest.err
configure:25416: $? = 0
configure:25419: test -s conftest.o
configure:25422: $? = 0
configure:25404: /opt/lede-toolchain-ramips-mt7621_gcc-5.4.0_musl-1.1.24.Linux-x86_64/toolchain-mipsel_24kc_gcc-5.4.0_musl-1.1.24/bin/mipsel-openwrt-linux-musl-gcc -c -Os -Wall -DLINUX26 -DCONFIG_RALINK -DMUSL_LIBC -DDEBUG_NOISY -DDEBUG_RCTEST -D_GNU_SOURCE -D__UAPI_DEF_ETHHDR -DRALINK_DBDC_MODE -pipe -funit-at-a-time -Wno-pointer-sign -mtune=mips32 -mips32 -DLINUX_KERNEL_VERSION=263366 --sysroot=/opt/lede-toolchain-ramips-mt7621_gcc-5.4.0_musl-1.1.24.Linux-x86_64/toolchain-mipsel_24kc_gcc-5.4.0_musl-1.1.24   conftest.c >&5
conftest.c: In function 'main':
conftest.c:104:12: warning: variable 'test_array' set but not used [-Wunused-but-set-variable]
 static int test_array [1 - 2 * !(((long) (sizeof (uintmax_t))) <= 8)];
            ^
configure:25410: $? = 0
configure:25413: test -z 			 || test ! -s conftest.err
configure:25416: $? = 0
configure:25419: test -s conftest.o
configure:25422: $? = 0
configure:25517: result: 8
configure:25524: checking for intptr_t
configure:25548: /opt/lede-toolchain-ramips-mt7621_gcc-5.4.0_musl-1.1.24.Linux-x86_64/toolchain-mipsel_24kc_gcc-5.4.0_musl-1.1.24/bin/mipsel-openwrt-linux-musl-gcc -c -Os -Wall -DLINUX26 -DCONFIG_RALINK -DMUSL_LIBC -DDEBUG_NOISY -DDEBUG_RCTEST -D_GNU_SOURCE -D__UAPI_DEF_ETHHDR -DRALINK_DBDC_MODE -pipe -funit-at-a-time -Wno-pointer-sign -mtune=mips32 -mips32 -DLINUX_KERNEL_VERSION=263366 --sysroot=/opt/lede-toolchain-ramips-mt7621_gcc-5.4.0_musl-1.1.24.Linux-x86_64/toolchain-mipsel_24kc_gcc-5.4.0_musl-1.1.24   conftest.c >&5
configure:25554: $? = 0
configure:25557: test -z 			 || test ! -s conftest.err
configure:25560: $? = 0
configure:25563: test -s conftest.o
configure:25566: $? = 0
configure:25577: result: yes
configure:25580: checking size of intptr_t
configure:25610: /opt/lede-toolchain-ramips-mt7621_gcc-5.4.0_musl-1.1.24.Linux-x86_64/toolchain-mipsel_24kc_gcc-5.4.0_musl-1.1.24/bin/mipsel-openwrt-linux-musl-gcc -c -Os -Wall -DLINUX26 -DCONFIG_RALINK -DMUSL_LIBC -DDEBUG_NOISY -DDEBUG_RCTEST -D_GNU_SOURCE -D__UAPI_DEF_ETHHDR -DRALINK_DBDC_MODE -pipe -funit-at-a-time -Wno-pointer-sign -mtune=mips32 -mips32 -DLINUX_KERNEL_VERSION=263366 --sysroot=/opt/lede-toolchain-ramips-mt7621_gcc-5.4.0_musl-1.1.24.Linux-x86_64/toolchain-mipsel_24kc_gcc-5.4.0_musl-1.1.24   conftest.c >&5
conftest.c: In function 'main':
conftest.c:105:12: warning: variable 'test_array' set but not used [-Wunused-but-set-variable]
 static int test_array [1 - 2 * !(((long) (sizeof (intptr_t))) >= 0)];
            ^
configure:25616: $? = 0
configure:25619: test -z 			 || test ! -s conftest.err
configure:25622: $? = 0
configure:25625: test -s conftest.o
configure:25628: $? = 0
configure:25650: /opt/lede-toolchain-ramips-mt7621_gcc-5.4.0_musl-1.1.24.Linux-x86_64/toolchain-mipsel_24kc_gcc-5.4.0_musl-1.1.24/bin/mipsel-openwrt-linux-musl-gcc -c -Os -Wall -DLINUX26 -DCONFIG_RALINK -DMUSL_LIBC -DDEBUG_NOISY -DDEBUG_RCTEST -D_GNU_SOURCE -D__UAPI_DEF_ETHHDR -DRALINK_DBDC_MODE -pipe -funit-at-a-time -Wno-pointer-sign -mtune=mips32 -mips32 -DLINUX_KERNEL_VERSION=263366 --sysroot=/opt/lede-toolchain-ramips-mt7621_gcc-5.4.0_musl-1.1.24.Linux-x86_64/toolchain-mipsel_24kc_gcc-5.4.0_musl-1.1.24   conftest.c >&5
conftest.c: In function 'main':
conftest.c:105:12: error: size of array 'test_array' is negative
 static int test_array [1 - 2 * !(((long) (sizeof (intptr_t))) <= 0)];
            ^
conftest.c:105:12: warning: variable 'test_array' set but not used [-Wunused-but-set-variable]
configure:25656: $? = 1
configure: failed program was:
| /* confdefs.h.  */
| 
| #define PACKAGE_NAME "lzo"
| #define PACKAGE_TARNAME "lzo"
| #define PACKAGE_VERSION "2.03"
| #define PACKAGE_STRING "lzo 2.03"
| #define PACKAGE_BUGREPORT "markus@oberhumer.com"
| #define LZO_ABI_LITTLE_ENDIAN 1
| #define PACKAGE "lzo"
| #define VERSION "2.03"
| #define STDC_HEADERS 1
| #define HAVE_SYS_TYPES_H 1
| #define HAVE_SYS_STAT_H 1
| #define HAVE_STDLIB_H 1
| #define HAVE_STRING_H 1
| #define HAVE_MEMORY_H 1
| #define HAVE_STRINGS_H 1
| #define HAVE_INTTYPES_H 1
| #define HAVE_STDINT_H 1
| #define HAVE_UNISTD_H 1
| #define HAVE_DLFCN_H 1
| #ifdef __cplusplus
| extern "C" void exit (int);
| #endif
| #define TIME_WITH_SYS_TIME 1
| #define HAVE_ASSERT_H 1
| #define HAVE_CTYPE_H 1
| #define HAVE_DIRENT_H 1
| #define HAVE_ERRNO_H 1
| #define HAVE_FCNTL_H 1
| #define HAVE_FLOAT_H 1
| #define HAVE_LIMITS_H 1
| #define HAVE_MALLOC_H 1
| #define HAVE_MEMORY_H 1
| #define HAVE_SETJMP_H 1
| #define HAVE_SIGNAL_H 1
| #define HAVE_STDARG_H 1
| #define HAVE_STDDEF_H 1
| #define HAVE_STDINT_H 1
| #define HAVE_STDIO_H 1
| #define HAVE_STDLIB_H 1
| #define HAVE_STRING_H 1
| #define HAVE_STRINGS_H 1
| #define HAVE_TIME_H 1
| #define HAVE_UNISTD_H 1
| #define HAVE_UTIME_H 1
| #define HAVE_SYS_MMAN_H 1
| #define HAVE_SYS_RESOURCE_H 1
| #define HAVE_SYS_STAT_H 1
| #define HAVE_SYS_TIME_H 1
| #define HAVE_SYS_TYPES_H 1
| #define HAVE_SYS_WAIT_H 1
| #define RETSIGTYPE void
| #define SIZEOF_SHORT 2
| #define SIZEOF_INT 4
| #define SIZEOF_LONG 4
| #define SIZEOF_LONG_LONG 8
| #define SIZEOF___INT16 0
| #define SIZEOF___INT32 0
| #define SIZEOF___INT64 0
| #define SIZEOF_VOID_P 4
| #define SIZEOF_SIZE_T 4
| #define SIZEOF_PTRDIFF_T 4
| #define SIZEOF___INT32 0
| #define SIZEOF_INTMAX_T 8
| #define SIZEOF_UINTMAX_T 8
| /* end confdefs.h.  */
| #include <stdio.h>
| #if HAVE_SYS_TYPES_H
| # include <sys/types.h>
| #endif
| #if HAVE_SYS_STAT_H
| # include <sys/stat.h>
| #endif
| #if STDC_HEADERS
| # include <stdlib.h>
| # include <stddef.h>
| #else
| # if HAVE_STDLIB_H
| #  include <stdlib.h>
| # endif
| #endif
| #if HAVE_STRING_H
| # if !STDC_HEADERS && HAVE_MEMORY_H
| #  include <memory.h>
| # endif
| # include <string.h>
| #endif
| #if HAVE_STRINGS_H
| # include <strings.h>
| #endif
| #if HAVE_INTTYPES_H
| # include <inttypes.h>
| #else
| # if HAVE_STDINT_H
| #  include <stdint.h>
| # endif
| #endif
| #if HAVE_UNISTD_H
| # include <unistd.h>
| #endif
| int
| main ()
| {
| static int test_array [1 - 2 * !(((long) (sizeof (intptr_t))) <= 0)];
| test_array [0] = 0
| 
|   ;
|   return 0;
| }
configure:25650: /opt/lede-toolchain-ramips-mt7621_gcc-5.4.0_musl-1.1.24.Linux-x86_64/toolchain-mipsel_24kc_gcc-5.4.0_musl-1.1.24/bin/mipsel-openwrt-linux-musl-gcc -c -Os -Wall -DLINUX26 -DCONFIG_RALINK -DMUSL_LIBC -DDEBUG_NOISY -DDEBUG_RCTEST -D_GNU_SOURCE -D__UAPI_DEF_ETHHDR -DRALINK_DBDC_MODE -pipe -funit-at-a-time -Wno-pointer-sign -mtune=mips32 -mips32 -DLINUX_KERNEL_VERSION=263366 --sysroot=/opt/lede-toolchain-ramips-mt7621_gcc-5.4.0_musl-1.1.24.Linux-x86_64/toolchain-mipsel_24kc_gcc-5.4.0_musl-1.1.24   conftest.c >&5
conftest.c: In function 'main':
conftest.c:105:12: error: size of array 'test_array' is negative
 static int test_array [1 - 2 * !(((long) (sizeof (intptr_t))) <= 1)];
            ^
conftest.c:105:12: warning: variable 'test_array' set but not used [-Wunused-but-set-variable]
configure:25656: $? = 1
configure: failed program was:
| /* confdefs.h.  */
| 
| #define PACKAGE_NAME "lzo"
| #define PACKAGE_TARNAME "lzo"
| #define PACKAGE_VERSION "2.03"
| #define PACKAGE_STRING "lzo 2.03"
| #define PACKAGE_BUGREPORT "markus@oberhumer.com"
| #define LZO_ABI_LITTLE_ENDIAN 1
| #define PACKAGE "lzo"
| #define VERSION "2.03"
| #define STDC_HEADERS 1
| #define HAVE_SYS_TYPES_H 1
| #define HAVE_SYS_STAT_H 1
| #define HAVE_STDLIB_H 1
| #define HAVE_STRING_H 1
| #define HAVE_MEMORY_H 1
| #define HAVE_STRINGS_H 1
| #define HAVE_INTTYPES_H 1
| #define HAVE_STDINT_H 1
| #define HAVE_UNISTD_H 1
| #define HAVE_DLFCN_H 1
| #ifdef __cplusplus
| extern "C" void exit (int);
| #endif
| #define TIME_WITH_SYS_TIME 1
| #define HAVE_ASSERT_H 1
| #define HAVE_CTYPE_H 1
| #define HAVE_DIRENT_H 1
| #define HAVE_ERRNO_H 1
| #define HAVE_FCNTL_H 1
| #define HAVE_FLOAT_H 1
| #define HAVE_LIMITS_H 1
| #define HAVE_MALLOC_H 1
| #define HAVE_MEMORY_H 1
| #define HAVE_SETJMP_H 1
| #define HAVE_SIGNAL_H 1
| #define HAVE_STDARG_H 1
| #define HAVE_STDDEF_H 1
| #define HAVE_STDINT_H 1
| #define HAVE_STDIO_H 1
| #define HAVE_STDLIB_H 1
| #define HAVE_STRING_H 1
| #define HAVE_STRINGS_H 1
| #define HAVE_TIME_H 1
| #define HAVE_UNISTD_H 1
| #define HAVE_UTIME_H 1
| #define HAVE_SYS_MMAN_H 1
| #define HAVE_SYS_RESOURCE_H 1
| #define HAVE_SYS_STAT_H 1
| #define HAVE_SYS_TIME_H 1
| #define HAVE_SYS_TYPES_H 1
| #define HAVE_SYS_WAIT_H 1
| #define RETSIGTYPE void
| #define SIZEOF_SHORT 2
| #define SIZEOF_INT 4
| #define SIZEOF_LONG 4
| #define SIZEOF_LONG_LONG 8
| #define SIZEOF___INT16 0
| #define SIZEOF___INT32 0
| #define SIZEOF___INT64 0
| #define SIZEOF_VOID_P 4
| #define SIZEOF_SIZE_T 4
| #define SIZEOF_PTRDIFF_T 4
| #define SIZEOF___INT32 0
| #define SIZEOF_INTMAX_T 8
| #define SIZEOF_UINTMAX_T 8
| /* end confdefs.h.  */
| #include <stdio.h>
| #if HAVE_SYS_TYPES_H
| # include <sys/types.h>
| #endif
| #if HAVE_SYS_STAT_H
| # include <sys/stat.h>
| #endif
| #if STDC_HEADERS
| # include <stdlib.h>
| # include <stddef.h>
| #else
| # if HAVE_STDLIB_H
| #  include <stdlib.h>
| # endif
| #endif
| #if HAVE_STRING_H
| # if !STDC_HEADERS && HAVE_MEMORY_H
| #  include <memory.h>
| # endif
| # include <string.h>
| #endif
| #if HAVE_STRINGS_H
| # include <strings.h>
| #endif
| #if HAVE_INTTYPES_H
| # include <inttypes.h>
| #else
| # if HAVE_STDINT_H
| #  include <stdint.h>
| # endif
| #endif
| #if HAVE_UNISTD_H
| # include <unistd.h>
| #endif
| int
| main ()
| {
| static int test_array [1 - 2 * !(((long) (sizeof (intptr_t))) <= 1)];
| test_array [0] = 0
| 
|   ;
|   return 0;
| }
configure:25650: /opt/lede-toolchain-ramips-mt7621_gcc-5.4.0_musl-1.1.24.Linux-x86_64/toolchain-mipsel_24kc_gcc-5.4.0_musl-1.1.24/bin/mipsel-openwrt-linux-musl-gcc -c -Os -Wall -DLINUX26 -DCONFIG_RALINK -DMUSL_LIBC -DDEBUG_NOISY -DDEBUG_RCTEST -D_GNU_SOURCE -D__UAPI_DEF_ETHHDR -DRALINK_DBDC_MODE -pipe -funit-at-a-time -Wno-pointer-sign -mtune=mips32 -mips32 -DLINUX_KERNEL_VERSION=263366 --sysroot=/opt/lede-toolchain-ramips-mt7621_gcc-5.4.0_musl-1.1.24.Linux-x86_64/toolchain-mipsel_24kc_gcc-5.4.0_musl-1.1.24   conftest.c >&5
conftest.c: In function 'main':
conftest.c:105:12: error: size of array 'test_array' is negative
 static int test_array [1 - 2 * !(((long) (sizeof (intptr_t))) <= 3)];
            ^
conftest.c:105:12: warning: variable 'test_array' set but not used [-Wunused-but-set-variable]
configure:25656: $? = 1
configure: failed program was:
| /* confdefs.h.  */
| 
| #define PACKAGE_NAME "lzo"
| #define PACKAGE_TARNAME "lzo"
| #define PACKAGE_VERSION "2.03"
| #define PACKAGE_STRING "lzo 2.03"
| #define PACKAGE_BUGREPORT "markus@oberhumer.com"
| #define LZO_ABI_LITTLE_ENDIAN 1
| #define PACKAGE "lzo"
| #define VERSION "2.03"
| #define STDC_HEADERS 1
| #define HAVE_SYS_TYPES_H 1
| #define HAVE_SYS_STAT_H 1
| #define HAVE_STDLIB_H 1
| #define HAVE_STRING_H 1
| #define HAVE_MEMORY_H 1
| #define HAVE_STRINGS_H 1
| #define HAVE_INTTYPES_H 1
| #define HAVE_STDINT_H 1
| #define HAVE_UNISTD_H 1
| #define HAVE_DLFCN_H 1
| #ifdef __cplusplus
| extern "C" void exit (int);
| #endif
| #define TIME_WITH_SYS_TIME 1
| #define HAVE_ASSERT_H 1
| #define HAVE_CTYPE_H 1
| #define HAVE_DIRENT_H 1
| #define HAVE_ERRNO_H 1
| #define HAVE_FCNTL_H 1
| #define HAVE_FLOAT_H 1
| #define HAVE_LIMITS_H 1
| #define HAVE_MALLOC_H 1
| #define HAVE_MEMORY_H 1
| #define HAVE_SETJMP_H 1
| #define HAVE_SIGNAL_H 1
| #define HAVE_STDARG_H 1
| #define HAVE_STDDEF_H 1
| #define HAVE_STDINT_H 1
| #define HAVE_STDIO_H 1
| #define HAVE_STDLIB_H 1
| #define HAVE_STRING_H 1
| #define HAVE_STRINGS_H 1
| #define HAVE_TIME_H 1
| #define HAVE_UNISTD_H 1
| #define HAVE_UTIME_H 1
| #define HAVE_SYS_MMAN_H 1
| #define HAVE_SYS_RESOURCE_H 1
| #define HAVE_SYS_STAT_H 1
| #define HAVE_SYS_TIME_H 1
| #define HAVE_SYS_TYPES_H 1
| #define HAVE_SYS_WAIT_H 1
| #define RETSIGTYPE void
| #define SIZEOF_SHORT 2
| #define SIZEOF_INT 4
| #define SIZEOF_LONG 4
| #define SIZEOF_LONG_LONG 8
| #define SIZEOF___INT16 0
| #define SIZEOF___INT32 0
| #define SIZEOF___INT64 0
| #define SIZEOF_VOID_P 4
| #define SIZEOF_SIZE_T 4
| #define SIZEOF_PTRDIFF_T 4
| #define SIZEOF___INT32 0
| #define SIZEOF_INTMAX_T 8
| #define SIZEOF_UINTMAX_T 8
| /* end confdefs.h.  */
| #include <stdio.h>
| #if HAVE_SYS_TYPES_H
| # include <sys/types.h>
| #endif
| #if HAVE_SYS_STAT_H
| # include <sys/stat.h>
| #endif
| #if STDC_HEADERS
| # include <stdlib.h>
| # include <stddef.h>
| #else
| # if HAVE_STDLIB_H
| #  include <stdlib.h>
| # endif
| #endif
| #if HAVE_STRING_H
| # if !STDC_HEADERS && HAVE_MEMORY_H
| #  include <memory.h>
| # endif
| # include <string.h>
| #endif
| #if HAVE_STRINGS_H
| # include <strings.h>
| #endif
| #if HAVE_INTTYPES_H
| # include <inttypes.h>
| #else
| # if HAVE_STDINT_H
| #  include <stdint.h>
| # endif
| #endif
| #if HAVE_UNISTD_H
| # include <unistd.h>
| #endif
| int
| main ()
| {
| static int test_array [1 - 2 * !(((long) (sizeof (intptr_t))) <= 3)];
| test_array [0] = 0
| 
|   ;
|   return 0;
| }
configure:25650: /opt/lede-toolchain-ramips-mt7621_gcc-5.4.0_musl-1.1.24.Linux-x86_64/toolchain-mipsel_24kc_gcc-5.4.0_musl-1.1.24/bin/mipsel-openwrt-linux-musl-gcc -c -Os -Wall -DLINUX26 -DCONFIG_RALINK -DMUSL_LIBC -DDEBUG_NOISY -DDEBUG_RCTEST -D_GNU_SOURCE -D__UAPI_DEF_ETHHDR -DRALINK_DBDC_MODE -pipe -funit-at-a-time -Wno-pointer-sign -mtune=mips32 -mips32 -DLINUX_KERNEL_VERSION=263366 --sysroot=/opt/lede-toolchain-ramips-mt7621_gcc-5.4.0_musl-1.1.24.Linux-x86_64/toolchain-mipsel_24kc_gcc-5.4.0_musl-1.1.24   conftest.c >&5
conftest.c: In function 'main':
conftest.c:105:12: warning: variable 'test_array' set but not used [-Wunused-but-set-variable]
 static int test_array [1 - 2 * !(((long) (sizeof (intptr_t))) <= 7)];
            ^
configure:25656: $? = 0
configure:25659: test -z 			 || test ! -s conftest.err
configure:25662: $? = 0
configure:25665: test -s conftest.o
configure:25668: $? = 0
configure:25810: /opt/lede-toolchain-ramips-mt7621_gcc-5.4.0_musl-1.1.24.Linux-x86_64/toolchain-mipsel_24kc_gcc-5.4.0_musl-1.1.24/bin/mipsel-openwrt-linux-musl-gcc -c -Os -Wall -DLINUX26 -DCONFIG_RALINK -DMUSL_LIBC -DDEBUG_NOISY -DDEBUG_RCTEST -D_GNU_SOURCE -D__UAPI_DEF_ETHHDR -DRALINK_DBDC_MODE -pipe -funit-at-a-time -Wno-pointer-sign -mtune=mips32 -mips32 -DLINUX_KERNEL_VERSION=263366 --sysroot=/opt/lede-toolchain-ramips-mt7621_gcc-5.4.0_musl-1.1.24.Linux-x86_64/toolchain-mipsel_24kc_gcc-5.4.0_musl-1.1.24   conftest.c >&5
conftest.c: In function 'main':
conftest.c:105:12: warning: variable 'test_array' set but not used [-Wunused-but-set-variable]
 static int test_array [1 - 2 * !(((long) (sizeof (intptr_t))) <= 5)];
            ^
configure:25816: $? = 0
configure:25819: test -z 			 || test ! -s conftest.err
configure:25822: $? = 0
configure:25825: test -s conftest.o
configure:25828: $? = 0
configure:25810: /opt/lede-toolchain-ramips-mt7621_gcc-5.4.0_musl-1.1.24.Linux-x86_64/toolchain-mipsel_24kc_gcc-5.4.0_musl-1.1.24/bin/mipsel-openwrt-linux-musl-gcc -c -Os -Wall -DLINUX26 -DCONFIG_RALINK -DMUSL_LIBC -DDEBUG_NOISY -DDEBUG_RCTEST -D_GNU_SOURCE -D__UAPI_DEF_ETHHDR -DRALINK_DBDC_MODE -pipe -funit-at-a-time -Wno-pointer-sign -mtune=mips32 -mips32 -DLINUX_KERNEL_VERSION=263366 --sysroot=/opt/lede-toolchain-ramips-mt7621_gcc-5.4.0_musl-1.1.24.Linux-x86_64/toolchain-mipsel_24kc_gcc-5.4.0_musl-1.1.24   conftest.c >&5
conftest.c: In function 'main':
conftest.c:105:12: warning: variable 'test_array' set but not used [-Wunused-but-set-variable]
 static int test_array [1 - 2 * !(((long) (sizeof (intptr_t))) <= 4)];
            ^
configure:25816: $? = 0
configure:25819: test -z 			 || test ! -s conftest.err
configure:25822: $? = 0
configure:25825: test -s conftest.o
configure:25828: $? = 0
configure:25923: result: 4
configure:25930: checking for uintptr_t
configure:25954: /opt/lede-toolchain-ramips-mt7621_gcc-5.4.0_musl-1.1.24.Linux-x86_64/toolchain-mipsel_24kc_gcc-5.4.0_musl-1.1.24/bin/mipsel-openwrt-linux-musl-gcc -c -Os -Wall -DLINUX26 -DCONFIG_RALINK -DMUSL_LIBC -DDEBUG_NOISY -DDEBUG_RCTEST -D_GNU_SOURCE -D__UAPI_DEF_ETHHDR -DRALINK_DBDC_MODE -pipe -funit-at-a-time -Wno-pointer-sign -mtune=mips32 -mips32 -DLINUX_KERNEL_VERSION=263366 --sysroot=/opt/lede-toolchain-ramips-mt7621_gcc-5.4.0_musl-1.1.24.Linux-x86_64/toolchain-mipsel_24kc_gcc-5.4.0_musl-1.1.24   conftest.c >&5
configure:25960: $? = 0
configure:25963: test -z 			 || test ! -s conftest.err
configure:25966: $? = 0
configure:25969: test -s conftest.o
configure:25972: $? = 0
configure:25983: result: yes
configure:25986: checking size of uintptr_t
configure:26016: /opt/lede-toolchain-ramips-mt7621_gcc-5.4.0_musl-1.1.24.Linux-x86_64/toolchain-mipsel_24kc_gcc-5.4.0_musl-1.1.24/bin/mipsel-openwrt-linux-musl-gcc -c -Os -Wall -DLINUX26 -DCONFIG_RALINK -DMUSL_LIBC -DDEBUG_NOISY -DDEBUG_RCTEST -D_GNU_SOURCE -D__UAPI_DEF_ETHHDR -DRALINK_DBDC_MODE -pipe -funit-at-a-time -Wno-pointer-sign -mtune=mips32 -mips32 -DLINUX_KERNEL_VERSION=263366 --sysroot=/opt/lede-toolchain-ramips-mt7621_gcc-5.4.0_musl-1.1.24.Linux-x86_64/toolchain-mipsel_24kc_gcc-5.4.0_musl-1.1.24   conftest.c >&5
conftest.c: In function 'main':
conftest.c:106:12: warning: variable 'test_array' set but not used [-Wunused-but-set-variable]
 static int test_array [1 - 2 * !(((long) (sizeof (uintptr_t))) >= 0)];
            ^
configure:26022: $? = 0
configure:26025: test -z 			 || test ! -s conftest.err
configure:26028: $? = 0
configure:26031: test -s conftest.o
configure:26034: $? = 0
configure:26056: /opt/lede-toolchain-ramips-mt7621_gcc-5.4.0_musl-1.1.24.Linux-x86_64/toolchain-mipsel_24kc_gcc-5.4.0_musl-1.1.24/bin/mipsel-openwrt-linux-musl-gcc -c -Os -Wall -DLINUX26 -DCONFIG_RALINK -DMUSL_LIBC -DDEBUG_NOISY -DDEBUG_RCTEST -D_GNU_SOURCE -D__UAPI_DEF_ETHHDR -DRALINK_DBDC_MODE -pipe -funit-at-a-time -Wno-pointer-sign -mtune=mips32 -mips32 -DLINUX_KERNEL_VERSION=263366 --sysroot=/opt/lede-toolchain-ramips-mt7621_gcc-5.4.0_musl-1.1.24.Linux-x86_64/toolchain-mipsel_24kc_gcc-5.4.0_musl-1.1.24   conftest.c >&5
conftest.c: In function 'main':
conftest.c:106:12: error: size of array 'test_array' is negative
 static int test_array [1 - 2 * !(((long) (sizeof (uintptr_t))) <= 0)];
            ^
conftest.c:106:12: warning: variable 'test_array' set but not used [-Wunused-but-set-variable]
configure:26062: $? = 1
configure: failed program was:
| /* confdefs.h.  */
| 
| #define PACKAGE_NAME "lzo"
| #define PACKAGE_TARNAME "lzo"
| #define PACKAGE_VERSION "2.03"
| #define PACKAGE_STRING "lzo 2.03"
| #define PACKAGE_BUGREPORT "markus@oberhumer.com"
| #define LZO_ABI_LITTLE_ENDIAN 1
| #define PACKAGE "lzo"
| #define VERSION "2.03"
| #define STDC_HEADERS 1
| #define HAVE_SYS_TYPES_H 1
| #define HAVE_SYS_STAT_H 1
| #define HAVE_STDLIB_H 1
| #define HAVE_STRING_H 1
| #define HAVE_MEMORY_H 1
| #define HAVE_STRINGS_H 1
| #define HAVE_INTTYPES_H 1
| #define HAVE_STDINT_H 1
| #define HAVE_UNISTD_H 1
| #define HAVE_DLFCN_H 1
| #ifdef __cplusplus
| extern "C" void exit (int);
| #endif
| #define TIME_WITH_SYS_TIME 1
| #define HAVE_ASSERT_H 1
| #define HAVE_CTYPE_H 1
| #define HAVE_DIRENT_H 1
| #define HAVE_ERRNO_H 1
| #define HAVE_FCNTL_H 1
| #define HAVE_FLOAT_H 1
| #define HAVE_LIMITS_H 1
| #define HAVE_MALLOC_H 1
| #define HAVE_MEMORY_H 1
| #define HAVE_SETJMP_H 1
| #define HAVE_SIGNAL_H 1
| #define HAVE_STDARG_H 1
| #define HAVE_STDDEF_H 1
| #define HAVE_STDINT_H 1
| #define HAVE_STDIO_H 1
| #define HAVE_STDLIB_H 1
| #define HAVE_STRING_H 1
| #define HAVE_STRINGS_H 1
| #define HAVE_TIME_H 1
| #define HAVE_UNISTD_H 1
| #define HAVE_UTIME_H 1
| #define HAVE_SYS_MMAN_H 1
| #define HAVE_SYS_RESOURCE_H 1
| #define HAVE_SYS_STAT_H 1
| #define HAVE_SYS_TIME_H 1
| #define HAVE_SYS_TYPES_H 1
| #define HAVE_SYS_WAIT_H 1
| #define RETSIGTYPE void
| #define SIZEOF_SHORT 2
| #define SIZEOF_INT 4
| #define SIZEOF_LONG 4
| #define SIZEOF_LONG_LONG 8
| #define SIZEOF___INT16 0
| #define SIZEOF___INT32 0
| #define SIZEOF___INT64 0
| #define SIZEOF_VOID_P 4
| #define SIZEOF_SIZE_T 4
| #define SIZEOF_PTRDIFF_T 4
| #define SIZEOF___INT32 0
| #define SIZEOF_INTMAX_T 8
| #define SIZEOF_UINTMAX_T 8
| #define SIZEOF_INTPTR_T 4
| /* end confdefs.h.  */
| #include <stdio.h>
| #if HAVE_SYS_TYPES_H
| # include <sys/types.h>
| #endif
| #if HAVE_SYS_STAT_H
| # include <sys/stat.h>
| #endif
| #if STDC_HEADERS
| # include <stdlib.h>
| # include <stddef.h>
| #else
| # if HAVE_STDLIB_H
| #  include <stdlib.h>
| # endif
| #endif
| #if HAVE_STRING_H
| # if !STDC_HEADERS && HAVE_MEMORY_H
| #  include <memory.h>
| # endif
| # include <string.h>
| #endif
| #if HAVE_STRINGS_H
| # include <strings.h>
| #endif
| #if HAVE_INTTYPES_H
| # include <inttypes.h>
| #else
| # if HAVE_STDINT_H
| #  include <stdint.h>
| # endif
| #endif
| #if HAVE_UNISTD_H
| # include <unistd.h>
| #endif
| int
| main ()
| {
| static int test_array [1 - 2 * !(((long) (sizeof (uintptr_t))) <= 0)];
| test_array [0] = 0
| 
|   ;
|   return 0;
| }
configure:26056: /opt/lede-toolchain-ramips-mt7621_gcc-5.4.0_musl-1.1.24.Linux-x86_64/toolchain-mipsel_24kc_gcc-5.4.0_musl-1.1.24/bin/mipsel-openwrt-linux-musl-gcc -c -Os -Wall -DLINUX26 -DCONFIG_RALINK -DMUSL_LIBC -DDEBUG_NOISY -DDEBUG_RCTEST -D_GNU_SOURCE -D__UAPI_DEF_ETHHDR -DRALINK_DBDC_MODE -pipe -funit-at-a-time -Wno-pointer-sign -mtune=mips32 -mips32 -DLINUX_KERNEL_VERSION=263366 --sysroot=/opt/lede-toolchain-ramips-mt7621_gcc-5.4.0_musl-1.1.24.Linux-x86_64/toolchain-mipsel_24kc_gcc-5.4.0_musl-1.1.24   conftest.c >&5
conftest.c: In function 'main':
conftest.c:106:12: error: size of array 'test_array' is negative
 static int test_array [1 - 2 * !(((long) (sizeof (uintptr_t))) <= 1)];
            ^
conftest.c:106:12: warning: variable 'test_array' set but not used [-Wunused-but-set-variable]
configure:26062: $? = 1
configure: failed program was:
| /* confdefs.h.  */
| 
| #define PACKAGE_NAME "lzo"
| #define PACKAGE_TARNAME "lzo"
| #define PACKAGE_VERSION "2.03"
| #define PACKAGE_STRING "lzo 2.03"
| #define PACKAGE_BUGREPORT "markus@oberhumer.com"
| #define LZO_ABI_LITTLE_ENDIAN 1
| #define PACKAGE "lzo"
| #define VERSION "2.03"
| #define STDC_HEADERS 1
| #define HAVE_SYS_TYPES_H 1
| #define HAVE_SYS_STAT_H 1
| #define HAVE_STDLIB_H 1
| #define HAVE_STRING_H 1
| #define HAVE_MEMORY_H 1
| #define HAVE_STRINGS_H 1
| #define HAVE_INTTYPES_H 1
| #define HAVE_STDINT_H 1
| #define HAVE_UNISTD_H 1
| #define HAVE_DLFCN_H 1
| #ifdef __cplusplus
| extern "C" void exit (int);
| #endif
| #define TIME_WITH_SYS_TIME 1
| #define HAVE_ASSERT_H 1
| #define HAVE_CTYPE_H 1
| #define HAVE_DIRENT_H 1
| #define HAVE_ERRNO_H 1
| #define HAVE_FCNTL_H 1
| #define HAVE_FLOAT_H 1
| #define HAVE_LIMITS_H 1
| #define HAVE_MALLOC_H 1
| #define HAVE_MEMORY_H 1
| #define HAVE_SETJMP_H 1
| #define HAVE_SIGNAL_H 1
| #define HAVE_STDARG_H 1
| #define HAVE_STDDEF_H 1
| #define HAVE_STDINT_H 1
| #define HAVE_STDIO_H 1
| #define HAVE_STDLIB_H 1
| #define HAVE_STRING_H 1
| #define HAVE_STRINGS_H 1
| #define HAVE_TIME_H 1
| #define HAVE_UNISTD_H 1
| #define HAVE_UTIME_H 1
| #define HAVE_SYS_MMAN_H 1
| #define HAVE_SYS_RESOURCE_H 1
| #define HAVE_SYS_STAT_H 1
| #define HAVE_SYS_TIME_H 1
| #define HAVE_SYS_TYPES_H 1
| #define HAVE_SYS_WAIT_H 1
| #define RETSIGTYPE void
| #define SIZEOF_SHORT 2
| #define SIZEOF_INT 4
| #define SIZEOF_LONG 4
| #define SIZEOF_LONG_LONG 8
| #define SIZEOF___INT16 0
| #define SIZEOF___INT32 0
| #define SIZEOF___INT64 0
| #define SIZEOF_VOID_P 4
| #define SIZEOF_SIZE_T 4
| #define SIZEOF_PTRDIFF_T 4
| #define SIZEOF___INT32 0
| #define SIZEOF_INTMAX_T 8
| #define SIZEOF_UINTMAX_T 8
| #define SIZEOF_INTPTR_T 4
| /* end confdefs.h.  */
| #include <stdio.h>
| #if HAVE_SYS_TYPES_H
| # include <sys/types.h>
| #endif
| #if HAVE_SYS_STAT_H
| # include <sys/stat.h>
| #endif
| #if STDC_HEADERS
| # include <stdlib.h>
| # include <stddef.h>
| #else
| # if HAVE_STDLIB_H
| #  include <stdlib.h>
| # endif
| #endif
| #if HAVE_STRING_H
| # if !STDC_HEADERS && HAVE_MEMORY_H
| #  include <memory.h>
| # endif
| # include <string.h>
| #endif
| #if HAVE_STRINGS_H
| # include <strings.h>
| #endif
| #if HAVE_INTTYPES_H
| # include <inttypes.h>
| #else
| # if HAVE_STDINT_H
| #  include <stdint.h>
| # endif
| #endif
| #if HAVE_UNISTD_H
| # include <unistd.h>
| #endif
| int
| main ()
| {
| static int test_array [1 - 2 * !(((long) (sizeof (uintptr_t))) <= 1)];
| test_array [0] = 0
| 
|   ;
|   return 0;
| }
configure:26056: /opt/lede-toolchain-ramips-mt7621_gcc-5.4.0_musl-1.1.24.Linux-x86_64/toolchain-mipsel_24kc_gcc-5.4.0_musl-1.1.24/bin/mipsel-openwrt-linux-musl-gcc -c -Os -Wall -DLINUX26 -DCONFIG_RALINK -DMUSL_LIBC -DDEBUG_NOISY -DDEBUG_RCTEST -D_GNU_SOURCE -D__UAPI_DEF_ETHHDR -DRALINK_DBDC_MODE -pipe -funit-at-a-time -Wno-pointer-sign -mtune=mips32 -mips32 -DLINUX_KERNEL_VERSION=263366 --sysroot=/opt/lede-toolchain-ramips-mt7621_gcc-5.4.0_musl-1.1.24.Linux-x86_64/toolchain-mipsel_24kc_gcc-5.4.0_musl-1.1.24   conftest.c >&5
conftest.c: In function 'main':
conftest.c:106:12: error: size of array 'test_array' is negative
 static int test_array [1 - 2 * !(((long) (sizeof (uintptr_t))) <= 3)];
            ^
conftest.c:106:12: warning: variable 'test_array' set but not used [-Wunused-but-set-variable]
configure:26062: $? = 1
configure: failed program was:
| /* confdefs.h.  */
| 
| #define PACKAGE_NAME "lzo"
| #define PACKAGE_TARNAME "lzo"
| #define PACKAGE_VERSION "2.03"
| #define PACKAGE_STRING "lzo 2.03"
| #define PACKAGE_BUGREPORT "markus@oberhumer.com"
| #define LZO_ABI_LITTLE_ENDIAN 1
| #define PACKAGE "lzo"
| #define VERSION "2.03"
| #define STDC_HEADERS 1
| #define HAVE_SYS_TYPES_H 1
| #define HAVE_SYS_STAT_H 1
| #define HAVE_STDLIB_H 1
| #define HAVE_STRING_H 1
| #define HAVE_MEMORY_H 1
| #define HAVE_STRINGS_H 1
| #define HAVE_INTTYPES_H 1
| #define HAVE_STDINT_H 1
| #define HAVE_UNISTD_H 1
| #define HAVE_DLFCN_H 1
| #ifdef __cplusplus
| extern "C" void exit (int);
| #endif
| #define TIME_WITH_SYS_TIME 1
| #define HAVE_ASSERT_H 1
| #define HAVE_CTYPE_H 1
| #define HAVE_DIRENT_H 1
| #define HAVE_ERRNO_H 1
| #define HAVE_FCNTL_H 1
| #define HAVE_FLOAT_H 1
| #define HAVE_LIMITS_H 1
| #define HAVE_MALLOC_H 1
| #define HAVE_MEMORY_H 1
| #define HAVE_SETJMP_H 1
| #define HAVE_SIGNAL_H 1
| #define HAVE_STDARG_H 1
| #define HAVE_STDDEF_H 1
| #define HAVE_STDINT_H 1
| #define HAVE_STDIO_H 1
| #define HAVE_STDLIB_H 1
| #define HAVE_STRING_H 1
| #define HAVE_STRINGS_H 1
| #define HAVE_TIME_H 1
| #define HAVE_UNISTD_H 1
| #define HAVE_UTIME_H 1
| #define HAVE_SYS_MMAN_H 1
| #define HAVE_SYS_RESOURCE_H 1
| #define HAVE_SYS_STAT_H 1
| #define HAVE_SYS_TIME_H 1
| #define HAVE_SYS_TYPES_H 1
| #define HAVE_SYS_WAIT_H 1
| #define RETSIGTYPE void
| #define SIZEOF_SHORT 2
| #define SIZEOF_INT 4
| #define SIZEOF_LONG 4
| #define SIZEOF_LONG_LONG 8
| #define SIZEOF___INT16 0
| #define SIZEOF___INT32 0
| #define SIZEOF___INT64 0
| #define SIZEOF_VOID_P 4
| #define SIZEOF_SIZE_T 4
| #define SIZEOF_PTRDIFF_T 4
| #define SIZEOF___INT32 0
| #define SIZEOF_INTMAX_T 8
| #define SIZEOF_UINTMAX_T 8
| #define SIZEOF_INTPTR_T 4
| /* end confdefs.h.  */
| #include <stdio.h>
| #if HAVE_SYS_TYPES_H
| # include <sys/types.h>
| #endif
| #if HAVE_SYS_STAT_H
| # include <sys/stat.h>
| #endif
| #if STDC_HEADERS
| # include <stdlib.h>
| # include <stddef.h>
| #else
| # if HAVE_STDLIB_H
| #  include <stdlib.h>
| # endif
| #endif
| #if HAVE_STRING_H
| # if !STDC_HEADERS && HAVE_MEMORY_H
| #  include <memory.h>
| # endif
| # include <string.h>
| #endif
| #if HAVE_STRINGS_H
| # include <strings.h>
| #endif
| #if HAVE_INTTYPES_H
| # include <inttypes.h>
| #else
| # if HAVE_STDINT_H
| #  include <stdint.h>
| # endif
| #endif
| #if HAVE_UNISTD_H
| # include <unistd.h>
| #endif
| int
| main ()
| {
| static int test_array [1 - 2 * !(((long) (sizeof (uintptr_t))) <= 3)];
| test_array [0] = 0
| 
|   ;
|   return 0;
| }
configure:26056: /opt/lede-toolchain-ramips-mt7621_gcc-5.4.0_musl-1.1.24.Linux-x86_64/toolchain-mipsel_24kc_gcc-5.4.0_musl-1.1.24/bin/mipsel-openwrt-linux-musl-gcc -c -Os -Wall -DLINUX26 -DCONFIG_RALINK -DMUSL_LIBC -DDEBUG_NOISY -DDEBUG_RCTEST -D_GNU_SOURCE -D__UAPI_DEF_ETHHDR -DRALINK_DBDC_MODE -pipe -funit-at-a-time -Wno-pointer-sign -mtune=mips32 -mips32 -DLINUX_KERNEL_VERSION=263366 --sysroot=/opt/lede-toolchain-ramips-mt7621_gcc-5.4.0_musl-1.1.24.Linux-x86_64/toolchain-mipsel_24kc_gcc-5.4.0_musl-1.1.24   conftest.c >&5
conftest.c: In function 'main':
conftest.c:106:12: warning: variable 'test_array' set but not used [-Wunused-but-set-variable]
 static int test_array [1 - 2 * !(((long) (sizeof (uintptr_t))) <= 7)];
            ^
configure:26062: $? = 0
configure:26065: test -z 			 || test ! -s conftest.err
configure:26068: $? = 0
configure:26071: test -s conftest.o
configure:26074: $? = 0
configure:26216: /opt/lede-toolchain-ramips-mt7621_gcc-5.4.0_musl-1.1.24.Linux-x86_64/toolchain-mipsel_24kc_gcc-5.4.0_musl-1.1.24/bin/mipsel-openwrt-linux-musl-gcc -c -Os -Wall -DLINUX26 -DCONFIG_RALINK -DMUSL_LIBC -DDEBUG_NOISY -DDEBUG_RCTEST -D_GNU_SOURCE -D__UAPI_DEF_ETHHDR -DRALINK_DBDC_MODE -pipe -funit-at-a-time -Wno-pointer-sign -mtune=mips32 -mips32 -DLINUX_KERNEL_VERSION=263366 --sysroot=/opt/lede-toolchain-ramips-mt7621_gcc-5.4.0_musl-1.1.24.Linux-x86_64/toolchain-mipsel_24kc_gcc-5.4.0_musl-1.1.24   conftest.c >&5
conftest.c: In function 'main':
conftest.c:106:12: warning: variable 'test_array' set but not used [-Wunused-but-set-variable]
 static int test_array [1 - 2 * !(((long) (sizeof (uintptr_t))) <= 5)];
            ^
configure:26222: $? = 0
configure:26225: test -z 			 || test ! -s conftest.err
configure:26228: $? = 0
configure:26231: test -s conftest.o
configure:26234: $? = 0
configure:26216: /opt/lede-toolchain-ramips-mt7621_gcc-5.4.0_musl-1.1.24.Linux-x86_64/toolchain-mipsel_24kc_gcc-5.4.0_musl-1.1.24/bin/mipsel-openwrt-linux-musl-gcc -c -Os -Wall -DLINUX26 -DCONFIG_RALINK -DMUSL_LIBC -DDEBUG_NOISY -DDEBUG_RCTEST -D_GNU_SOURCE -D__UAPI_DEF_ETHHDR -DRALINK_DBDC_MODE -pipe -funit-at-a-time -Wno-pointer-sign -mtune=mips32 -mips32 -DLINUX_KERNEL_VERSION=263366 --sysroot=/opt/lede-toolchain-ramips-mt7621_gcc-5.4.0_musl-1.1.24.Linux-x86_64/toolchain-mipsel_24kc_gcc-5.4.0_musl-1.1.24   conftest.c >&5
conftest.c: In function 'main':
conftest.c:106:12: warning: variable 'test_array' set but not used [-Wunused-but-set-variable]
 static int test_array [1 - 2 * !(((long) (sizeof (uintptr_t))) <= 4)];
            ^
configure:26222: $? = 0
configure:26225: test -z 			 || test ! -s conftest.err
configure:26228: $? = 0
configure:26231: test -s conftest.o
configure:26234: $? = 0
configure:26329: result: 4
configure:26337: checking for float
configure:26361: /opt/lede-toolchain-ramips-mt7621_gcc-5.4.0_musl-1.1.24.Linux-x86_64/toolchain-mipsel_24kc_gcc-5.4.0_musl-1.1.24/bin/mipsel-openwrt-linux-musl-gcc -c -Os -Wall -DLINUX26 -DCONFIG_RALINK -DMUSL_LIBC -DDEBUG_NOISY -DDEBUG_RCTEST -D_GNU_SOURCE -D__UAPI_DEF_ETHHDR -DRALINK_DBDC_MODE -pipe -funit-at-a-time -Wno-pointer-sign -mtune=mips32 -mips32 -DLINUX_KERNEL_VERSION=263366 --sysroot=/opt/lede-toolchain-ramips-mt7621_gcc-5.4.0_musl-1.1.24.Linux-x86_64/toolchain-mipsel_24kc_gcc-5.4.0_musl-1.1.24   conftest.c >&5
configure:26367: $? = 0
configure:26370: test -z 			 || test ! -s conftest.err
configure:26373: $? = 0
configure:26376: test -s conftest.o
configure:26379: $? = 0
configure:26390: result: yes
configure:26393: checking size of float
configure:26423: /opt/lede-toolchain-ramips-mt7621_gcc-5.4.0_musl-1.1.24.Linux-x86_64/toolchain-mipsel_24kc_gcc-5.4.0_musl-1.1.24/bin/mipsel-openwrt-linux-musl-gcc -c -Os -Wall -DLINUX26 -DCONFIG_RALINK -DMUSL_LIBC -DDEBUG_NOISY -DDEBUG_RCTEST -D_GNU_SOURCE -D__UAPI_DEF_ETHHDR -DRALINK_DBDC_MODE -pipe -funit-at-a-time -Wno-pointer-sign -mtune=mips32 -mips32 -DLINUX_KERNEL_VERSION=263366 --sysroot=/opt/lede-toolchain-ramips-mt7621_gcc-5.4.0_musl-1.1.24.Linux-x86_64/toolchain-mipsel_24kc_gcc-5.4.0_musl-1.1.24   conftest.c >&5
conftest.c: In function 'main':
conftest.c:107:12: warning: variable 'test_array' set but not used [-Wunused-but-set-variable]
 static int test_array [1 - 2 * !(((long) (sizeof (float))) >= 0)];
            ^
configure:26429: $? = 0
configure:26432: test -z 			 || test ! -s conftest.err
configure:26435: $? = 0
configure:26438: test -s conftest.o
configure:26441: $? = 0
configure:26463: /opt/lede-toolchain-ramips-mt7621_gcc-5.4.0_musl-1.1.24.Linux-x86_64/toolchain-mipsel_24kc_gcc-5.4.0_musl-1.1.24/bin/mipsel-openwrt-linux-musl-gcc -c -Os -Wall -DLINUX26 -DCONFIG_RALINK -DMUSL_LIBC -DDEBUG_NOISY -DDEBUG_RCTEST -D_GNU_SOURCE -D__UAPI_DEF_ETHHDR -DRALINK_DBDC_MODE -pipe -funit-at-a-time -Wno-pointer-sign -mtune=mips32 -mips32 -DLINUX_KERNEL_VERSION=263366 --sysroot=/opt/lede-toolchain-ramips-mt7621_gcc-5.4.0_musl-1.1.24.Linux-x86_64/toolchain-mipsel_24kc_gcc-5.4.0_musl-1.1.24   conftest.c >&5
conftest.c: In function 'main':
conftest.c:107:12: error: size of array 'test_array' is negative
 static int test_array [1 - 2 * !(((long) (sizeof (float))) <= 0)];
            ^
conftest.c:107:12: warning: variable 'test_array' set but not used [-Wunused-but-set-variable]
configure:26469: $? = 1
configure: failed program was:
| /* confdefs.h.  */
| 
| #define PACKAGE_NAME "lzo"
| #define PACKAGE_TARNAME "lzo"
| #define PACKAGE_VERSION "2.03"
| #define PACKAGE_STRING "lzo 2.03"
| #define PACKAGE_BUGREPORT "markus@oberhumer.com"
| #define LZO_ABI_LITTLE_ENDIAN 1
| #define PACKAGE "lzo"
| #define VERSION "2.03"
| #define STDC_HEADERS 1
| #define HAVE_SYS_TYPES_H 1
| #define HAVE_SYS_STAT_H 1
| #define HAVE_STDLIB_H 1
| #define HAVE_STRING_H 1
| #define HAVE_MEMORY_H 1
| #define HAVE_STRINGS_H 1
| #define HAVE_INTTYPES_H 1
| #define HAVE_STDINT_H 1
| #define HAVE_UNISTD_H 1
| #define HAVE_DLFCN_H 1
| #ifdef __cplusplus
| extern "C" void exit (int);
| #endif
| #define TIME_WITH_SYS_TIME 1
| #define HAVE_ASSERT_H 1
| #define HAVE_CTYPE_H 1
| #define HAVE_DIRENT_H 1
| #define HAVE_ERRNO_H 1
| #define HAVE_FCNTL_H 1
| #define HAVE_FLOAT_H 1
| #define HAVE_LIMITS_H 1
| #define HAVE_MALLOC_H 1
| #define HAVE_MEMORY_H 1
| #define HAVE_SETJMP_H 1
| #define HAVE_SIGNAL_H 1
| #define HAVE_STDARG_H 1
| #define HAVE_STDDEF_H 1
| #define HAVE_STDINT_H 1
| #define HAVE_STDIO_H 1
| #define HAVE_STDLIB_H 1
| #define HAVE_STRING_H 1
| #define HAVE_STRINGS_H 1
| #define HAVE_TIME_H 1
| #define HAVE_UNISTD_H 1
| #define HAVE_UTIME_H 1
| #define HAVE_SYS_MMAN_H 1
| #define HAVE_SYS_RESOURCE_H 1
| #define HAVE_SYS_STAT_H 1
| #define HAVE_SYS_TIME_H 1
| #define HAVE_SYS_TYPES_H 1
| #define HAVE_SYS_WAIT_H 1
| #define RETSIGTYPE void
| #define SIZEOF_SHORT 2
| #define SIZEOF_INT 4
| #define SIZEOF_LONG 4
| #define SIZEOF_LONG_LONG 8
| #define SIZEOF___INT16 0
| #define SIZEOF___INT32 0
| #define SIZEOF___INT64 0
| #define SIZEOF_VOID_P 4
| #define SIZEOF_SIZE_T 4
| #define SIZEOF_PTRDIFF_T 4
| #define SIZEOF___INT32 0
| #define SIZEOF_INTMAX_T 8
| #define SIZEOF_UINTMAX_T 8
| #define SIZEOF_INTPTR_T 4
| #define SIZEOF_UINTPTR_T 4
| /* end confdefs.h.  */
| #include <stdio.h>
| #if HAVE_SYS_TYPES_H
| # include <sys/types.h>
| #endif
| #if HAVE_SYS_STAT_H
| # include <sys/stat.h>
| #endif
| #if STDC_HEADERS
| # include <stdlib.h>
| # include <stddef.h>
| #else
| # if HAVE_STDLIB_H
| #  include <stdlib.h>
| # endif
| #endif
| #if HAVE_STRING_H
| # if !STDC_HEADERS && HAVE_MEMORY_H
| #  include <memory.h>
| # endif
| # include <string.h>
| #endif
| #if HAVE_STRINGS_H
| # include <strings.h>
| #endif
| #if HAVE_INTTYPES_H
| # include <inttypes.h>
| #else
| # if HAVE_STDINT_H
| #  include <stdint.h>
| # endif
| #endif
| #if HAVE_UNISTD_H
| # include <unistd.h>
| #endif
| int
| main ()
| {
| static int test_array [1 - 2 * !(((long) (sizeof (float))) <= 0)];
| test_array [0] = 0
| 
|   ;
|   return 0;
| }
configure:26463: /opt/lede-toolchain-ramips-mt7621_gcc-5.4.0_musl-1.1.24.Linux-x86_64/toolchain-mipsel_24kc_gcc-5.4.0_musl-1.1.24/bin/mipsel-openwrt-linux-musl-gcc -c -Os -Wall -DLINUX26 -DCONFIG_RALINK -DMUSL_LIBC -DDEBUG_NOISY -DDEBUG_RCTEST -D_GNU_SOURCE -D__UAPI_DEF_ETHHDR -DRALINK_DBDC_MODE -pipe -funit-at-a-time -Wno-pointer-sign -mtune=mips32 -mips32 -DLINUX_KERNEL_VERSION=263366 --sysroot=/opt/lede-toolchain-ramips-mt7621_gcc-5.4.0_musl-1.1.24.Linux-x86_64/toolchain-mipsel_24kc_gcc-5.4.0_musl-1.1.24   conftest.c >&5
conftest.c: In function 'main':
conftest.c:107:12: error: size of array 'test_array' is negative
 static int test_array [1 - 2 * !(((long) (sizeof (float))) <= 1)];
            ^
conftest.c:107:12: warning: variable 'test_array' set but not used [-Wunused-but-set-variable]
configure:26469: $? = 1
configure: failed program was:
| /* confdefs.h.  */
| 
| #define PACKAGE_NAME "lzo"
| #define PACKAGE_TARNAME "lzo"
| #define PACKAGE_VERSION "2.03"
| #define PACKAGE_STRING "lzo 2.03"
| #define PACKAGE_BUGREPORT "markus@oberhumer.com"
| #define LZO_ABI_LITTLE_ENDIAN 1
| #define PACKAGE "lzo"
| #define VERSION "2.03"
| #define STDC_HEADERS 1
| #define HAVE_SYS_TYPES_H 1
| #define HAVE_SYS_STAT_H 1
| #define HAVE_STDLIB_H 1
| #define HAVE_STRING_H 1
| #define HAVE_MEMORY_H 1
| #define HAVE_STRINGS_H 1
| #define HAVE_INTTYPES_H 1
| #define HAVE_STDINT_H 1
| #define HAVE_UNISTD_H 1
| #define HAVE_DLFCN_H 1
| #ifdef __cplusplus
| extern "C" void exit (int);
| #endif
| #define TIME_WITH_SYS_TIME 1
| #define HAVE_ASSERT_H 1
| #define HAVE_CTYPE_H 1
| #define HAVE_DIRENT_H 1
| #define HAVE_ERRNO_H 1
| #define HAVE_FCNTL_H 1
| #define HAVE_FLOAT_H 1
| #define HAVE_LIMITS_H 1
| #define HAVE_MALLOC_H 1
| #define HAVE_MEMORY_H 1
| #define HAVE_SETJMP_H 1
| #define HAVE_SIGNAL_H 1
| #define HAVE_STDARG_H 1
| #define HAVE_STDDEF_H 1
| #define HAVE_STDINT_H 1
| #define HAVE_STDIO_H 1
| #define HAVE_STDLIB_H 1
| #define HAVE_STRING_H 1
| #define HAVE_STRINGS_H 1
| #define HAVE_TIME_H 1
| #define HAVE_UNISTD_H 1
| #define HAVE_UTIME_H 1
| #define HAVE_SYS_MMAN_H 1
| #define HAVE_SYS_RESOURCE_H 1
| #define HAVE_SYS_STAT_H 1
| #define HAVE_SYS_TIME_H 1
| #define HAVE_SYS_TYPES_H 1
| #define HAVE_SYS_WAIT_H 1
| #define RETSIGTYPE void
| #define SIZEOF_SHORT 2
| #define SIZEOF_INT 4
| #define SIZEOF_LONG 4
| #define SIZEOF_LONG_LONG 8
| #define SIZEOF___INT16 0
| #define SIZEOF___INT32 0
| #define SIZEOF___INT64 0
| #define SIZEOF_VOID_P 4
| #define SIZEOF_SIZE_T 4
| #define SIZEOF_PTRDIFF_T 4
| #define SIZEOF___INT32 0
| #define SIZEOF_INTMAX_T 8
| #define SIZEOF_UINTMAX_T 8
| #define SIZEOF_INTPTR_T 4
| #define SIZEOF_UINTPTR_T 4
| /* end confdefs.h.  */
| #include <stdio.h>
| #if HAVE_SYS_TYPES_H
| # include <sys/types.h>
| #endif
| #if HAVE_SYS_STAT_H
| # include <sys/stat.h>
| #endif
| #if STDC_HEADERS
| # include <stdlib.h>
| # include <stddef.h>
| #else
| # if HAVE_STDLIB_H
| #  include <stdlib.h>
| # endif
| #endif
| #if HAVE_STRING_H
| # if !STDC_HEADERS && HAVE_MEMORY_H
| #  include <memory.h>
| # endif
| # include <string.h>
| #endif
| #if HAVE_STRINGS_H
| # include <strings.h>
| #endif
| #if HAVE_INTTYPES_H
| # include <inttypes.h>
| #else
| # if HAVE_STDINT_H
| #  include <stdint.h>
| # endif
| #endif
| #if HAVE_UNISTD_H
| # include <unistd.h>
| #endif
| int
| main ()
| {
| static int test_array [1 - 2 * !(((long) (sizeof (float))) <= 1)];
| test_array [0] = 0
| 
|   ;
|   return 0;
| }
configure:26463: /opt/lede-toolchain-ramips-mt7621_gcc-5.4.0_musl-1.1.24.Linux-x86_64/toolchain-mipsel_24kc_gcc-5.4.0_musl-1.1.24/bin/mipsel-openwrt-linux-musl-gcc -c -Os -Wall -DLINUX26 -DCONFIG_RALINK -DMUSL_LIBC -DDEBUG_NOISY -DDEBUG_RCTEST -D_GNU_SOURCE -D__UAPI_DEF_ETHHDR -DRALINK_DBDC_MODE -pipe -funit-at-a-time -Wno-pointer-sign -mtune=mips32 -mips32 -DLINUX_KERNEL_VERSION=263366 --sysroot=/opt/lede-toolchain-ramips-mt7621_gcc-5.4.0_musl-1.1.24.Linux-x86_64/toolchain-mipsel_24kc_gcc-5.4.0_musl-1.1.24   conftest.c >&5
conftest.c: In function 'main':
conftest.c:107:12: error: size of array 'test_array' is negative
 static int test_array [1 - 2 * !(((long) (sizeof (float))) <= 3)];
            ^
conftest.c:107:12: warning: variable 'test_array' set but not used [-Wunused-but-set-variable]
configure:26469: $? = 1
configure: failed program was:
| /* confdefs.h.  */
| 
| #define PACKAGE_NAME "lzo"
| #define PACKAGE_TARNAME "lzo"
| #define PACKAGE_VERSION "2.03"
| #define PACKAGE_STRING "lzo 2.03"
| #define PACKAGE_BUGREPORT "markus@oberhumer.com"
| #define LZO_ABI_LITTLE_ENDIAN 1
| #define PACKAGE "lzo"
| #define VERSION "2.03"
| #define STDC_HEADERS 1
| #define HAVE_SYS_TYPES_H 1
| #define HAVE_SYS_STAT_H 1
| #define HAVE_STDLIB_H 1
| #define HAVE_STRING_H 1
| #define HAVE_MEMORY_H 1
| #define HAVE_STRINGS_H 1
| #define HAVE_INTTYPES_H 1
| #define HAVE_STDINT_H 1
| #define HAVE_UNISTD_H 1
| #define HAVE_DLFCN_H 1
| #ifdef __cplusplus
| extern "C" void exit (int);
| #endif
| #define TIME_WITH_SYS_TIME 1
| #define HAVE_ASSERT_H 1
| #define HAVE_CTYPE_H 1
| #define HAVE_DIRENT_H 1
| #define HAVE_ERRNO_H 1
| #define HAVE_FCNTL_H 1
| #define HAVE_FLOAT_H 1
| #define HAVE_LIMITS_H 1
| #define HAVE_MALLOC_H 1
| #define HAVE_MEMORY_H 1
| #define HAVE_SETJMP_H 1
| #define HAVE_SIGNAL_H 1
| #define HAVE_STDARG_H 1
| #define HAVE_STDDEF_H 1
| #define HAVE_STDINT_H 1
| #define HAVE_STDIO_H 1
| #define HAVE_STDLIB_H 1
| #define HAVE_STRING_H 1
| #define HAVE_STRINGS_H 1
| #define HAVE_TIME_H 1
| #define HAVE_UNISTD_H 1
| #define HAVE_UTIME_H 1
| #define HAVE_SYS_MMAN_H 1
| #define HAVE_SYS_RESOURCE_H 1
| #define HAVE_SYS_STAT_H 1
| #define HAVE_SYS_TIME_H 1
| #define HAVE_SYS_TYPES_H 1
| #define HAVE_SYS_WAIT_H 1
| #define RETSIGTYPE void
| #define SIZEOF_SHORT 2
| #define SIZEOF_INT 4
| #define SIZEOF_LONG 4
| #define SIZEOF_LONG_LONG 8
| #define SIZEOF___INT16 0
| #define SIZEOF___INT32 0
| #define SIZEOF___INT64 0
| #define SIZEOF_VOID_P 4
| #define SIZEOF_SIZE_T 4
| #define SIZEOF_PTRDIFF_T 4
| #define SIZEOF___INT32 0
| #define SIZEOF_INTMAX_T 8
| #define SIZEOF_UINTMAX_T 8
| #define SIZEOF_INTPTR_T 4
| #define SIZEOF_UINTPTR_T 4
| /* end confdefs.h.  */
| #include <stdio.h>
| #if HAVE_SYS_TYPES_H
| # include <sys/types.h>
| #endif
| #if HAVE_SYS_STAT_H
| # include <sys/stat.h>
| #endif
| #if STDC_HEADERS
| # include <stdlib.h>
| # include <stddef.h>
| #else
| # if HAVE_STDLIB_H
| #  include <stdlib.h>
| # endif
| #endif
| #if HAVE_STRING_H
| # if !STDC_HEADERS && HAVE_MEMORY_H
| #  include <memory.h>
| # endif
| # include <string.h>
| #endif
| #if HAVE_STRINGS_H
| # include <strings.h>
| #endif
| #if HAVE_INTTYPES_H
| # include <inttypes.h>
| #else
| # if HAVE_STDINT_H
| #  include <stdint.h>
| # endif
| #endif
| #if HAVE_UNISTD_H
| # include <unistd.h>
| #endif
| int
| main ()
| {
| static int test_array [1 - 2 * !(((long) (sizeof (float))) <= 3)];
| test_array [0] = 0
| 
|   ;
|   return 0;
| }
configure:26463: /opt/lede-toolchain-ramips-mt7621_gcc-5.4.0_musl-1.1.24.Linux-x86_64/toolchain-mipsel_24kc_gcc-5.4.0_musl-1.1.24/bin/mipsel-openwrt-linux-musl-gcc -c -Os -Wall -DLINUX26 -DCONFIG_RALINK -DMUSL_LIBC -DDEBUG_NOISY -DDEBUG_RCTEST -D_GNU_SOURCE -D__UAPI_DEF_ETHHDR -DRALINK_DBDC_MODE -pipe -funit-at-a-time -Wno-pointer-sign -mtune=mips32 -mips32 -DLINUX_KERNEL_VERSION=263366 --sysroot=/opt/lede-toolchain-ramips-mt7621_gcc-5.4.0_musl-1.1.24.Linux-x86_64/toolchain-mipsel_24kc_gcc-5.4.0_musl-1.1.24   conftest.c >&5
conftest.c: In function 'main':
conftest.c:107:12: warning: variable 'test_array' set but not used [-Wunused-but-set-variable]
 static int test_array [1 - 2 * !(((long) (sizeof (float))) <= 7)];
            ^
configure:26469: $? = 0
configure:26472: test -z 			 || test ! -s conftest.err
configure:26475: $? = 0
configure:26478: test -s conftest.o
configure:26481: $? = 0
configure:26623: /opt/lede-toolchain-ramips-mt7621_gcc-5.4.0_musl-1.1.24.Linux-x86_64/toolchain-mipsel_24kc_gcc-5.4.0_musl-1.1.24/bin/mipsel-openwrt-linux-musl-gcc -c -Os -Wall -DLINUX26 -DCONFIG_RALINK -DMUSL_LIBC -DDEBUG_NOISY -DDEBUG_RCTEST -D_GNU_SOURCE -D__UAPI_DEF_ETHHDR -DRALINK_DBDC_MODE -pipe -funit-at-a-time -Wno-pointer-sign -mtune=mips32 -mips32 -DLINUX_KERNEL_VERSION=263366 --sysroot=/opt/lede-toolchain-ramips-mt7621_gcc-5.4.0_musl-1.1.24.Linux-x86_64/toolchain-mipsel_24kc_gcc-5.4.0_musl-1.1.24   conftest.c >&5
conftest.c: In function 'main':
conftest.c:107:12: warning: variable 'test_array' set but not used [-Wunused-but-set-variable]
 static int test_array [1 - 2 * !(((long) (sizeof (float))) <= 5)];
            ^
configure:26629: $? = 0
configure:26632: test -z 			 || test ! -s conftest.err
configure:26635: $? = 0
configure:26638: test -s conftest.o
configure:26641: $? = 0
configure:26623: /opt/lede-toolchain-ramips-mt7621_gcc-5.4.0_musl-1.1.24.Linux-x86_64/toolchain-mipsel_24kc_gcc-5.4.0_musl-1.1.24/bin/mipsel-openwrt-linux-musl-gcc -c -Os -Wall -DLINUX26 -DCONFIG_RALINK -DMUSL_LIBC -DDEBUG_NOISY -DDEBUG_RCTEST -D_GNU_SOURCE -D__UAPI_DEF_ETHHDR -DRALINK_DBDC_MODE -pipe -funit-at-a-time -Wno-pointer-sign -mtune=mips32 -mips32 -DLINUX_KERNEL_VERSION=263366 --sysroot=/opt/lede-toolchain-ramips-mt7621_gcc-5.4.0_musl-1.1.24.Linux-x86_64/toolchain-mipsel_24kc_gcc-5.4.0_musl-1.1.24   conftest.c >&5
conftest.c: In function 'main':
conftest.c:107:12: warning: variable 'test_array' set but not used [-Wunused-but-set-variable]
 static int test_array [1 - 2 * !(((long) (sizeof (float))) <= 4)];
            ^
configure:26629: $? = 0
configure:26632: test -z 			 || test ! -s conftest.err
configure:26635: $? = 0
configure:26638: test -s conftest.o
configure:26641: $? = 0
configure:26736: result: 4
configure:26743: checking for double
configure:26767: /opt/lede-toolchain-ramips-mt7621_gcc-5.4.0_musl-1.1.24.Linux-x86_64/toolchain-mipsel_24kc_gcc-5.4.0_musl-1.1.24/bin/mipsel-openwrt-linux-musl-gcc -c -Os -Wall -DLINUX26 -DCONFIG_RALINK -DMUSL_LIBC -DDEBUG_NOISY -DDEBUG_RCTEST -D_GNU_SOURCE -D__UAPI_DEF_ETHHDR -DRALINK_DBDC_MODE -pipe -funit-at-a-time -Wno-pointer-sign -mtune=mips32 -mips32 -DLINUX_KERNEL_VERSION=263366 --sysroot=/opt/lede-toolchain-ramips-mt7621_gcc-5.4.0_musl-1.1.24.Linux-x86_64/toolchain-mipsel_24kc_gcc-5.4.0_musl-1.1.24   conftest.c >&5
configure:26773: $? = 0
configure:26776: test -z 			 || test ! -s conftest.err
configure:26779: $? = 0
configure:26782: test -s conftest.o
configure:26785: $? = 0
configure:26796: result: yes
configure:26799: checking size of double
configure:26829: /opt/lede-toolchain-ramips-mt7621_gcc-5.4.0_musl-1.1.24.Linux-x86_64/toolchain-mipsel_24kc_gcc-5.4.0_musl-1.1.24/bin/mipsel-openwrt-linux-musl-gcc -c -Os -Wall -DLINUX26 -DCONFIG_RALINK -DMUSL_LIBC -DDEBUG_NOISY -DDEBUG_RCTEST -D_GNU_SOURCE -D__UAPI_DEF_ETHHDR -DRALINK_DBDC_MODE -pipe -funit-at-a-time -Wno-pointer-sign -mtune=mips32 -mips32 -DLINUX_KERNEL_VERSION=263366 --sysroot=/opt/lede-toolchain-ramips-mt7621_gcc-5.4.0_musl-1.1.24.Linux-x86_64/toolchain-mipsel_24kc_gcc-5.4.0_musl-1.1.24   conftest.c >&5
conftest.c: In function 'main':
conftest.c:108:12: warning: variable 'test_array' set but not used [-Wunused-but-set-variable]
 static int test_array [1 - 2 * !(((long) (sizeof (double))) >= 0)];
            ^
configure:26835: $? = 0
configure:26838: test -z 			 || test ! -s conftest.err
configure:26841: $? = 0
configure:26844: test -s conftest.o
configure:26847: $? = 0
configure:26869: /opt/lede-toolchain-ramips-mt7621_gcc-5.4.0_musl-1.1.24.Linux-x86_64/toolchain-mipsel_24kc_gcc-5.4.0_musl-1.1.24/bin/mipsel-openwrt-linux-musl-gcc -c -Os -Wall -DLINUX26 -DCONFIG_RALINK -DMUSL_LIBC -DDEBUG_NOISY -DDEBUG_RCTEST -D_GNU_SOURCE -D__UAPI_DEF_ETHHDR -DRALINK_DBDC_MODE -pipe -funit-at-a-time -Wno-pointer-sign -mtune=mips32 -mips32 -DLINUX_KERNEL_VERSION=263366 --sysroot=/opt/lede-toolchain-ramips-mt7621_gcc-5.4.0_musl-1.1.24.Linux-x86_64/toolchain-mipsel_24kc_gcc-5.4.0_musl-1.1.24   conftest.c >&5
conftest.c: In function 'main':
conftest.c:108:12: error: size of array 'test_array' is negative
 static int test_array [1 - 2 * !(((long) (sizeof (double))) <= 0)];
            ^
conftest.c:108:12: warning: variable 'test_array' set but not used [-Wunused-but-set-variable]
configure:26875: $? = 1
configure: failed program was:
| /* confdefs.h.  */
| 
| #define PACKAGE_NAME "lzo"
| #define PACKAGE_TARNAME "lzo"
| #define PACKAGE_VERSION "2.03"
| #define PACKAGE_STRING "lzo 2.03"
| #define PACKAGE_BUGREPORT "markus@oberhumer.com"
| #define LZO_ABI_LITTLE_ENDIAN 1
| #define PACKAGE "lzo"
| #define VERSION "2.03"
| #define STDC_HEADERS 1
| #define HAVE_SYS_TYPES_H 1
| #define HAVE_SYS_STAT_H 1
| #define HAVE_STDLIB_H 1
| #define HAVE_STRING_H 1
| #define HAVE_MEMORY_H 1
| #define HAVE_STRINGS_H 1
| #define HAVE_INTTYPES_H 1
| #define HAVE_STDINT_H 1
| #define HAVE_UNISTD_H 1
| #define HAVE_DLFCN_H 1
| #ifdef __cplusplus
| extern "C" void exit (int);
| #endif
| #define TIME_WITH_SYS_TIME 1
| #define HAVE_ASSERT_H 1
| #define HAVE_CTYPE_H 1
| #define HAVE_DIRENT_H 1
| #define HAVE_ERRNO_H 1
| #define HAVE_FCNTL_H 1
| #define HAVE_FLOAT_H 1
| #define HAVE_LIMITS_H 1
| #define HAVE_MALLOC_H 1
| #define HAVE_MEMORY_H 1
| #define HAVE_SETJMP_H 1
| #define HAVE_SIGNAL_H 1
| #define HAVE_STDARG_H 1
| #define HAVE_STDDEF_H 1
| #define HAVE_STDINT_H 1
| #define HAVE_STDIO_H 1
| #define HAVE_STDLIB_H 1
| #define HAVE_STRING_H 1
| #define HAVE_STRINGS_H 1
| #define HAVE_TIME_H 1
| #define HAVE_UNISTD_H 1
| #define HAVE_UTIME_H 1
| #define HAVE_SYS_MMAN_H 1
| #define HAVE_SYS_RESOURCE_H 1
| #define HAVE_SYS_STAT_H 1
| #define HAVE_SYS_TIME_H 1
| #define HAVE_SYS_TYPES_H 1
| #define HAVE_SYS_WAIT_H 1
| #define RETSIGTYPE void
| #define SIZEOF_SHORT 2
| #define SIZEOF_INT 4
| #define SIZEOF_LONG 4
| #define SIZEOF_LONG_LONG 8
| #define SIZEOF___INT16 0
| #define SIZEOF___INT32 0
| #define SIZEOF___INT64 0
| #define SIZEOF_VOID_P 4
| #define SIZEOF_SIZE_T 4
| #define SIZEOF_PTRDIFF_T 4
| #define SIZEOF___INT32 0
| #define SIZEOF_INTMAX_T 8
| #define SIZEOF_UINTMAX_T 8
| #define SIZEOF_INTPTR_T 4
| #define SIZEOF_UINTPTR_T 4
| #define SIZEOF_FLOAT 4
| /* end confdefs.h.  */
| #include <stdio.h>
| #if HAVE_SYS_TYPES_H
| # include <sys/types.h>
| #endif
| #if HAVE_SYS_STAT_H
| # include <sys/stat.h>
| #endif
| #if STDC_HEADERS
| # include <stdlib.h>
| # include <stddef.h>
| #else
| # if HAVE_STDLIB_H
| #  include <stdlib.h>
| # endif
| #endif
| #if HAVE_STRING_H
| # if !STDC_HEADERS && HAVE_MEMORY_H
| #  include <memory.h>
| # endif
| # include <string.h>
| #endif
| #if HAVE_STRINGS_H
| # include <strings.h>
| #endif
| #if HAVE_INTTYPES_H
| # include <inttypes.h>
| #else
| # if HAVE_STDINT_H
| #  include <stdint.h>
| # endif
| #endif
| #if HAVE_UNISTD_H
| # include <unistd.h>
| #endif
| int
| main ()
| {
| static int test_array [1 - 2 * !(((long) (sizeof (double))) <= 0)];
| test_array [0] = 0
| 
|   ;
|   return 0;
| }
configure:26869: /opt/lede-toolchain-ramips-mt7621_gcc-5.4.0_musl-1.1.24.Linux-x86_64/toolchain-mipsel_24kc_gcc-5.4.0_musl-1.1.24/bin/mipsel-openwrt-linux-musl-gcc -c -Os -Wall -DLINUX26 -DCONFIG_RALINK -DMUSL_LIBC -DDEBUG_NOISY -DDEBUG_RCTEST -D_GNU_SOURCE -D__UAPI_DEF_ETHHDR -DRALINK_DBDC_MODE -pipe -funit-at-a-time -Wno-pointer-sign -mtune=mips32 -mips32 -DLINUX_KERNEL_VERSION=263366 --sysroot=/opt/lede-toolchain-ramips-mt7621_gcc-5.4.0_musl-1.1.24.Linux-x86_64/toolchain-mipsel_24kc_gcc-5.4.0_musl-1.1.24   conftest.c >&5
conftest.c: In function 'main':
conftest.c:108:12: error: size of array 'test_array' is negative
 static int test_array [1 - 2 * !(((long) (sizeof (double))) <= 1)];
            ^
conftest.c:108:12: warning: variable 'test_array' set but not used [-Wunused-but-set-variable]
configure:26875: $? = 1
configure: failed program was:
| /* confdefs.h.  */
| 
| #define PACKAGE_NAME "lzo"
| #define PACKAGE_TARNAME "lzo"
| #define PACKAGE_VERSION "2.03"
| #define PACKAGE_STRING "lzo 2.03"
| #define PACKAGE_BUGREPORT "markus@oberhumer.com"
| #define LZO_ABI_LITTLE_ENDIAN 1
| #define PACKAGE "lzo"
| #define VERSION "2.03"
| #define STDC_HEADERS 1
| #define HAVE_SYS_TYPES_H 1
| #define HAVE_SYS_STAT_H 1
| #define HAVE_STDLIB_H 1
| #define HAVE_STRING_H 1
| #define HAVE_MEMORY_H 1
| #define HAVE_STRINGS_H 1
| #define HAVE_INTTYPES_H 1
| #define HAVE_STDINT_H 1
| #define HAVE_UNISTD_H 1
| #define HAVE_DLFCN_H 1
| #ifdef __cplusplus
| extern "C" void exit (int);
| #endif
| #define TIME_WITH_SYS_TIME 1
| #define HAVE_ASSERT_H 1
| #define HAVE_CTYPE_H 1
| #define HAVE_DIRENT_H 1
| #define HAVE_ERRNO_H 1
| #define HAVE_FCNTL_H 1
| #define HAVE_FLOAT_H 1
| #define HAVE_LIMITS_H 1
| #define HAVE_MALLOC_H 1
| #define HAVE_MEMORY_H 1
| #define HAVE_SETJMP_H 1
| #define HAVE_SIGNAL_H 1
| #define HAVE_STDARG_H 1
| #define HAVE_STDDEF_H 1
| #define HAVE_STDINT_H 1
| #define HAVE_STDIO_H 1
| #define HAVE_STDLIB_H 1
| #define HAVE_STRING_H 1
| #define HAVE_STRINGS_H 1
| #define HAVE_TIME_H 1
| #define HAVE_UNISTD_H 1
| #define HAVE_UTIME_H 1
| #define HAVE_SYS_MMAN_H 1
| #define HAVE_SYS_RESOURCE_H 1
| #define HAVE_SYS_STAT_H 1
| #define HAVE_SYS_TIME_H 1
| #define HAVE_SYS_TYPES_H 1
| #define HAVE_SYS_WAIT_H 1
| #define RETSIGTYPE void
| #define SIZEOF_SHORT 2
| #define SIZEOF_INT 4
| #define SIZEOF_LONG 4
| #define SIZEOF_LONG_LONG 8
| #define SIZEOF___INT16 0
| #define SIZEOF___INT32 0
| #define SIZEOF___INT64 0
| #define SIZEOF_VOID_P 4
| #define SIZEOF_SIZE_T 4
| #define SIZEOF_PTRDIFF_T 4
| #define SIZEOF___INT32 0
| #define SIZEOF_INTMAX_T 8
| #define SIZEOF_UINTMAX_T 8
| #define SIZEOF_INTPTR_T 4
| #define SIZEOF_UINTPTR_T 4
| #define SIZEOF_FLOAT 4
| /* end confdefs.h.  */
| #include <stdio.h>
| #if HAVE_SYS_TYPES_H
| # include <sys/types.h>
| #endif
| #if HAVE_SYS_STAT_H
| # include <sys/stat.h>
| #endif
| #if STDC_HEADERS
| # include <stdlib.h>
| # include <stddef.h>
| #else
| # if HAVE_STDLIB_H
| #  include <stdlib.h>
| # endif
| #endif
| #if HAVE_STRING_H
| # if !STDC_HEADERS && HAVE_MEMORY_H
| #  include <memory.h>
| # endif
| # include <string.h>
| #endif
| #if HAVE_STRINGS_H
| # include <strings.h>
| #endif
| #if HAVE_INTTYPES_H
| # include <inttypes.h>
| #else
| # if HAVE_STDINT_H
| #  include <stdint.h>
| # endif
| #endif
| #if HAVE_UNISTD_H
| # include <unistd.h>
| #endif
| int
| main ()
| {
| static int test_array [1 - 2 * !(((long) (sizeof (double))) <= 1)];
| test_array [0] = 0
| 
|   ;
|   return 0;
| }
configure:26869: /opt/lede-toolchain-ramips-mt7621_gcc-5.4.0_musl-1.1.24.Linux-x86_64/toolchain-mipsel_24kc_gcc-5.4.0_musl-1.1.24/bin/mipsel-openwrt-linux-musl-gcc -c -Os -Wall -DLINUX26 -DCONFIG_RALINK -DMUSL_LIBC -DDEBUG_NOISY -DDEBUG_RCTEST -D_GNU_SOURCE -D__UAPI_DEF_ETHHDR -DRALINK_DBDC_MODE -pipe -funit-at-a-time -Wno-pointer-sign -mtune=mips32 -mips32 -DLINUX_KERNEL_VERSION=263366 --sysroot=/opt/lede-toolchain-ramips-mt7621_gcc-5.4.0_musl-1.1.24.Linux-x86_64/toolchain-mipsel_24kc_gcc-5.4.0_musl-1.1.24   conftest.c >&5
conftest.c: In function 'main':
conftest.c:108:12: error: size of array 'test_array' is negative
 static int test_array [1 - 2 * !(((long) (sizeof (double))) <= 3)];
            ^
conftest.c:108:12: warning: variable 'test_array' set but not used [-Wunused-but-set-variable]
configure:26875: $? = 1
configure: failed program was:
| /* confdefs.h.  */
| 
| #define PACKAGE_NAME "lzo"
| #define PACKAGE_TARNAME "lzo"
| #define PACKAGE_VERSION "2.03"
| #define PACKAGE_STRING "lzo 2.03"
| #define PACKAGE_BUGREPORT "markus@oberhumer.com"
| #define LZO_ABI_LITTLE_ENDIAN 1
| #define PACKAGE "lzo"
| #define VERSION "2.03"
| #define STDC_HEADERS 1
| #define HAVE_SYS_TYPES_H 1
| #define HAVE_SYS_STAT_H 1
| #define HAVE_STDLIB_H 1
| #define HAVE_STRING_H 1
| #define HAVE_MEMORY_H 1
| #define HAVE_STRINGS_H 1
| #define HAVE_INTTYPES_H 1
| #define HAVE_STDINT_H 1
| #define HAVE_UNISTD_H 1
| #define HAVE_DLFCN_H 1
| #ifdef __cplusplus
| extern "C" void exit (int);
| #endif
| #define TIME_WITH_SYS_TIME 1
| #define HAVE_ASSERT_H 1
| #define HAVE_CTYPE_H 1
| #define HAVE_DIRENT_H 1
| #define HAVE_ERRNO_H 1
| #define HAVE_FCNTL_H 1
| #define HAVE_FLOAT_H 1
| #define HAVE_LIMITS_H 1
| #define HAVE_MALLOC_H 1
| #define HAVE_MEMORY_H 1
| #define HAVE_SETJMP_H 1
| #define HAVE_SIGNAL_H 1
| #define HAVE_STDARG_H 1
| #define HAVE_STDDEF_H 1
| #define HAVE_STDINT_H 1
| #define HAVE_STDIO_H 1
| #define HAVE_STDLIB_H 1
| #define HAVE_STRING_H 1
| #define HAVE_STRINGS_H 1
| #define HAVE_TIME_H 1
| #define HAVE_UNISTD_H 1
| #define HAVE_UTIME_H 1
| #define HAVE_SYS_MMAN_H 1
| #define HAVE_SYS_RESOURCE_H 1
| #define HAVE_SYS_STAT_H 1
| #define HAVE_SYS_TIME_H 1
| #define HAVE_SYS_TYPES_H 1
| #define HAVE_SYS_WAIT_H 1
| #define RETSIGTYPE void
| #define SIZEOF_SHORT 2
| #define SIZEOF_INT 4
| #define SIZEOF_LONG 4
| #define SIZEOF_LONG_LONG 8
| #define SIZEOF___INT16 0
| #define SIZEOF___INT32 0
| #define SIZEOF___INT64 0
| #define SIZEOF_VOID_P 4
| #define SIZEOF_SIZE_T 4
| #define SIZEOF_PTRDIFF_T 4
| #define SIZEOF___INT32 0
| #define SIZEOF_INTMAX_T 8
| #define SIZEOF_UINTMAX_T 8
| #define SIZEOF_INTPTR_T 4
| #define SIZEOF_UINTPTR_T 4
| #define SIZEOF_FLOAT 4
| /* end confdefs.h.  */
| #include <stdio.h>
| #if HAVE_SYS_TYPES_H
| # include <sys/types.h>
| #endif
| #if HAVE_SYS_STAT_H
| # include <sys/stat.h>
| #endif
| #if STDC_HEADERS
| # include <stdlib.h>
| # include <stddef.h>
| #else
| # if HAVE_STDLIB_H
| #  include <stdlib.h>
| # endif
| #endif
| #if HAVE_STRING_H
| # if !STDC_HEADERS && HAVE_MEMORY_H
| #  include <memory.h>
| # endif
| # include <string.h>
| #endif
| #if HAVE_STRINGS_H
| # include <strings.h>
| #endif
| #if HAVE_INTTYPES_H
| # include <inttypes.h>
| #else
| # if HAVE_STDINT_H
| #  include <stdint.h>
| # endif
| #endif
| #if HAVE_UNISTD_H
| # include <unistd.h>
| #endif
| int
| main ()
| {
| static int test_array [1 - 2 * !(((long) (sizeof (double))) <= 3)];
| test_array [0] = 0
| 
|   ;
|   return 0;
| }
configure:26869: /opt/lede-toolchain-ramips-mt7621_gcc-5.4.0_musl-1.1.24.Linux-x86_64/toolchain-mipsel_24kc_gcc-5.4.0_musl-1.1.24/bin/mipsel-openwrt-linux-musl-gcc -c -Os -Wall -DLINUX26 -DCONFIG_RALINK -DMUSL_LIBC -DDEBUG_NOISY -DDEBUG_RCTEST -D_GNU_SOURCE -D__UAPI_DEF_ETHHDR -DRALINK_DBDC_MODE -pipe -funit-at-a-time -Wno-pointer-sign -mtune=mips32 -mips32 -DLINUX_KERNEL_VERSION=263366 --sysroot=/opt/lede-toolchain-ramips-mt7621_gcc-5.4.0_musl-1.1.24.Linux-x86_64/toolchain-mipsel_24kc_gcc-5.4.0_musl-1.1.24   conftest.c >&5
conftest.c: In function 'main':
conftest.c:108:12: error: size of array 'test_array' is negative
 static int test_array [1 - 2 * !(((long) (sizeof (double))) <= 7)];
            ^
conftest.c:108:12: warning: variable 'test_array' set but not used [-Wunused-but-set-variable]
configure:26875: $? = 1
configure: failed program was:
| /* confdefs.h.  */
| 
| #define PACKAGE_NAME "lzo"
| #define PACKAGE_TARNAME "lzo"
| #define PACKAGE_VERSION "2.03"
| #define PACKAGE_STRING "lzo 2.03"
| #define PACKAGE_BUGREPORT "markus@oberhumer.com"
| #define LZO_ABI_LITTLE_ENDIAN 1
| #define PACKAGE "lzo"
| #define VERSION "2.03"
| #define STDC_HEADERS 1
| #define HAVE_SYS_TYPES_H 1
| #define HAVE_SYS_STAT_H 1
| #define HAVE_STDLIB_H 1
| #define HAVE_STRING_H 1
| #define HAVE_MEMORY_H 1
| #define HAVE_STRINGS_H 1
| #define HAVE_INTTYPES_H 1
| #define HAVE_STDINT_H 1
| #define HAVE_UNISTD_H 1
| #define HAVE_DLFCN_H 1
| #ifdef __cplusplus
| extern "C" void exit (int);
| #endif
| #define TIME_WITH_SYS_TIME 1
| #define HAVE_ASSERT_H 1
| #define HAVE_CTYPE_H 1
| #define HAVE_DIRENT_H 1
| #define HAVE_ERRNO_H 1
| #define HAVE_FCNTL_H 1
| #define HAVE_FLOAT_H 1
| #define HAVE_LIMITS_H 1
| #define HAVE_MALLOC_H 1
| #define HAVE_MEMORY_H 1
| #define HAVE_SETJMP_H 1
| #define HAVE_SIGNAL_H 1
| #define HAVE_STDARG_H 1
| #define HAVE_STDDEF_H 1
| #define HAVE_STDINT_H 1
| #define HAVE_STDIO_H 1
| #define HAVE_STDLIB_H 1
| #define HAVE_STRING_H 1
| #define HAVE_STRINGS_H 1
| #define HAVE_TIME_H 1
| #define HAVE_UNISTD_H 1
| #define HAVE_UTIME_H 1
| #define HAVE_SYS_MMAN_H 1
| #define HAVE_SYS_RESOURCE_H 1
| #define HAVE_SYS_STAT_H 1
| #define HAVE_SYS_TIME_H 1
| #define HAVE_SYS_TYPES_H 1
| #define HAVE_SYS_WAIT_H 1
| #define RETSIGTYPE void
| #define SIZEOF_SHORT 2
| #define SIZEOF_INT 4
| #define SIZEOF_LONG 4
| #define SIZEOF_LONG_LONG 8
| #define SIZEOF___INT16 0
| #define SIZEOF___INT32 0
| #define SIZEOF___INT64 0
| #define SIZEOF_VOID_P 4
| #define SIZEOF_SIZE_T 4
| #define SIZEOF_PTRDIFF_T 4
| #define SIZEOF___INT32 0
| #define SIZEOF_INTMAX_T 8
| #define SIZEOF_UINTMAX_T 8
| #define SIZEOF_INTPTR_T 4
| #define SIZEOF_UINTPTR_T 4
| #define SIZEOF_FLOAT 4
| /* end confdefs.h.  */
| #include <stdio.h>
| #if HAVE_SYS_TYPES_H
| # include <sys/types.h>
| #endif
| #if HAVE_SYS_STAT_H
| # include <sys/stat.h>
| #endif
| #if STDC_HEADERS
| # include <stdlib.h>
| # include <stddef.h>
| #else
| # if HAVE_STDLIB_H
| #  include <stdlib.h>
| # endif
| #endif
| #if HAVE_STRING_H
| # if !STDC_HEADERS && HAVE_MEMORY_H
| #  include <memory.h>
| # endif
| # include <string.h>
| #endif
| #if HAVE_STRINGS_H
| # include <strings.h>
| #endif
| #if HAVE_INTTYPES_H
| # include <inttypes.h>
| #else
| # if HAVE_STDINT_H
| #  include <stdint.h>
| # endif
| #endif
| #if HAVE_UNISTD_H
| # include <unistd.h>
| #endif
| int
| main ()
| {
| static int test_array [1 - 2 * !(((long) (sizeof (double))) <= 7)];
| test_array [0] = 0
| 
|   ;
|   return 0;
| }
configure:26869: /opt/lede-toolchain-ramips-mt7621_gcc-5.4.0_musl-1.1.24.Linux-x86_64/toolchain-mipsel_24kc_gcc-5.4.0_musl-1.1.24/bin/mipsel-openwrt-linux-musl-gcc -c -Os -Wall -DLINUX26 -DCONFIG_RALINK -DMUSL_LIBC -DDEBUG_NOISY -DDEBUG_RCTEST -D_GNU_SOURCE -D__UAPI_DEF_ETHHDR -DRALINK_DBDC_MODE -pipe -funit-at-a-time -Wno-pointer-sign -mtune=mips32 -mips32 -DLINUX_KERNEL_VERSION=263366 --sysroot=/opt/lede-toolchain-ramips-mt7621_gcc-5.4.0_musl-1.1.24.Linux-x86_64/toolchain-mipsel_24kc_gcc-5.4.0_musl-1.1.24   conftest.c >&5
conftest.c: In function 'main':
conftest.c:108:12: warning: variable 'test_array' set but not used [-Wunused-but-set-variable]
 static int test_array [1 - 2 * !(((long) (sizeof (double))) <= 15)];
            ^
configure:26875: $? = 0
configure:26878: test -z 			 || test ! -s conftest.err
configure:26881: $? = 0
configure:26884: test -s conftest.o
configure:26887: $? = 0
configure:27029: /opt/lede-toolchain-ramips-mt7621_gcc-5.4.0_musl-1.1.24.Linux-x86_64/toolchain-mipsel_24kc_gcc-5.4.0_musl-1.1.24/bin/mipsel-openwrt-linux-musl-gcc -c -Os -Wall -DLINUX26 -DCONFIG_RALINK -DMUSL_LIBC -DDEBUG_NOISY -DDEBUG_RCTEST -D_GNU_SOURCE -D__UAPI_DEF_ETHHDR -DRALINK_DBDC_MODE -pipe -funit-at-a-time -Wno-pointer-sign -mtune=mips32 -mips32 -DLINUX_KERNEL_VERSION=263366 --sysroot=/opt/lede-toolchain-ramips-mt7621_gcc-5.4.0_musl-1.1.24.Linux-x86_64/toolchain-mipsel_24kc_gcc-5.4.0_musl-1.1.24   conftest.c >&5
conftest.c: In function 'main':
conftest.c:108:12: warning: variable 'test_array' set but not used [-Wunused-but-set-variable]
 static int test_array [1 - 2 * !(((long) (sizeof (double))) <= 11)];
            ^
configure:27035: $? = 0
configure:27038: test -z 			 || test ! -s conftest.err
configure:27041: $? = 0
configure:27044: test -s conftest.o
configure:27047: $? = 0
configure:27029: /opt/lede-toolchain-ramips-mt7621_gcc-5.4.0_musl-1.1.24.Linux-x86_64/toolchain-mipsel_24kc_gcc-5.4.0_musl-1.1.24/bin/mipsel-openwrt-linux-musl-gcc -c -Os -Wall -DLINUX26 -DCONFIG_RALINK -DMUSL_LIBC -DDEBUG_NOISY -DDEBUG_RCTEST -D_GNU_SOURCE -D__UAPI_DEF_ETHHDR -DRALINK_DBDC_MODE -pipe -funit-at-a-time -Wno-pointer-sign -mtune=mips32 -mips32 -DLINUX_KERNEL_VERSION=263366 --sysroot=/opt/lede-toolchain-ramips-mt7621_gcc-5.4.0_musl-1.1.24.Linux-x86_64/toolchain-mipsel_24kc_gcc-5.4.0_musl-1.1.24   conftest.c >&5
conftest.c: In function 'main':
conftest.c:108:12: warning: variable 'test_array' set but not used [-Wunused-but-set-variable]
 static int test_array [1 - 2 * !(((long) (sizeof (double))) <= 9)];
            ^
configure:27035: $? = 0
configure:27038: test -z 			 || test ! -s conftest.err
configure:27041: $? = 0
configure:27044: test -s conftest.o
configure:27047: $? = 0
configure:27029: /opt/lede-toolchain-ramips-mt7621_gcc-5.4.0_musl-1.1.24.Linux-x86_64/toolchain-mipsel_24kc_gcc-5.4.0_musl-1.1.24/bin/mipsel-openwrt-linux-musl-gcc -c -Os -Wall -DLINUX26 -DCONFIG_RALINK -DMUSL_LIBC -DDEBUG_NOISY -DDEBUG_RCTEST -D_GNU_SOURCE -D__UAPI_DEF_ETHHDR -DRALINK_DBDC_MODE -pipe -funit-at-a-time -Wno-pointer-sign -mtune=mips32 -mips32 -DLINUX_KERNEL_VERSION=263366 --sysroot=/opt/lede-toolchain-ramips-mt7621_gcc-5.4.0_musl-1.1.24.Linux-x86_64/toolchain-mipsel_24kc_gcc-5.4.0_musl-1.1.24   conftest.c >&5
conftest.c: In function 'main':
conftest.c:108:12: warning: variable 'test_array' set but not used [-Wunused-but-set-variable]
 static int test_array [1 - 2 * !(((long) (sizeof (double))) <= 8)];
            ^
configure:27035: $? = 0
configure:27038: test -z 			 || test ! -s conftest.err
configure:27041: $? = 0
configure:27044: test -s conftest.o
configure:27047: $? = 0
configure:27142: result: 8
configure:27149: checking for long double
configure:27173: /opt/lede-toolchain-ramips-mt7621_gcc-5.4.0_musl-1.1.24.Linux-x86_64/toolchain-mipsel_24kc_gcc-5.4.0_musl-1.1.24/bin/mipsel-openwrt-linux-musl-gcc -c -Os -Wall -DLINUX26 -DCONFIG_RALINK -DMUSL_LIBC -DDEBUG_NOISY -DDEBUG_RCTEST -D_GNU_SOURCE -D__UAPI_DEF_ETHHDR -DRALINK_DBDC_MODE -pipe -funit-at-a-time -Wno-pointer-sign -mtune=mips32 -mips32 -DLINUX_KERNEL_VERSION=263366 --sysroot=/opt/lede-toolchain-ramips-mt7621_gcc-5.4.0_musl-1.1.24.Linux-x86_64/toolchain-mipsel_24kc_gcc-5.4.0_musl-1.1.24   conftest.c >&5
configure:27179: $? = 0
configure:27182: test -z 			 || test ! -s conftest.err
configure:27185: $? = 0
configure:27188: test -s conftest.o
configure:27191: $? = 0
configure:27202: result: yes
configure:27205: checking size of long double
configure:27235: /opt/lede-toolchain-ramips-mt7621_gcc-5.4.0_musl-1.1.24.Linux-x86_64/toolchain-mipsel_24kc_gcc-5.4.0_musl-1.1.24/bin/mipsel-openwrt-linux-musl-gcc -c -Os -Wall -DLINUX26 -DCONFIG_RALINK -DMUSL_LIBC -DDEBUG_NOISY -DDEBUG_RCTEST -D_GNU_SOURCE -D__UAPI_DEF_ETHHDR -DRALINK_DBDC_MODE -pipe -funit-at-a-time -Wno-pointer-sign -mtune=mips32 -mips32 -DLINUX_KERNEL_VERSION=263366 --sysroot=/opt/lede-toolchain-ramips-mt7621_gcc-5.4.0_musl-1.1.24.Linux-x86_64/toolchain-mipsel_24kc_gcc-5.4.0_musl-1.1.24   conftest.c >&5
conftest.c: In function 'main':
conftest.c:109:12: warning: variable 'test_array' set but not used [-Wunused-but-set-variable]
 static int test_array [1 - 2 * !(((long) (sizeof (long double))) >= 0)];
            ^
configure:27241: $? = 0
configure:27244: test -z 			 || test ! -s conftest.err
configure:27247: $? = 0
configure:27250: test -s conftest.o
configure:27253: $? = 0
configure:27275: /opt/lede-toolchain-ramips-mt7621_gcc-5.4.0_musl-1.1.24.Linux-x86_64/toolchain-mipsel_24kc_gcc-5.4.0_musl-1.1.24/bin/mipsel-openwrt-linux-musl-gcc -c -Os -Wall -DLINUX26 -DCONFIG_RALINK -DMUSL_LIBC -DDEBUG_NOISY -DDEBUG_RCTEST -D_GNU_SOURCE -D__UAPI_DEF_ETHHDR -DRALINK_DBDC_MODE -pipe -funit-at-a-time -Wno-pointer-sign -mtune=mips32 -mips32 -DLINUX_KERNEL_VERSION=263366 --sysroot=/opt/lede-toolchain-ramips-mt7621_gcc-5.4.0_musl-1.1.24.Linux-x86_64/toolchain-mipsel_24kc_gcc-5.4.0_musl-1.1.24   conftest.c >&5
conftest.c: In function 'main':
conftest.c:109:12: error: size of array 'test_array' is negative
 static int test_array [1 - 2 * !(((long) (sizeof (long double))) <= 0)];
            ^
conftest.c:109:12: warning: variable 'test_array' set but not used [-Wunused-but-set-variable]
configure:27281: $? = 1
configure: failed program was:
| /* confdefs.h.  */
| 
| #define PACKAGE_NAME "lzo"
| #define PACKAGE_TARNAME "lzo"
| #define PACKAGE_VERSION "2.03"
| #define PACKAGE_STRING "lzo 2.03"
| #define PACKAGE_BUGREPORT "markus@oberhumer.com"
| #define LZO_ABI_LITTLE_ENDIAN 1
| #define PACKAGE "lzo"
| #define VERSION "2.03"
| #define STDC_HEADERS 1
| #define HAVE_SYS_TYPES_H 1
| #define HAVE_SYS_STAT_H 1
| #define HAVE_STDLIB_H 1
| #define HAVE_STRING_H 1
| #define HAVE_MEMORY_H 1
| #define HAVE_STRINGS_H 1
| #define HAVE_INTTYPES_H 1
| #define HAVE_STDINT_H 1
| #define HAVE_UNISTD_H 1
| #define HAVE_DLFCN_H 1
| #ifdef __cplusplus
| extern "C" void exit (int);
| #endif
| #define TIME_WITH_SYS_TIME 1
| #define HAVE_ASSERT_H 1
| #define HAVE_CTYPE_H 1
| #define HAVE_DIRENT_H 1
| #define HAVE_ERRNO_H 1
| #define HAVE_FCNTL_H 1
| #define HAVE_FLOAT_H 1
| #define HAVE_LIMITS_H 1
| #define HAVE_MALLOC_H 1
| #define HAVE_MEMORY_H 1
| #define HAVE_SETJMP_H 1
| #define HAVE_SIGNAL_H 1
| #define HAVE_STDARG_H 1
| #define HAVE_STDDEF_H 1
| #define HAVE_STDINT_H 1
| #define HAVE_STDIO_H 1
| #define HAVE_STDLIB_H 1
| #define HAVE_STRING_H 1
| #define HAVE_STRINGS_H 1
| #define HAVE_TIME_H 1
| #define HAVE_UNISTD_H 1
| #define HAVE_UTIME_H 1
| #define HAVE_SYS_MMAN_H 1
| #define HAVE_SYS_RESOURCE_H 1
| #define HAVE_SYS_STAT_H 1
| #define HAVE_SYS_TIME_H 1
| #define HAVE_SYS_TYPES_H 1
| #define HAVE_SYS_WAIT_H 1
| #define RETSIGTYPE void
| #define SIZEOF_SHORT 2
| #define SIZEOF_INT 4
| #define SIZEOF_LONG 4
| #define SIZEOF_LONG_LONG 8
| #define SIZEOF___INT16 0
| #define SIZEOF___INT32 0
| #define SIZEOF___INT64 0
| #define SIZEOF_VOID_P 4
| #define SIZEOF_SIZE_T 4
| #define SIZEOF_PTRDIFF_T 4
| #define SIZEOF___INT32 0
| #define SIZEOF_INTMAX_T 8
| #define SIZEOF_UINTMAX_T 8
| #define SIZEOF_INTPTR_T 4
| #define SIZEOF_UINTPTR_T 4
| #define SIZEOF_FLOAT 4
| #define SIZEOF_DOUBLE 8
| /* end confdefs.h.  */
| #include <stdio.h>
| #if HAVE_SYS_TYPES_H
| # include <sys/types.h>
| #endif
| #if HAVE_SYS_STAT_H
| # include <sys/stat.h>
| #endif
| #if STDC_HEADERS
| # include <stdlib.h>
| # include <stddef.h>
| #else
| # if HAVE_STDLIB_H
| #  include <stdlib.h>
| # endif
| #endif
| #if HAVE_STRING_H
| # if !STDC_HEADERS && HAVE_MEMORY_H
| #  include <memory.h>
| # endif
| # include <string.h>
| #endif
| #if HAVE_STRINGS_H
| # include <strings.h>
| #endif
| #if HAVE_INTTYPES_H
| # include <inttypes.h>
| #else
| # if HAVE_STDINT_H
| #  include <stdint.h>
| # endif
| #endif
| #if HAVE_UNISTD_H
| # include <unistd.h>
| #endif
| int
| main ()
| {
| static int test_array [1 - 2 * !(((long) (sizeof (long double))) <= 0)];
| test_array [0] = 0
| 
|   ;
|   return 0;
| }
configure:27275: /opt/lede-toolchain-ramips-mt7621_gcc-5.4.0_musl-1.1.24.Linux-x86_64/toolchain-mipsel_24kc_gcc-5.4.0_musl-1.1.24/bin/mipsel-openwrt-linux-musl-gcc -c -Os -Wall -DLINUX26 -DCONFIG_RALINK -DMUSL_LIBC -DDEBUG_NOISY -DDEBUG_RCTEST -D_GNU_SOURCE -D__UAPI_DEF_ETHHDR -DRALINK_DBDC_MODE -pipe -funit-at-a-time -Wno-pointer-sign -mtune=mips32 -mips32 -DLINUX_KERNEL_VERSION=263366 --sysroot=/opt/lede-toolchain-ramips-mt7621_gcc-5.4.0_musl-1.1.24.Linux-x86_64/toolchain-mipsel_24kc_gcc-5.4.0_musl-1.1.24   conftest.c >&5
conftest.c: In function 'main':
conftest.c:109:12: error: size of array 'test_array' is negative
 static int test_array [1 - 2 * !(((long) (sizeof (long double))) <= 1)];
            ^
conftest.c:109:12: warning: variable 'test_array' set but not used [-Wunused-but-set-variable]
configure:27281: $? = 1
configure: failed program was:
| /* confdefs.h.  */
| 
| #define PACKAGE_NAME "lzo"
| #define PACKAGE_TARNAME "lzo"
| #define PACKAGE_VERSION "2.03"
| #define PACKAGE_STRING "lzo 2.03"
| #define PACKAGE_BUGREPORT "markus@oberhumer.com"
| #define LZO_ABI_LITTLE_ENDIAN 1
| #define PACKAGE "lzo"
| #define VERSION "2.03"
| #define STDC_HEADERS 1
| #define HAVE_SYS_TYPES_H 1
| #define HAVE_SYS_STAT_H 1
| #define HAVE_STDLIB_H 1
| #define HAVE_STRING_H 1
| #define HAVE_MEMORY_H 1
| #define HAVE_STRINGS_H 1
| #define HAVE_INTTYPES_H 1
| #define HAVE_STDINT_H 1
| #define HAVE_UNISTD_H 1
| #define HAVE_DLFCN_H 1
| #ifdef __cplusplus
| extern "C" void exit (int);
| #endif
| #define TIME_WITH_SYS_TIME 1
| #define HAVE_ASSERT_H 1
| #define HAVE_CTYPE_H 1
| #define HAVE_DIRENT_H 1
| #define HAVE_ERRNO_H 1
| #define HAVE_FCNTL_H 1
| #define HAVE_FLOAT_H 1
| #define HAVE_LIMITS_H 1
| #define HAVE_MALLOC_H 1
| #define HAVE_MEMORY_H 1
| #define HAVE_SETJMP_H 1
| #define HAVE_SIGNAL_H 1
| #define HAVE_STDARG_H 1
| #define HAVE_STDDEF_H 1
| #define HAVE_STDINT_H 1
| #define HAVE_STDIO_H 1
| #define HAVE_STDLIB_H 1
| #define HAVE_STRING_H 1
| #define HAVE_STRINGS_H 1
| #define HAVE_TIME_H 1
| #define HAVE_UNISTD_H 1
| #define HAVE_UTIME_H 1
| #define HAVE_SYS_MMAN_H 1
| #define HAVE_SYS_RESOURCE_H 1
| #define HAVE_SYS_STAT_H 1
| #define HAVE_SYS_TIME_H 1
| #define HAVE_SYS_TYPES_H 1
| #define HAVE_SYS_WAIT_H 1
| #define RETSIGTYPE void
| #define SIZEOF_SHORT 2
| #define SIZEOF_INT 4
| #define SIZEOF_LONG 4
| #define SIZEOF_LONG_LONG 8
| #define SIZEOF___INT16 0
| #define SIZEOF___INT32 0
| #define SIZEOF___INT64 0
| #define SIZEOF_VOID_P 4
| #define SIZEOF_SIZE_T 4
| #define SIZEOF_PTRDIFF_T 4
| #define SIZEOF___INT32 0
| #define SIZEOF_INTMAX_T 8
| #define SIZEOF_UINTMAX_T 8
| #define SIZEOF_INTPTR_T 4
| #define SIZEOF_UINTPTR_T 4
| #define SIZEOF_FLOAT 4
| #define SIZEOF_DOUBLE 8
| /* end confdefs.h.  */
| #include <stdio.h>
| #if HAVE_SYS_TYPES_H
| # include <sys/types.h>
| #endif
| #if HAVE_SYS_STAT_H
| # include <sys/stat.h>
| #endif
| #if STDC_HEADERS
| # include <stdlib.h>
| # include <stddef.h>
| #else
| # if HAVE_STDLIB_H
| #  include <stdlib.h>
| # endif
| #endif
| #if HAVE_STRING_H
| # if !STDC_HEADERS && HAVE_MEMORY_H
| #  include <memory.h>
| # endif
| # include <string.h>
| #endif
| #if HAVE_STRINGS_H
| # include <strings.h>
| #endif
| #if HAVE_INTTYPES_H
| # include <inttypes.h>
| #else
| # if HAVE_STDINT_H
| #  include <stdint.h>
| # endif
| #endif
| #if HAVE_UNISTD_H
| # include <unistd.h>
| #endif
| int
| main ()
| {
| static int test_array [1 - 2 * !(((long) (sizeof (long double))) <= 1)];
| test_array [0] = 0
| 
|   ;
|   return 0;
| }
configure:27275: /opt/lede-toolchain-ramips-mt7621_gcc-5.4.0_musl-1.1.24.Linux-x86_64/toolchain-mipsel_24kc_gcc-5.4.0_musl-1.1.24/bin/mipsel-openwrt-linux-musl-gcc -c -Os -Wall -DLINUX26 -DCONFIG_RALINK -DMUSL_LIBC -DDEBUG_NOISY -DDEBUG_RCTEST -D_GNU_SOURCE -D__UAPI_DEF_ETHHDR -DRALINK_DBDC_MODE -pipe -funit-at-a-time -Wno-pointer-sign -mtune=mips32 -mips32 -DLINUX_KERNEL_VERSION=263366 --sysroot=/opt/lede-toolchain-ramips-mt7621_gcc-5.4.0_musl-1.1.24.Linux-x86_64/toolchain-mipsel_24kc_gcc-5.4.0_musl-1.1.24   conftest.c >&5
conftest.c: In function 'main':
conftest.c:109:12: error: size of array 'test_array' is negative
 static int test_array [1 - 2 * !(((long) (sizeof (long double))) <= 3)];
            ^
conftest.c:109:12: warning: variable 'test_array' set but not used [-Wunused-but-set-variable]
configure:27281: $? = 1
configure: failed program was:
| /* confdefs.h.  */
| 
| #define PACKAGE_NAME "lzo"
| #define PACKAGE_TARNAME "lzo"
| #define PACKAGE_VERSION "2.03"
| #define PACKAGE_STRING "lzo 2.03"
| #define PACKAGE_BUGREPORT "markus@oberhumer.com"
| #define LZO_ABI_LITTLE_ENDIAN 1
| #define PACKAGE "lzo"
| #define VERSION "2.03"
| #define STDC_HEADERS 1
| #define HAVE_SYS_TYPES_H 1
| #define HAVE_SYS_STAT_H 1
| #define HAVE_STDLIB_H 1
| #define HAVE_STRING_H 1
| #define HAVE_MEMORY_H 1
| #define HAVE_STRINGS_H 1
| #define HAVE_INTTYPES_H 1
| #define HAVE_STDINT_H 1
| #define HAVE_UNISTD_H 1
| #define HAVE_DLFCN_H 1
| #ifdef __cplusplus
| extern "C" void exit (int);
| #endif
| #define TIME_WITH_SYS_TIME 1
| #define HAVE_ASSERT_H 1
| #define HAVE_CTYPE_H 1
| #define HAVE_DIRENT_H 1
| #define HAVE_ERRNO_H 1
| #define HAVE_FCNTL_H 1
| #define HAVE_FLOAT_H 1
| #define HAVE_LIMITS_H 1
| #define HAVE_MALLOC_H 1
| #define HAVE_MEMORY_H 1
| #define HAVE_SETJMP_H 1
| #define HAVE_SIGNAL_H 1
| #define HAVE_STDARG_H 1
| #define HAVE_STDDEF_H 1
| #define HAVE_STDINT_H 1
| #define HAVE_STDIO_H 1
| #define HAVE_STDLIB_H 1
| #define HAVE_STRING_H 1
| #define HAVE_STRINGS_H 1
| #define HAVE_TIME_H 1
| #define HAVE_UNISTD_H 1
| #define HAVE_UTIME_H 1
| #define HAVE_SYS_MMAN_H 1
| #define HAVE_SYS_RESOURCE_H 1
| #define HAVE_SYS_STAT_H 1
| #define HAVE_SYS_TIME_H 1
| #define HAVE_SYS_TYPES_H 1
| #define HAVE_SYS_WAIT_H 1
| #define RETSIGTYPE void
| #define SIZEOF_SHORT 2
| #define SIZEOF_INT 4
| #define SIZEOF_LONG 4
| #define SIZEOF_LONG_LONG 8
| #define SIZEOF___INT16 0
| #define SIZEOF___INT32 0
| #define SIZEOF___INT64 0
| #define SIZEOF_VOID_P 4
| #define SIZEOF_SIZE_T 4
| #define SIZEOF_PTRDIFF_T 4
| #define SIZEOF___INT32 0
| #define SIZEOF_INTMAX_T 8
| #define SIZEOF_UINTMAX_T 8
| #define SIZEOF_INTPTR_T 4
| #define SIZEOF_UINTPTR_T 4
| #define SIZEOF_FLOAT 4
| #define SIZEOF_DOUBLE 8
| /* end confdefs.h.  */
| #include <stdio.h>
| #if HAVE_SYS_TYPES_H
| # include <sys/types.h>
| #endif
| #if HAVE_SYS_STAT_H
| # include <sys/stat.h>
| #endif
| #if STDC_HEADERS
| # include <stdlib.h>
| # include <stddef.h>
| #else
| # if HAVE_STDLIB_H
| #  include <stdlib.h>
| # endif
| #endif
| #if HAVE_STRING_H
| # if !STDC_HEADERS && HAVE_MEMORY_H
| #  include <memory.h>
| # endif
| # include <string.h>
| #endif
| #if HAVE_STRINGS_H
| # include <strings.h>
| #endif
| #if HAVE_INTTYPES_H
| # include <inttypes.h>
| #else
| # if HAVE_STDINT_H
| #  include <stdint.h>
| # endif
| #endif
| #if HAVE_UNISTD_H
| # include <unistd.h>
| #endif
| int
| main ()
| {
| static int test_array [1 - 2 * !(((long) (sizeof (long double))) <= 3)];
| test_array [0] = 0
| 
|   ;
|   return 0;
| }
configure:27275: /opt/lede-toolchain-ramips-mt7621_gcc-5.4.0_musl-1.1.24.Linux-x86_64/toolchain-mipsel_24kc_gcc-5.4.0_musl-1.1.24/bin/mipsel-openwrt-linux-musl-gcc -c -Os -Wall -DLINUX26 -DCONFIG_RALINK -DMUSL_LIBC -DDEBUG_NOISY -DDEBUG_RCTEST -D_GNU_SOURCE -D__UAPI_DEF_ETHHDR -DRALINK_DBDC_MODE -pipe -funit-at-a-time -Wno-pointer-sign -mtune=mips32 -mips32 -DLINUX_KERNEL_VERSION=263366 --sysroot=/opt/lede-toolchain-ramips-mt7621_gcc-5.4.0_musl-1.1.24.Linux-x86_64/toolchain-mipsel_24kc_gcc-5.4.0_musl-1.1.24   conftest.c >&5
conftest.c: In function 'main':
conftest.c:109:12: error: size of array 'test_array' is negative
 static int test_array [1 - 2 * !(((long) (sizeof (long double))) <= 7)];
            ^
conftest.c:109:12: warning: variable 'test_array' set but not used [-Wunused-but-set-variable]
configure:27281: $? = 1
configure: failed program was:
| /* confdefs.h.  */
| 
| #define PACKAGE_NAME "lzo"
| #define PACKAGE_TARNAME "lzo"
| #define PACKAGE_VERSION "2.03"
| #define PACKAGE_STRING "lzo 2.03"
| #define PACKAGE_BUGREPORT "markus@oberhumer.com"
| #define LZO_ABI_LITTLE_ENDIAN 1
| #define PACKAGE "lzo"
| #define VERSION "2.03"
| #define STDC_HEADERS 1
| #define HAVE_SYS_TYPES_H 1
| #define HAVE_SYS_STAT_H 1
| #define HAVE_STDLIB_H 1
| #define HAVE_STRING_H 1
| #define HAVE_MEMORY_H 1
| #define HAVE_STRINGS_H 1
| #define HAVE_INTTYPES_H 1
| #define HAVE_STDINT_H 1
| #define HAVE_UNISTD_H 1
| #define HAVE_DLFCN_H 1
| #ifdef __cplusplus
| extern "C" void exit (int);
| #endif
| #define TIME_WITH_SYS_TIME 1
| #define HAVE_ASSERT_H 1
| #define HAVE_CTYPE_H 1
| #define HAVE_DIRENT_H 1
| #define HAVE_ERRNO_H 1
| #define HAVE_FCNTL_H 1
| #define HAVE_FLOAT_H 1
| #define HAVE_LIMITS_H 1
| #define HAVE_MALLOC_H 1
| #define HAVE_MEMORY_H 1
| #define HAVE_SETJMP_H 1
| #define HAVE_SIGNAL_H 1
| #define HAVE_STDARG_H 1
| #define HAVE_STDDEF_H 1
| #define HAVE_STDINT_H 1
| #define HAVE_STDIO_H 1
| #define HAVE_STDLIB_H 1
| #define HAVE_STRING_H 1
| #define HAVE_STRINGS_H 1
| #define HAVE_TIME_H 1
| #define HAVE_UNISTD_H 1
| #define HAVE_UTIME_H 1
| #define HAVE_SYS_MMAN_H 1
| #define HAVE_SYS_RESOURCE_H 1
| #define HAVE_SYS_STAT_H 1
| #define HAVE_SYS_TIME_H 1
| #define HAVE_SYS_TYPES_H 1
| #define HAVE_SYS_WAIT_H 1
| #define RETSIGTYPE void
| #define SIZEOF_SHORT 2
| #define SIZEOF_INT 4
| #define SIZEOF_LONG 4
| #define SIZEOF_LONG_LONG 8
| #define SIZEOF___INT16 0
| #define SIZEOF___INT32 0
| #define SIZEOF___INT64 0
| #define SIZEOF_VOID_P 4
| #define SIZEOF_SIZE_T 4
| #define SIZEOF_PTRDIFF_T 4
| #define SIZEOF___INT32 0
| #define SIZEOF_INTMAX_T 8
| #define SIZEOF_UINTMAX_T 8
| #define SIZEOF_INTPTR_T 4
| #define SIZEOF_UINTPTR_T 4
| #define SIZEOF_FLOAT 4
| #define SIZEOF_DOUBLE 8
| /* end confdefs.h.  */
| #include <stdio.h>
| #if HAVE_SYS_TYPES_H
| # include <sys/types.h>
| #endif
| #if HAVE_SYS_STAT_H
| # include <sys/stat.h>
| #endif
| #if STDC_HEADERS
| # include <stdlib.h>
| # include <stddef.h>
| #else
| # if HAVE_STDLIB_H
| #  include <stdlib.h>
| # endif
| #endif
| #if HAVE_STRING_H
| # if !STDC_HEADERS && HAVE_MEMORY_H
| #  include <memory.h>
| # endif
| # include <string.h>
| #endif
| #if HAVE_STRINGS_H
| # include <strings.h>
| #endif
| #if HAVE_INTTYPES_H
| # include <inttypes.h>
| #else
| # if HAVE_STDINT_H
| #  include <stdint.h>
| # endif
| #endif
| #if HAVE_UNISTD_H
| # include <unistd.h>
| #endif
| int
| main ()
| {
| static int test_array [1 - 2 * !(((long) (sizeof (long double))) <= 7)];
| test_array [0] = 0
| 
|   ;
|   return 0;
| }
configure:27275: /opt/lede-toolchain-ramips-mt7621_gcc-5.4.0_musl-1.1.24.Linux-x86_64/toolchain-mipsel_24kc_gcc-5.4.0_musl-1.1.24/bin/mipsel-openwrt-linux-musl-gcc -c -Os -Wall -DLINUX26 -DCONFIG_RALINK -DMUSL_LIBC -DDEBUG_NOISY -DDEBUG_RCTEST -D_GNU_SOURCE -D__UAPI_DEF_ETHHDR -DRALINK_DBDC_MODE -pipe -funit-at-a-time -Wno-pointer-sign -mtune=mips32 -mips32 -DLINUX_KERNEL_VERSION=263366 --sysroot=/opt/lede-toolchain-ramips-mt7621_gcc-5.4.0_musl-1.1.24.Linux-x86_64/toolchain-mipsel_24kc_gcc-5.4.0_musl-1.1.24   conftest.c >&5
conftest.c: In function 'main':
conftest.c:109:12: warning: variable 'test_array' set but not used [-Wunused-but-set-variable]
 static int test_array [1 - 2 * !(((long) (sizeof (long double))) <= 15)];
            ^
configure:27281: $? = 0
configure:27284: test -z 			 || test ! -s conftest.err
configure:27287: $? = 0
configure:27290: test -s conftest.o
configure:27293: $? = 0
configure:27435: /opt/lede-toolchain-ramips-mt7621_gcc-5.4.0_musl-1.1.24.Linux-x86_64/toolchain-mipsel_24kc_gcc-5.4.0_musl-1.1.24/bin/mipsel-openwrt-linux-musl-gcc -c -Os -Wall -DLINUX26 -DCONFIG_RALINK -DMUSL_LIBC -DDEBUG_NOISY -DDEBUG_RCTEST -D_GNU_SOURCE -D__UAPI_DEF_ETHHDR -DRALINK_DBDC_MODE -pipe -funit-at-a-time -Wno-pointer-sign -mtune=mips32 -mips32 -DLINUX_KERNEL_VERSION=263366 --sysroot=/opt/lede-toolchain-ramips-mt7621_gcc-5.4.0_musl-1.1.24.Linux-x86_64/toolchain-mipsel_24kc_gcc-5.4.0_musl-1.1.24   conftest.c >&5
conftest.c: In function 'main':
conftest.c:109:12: warning: variable 'test_array' set but not used [-Wunused-but-set-variable]
 static int test_array [1 - 2 * !(((long) (sizeof (long double))) <= 11)];
            ^
configure:27441: $? = 0
configure:27444: test -z 			 || test ! -s conftest.err
configure:27447: $? = 0
configure:27450: test -s conftest.o
configure:27453: $? = 0
configure:27435: /opt/lede-toolchain-ramips-mt7621_gcc-5.4.0_musl-1.1.24.Linux-x86_64/toolchain-mipsel_24kc_gcc-5.4.0_musl-1.1.24/bin/mipsel-openwrt-linux-musl-gcc -c -Os -Wall -DLINUX26 -DCONFIG_RALINK -DMUSL_LIBC -DDEBUG_NOISY -DDEBUG_RCTEST -D_GNU_SOURCE -D__UAPI_DEF_ETHHDR -DRALINK_DBDC_MODE -pipe -funit-at-a-time -Wno-pointer-sign -mtune=mips32 -mips32 -DLINUX_KERNEL_VERSION=263366 --sysroot=/opt/lede-toolchain-ramips-mt7621_gcc-5.4.0_musl-1.1.24.Linux-x86_64/toolchain-mipsel_24kc_gcc-5.4.0_musl-1.1.24   conftest.c >&5
conftest.c: In function 'main':
conftest.c:109:12: warning: variable 'test_array' set but not used [-Wunused-but-set-variable]
 static int test_array [1 - 2 * !(((long) (sizeof (long double))) <= 9)];
            ^
configure:27441: $? = 0
configure:27444: test -z 			 || test ! -s conftest.err
configure:27447: $? = 0
configure:27450: test -s conftest.o
configure:27453: $? = 0
configure:27435: /opt/lede-toolchain-ramips-mt7621_gcc-5.4.0_musl-1.1.24.Linux-x86_64/toolchain-mipsel_24kc_gcc-5.4.0_musl-1.1.24/bin/mipsel-openwrt-linux-musl-gcc -c -Os -Wall -DLINUX26 -DCONFIG_RALINK -DMUSL_LIBC -DDEBUG_NOISY -DDEBUG_RCTEST -D_GNU_SOURCE -D__UAPI_DEF_ETHHDR -DRALINK_DBDC_MODE -pipe -funit-at-a-time -Wno-pointer-sign -mtune=mips32 -mips32 -DLINUX_KERNEL_VERSION=263366 --sysroot=/opt/lede-toolchain-ramips-mt7621_gcc-5.4.0_musl-1.1.24.Linux-x86_64/toolchain-mipsel_24kc_gcc-5.4.0_musl-1.1.24   conftest.c >&5
conftest.c: In function 'main':
conftest.c:109:12: warning: variable 'test_array' set but not used [-Wunused-but-set-variable]
 static int test_array [1 - 2 * !(((long) (sizeof (long double))) <= 8)];
            ^
configure:27441: $? = 0
configure:27444: test -z 			 || test ! -s conftest.err
configure:27447: $? = 0
configure:27450: test -s conftest.o
configure:27453: $? = 0
configure:27548: result: 8
configure:27556: checking for dev_t
configure:27580: /opt/lede-toolchain-ramips-mt7621_gcc-5.4.0_musl-1.1.24.Linux-x86_64/toolchain-mipsel_24kc_gcc-5.4.0_musl-1.1.24/bin/mipsel-openwrt-linux-musl-gcc -c -Os -Wall -DLINUX26 -DCONFIG_RALINK -DMUSL_LIBC -DDEBUG_NOISY -DDEBUG_RCTEST -D_GNU_SOURCE -D__UAPI_DEF_ETHHDR -DRALINK_DBDC_MODE -pipe -funit-at-a-time -Wno-pointer-sign -mtune=mips32 -mips32 -DLINUX_KERNEL_VERSION=263366 --sysroot=/opt/lede-toolchain-ramips-mt7621_gcc-5.4.0_musl-1.1.24.Linux-x86_64/toolchain-mipsel_24kc_gcc-5.4.0_musl-1.1.24   conftest.c >&5
configure:27586: $? = 0
configure:27589: test -z 			 || test ! -s conftest.err
configure:27592: $? = 0
configure:27595: test -s conftest.o
configure:27598: $? = 0
configure:27609: result: yes
configure:27612: checking size of dev_t
configure:27642: /opt/lede-toolchain-ramips-mt7621_gcc-5.4.0_musl-1.1.24.Linux-x86_64/toolchain-mipsel_24kc_gcc-5.4.0_musl-1.1.24/bin/mipsel-openwrt-linux-musl-gcc -c -Os -Wall -DLINUX26 -DCONFIG_RALINK -DMUSL_LIBC -DDEBUG_NOISY -DDEBUG_RCTEST -D_GNU_SOURCE -D__UAPI_DEF_ETHHDR -DRALINK_DBDC_MODE -pipe -funit-at-a-time -Wno-pointer-sign -mtune=mips32 -mips32 -DLINUX_KERNEL_VERSION=263366 --sysroot=/opt/lede-toolchain-ramips-mt7621_gcc-5.4.0_musl-1.1.24.Linux-x86_64/toolchain-mipsel_24kc_gcc-5.4.0_musl-1.1.24   conftest.c >&5
conftest.c: In function 'main':
conftest.c:110:12: warning: variable 'test_array' set but not used [-Wunused-but-set-variable]
 static int test_array [1 - 2 * !(((long) (sizeof (dev_t))) >= 0)];
            ^
configure:27648: $? = 0
configure:27651: test -z 			 || test ! -s conftest.err
configure:27654: $? = 0
configure:27657: test -s conftest.o
configure:27660: $? = 0
configure:27682: /opt/lede-toolchain-ramips-mt7621_gcc-5.4.0_musl-1.1.24.Linux-x86_64/toolchain-mipsel_24kc_gcc-5.4.0_musl-1.1.24/bin/mipsel-openwrt-linux-musl-gcc -c -Os -Wall -DLINUX26 -DCONFIG_RALINK -DMUSL_LIBC -DDEBUG_NOISY -DDEBUG_RCTEST -D_GNU_SOURCE -D__UAPI_DEF_ETHHDR -DRALINK_DBDC_MODE -pipe -funit-at-a-time -Wno-pointer-sign -mtune=mips32 -mips32 -DLINUX_KERNEL_VERSION=263366 --sysroot=/opt/lede-toolchain-ramips-mt7621_gcc-5.4.0_musl-1.1.24.Linux-x86_64/toolchain-mipsel_24kc_gcc-5.4.0_musl-1.1.24   conftest.c >&5
conftest.c: In function 'main':
conftest.c:110:12: error: size of array 'test_array' is negative
 static int test_array [1 - 2 * !(((long) (sizeof (dev_t))) <= 0)];
            ^
conftest.c:110:12: warning: variable 'test_array' set but not used [-Wunused-but-set-variable]
configure:27688: $? = 1
configure: failed program was:
| /* confdefs.h.  */
| 
| #define PACKAGE_NAME "lzo"
| #define PACKAGE_TARNAME "lzo"
| #define PACKAGE_VERSION "2.03"
| #define PACKAGE_STRING "lzo 2.03"
| #define PACKAGE_BUGREPORT "markus@oberhumer.com"
| #define LZO_ABI_LITTLE_ENDIAN 1
| #define PACKAGE "lzo"
| #define VERSION "2.03"
| #define STDC_HEADERS 1
| #define HAVE_SYS_TYPES_H 1
| #define HAVE_SYS_STAT_H 1
| #define HAVE_STDLIB_H 1
| #define HAVE_STRING_H 1
| #define HAVE_MEMORY_H 1
| #define HAVE_STRINGS_H 1
| #define HAVE_INTTYPES_H 1
| #define HAVE_STDINT_H 1
| #define HAVE_UNISTD_H 1
| #define HAVE_DLFCN_H 1
| #ifdef __cplusplus
| extern "C" void exit (int);
| #endif
| #define TIME_WITH_SYS_TIME 1
| #define HAVE_ASSERT_H 1
| #define HAVE_CTYPE_H 1
| #define HAVE_DIRENT_H 1
| #define HAVE_ERRNO_H 1
| #define HAVE_FCNTL_H 1
| #define HAVE_FLOAT_H 1
| #define HAVE_LIMITS_H 1
| #define HAVE_MALLOC_H 1
| #define HAVE_MEMORY_H 1
| #define HAVE_SETJMP_H 1
| #define HAVE_SIGNAL_H 1
| #define HAVE_STDARG_H 1
| #define HAVE_STDDEF_H 1
| #define HAVE_STDINT_H 1
| #define HAVE_STDIO_H 1
| #define HAVE_STDLIB_H 1
| #define HAVE_STRING_H 1
| #define HAVE_STRINGS_H 1
| #define HAVE_TIME_H 1
| #define HAVE_UNISTD_H 1
| #define HAVE_UTIME_H 1
| #define HAVE_SYS_MMAN_H 1
| #define HAVE_SYS_RESOURCE_H 1
| #define HAVE_SYS_STAT_H 1
| #define HAVE_SYS_TIME_H 1
| #define HAVE_SYS_TYPES_H 1
| #define HAVE_SYS_WAIT_H 1
| #define RETSIGTYPE void
| #define SIZEOF_SHORT 2
| #define SIZEOF_INT 4
| #define SIZEOF_LONG 4
| #define SIZEOF_LONG_LONG 8
| #define SIZEOF___INT16 0
| #define SIZEOF___INT32 0
| #define SIZEOF___INT64 0
| #define SIZEOF_VOID_P 4
| #define SIZEOF_SIZE_T 4
| #define SIZEOF_PTRDIFF_T 4
| #define SIZEOF___INT32 0
| #define SIZEOF_INTMAX_T 8
| #define SIZEOF_UINTMAX_T 8
| #define SIZEOF_INTPTR_T 4
| #define SIZEOF_UINTPTR_T 4
| #define SIZEOF_FLOAT 4
| #define SIZEOF_DOUBLE 8
| #define SIZEOF_LONG_DOUBLE 8
| /* end confdefs.h.  */
| #include <stdio.h>
| #if HAVE_SYS_TYPES_H
| # include <sys/types.h>
| #endif
| #if HAVE_SYS_STAT_H
| # include <sys/stat.h>
| #endif
| #if STDC_HEADERS
| # include <stdlib.h>
| # include <stddef.h>
| #else
| # if HAVE_STDLIB_H
| #  include <stdlib.h>
| # endif
| #endif
| #if HAVE_STRING_H
| # if !STDC_HEADERS && HAVE_MEMORY_H
| #  include <memory.h>
| # endif
| # include <string.h>
| #endif
| #if HAVE_STRINGS_H
| # include <strings.h>
| #endif
| #if HAVE_INTTYPES_H
| # include <inttypes.h>
| #else
| # if HAVE_STDINT_H
| #  include <stdint.h>
| # endif
| #endif
| #if HAVE_UNISTD_H
| # include <unistd.h>
| #endif
| int
| main ()
| {
| static int test_array [1 - 2 * !(((long) (sizeof (dev_t))) <= 0)];
| test_array [0] = 0
| 
|   ;
|   return 0;
| }
configure:27682: /opt/lede-toolchain-ramips-mt7621_gcc-5.4.0_musl-1.1.24.Linux-x86_64/toolchain-mipsel_24kc_gcc-5.4.0_musl-1.1.24/bin/mipsel-openwrt-linux-musl-gcc -c -Os -Wall -DLINUX26 -DCONFIG_RALINK -DMUSL_LIBC -DDEBUG_NOISY -DDEBUG_RCTEST -D_GNU_SOURCE -D__UAPI_DEF_ETHHDR -DRALINK_DBDC_MODE -pipe -funit-at-a-time -Wno-pointer-sign -mtune=mips32 -mips32 -DLINUX_KERNEL_VERSION=263366 --sysroot=/opt/lede-toolchain-ramips-mt7621_gcc-5.4.0_musl-1.1.24.Linux-x86_64/toolchain-mipsel_24kc_gcc-5.4.0_musl-1.1.24   conftest.c >&5
conftest.c: In function 'main':
conftest.c:110:12: error: size of array 'test_array' is negative
 static int test_array [1 - 2 * !(((long) (sizeof (dev_t))) <= 1)];
            ^
conftest.c:110:12: warning: variable 'test_array' set but not used [-Wunused-but-set-variable]
configure:27688: $? = 1
configure: failed program was:
| /* confdefs.h.  */
| 
| #define PACKAGE_NAME "lzo"
| #define PACKAGE_TARNAME "lzo"
| #define PACKAGE_VERSION "2.03"
| #define PACKAGE_STRING "lzo 2.03"
| #define PACKAGE_BUGREPORT "markus@oberhumer.com"
| #define LZO_ABI_LITTLE_ENDIAN 1
| #define PACKAGE "lzo"
| #define VERSION "2.03"
| #define STDC_HEADERS 1
| #define HAVE_SYS_TYPES_H 1
| #define HAVE_SYS_STAT_H 1
| #define HAVE_STDLIB_H 1
| #define HAVE_STRING_H 1
| #define HAVE_MEMORY_H 1
| #define HAVE_STRINGS_H 1
| #define HAVE_INTTYPES_H 1
| #define HAVE_STDINT_H 1
| #define HAVE_UNISTD_H 1
| #define HAVE_DLFCN_H 1
| #ifdef __cplusplus
| extern "C" void exit (int);
| #endif
| #define TIME_WITH_SYS_TIME 1
| #define HAVE_ASSERT_H 1
| #define HAVE_CTYPE_H 1
| #define HAVE_DIRENT_H 1
| #define HAVE_ERRNO_H 1
| #define HAVE_FCNTL_H 1
| #define HAVE_FLOAT_H 1
| #define HAVE_LIMITS_H 1
| #define HAVE_MALLOC_H 1
| #define HAVE_MEMORY_H 1
| #define HAVE_SETJMP_H 1
| #define HAVE_SIGNAL_H 1
| #define HAVE_STDARG_H 1
| #define HAVE_STDDEF_H 1
| #define HAVE_STDINT_H 1
| #define HAVE_STDIO_H 1
| #define HAVE_STDLIB_H 1
| #define HAVE_STRING_H 1
| #define HAVE_STRINGS_H 1
| #define HAVE_TIME_H 1
| #define HAVE_UNISTD_H 1
| #define HAVE_UTIME_H 1
| #define HAVE_SYS_MMAN_H 1
| #define HAVE_SYS_RESOURCE_H 1
| #define HAVE_SYS_STAT_H 1
| #define HAVE_SYS_TIME_H 1
| #define HAVE_SYS_TYPES_H 1
| #define HAVE_SYS_WAIT_H 1
| #define RETSIGTYPE void
| #define SIZEOF_SHORT 2
| #define SIZEOF_INT 4
| #define SIZEOF_LONG 4
| #define SIZEOF_LONG_LONG 8
| #define SIZEOF___INT16 0
| #define SIZEOF___INT32 0
| #define SIZEOF___INT64 0
| #define SIZEOF_VOID_P 4
| #define SIZEOF_SIZE_T 4
| #define SIZEOF_PTRDIFF_T 4
| #define SIZEOF___INT32 0
| #define SIZEOF_INTMAX_T 8
| #define SIZEOF_UINTMAX_T 8
| #define SIZEOF_INTPTR_T 4
| #define SIZEOF_UINTPTR_T 4
| #define SIZEOF_FLOAT 4
| #define SIZEOF_DOUBLE 8
| #define SIZEOF_LONG_DOUBLE 8
| /* end confdefs.h.  */
| #include <stdio.h>
| #if HAVE_SYS_TYPES_H
| # include <sys/types.h>
| #endif
| #if HAVE_SYS_STAT_H
| # include <sys/stat.h>
| #endif
| #if STDC_HEADERS
| # include <stdlib.h>
| # include <stddef.h>
| #else
| # if HAVE_STDLIB_H
| #  include <stdlib.h>
| # endif
| #endif
| #if HAVE_STRING_H
| # if !STDC_HEADERS && HAVE_MEMORY_H
| #  include <memory.h>
| # endif
| # include <string.h>
| #endif
| #if HAVE_STRINGS_H
| # include <strings.h>
| #endif
| #if HAVE_INTTYPES_H
| # include <inttypes.h>
| #else
| # if HAVE_STDINT_H
| #  include <stdint.h>
| # endif
| #endif
| #if HAVE_UNISTD_H
| # include <unistd.h>
| #endif
| int
| main ()
| {
| static int test_array [1 - 2 * !(((long) (sizeof (dev_t))) <= 1)];
| test_array [0] = 0
| 
|   ;
|   return 0;
| }
configure:27682: /opt/lede-toolchain-ramips-mt7621_gcc-5.4.0_musl-1.1.24.Linux-x86_64/toolchain-mipsel_24kc_gcc-5.4.0_musl-1.1.24/bin/mipsel-openwrt-linux-musl-gcc -c -Os -Wall -DLINUX26 -DCONFIG_RALINK -DMUSL_LIBC -DDEBUG_NOISY -DDEBUG_RCTEST -D_GNU_SOURCE -D__UAPI_DEF_ETHHDR -DRALINK_DBDC_MODE -pipe -funit-at-a-time -Wno-pointer-sign -mtune=mips32 -mips32 -DLINUX_KERNEL_VERSION=263366 --sysroot=/opt/lede-toolchain-ramips-mt7621_gcc-5.4.0_musl-1.1.24.Linux-x86_64/toolchain-mipsel_24kc_gcc-5.4.0_musl-1.1.24   conftest.c >&5
conftest.c: In function 'main':
conftest.c:110:12: error: size of array 'test_array' is negative
 static int test_array [1 - 2 * !(((long) (sizeof (dev_t))) <= 3)];
            ^
conftest.c:110:12: warning: variable 'test_array' set but not used [-Wunused-but-set-variable]
configure:27688: $? = 1
configure: failed program was:
| /* confdefs.h.  */
| 
| #define PACKAGE_NAME "lzo"
| #define PACKAGE_TARNAME "lzo"
| #define PACKAGE_VERSION "2.03"
| #define PACKAGE_STRING "lzo 2.03"
| #define PACKAGE_BUGREPORT "markus@oberhumer.com"
| #define LZO_ABI_LITTLE_ENDIAN 1
| #define PACKAGE "lzo"
| #define VERSION "2.03"
| #define STDC_HEADERS 1
| #define HAVE_SYS_TYPES_H 1
| #define HAVE_SYS_STAT_H 1
| #define HAVE_STDLIB_H 1
| #define HAVE_STRING_H 1
| #define HAVE_MEMORY_H 1
| #define HAVE_STRINGS_H 1
| #define HAVE_INTTYPES_H 1
| #define HAVE_STDINT_H 1
| #define HAVE_UNISTD_H 1
| #define HAVE_DLFCN_H 1
| #ifdef __cplusplus
| extern "C" void exit (int);
| #endif
| #define TIME_WITH_SYS_TIME 1
| #define HAVE_ASSERT_H 1
| #define HAVE_CTYPE_H 1
| #define HAVE_DIRENT_H 1
| #define HAVE_ERRNO_H 1
| #define HAVE_FCNTL_H 1
| #define HAVE_FLOAT_H 1
| #define HAVE_LIMITS_H 1
| #define HAVE_MALLOC_H 1
| #define HAVE_MEMORY_H 1
| #define HAVE_SETJMP_H 1
| #define HAVE_SIGNAL_H 1
| #define HAVE_STDARG_H 1
| #define HAVE_STDDEF_H 1
| #define HAVE_STDINT_H 1
| #define HAVE_STDIO_H 1
| #define HAVE_STDLIB_H 1
| #define HAVE_STRING_H 1
| #define HAVE_STRINGS_H 1
| #define HAVE_TIME_H 1
| #define HAVE_UNISTD_H 1
| #define HAVE_UTIME_H 1
| #define HAVE_SYS_MMAN_H 1
| #define HAVE_SYS_RESOURCE_H 1
| #define HAVE_SYS_STAT_H 1
| #define HAVE_SYS_TIME_H 1
| #define HAVE_SYS_TYPES_H 1
| #define HAVE_SYS_WAIT_H 1
| #define RETSIGTYPE void
| #define SIZEOF_SHORT 2
| #define SIZEOF_INT 4
| #define SIZEOF_LONG 4
| #define SIZEOF_LONG_LONG 8
| #define SIZEOF___INT16 0
| #define SIZEOF___INT32 0
| #define SIZEOF___INT64 0
| #define SIZEOF_VOID_P 4
| #define SIZEOF_SIZE_T 4
| #define SIZEOF_PTRDIFF_T 4
| #define SIZEOF___INT32 0
| #define SIZEOF_INTMAX_T 8
| #define SIZEOF_UINTMAX_T 8
| #define SIZEOF_INTPTR_T 4
| #define SIZEOF_UINTPTR_T 4
| #define SIZEOF_FLOAT 4
| #define SIZEOF_DOUBLE 8
| #define SIZEOF_LONG_DOUBLE 8
| /* end confdefs.h.  */
| #include <stdio.h>
| #if HAVE_SYS_TYPES_H
| # include <sys/types.h>
| #endif
| #if HAVE_SYS_STAT_H
| # include <sys/stat.h>
| #endif
| #if STDC_HEADERS
| # include <stdlib.h>
| # include <stddef.h>
| #else
| # if HAVE_STDLIB_H
| #  include <stdlib.h>
| # endif
| #endif
| #if HAVE_STRING_H
| # if !STDC_HEADERS && HAVE_MEMORY_H
| #  include <memory.h>
| # endif
| # include <string.h>
| #endif
| #if HAVE_STRINGS_H
| # include <strings.h>
| #endif
| #if HAVE_INTTYPES_H
| # include <inttypes.h>
| #else
| # if HAVE_STDINT_H
| #  include <stdint.h>
| # endif
| #endif
| #if HAVE_UNISTD_H
| # include <unistd.h>
| #endif
| int
| main ()
| {
| static int test_array [1 - 2 * !(((long) (sizeof (dev_t))) <= 3)];
| test_array [0] = 0
| 
|   ;
|   return 0;
| }
configure:27682: /opt/lede-toolchain-ramips-mt7621_gcc-5.4.0_musl-1.1.24.Linux-x86_64/toolchain-mipsel_24kc_gcc-5.4.0_musl-1.1.24/bin/mipsel-openwrt-linux-musl-gcc -c -Os -Wall -DLINUX26 -DCONFIG_RALINK -DMUSL_LIBC -DDEBUG_NOISY -DDEBUG_RCTEST -D_GNU_SOURCE -D__UAPI_DEF_ETHHDR -DRALINK_DBDC_MODE -pipe -funit-at-a-time -Wno-pointer-sign -mtune=mips32 -mips32 -DLINUX_KERNEL_VERSION=263366 --sysroot=/opt/lede-toolchain-ramips-mt7621_gcc-5.4.0_musl-1.1.24.Linux-x86_64/toolchain-mipsel_24kc_gcc-5.4.0_musl-1.1.24   conftest.c >&5
conftest.c: In function 'main':
conftest.c:110:12: error: size of array 'test_array' is negative
 static int test_array [1 - 2 * !(((long) (sizeof (dev_t))) <= 7)];
            ^
conftest.c:110:12: warning: variable 'test_array' set but not used [-Wunused-but-set-variable]
configure:27688: $? = 1
configure: failed program was:
| /* confdefs.h.  */
| 
| #define PACKAGE_NAME "lzo"
| #define PACKAGE_TARNAME "lzo"
| #define PACKAGE_VERSION "2.03"
| #define PACKAGE_STRING "lzo 2.03"
| #define PACKAGE_BUGREPORT "markus@oberhumer.com"
| #define LZO_ABI_LITTLE_ENDIAN 1
| #define PACKAGE "lzo"
| #define VERSION "2.03"
| #define STDC_HEADERS 1
| #define HAVE_SYS_TYPES_H 1
| #define HAVE_SYS_STAT_H 1
| #define HAVE_STDLIB_H 1
| #define HAVE_STRING_H 1
| #define HAVE_MEMORY_H 1
| #define HAVE_STRINGS_H 1
| #define HAVE_INTTYPES_H 1
| #define HAVE_STDINT_H 1
| #define HAVE_UNISTD_H 1
| #define HAVE_DLFCN_H 1
| #ifdef __cplusplus
| extern "C" void exit (int);
| #endif
| #define TIME_WITH_SYS_TIME 1
| #define HAVE_ASSERT_H 1
| #define HAVE_CTYPE_H 1
| #define HAVE_DIRENT_H 1
| #define HAVE_ERRNO_H 1
| #define HAVE_FCNTL_H 1
| #define HAVE_FLOAT_H 1
| #define HAVE_LIMITS_H 1
| #define HAVE_MALLOC_H 1
| #define HAVE_MEMORY_H 1
| #define HAVE_SETJMP_H 1
| #define HAVE_SIGNAL_H 1
| #define HAVE_STDARG_H 1
| #define HAVE_STDDEF_H 1
| #define HAVE_STDINT_H 1
| #define HAVE_STDIO_H 1
| #define HAVE_STDLIB_H 1
| #define HAVE_STRING_H 1
| #define HAVE_STRINGS_H 1
| #define HAVE_TIME_H 1
| #define HAVE_UNISTD_H 1
| #define HAVE_UTIME_H 1
| #define HAVE_SYS_MMAN_H 1
| #define HAVE_SYS_RESOURCE_H 1
| #define HAVE_SYS_STAT_H 1
| #define HAVE_SYS_TIME_H 1
| #define HAVE_SYS_TYPES_H 1
| #define HAVE_SYS_WAIT_H 1
| #define RETSIGTYPE void
| #define SIZEOF_SHORT 2
| #define SIZEOF_INT 4
| #define SIZEOF_LONG 4
| #define SIZEOF_LONG_LONG 8
| #define SIZEOF___INT16 0
| #define SIZEOF___INT32 0
| #define SIZEOF___INT64 0
| #define SIZEOF_VOID_P 4
| #define SIZEOF_SIZE_T 4
| #define SIZEOF_PTRDIFF_T 4
| #define SIZEOF___INT32 0
| #define SIZEOF_INTMAX_T 8
| #define SIZEOF_UINTMAX_T 8
| #define SIZEOF_INTPTR_T 4
| #define SIZEOF_UINTPTR_T 4
| #define SIZEOF_FLOAT 4
| #define SIZEOF_DOUBLE 8
| #define SIZEOF_LONG_DOUBLE 8
| /* end confdefs.h.  */
| #include <stdio.h>
| #if HAVE_SYS_TYPES_H
| # include <sys/types.h>
| #endif
| #if HAVE_SYS_STAT_H
| # include <sys/stat.h>
| #endif
| #if STDC_HEADERS
| # include <stdlib.h>
| # include <stddef.h>
| #else
| # if HAVE_STDLIB_H
| #  include <stdlib.h>
| # endif
| #endif
| #if HAVE_STRING_H
| # if !STDC_HEADERS && HAVE_MEMORY_H
| #  include <memory.h>
| # endif
| # include <string.h>
| #endif
| #if HAVE_STRINGS_H
| # include <strings.h>
| #endif
| #if HAVE_INTTYPES_H
| # include <inttypes.h>
| #else
| # if HAVE_STDINT_H
| #  include <stdint.h>
| # endif
| #endif
| #if HAVE_UNISTD_H
| # include <unistd.h>
| #endif
| int
| main ()
| {
| static int test_array [1 - 2 * !(((long) (sizeof (dev_t))) <= 7)];
| test_array [0] = 0
| 
|   ;
|   return 0;
| }
configure:27682: /opt/lede-toolchain-ramips-mt7621_gcc-5.4.0_musl-1.1.24.Linux-x86_64/toolchain-mipsel_24kc_gcc-5.4.0_musl-1.1.24/bin/mipsel-openwrt-linux-musl-gcc -c -Os -Wall -DLINUX26 -DCONFIG_RALINK -DMUSL_LIBC -DDEBUG_NOISY -DDEBUG_RCTEST -D_GNU_SOURCE -D__UAPI_DEF_ETHHDR -DRALINK_DBDC_MODE -pipe -funit-at-a-time -Wno-pointer-sign -mtune=mips32 -mips32 -DLINUX_KERNEL_VERSION=263366 --sysroot=/opt/lede-toolchain-ramips-mt7621_gcc-5.4.0_musl-1.1.24.Linux-x86_64/toolchain-mipsel_24kc_gcc-5.4.0_musl-1.1.24   conftest.c >&5
conftest.c: In function 'main':
conftest.c:110:12: warning: variable 'test_array' set but not used [-Wunused-but-set-variable]
 static int test_array [1 - 2 * !(((long) (sizeof (dev_t))) <= 15)];
            ^
configure:27688: $? = 0
configure:27691: test -z 			 || test ! -s conftest.err
configure:27694: $? = 0
configure:27697: test -s conftest.o
configure:27700: $? = 0
configure:27842: /opt/lede-toolchain-ramips-mt7621_gcc-5.4.0_musl-1.1.24.Linux-x86_64/toolchain-mipsel_24kc_gcc-5.4.0_musl-1.1.24/bin/mipsel-openwrt-linux-musl-gcc -c -Os -Wall -DLINUX26 -DCONFIG_RALINK -DMUSL_LIBC -DDEBUG_NOISY -DDEBUG_RCTEST -D_GNU_SOURCE -D__UAPI_DEF_ETHHDR -DRALINK_DBDC_MODE -pipe -funit-at-a-time -Wno-pointer-sign -mtune=mips32 -mips32 -DLINUX_KERNEL_VERSION=263366 --sysroot=/opt/lede-toolchain-ramips-mt7621_gcc-5.4.0_musl-1.1.24.Linux-x86_64/toolchain-mipsel_24kc_gcc-5.4.0_musl-1.1.24   conftest.c >&5
conftest.c: In function 'main':
conftest.c:110:12: warning: variable 'test_array' set but not used [-Wunused-but-set-variable]
 static int test_array [1 - 2 * !(((long) (sizeof (dev_t))) <= 11)];
            ^
configure:27848: $? = 0
configure:27851: test -z 			 || test ! -s conftest.err
configure:27854: $? = 0
configure:27857: test -s conftest.o
configure:27860: $? = 0
configure:27842: /opt/lede-toolchain-ramips-mt7621_gcc-5.4.0_musl-1.1.24.Linux-x86_64/toolchain-mipsel_24kc_gcc-5.4.0_musl-1.1.24/bin/mipsel-openwrt-linux-musl-gcc -c -Os -Wall -DLINUX26 -DCONFIG_RALINK -DMUSL_LIBC -DDEBUG_NOISY -DDEBUG_RCTEST -D_GNU_SOURCE -D__UAPI_DEF_ETHHDR -DRALINK_DBDC_MODE -pipe -funit-at-a-time -Wno-pointer-sign -mtune=mips32 -mips32 -DLINUX_KERNEL_VERSION=263366 --sysroot=/opt/lede-toolchain-ramips-mt7621_gcc-5.4.0_musl-1.1.24.Linux-x86_64/toolchain-mipsel_24kc_gcc-5.4.0_musl-1.1.24   conftest.c >&5
conftest.c: In function 'main':
conftest.c:110:12: warning: variable 'test_array' set but not used [-Wunused-but-set-variable]
 static int test_array [1 - 2 * !(((long) (sizeof (dev_t))) <= 9)];
            ^
configure:27848: $? = 0
configure:27851: test -z 			 || test ! -s conftest.err
configure:27854: $? = 0
configure:27857: test -s conftest.o
configure:27860: $? = 0
configure:27842: /opt/lede-toolchain-ramips-mt7621_gcc-5.4.0_musl-1.1.24.Linux-x86_64/toolchain-mipsel_24kc_gcc-5.4.0_musl-1.1.24/bin/mipsel-openwrt-linux-musl-gcc -c -Os -Wall -DLINUX26 -DCONFIG_RALINK -DMUSL_LIBC -DDEBUG_NOISY -DDEBUG_RCTEST -D_GNU_SOURCE -D__UAPI_DEF_ETHHDR -DRALINK_DBDC_MODE -pipe -funit-at-a-time -Wno-pointer-sign -mtune=mips32 -mips32 -DLINUX_KERNEL_VERSION=263366 --sysroot=/opt/lede-toolchain-ramips-mt7621_gcc-5.4.0_musl-1.1.24.Linux-x86_64/toolchain-mipsel_24kc_gcc-5.4.0_musl-1.1.24   conftest.c >&5
conftest.c: In function 'main':
conftest.c:110:12: warning: variable 'test_array' set but not used [-Wunused-but-set-variable]
 static int test_array [1 - 2 * !(((long) (sizeof (dev_t))) <= 8)];
            ^
configure:27848: $? = 0
configure:27851: test -z 			 || test ! -s conftest.err
configure:27854: $? = 0
configure:27857: test -s conftest.o
configure:27860: $? = 0
configure:27955: result: 8
configure:27962: checking for fpos_t
configure:27986: /opt/lede-toolchain-ramips-mt7621_gcc-5.4.0_musl-1.1.24.Linux-x86_64/toolchain-mipsel_24kc_gcc-5.4.0_musl-1.1.24/bin/mipsel-openwrt-linux-musl-gcc -c -Os -Wall -DLINUX26 -DCONFIG_RALINK -DMUSL_LIBC -DDEBUG_NOISY -DDEBUG_RCTEST -D_GNU_SOURCE -D__UAPI_DEF_ETHHDR -DRALINK_DBDC_MODE -pipe -funit-at-a-time -Wno-pointer-sign -mtune=mips32 -mips32 -DLINUX_KERNEL_VERSION=263366 --sysroot=/opt/lede-toolchain-ramips-mt7621_gcc-5.4.0_musl-1.1.24.Linux-x86_64/toolchain-mipsel_24kc_gcc-5.4.0_musl-1.1.24   conftest.c >&5
configure:27992: $? = 0
configure:27995: test -z 			 || test ! -s conftest.err
configure:27998: $? = 0
configure:28001: test -s conftest.o
configure:28004: $? = 0
configure:28015: result: yes
configure:28018: checking size of fpos_t
configure:28048: /opt/lede-toolchain-ramips-mt7621_gcc-5.4.0_musl-1.1.24.Linux-x86_64/toolchain-mipsel_24kc_gcc-5.4.0_musl-1.1.24/bin/mipsel-openwrt-linux-musl-gcc -c -Os -Wall -DLINUX26 -DCONFIG_RALINK -DMUSL_LIBC -DDEBUG_NOISY -DDEBUG_RCTEST -D_GNU_SOURCE -D__UAPI_DEF_ETHHDR -DRALINK_DBDC_MODE -pipe -funit-at-a-time -Wno-pointer-sign -mtune=mips32 -mips32 -DLINUX_KERNEL_VERSION=263366 --sysroot=/opt/lede-toolchain-ramips-mt7621_gcc-5.4.0_musl-1.1.24.Linux-x86_64/toolchain-mipsel_24kc_gcc-5.4.0_musl-1.1.24   conftest.c >&5
conftest.c: In function 'main':
conftest.c:111:12: warning: variable 'test_array' set but not used [-Wunused-but-set-variable]
 static int test_array [1 - 2 * !(((long) (sizeof (fpos_t))) >= 0)];
            ^
configure:28054: $? = 0
configure:28057: test -z 			 || test ! -s conftest.err
configure:28060: $? = 0
configure:28063: test -s conftest.o
configure:28066: $? = 0
configure:28088: /opt/lede-toolchain-ramips-mt7621_gcc-5.4.0_musl-1.1.24.Linux-x86_64/toolchain-mipsel_24kc_gcc-5.4.0_musl-1.1.24/bin/mipsel-openwrt-linux-musl-gcc -c -Os -Wall -DLINUX26 -DCONFIG_RALINK -DMUSL_LIBC -DDEBUG_NOISY -DDEBUG_RCTEST -D_GNU_SOURCE -D__UAPI_DEF_ETHHDR -DRALINK_DBDC_MODE -pipe -funit-at-a-time -Wno-pointer-sign -mtune=mips32 -mips32 -DLINUX_KERNEL_VERSION=263366 --sysroot=/opt/lede-toolchain-ramips-mt7621_gcc-5.4.0_musl-1.1.24.Linux-x86_64/toolchain-mipsel_24kc_gcc-5.4.0_musl-1.1.24   conftest.c >&5
conftest.c: In function 'main':
conftest.c:111:12: error: size of array 'test_array' is negative
 static int test_array [1 - 2 * !(((long) (sizeof (fpos_t))) <= 0)];
            ^
conftest.c:111:12: warning: variable 'test_array' set but not used [-Wunused-but-set-variable]
configure:28094: $? = 1
configure: failed program was:
| /* confdefs.h.  */
| 
| #define PACKAGE_NAME "lzo"
| #define PACKAGE_TARNAME "lzo"
| #define PACKAGE_VERSION "2.03"
| #define PACKAGE_STRING "lzo 2.03"
| #define PACKAGE_BUGREPORT "markus@oberhumer.com"
| #define LZO_ABI_LITTLE_ENDIAN 1
| #define PACKAGE "lzo"
| #define VERSION "2.03"
| #define STDC_HEADERS 1
| #define HAVE_SYS_TYPES_H 1
| #define HAVE_SYS_STAT_H 1
| #define HAVE_STDLIB_H 1
| #define HAVE_STRING_H 1
| #define HAVE_MEMORY_H 1
| #define HAVE_STRINGS_H 1
| #define HAVE_INTTYPES_H 1
| #define HAVE_STDINT_H 1
| #define HAVE_UNISTD_H 1
| #define HAVE_DLFCN_H 1
| #ifdef __cplusplus
| extern "C" void exit (int);
| #endif
| #define TIME_WITH_SYS_TIME 1
| #define HAVE_ASSERT_H 1
| #define HAVE_CTYPE_H 1
| #define HAVE_DIRENT_H 1
| #define HAVE_ERRNO_H 1
| #define HAVE_FCNTL_H 1
| #define HAVE_FLOAT_H 1
| #define HAVE_LIMITS_H 1
| #define HAVE_MALLOC_H 1
| #define HAVE_MEMORY_H 1
| #define HAVE_SETJMP_H 1
| #define HAVE_SIGNAL_H 1
| #define HAVE_STDARG_H 1
| #define HAVE_STDDEF_H 1
| #define HAVE_STDINT_H 1
| #define HAVE_STDIO_H 1
| #define HAVE_STDLIB_H 1
| #define HAVE_STRING_H 1
| #define HAVE_STRINGS_H 1
| #define HAVE_TIME_H 1
| #define HAVE_UNISTD_H 1
| #define HAVE_UTIME_H 1
| #define HAVE_SYS_MMAN_H 1
| #define HAVE_SYS_RESOURCE_H 1
| #define HAVE_SYS_STAT_H 1
| #define HAVE_SYS_TIME_H 1
| #define HAVE_SYS_TYPES_H 1
| #define HAVE_SYS_WAIT_H 1
| #define RETSIGTYPE void
| #define SIZEOF_SHORT 2
| #define SIZEOF_INT 4
| #define SIZEOF_LONG 4
| #define SIZEOF_LONG_LONG 8
| #define SIZEOF___INT16 0
| #define SIZEOF___INT32 0
| #define SIZEOF___INT64 0
| #define SIZEOF_VOID_P 4
| #define SIZEOF_SIZE_T 4
| #define SIZEOF_PTRDIFF_T 4
| #define SIZEOF___INT32 0
| #define SIZEOF_INTMAX_T 8
| #define SIZEOF_UINTMAX_T 8
| #define SIZEOF_INTPTR_T 4
| #define SIZEOF_UINTPTR_T 4
| #define SIZEOF_FLOAT 4
| #define SIZEOF_DOUBLE 8
| #define SIZEOF_LONG_DOUBLE 8
| #define SIZEOF_DEV_T 8
| /* end confdefs.h.  */
| #include <stdio.h>
| #if HAVE_SYS_TYPES_H
| # include <sys/types.h>
| #endif
| #if HAVE_SYS_STAT_H
| # include <sys/stat.h>
| #endif
| #if STDC_HEADERS
| # include <stdlib.h>
| # include <stddef.h>
| #else
| # if HAVE_STDLIB_H
| #  include <stdlib.h>
| # endif
| #endif
| #if HAVE_STRING_H
| # if !STDC_HEADERS && HAVE_MEMORY_H
| #  include <memory.h>
| # endif
| # include <string.h>
| #endif
| #if HAVE_STRINGS_H
| # include <strings.h>
| #endif
| #if HAVE_INTTYPES_H
| # include <inttypes.h>
| #else
| # if HAVE_STDINT_H
| #  include <stdint.h>
| # endif
| #endif
| #if HAVE_UNISTD_H
| # include <unistd.h>
| #endif
| int
| main ()
| {
| static int test_array [1 - 2 * !(((long) (sizeof (fpos_t))) <= 0)];
| test_array [0] = 0
| 
|   ;
|   return 0;
| }
configure:28088: /opt/lede-toolchain-ramips-mt7621_gcc-5.4.0_musl-1.1.24.Linux-x86_64/toolchain-mipsel_24kc_gcc-5.4.0_musl-1.1.24/bin/mipsel-openwrt-linux-musl-gcc -c -Os -Wall -DLINUX26 -DCONFIG_RALINK -DMUSL_LIBC -DDEBUG_NOISY -DDEBUG_RCTEST -D_GNU_SOURCE -D__UAPI_DEF_ETHHDR -DRALINK_DBDC_MODE -pipe -funit-at-a-time -Wno-pointer-sign -mtune=mips32 -mips32 -DLINUX_KERNEL_VERSION=263366 --sysroot=/opt/lede-toolchain-ramips-mt7621_gcc-5.4.0_musl-1.1.24.Linux-x86_64/toolchain-mipsel_24kc_gcc-5.4.0_musl-1.1.24   conftest.c >&5
conftest.c: In function 'main':
conftest.c:111:12: error: size of array 'test_array' is negative
 static int test_array [1 - 2 * !(((long) (sizeof (fpos_t))) <= 1)];
            ^
conftest.c:111:12: warning: variable 'test_array' set but not used [-Wunused-but-set-variable]
configure:28094: $? = 1
configure: failed program was:
| /* confdefs.h.  */
| 
| #define PACKAGE_NAME "lzo"
| #define PACKAGE_TARNAME "lzo"
| #define PACKAGE_VERSION "2.03"
| #define PACKAGE_STRING "lzo 2.03"
| #define PACKAGE_BUGREPORT "markus@oberhumer.com"
| #define LZO_ABI_LITTLE_ENDIAN 1
| #define PACKAGE "lzo"
| #define VERSION "2.03"
| #define STDC_HEADERS 1
| #define HAVE_SYS_TYPES_H 1
| #define HAVE_SYS_STAT_H 1
| #define HAVE_STDLIB_H 1
| #define HAVE_STRING_H 1
| #define HAVE_MEMORY_H 1
| #define HAVE_STRINGS_H 1
| #define HAVE_INTTYPES_H 1
| #define HAVE_STDINT_H 1
| #define HAVE_UNISTD_H 1
| #define HAVE_DLFCN_H 1
| #ifdef __cplusplus
| extern "C" void exit (int);
| #endif
| #define TIME_WITH_SYS_TIME 1
| #define HAVE_ASSERT_H 1
| #define HAVE_CTYPE_H 1
| #define HAVE_DIRENT_H 1
| #define HAVE_ERRNO_H 1
| #define HAVE_FCNTL_H 1
| #define HAVE_FLOAT_H 1
| #define HAVE_LIMITS_H 1
| #define HAVE_MALLOC_H 1
| #define HAVE_MEMORY_H 1
| #define HAVE_SETJMP_H 1
| #define HAVE_SIGNAL_H 1
| #define HAVE_STDARG_H 1
| #define HAVE_STDDEF_H 1
| #define HAVE_STDINT_H 1
| #define HAVE_STDIO_H 1
| #define HAVE_STDLIB_H 1
| #define HAVE_STRING_H 1
| #define HAVE_STRINGS_H 1
| #define HAVE_TIME_H 1
| #define HAVE_UNISTD_H 1
| #define HAVE_UTIME_H 1
| #define HAVE_SYS_MMAN_H 1
| #define HAVE_SYS_RESOURCE_H 1
| #define HAVE_SYS_STAT_H 1
| #define HAVE_SYS_TIME_H 1
| #define HAVE_SYS_TYPES_H 1
| #define HAVE_SYS_WAIT_H 1
| #define RETSIGTYPE void
| #define SIZEOF_SHORT 2
| #define SIZEOF_INT 4
| #define SIZEOF_LONG 4
| #define SIZEOF_LONG_LONG 8
| #define SIZEOF___INT16 0
| #define SIZEOF___INT32 0
| #define SIZEOF___INT64 0
| #define SIZEOF_VOID_P 4
| #define SIZEOF_SIZE_T 4
| #define SIZEOF_PTRDIFF_T 4
| #define SIZEOF___INT32 0
| #define SIZEOF_INTMAX_T 8
| #define SIZEOF_UINTMAX_T 8
| #define SIZEOF_INTPTR_T 4
| #define SIZEOF_UINTPTR_T 4
| #define SIZEOF_FLOAT 4
| #define SIZEOF_DOUBLE 8
| #define SIZEOF_LONG_DOUBLE 8
| #define SIZEOF_DEV_T 8
| /* end confdefs.h.  */
| #include <stdio.h>
| #if HAVE_SYS_TYPES_H
| # include <sys/types.h>
| #endif
| #if HAVE_SYS_STAT_H
| # include <sys/stat.h>
| #endif
| #if STDC_HEADERS
| # include <stdlib.h>
| # include <stddef.h>
| #else
| # if HAVE_STDLIB_H
| #  include <stdlib.h>
| # endif
| #endif
| #if HAVE_STRING_H
| # if !STDC_HEADERS && HAVE_MEMORY_H
| #  include <memory.h>
| # endif
| # include <string.h>
| #endif
| #if HAVE_STRINGS_H
| # include <strings.h>
| #endif
| #if HAVE_INTTYPES_H
| # include <inttypes.h>
| #else
| # if HAVE_STDINT_H
| #  include <stdint.h>
| # endif
| #endif
| #if HAVE_UNISTD_H
| # include <unistd.h>
| #endif
| int
| main ()
| {
| static int test_array [1 - 2 * !(((long) (sizeof (fpos_t))) <= 1)];
| test_array [0] = 0
| 
|   ;
|   return 0;
| }
configure:28088: /opt/lede-toolchain-ramips-mt7621_gcc-5.4.0_musl-1.1.24.Linux-x86_64/toolchain-mipsel_24kc_gcc-5.4.0_musl-1.1.24/bin/mipsel-openwrt-linux-musl-gcc -c -Os -Wall -DLINUX26 -DCONFIG_RALINK -DMUSL_LIBC -DDEBUG_NOISY -DDEBUG_RCTEST -D_GNU_SOURCE -D__UAPI_DEF_ETHHDR -DRALINK_DBDC_MODE -pipe -funit-at-a-time -Wno-pointer-sign -mtune=mips32 -mips32 -DLINUX_KERNEL_VERSION=263366 --sysroot=/opt/lede-toolchain-ramips-mt7621_gcc-5.4.0_musl-1.1.24.Linux-x86_64/toolchain-mipsel_24kc_gcc-5.4.0_musl-1.1.24   conftest.c >&5
conftest.c: In function 'main':
conftest.c:111:12: error: size of array 'test_array' is negative
 static int test_array [1 - 2 * !(((long) (sizeof (fpos_t))) <= 3)];
            ^
conftest.c:111:12: warning: variable 'test_array' set but not used [-Wunused-but-set-variable]
configure:28094: $? = 1
configure: failed program was:
| /* confdefs.h.  */
| 
| #define PACKAGE_NAME "lzo"
| #define PACKAGE_TARNAME "lzo"
| #define PACKAGE_VERSION "2.03"
| #define PACKAGE_STRING "lzo 2.03"
| #define PACKAGE_BUGREPORT "markus@oberhumer.com"
| #define LZO_ABI_LITTLE_ENDIAN 1
| #define PACKAGE "lzo"
| #define VERSION "2.03"
| #define STDC_HEADERS 1
| #define HAVE_SYS_TYPES_H 1
| #define HAVE_SYS_STAT_H 1
| #define HAVE_STDLIB_H 1
| #define HAVE_STRING_H 1
| #define HAVE_MEMORY_H 1
| #define HAVE_STRINGS_H 1
| #define HAVE_INTTYPES_H 1
| #define HAVE_STDINT_H 1
| #define HAVE_UNISTD_H 1
| #define HAVE_DLFCN_H 1
| #ifdef __cplusplus
| extern "C" void exit (int);
| #endif
| #define TIME_WITH_SYS_TIME 1
| #define HAVE_ASSERT_H 1
| #define HAVE_CTYPE_H 1
| #define HAVE_DIRENT_H 1
| #define HAVE_ERRNO_H 1
| #define HAVE_FCNTL_H 1
| #define HAVE_FLOAT_H 1
| #define HAVE_LIMITS_H 1
| #define HAVE_MALLOC_H 1
| #define HAVE_MEMORY_H 1
| #define HAVE_SETJMP_H 1
| #define HAVE_SIGNAL_H 1
| #define HAVE_STDARG_H 1
| #define HAVE_STDDEF_H 1
| #define HAVE_STDINT_H 1
| #define HAVE_STDIO_H 1
| #define HAVE_STDLIB_H 1
| #define HAVE_STRING_H 1
| #define HAVE_STRINGS_H 1
| #define HAVE_TIME_H 1
| #define HAVE_UNISTD_H 1
| #define HAVE_UTIME_H 1
| #define HAVE_SYS_MMAN_H 1
| #define HAVE_SYS_RESOURCE_H 1
| #define HAVE_SYS_STAT_H 1
| #define HAVE_SYS_TIME_H 1
| #define HAVE_SYS_TYPES_H 1
| #define HAVE_SYS_WAIT_H 1
| #define RETSIGTYPE void
| #define SIZEOF_SHORT 2
| #define SIZEOF_INT 4
| #define SIZEOF_LONG 4
| #define SIZEOF_LONG_LONG 8
| #define SIZEOF___INT16 0
| #define SIZEOF___INT32 0
| #define SIZEOF___INT64 0
| #define SIZEOF_VOID_P 4
| #define SIZEOF_SIZE_T 4
| #define SIZEOF_PTRDIFF_T 4
| #define SIZEOF___INT32 0
| #define SIZEOF_INTMAX_T 8
| #define SIZEOF_UINTMAX_T 8
| #define SIZEOF_INTPTR_T 4
| #define SIZEOF_UINTPTR_T 4
| #define SIZEOF_FLOAT 4
| #define SIZEOF_DOUBLE 8
| #define SIZEOF_LONG_DOUBLE 8
| #define SIZEOF_DEV_T 8
| /* end confdefs.h.  */
| #include <stdio.h>
| #if HAVE_SYS_TYPES_H
| # include <sys/types.h>
| #endif
| #if HAVE_SYS_STAT_H
| # include <sys/stat.h>
| #endif
| #if STDC_HEADERS
| # include <stdlib.h>
| # include <stddef.h>
| #else
| # if HAVE_STDLIB_H
| #  include <stdlib.h>
| # endif
| #endif
| #if HAVE_STRING_H
| # if !STDC_HEADERS && HAVE_MEMORY_H
| #  include <memory.h>
| # endif
| # include <string.h>
| #endif
| #if HAVE_STRINGS_H
| # include <strings.h>
| #endif
| #if HAVE_INTTYPES_H
| # include <inttypes.h>
| #else
| # if HAVE_STDINT_H
| #  include <stdint.h>
| # endif
| #endif
| #if HAVE_UNISTD_H
| # include <unistd.h>
| #endif
| int
| main ()
| {
| static int test_array [1 - 2 * !(((long) (sizeof (fpos_t))) <= 3)];
| test_array [0] = 0
| 
|   ;
|   return 0;
| }
configure:28088: /opt/lede-toolchain-ramips-mt7621_gcc-5.4.0_musl-1.1.24.Linux-x86_64/toolchain-mipsel_24kc_gcc-5.4.0_musl-1.1.24/bin/mipsel-openwrt-linux-musl-gcc -c -Os -Wall -DLINUX26 -DCONFIG_RALINK -DMUSL_LIBC -DDEBUG_NOISY -DDEBUG_RCTEST -D_GNU_SOURCE -D__UAPI_DEF_ETHHDR -DRALINK_DBDC_MODE -pipe -funit-at-a-time -Wno-pointer-sign -mtune=mips32 -mips32 -DLINUX_KERNEL_VERSION=263366 --sysroot=/opt/lede-toolchain-ramips-mt7621_gcc-5.4.0_musl-1.1.24.Linux-x86_64/toolchain-mipsel_24kc_gcc-5.4.0_musl-1.1.24   conftest.c >&5
conftest.c: In function 'main':
conftest.c:111:12: error: size of array 'test_array' is negative
 static int test_array [1 - 2 * !(((long) (sizeof (fpos_t))) <= 7)];
            ^
conftest.c:111:12: warning: variable 'test_array' set but not used [-Wunused-but-set-variable]
configure:28094: $? = 1
configure: failed program was:
| /* confdefs.h.  */
| 
| #define PACKAGE_NAME "lzo"
| #define PACKAGE_TARNAME "lzo"
| #define PACKAGE_VERSION "2.03"
| #define PACKAGE_STRING "lzo 2.03"
| #define PACKAGE_BUGREPORT "markus@oberhumer.com"
| #define LZO_ABI_LITTLE_ENDIAN 1
| #define PACKAGE "lzo"
| #define VERSION "2.03"
| #define STDC_HEADERS 1
| #define HAVE_SYS_TYPES_H 1
| #define HAVE_SYS_STAT_H 1
| #define HAVE_STDLIB_H 1
| #define HAVE_STRING_H 1
| #define HAVE_MEMORY_H 1
| #define HAVE_STRINGS_H 1
| #define HAVE_INTTYPES_H 1
| #define HAVE_STDINT_H 1
| #define HAVE_UNISTD_H 1
| #define HAVE_DLFCN_H 1
| #ifdef __cplusplus
| extern "C" void exit (int);
| #endif
| #define TIME_WITH_SYS_TIME 1
| #define HAVE_ASSERT_H 1
| #define HAVE_CTYPE_H 1
| #define HAVE_DIRENT_H 1
| #define HAVE_ERRNO_H 1
| #define HAVE_FCNTL_H 1
| #define HAVE_FLOAT_H 1
| #define HAVE_LIMITS_H 1
| #define HAVE_MALLOC_H 1
| #define HAVE_MEMORY_H 1
| #define HAVE_SETJMP_H 1
| #define HAVE_SIGNAL_H 1
| #define HAVE_STDARG_H 1
| #define HAVE_STDDEF_H 1
| #define HAVE_STDINT_H 1
| #define HAVE_STDIO_H 1
| #define HAVE_STDLIB_H 1
| #define HAVE_STRING_H 1
| #define HAVE_STRINGS_H 1
| #define HAVE_TIME_H 1
| #define HAVE_UNISTD_H 1
| #define HAVE_UTIME_H 1
| #define HAVE_SYS_MMAN_H 1
| #define HAVE_SYS_RESOURCE_H 1
| #define HAVE_SYS_STAT_H 1
| #define HAVE_SYS_TIME_H 1
| #define HAVE_SYS_TYPES_H 1
| #define HAVE_SYS_WAIT_H 1
| #define RETSIGTYPE void
| #define SIZEOF_SHORT 2
| #define SIZEOF_INT 4
| #define SIZEOF_LONG 4
| #define SIZEOF_LONG_LONG 8
| #define SIZEOF___INT16 0
| #define SIZEOF___INT32 0
| #define SIZEOF___INT64 0
| #define SIZEOF_VOID_P 4
| #define SIZEOF_SIZE_T 4
| #define SIZEOF_PTRDIFF_T 4
| #define SIZEOF___INT32 0
| #define SIZEOF_INTMAX_T 8
| #define SIZEOF_UINTMAX_T 8
| #define SIZEOF_INTPTR_T 4
| #define SIZEOF_UINTPTR_T 4
| #define SIZEOF_FLOAT 4
| #define SIZEOF_DOUBLE 8
| #define SIZEOF_LONG_DOUBLE 8
| #define SIZEOF_DEV_T 8
| /* end confdefs.h.  */
| #include <stdio.h>
| #if HAVE_SYS_TYPES_H
| # include <sys/types.h>
| #endif
| #if HAVE_SYS_STAT_H
| # include <sys/stat.h>
| #endif
| #if STDC_HEADERS
| # include <stdlib.h>
| # include <stddef.h>
| #else
| # if HAVE_STDLIB_H
| #  include <stdlib.h>
| # endif
| #endif
| #if HAVE_STRING_H
| # if !STDC_HEADERS && HAVE_MEMORY_H
| #  include <memory.h>
| # endif
| # include <string.h>
| #endif
| #if HAVE_STRINGS_H
| # include <strings.h>
| #endif
| #if HAVE_INTTYPES_H
| # include <inttypes.h>
| #else
| # if HAVE_STDINT_H
| #  include <stdint.h>
| # endif
| #endif
| #if HAVE_UNISTD_H
| # include <unistd.h>
| #endif
| int
| main ()
| {
| static int test_array [1 - 2 * !(((long) (sizeof (fpos_t))) <= 7)];
| test_array [0] = 0
| 
|   ;
|   return 0;
| }
configure:28088: /opt/lede-toolchain-ramips-mt7621_gcc-5.4.0_musl-1.1.24.Linux-x86_64/toolchain-mipsel_24kc_gcc-5.4.0_musl-1.1.24/bin/mipsel-openwrt-linux-musl-gcc -c -Os -Wall -DLINUX26 -DCONFIG_RALINK -DMUSL_LIBC -DDEBUG_NOISY -DDEBUG_RCTEST -D_GNU_SOURCE -D__UAPI_DEF_ETHHDR -DRALINK_DBDC_MODE -pipe -funit-at-a-time -Wno-pointer-sign -mtune=mips32 -mips32 -DLINUX_KERNEL_VERSION=263366 --sysroot=/opt/lede-toolchain-ramips-mt7621_gcc-5.4.0_musl-1.1.24.Linux-x86_64/toolchain-mipsel_24kc_gcc-5.4.0_musl-1.1.24   conftest.c >&5
conftest.c: In function 'main':
conftest.c:111:12: error: size of array 'test_array' is negative
 static int test_array [1 - 2 * !(((long) (sizeof (fpos_t))) <= 15)];
            ^
conftest.c:111:12: warning: variable 'test_array' set but not used [-Wunused-but-set-variable]
configure:28094: $? = 1
configure: failed program was:
| /* confdefs.h.  */
| 
| #define PACKAGE_NAME "lzo"
| #define PACKAGE_TARNAME "lzo"
| #define PACKAGE_VERSION "2.03"
| #define PACKAGE_STRING "lzo 2.03"
| #define PACKAGE_BUGREPORT "markus@oberhumer.com"
| #define LZO_ABI_LITTLE_ENDIAN 1
| #define PACKAGE "lzo"
| #define VERSION "2.03"
| #define STDC_HEADERS 1
| #define HAVE_SYS_TYPES_H 1
| #define HAVE_SYS_STAT_H 1
| #define HAVE_STDLIB_H 1
| #define HAVE_STRING_H 1
| #define HAVE_MEMORY_H 1
| #define HAVE_STRINGS_H 1
| #define HAVE_INTTYPES_H 1
| #define HAVE_STDINT_H 1
| #define HAVE_UNISTD_H 1
| #define HAVE_DLFCN_H 1
| #ifdef __cplusplus
| extern "C" void exit (int);
| #endif
| #define TIME_WITH_SYS_TIME 1
| #define HAVE_ASSERT_H 1
| #define HAVE_CTYPE_H 1
| #define HAVE_DIRENT_H 1
| #define HAVE_ERRNO_H 1
| #define HAVE_FCNTL_H 1
| #define HAVE_FLOAT_H 1
| #define HAVE_LIMITS_H 1
| #define HAVE_MALLOC_H 1
| #define HAVE_MEMORY_H 1
| #define HAVE_SETJMP_H 1
| #define HAVE_SIGNAL_H 1
| #define HAVE_STDARG_H 1
| #define HAVE_STDDEF_H 1
| #define HAVE_STDINT_H 1
| #define HAVE_STDIO_H 1
| #define HAVE_STDLIB_H 1
| #define HAVE_STRING_H 1
| #define HAVE_STRINGS_H 1
| #define HAVE_TIME_H 1
| #define HAVE_UNISTD_H 1
| #define HAVE_UTIME_H 1
| #define HAVE_SYS_MMAN_H 1
| #define HAVE_SYS_RESOURCE_H 1
| #define HAVE_SYS_STAT_H 1
| #define HAVE_SYS_TIME_H 1
| #define HAVE_SYS_TYPES_H 1
| #define HAVE_SYS_WAIT_H 1
| #define RETSIGTYPE void
| #define SIZEOF_SHORT 2
| #define SIZEOF_INT 4
| #define SIZEOF_LONG 4
| #define SIZEOF_LONG_LONG 8
| #define SIZEOF___INT16 0
| #define SIZEOF___INT32 0
| #define SIZEOF___INT64 0
| #define SIZEOF_VOID_P 4
| #define SIZEOF_SIZE_T 4
| #define SIZEOF_PTRDIFF_T 4
| #define SIZEOF___INT32 0
| #define SIZEOF_INTMAX_T 8
| #define SIZEOF_UINTMAX_T 8
| #define SIZEOF_INTPTR_T 4
| #define SIZEOF_UINTPTR_T 4
| #define SIZEOF_FLOAT 4
| #define SIZEOF_DOUBLE 8
| #define SIZEOF_LONG_DOUBLE 8
| #define SIZEOF_DEV_T 8
| /* end confdefs.h.  */
| #include <stdio.h>
| #if HAVE_SYS_TYPES_H
| # include <sys/types.h>
| #endif
| #if HAVE_SYS_STAT_H
| # include <sys/stat.h>
| #endif
| #if STDC_HEADERS
| # include <stdlib.h>
| # include <stddef.h>
| #else
| # if HAVE_STDLIB_H
| #  include <stdlib.h>
| # endif
| #endif
| #if HAVE_STRING_H
| # if !STDC_HEADERS && HAVE_MEMORY_H
| #  include <memory.h>
| # endif
| # include <string.h>
| #endif
| #if HAVE_STRINGS_H
| # include <strings.h>
| #endif
| #if HAVE_INTTYPES_H
| # include <inttypes.h>
| #else
| # if HAVE_STDINT_H
| #  include <stdint.h>
| # endif
| #endif
| #if HAVE_UNISTD_H
| # include <unistd.h>
| #endif
| int
| main ()
| {
| static int test_array [1 - 2 * !(((long) (sizeof (fpos_t))) <= 15)];
| test_array [0] = 0
| 
|   ;
|   return 0;
| }
configure:28088: /opt/lede-toolchain-ramips-mt7621_gcc-5.4.0_musl-1.1.24.Linux-x86_64/toolchain-mipsel_24kc_gcc-5.4.0_musl-1.1.24/bin/mipsel-openwrt-linux-musl-gcc -c -Os -Wall -DLINUX26 -DCONFIG_RALINK -DMUSL_LIBC -DDEBUG_NOISY -DDEBUG_RCTEST -D_GNU_SOURCE -D__UAPI_DEF_ETHHDR -DRALINK_DBDC_MODE -pipe -funit-at-a-time -Wno-pointer-sign -mtune=mips32 -mips32 -DLINUX_KERNEL_VERSION=263366 --sysroot=/opt/lede-toolchain-ramips-mt7621_gcc-5.4.0_musl-1.1.24.Linux-x86_64/toolchain-mipsel_24kc_gcc-5.4.0_musl-1.1.24   conftest.c >&5
conftest.c: In function 'main':
conftest.c:111:12: warning: variable 'test_array' set but not used [-Wunused-but-set-variable]
 static int test_array [1 - 2 * !(((long) (sizeof (fpos_t))) <= 31)];
            ^
configure:28094: $? = 0
configure:28097: test -z 			 || test ! -s conftest.err
configure:28100: $? = 0
configure:28103: test -s conftest.o
configure:28106: $? = 0
configure:28248: /opt/lede-toolchain-ramips-mt7621_gcc-5.4.0_musl-1.1.24.Linux-x86_64/toolchain-mipsel_24kc_gcc-5.4.0_musl-1.1.24/bin/mipsel-openwrt-linux-musl-gcc -c -Os -Wall -DLINUX26 -DCONFIG_RALINK -DMUSL_LIBC -DDEBUG_NOISY -DDEBUG_RCTEST -D_GNU_SOURCE -D__UAPI_DEF_ETHHDR -DRALINK_DBDC_MODE -pipe -funit-at-a-time -Wno-pointer-sign -mtune=mips32 -mips32 -DLINUX_KERNEL_VERSION=263366 --sysroot=/opt/lede-toolchain-ramips-mt7621_gcc-5.4.0_musl-1.1.24.Linux-x86_64/toolchain-mipsel_24kc_gcc-5.4.0_musl-1.1.24   conftest.c >&5
conftest.c: In function 'main':
conftest.c:111:12: warning: variable 'test_array' set but not used [-Wunused-but-set-variable]
 static int test_array [1 - 2 * !(((long) (sizeof (fpos_t))) <= 23)];
            ^
configure:28254: $? = 0
configure:28257: test -z 			 || test ! -s conftest.err
configure:28260: $? = 0
configure:28263: test -s conftest.o
configure:28266: $? = 0
configure:28248: /opt/lede-toolchain-ramips-mt7621_gcc-5.4.0_musl-1.1.24.Linux-x86_64/toolchain-mipsel_24kc_gcc-5.4.0_musl-1.1.24/bin/mipsel-openwrt-linux-musl-gcc -c -Os -Wall -DLINUX26 -DCONFIG_RALINK -DMUSL_LIBC -DDEBUG_NOISY -DDEBUG_RCTEST -D_GNU_SOURCE -D__UAPI_DEF_ETHHDR -DRALINK_DBDC_MODE -pipe -funit-at-a-time -Wno-pointer-sign -mtune=mips32 -mips32 -DLINUX_KERNEL_VERSION=263366 --sysroot=/opt/lede-toolchain-ramips-mt7621_gcc-5.4.0_musl-1.1.24.Linux-x86_64/toolchain-mipsel_24kc_gcc-5.4.0_musl-1.1.24   conftest.c >&5
conftest.c: In function 'main':
conftest.c:111:12: warning: variable 'test_array' set but not used [-Wunused-but-set-variable]
 static int test_array [1 - 2 * !(((long) (sizeof (fpos_t))) <= 19)];
            ^
configure:28254: $? = 0
configure:28257: test -z 			 || test ! -s conftest.err
configure:28260: $? = 0
configure:28263: test -s conftest.o
configure:28266: $? = 0
configure:28248: /opt/lede-toolchain-ramips-mt7621_gcc-5.4.0_musl-1.1.24.Linux-x86_64/toolchain-mipsel_24kc_gcc-5.4.0_musl-1.1.24/bin/mipsel-openwrt-linux-musl-gcc -c -Os -Wall -DLINUX26 -DCONFIG_RALINK -DMUSL_LIBC -DDEBUG_NOISY -DDEBUG_RCTEST -D_GNU_SOURCE -D__UAPI_DEF_ETHHDR -DRALINK_DBDC_MODE -pipe -funit-at-a-time -Wno-pointer-sign -mtune=mips32 -mips32 -DLINUX_KERNEL_VERSION=263366 --sysroot=/opt/lede-toolchain-ramips-mt7621_gcc-5.4.0_musl-1.1.24.Linux-x86_64/toolchain-mipsel_24kc_gcc-5.4.0_musl-1.1.24   conftest.c >&5
conftest.c: In function 'main':
conftest.c:111:12: warning: variable 'test_array' set but not used [-Wunused-but-set-variable]
 static int test_array [1 - 2 * !(((long) (sizeof (fpos_t))) <= 17)];
            ^
configure:28254: $? = 0
configure:28257: test -z 			 || test ! -s conftest.err
configure:28260: $? = 0
configure:28263: test -s conftest.o
configure:28266: $? = 0
configure:28248: /opt/lede-toolchain-ramips-mt7621_gcc-5.4.0_musl-1.1.24.Linux-x86_64/toolchain-mipsel_24kc_gcc-5.4.0_musl-1.1.24/bin/mipsel-openwrt-linux-musl-gcc -c -Os -Wall -DLINUX26 -DCONFIG_RALINK -DMUSL_LIBC -DDEBUG_NOISY -DDEBUG_RCTEST -D_GNU_SOURCE -D__UAPI_DEF_ETHHDR -DRALINK_DBDC_MODE -pipe -funit-at-a-time -Wno-pointer-sign -mtune=mips32 -mips32 -DLINUX_KERNEL_VERSION=263366 --sysroot=/opt/lede-toolchain-ramips-mt7621_gcc-5.4.0_musl-1.1.24.Linux-x86_64/toolchain-mipsel_24kc_gcc-5.4.0_musl-1.1.24   conftest.c >&5
conftest.c: In function 'main':
conftest.c:111:12: warning: variable 'test_array' set but not used [-Wunused-but-set-variable]
 static int test_array [1 - 2 * !(((long) (sizeof (fpos_t))) <= 16)];
            ^
configure:28254: $? = 0
configure:28257: test -z 			 || test ! -s conftest.err
configure:28260: $? = 0
configure:28263: test -s conftest.o
configure:28266: $? = 0
configure:28361: result: 16
configure:28368: checking for mode_t
configure:28392: /opt/lede-toolchain-ramips-mt7621_gcc-5.4.0_musl-1.1.24.Linux-x86_64/toolchain-mipsel_24kc_gcc-5.4.0_musl-1.1.24/bin/mipsel-openwrt-linux-musl-gcc -c -Os -Wall -DLINUX26 -DCONFIG_RALINK -DMUSL_LIBC -DDEBUG_NOISY -DDEBUG_RCTEST -D_GNU_SOURCE -D__UAPI_DEF_ETHHDR -DRALINK_DBDC_MODE -pipe -funit-at-a-time -Wno-pointer-sign -mtune=mips32 -mips32 -DLINUX_KERNEL_VERSION=263366 --sysroot=/opt/lede-toolchain-ramips-mt7621_gcc-5.4.0_musl-1.1.24.Linux-x86_64/toolchain-mipsel_24kc_gcc-5.4.0_musl-1.1.24   conftest.c >&5
configure:28398: $? = 0
configure:28401: test -z 			 || test ! -s conftest.err
configure:28404: $? = 0
configure:28407: test -s conftest.o
configure:28410: $? = 0
configure:28421: result: yes
configure:28424: checking size of mode_t
configure:28454: /opt/lede-toolchain-ramips-mt7621_gcc-5.4.0_musl-1.1.24.Linux-x86_64/toolchain-mipsel_24kc_gcc-5.4.0_musl-1.1.24/bin/mipsel-openwrt-linux-musl-gcc -c -Os -Wall -DLINUX26 -DCONFIG_RALINK -DMUSL_LIBC -DDEBUG_NOISY -DDEBUG_RCTEST -D_GNU_SOURCE -D__UAPI_DEF_ETHHDR -DRALINK_DBDC_MODE -pipe -funit-at-a-time -Wno-pointer-sign -mtune=mips32 -mips32 -DLINUX_KERNEL_VERSION=263366 --sysroot=/opt/lede-toolchain-ramips-mt7621_gcc-5.4.0_musl-1.1.24.Linux-x86_64/toolchain-mipsel_24kc_gcc-5.4.0_musl-1.1.24   conftest.c >&5
conftest.c: In function 'main':
conftest.c:112:12: warning: variable 'test_array' set but not used [-Wunused-but-set-variable]
 static int test_array [1 - 2 * !(((long) (sizeof (mode_t))) >= 0)];
            ^
configure:28460: $? = 0
configure:28463: test -z 			 || test ! -s conftest.err
configure:28466: $? = 0
configure:28469: test -s conftest.o
configure:28472: $? = 0
configure:28494: /opt/lede-toolchain-ramips-mt7621_gcc-5.4.0_musl-1.1.24.Linux-x86_64/toolchain-mipsel_24kc_gcc-5.4.0_musl-1.1.24/bin/mipsel-openwrt-linux-musl-gcc -c -Os -Wall -DLINUX26 -DCONFIG_RALINK -DMUSL_LIBC -DDEBUG_NOISY -DDEBUG_RCTEST -D_GNU_SOURCE -D__UAPI_DEF_ETHHDR -DRALINK_DBDC_MODE -pipe -funit-at-a-time -Wno-pointer-sign -mtune=mips32 -mips32 -DLINUX_KERNEL_VERSION=263366 --sysroot=/opt/lede-toolchain-ramips-mt7621_gcc-5.4.0_musl-1.1.24.Linux-x86_64/toolchain-mipsel_24kc_gcc-5.4.0_musl-1.1.24   conftest.c >&5
conftest.c: In function 'main':
conftest.c:112:12: error: size of array 'test_array' is negative
 static int test_array [1 - 2 * !(((long) (sizeof (mode_t))) <= 0)];
            ^
conftest.c:112:12: warning: variable 'test_array' set but not used [-Wunused-but-set-variable]
configure:28500: $? = 1
configure: failed program was:
| /* confdefs.h.  */
| 
| #define PACKAGE_NAME "lzo"
| #define PACKAGE_TARNAME "lzo"
| #define PACKAGE_VERSION "2.03"
| #define PACKAGE_STRING "lzo 2.03"
| #define PACKAGE_BUGREPORT "markus@oberhumer.com"
| #define LZO_ABI_LITTLE_ENDIAN 1
| #define PACKAGE "lzo"
| #define VERSION "2.03"
| #define STDC_HEADERS 1
| #define HAVE_SYS_TYPES_H 1
| #define HAVE_SYS_STAT_H 1
| #define HAVE_STDLIB_H 1
| #define HAVE_STRING_H 1
| #define HAVE_MEMORY_H 1
| #define HAVE_STRINGS_H 1
| #define HAVE_INTTYPES_H 1
| #define HAVE_STDINT_H 1
| #define HAVE_UNISTD_H 1
| #define HAVE_DLFCN_H 1
| #ifdef __cplusplus
| extern "C" void exit (int);
| #endif
| #define TIME_WITH_SYS_TIME 1
| #define HAVE_ASSERT_H 1
| #define HAVE_CTYPE_H 1
| #define HAVE_DIRENT_H 1
| #define HAVE_ERRNO_H 1
| #define HAVE_FCNTL_H 1
| #define HAVE_FLOAT_H 1
| #define HAVE_LIMITS_H 1
| #define HAVE_MALLOC_H 1
| #define HAVE_MEMORY_H 1
| #define HAVE_SETJMP_H 1
| #define HAVE_SIGNAL_H 1
| #define HAVE_STDARG_H 1
| #define HAVE_STDDEF_H 1
| #define HAVE_STDINT_H 1
| #define HAVE_STDIO_H 1
| #define HAVE_STDLIB_H 1
| #define HAVE_STRING_H 1
| #define HAVE_STRINGS_H 1
| #define HAVE_TIME_H 1
| #define HAVE_UNISTD_H 1
| #define HAVE_UTIME_H 1
| #define HAVE_SYS_MMAN_H 1
| #define HAVE_SYS_RESOURCE_H 1
| #define HAVE_SYS_STAT_H 1
| #define HAVE_SYS_TIME_H 1
| #define HAVE_SYS_TYPES_H 1
| #define HAVE_SYS_WAIT_H 1
| #define RETSIGTYPE void
| #define SIZEOF_SHORT 2
| #define SIZEOF_INT 4
| #define SIZEOF_LONG 4
| #define SIZEOF_LONG_LONG 8
| #define SIZEOF___INT16 0
| #define SIZEOF___INT32 0
| #define SIZEOF___INT64 0
| #define SIZEOF_VOID_P 4
| #define SIZEOF_SIZE_T 4
| #define SIZEOF_PTRDIFF_T 4
| #define SIZEOF___INT32 0
| #define SIZEOF_INTMAX_T 8
| #define SIZEOF_UINTMAX_T 8
| #define SIZEOF_INTPTR_T 4
| #define SIZEOF_UINTPTR_T 4
| #define SIZEOF_FLOAT 4
| #define SIZEOF_DOUBLE 8
| #define SIZEOF_LONG_DOUBLE 8
| #define SIZEOF_DEV_T 8
| #define SIZEOF_FPOS_T 16
| /* end confdefs.h.  */
| #include <stdio.h>
| #if HAVE_SYS_TYPES_H
| # include <sys/types.h>
| #endif
| #if HAVE_SYS_STAT_H
| # include <sys/stat.h>
| #endif
| #if STDC_HEADERS
| # include <stdlib.h>
| # include <stddef.h>
| #else
| # if HAVE_STDLIB_H
| #  include <stdlib.h>
| # endif
| #endif
| #if HAVE_STRING_H
| # if !STDC_HEADERS && HAVE_MEMORY_H
| #  include <memory.h>
| # endif
| # include <string.h>
| #endif
| #if HAVE_STRINGS_H
| # include <strings.h>
| #endif
| #if HAVE_INTTYPES_H
| # include <inttypes.h>
| #else
| # if HAVE_STDINT_H
| #  include <stdint.h>
| # endif
| #endif
| #if HAVE_UNISTD_H
| # include <unistd.h>
| #endif
| int
| main ()
| {
| static int test_array [1 - 2 * !(((long) (sizeof (mode_t))) <= 0)];
| test_array [0] = 0
| 
|   ;
|   return 0;
| }
configure:28494: /opt/lede-toolchain-ramips-mt7621_gcc-5.4.0_musl-1.1.24.Linux-x86_64/toolchain-mipsel_24kc_gcc-5.4.0_musl-1.1.24/bin/mipsel-openwrt-linux-musl-gcc -c -Os -Wall -DLINUX26 -DCONFIG_RALINK -DMUSL_LIBC -DDEBUG_NOISY -DDEBUG_RCTEST -D_GNU_SOURCE -D__UAPI_DEF_ETHHDR -DRALINK_DBDC_MODE -pipe -funit-at-a-time -Wno-pointer-sign -mtune=mips32 -mips32 -DLINUX_KERNEL_VERSION=263366 --sysroot=/opt/lede-toolchain-ramips-mt7621_gcc-5.4.0_musl-1.1.24.Linux-x86_64/toolchain-mipsel_24kc_gcc-5.4.0_musl-1.1.24   conftest.c >&5
conftest.c: In function 'main':
conftest.c:112:12: error: size of array 'test_array' is negative
 static int test_array [1 - 2 * !(((long) (sizeof (mode_t))) <= 1)];
            ^
conftest.c:112:12: warning: variable 'test_array' set but not used [-Wunused-but-set-variable]
configure:28500: $? = 1
configure: failed program was:
| /* confdefs.h.  */
| 
| #define PACKAGE_NAME "lzo"
| #define PACKAGE_TARNAME "lzo"
| #define PACKAGE_VERSION "2.03"
| #define PACKAGE_STRING "lzo 2.03"
| #define PACKAGE_BUGREPORT "markus@oberhumer.com"
| #define LZO_ABI_LITTLE_ENDIAN 1
| #define PACKAGE "lzo"
| #define VERSION "2.03"
| #define STDC_HEADERS 1
| #define HAVE_SYS_TYPES_H 1
| #define HAVE_SYS_STAT_H 1
| #define HAVE_STDLIB_H 1
| #define HAVE_STRING_H 1
| #define HAVE_MEMORY_H 1
| #define HAVE_STRINGS_H 1
| #define HAVE_INTTYPES_H 1
| #define HAVE_STDINT_H 1
| #define HAVE_UNISTD_H 1
| #define HAVE_DLFCN_H 1
| #ifdef __cplusplus
| extern "C" void exit (int);
| #endif
| #define TIME_WITH_SYS_TIME 1
| #define HAVE_ASSERT_H 1
| #define HAVE_CTYPE_H 1
| #define HAVE_DIRENT_H 1
| #define HAVE_ERRNO_H 1
| #define HAVE_FCNTL_H 1
| #define HAVE_FLOAT_H 1
| #define HAVE_LIMITS_H 1
| #define HAVE_MALLOC_H 1
| #define HAVE_MEMORY_H 1
| #define HAVE_SETJMP_H 1
| #define HAVE_SIGNAL_H 1
| #define HAVE_STDARG_H 1
| #define HAVE_STDDEF_H 1
| #define HAVE_STDINT_H 1
| #define HAVE_STDIO_H 1
| #define HAVE_STDLIB_H 1
| #define HAVE_STRING_H 1
| #define HAVE_STRINGS_H 1
| #define HAVE_TIME_H 1
| #define HAVE_UNISTD_H 1
| #define HAVE_UTIME_H 1
| #define HAVE_SYS_MMAN_H 1
| #define HAVE_SYS_RESOURCE_H 1
| #define HAVE_SYS_STAT_H 1
| #define HAVE_SYS_TIME_H 1
| #define HAVE_SYS_TYPES_H 1
| #define HAVE_SYS_WAIT_H 1
| #define RETSIGTYPE void
| #define SIZEOF_SHORT 2
| #define SIZEOF_INT 4
| #define SIZEOF_LONG 4
| #define SIZEOF_LONG_LONG 8
| #define SIZEOF___INT16 0
| #define SIZEOF___INT32 0
| #define SIZEOF___INT64 0
| #define SIZEOF_VOID_P 4
| #define SIZEOF_SIZE_T 4
| #define SIZEOF_PTRDIFF_T 4
| #define SIZEOF___INT32 0
| #define SIZEOF_INTMAX_T 8
| #define SIZEOF_UINTMAX_T 8
| #define SIZEOF_INTPTR_T 4
| #define SIZEOF_UINTPTR_T 4
| #define SIZEOF_FLOAT 4
| #define SIZEOF_DOUBLE 8
| #define SIZEOF_LONG_DOUBLE 8
| #define SIZEOF_DEV_T 8
| #define SIZEOF_FPOS_T 16
| /* end confdefs.h.  */
| #include <stdio.h>
| #if HAVE_SYS_TYPES_H
| # include <sys/types.h>
| #endif
| #if HAVE_SYS_STAT_H
| # include <sys/stat.h>
| #endif
| #if STDC_HEADERS
| # include <stdlib.h>
| # include <stddef.h>
| #else
| # if HAVE_STDLIB_H
| #  include <stdlib.h>
| # endif
| #endif
| #if HAVE_STRING_H
| # if !STDC_HEADERS && HAVE_MEMORY_H
| #  include <memory.h>
| # endif
| # include <string.h>
| #endif
| #if HAVE_STRINGS_H
| # include <strings.h>
| #endif
| #if HAVE_INTTYPES_H
| # include <inttypes.h>
| #else
| # if HAVE_STDINT_H
| #  include <stdint.h>
| # endif
| #endif
| #if HAVE_UNISTD_H
| # include <unistd.h>
| #endif
| int
| main ()
| {
| static int test_array [1 - 2 * !(((long) (sizeof (mode_t))) <= 1)];
| test_array [0] = 0
| 
|   ;
|   return 0;
| }
configure:28494: /opt/lede-toolchain-ramips-mt7621_gcc-5.4.0_musl-1.1.24.Linux-x86_64/toolchain-mipsel_24kc_gcc-5.4.0_musl-1.1.24/bin/mipsel-openwrt-linux-musl-gcc -c -Os -Wall -DLINUX26 -DCONFIG_RALINK -DMUSL_LIBC -DDEBUG_NOISY -DDEBUG_RCTEST -D_GNU_SOURCE -D__UAPI_DEF_ETHHDR -DRALINK_DBDC_MODE -pipe -funit-at-a-time -Wno-pointer-sign -mtune=mips32 -mips32 -DLINUX_KERNEL_VERSION=263366 --sysroot=/opt/lede-toolchain-ramips-mt7621_gcc-5.4.0_musl-1.1.24.Linux-x86_64/toolchain-mipsel_24kc_gcc-5.4.0_musl-1.1.24   conftest.c >&5
conftest.c: In function 'main':
conftest.c:112:12: error: size of array 'test_array' is negative
 static int test_array [1 - 2 * !(((long) (sizeof (mode_t))) <= 3)];
            ^
conftest.c:112:12: warning: variable 'test_array' set but not used [-Wunused-but-set-variable]
configure:28500: $? = 1
configure: failed program was:
| /* confdefs.h.  */
| 
| #define PACKAGE_NAME "lzo"
| #define PACKAGE_TARNAME "lzo"
| #define PACKAGE_VERSION "2.03"
| #define PACKAGE_STRING "lzo 2.03"
| #define PACKAGE_BUGREPORT "markus@oberhumer.com"
| #define LZO_ABI_LITTLE_ENDIAN 1
| #define PACKAGE "lzo"
| #define VERSION "2.03"
| #define STDC_HEADERS 1
| #define HAVE_SYS_TYPES_H 1
| #define HAVE_SYS_STAT_H 1
| #define HAVE_STDLIB_H 1
| #define HAVE_STRING_H 1
| #define HAVE_MEMORY_H 1
| #define HAVE_STRINGS_H 1
| #define HAVE_INTTYPES_H 1
| #define HAVE_STDINT_H 1
| #define HAVE_UNISTD_H 1
| #define HAVE_DLFCN_H 1
| #ifdef __cplusplus
| extern "C" void exit (int);
| #endif
| #define TIME_WITH_SYS_TIME 1
| #define HAVE_ASSERT_H 1
| #define HAVE_CTYPE_H 1
| #define HAVE_DIRENT_H 1
| #define HAVE_ERRNO_H 1
| #define HAVE_FCNTL_H 1
| #define HAVE_FLOAT_H 1
| #define HAVE_LIMITS_H 1
| #define HAVE_MALLOC_H 1
| #define HAVE_MEMORY_H 1
| #define HAVE_SETJMP_H 1
| #define HAVE_SIGNAL_H 1
| #define HAVE_STDARG_H 1
| #define HAVE_STDDEF_H 1
| #define HAVE_STDINT_H 1
| #define HAVE_STDIO_H 1
| #define HAVE_STDLIB_H 1
| #define HAVE_STRING_H 1
| #define HAVE_STRINGS_H 1
| #define HAVE_TIME_H 1
| #define HAVE_UNISTD_H 1
| #define HAVE_UTIME_H 1
| #define HAVE_SYS_MMAN_H 1
| #define HAVE_SYS_RESOURCE_H 1
| #define HAVE_SYS_STAT_H 1
| #define HAVE_SYS_TIME_H 1
| #define HAVE_SYS_TYPES_H 1
| #define HAVE_SYS_WAIT_H 1
| #define RETSIGTYPE void
| #define SIZEOF_SHORT 2
| #define SIZEOF_INT 4
| #define SIZEOF_LONG 4
| #define SIZEOF_LONG_LONG 8
| #define SIZEOF___INT16 0
| #define SIZEOF___INT32 0
| #define SIZEOF___INT64 0
| #define SIZEOF_VOID_P 4
| #define SIZEOF_SIZE_T 4
| #define SIZEOF_PTRDIFF_T 4
| #define SIZEOF___INT32 0
| #define SIZEOF_INTMAX_T 8
| #define SIZEOF_UINTMAX_T 8
| #define SIZEOF_INTPTR_T 4
| #define SIZEOF_UINTPTR_T 4
| #define SIZEOF_FLOAT 4
| #define SIZEOF_DOUBLE 8
| #define SIZEOF_LONG_DOUBLE 8
| #define SIZEOF_DEV_T 8
| #define SIZEOF_FPOS_T 16
| /* end confdefs.h.  */
| #include <stdio.h>
| #if HAVE_SYS_TYPES_H
| # include <sys/types.h>
| #endif
| #if HAVE_SYS_STAT_H
| # include <sys/stat.h>
| #endif
| #if STDC_HEADERS
| # include <stdlib.h>
| # include <stddef.h>
| #else
| # if HAVE_STDLIB_H
| #  include <stdlib.h>
| # endif
| #endif
| #if HAVE_STRING_H
| # if !STDC_HEADERS && HAVE_MEMORY_H
| #  include <memory.h>
| # endif
| # include <string.h>
| #endif
| #if HAVE_STRINGS_H
| # include <strings.h>
| #endif
| #if HAVE_INTTYPES_H
| # include <inttypes.h>
| #else
| # if HAVE_STDINT_H
| #  include <stdint.h>
| # endif
| #endif
| #if HAVE_UNISTD_H
| # include <unistd.h>
| #endif
| int
| main ()
| {
| static int test_array [1 - 2 * !(((long) (sizeof (mode_t))) <= 3)];
| test_array [0] = 0
| 
|   ;
|   return 0;
| }
configure:28494: /opt/lede-toolchain-ramips-mt7621_gcc-5.4.0_musl-1.1.24.Linux-x86_64/toolchain-mipsel_24kc_gcc-5.4.0_musl-1.1.24/bin/mipsel-openwrt-linux-musl-gcc -c -Os -Wall -DLINUX26 -DCONFIG_RALINK -DMUSL_LIBC -DDEBUG_NOISY -DDEBUG_RCTEST -D_GNU_SOURCE -D__UAPI_DEF_ETHHDR -DRALINK_DBDC_MODE -pipe -funit-at-a-time -Wno-pointer-sign -mtune=mips32 -mips32 -DLINUX_KERNEL_VERSION=263366 --sysroot=/opt/lede-toolchain-ramips-mt7621_gcc-5.4.0_musl-1.1.24.Linux-x86_64/toolchain-mipsel_24kc_gcc-5.4.0_musl-1.1.24   conftest.c >&5
conftest.c: In function 'main':
conftest.c:112:12: warning: variable 'test_array' set but not used [-Wunused-but-set-variable]
 static int test_array [1 - 2 * !(((long) (sizeof (mode_t))) <= 7)];
            ^
configure:28500: $? = 0
configure:28503: test -z 			 || test ! -s conftest.err
configure:28506: $? = 0
configure:28509: test -s conftest.o
configure:28512: $? = 0
configure:28654: /opt/lede-toolchain-ramips-mt7621_gcc-5.4.0_musl-1.1.24.Linux-x86_64/toolchain-mipsel_24kc_gcc-5.4.0_musl-1.1.24/bin/mipsel-openwrt-linux-musl-gcc -c -Os -Wall -DLINUX26 -DCONFIG_RALINK -DMUSL_LIBC -DDEBUG_NOISY -DDEBUG_RCTEST -D_GNU_SOURCE -D__UAPI_DEF_ETHHDR -DRALINK_DBDC_MODE -pipe -funit-at-a-time -Wno-pointer-sign -mtune=mips32 -mips32 -DLINUX_KERNEL_VERSION=263366 --sysroot=/opt/lede-toolchain-ramips-mt7621_gcc-5.4.0_musl-1.1.24.Linux-x86_64/toolchain-mipsel_24kc_gcc-5.4.0_musl-1.1.24   conftest.c >&5
conftest.c: In function 'main':
conftest.c:112:12: warning: variable 'test_array' set but not used [-Wunused-but-set-variable]
 static int test_array [1 - 2 * !(((long) (sizeof (mode_t))) <= 5)];
            ^
configure:28660: $? = 0
configure:28663: test -z 			 || test ! -s conftest.err
configure:28666: $? = 0
configure:28669: test -s conftest.o
configure:28672: $? = 0
configure:28654: /opt/lede-toolchain-ramips-mt7621_gcc-5.4.0_musl-1.1.24.Linux-x86_64/toolchain-mipsel_24kc_gcc-5.4.0_musl-1.1.24/bin/mipsel-openwrt-linux-musl-gcc -c -Os -Wall -DLINUX26 -DCONFIG_RALINK -DMUSL_LIBC -DDEBUG_NOISY -DDEBUG_RCTEST -D_GNU_SOURCE -D__UAPI_DEF_ETHHDR -DRALINK_DBDC_MODE -pipe -funit-at-a-time -Wno-pointer-sign -mtune=mips32 -mips32 -DLINUX_KERNEL_VERSION=263366 --sysroot=/opt/lede-toolchain-ramips-mt7621_gcc-5.4.0_musl-1.1.24.Linux-x86_64/toolchain-mipsel_24kc_gcc-5.4.0_musl-1.1.24   conftest.c >&5
conftest.c: In function 'main':
conftest.c:112:12: warning: variable 'test_array' set but not used [-Wunused-but-set-variable]
 static int test_array [1 - 2 * !(((long) (sizeof (mode_t))) <= 4)];
            ^
configure:28660: $? = 0
configure:28663: test -z 			 || test ! -s conftest.err
configure:28666: $? = 0
configure:28669: test -s conftest.o
configure:28672: $? = 0
configure:28767: result: 4
configure:28774: checking for off_t
configure:28827: result: yes
configure:28830: checking size of off_t
configure:28860: /opt/lede-toolchain-ramips-mt7621_gcc-5.4.0_musl-1.1.24.Linux-x86_64/toolchain-mipsel_24kc_gcc-5.4.0_musl-1.1.24/bin/mipsel-openwrt-linux-musl-gcc -c -Os -Wall -DLINUX26 -DCONFIG_RALINK -DMUSL_LIBC -DDEBUG_NOISY -DDEBUG_RCTEST -D_GNU_SOURCE -D__UAPI_DEF_ETHHDR -DRALINK_DBDC_MODE -pipe -funit-at-a-time -Wno-pointer-sign -mtune=mips32 -mips32 -DLINUX_KERNEL_VERSION=263366 --sysroot=/opt/lede-toolchain-ramips-mt7621_gcc-5.4.0_musl-1.1.24.Linux-x86_64/toolchain-mipsel_24kc_gcc-5.4.0_musl-1.1.24   conftest.c >&5
conftest.c: In function 'main':
conftest.c:113:12: warning: variable 'test_array' set but not used [-Wunused-but-set-variable]
 static int test_array [1 - 2 * !(((long) (sizeof (off_t))) >= 0)];
            ^
configure:28866: $? = 0
configure:28869: test -z 			 || test ! -s conftest.err
configure:28872: $? = 0
configure:28875: test -s conftest.o
configure:28878: $? = 0
configure:28900: /opt/lede-toolchain-ramips-mt7621_gcc-5.4.0_musl-1.1.24.Linux-x86_64/toolchain-mipsel_24kc_gcc-5.4.0_musl-1.1.24/bin/mipsel-openwrt-linux-musl-gcc -c -Os -Wall -DLINUX26 -DCONFIG_RALINK -DMUSL_LIBC -DDEBUG_NOISY -DDEBUG_RCTEST -D_GNU_SOURCE -D__UAPI_DEF_ETHHDR -DRALINK_DBDC_MODE -pipe -funit-at-a-time -Wno-pointer-sign -mtune=mips32 -mips32 -DLINUX_KERNEL_VERSION=263366 --sysroot=/opt/lede-toolchain-ramips-mt7621_gcc-5.4.0_musl-1.1.24.Linux-x86_64/toolchain-mipsel_24kc_gcc-5.4.0_musl-1.1.24   conftest.c >&5
conftest.c: In function 'main':
conftest.c:113:12: error: size of array 'test_array' is negative
 static int test_array [1 - 2 * !(((long) (sizeof (off_t))) <= 0)];
            ^
conftest.c:113:12: warning: variable 'test_array' set but not used [-Wunused-but-set-variable]
configure:28906: $? = 1
configure: failed program was:
| /* confdefs.h.  */
| 
| #define PACKAGE_NAME "lzo"
| #define PACKAGE_TARNAME "lzo"
| #define PACKAGE_VERSION "2.03"
| #define PACKAGE_STRING "lzo 2.03"
| #define PACKAGE_BUGREPORT "markus@oberhumer.com"
| #define LZO_ABI_LITTLE_ENDIAN 1
| #define PACKAGE "lzo"
| #define VERSION "2.03"
| #define STDC_HEADERS 1
| #define HAVE_SYS_TYPES_H 1
| #define HAVE_SYS_STAT_H 1
| #define HAVE_STDLIB_H 1
| #define HAVE_STRING_H 1
| #define HAVE_MEMORY_H 1
| #define HAVE_STRINGS_H 1
| #define HAVE_INTTYPES_H 1
| #define HAVE_STDINT_H 1
| #define HAVE_UNISTD_H 1
| #define HAVE_DLFCN_H 1
| #ifdef __cplusplus
| extern "C" void exit (int);
| #endif
| #define TIME_WITH_SYS_TIME 1
| #define HAVE_ASSERT_H 1
| #define HAVE_CTYPE_H 1
| #define HAVE_DIRENT_H 1
| #define HAVE_ERRNO_H 1
| #define HAVE_FCNTL_H 1
| #define HAVE_FLOAT_H 1
| #define HAVE_LIMITS_H 1
| #define HAVE_MALLOC_H 1
| #define HAVE_MEMORY_H 1
| #define HAVE_SETJMP_H 1
| #define HAVE_SIGNAL_H 1
| #define HAVE_STDARG_H 1
| #define HAVE_STDDEF_H 1
| #define HAVE_STDINT_H 1
| #define HAVE_STDIO_H 1
| #define HAVE_STDLIB_H 1
| #define HAVE_STRING_H 1
| #define HAVE_STRINGS_H 1
| #define HAVE_TIME_H 1
| #define HAVE_UNISTD_H 1
| #define HAVE_UTIME_H 1
| #define HAVE_SYS_MMAN_H 1
| #define HAVE_SYS_RESOURCE_H 1
| #define HAVE_SYS_STAT_H 1
| #define HAVE_SYS_TIME_H 1
| #define HAVE_SYS_TYPES_H 1
| #define HAVE_SYS_WAIT_H 1
| #define RETSIGTYPE void
| #define SIZEOF_SHORT 2
| #define SIZEOF_INT 4
| #define SIZEOF_LONG 4
| #define SIZEOF_LONG_LONG 8
| #define SIZEOF___INT16 0
| #define SIZEOF___INT32 0
| #define SIZEOF___INT64 0
| #define SIZEOF_VOID_P 4
| #define SIZEOF_SIZE_T 4
| #define SIZEOF_PTRDIFF_T 4
| #define SIZEOF___INT32 0
| #define SIZEOF_INTMAX_T 8
| #define SIZEOF_UINTMAX_T 8
| #define SIZEOF_INTPTR_T 4
| #define SIZEOF_UINTPTR_T 4
| #define SIZEOF_FLOAT 4
| #define SIZEOF_DOUBLE 8
| #define SIZEOF_LONG_DOUBLE 8
| #define SIZEOF_DEV_T 8
| #define SIZEOF_FPOS_T 16
| #define SIZEOF_MODE_T 4
| /* end confdefs.h.  */
| #include <stdio.h>
| #if HAVE_SYS_TYPES_H
| # include <sys/types.h>
| #endif
| #if HAVE_SYS_STAT_H
| # include <sys/stat.h>
| #endif
| #if STDC_HEADERS
| # include <stdlib.h>
| # include <stddef.h>
| #else
| # if HAVE_STDLIB_H
| #  include <stdlib.h>
| # endif
| #endif
| #if HAVE_STRING_H
| # if !STDC_HEADERS && HAVE_MEMORY_H
| #  include <memory.h>
| # endif
| # include <string.h>
| #endif
| #if HAVE_STRINGS_H
| # include <strings.h>
| #endif
| #if HAVE_INTTYPES_H
| # include <inttypes.h>
| #else
| # if HAVE_STDINT_H
| #  include <stdint.h>
| # endif
| #endif
| #if HAVE_UNISTD_H
| # include <unistd.h>
| #endif
| int
| main ()
| {
| static int test_array [1 - 2 * !(((long) (sizeof (off_t))) <= 0)];
| test_array [0] = 0
| 
|   ;
|   return 0;
| }
configure:28900: /opt/lede-toolchain-ramips-mt7621_gcc-5.4.0_musl-1.1.24.Linux-x86_64/toolchain-mipsel_24kc_gcc-5.4.0_musl-1.1.24/bin/mipsel-openwrt-linux-musl-gcc -c -Os -Wall -DLINUX26 -DCONFIG_RALINK -DMUSL_LIBC -DDEBUG_NOISY -DDEBUG_RCTEST -D_GNU_SOURCE -D__UAPI_DEF_ETHHDR -DRALINK_DBDC_MODE -pipe -funit-at-a-time -Wno-pointer-sign -mtune=mips32 -mips32 -DLINUX_KERNEL_VERSION=263366 --sysroot=/opt/lede-toolchain-ramips-mt7621_gcc-5.4.0_musl-1.1.24.Linux-x86_64/toolchain-mipsel_24kc_gcc-5.4.0_musl-1.1.24   conftest.c >&5
conftest.c: In function 'main':
conftest.c:113:12: error: size of array 'test_array' is negative
 static int test_array [1 - 2 * !(((long) (sizeof (off_t))) <= 1)];
            ^
conftest.c:113:12: warning: variable 'test_array' set but not used [-Wunused-but-set-variable]
configure:28906: $? = 1
configure: failed program was:
| /* confdefs.h.  */
| 
| #define PACKAGE_NAME "lzo"
| #define PACKAGE_TARNAME "lzo"
| #define PACKAGE_VERSION "2.03"
| #define PACKAGE_STRING "lzo 2.03"
| #define PACKAGE_BUGREPORT "markus@oberhumer.com"
| #define LZO_ABI_LITTLE_ENDIAN 1
| #define PACKAGE "lzo"
| #define VERSION "2.03"
| #define STDC_HEADERS 1
| #define HAVE_SYS_TYPES_H 1
| #define HAVE_SYS_STAT_H 1
| #define HAVE_STDLIB_H 1
| #define HAVE_STRING_H 1
| #define HAVE_MEMORY_H 1
| #define HAVE_STRINGS_H 1
| #define HAVE_INTTYPES_H 1
| #define HAVE_STDINT_H 1
| #define HAVE_UNISTD_H 1
| #define HAVE_DLFCN_H 1
| #ifdef __cplusplus
| extern "C" void exit (int);
| #endif
| #define TIME_WITH_SYS_TIME 1
| #define HAVE_ASSERT_H 1
| #define HAVE_CTYPE_H 1
| #define HAVE_DIRENT_H 1
| #define HAVE_ERRNO_H 1
| #define HAVE_FCNTL_H 1
| #define HAVE_FLOAT_H 1
| #define HAVE_LIMITS_H 1
| #define HAVE_MALLOC_H 1
| #define HAVE_MEMORY_H 1
| #define HAVE_SETJMP_H 1
| #define HAVE_SIGNAL_H 1
| #define HAVE_STDARG_H 1
| #define HAVE_STDDEF_H 1
| #define HAVE_STDINT_H 1
| #define HAVE_STDIO_H 1
| #define HAVE_STDLIB_H 1
| #define HAVE_STRING_H 1
| #define HAVE_STRINGS_H 1
| #define HAVE_TIME_H 1
| #define HAVE_UNISTD_H 1
| #define HAVE_UTIME_H 1
| #define HAVE_SYS_MMAN_H 1
| #define HAVE_SYS_RESOURCE_H 1
| #define HAVE_SYS_STAT_H 1
| #define HAVE_SYS_TIME_H 1
| #define HAVE_SYS_TYPES_H 1
| #define HAVE_SYS_WAIT_H 1
| #define RETSIGTYPE void
| #define SIZEOF_SHORT 2
| #define SIZEOF_INT 4
| #define SIZEOF_LONG 4
| #define SIZEOF_LONG_LONG 8
| #define SIZEOF___INT16 0
| #define SIZEOF___INT32 0
| #define SIZEOF___INT64 0
| #define SIZEOF_VOID_P 4
| #define SIZEOF_SIZE_T 4
| #define SIZEOF_PTRDIFF_T 4
| #define SIZEOF___INT32 0
| #define SIZEOF_INTMAX_T 8
| #define SIZEOF_UINTMAX_T 8
| #define SIZEOF_INTPTR_T 4
| #define SIZEOF_UINTPTR_T 4
| #define SIZEOF_FLOAT 4
| #define SIZEOF_DOUBLE 8
| #define SIZEOF_LONG_DOUBLE 8
| #define SIZEOF_DEV_T 8
| #define SIZEOF_FPOS_T 16
| #define SIZEOF_MODE_T 4
| /* end confdefs.h.  */
| #include <stdio.h>
| #if HAVE_SYS_TYPES_H
| # include <sys/types.h>
| #endif
| #if HAVE_SYS_STAT_H
| # include <sys/stat.h>
| #endif
| #if STDC_HEADERS
| # include <stdlib.h>
| # include <stddef.h>
| #else
| # if HAVE_STDLIB_H
| #  include <stdlib.h>
| # endif
| #endif
| #if HAVE_STRING_H
| # if !STDC_HEADERS && HAVE_MEMORY_H
| #  include <memory.h>
| # endif
| # include <string.h>
| #endif
| #if HAVE_STRINGS_H
| # include <strings.h>
| #endif
| #if HAVE_INTTYPES_H
| # include <inttypes.h>
| #else
| # if HAVE_STDINT_H
| #  include <stdint.h>
| # endif
| #endif
| #if HAVE_UNISTD_H
| # include <unistd.h>
| #endif
| int
| main ()
| {
| static int test_array [1 - 2 * !(((long) (sizeof (off_t))) <= 1)];
| test_array [0] = 0
| 
|   ;
|   return 0;
| }
configure:28900: /opt/lede-toolchain-ramips-mt7621_gcc-5.4.0_musl-1.1.24.Linux-x86_64/toolchain-mipsel_24kc_gcc-5.4.0_musl-1.1.24/bin/mipsel-openwrt-linux-musl-gcc -c -Os -Wall -DLINUX26 -DCONFIG_RALINK -DMUSL_LIBC -DDEBUG_NOISY -DDEBUG_RCTEST -D_GNU_SOURCE -D__UAPI_DEF_ETHHDR -DRALINK_DBDC_MODE -pipe -funit-at-a-time -Wno-pointer-sign -mtune=mips32 -mips32 -DLINUX_KERNEL_VERSION=263366 --sysroot=/opt/lede-toolchain-ramips-mt7621_gcc-5.4.0_musl-1.1.24.Linux-x86_64/toolchain-mipsel_24kc_gcc-5.4.0_musl-1.1.24   conftest.c >&5
conftest.c: In function 'main':
conftest.c:113:12: error: size of array 'test_array' is negative
 static int test_array [1 - 2 * !(((long) (sizeof (off_t))) <= 3)];
            ^
conftest.c:113:12: warning: variable 'test_array' set but not used [-Wunused-but-set-variable]
configure:28906: $? = 1
configure: failed program was:
| /* confdefs.h.  */
| 
| #define PACKAGE_NAME "lzo"
| #define PACKAGE_TARNAME "lzo"
| #define PACKAGE_VERSION "2.03"
| #define PACKAGE_STRING "lzo 2.03"
| #define PACKAGE_BUGREPORT "markus@oberhumer.com"
| #define LZO_ABI_LITTLE_ENDIAN 1
| #define PACKAGE "lzo"
| #define VERSION "2.03"
| #define STDC_HEADERS 1
| #define HAVE_SYS_TYPES_H 1
| #define HAVE_SYS_STAT_H 1
| #define HAVE_STDLIB_H 1
| #define HAVE_STRING_H 1
| #define HAVE_MEMORY_H 1
| #define HAVE_STRINGS_H 1
| #define HAVE_INTTYPES_H 1
| #define HAVE_STDINT_H 1
| #define HAVE_UNISTD_H 1
| #define HAVE_DLFCN_H 1
| #ifdef __cplusplus
| extern "C" void exit (int);
| #endif
| #define TIME_WITH_SYS_TIME 1
| #define HAVE_ASSERT_H 1
| #define HAVE_CTYPE_H 1
| #define HAVE_DIRENT_H 1
| #define HAVE_ERRNO_H 1
| #define HAVE_FCNTL_H 1
| #define HAVE_FLOAT_H 1
| #define HAVE_LIMITS_H 1
| #define HAVE_MALLOC_H 1
| #define HAVE_MEMORY_H 1
| #define HAVE_SETJMP_H 1
| #define HAVE_SIGNAL_H 1
| #define HAVE_STDARG_H 1
| #define HAVE_STDDEF_H 1
| #define HAVE_STDINT_H 1
| #define HAVE_STDIO_H 1
| #define HAVE_STDLIB_H 1
| #define HAVE_STRING_H 1
| #define HAVE_STRINGS_H 1
| #define HAVE_TIME_H 1
| #define HAVE_UNISTD_H 1
| #define HAVE_UTIME_H 1
| #define HAVE_SYS_MMAN_H 1
| #define HAVE_SYS_RESOURCE_H 1
| #define HAVE_SYS_STAT_H 1
| #define HAVE_SYS_TIME_H 1
| #define HAVE_SYS_TYPES_H 1
| #define HAVE_SYS_WAIT_H 1
| #define RETSIGTYPE void
| #define SIZEOF_SHORT 2
| #define SIZEOF_INT 4
| #define SIZEOF_LONG 4
| #define SIZEOF_LONG_LONG 8
| #define SIZEOF___INT16 0
| #define SIZEOF___INT32 0
| #define SIZEOF___INT64 0
| #define SIZEOF_VOID_P 4
| #define SIZEOF_SIZE_T 4
| #define SIZEOF_PTRDIFF_T 4
| #define SIZEOF___INT32 0
| #define SIZEOF_INTMAX_T 8
| #define SIZEOF_UINTMAX_T 8
| #define SIZEOF_INTPTR_T 4
| #define SIZEOF_UINTPTR_T 4
| #define SIZEOF_FLOAT 4
| #define SIZEOF_DOUBLE 8
| #define SIZEOF_LONG_DOUBLE 8
| #define SIZEOF_DEV_T 8
| #define SIZEOF_FPOS_T 16
| #define SIZEOF_MODE_T 4
| /* end confdefs.h.  */
| #include <stdio.h>
| #if HAVE_SYS_TYPES_H
| # include <sys/types.h>
| #endif
| #if HAVE_SYS_STAT_H
| # include <sys/stat.h>
| #endif
| #if STDC_HEADERS
| # include <stdlib.h>
| # include <stddef.h>
| #else
| # if HAVE_STDLIB_H
| #  include <stdlib.h>
| # endif
| #endif
| #if HAVE_STRING_H
| # if !STDC_HEADERS && HAVE_MEMORY_H
| #  include <memory.h>
| # endif
| # include <string.h>
| #endif
| #if HAVE_STRINGS_H
| # include <strings.h>
| #endif
| #if HAVE_INTTYPES_H
| # include <inttypes.h>
| #else
| # if HAVE_STDINT_H
| #  include <stdint.h>
| # endif
| #endif
| #if HAVE_UNISTD_H
| # include <unistd.h>
| #endif
| int
| main ()
| {
| static int test_array [1 - 2 * !(((long) (sizeof (off_t))) <= 3)];
| test_array [0] = 0
| 
|   ;
|   return 0;
| }
configure:28900: /opt/lede-toolchain-ramips-mt7621_gcc-5.4.0_musl-1.1.24.Linux-x86_64/toolchain-mipsel_24kc_gcc-5.4.0_musl-1.1.24/bin/mipsel-openwrt-linux-musl-gcc -c -Os -Wall -DLINUX26 -DCONFIG_RALINK -DMUSL_LIBC -DDEBUG_NOISY -DDEBUG_RCTEST -D_GNU_SOURCE -D__UAPI_DEF_ETHHDR -DRALINK_DBDC_MODE -pipe -funit-at-a-time -Wno-pointer-sign -mtune=mips32 -mips32 -DLINUX_KERNEL_VERSION=263366 --sysroot=/opt/lede-toolchain-ramips-mt7621_gcc-5.4.0_musl-1.1.24.Linux-x86_64/toolchain-mipsel_24kc_gcc-5.4.0_musl-1.1.24   conftest.c >&5
conftest.c: In function 'main':
conftest.c:113:12: error: size of array 'test_array' is negative
 static int test_array [1 - 2 * !(((long) (sizeof (off_t))) <= 7)];
            ^
conftest.c:113:12: warning: variable 'test_array' set but not used [-Wunused-but-set-variable]
configure:28906: $? = 1
configure: failed program was:
| /* confdefs.h.  */
| 
| #define PACKAGE_NAME "lzo"
| #define PACKAGE_TARNAME "lzo"
| #define PACKAGE_VERSION "2.03"
| #define PACKAGE_STRING "lzo 2.03"
| #define PACKAGE_BUGREPORT "markus@oberhumer.com"
| #define LZO_ABI_LITTLE_ENDIAN 1
| #define PACKAGE "lzo"
| #define VERSION "2.03"
| #define STDC_HEADERS 1
| #define HAVE_SYS_TYPES_H 1
| #define HAVE_SYS_STAT_H 1
| #define HAVE_STDLIB_H 1
| #define HAVE_STRING_H 1
| #define HAVE_MEMORY_H 1
| #define HAVE_STRINGS_H 1
| #define HAVE_INTTYPES_H 1
| #define HAVE_STDINT_H 1
| #define HAVE_UNISTD_H 1
| #define HAVE_DLFCN_H 1
| #ifdef __cplusplus
| extern "C" void exit (int);
| #endif
| #define TIME_WITH_SYS_TIME 1
| #define HAVE_ASSERT_H 1
| #define HAVE_CTYPE_H 1
| #define HAVE_DIRENT_H 1
| #define HAVE_ERRNO_H 1
| #define HAVE_FCNTL_H 1
| #define HAVE_FLOAT_H 1
| #define HAVE_LIMITS_H 1
| #define HAVE_MALLOC_H 1
| #define HAVE_MEMORY_H 1
| #define HAVE_SETJMP_H 1
| #define HAVE_SIGNAL_H 1
| #define HAVE_STDARG_H 1
| #define HAVE_STDDEF_H 1
| #define HAVE_STDINT_H 1
| #define HAVE_STDIO_H 1
| #define HAVE_STDLIB_H 1
| #define HAVE_STRING_H 1
| #define HAVE_STRINGS_H 1
| #define HAVE_TIME_H 1
| #define HAVE_UNISTD_H 1
| #define HAVE_UTIME_H 1
| #define HAVE_SYS_MMAN_H 1
| #define HAVE_SYS_RESOURCE_H 1
| #define HAVE_SYS_STAT_H 1
| #define HAVE_SYS_TIME_H 1
| #define HAVE_SYS_TYPES_H 1
| #define HAVE_SYS_WAIT_H 1
| #define RETSIGTYPE void
| #define SIZEOF_SHORT 2
| #define SIZEOF_INT 4
| #define SIZEOF_LONG 4
| #define SIZEOF_LONG_LONG 8
| #define SIZEOF___INT16 0
| #define SIZEOF___INT32 0
| #define SIZEOF___INT64 0
| #define SIZEOF_VOID_P 4
| #define SIZEOF_SIZE_T 4
| #define SIZEOF_PTRDIFF_T 4
| #define SIZEOF___INT32 0
| #define SIZEOF_INTMAX_T 8
| #define SIZEOF_UINTMAX_T 8
| #define SIZEOF_INTPTR_T 4
| #define SIZEOF_UINTPTR_T 4
| #define SIZEOF_FLOAT 4
| #define SIZEOF_DOUBLE 8
| #define SIZEOF_LONG_DOUBLE 8
| #define SIZEOF_DEV_T 8
| #define SIZEOF_FPOS_T 16
| #define SIZEOF_MODE_T 4
| /* end confdefs.h.  */
| #include <stdio.h>
| #if HAVE_SYS_TYPES_H
| # include <sys/types.h>
| #endif
| #if HAVE_SYS_STAT_H
| # include <sys/stat.h>
| #endif
| #if STDC_HEADERS
| # include <stdlib.h>
| # include <stddef.h>
| #else
| # if HAVE_STDLIB_H
| #  include <stdlib.h>
| # endif
| #endif
| #if HAVE_STRING_H
| # if !STDC_HEADERS && HAVE_MEMORY_H
| #  include <memory.h>
| # endif
| # include <string.h>
| #endif
| #if HAVE_STRINGS_H
| # include <strings.h>
| #endif
| #if HAVE_INTTYPES_H
| # include <inttypes.h>
| #else
| # if HAVE_STDINT_H
| #  include <stdint.h>
| # endif
| #endif
| #if HAVE_UNISTD_H
| # include <unistd.h>
| #endif
| int
| main ()
| {
| static int test_array [1 - 2 * !(((long) (sizeof (off_t))) <= 7)];
| test_array [0] = 0
| 
|   ;
|   return 0;
| }
configure:28900: /opt/lede-toolchain-ramips-mt7621_gcc-5.4.0_musl-1.1.24.Linux-x86_64/toolchain-mipsel_24kc_gcc-5.4.0_musl-1.1.24/bin/mipsel-openwrt-linux-musl-gcc -c -Os -Wall -DLINUX26 -DCONFIG_RALINK -DMUSL_LIBC -DDEBUG_NOISY -DDEBUG_RCTEST -D_GNU_SOURCE -D__UAPI_DEF_ETHHDR -DRALINK_DBDC_MODE -pipe -funit-at-a-time -Wno-pointer-sign -mtune=mips32 -mips32 -DLINUX_KERNEL_VERSION=263366 --sysroot=/opt/lede-toolchain-ramips-mt7621_gcc-5.4.0_musl-1.1.24.Linux-x86_64/toolchain-mipsel_24kc_gcc-5.4.0_musl-1.1.24   conftest.c >&5
conftest.c: In function 'main':
conftest.c:113:12: warning: variable 'test_array' set but not used [-Wunused-but-set-variable]
 static int test_array [1 - 2 * !(((long) (sizeof (off_t))) <= 15)];
            ^
configure:28906: $? = 0
configure:28909: test -z 			 || test ! -s conftest.err
configure:28912: $? = 0
configure:28915: test -s conftest.o
configure:28918: $? = 0
configure:29060: /opt/lede-toolchain-ramips-mt7621_gcc-5.4.0_musl-1.1.24.Linux-x86_64/toolchain-mipsel_24kc_gcc-5.4.0_musl-1.1.24/bin/mipsel-openwrt-linux-musl-gcc -c -Os -Wall -DLINUX26 -DCONFIG_RALINK -DMUSL_LIBC -DDEBUG_NOISY -DDEBUG_RCTEST -D_GNU_SOURCE -D__UAPI_DEF_ETHHDR -DRALINK_DBDC_MODE -pipe -funit-at-a-time -Wno-pointer-sign -mtune=mips32 -mips32 -DLINUX_KERNEL_VERSION=263366 --sysroot=/opt/lede-toolchain-ramips-mt7621_gcc-5.4.0_musl-1.1.24.Linux-x86_64/toolchain-mipsel_24kc_gcc-5.4.0_musl-1.1.24   conftest.c >&5
conftest.c: In function 'main':
conftest.c:113:12: warning: variable 'test_array' set but not used [-Wunused-but-set-variable]
 static int test_array [1 - 2 * !(((long) (sizeof (off_t))) <= 11)];
            ^
configure:29066: $? = 0
configure:29069: test -z 			 || test ! -s conftest.err
configure:29072: $? = 0
configure:29075: test -s conftest.o
configure:29078: $? = 0
configure:29060: /opt/lede-toolchain-ramips-mt7621_gcc-5.4.0_musl-1.1.24.Linux-x86_64/toolchain-mipsel_24kc_gcc-5.4.0_musl-1.1.24/bin/mipsel-openwrt-linux-musl-gcc -c -Os -Wall -DLINUX26 -DCONFIG_RALINK -DMUSL_LIBC -DDEBUG_NOISY -DDEBUG_RCTEST -D_GNU_SOURCE -D__UAPI_DEF_ETHHDR -DRALINK_DBDC_MODE -pipe -funit-at-a-time -Wno-pointer-sign -mtune=mips32 -mips32 -DLINUX_KERNEL_VERSION=263366 --sysroot=/opt/lede-toolchain-ramips-mt7621_gcc-5.4.0_musl-1.1.24.Linux-x86_64/toolchain-mipsel_24kc_gcc-5.4.0_musl-1.1.24   conftest.c >&5
conftest.c: In function 'main':
conftest.c:113:12: warning: variable 'test_array' set but not used [-Wunused-but-set-variable]
 static int test_array [1 - 2 * !(((long) (sizeof (off_t))) <= 9)];
            ^
configure:29066: $? = 0
configure:29069: test -z 			 || test ! -s conftest.err
configure:29072: $? = 0
configure:29075: test -s conftest.o
configure:29078: $? = 0
configure:29060: /opt/lede-toolchain-ramips-mt7621_gcc-5.4.0_musl-1.1.24.Linux-x86_64/toolchain-mipsel_24kc_gcc-5.4.0_musl-1.1.24/bin/mipsel-openwrt-linux-musl-gcc -c -Os -Wall -DLINUX26 -DCONFIG_RALINK -DMUSL_LIBC -DDEBUG_NOISY -DDEBUG_RCTEST -D_GNU_SOURCE -D__UAPI_DEF_ETHHDR -DRALINK_DBDC_MODE -pipe -funit-at-a-time -Wno-pointer-sign -mtune=mips32 -mips32 -DLINUX_KERNEL_VERSION=263366 --sysroot=/opt/lede-toolchain-ramips-mt7621_gcc-5.4.0_musl-1.1.24.Linux-x86_64/toolchain-mipsel_24kc_gcc-5.4.0_musl-1.1.24   conftest.c >&5
conftest.c: In function 'main':
conftest.c:113:12: warning: variable 'test_array' set but not used [-Wunused-but-set-variable]
 static int test_array [1 - 2 * !(((long) (sizeof (off_t))) <= 8)];
            ^
configure:29066: $? = 0
configure:29069: test -z 			 || test ! -s conftest.err
configure:29072: $? = 0
configure:29075: test -s conftest.o
configure:29078: $? = 0
configure:29173: result: 8
configure:29180: checking for ssize_t
configure:29204: /opt/lede-toolchain-ramips-mt7621_gcc-5.4.0_musl-1.1.24.Linux-x86_64/toolchain-mipsel_24kc_gcc-5.4.0_musl-1.1.24/bin/mipsel-openwrt-linux-musl-gcc -c -Os -Wall -DLINUX26 -DCONFIG_RALINK -DMUSL_LIBC -DDEBUG_NOISY -DDEBUG_RCTEST -D_GNU_SOURCE -D__UAPI_DEF_ETHHDR -DRALINK_DBDC_MODE -pipe -funit-at-a-time -Wno-pointer-sign -mtune=mips32 -mips32 -DLINUX_KERNEL_VERSION=263366 --sysroot=/opt/lede-toolchain-ramips-mt7621_gcc-5.4.0_musl-1.1.24.Linux-x86_64/toolchain-mipsel_24kc_gcc-5.4.0_musl-1.1.24   conftest.c >&5
configure:29210: $? = 0
configure:29213: test -z 			 || test ! -s conftest.err
configure:29216: $? = 0
configure:29219: test -s conftest.o
configure:29222: $? = 0
configure:29233: result: yes
configure:29236: checking size of ssize_t
configure:29266: /opt/lede-toolchain-ramips-mt7621_gcc-5.4.0_musl-1.1.24.Linux-x86_64/toolchain-mipsel_24kc_gcc-5.4.0_musl-1.1.24/bin/mipsel-openwrt-linux-musl-gcc -c -Os -Wall -DLINUX26 -DCONFIG_RALINK -DMUSL_LIBC -DDEBUG_NOISY -DDEBUG_RCTEST -D_GNU_SOURCE -D__UAPI_DEF_ETHHDR -DRALINK_DBDC_MODE -pipe -funit-at-a-time -Wno-pointer-sign -mtune=mips32 -mips32 -DLINUX_KERNEL_VERSION=263366 --sysroot=/opt/lede-toolchain-ramips-mt7621_gcc-5.4.0_musl-1.1.24.Linux-x86_64/toolchain-mipsel_24kc_gcc-5.4.0_musl-1.1.24   conftest.c >&5
conftest.c: In function 'main':
conftest.c:114:12: warning: variable 'test_array' set but not used [-Wunused-but-set-variable]
 static int test_array [1 - 2 * !(((long) (sizeof (ssize_t))) >= 0)];
            ^
configure:29272: $? = 0
configure:29275: test -z 			 || test ! -s conftest.err
configure:29278: $? = 0
configure:29281: test -s conftest.o
configure:29284: $? = 0
configure:29306: /opt/lede-toolchain-ramips-mt7621_gcc-5.4.0_musl-1.1.24.Linux-x86_64/toolchain-mipsel_24kc_gcc-5.4.0_musl-1.1.24/bin/mipsel-openwrt-linux-musl-gcc -c -Os -Wall -DLINUX26 -DCONFIG_RALINK -DMUSL_LIBC -DDEBUG_NOISY -DDEBUG_RCTEST -D_GNU_SOURCE -D__UAPI_DEF_ETHHDR -DRALINK_DBDC_MODE -pipe -funit-at-a-time -Wno-pointer-sign -mtune=mips32 -mips32 -DLINUX_KERNEL_VERSION=263366 --sysroot=/opt/lede-toolchain-ramips-mt7621_gcc-5.4.0_musl-1.1.24.Linux-x86_64/toolchain-mipsel_24kc_gcc-5.4.0_musl-1.1.24   conftest.c >&5
conftest.c: In function 'main':
conftest.c:114:12: error: size of array 'test_array' is negative
 static int test_array [1 - 2 * !(((long) (sizeof (ssize_t))) <= 0)];
            ^
conftest.c:114:12: warning: variable 'test_array' set but not used [-Wunused-but-set-variable]
configure:29312: $? = 1
configure: failed program was:
| /* confdefs.h.  */
| 
| #define PACKAGE_NAME "lzo"
| #define PACKAGE_TARNAME "lzo"
| #define PACKAGE_VERSION "2.03"
| #define PACKAGE_STRING "lzo 2.03"
| #define PACKAGE_BUGREPORT "markus@oberhumer.com"
| #define LZO_ABI_LITTLE_ENDIAN 1
| #define PACKAGE "lzo"
| #define VERSION "2.03"
| #define STDC_HEADERS 1
| #define HAVE_SYS_TYPES_H 1
| #define HAVE_SYS_STAT_H 1
| #define HAVE_STDLIB_H 1
| #define HAVE_STRING_H 1
| #define HAVE_MEMORY_H 1
| #define HAVE_STRINGS_H 1
| #define HAVE_INTTYPES_H 1
| #define HAVE_STDINT_H 1
| #define HAVE_UNISTD_H 1
| #define HAVE_DLFCN_H 1
| #ifdef __cplusplus
| extern "C" void exit (int);
| #endif
| #define TIME_WITH_SYS_TIME 1
| #define HAVE_ASSERT_H 1
| #define HAVE_CTYPE_H 1
| #define HAVE_DIRENT_H 1
| #define HAVE_ERRNO_H 1
| #define HAVE_FCNTL_H 1
| #define HAVE_FLOAT_H 1
| #define HAVE_LIMITS_H 1
| #define HAVE_MALLOC_H 1
| #define HAVE_MEMORY_H 1
| #define HAVE_SETJMP_H 1
| #define HAVE_SIGNAL_H 1
| #define HAVE_STDARG_H 1
| #define HAVE_STDDEF_H 1
| #define HAVE_STDINT_H 1
| #define HAVE_STDIO_H 1
| #define HAVE_STDLIB_H 1
| #define HAVE_STRING_H 1
| #define HAVE_STRINGS_H 1
| #define HAVE_TIME_H 1
| #define HAVE_UNISTD_H 1
| #define HAVE_UTIME_H 1
| #define HAVE_SYS_MMAN_H 1
| #define HAVE_SYS_RESOURCE_H 1
| #define HAVE_SYS_STAT_H 1
| #define HAVE_SYS_TIME_H 1
| #define HAVE_SYS_TYPES_H 1
| #define HAVE_SYS_WAIT_H 1
| #define RETSIGTYPE void
| #define SIZEOF_SHORT 2
| #define SIZEOF_INT 4
| #define SIZEOF_LONG 4
| #define SIZEOF_LONG_LONG 8
| #define SIZEOF___INT16 0
| #define SIZEOF___INT32 0
| #define SIZEOF___INT64 0
| #define SIZEOF_VOID_P 4
| #define SIZEOF_SIZE_T 4
| #define SIZEOF_PTRDIFF_T 4
| #define SIZEOF___INT32 0
| #define SIZEOF_INTMAX_T 8
| #define SIZEOF_UINTMAX_T 8
| #define SIZEOF_INTPTR_T 4
| #define SIZEOF_UINTPTR_T 4
| #define SIZEOF_FLOAT 4
| #define SIZEOF_DOUBLE 8
| #define SIZEOF_LONG_DOUBLE 8
| #define SIZEOF_DEV_T 8
| #define SIZEOF_FPOS_T 16
| #define SIZEOF_MODE_T 4
| #define SIZEOF_OFF_T 8
| /* end confdefs.h.  */
| #include <stdio.h>
| #if HAVE_SYS_TYPES_H
| # include <sys/types.h>
| #endif
| #if HAVE_SYS_STAT_H
| # include <sys/stat.h>
| #endif
| #if STDC_HEADERS
| # include <stdlib.h>
| # include <stddef.h>
| #else
| # if HAVE_STDLIB_H
| #  include <stdlib.h>
| # endif
| #endif
| #if HAVE_STRING_H
| # if !STDC_HEADERS && HAVE_MEMORY_H
| #  include <memory.h>
| # endif
| # include <string.h>
| #endif
| #if HAVE_STRINGS_H
| # include <strings.h>
| #endif
| #if HAVE_INTTYPES_H
| # include <inttypes.h>
| #else
| # if HAVE_STDINT_H
| #  include <stdint.h>
| # endif
| #endif
| #if HAVE_UNISTD_H
| # include <unistd.h>
| #endif
| int
| main ()
| {
| static int test_array [1 - 2 * !(((long) (sizeof (ssize_t))) <= 0)];
| test_array [0] = 0
| 
|   ;
|   return 0;
| }
configure:29306: /opt/lede-toolchain-ramips-mt7621_gcc-5.4.0_musl-1.1.24.Linux-x86_64/toolchain-mipsel_24kc_gcc-5.4.0_musl-1.1.24/bin/mipsel-openwrt-linux-musl-gcc -c -Os -Wall -DLINUX26 -DCONFIG_RALINK -DMUSL_LIBC -DDEBUG_NOISY -DDEBUG_RCTEST -D_GNU_SOURCE -D__UAPI_DEF_ETHHDR -DRALINK_DBDC_MODE -pipe -funit-at-a-time -Wno-pointer-sign -mtune=mips32 -mips32 -DLINUX_KERNEL_VERSION=263366 --sysroot=/opt/lede-toolchain-ramips-mt7621_gcc-5.4.0_musl-1.1.24.Linux-x86_64/toolchain-mipsel_24kc_gcc-5.4.0_musl-1.1.24   conftest.c >&5
conftest.c: In function 'main':
conftest.c:114:12: error: size of array 'test_array' is negative
 static int test_array [1 - 2 * !(((long) (sizeof (ssize_t))) <= 1)];
            ^
conftest.c:114:12: warning: variable 'test_array' set but not used [-Wunused-but-set-variable]
configure:29312: $? = 1
configure: failed program was:
| /* confdefs.h.  */
| 
| #define PACKAGE_NAME "lzo"
| #define PACKAGE_TARNAME "lzo"
| #define PACKAGE_VERSION "2.03"
| #define PACKAGE_STRING "lzo 2.03"
| #define PACKAGE_BUGREPORT "markus@oberhumer.com"
| #define LZO_ABI_LITTLE_ENDIAN 1
| #define PACKAGE "lzo"
| #define VERSION "2.03"
| #define STDC_HEADERS 1
| #define HAVE_SYS_TYPES_H 1
| #define HAVE_SYS_STAT_H 1
| #define HAVE_STDLIB_H 1
| #define HAVE_STRING_H 1
| #define HAVE_MEMORY_H 1
| #define HAVE_STRINGS_H 1
| #define HAVE_INTTYPES_H 1
| #define HAVE_STDINT_H 1
| #define HAVE_UNISTD_H 1
| #define HAVE_DLFCN_H 1
| #ifdef __cplusplus
| extern "C" void exit (int);
| #endif
| #define TIME_WITH_SYS_TIME 1
| #define HAVE_ASSERT_H 1
| #define HAVE_CTYPE_H 1
| #define HAVE_DIRENT_H 1
| #define HAVE_ERRNO_H 1
| #define HAVE_FCNTL_H 1
| #define HAVE_FLOAT_H 1
| #define HAVE_LIMITS_H 1
| #define HAVE_MALLOC_H 1
| #define HAVE_MEMORY_H 1
| #define HAVE_SETJMP_H 1
| #define HAVE_SIGNAL_H 1
| #define HAVE_STDARG_H 1
| #define HAVE_STDDEF_H 1
| #define HAVE_STDINT_H 1
| #define HAVE_STDIO_H 1
| #define HAVE_STDLIB_H 1
| #define HAVE_STRING_H 1
| #define HAVE_STRINGS_H 1
| #define HAVE_TIME_H 1
| #define HAVE_UNISTD_H 1
| #define HAVE_UTIME_H 1
| #define HAVE_SYS_MMAN_H 1
| #define HAVE_SYS_RESOURCE_H 1
| #define HAVE_SYS_STAT_H 1
| #define HAVE_SYS_TIME_H 1
| #define HAVE_SYS_TYPES_H 1
| #define HAVE_SYS_WAIT_H 1
| #define RETSIGTYPE void
| #define SIZEOF_SHORT 2
| #define SIZEOF_INT 4
| #define SIZEOF_LONG 4
| #define SIZEOF_LONG_LONG 8
| #define SIZEOF___INT16 0
| #define SIZEOF___INT32 0
| #define SIZEOF___INT64 0
| #define SIZEOF_VOID_P 4
| #define SIZEOF_SIZE_T 4
| #define SIZEOF_PTRDIFF_T 4
| #define SIZEOF___INT32 0
| #define SIZEOF_INTMAX_T 8
| #define SIZEOF_UINTMAX_T 8
| #define SIZEOF_INTPTR_T 4
| #define SIZEOF_UINTPTR_T 4
| #define SIZEOF_FLOAT 4
| #define SIZEOF_DOUBLE 8
| #define SIZEOF_LONG_DOUBLE 8
| #define SIZEOF_DEV_T 8
| #define SIZEOF_FPOS_T 16
| #define SIZEOF_MODE_T 4
| #define SIZEOF_OFF_T 8
| /* end confdefs.h.  */
| #include <stdio.h>
| #if HAVE_SYS_TYPES_H
| # include <sys/types.h>
| #endif
| #if HAVE_SYS_STAT_H
| # include <sys/stat.h>
| #endif
| #if STDC_HEADERS
| # include <stdlib.h>
| # include <stddef.h>
| #else
| # if HAVE_STDLIB_H
| #  include <stdlib.h>
| # endif
| #endif
| #if HAVE_STRING_H
| # if !STDC_HEADERS && HAVE_MEMORY_H
| #  include <memory.h>
| # endif
| # include <string.h>
| #endif
| #if HAVE_STRINGS_H
| # include <strings.h>
| #endif
| #if HAVE_INTTYPES_H
| # include <inttypes.h>
| #else
| # if HAVE_STDINT_H
| #  include <stdint.h>
| # endif
| #endif
| #if HAVE_UNISTD_H
| # include <unistd.h>
| #endif
| int
| main ()
| {
| static int test_array [1 - 2 * !(((long) (sizeof (ssize_t))) <= 1)];
| test_array [0] = 0
| 
|   ;
|   return 0;
| }
configure:29306: /opt/lede-toolchain-ramips-mt7621_gcc-5.4.0_musl-1.1.24.Linux-x86_64/toolchain-mipsel_24kc_gcc-5.4.0_musl-1.1.24/bin/mipsel-openwrt-linux-musl-gcc -c -Os -Wall -DLINUX26 -DCONFIG_RALINK -DMUSL_LIBC -DDEBUG_NOISY -DDEBUG_RCTEST -D_GNU_SOURCE -D__UAPI_DEF_ETHHDR -DRALINK_DBDC_MODE -pipe -funit-at-a-time -Wno-pointer-sign -mtune=mips32 -mips32 -DLINUX_KERNEL_VERSION=263366 --sysroot=/opt/lede-toolchain-ramips-mt7621_gcc-5.4.0_musl-1.1.24.Linux-x86_64/toolchain-mipsel_24kc_gcc-5.4.0_musl-1.1.24   conftest.c >&5
conftest.c: In function 'main':
conftest.c:114:12: error: size of array 'test_array' is negative
 static int test_array [1 - 2 * !(((long) (sizeof (ssize_t))) <= 3)];
            ^
conftest.c:114:12: warning: variable 'test_array' set but not used [-Wunused-but-set-variable]
configure:29312: $? = 1
configure: failed program was:
| /* confdefs.h.  */
| 
| #define PACKAGE_NAME "lzo"
| #define PACKAGE_TARNAME "lzo"
| #define PACKAGE_VERSION "2.03"
| #define PACKAGE_STRING "lzo 2.03"
| #define PACKAGE_BUGREPORT "markus@oberhumer.com"
| #define LZO_ABI_LITTLE_ENDIAN 1
| #define PACKAGE "lzo"
| #define VERSION "2.03"
| #define STDC_HEADERS 1
| #define HAVE_SYS_TYPES_H 1
| #define HAVE_SYS_STAT_H 1
| #define HAVE_STDLIB_H 1
| #define HAVE_STRING_H 1
| #define HAVE_MEMORY_H 1
| #define HAVE_STRINGS_H 1
| #define HAVE_INTTYPES_H 1
| #define HAVE_STDINT_H 1
| #define HAVE_UNISTD_H 1
| #define HAVE_DLFCN_H 1
| #ifdef __cplusplus
| extern "C" void exit (int);
| #endif
| #define TIME_WITH_SYS_TIME 1
| #define HAVE_ASSERT_H 1
| #define HAVE_CTYPE_H 1
| #define HAVE_DIRENT_H 1
| #define HAVE_ERRNO_H 1
| #define HAVE_FCNTL_H 1
| #define HAVE_FLOAT_H 1
| #define HAVE_LIMITS_H 1
| #define HAVE_MALLOC_H 1
| #define HAVE_MEMORY_H 1
| #define HAVE_SETJMP_H 1
| #define HAVE_SIGNAL_H 1
| #define HAVE_STDARG_H 1
| #define HAVE_STDDEF_H 1
| #define HAVE_STDINT_H 1
| #define HAVE_STDIO_H 1
| #define HAVE_STDLIB_H 1
| #define HAVE_STRING_H 1
| #define HAVE_STRINGS_H 1
| #define HAVE_TIME_H 1
| #define HAVE_UNISTD_H 1
| #define HAVE_UTIME_H 1
| #define HAVE_SYS_MMAN_H 1
| #define HAVE_SYS_RESOURCE_H 1
| #define HAVE_SYS_STAT_H 1
| #define HAVE_SYS_TIME_H 1
| #define HAVE_SYS_TYPES_H 1
| #define HAVE_SYS_WAIT_H 1
| #define RETSIGTYPE void
| #define SIZEOF_SHORT 2
| #define SIZEOF_INT 4
| #define SIZEOF_LONG 4
| #define SIZEOF_LONG_LONG 8
| #define SIZEOF___INT16 0
| #define SIZEOF___INT32 0
| #define SIZEOF___INT64 0
| #define SIZEOF_VOID_P 4
| #define SIZEOF_SIZE_T 4
| #define SIZEOF_PTRDIFF_T 4
| #define SIZEOF___INT32 0
| #define SIZEOF_INTMAX_T 8
| #define SIZEOF_UINTMAX_T 8
| #define SIZEOF_INTPTR_T 4
| #define SIZEOF_UINTPTR_T 4
| #define SIZEOF_FLOAT 4
| #define SIZEOF_DOUBLE 8
| #define SIZEOF_LONG_DOUBLE 8
| #define SIZEOF_DEV_T 8
| #define SIZEOF_FPOS_T 16
| #define SIZEOF_MODE_T 4
| #define SIZEOF_OFF_T 8
| /* end confdefs.h.  */
| #include <stdio.h>
| #if HAVE_SYS_TYPES_H
| # include <sys/types.h>
| #endif
| #if HAVE_SYS_STAT_H
| # include <sys/stat.h>
| #endif
| #if STDC_HEADERS
| # include <stdlib.h>
| # include <stddef.h>
| #else
| # if HAVE_STDLIB_H
| #  include <stdlib.h>
| # endif
| #endif
| #if HAVE_STRING_H
| # if !STDC_HEADERS && HAVE_MEMORY_H
| #  include <memory.h>
| # endif
| # include <string.h>
| #endif
| #if HAVE_STRINGS_H
| # include <strings.h>
| #endif
| #if HAVE_INTTYPES_H
| # include <inttypes.h>
| #else
| # if HAVE_STDINT_H
| #  include <stdint.h>
| # endif
| #endif
| #if HAVE_UNISTD_H
| # include <unistd.h>
| #endif
| int
| main ()
| {
| static int test_array [1 - 2 * !(((long) (sizeof (ssize_t))) <= 3)];
| test_array [0] = 0
| 
|   ;
|   return 0;
| }
configure:29306: /opt/lede-toolchain-ramips-mt7621_gcc-5.4.0_musl-1.1.24.Linux-x86_64/toolchain-mipsel_24kc_gcc-5.4.0_musl-1.1.24/bin/mipsel-openwrt-linux-musl-gcc -c -Os -Wall -DLINUX26 -DCONFIG_RALINK -DMUSL_LIBC -DDEBUG_NOISY -DDEBUG_RCTEST -D_GNU_SOURCE -D__UAPI_DEF_ETHHDR -DRALINK_DBDC_MODE -pipe -funit-at-a-time -Wno-pointer-sign -mtune=mips32 -mips32 -DLINUX_KERNEL_VERSION=263366 --sysroot=/opt/lede-toolchain-ramips-mt7621_gcc-5.4.0_musl-1.1.24.Linux-x86_64/toolchain-mipsel_24kc_gcc-5.4.0_musl-1.1.24   conftest.c >&5
conftest.c: In function 'main':
conftest.c:114:12: warning: variable 'test_array' set but not used [-Wunused-but-set-variable]
 static int test_array [1 - 2 * !(((long) (sizeof (ssize_t))) <= 7)];
            ^
configure:29312: $? = 0
configure:29315: test -z 			 || test ! -s conftest.err
configure:29318: $? = 0
configure:29321: test -s conftest.o
configure:29324: $? = 0
configure:29466: /opt/lede-toolchain-ramips-mt7621_gcc-5.4.0_musl-1.1.24.Linux-x86_64/toolchain-mipsel_24kc_gcc-5.4.0_musl-1.1.24/bin/mipsel-openwrt-linux-musl-gcc -c -Os -Wall -DLINUX26 -DCONFIG_RALINK -DMUSL_LIBC -DDEBUG_NOISY -DDEBUG_RCTEST -D_GNU_SOURCE -D__UAPI_DEF_ETHHDR -DRALINK_DBDC_MODE -pipe -funit-at-a-time -Wno-pointer-sign -mtune=mips32 -mips32 -DLINUX_KERNEL_VERSION=263366 --sysroot=/opt/lede-toolchain-ramips-mt7621_gcc-5.4.0_musl-1.1.24.Linux-x86_64/toolchain-mipsel_24kc_gcc-5.4.0_musl-1.1.24   conftest.c >&5
conftest.c: In function 'main':
conftest.c:114:12: warning: variable 'test_array' set but not used [-Wunused-but-set-variable]
 static int test_array [1 - 2 * !(((long) (sizeof (ssize_t))) <= 5)];
            ^
configure:29472: $? = 0
configure:29475: test -z 			 || test ! -s conftest.err
configure:29478: $? = 0
configure:29481: test -s conftest.o
configure:29484: $? = 0
configure:29466: /opt/lede-toolchain-ramips-mt7621_gcc-5.4.0_musl-1.1.24.Linux-x86_64/toolchain-mipsel_24kc_gcc-5.4.0_musl-1.1.24/bin/mipsel-openwrt-linux-musl-gcc -c -Os -Wall -DLINUX26 -DCONFIG_RALINK -DMUSL_LIBC -DDEBUG_NOISY -DDEBUG_RCTEST -D_GNU_SOURCE -D__UAPI_DEF_ETHHDR -DRALINK_DBDC_MODE -pipe -funit-at-a-time -Wno-pointer-sign -mtune=mips32 -mips32 -DLINUX_KERNEL_VERSION=263366 --sysroot=/opt/lede-toolchain-ramips-mt7621_gcc-5.4.0_musl-1.1.24.Linux-x86_64/toolchain-mipsel_24kc_gcc-5.4.0_musl-1.1.24   conftest.c >&5
conftest.c: In function 'main':
conftest.c:114:12: warning: variable 'test_array' set but not used [-Wunused-but-set-variable]
 static int test_array [1 - 2 * !(((long) (sizeof (ssize_t))) <= 4)];
            ^
configure:29472: $? = 0
configure:29475: test -z 			 || test ! -s conftest.err
configure:29478: $? = 0
configure:29481: test -s conftest.o
configure:29484: $? = 0
configure:29579: result: 4
configure:29586: checking for time_t
configure:29610: /opt/lede-toolchain-ramips-mt7621_gcc-5.4.0_musl-1.1.24.Linux-x86_64/toolchain-mipsel_24kc_gcc-5.4.0_musl-1.1.24/bin/mipsel-openwrt-linux-musl-gcc -c -Os -Wall -DLINUX26 -DCONFIG_RALINK -DMUSL_LIBC -DDEBUG_NOISY -DDEBUG_RCTEST -D_GNU_SOURCE -D__UAPI_DEF_ETHHDR -DRALINK_DBDC_MODE -pipe -funit-at-a-time -Wno-pointer-sign -mtune=mips32 -mips32 -DLINUX_KERNEL_VERSION=263366 --sysroot=/opt/lede-toolchain-ramips-mt7621_gcc-5.4.0_musl-1.1.24.Linux-x86_64/toolchain-mipsel_24kc_gcc-5.4.0_musl-1.1.24   conftest.c >&5
configure:29616: $? = 0
configure:29619: test -z 			 || test ! -s conftest.err
configure:29622: $? = 0
configure:29625: test -s conftest.o
configure:29628: $? = 0
configure:29639: result: yes
configure:29642: checking size of time_t
configure:29672: /opt/lede-toolchain-ramips-mt7621_gcc-5.4.0_musl-1.1.24.Linux-x86_64/toolchain-mipsel_24kc_gcc-5.4.0_musl-1.1.24/bin/mipsel-openwrt-linux-musl-gcc -c -Os -Wall -DLINUX26 -DCONFIG_RALINK -DMUSL_LIBC -DDEBUG_NOISY -DDEBUG_RCTEST -D_GNU_SOURCE -D__UAPI_DEF_ETHHDR -DRALINK_DBDC_MODE -pipe -funit-at-a-time -Wno-pointer-sign -mtune=mips32 -mips32 -DLINUX_KERNEL_VERSION=263366 --sysroot=/opt/lede-toolchain-ramips-mt7621_gcc-5.4.0_musl-1.1.24.Linux-x86_64/toolchain-mipsel_24kc_gcc-5.4.0_musl-1.1.24   conftest.c >&5
conftest.c: In function 'main':
conftest.c:115:12: warning: variable 'test_array' set but not used [-Wunused-but-set-variable]
 static int test_array [1 - 2 * !(((long) (sizeof (time_t))) >= 0)];
            ^
configure:29678: $? = 0
configure:29681: test -z 			 || test ! -s conftest.err
configure:29684: $? = 0
configure:29687: test -s conftest.o
configure:29690: $? = 0
configure:29712: /opt/lede-toolchain-ramips-mt7621_gcc-5.4.0_musl-1.1.24.Linux-x86_64/toolchain-mipsel_24kc_gcc-5.4.0_musl-1.1.24/bin/mipsel-openwrt-linux-musl-gcc -c -Os -Wall -DLINUX26 -DCONFIG_RALINK -DMUSL_LIBC -DDEBUG_NOISY -DDEBUG_RCTEST -D_GNU_SOURCE -D__UAPI_DEF_ETHHDR -DRALINK_DBDC_MODE -pipe -funit-at-a-time -Wno-pointer-sign -mtune=mips32 -mips32 -DLINUX_KERNEL_VERSION=263366 --sysroot=/opt/lede-toolchain-ramips-mt7621_gcc-5.4.0_musl-1.1.24.Linux-x86_64/toolchain-mipsel_24kc_gcc-5.4.0_musl-1.1.24   conftest.c >&5
conftest.c: In function 'main':
conftest.c:115:12: error: size of array 'test_array' is negative
 static int test_array [1 - 2 * !(((long) (sizeof (time_t))) <= 0)];
            ^
conftest.c:115:12: warning: variable 'test_array' set but not used [-Wunused-but-set-variable]
configure:29718: $? = 1
configure: failed program was:
| /* confdefs.h.  */
| 
| #define PACKAGE_NAME "lzo"
| #define PACKAGE_TARNAME "lzo"
| #define PACKAGE_VERSION "2.03"
| #define PACKAGE_STRING "lzo 2.03"
| #define PACKAGE_BUGREPORT "markus@oberhumer.com"
| #define LZO_ABI_LITTLE_ENDIAN 1
| #define PACKAGE "lzo"
| #define VERSION "2.03"
| #define STDC_HEADERS 1
| #define HAVE_SYS_TYPES_H 1
| #define HAVE_SYS_STAT_H 1
| #define HAVE_STDLIB_H 1
| #define HAVE_STRING_H 1
| #define HAVE_MEMORY_H 1
| #define HAVE_STRINGS_H 1
| #define HAVE_INTTYPES_H 1
| #define HAVE_STDINT_H 1
| #define HAVE_UNISTD_H 1
| #define HAVE_DLFCN_H 1
| #ifdef __cplusplus
| extern "C" void exit (int);
| #endif
| #define TIME_WITH_SYS_TIME 1
| #define HAVE_ASSERT_H 1
| #define HAVE_CTYPE_H 1
| #define HAVE_DIRENT_H 1
| #define HAVE_ERRNO_H 1
| #define HAVE_FCNTL_H 1
| #define HAVE_FLOAT_H 1
| #define HAVE_LIMITS_H 1
| #define HAVE_MALLOC_H 1
| #define HAVE_MEMORY_H 1
| #define HAVE_SETJMP_H 1
| #define HAVE_SIGNAL_H 1
| #define HAVE_STDARG_H 1
| #define HAVE_STDDEF_H 1
| #define HAVE_STDINT_H 1
| #define HAVE_STDIO_H 1
| #define HAVE_STDLIB_H 1
| #define HAVE_STRING_H 1
| #define HAVE_STRINGS_H 1
| #define HAVE_TIME_H 1
| #define HAVE_UNISTD_H 1
| #define HAVE_UTIME_H 1
| #define HAVE_SYS_MMAN_H 1
| #define HAVE_SYS_RESOURCE_H 1
| #define HAVE_SYS_STAT_H 1
| #define HAVE_SYS_TIME_H 1
| #define HAVE_SYS_TYPES_H 1
| #define HAVE_SYS_WAIT_H 1
| #define RETSIGTYPE void
| #define SIZEOF_SHORT 2
| #define SIZEOF_INT 4
| #define SIZEOF_LONG 4
| #define SIZEOF_LONG_LONG 8
| #define SIZEOF___INT16 0
| #define SIZEOF___INT32 0
| #define SIZEOF___INT64 0
| #define SIZEOF_VOID_P 4
| #define SIZEOF_SIZE_T 4
| #define SIZEOF_PTRDIFF_T 4
| #define SIZEOF___INT32 0
| #define SIZEOF_INTMAX_T 8
| #define SIZEOF_UINTMAX_T 8
| #define SIZEOF_INTPTR_T 4
| #define SIZEOF_UINTPTR_T 4
| #define SIZEOF_FLOAT 4
| #define SIZEOF_DOUBLE 8
| #define SIZEOF_LONG_DOUBLE 8
| #define SIZEOF_DEV_T 8
| #define SIZEOF_FPOS_T 16
| #define SIZEOF_MODE_T 4
| #define SIZEOF_OFF_T 8
| #define SIZEOF_SSIZE_T 4
| /* end confdefs.h.  */
| #include <stdio.h>
| #if HAVE_SYS_TYPES_H
| # include <sys/types.h>
| #endif
| #if HAVE_SYS_STAT_H
| # include <sys/stat.h>
| #endif
| #if STDC_HEADERS
| # include <stdlib.h>
| # include <stddef.h>
| #else
| # if HAVE_STDLIB_H
| #  include <stdlib.h>
| # endif
| #endif
| #if HAVE_STRING_H
| # if !STDC_HEADERS && HAVE_MEMORY_H
| #  include <memory.h>
| # endif
| # include <string.h>
| #endif
| #if HAVE_STRINGS_H
| # include <strings.h>
| #endif
| #if HAVE_INTTYPES_H
| # include <inttypes.h>
| #else
| # if HAVE_STDINT_H
| #  include <stdint.h>
| # endif
| #endif
| #if HAVE_UNISTD_H
| # include <unistd.h>
| #endif
| int
| main ()
| {
| static int test_array [1 - 2 * !(((long) (sizeof (time_t))) <= 0)];
| test_array [0] = 0
| 
|   ;
|   return 0;
| }
configure:29712: /opt/lede-toolchain-ramips-mt7621_gcc-5.4.0_musl-1.1.24.Linux-x86_64/toolchain-mipsel_24kc_gcc-5.4.0_musl-1.1.24/bin/mipsel-openwrt-linux-musl-gcc -c -Os -Wall -DLINUX26 -DCONFIG_RALINK -DMUSL_LIBC -DDEBUG_NOISY -DDEBUG_RCTEST -D_GNU_SOURCE -D__UAPI_DEF_ETHHDR -DRALINK_DBDC_MODE -pipe -funit-at-a-time -Wno-pointer-sign -mtune=mips32 -mips32 -DLINUX_KERNEL_VERSION=263366 --sysroot=/opt/lede-toolchain-ramips-mt7621_gcc-5.4.0_musl-1.1.24.Linux-x86_64/toolchain-mipsel_24kc_gcc-5.4.0_musl-1.1.24   conftest.c >&5
conftest.c: In function 'main':
conftest.c:115:12: error: size of array 'test_array' is negative
 static int test_array [1 - 2 * !(((long) (sizeof (time_t))) <= 1)];
            ^
conftest.c:115:12: warning: variable 'test_array' set but not used [-Wunused-but-set-variable]
configure:29718: $? = 1
configure: failed program was:
| /* confdefs.h.  */
| 
| #define PACKAGE_NAME "lzo"
| #define PACKAGE_TARNAME "lzo"
| #define PACKAGE_VERSION "2.03"
| #define PACKAGE_STRING "lzo 2.03"
| #define PACKAGE_BUGREPORT "markus@oberhumer.com"
| #define LZO_ABI_LITTLE_ENDIAN 1
| #define PACKAGE "lzo"
| #define VERSION "2.03"
| #define STDC_HEADERS 1
| #define HAVE_SYS_TYPES_H 1
| #define HAVE_SYS_STAT_H 1
| #define HAVE_STDLIB_H 1
| #define HAVE_STRING_H 1
| #define HAVE_MEMORY_H 1
| #define HAVE_STRINGS_H 1
| #define HAVE_INTTYPES_H 1
| #define HAVE_STDINT_H 1
| #define HAVE_UNISTD_H 1
| #define HAVE_DLFCN_H 1
| #ifdef __cplusplus
| extern "C" void exit (int);
| #endif
| #define TIME_WITH_SYS_TIME 1
| #define HAVE_ASSERT_H 1
| #define HAVE_CTYPE_H 1
| #define HAVE_DIRENT_H 1
| #define HAVE_ERRNO_H 1
| #define HAVE_FCNTL_H 1
| #define HAVE_FLOAT_H 1
| #define HAVE_LIMITS_H 1
| #define HAVE_MALLOC_H 1
| #define HAVE_MEMORY_H 1
| #define HAVE_SETJMP_H 1
| #define HAVE_SIGNAL_H 1
| #define HAVE_STDARG_H 1
| #define HAVE_STDDEF_H 1
| #define HAVE_STDINT_H 1
| #define HAVE_STDIO_H 1
| #define HAVE_STDLIB_H 1
| #define HAVE_STRING_H 1
| #define HAVE_STRINGS_H 1
| #define HAVE_TIME_H 1
| #define HAVE_UNISTD_H 1
| #define HAVE_UTIME_H 1
| #define HAVE_SYS_MMAN_H 1
| #define HAVE_SYS_RESOURCE_H 1
| #define HAVE_SYS_STAT_H 1
| #define HAVE_SYS_TIME_H 1
| #define HAVE_SYS_TYPES_H 1
| #define HAVE_SYS_WAIT_H 1
| #define RETSIGTYPE void
| #define SIZEOF_SHORT 2
| #define SIZEOF_INT 4
| #define SIZEOF_LONG 4
| #define SIZEOF_LONG_LONG 8
| #define SIZEOF___INT16 0
| #define SIZEOF___INT32 0
| #define SIZEOF___INT64 0
| #define SIZEOF_VOID_P 4
| #define SIZEOF_SIZE_T 4
| #define SIZEOF_PTRDIFF_T 4
| #define SIZEOF___INT32 0
| #define SIZEOF_INTMAX_T 8
| #define SIZEOF_UINTMAX_T 8
| #define SIZEOF_INTPTR_T 4
| #define SIZEOF_UINTPTR_T 4
| #define SIZEOF_FLOAT 4
| #define SIZEOF_DOUBLE 8
| #define SIZEOF_LONG_DOUBLE 8
| #define SIZEOF_DEV_T 8
| #define SIZEOF_FPOS_T 16
| #define SIZEOF_MODE_T 4
| #define SIZEOF_OFF_T 8
| #define SIZEOF_SSIZE_T 4
| /* end confdefs.h.  */
| #include <stdio.h>
| #if HAVE_SYS_TYPES_H
| # include <sys/types.h>
| #endif
| #if HAVE_SYS_STAT_H
| # include <sys/stat.h>
| #endif
| #if STDC_HEADERS
| # include <stdlib.h>
| # include <stddef.h>
| #else
| # if HAVE_STDLIB_H
| #  include <stdlib.h>
| # endif
| #endif
| #if HAVE_STRING_H
| # if !STDC_HEADERS && HAVE_MEMORY_H
| #  include <memory.h>
| # endif
| # include <string.h>
| #endif
| #if HAVE_STRINGS_H
| # include <strings.h>
| #endif
| #if HAVE_INTTYPES_H
| # include <inttypes.h>
| #else
| # if HAVE_STDINT_H
| #  include <stdint.h>
| # endif
| #endif
| #if HAVE_UNISTD_H
| # include <unistd.h>
| #endif
| int
| main ()
| {
| static int test_array [1 - 2 * !(((long) (sizeof (time_t))) <= 1)];
| test_array [0] = 0
| 
|   ;
|   return 0;
| }
configure:29712: /opt/lede-toolchain-ramips-mt7621_gcc-5.4.0_musl-1.1.24.Linux-x86_64/toolchain-mipsel_24kc_gcc-5.4.0_musl-1.1.24/bin/mipsel-openwrt-linux-musl-gcc -c -Os -Wall -DLINUX26 -DCONFIG_RALINK -DMUSL_LIBC -DDEBUG_NOISY -DDEBUG_RCTEST -D_GNU_SOURCE -D__UAPI_DEF_ETHHDR -DRALINK_DBDC_MODE -pipe -funit-at-a-time -Wno-pointer-sign -mtune=mips32 -mips32 -DLINUX_KERNEL_VERSION=263366 --sysroot=/opt/lede-toolchain-ramips-mt7621_gcc-5.4.0_musl-1.1.24.Linux-x86_64/toolchain-mipsel_24kc_gcc-5.4.0_musl-1.1.24   conftest.c >&5
conftest.c: In function 'main':
conftest.c:115:12: error: size of array 'test_array' is negative
 static int test_array [1 - 2 * !(((long) (sizeof (time_t))) <= 3)];
            ^
conftest.c:115:12: warning: variable 'test_array' set but not used [-Wunused-but-set-variable]
configure:29718: $? = 1
configure: failed program was:
| /* confdefs.h.  */
| 
| #define PACKAGE_NAME "lzo"
| #define PACKAGE_TARNAME "lzo"
| #define PACKAGE_VERSION "2.03"
| #define PACKAGE_STRING "lzo 2.03"
| #define PACKAGE_BUGREPORT "markus@oberhumer.com"
| #define LZO_ABI_LITTLE_ENDIAN 1
| #define PACKAGE "lzo"
| #define VERSION "2.03"
| #define STDC_HEADERS 1
| #define HAVE_SYS_TYPES_H 1
| #define HAVE_SYS_STAT_H 1
| #define HAVE_STDLIB_H 1
| #define HAVE_STRING_H 1
| #define HAVE_MEMORY_H 1
| #define HAVE_STRINGS_H 1
| #define HAVE_INTTYPES_H 1
| #define HAVE_STDINT_H 1
| #define HAVE_UNISTD_H 1
| #define HAVE_DLFCN_H 1
| #ifdef __cplusplus
| extern "C" void exit (int);
| #endif
| #define TIME_WITH_SYS_TIME 1
| #define HAVE_ASSERT_H 1
| #define HAVE_CTYPE_H 1
| #define HAVE_DIRENT_H 1
| #define HAVE_ERRNO_H 1
| #define HAVE_FCNTL_H 1
| #define HAVE_FLOAT_H 1
| #define HAVE_LIMITS_H 1
| #define HAVE_MALLOC_H 1
| #define HAVE_MEMORY_H 1
| #define HAVE_SETJMP_H 1
| #define HAVE_SIGNAL_H 1
| #define HAVE_STDARG_H 1
| #define HAVE_STDDEF_H 1
| #define HAVE_STDINT_H 1
| #define HAVE_STDIO_H 1
| #define HAVE_STDLIB_H 1
| #define HAVE_STRING_H 1
| #define HAVE_STRINGS_H 1
| #define HAVE_TIME_H 1
| #define HAVE_UNISTD_H 1
| #define HAVE_UTIME_H 1
| #define HAVE_SYS_MMAN_H 1
| #define HAVE_SYS_RESOURCE_H 1
| #define HAVE_SYS_STAT_H 1
| #define HAVE_SYS_TIME_H 1
| #define HAVE_SYS_TYPES_H 1
| #define HAVE_SYS_WAIT_H 1
| #define RETSIGTYPE void
| #define SIZEOF_SHORT 2
| #define SIZEOF_INT 4
| #define SIZEOF_LONG 4
| #define SIZEOF_LONG_LONG 8
| #define SIZEOF___INT16 0
| #define SIZEOF___INT32 0
| #define SIZEOF___INT64 0
| #define SIZEOF_VOID_P 4
| #define SIZEOF_SIZE_T 4
| #define SIZEOF_PTRDIFF_T 4
| #define SIZEOF___INT32 0
| #define SIZEOF_INTMAX_T 8
| #define SIZEOF_UINTMAX_T 8
| #define SIZEOF_INTPTR_T 4
| #define SIZEOF_UINTPTR_T 4
| #define SIZEOF_FLOAT 4
| #define SIZEOF_DOUBLE 8
| #define SIZEOF_LONG_DOUBLE 8
| #define SIZEOF_DEV_T 8
| #define SIZEOF_FPOS_T 16
| #define SIZEOF_MODE_T 4
| #define SIZEOF_OFF_T 8
| #define SIZEOF_SSIZE_T 4
| /* end confdefs.h.  */
| #include <stdio.h>
| #if HAVE_SYS_TYPES_H
| # include <sys/types.h>
| #endif
| #if HAVE_SYS_STAT_H
| # include <sys/stat.h>
| #endif
| #if STDC_HEADERS
| # include <stdlib.h>
| # include <stddef.h>
| #else
| # if HAVE_STDLIB_H
| #  include <stdlib.h>
| # endif
| #endif
| #if HAVE_STRING_H
| # if !STDC_HEADERS && HAVE_MEMORY_H
| #  include <memory.h>
| # endif
| # include <string.h>
| #endif
| #if HAVE_STRINGS_H
| # include <strings.h>
| #endif
| #if HAVE_INTTYPES_H
| # include <inttypes.h>
| #else
| # if HAVE_STDINT_H
| #  include <stdint.h>
| # endif
| #endif
| #if HAVE_UNISTD_H
| # include <unistd.h>
| #endif
| int
| main ()
| {
| static int test_array [1 - 2 * !(((long) (sizeof (time_t))) <= 3)];
| test_array [0] = 0
| 
|   ;
|   return 0;
| }
configure:29712: /opt/lede-toolchain-ramips-mt7621_gcc-5.4.0_musl-1.1.24.Linux-x86_64/toolchain-mipsel_24kc_gcc-5.4.0_musl-1.1.24/bin/mipsel-openwrt-linux-musl-gcc -c -Os -Wall -DLINUX26 -DCONFIG_RALINK -DMUSL_LIBC -DDEBUG_NOISY -DDEBUG_RCTEST -D_GNU_SOURCE -D__UAPI_DEF_ETHHDR -DRALINK_DBDC_MODE -pipe -funit-at-a-time -Wno-pointer-sign -mtune=mips32 -mips32 -DLINUX_KERNEL_VERSION=263366 --sysroot=/opt/lede-toolchain-ramips-mt7621_gcc-5.4.0_musl-1.1.24.Linux-x86_64/toolchain-mipsel_24kc_gcc-5.4.0_musl-1.1.24   conftest.c >&5
conftest.c: In function 'main':
conftest.c:115:12: warning: variable 'test_array' set but not used [-Wunused-but-set-variable]
 static int test_array [1 - 2 * !(((long) (sizeof (time_t))) <= 7)];
            ^
configure:29718: $? = 0
configure:29721: test -z 			 || test ! -s conftest.err
configure:29724: $? = 0
configure:29727: test -s conftest.o
configure:29730: $? = 0
configure:29872: /opt/lede-toolchain-ramips-mt7621_gcc-5.4.0_musl-1.1.24.Linux-x86_64/toolchain-mipsel_24kc_gcc-5.4.0_musl-1.1.24/bin/mipsel-openwrt-linux-musl-gcc -c -Os -Wall -DLINUX26 -DCONFIG_RALINK -DMUSL_LIBC -DDEBUG_NOISY -DDEBUG_RCTEST -D_GNU_SOURCE -D__UAPI_DEF_ETHHDR -DRALINK_DBDC_MODE -pipe -funit-at-a-time -Wno-pointer-sign -mtune=mips32 -mips32 -DLINUX_KERNEL_VERSION=263366 --sysroot=/opt/lede-toolchain-ramips-mt7621_gcc-5.4.0_musl-1.1.24.Linux-x86_64/toolchain-mipsel_24kc_gcc-5.4.0_musl-1.1.24   conftest.c >&5
conftest.c: In function 'main':
conftest.c:115:12: warning: variable 'test_array' set but not used [-Wunused-but-set-variable]
 static int test_array [1 - 2 * !(((long) (sizeof (time_t))) <= 5)];
            ^
configure:29878: $? = 0
configure:29881: test -z 			 || test ! -s conftest.err
configure:29884: $? = 0
configure:29887: test -s conftest.o
configure:29890: $? = 0
configure:29872: /opt/lede-toolchain-ramips-mt7621_gcc-5.4.0_musl-1.1.24.Linux-x86_64/toolchain-mipsel_24kc_gcc-5.4.0_musl-1.1.24/bin/mipsel-openwrt-linux-musl-gcc -c -Os -Wall -DLINUX26 -DCONFIG_RALINK -DMUSL_LIBC -DDEBUG_NOISY -DDEBUG_RCTEST -D_GNU_SOURCE -D__UAPI_DEF_ETHHDR -DRALINK_DBDC_MODE -pipe -funit-at-a-time -Wno-pointer-sign -mtune=mips32 -mips32 -DLINUX_KERNEL_VERSION=263366 --sysroot=/opt/lede-toolchain-ramips-mt7621_gcc-5.4.0_musl-1.1.24.Linux-x86_64/toolchain-mipsel_24kc_gcc-5.4.0_musl-1.1.24   conftest.c >&5
conftest.c: In function 'main':
conftest.c:115:12: warning: variable 'test_array' set but not used [-Wunused-but-set-variable]
 static int test_array [1 - 2 * !(((long) (sizeof (time_t))) <= 4)];
            ^
configure:29878: $? = 0
configure:29881: test -z 			 || test ! -s conftest.err
configure:29884: $? = 0
configure:29887: test -s conftest.o
configure:29890: $? = 0
configure:29985: result: 4
configure:30054: checking for access
configure:30111: /opt/lede-toolchain-ramips-mt7621_gcc-5.4.0_musl-1.1.24.Linux-x86_64/toolchain-mipsel_24kc_gcc-5.4.0_musl-1.1.24/bin/mipsel-openwrt-linux-musl-gcc -o conftest -Os -Wall -DLINUX26 -DCONFIG_RALINK -DMUSL_LIBC -DDEBUG_NOISY -DDEBUG_RCTEST -D_GNU_SOURCE -D__UAPI_DEF_ETHHDR -DRALINK_DBDC_MODE -pipe -funit-at-a-time -Wno-pointer-sign -mtune=mips32 -mips32 -DLINUX_KERNEL_VERSION=263366 --sysroot=/opt/lede-toolchain-ramips-mt7621_gcc-5.4.0_musl-1.1.24.Linux-x86_64/toolchain-mipsel_24kc_gcc-5.4.0_musl-1.1.24    conftest.c  >&5
configure:30117: $? = 0
configure:30120: test -z 			 || test ! -s conftest.err
configure:30123: $? = 0
configure:30126: test -s conftest
configure:30129: $? = 0
configure:30141: result: yes
configure:30054: checking for alloca
configure:30111: /opt/lede-toolchain-ramips-mt7621_gcc-5.4.0_musl-1.1.24.Linux-x86_64/toolchain-mipsel_24kc_gcc-5.4.0_musl-1.1.24/bin/mipsel-openwrt-linux-musl-gcc -o conftest -Os -Wall -DLINUX26 -DCONFIG_RALINK -DMUSL_LIBC -DDEBUG_NOISY -DDEBUG_RCTEST -D_GNU_SOURCE -D__UAPI_DEF_ETHHDR -DRALINK_DBDC_MODE -pipe -funit-at-a-time -Wno-pointer-sign -mtune=mips32 -mips32 -DLINUX_KERNEL_VERSION=263366 --sysroot=/opt/lede-toolchain-ramips-mt7621_gcc-5.4.0_musl-1.1.24.Linux-x86_64/toolchain-mipsel_24kc_gcc-5.4.0_musl-1.1.24    conftest.c  >&5
conftest.c:104:6: warning: conflicting types for built-in function 'alloca'
 char alloca ();
      ^
/tmp/ccGFNZVC.o:(.data+0x0): undefined reference to `alloca'
/tmp/ccGFNZVC.o: In function `main':
conftest.c:(.text.startup+0x8): undefined reference to `alloca'
conftest.c:(.text.startup+0xc): undefined reference to `alloca'
collect2: error: ld returned 1 exit status
configure:30117: $? = 1
configure: failed program was:
| /* confdefs.h.  */
| 
| #define PACKAGE_NAME "lzo"
| #define PACKAGE_TARNAME "lzo"
| #define PACKAGE_VERSION "2.03"
| #define PACKAGE_STRING "lzo 2.03"
| #define PACKAGE_BUGREPORT "markus@oberhumer.com"
| #define LZO_ABI_LITTLE_ENDIAN 1
| #define PACKAGE "lzo"
| #define VERSION "2.03"
| #define STDC_HEADERS 1
| #define HAVE_SYS_TYPES_H 1
| #define HAVE_SYS_STAT_H 1
| #define HAVE_STDLIB_H 1
| #define HAVE_STRING_H 1
| #define HAVE_MEMORY_H 1
| #define HAVE_STRINGS_H 1
| #define HAVE_INTTYPES_H 1
| #define HAVE_STDINT_H 1
| #define HAVE_UNISTD_H 1
| #define HAVE_DLFCN_H 1
| #ifdef __cplusplus
| extern "C" void exit (int);
| #endif
| #define TIME_WITH_SYS_TIME 1
| #define HAVE_ASSERT_H 1
| #define HAVE_CTYPE_H 1
| #define HAVE_DIRENT_H 1
| #define HAVE_ERRNO_H 1
| #define HAVE_FCNTL_H 1
| #define HAVE_FLOAT_H 1
| #define HAVE_LIMITS_H 1
| #define HAVE_MALLOC_H 1
| #define HAVE_MEMORY_H 1
| #define HAVE_SETJMP_H 1
| #define HAVE_SIGNAL_H 1
| #define HAVE_STDARG_H 1
| #define HAVE_STDDEF_H 1
| #define HAVE_STDINT_H 1
| #define HAVE_STDIO_H 1
| #define HAVE_STDLIB_H 1
| #define HAVE_STRING_H 1
| #define HAVE_STRINGS_H 1
| #define HAVE_TIME_H 1
| #define HAVE_UNISTD_H 1
| #define HAVE_UTIME_H 1
| #define HAVE_SYS_MMAN_H 1
| #define HAVE_SYS_RESOURCE_H 1
| #define HAVE_SYS_STAT_H 1
| #define HAVE_SYS_TIME_H 1
| #define HAVE_SYS_TYPES_H 1
| #define HAVE_SYS_WAIT_H 1
| #define RETSIGTYPE void
| #define SIZEOF_SHORT 2
| #define SIZEOF_INT 4
| #define SIZEOF_LONG 4
| #define SIZEOF_LONG_LONG 8
| #define SIZEOF___INT16 0
| #define SIZEOF___INT32 0
| #define SIZEOF___INT64 0
| #define SIZEOF_VOID_P 4
| #define SIZEOF_SIZE_T 4
| #define SIZEOF_PTRDIFF_T 4
| #define SIZEOF___INT32 0
| #define SIZEOF_INTMAX_T 8
| #define SIZEOF_UINTMAX_T 8
| #define SIZEOF_INTPTR_T 4
| #define SIZEOF_UINTPTR_T 4
| #define SIZEOF_FLOAT 4
| #define SIZEOF_DOUBLE 8
| #define SIZEOF_LONG_DOUBLE 8
| #define SIZEOF_DEV_T 8
| #define SIZEOF_FPOS_T 16
| #define SIZEOF_MODE_T 4
| #define SIZEOF_OFF_T 8
| #define SIZEOF_SSIZE_T 4
| #define SIZEOF_TIME_T 4
| #define HAVE_ACCESS 1
| /* end confdefs.h.  */
| /* Define alloca to an innocuous variant, in case <limits.h> declares alloca.
|    For example, HP-UX 11i <limits.h> declares gettimeofday.  */
| #define alloca innocuous_alloca
| 
| /* System header to define __stub macros and hopefully few prototypes,
|     which can conflict with char alloca (); below.
|     Prefer <limits.h> to <assert.h> if __STDC__ is defined, since
|     <limits.h> exists even on freestanding compilers.  */
| 
| #ifdef __STDC__
| # include <limits.h>
| #else
| # include <assert.h>
| #endif
| 
| #undef alloca
| 
| /* Override any gcc2 internal prototype to avoid an error.  */
| #ifdef __cplusplus
| extern "C"
| {
| #endif
| /* We use char because int might match the return type of a gcc2
|    builtin and then its argument prototype would still apply.  */
| char alloca ();
| /* The GNU C library defines this for functions which it implements
|     to always fail with ENOSYS.  Some functions are actually named
|     something starting with __ and the normal name is an alias.  */
| #if defined (__stub_alloca) || defined (__stub___alloca)
| choke me
| #else
| char (*f) () = alloca;
| #endif
| #ifdef __cplusplus
| }
| #endif
| 
| int
| main ()
| {
| return f != alloca;
|   ;
|   return 0;
| }
configure:30141: result: no
configure:30054: checking for atexit
configure:30111: /opt/lede-toolchain-ramips-mt7621_gcc-5.4.0_musl-1.1.24.Linux-x86_64/toolchain-mipsel_24kc_gcc-5.4.0_musl-1.1.24/bin/mipsel-openwrt-linux-musl-gcc -o conftest -Os -Wall -DLINUX26 -DCONFIG_RALINK -DMUSL_LIBC -DDEBUG_NOISY -DDEBUG_RCTEST -D_GNU_SOURCE -D__UAPI_DEF_ETHHDR -DRALINK_DBDC_MODE -pipe -funit-at-a-time -Wno-pointer-sign -mtune=mips32 -mips32 -DLINUX_KERNEL_VERSION=263366 --sysroot=/opt/lede-toolchain-ramips-mt7621_gcc-5.4.0_musl-1.1.24.Linux-x86_64/toolchain-mipsel_24kc_gcc-5.4.0_musl-1.1.24    conftest.c  >&5
configure:30117: $? = 0
configure:30120: test -z 			 || test ! -s conftest.err
configure:30123: $? = 0
configure:30126: test -s conftest
configure:30129: $? = 0
configure:30141: result: yes
configure:30054: checking for atoi
configure:30111: /opt/lede-toolchain-ramips-mt7621_gcc-5.4.0_musl-1.1.24.Linux-x86_64/toolchain-mipsel_24kc_gcc-5.4.0_musl-1.1.24/bin/mipsel-openwrt-linux-musl-gcc -o conftest -Os -Wall -DLINUX26 -DCONFIG_RALINK -DMUSL_LIBC -DDEBUG_NOISY -DDEBUG_RCTEST -D_GNU_SOURCE -D__UAPI_DEF_ETHHDR -DRALINK_DBDC_MODE -pipe -funit-at-a-time -Wno-pointer-sign -mtune=mips32 -mips32 -DLINUX_KERNEL_VERSION=263366 --sysroot=/opt/lede-toolchain-ramips-mt7621_gcc-5.4.0_musl-1.1.24.Linux-x86_64/toolchain-mipsel_24kc_gcc-5.4.0_musl-1.1.24    conftest.c  >&5
configure:30117: $? = 0
configure:30120: test -z 			 || test ! -s conftest.err
configure:30123: $? = 0
configure:30126: test -s conftest
configure:30129: $? = 0
configure:30141: result: yes
configure:30054: checking for atol
configure:30111: /opt/lede-toolchain-ramips-mt7621_gcc-5.4.0_musl-1.1.24.Linux-x86_64/toolchain-mipsel_24kc_gcc-5.4.0_musl-1.1.24/bin/mipsel-openwrt-linux-musl-gcc -o conftest -Os -Wall -DLINUX26 -DCONFIG_RALINK -DMUSL_LIBC -DDEBUG_NOISY -DDEBUG_RCTEST -D_GNU_SOURCE -D__UAPI_DEF_ETHHDR -DRALINK_DBDC_MODE -pipe -funit-at-a-time -Wno-pointer-sign -mtune=mips32 -mips32 -DLINUX_KERNEL_VERSION=263366 --sysroot=/opt/lede-toolchain-ramips-mt7621_gcc-5.4.0_musl-1.1.24.Linux-x86_64/toolchain-mipsel_24kc_gcc-5.4.0_musl-1.1.24    conftest.c  >&5
configure:30117: $? = 0
configure:30120: test -z 			 || test ! -s conftest.err
configure:30123: $? = 0
configure:30126: test -s conftest
configure:30129: $? = 0
configure:30141: result: yes
configure:30054: checking for chmod
configure:30111: /opt/lede-toolchain-ramips-mt7621_gcc-5.4.0_musl-1.1.24.Linux-x86_64/toolchain-mipsel_24kc_gcc-5.4.0_musl-1.1.24/bin/mipsel-openwrt-linux-musl-gcc -o conftest -Os -Wall -DLINUX26 -DCONFIG_RALINK -DMUSL_LIBC -DDEBUG_NOISY -DDEBUG_RCTEST -D_GNU_SOURCE -D__UAPI_DEF_ETHHDR -DRALINK_DBDC_MODE -pipe -funit-at-a-time -Wno-pointer-sign -mtune=mips32 -mips32 -DLINUX_KERNEL_VERSION=263366 --sysroot=/opt/lede-toolchain-ramips-mt7621_gcc-5.4.0_musl-1.1.24.Linux-x86_64/toolchain-mipsel_24kc_gcc-5.4.0_musl-1.1.24    conftest.c  >&5
configure:30117: $? = 0
configure:30120: test -z 			 || test ! -s conftest.err
configure:30123: $? = 0
configure:30126: test -s conftest
configure:30129: $? = 0
configure:30141: result: yes
configure:30054: checking for chown
configure:30111: /opt/lede-toolchain-ramips-mt7621_gcc-5.4.0_musl-1.1.24.Linux-x86_64/toolchain-mipsel_24kc_gcc-5.4.0_musl-1.1.24/bin/mipsel-openwrt-linux-musl-gcc -o conftest -Os -Wall -DLINUX26 -DCONFIG_RALINK -DMUSL_LIBC -DDEBUG_NOISY -DDEBUG_RCTEST -D_GNU_SOURCE -D__UAPI_DEF_ETHHDR -DRALINK_DBDC_MODE -pipe -funit-at-a-time -Wno-pointer-sign -mtune=mips32 -mips32 -DLINUX_KERNEL_VERSION=263366 --sysroot=/opt/lede-toolchain-ramips-mt7621_gcc-5.4.0_musl-1.1.24.Linux-x86_64/toolchain-mipsel_24kc_gcc-5.4.0_musl-1.1.24    conftest.c  >&5
configure:30117: $? = 0
configure:30120: test -z 			 || test ! -s conftest.err
configure:30123: $? = 0
configure:30126: test -s conftest
configure:30129: $? = 0
configure:30141: result: yes
configure:30054: checking for clock_getcpuclockid
configure:30111: /opt/lede-toolchain-ramips-mt7621_gcc-5.4.0_musl-1.1.24.Linux-x86_64/toolchain-mipsel_24kc_gcc-5.4.0_musl-1.1.24/bin/mipsel-openwrt-linux-musl-gcc -o conftest -Os -Wall -DLINUX26 -DCONFIG_RALINK -DMUSL_LIBC -DDEBUG_NOISY -DDEBUG_RCTEST -D_GNU_SOURCE -D__UAPI_DEF_ETHHDR -DRALINK_DBDC_MODE -pipe -funit-at-a-time -Wno-pointer-sign -mtune=mips32 -mips32 -DLINUX_KERNEL_VERSION=263366 --sysroot=/opt/lede-toolchain-ramips-mt7621_gcc-5.4.0_musl-1.1.24.Linux-x86_64/toolchain-mipsel_24kc_gcc-5.4.0_musl-1.1.24    conftest.c  >&5
configure:30117: $? = 0
configure:30120: test -z 			 || test ! -s conftest.err
configure:30123: $? = 0
configure:30126: test -s conftest
configure:30129: $? = 0
configure:30141: result: yes
configure:30054: checking for clock_getres
configure:30111: /opt/lede-toolchain-ramips-mt7621_gcc-5.4.0_musl-1.1.24.Linux-x86_64/toolchain-mipsel_24kc_gcc-5.4.0_musl-1.1.24/bin/mipsel-openwrt-linux-musl-gcc -o conftest -Os -Wall -DLINUX26 -DCONFIG_RALINK -DMUSL_LIBC -DDEBUG_NOISY -DDEBUG_RCTEST -D_GNU_SOURCE -D__UAPI_DEF_ETHHDR -DRALINK_DBDC_MODE -pipe -funit-at-a-time -Wno-pointer-sign -mtune=mips32 -mips32 -DLINUX_KERNEL_VERSION=263366 --sysroot=/opt/lede-toolchain-ramips-mt7621_gcc-5.4.0_musl-1.1.24.Linux-x86_64/toolchain-mipsel_24kc_gcc-5.4.0_musl-1.1.24    conftest.c  >&5
configure:30117: $? = 0
configure:30120: test -z 			 || test ! -s conftest.err
configure:30123: $? = 0
configure:30126: test -s conftest
configure:30129: $? = 0
configure:30141: result: yes
configure:30054: checking for clock_gettime
configure:30111: /opt/lede-toolchain-ramips-mt7621_gcc-5.4.0_musl-1.1.24.Linux-x86_64/toolchain-mipsel_24kc_gcc-5.4.0_musl-1.1.24/bin/mipsel-openwrt-linux-musl-gcc -o conftest -Os -Wall -DLINUX26 -DCONFIG_RALINK -DMUSL_LIBC -DDEBUG_NOISY -DDEBUG_RCTEST -D_GNU_SOURCE -D__UAPI_DEF_ETHHDR -DRALINK_DBDC_MODE -pipe -funit-at-a-time -Wno-pointer-sign -mtune=mips32 -mips32 -DLINUX_KERNEL_VERSION=263366 --sysroot=/opt/lede-toolchain-ramips-mt7621_gcc-5.4.0_musl-1.1.24.Linux-x86_64/toolchain-mipsel_24kc_gcc-5.4.0_musl-1.1.24    conftest.c  >&5
configure:30117: $? = 0
configure:30120: test -z 			 || test ! -s conftest.err
configure:30123: $? = 0
configure:30126: test -s conftest
configure:30129: $? = 0
configure:30141: result: yes
configure:30054: checking for ctime
configure:30111: /opt/lede-toolchain-ramips-mt7621_gcc-5.4.0_musl-1.1.24.Linux-x86_64/toolchain-mipsel_24kc_gcc-5.4.0_musl-1.1.24/bin/mipsel-openwrt-linux-musl-gcc -o conftest -Os -Wall -DLINUX26 -DCONFIG_RALINK -DMUSL_LIBC -DDEBUG_NOISY -DDEBUG_RCTEST -D_GNU_SOURCE -D__UAPI_DEF_ETHHDR -DRALINK_DBDC_MODE -pipe -funit-at-a-time -Wno-pointer-sign -mtune=mips32 -mips32 -DLINUX_KERNEL_VERSION=263366 --sysroot=/opt/lede-toolchain-ramips-mt7621_gcc-5.4.0_musl-1.1.24.Linux-x86_64/toolchain-mipsel_24kc_gcc-5.4.0_musl-1.1.24    conftest.c  >&5
configure:30117: $? = 0
configure:30120: test -z 			 || test ! -s conftest.err
configure:30123: $? = 0
configure:30126: test -s conftest
configure:30129: $? = 0
configure:30141: result: yes
configure:30054: checking for difftime
configure:30111: /opt/lede-toolchain-ramips-mt7621_gcc-5.4.0_musl-1.1.24.Linux-x86_64/toolchain-mipsel_24kc_gcc-5.4.0_musl-1.1.24/bin/mipsel-openwrt-linux-musl-gcc -o conftest -Os -Wall -DLINUX26 -DCONFIG_RALINK -DMUSL_LIBC -DDEBUG_NOISY -DDEBUG_RCTEST -D_GNU_SOURCE -D__UAPI_DEF_ETHHDR -DRALINK_DBDC_MODE -pipe -funit-at-a-time -Wno-pointer-sign -mtune=mips32 -mips32 -DLINUX_KERNEL_VERSION=263366 --sysroot=/opt/lede-toolchain-ramips-mt7621_gcc-5.4.0_musl-1.1.24.Linux-x86_64/toolchain-mipsel_24kc_gcc-5.4.0_musl-1.1.24    conftest.c  >&5
configure:30117: $? = 0
configure:30120: test -z 			 || test ! -s conftest.err
configure:30123: $? = 0
configure:30126: test -s conftest
configure:30129: $? = 0
configure:30141: result: yes
configure:30054: checking for fstat
configure:30111: /opt/lede-toolchain-ramips-mt7621_gcc-5.4.0_musl-1.1.24.Linux-x86_64/toolchain-mipsel_24kc_gcc-5.4.0_musl-1.1.24/bin/mipsel-openwrt-linux-musl-gcc -o conftest -Os -Wall -DLINUX26 -DCONFIG_RALINK -DMUSL_LIBC -DDEBUG_NOISY -DDEBUG_RCTEST -D_GNU_SOURCE -D__UAPI_DEF_ETHHDR -DRALINK_DBDC_MODE -pipe -funit-at-a-time -Wno-pointer-sign -mtune=mips32 -mips32 -DLINUX_KERNEL_VERSION=263366 --sysroot=/opt/lede-toolchain-ramips-mt7621_gcc-5.4.0_musl-1.1.24.Linux-x86_64/toolchain-mipsel_24kc_gcc-5.4.0_musl-1.1.24    conftest.c  >&5
configure:30117: $? = 0
configure:30120: test -z 			 || test ! -s conftest.err
configure:30123: $? = 0
configure:30126: test -s conftest
configure:30129: $? = 0
configure:30141: result: yes
configure:30054: checking for getenv
configure:30111: /opt/lede-toolchain-ramips-mt7621_gcc-5.4.0_musl-1.1.24.Linux-x86_64/toolchain-mipsel_24kc_gcc-5.4.0_musl-1.1.24/bin/mipsel-openwrt-linux-musl-gcc -o conftest -Os -Wall -DLINUX26 -DCONFIG_RALINK -DMUSL_LIBC -DDEBUG_NOISY -DDEBUG_RCTEST -D_GNU_SOURCE -D__UAPI_DEF_ETHHDR -DRALINK_DBDC_MODE -pipe -funit-at-a-time -Wno-pointer-sign -mtune=mips32 -mips32 -DLINUX_KERNEL_VERSION=263366 --sysroot=/opt/lede-toolchain-ramips-mt7621_gcc-5.4.0_musl-1.1.24.Linux-x86_64/toolchain-mipsel_24kc_gcc-5.4.0_musl-1.1.24    conftest.c  >&5
configure:30117: $? = 0
configure:30120: test -z 			 || test ! -s conftest.err
configure:30123: $? = 0
configure:30126: test -s conftest
configure:30129: $? = 0
configure:30141: result: yes
configure:30054: checking for getpagesize
configure:30111: /opt/lede-toolchain-ramips-mt7621_gcc-5.4.0_musl-1.1.24.Linux-x86_64/toolchain-mipsel_24kc_gcc-5.4.0_musl-1.1.24/bin/mipsel-openwrt-linux-musl-gcc -o conftest -Os -Wall -DLINUX26 -DCONFIG_RALINK -DMUSL_LIBC -DDEBUG_NOISY -DDEBUG_RCTEST -D_GNU_SOURCE -D__UAPI_DEF_ETHHDR -DRALINK_DBDC_MODE -pipe -funit-at-a-time -Wno-pointer-sign -mtune=mips32 -mips32 -DLINUX_KERNEL_VERSION=263366 --sysroot=/opt/lede-toolchain-ramips-mt7621_gcc-5.4.0_musl-1.1.24.Linux-x86_64/toolchain-mipsel_24kc_gcc-5.4.0_musl-1.1.24    conftest.c  >&5
configure:30117: $? = 0
configure:30120: test -z 			 || test ! -s conftest.err
configure:30123: $? = 0
configure:30126: test -s conftest
configure:30129: $? = 0
configure:30141: result: yes
configure:30054: checking for getrusage
configure:30111: /opt/lede-toolchain-ramips-mt7621_gcc-5.4.0_musl-1.1.24.Linux-x86_64/toolchain-mipsel_24kc_gcc-5.4.0_musl-1.1.24/bin/mipsel-openwrt-linux-musl-gcc -o conftest -Os -Wall -DLINUX26 -DCONFIG_RALINK -DMUSL_LIBC -DDEBUG_NOISY -DDEBUG_RCTEST -D_GNU_SOURCE -D__UAPI_DEF_ETHHDR -DRALINK_DBDC_MODE -pipe -funit-at-a-time -Wno-pointer-sign -mtune=mips32 -mips32 -DLINUX_KERNEL_VERSION=263366 --sysroot=/opt/lede-toolchain-ramips-mt7621_gcc-5.4.0_musl-1.1.24.Linux-x86_64/toolchain-mipsel_24kc_gcc-5.4.0_musl-1.1.24    conftest.c  >&5
configure:30117: $? = 0
configure:30120: test -z 			 || test ! -s conftest.err
configure:30123: $? = 0
configure:30126: test -s conftest
configure:30129: $? = 0
configure:30141: result: yes
configure:30054: checking for gettimeofday
configure:30111: /opt/lede-toolchain-ramips-mt7621_gcc-5.4.0_musl-1.1.24.Linux-x86_64/toolchain-mipsel_24kc_gcc-5.4.0_musl-1.1.24/bin/mipsel-openwrt-linux-musl-gcc -o conftest -Os -Wall -DLINUX26 -DCONFIG_RALINK -DMUSL_LIBC -DDEBUG_NOISY -DDEBUG_RCTEST -D_GNU_SOURCE -D__UAPI_DEF_ETHHDR -DRALINK_DBDC_MODE -pipe -funit-at-a-time -Wno-pointer-sign -mtune=mips32 -mips32 -DLINUX_KERNEL_VERSION=263366 --sysroot=/opt/lede-toolchain-ramips-mt7621_gcc-5.4.0_musl-1.1.24.Linux-x86_64/toolchain-mipsel_24kc_gcc-5.4.0_musl-1.1.24    conftest.c  >&5
configure:30117: $? = 0
configure:30120: test -z 			 || test ! -s conftest.err
configure:30123: $? = 0
configure:30126: test -s conftest
configure:30129: $? = 0
configure:30141: result: yes
configure:30054: checking for gmtime
configure:30111: /opt/lede-toolchain-ramips-mt7621_gcc-5.4.0_musl-1.1.24.Linux-x86_64/toolchain-mipsel_24kc_gcc-5.4.0_musl-1.1.24/bin/mipsel-openwrt-linux-musl-gcc -o conftest -Os -Wall -DLINUX26 -DCONFIG_RALINK -DMUSL_LIBC -DDEBUG_NOISY -DDEBUG_RCTEST -D_GNU_SOURCE -D__UAPI_DEF_ETHHDR -DRALINK_DBDC_MODE -pipe -funit-at-a-time -Wno-pointer-sign -mtune=mips32 -mips32 -DLINUX_KERNEL_VERSION=263366 --sysroot=/opt/lede-toolchain-ramips-mt7621_gcc-5.4.0_musl-1.1.24.Linux-x86_64/toolchain-mipsel_24kc_gcc-5.4.0_musl-1.1.24    conftest.c  >&5
configure:30117: $? = 0
configure:30120: test -z 			 || test ! -s conftest.err
configure:30123: $? = 0
configure:30126: test -s conftest
configure:30129: $? = 0
configure:30141: result: yes
configure:30054: checking for isatty
configure:30111: /opt/lede-toolchain-ramips-mt7621_gcc-5.4.0_musl-1.1.24.Linux-x86_64/toolchain-mipsel_24kc_gcc-5.4.0_musl-1.1.24/bin/mipsel-openwrt-linux-musl-gcc -o conftest -Os -Wall -DLINUX26 -DCONFIG_RALINK -DMUSL_LIBC -DDEBUG_NOISY -DDEBUG_RCTEST -D_GNU_SOURCE -D__UAPI_DEF_ETHHDR -DRALINK_DBDC_MODE -pipe -funit-at-a-time -Wno-pointer-sign -mtune=mips32 -mips32 -DLINUX_KERNEL_VERSION=263366 --sysroot=/opt/lede-toolchain-ramips-mt7621_gcc-5.4.0_musl-1.1.24.Linux-x86_64/toolchain-mipsel_24kc_gcc-5.4.0_musl-1.1.24    conftest.c  >&5
configure:30117: $? = 0
configure:30120: test -z 			 || test ! -s conftest.err
configure:30123: $? = 0
configure:30126: test -s conftest
configure:30129: $? = 0
configure:30141: result: yes
configure:30054: checking for localtime
configure:30111: /opt/lede-toolchain-ramips-mt7621_gcc-5.4.0_musl-1.1.24.Linux-x86_64/toolchain-mipsel_24kc_gcc-5.4.0_musl-1.1.24/bin/mipsel-openwrt-linux-musl-gcc -o conftest -Os -Wall -DLINUX26 -DCONFIG_RALINK -DMUSL_LIBC -DDEBUG_NOISY -DDEBUG_RCTEST -D_GNU_SOURCE -D__UAPI_DEF_ETHHDR -DRALINK_DBDC_MODE -pipe -funit-at-a-time -Wno-pointer-sign -mtune=mips32 -mips32 -DLINUX_KERNEL_VERSION=263366 --sysroot=/opt/lede-toolchain-ramips-mt7621_gcc-5.4.0_musl-1.1.24.Linux-x86_64/toolchain-mipsel_24kc_gcc-5.4.0_musl-1.1.24    conftest.c  >&5
configure:30117: $? = 0
configure:30120: test -z 			 || test ! -s conftest.err
configure:30123: $? = 0
configure:30126: test -s conftest
configure:30129: $? = 0
configure:30141: result: yes
configure:30054: checking for longjmp
configure:30111: /opt/lede-toolchain-ramips-mt7621_gcc-5.4.0_musl-1.1.24.Linux-x86_64/toolchain-mipsel_24kc_gcc-5.4.0_musl-1.1.24/bin/mipsel-openwrt-linux-musl-gcc -o conftest -Os -Wall -DLINUX26 -DCONFIG_RALINK -DMUSL_LIBC -DDEBUG_NOISY -DDEBUG_RCTEST -D_GNU_SOURCE -D__UAPI_DEF_ETHHDR -DRALINK_DBDC_MODE -pipe -funit-at-a-time -Wno-pointer-sign -mtune=mips32 -mips32 -DLINUX_KERNEL_VERSION=263366 --sysroot=/opt/lede-toolchain-ramips-mt7621_gcc-5.4.0_musl-1.1.24.Linux-x86_64/toolchain-mipsel_24kc_gcc-5.4.0_musl-1.1.24    conftest.c  >&5
configure:30117: $? = 0
configure:30120: test -z 			 || test ! -s conftest.err
configure:30123: $? = 0
configure:30126: test -s conftest
configure:30129: $? = 0
configure:30141: result: yes
configure:30054: checking for lstat
configure:30111: /opt/lede-toolchain-ramips-mt7621_gcc-5.4.0_musl-1.1.24.Linux-x86_64/toolchain-mipsel_24kc_gcc-5.4.0_musl-1.1.24/bin/mipsel-openwrt-linux-musl-gcc -o conftest -Os -Wall -DLINUX26 -DCONFIG_RALINK -DMUSL_LIBC -DDEBUG_NOISY -DDEBUG_RCTEST -D_GNU_SOURCE -D__UAPI_DEF_ETHHDR -DRALINK_DBDC_MODE -pipe -funit-at-a-time -Wno-pointer-sign -mtune=mips32 -mips32 -DLINUX_KERNEL_VERSION=263366 --sysroot=/opt/lede-toolchain-ramips-mt7621_gcc-5.4.0_musl-1.1.24.Linux-x86_64/toolchain-mipsel_24kc_gcc-5.4.0_musl-1.1.24    conftest.c  >&5
configure:30117: $? = 0
configure:30120: test -z 			 || test ! -s conftest.err
configure:30123: $? = 0
configure:30126: test -s conftest
configure:30129: $? = 0
configure:30141: result: yes
configure:30054: checking for memcmp
configure:30111: /opt/lede-toolchain-ramips-mt7621_gcc-5.4.0_musl-1.1.24.Linux-x86_64/toolchain-mipsel_24kc_gcc-5.4.0_musl-1.1.24/bin/mipsel-openwrt-linux-musl-gcc -o conftest -Os -Wall -DLINUX26 -DCONFIG_RALINK -DMUSL_LIBC -DDEBUG_NOISY -DDEBUG_RCTEST -D_GNU_SOURCE -D__UAPI_DEF_ETHHDR -DRALINK_DBDC_MODE -pipe -funit-at-a-time -Wno-pointer-sign -mtune=mips32 -mips32 -DLINUX_KERNEL_VERSION=263366 --sysroot=/opt/lede-toolchain-ramips-mt7621_gcc-5.4.0_musl-1.1.24.Linux-x86_64/toolchain-mipsel_24kc_gcc-5.4.0_musl-1.1.24    conftest.c  >&5
conftest.c:124:6: warning: conflicting types for built-in function 'memcmp'
 char memcmp ();
      ^
configure:30117: $? = 0
configure:30120: test -z 			 || test ! -s conftest.err
configure:30123: $? = 0
configure:30126: test -s conftest
configure:30129: $? = 0
configure:30141: result: yes
configure:30054: checking for memcpy
configure:30111: /opt/lede-toolchain-ramips-mt7621_gcc-5.4.0_musl-1.1.24.Linux-x86_64/toolchain-mipsel_24kc_gcc-5.4.0_musl-1.1.24/bin/mipsel-openwrt-linux-musl-gcc -o conftest -Os -Wall -DLINUX26 -DCONFIG_RALINK -DMUSL_LIBC -DDEBUG_NOISY -DDEBUG_RCTEST -D_GNU_SOURCE -D__UAPI_DEF_ETHHDR -DRALINK_DBDC_MODE -pipe -funit-at-a-time -Wno-pointer-sign -mtune=mips32 -mips32 -DLINUX_KERNEL_VERSION=263366 --sysroot=/opt/lede-toolchain-ramips-mt7621_gcc-5.4.0_musl-1.1.24.Linux-x86_64/toolchain-mipsel_24kc_gcc-5.4.0_musl-1.1.24    conftest.c  >&5
conftest.c:125:6: warning: conflicting types for built-in function 'memcpy'
 char memcpy ();
      ^
configure:30117: $? = 0
configure:30120: test -z 			 || test ! -s conftest.err
configure:30123: $? = 0
configure:30126: test -s conftest
configure:30129: $? = 0
configure:30141: result: yes
configure:30054: checking for memmove
configure:30111: /opt/lede-toolchain-ramips-mt7621_gcc-5.4.0_musl-1.1.24.Linux-x86_64/toolchain-mipsel_24kc_gcc-5.4.0_musl-1.1.24/bin/mipsel-openwrt-linux-musl-gcc -o conftest -Os -Wall -DLINUX26 -DCONFIG_RALINK -DMUSL_LIBC -DDEBUG_NOISY -DDEBUG_RCTEST -D_GNU_SOURCE -D__UAPI_DEF_ETHHDR -DRALINK_DBDC_MODE -pipe -funit-at-a-time -Wno-pointer-sign -mtune=mips32 -mips32 -DLINUX_KERNEL_VERSION=263366 --sysroot=/opt/lede-toolchain-ramips-mt7621_gcc-5.4.0_musl-1.1.24.Linux-x86_64/toolchain-mipsel_24kc_gcc-5.4.0_musl-1.1.24    conftest.c  >&5
conftest.c:126:6: warning: conflicting types for built-in function 'memmove'
 char memmove ();
      ^
configure:30117: $? = 0
configure:30120: test -z 			 || test ! -s conftest.err
configure:30123: $? = 0
configure:30126: test -s conftest
configure:30129: $? = 0
configure:30141: result: yes
configure:30054: checking for memset
configure:30111: /opt/lede-toolchain-ramips-mt7621_gcc-5.4.0_musl-1.1.24.Linux-x86_64/toolchain-mipsel_24kc_gcc-5.4.0_musl-1.1.24/bin/mipsel-openwrt-linux-musl-gcc -o conftest -Os -Wall -DLINUX26 -DCONFIG_RALINK -DMUSL_LIBC -DDEBUG_NOISY -DDEBUG_RCTEST -D_GNU_SOURCE -D__UAPI_DEF_ETHHDR -DRALINK_DBDC_MODE -pipe -funit-at-a-time -Wno-pointer-sign -mtune=mips32 -mips32 -DLINUX_KERNEL_VERSION=263366 --sysroot=/opt/lede-toolchain-ramips-mt7621_gcc-5.4.0_musl-1.1.24.Linux-x86_64/toolchain-mipsel_24kc_gcc-5.4.0_musl-1.1.24    conftest.c  >&5
conftest.c:127:6: warning: conflicting types for built-in function 'memset'
 char memset ();
      ^
configure:30117: $? = 0
configure:30120: test -z 			 || test ! -s conftest.err
configure:30123: $? = 0
configure:30126: test -s conftest
configure:30129: $? = 0
configure:30141: result: yes
configure:30054: checking for mkdir
configure:30111: /opt/lede-toolchain-ramips-mt7621_gcc-5.4.0_musl-1.1.24.Linux-x86_64/toolchain-mipsel_24kc_gcc-5.4.0_musl-1.1.24/bin/mipsel-openwrt-linux-musl-gcc -o conftest -Os -Wall -DLINUX26 -DCONFIG_RALINK -DMUSL_LIBC -DDEBUG_NOISY -DDEBUG_RCTEST -D_GNU_SOURCE -D__UAPI_DEF_ETHHDR -DRALINK_DBDC_MODE -pipe -funit-at-a-time -Wno-pointer-sign -mtune=mips32 -mips32 -DLINUX_KERNEL_VERSION=263366 --sysroot=/opt/lede-toolchain-ramips-mt7621_gcc-5.4.0_musl-1.1.24.Linux-x86_64/toolchain-mipsel_24kc_gcc-5.4.0_musl-1.1.24    conftest.c  >&5
configure:30117: $? = 0
configure:30120: test -z 			 || test ! -s conftest.err
configure:30123: $? = 0
configure:30126: test -s conftest
configure:30129: $? = 0
configure:30141: result: yes
configure:30054: checking for mktime
configure:30111: /opt/lede-toolchain-ramips-mt7621_gcc-5.4.0_musl-1.1.24.Linux-x86_64/toolchain-mipsel_24kc_gcc-5.4.0_musl-1.1.24/bin/mipsel-openwrt-linux-musl-gcc -o conftest -Os -Wall -DLINUX26 -DCONFIG_RALINK -DMUSL_LIBC -DDEBUG_NOISY -DDEBUG_RCTEST -D_GNU_SOURCE -D__UAPI_DEF_ETHHDR -DRALINK_DBDC_MODE -pipe -funit-at-a-time -Wno-pointer-sign -mtune=mips32 -mips32 -DLINUX_KERNEL_VERSION=263366 --sysroot=/opt/lede-toolchain-ramips-mt7621_gcc-5.4.0_musl-1.1.24.Linux-x86_64/toolchain-mipsel_24kc_gcc-5.4.0_musl-1.1.24    conftest.c  >&5
configure:30117: $? = 0
configure:30120: test -z 			 || test ! -s conftest.err
configure:30123: $? = 0
configure:30126: test -s conftest
configure:30129: $? = 0
configure:30141: result: yes
configure:30054: checking for mmap
configure:30111: /opt/lede-toolchain-ramips-mt7621_gcc-5.4.0_musl-1.1.24.Linux-x86_64/toolchain-mipsel_24kc_gcc-5.4.0_musl-1.1.24/bin/mipsel-openwrt-linux-musl-gcc -o conftest -Os -Wall -DLINUX26 -DCONFIG_RALINK -DMUSL_LIBC -DDEBUG_NOISY -DDEBUG_RCTEST -D_GNU_SOURCE -D__UAPI_DEF_ETHHDR -DRALINK_DBDC_MODE -pipe -funit-at-a-time -Wno-pointer-sign -mtune=mips32 -mips32 -DLINUX_KERNEL_VERSION=263366 --sysroot=/opt/lede-toolchain-ramips-mt7621_gcc-5.4.0_musl-1.1.24.Linux-x86_64/toolchain-mipsel_24kc_gcc-5.4.0_musl-1.1.24    conftest.c  >&5
configure:30117: $? = 0
configure:30120: test -z 			 || test ! -s conftest.err
configure:30123: $? = 0
configure:30126: test -s conftest
configure:30129: $? = 0
configure:30141: result: yes
configure:30054: checking for mprotect
configure:30111: /opt/lede-toolchain-ramips-mt7621_gcc-5.4.0_musl-1.1.24.Linux-x86_64/toolchain-mipsel_24kc_gcc-5.4.0_musl-1.1.24/bin/mipsel-openwrt-linux-musl-gcc -o conftest -Os -Wall -DLINUX26 -DCONFIG_RALINK -DMUSL_LIBC -DDEBUG_NOISY -DDEBUG_RCTEST -D_GNU_SOURCE -D__UAPI_DEF_ETHHDR -DRALINK_DBDC_MODE -pipe -funit-at-a-time -Wno-pointer-sign -mtune=mips32 -mips32 -DLINUX_KERNEL_VERSION=263366 --sysroot=/opt/lede-toolchain-ramips-mt7621_gcc-5.4.0_musl-1.1.24.Linux-x86_64/toolchain-mipsel_24kc_gcc-5.4.0_musl-1.1.24    conftest.c  >&5
configure:30117: $? = 0
configure:30120: test -z 			 || test ! -s conftest.err
configure:30123: $? = 0
configure:30126: test -s conftest
configure:30129: $? = 0
configure:30141: result: yes
configure:30054: checking for munmap
configure:30111: /opt/lede-toolchain-ramips-mt7621_gcc-5.4.0_musl-1.1.24.Linux-x86_64/toolchain-mipsel_24kc_gcc-5.4.0_musl-1.1.24/bin/mipsel-openwrt-linux-musl-gcc -o conftest -Os -Wall -DLINUX26 -DCONFIG_RALINK -DMUSL_LIBC -DDEBUG_NOISY -DDEBUG_RCTEST -D_GNU_SOURCE -D__UAPI_DEF_ETHHDR -DRALINK_DBDC_MODE -pipe -funit-at-a-time -Wno-pointer-sign -mtune=mips32 -mips32 -DLINUX_KERNEL_VERSION=263366 --sysroot=/opt/lede-toolchain-ramips-mt7621_gcc-5.4.0_musl-1.1.24.Linux-x86_64/toolchain-mipsel_24kc_gcc-5.4.0_musl-1.1.24    conftest.c  >&5
configure:30117: $? = 0
configure:30120: test -z 			 || test ! -s conftest.err
configure:30123: $? = 0
configure:30126: test -s conftest
configure:30129: $? = 0
configure:30141: result: yes
configure:30054: checking for qsort
configure:30111: /opt/lede-toolchain-ramips-mt7621_gcc-5.4.0_musl-1.1.24.Linux-x86_64/toolchain-mipsel_24kc_gcc-5.4.0_musl-1.1.24/bin/mipsel-openwrt-linux-musl-gcc -o conftest -Os -Wall -DLINUX26 -DCONFIG_RALINK -DMUSL_LIBC -DDEBUG_NOISY -DDEBUG_RCTEST -D_GNU_SOURCE -D__UAPI_DEF_ETHHDR -DRALINK_DBDC_MODE -pipe -funit-at-a-time -Wno-pointer-sign -mtune=mips32 -mips32 -DLINUX_KERNEL_VERSION=263366 --sysroot=/opt/lede-toolchain-ramips-mt7621_gcc-5.4.0_musl-1.1.24.Linux-x86_64/toolchain-mipsel_24kc_gcc-5.4.0_musl-1.1.24    conftest.c  >&5
configure:30117: $? = 0
configure:30120: test -z 			 || test ! -s conftest.err
configure:30123: $? = 0
configure:30126: test -s conftest
configure:30129: $? = 0
configure:30141: result: yes
configure:30054: checking for raise
configure:30111: /opt/lede-toolchain-ramips-mt7621_gcc-5.4.0_musl-1.1.24.Linux-x86_64/toolchain-mipsel_24kc_gcc-5.4.0_musl-1.1.24/bin/mipsel-openwrt-linux-musl-gcc -o conftest -Os -Wall -DLINUX26 -DCONFIG_RALINK -DMUSL_LIBC -DDEBUG_NOISY -DDEBUG_RCTEST -D_GNU_SOURCE -D__UAPI_DEF_ETHHDR -DRALINK_DBDC_MODE -pipe -funit-at-a-time -Wno-pointer-sign -mtune=mips32 -mips32 -DLINUX_KERNEL_VERSION=263366 --sysroot=/opt/lede-toolchain-ramips-mt7621_gcc-5.4.0_musl-1.1.24.Linux-x86_64/toolchain-mipsel_24kc_gcc-5.4.0_musl-1.1.24    conftest.c  >&5
configure:30117: $? = 0
configure:30120: test -z 			 || test ! -s conftest.err
configure:30123: $? = 0
configure:30126: test -s conftest
configure:30129: $? = 0
configure:30141: result: yes
configure:30054: checking for rmdir
configure:30111: /opt/lede-toolchain-ramips-mt7621_gcc-5.4.0_musl-1.1.24.Linux-x86_64/toolchain-mipsel_24kc_gcc-5.4.0_musl-1.1.24/bin/mipsel-openwrt-linux-musl-gcc -o conftest -Os -Wall -DLINUX26 -DCONFIG_RALINK -DMUSL_LIBC -DDEBUG_NOISY -DDEBUG_RCTEST -D_GNU_SOURCE -D__UAPI_DEF_ETHHDR -DRALINK_DBDC_MODE -pipe -funit-at-a-time -Wno-pointer-sign -mtune=mips32 -mips32 -DLINUX_KERNEL_VERSION=263366 --sysroot=/opt/lede-toolchain-ramips-mt7621_gcc-5.4.0_musl-1.1.24.Linux-x86_64/toolchain-mipsel_24kc_gcc-5.4.0_musl-1.1.24    conftest.c  >&5
configure:30117: $? = 0
configure:30120: test -z 			 || test ! -s conftest.err
configure:30123: $? = 0
configure:30126: test -s conftest
configure:30129: $? = 0
configure:30141: result: yes
configure:30054: checking for setjmp
configure:30111: /opt/lede-toolchain-ramips-mt7621_gcc-5.4.0_musl-1.1.24.Linux-x86_64/toolchain-mipsel_24kc_gcc-5.4.0_musl-1.1.24/bin/mipsel-openwrt-linux-musl-gcc -o conftest -Os -Wall -DLINUX26 -DCONFIG_RALINK -DMUSL_LIBC -DDEBUG_NOISY -DDEBUG_RCTEST -D_GNU_SOURCE -D__UAPI_DEF_ETHHDR -DRALINK_DBDC_MODE -pipe -funit-at-a-time -Wno-pointer-sign -mtune=mips32 -mips32 -DLINUX_KERNEL_VERSION=263366 --sysroot=/opt/lede-toolchain-ramips-mt7621_gcc-5.4.0_musl-1.1.24.Linux-x86_64/toolchain-mipsel_24kc_gcc-5.4.0_musl-1.1.24    conftest.c  >&5
configure:30117: $? = 0
configure:30120: test -z 			 || test ! -s conftest.err
configure:30123: $? = 0
configure:30126: test -s conftest
configure:30129: $? = 0
configure:30141: result: yes
configure:30054: checking for signal
configure:30111: /opt/lede-toolchain-ramips-mt7621_gcc-5.4.0_musl-1.1.24.Linux-x86_64/toolchain-mipsel_24kc_gcc-5.4.0_musl-1.1.24/bin/mipsel-openwrt-linux-musl-gcc -o conftest -Os -Wall -DLINUX26 -DCONFIG_RALINK -DMUSL_LIBC -DDEBUG_NOISY -DDEBUG_RCTEST -D_GNU_SOURCE -D__UAPI_DEF_ETHHDR -DRALINK_DBDC_MODE -pipe -funit-at-a-time -Wno-pointer-sign -mtune=mips32 -mips32 -DLINUX_KERNEL_VERSION=263366 --sysroot=/opt/lede-toolchain-ramips-mt7621_gcc-5.4.0_musl-1.1.24.Linux-x86_64/toolchain-mipsel_24kc_gcc-5.4.0_musl-1.1.24    conftest.c  >&5
configure:30117: $? = 0
configure:30120: test -z 			 || test ! -s conftest.err
configure:30123: $? = 0
configure:30126: test -s conftest
configure:30129: $? = 0
configure:30141: result: yes
configure:30054: checking for snprintf
configure:30111: /opt/lede-toolchain-ramips-mt7621_gcc-5.4.0_musl-1.1.24.Linux-x86_64/toolchain-mipsel_24kc_gcc-5.4.0_musl-1.1.24/bin/mipsel-openwrt-linux-musl-gcc -o conftest -Os -Wall -DLINUX26 -DCONFIG_RALINK -DMUSL_LIBC -DDEBUG_NOISY -DDEBUG_RCTEST -D_GNU_SOURCE -D__UAPI_DEF_ETHHDR -DRALINK_DBDC_MODE -pipe -funit-at-a-time -Wno-pointer-sign -mtune=mips32 -mips32 -DLINUX_KERNEL_VERSION=263366 --sysroot=/opt/lede-toolchain-ramips-mt7621_gcc-5.4.0_musl-1.1.24.Linux-x86_64/toolchain-mipsel_24kc_gcc-5.4.0_musl-1.1.24    conftest.c  >&5
conftest.c:138:6: warning: conflicting types for built-in function 'snprintf'
 char snprintf ();
      ^
configure:30117: $? = 0
configure:30120: test -z 			 || test ! -s conftest.err
configure:30123: $? = 0
configure:30126: test -s conftest
configure:30129: $? = 0
configure:30141: result: yes
configure:30054: checking for strcasecmp
configure:30111: /opt/lede-toolchain-ramips-mt7621_gcc-5.4.0_musl-1.1.24.Linux-x86_64/toolchain-mipsel_24kc_gcc-5.4.0_musl-1.1.24/bin/mipsel-openwrt-linux-musl-gcc -o conftest -Os -Wall -DLINUX26 -DCONFIG_RALINK -DMUSL_LIBC -DDEBUG_NOISY -DDEBUG_RCTEST -D_GNU_SOURCE -D__UAPI_DEF_ETHHDR -DRALINK_DBDC_MODE -pipe -funit-at-a-time -Wno-pointer-sign -mtune=mips32 -mips32 -DLINUX_KERNEL_VERSION=263366 --sysroot=/opt/lede-toolchain-ramips-mt7621_gcc-5.4.0_musl-1.1.24.Linux-x86_64/toolchain-mipsel_24kc_gcc-5.4.0_musl-1.1.24    conftest.c  >&5
conftest.c:139:6: warning: conflicting types for built-in function 'strcasecmp'
 char strcasecmp ();
      ^
configure:30117: $? = 0
configure:30120: test -z 			 || test ! -s conftest.err
configure:30123: $? = 0
configure:30126: test -s conftest
configure:30129: $? = 0
configure:30141: result: yes
configure:30054: checking for strchr
configure:30111: /opt/lede-toolchain-ramips-mt7621_gcc-5.4.0_musl-1.1.24.Linux-x86_64/toolchain-mipsel_24kc_gcc-5.4.0_musl-1.1.24/bin/mipsel-openwrt-linux-musl-gcc -o conftest -Os -Wall -DLINUX26 -DCONFIG_RALINK -DMUSL_LIBC -DDEBUG_NOISY -DDEBUG_RCTEST -D_GNU_SOURCE -D__UAPI_DEF_ETHHDR -DRALINK_DBDC_MODE -pipe -funit-at-a-time -Wno-pointer-sign -mtune=mips32 -mips32 -DLINUX_KERNEL_VERSION=263366 --sysroot=/opt/lede-toolchain-ramips-mt7621_gcc-5.4.0_musl-1.1.24.Linux-x86_64/toolchain-mipsel_24kc_gcc-5.4.0_musl-1.1.24    conftest.c  >&5
conftest.c:140:6: warning: conflicting types for built-in function 'strchr'
 char strchr ();
      ^
configure:30117: $? = 0
configure:30120: test -z 			 || test ! -s conftest.err
configure:30123: $? = 0
configure:30126: test -s conftest
configure:30129: $? = 0
configure:30141: result: yes
configure:30054: checking for strdup
configure:30111: /opt/lede-toolchain-ramips-mt7621_gcc-5.4.0_musl-1.1.24.Linux-x86_64/toolchain-mipsel_24kc_gcc-5.4.0_musl-1.1.24/bin/mipsel-openwrt-linux-musl-gcc -o conftest -Os -Wall -DLINUX26 -DCONFIG_RALINK -DMUSL_LIBC -DDEBUG_NOISY -DDEBUG_RCTEST -D_GNU_SOURCE -D__UAPI_DEF_ETHHDR -DRALINK_DBDC_MODE -pipe -funit-at-a-time -Wno-pointer-sign -mtune=mips32 -mips32 -DLINUX_KERNEL_VERSION=263366 --sysroot=/opt/lede-toolchain-ramips-mt7621_gcc-5.4.0_musl-1.1.24.Linux-x86_64/toolchain-mipsel_24kc_gcc-5.4.0_musl-1.1.24    conftest.c  >&5
conftest.c:141:6: warning: conflicting types for built-in function 'strdup'
 char strdup ();
      ^
configure:30117: $? = 0
configure:30120: test -z 			 || test ! -s conftest.err
configure:30123: $? = 0
configure:30126: test -s conftest
configure:30129: $? = 0
configure:30141: result: yes
configure:30054: checking for strerror
configure:30111: /opt/lede-toolchain-ramips-mt7621_gcc-5.4.0_musl-1.1.24.Linux-x86_64/toolchain-mipsel_24kc_gcc-5.4.0_musl-1.1.24/bin/mipsel-openwrt-linux-musl-gcc -o conftest -Os -Wall -DLINUX26 -DCONFIG_RALINK -DMUSL_LIBC -DDEBUG_NOISY -DDEBUG_RCTEST -D_GNU_SOURCE -D__UAPI_DEF_ETHHDR -DRALINK_DBDC_MODE -pipe -funit-at-a-time -Wno-pointer-sign -mtune=mips32 -mips32 -DLINUX_KERNEL_VERSION=263366 --sysroot=/opt/lede-toolchain-ramips-mt7621_gcc-5.4.0_musl-1.1.24.Linux-x86_64/toolchain-mipsel_24kc_gcc-5.4.0_musl-1.1.24    conftest.c  >&5
configure:30117: $? = 0
configure:30120: test -z 			 || test ! -s conftest.err
configure:30123: $? = 0
configure:30126: test -s conftest
configure:30129: $? = 0
configure:30141: result: yes
configure:30054: checking for strftime
configure:30111: /opt/lede-toolchain-ramips-mt7621_gcc-5.4.0_musl-1.1.24.Linux-x86_64/toolchain-mipsel_24kc_gcc-5.4.0_musl-1.1.24/bin/mipsel-openwrt-linux-musl-gcc -o conftest -Os -Wall -DLINUX26 -DCONFIG_RALINK -DMUSL_LIBC -DDEBUG_NOISY -DDEBUG_RCTEST -D_GNU_SOURCE -D__UAPI_DEF_ETHHDR -DRALINK_DBDC_MODE -pipe -funit-at-a-time -Wno-pointer-sign -mtune=mips32 -mips32 -DLINUX_KERNEL_VERSION=263366 --sysroot=/opt/lede-toolchain-ramips-mt7621_gcc-5.4.0_musl-1.1.24.Linux-x86_64/toolchain-mipsel_24kc_gcc-5.4.0_musl-1.1.24    conftest.c  >&5
conftest.c:143:6: warning: conflicting types for built-in function 'strftime'
 char strftime ();
      ^
configure:30117: $? = 0
configure:30120: test -z 			 || test ! -s conftest.err
configure:30123: $? = 0
configure:30126: test -s conftest
configure:30129: $? = 0
configure:30141: result: yes
configure:30054: checking for stricmp
configure:30111: /opt/lede-toolchain-ramips-mt7621_gcc-5.4.0_musl-1.1.24.Linux-x86_64/toolchain-mipsel_24kc_gcc-5.4.0_musl-1.1.24/bin/mipsel-openwrt-linux-musl-gcc -o conftest -Os -Wall -DLINUX26 -DCONFIG_RALINK -DMUSL_LIBC -DDEBUG_NOISY -DDEBUG_RCTEST -D_GNU_SOURCE -D__UAPI_DEF_ETHHDR -DRALINK_DBDC_MODE -pipe -funit-at-a-time -Wno-pointer-sign -mtune=mips32 -mips32 -DLINUX_KERNEL_VERSION=263366 --sysroot=/opt/lede-toolchain-ramips-mt7621_gcc-5.4.0_musl-1.1.24.Linux-x86_64/toolchain-mipsel_24kc_gcc-5.4.0_musl-1.1.24    conftest.c  >&5
/tmp/ccNgRiNA.o:(.data+0x0): undefined reference to `stricmp'
/tmp/ccNgRiNA.o: In function `main':
conftest.c:(.text.startup+0x8): undefined reference to `stricmp'
conftest.c:(.text.startup+0xc): undefined reference to `stricmp'
collect2: error: ld returned 1 exit status
configure:30117: $? = 1
configure: failed program was:
| /* confdefs.h.  */
| 
| #define PACKAGE_NAME "lzo"
| #define PACKAGE_TARNAME "lzo"
| #define PACKAGE_VERSION "2.03"
| #define PACKAGE_STRING "lzo 2.03"
| #define PACKAGE_BUGREPORT "markus@oberhumer.com"
| #define LZO_ABI_LITTLE_ENDIAN 1
| #define PACKAGE "lzo"
| #define VERSION "2.03"
| #define STDC_HEADERS 1
| #define HAVE_SYS_TYPES_H 1
| #define HAVE_SYS_STAT_H 1
| #define HAVE_STDLIB_H 1
| #define HAVE_STRING_H 1
| #define HAVE_MEMORY_H 1
| #define HAVE_STRINGS_H 1
| #define HAVE_INTTYPES_H 1
| #define HAVE_STDINT_H 1
| #define HAVE_UNISTD_H 1
| #define HAVE_DLFCN_H 1
| #ifdef __cplusplus
| extern "C" void exit (int);
| #endif
| #define TIME_WITH_SYS_TIME 1
| #define HAVE_ASSERT_H 1
| #define HAVE_CTYPE_H 1
| #define HAVE_DIRENT_H 1
| #define HAVE_ERRNO_H 1
| #define HAVE_FCNTL_H 1
| #define HAVE_FLOAT_H 1
| #define HAVE_LIMITS_H 1
| #define HAVE_MALLOC_H 1
| #define HAVE_MEMORY_H 1
| #define HAVE_SETJMP_H 1
| #define HAVE_SIGNAL_H 1
| #define HAVE_STDARG_H 1
| #define HAVE_STDDEF_H 1
| #define HAVE_STDINT_H 1
| #define HAVE_STDIO_H 1
| #define HAVE_STDLIB_H 1
| #define HAVE_STRING_H 1
| #define HAVE_STRINGS_H 1
| #define HAVE_TIME_H 1
| #define HAVE_UNISTD_H 1
| #define HAVE_UTIME_H 1
| #define HAVE_SYS_MMAN_H 1
| #define HAVE_SYS_RESOURCE_H 1
| #define HAVE_SYS_STAT_H 1
| #define HAVE_SYS_TIME_H 1
| #define HAVE_SYS_TYPES_H 1
| #define HAVE_SYS_WAIT_H 1
| #define RETSIGTYPE void
| #define SIZEOF_SHORT 2
| #define SIZEOF_INT 4
| #define SIZEOF_LONG 4
| #define SIZEOF_LONG_LONG 8
| #define SIZEOF___INT16 0
| #define SIZEOF___INT32 0
| #define SIZEOF___INT64 0
| #define SIZEOF_VOID_P 4
| #define SIZEOF_SIZE_T 4
| #define SIZEOF_PTRDIFF_T 4
| #define SIZEOF___INT32 0
| #define SIZEOF_INTMAX_T 8
| #define SIZEOF_UINTMAX_T 8
| #define SIZEOF_INTPTR_T 4
| #define SIZEOF_UINTPTR_T 4
| #define SIZEOF_FLOAT 4
| #define SIZEOF_DOUBLE 8
| #define SIZEOF_LONG_DOUBLE 8
| #define SIZEOF_DEV_T 8
| #define SIZEOF_FPOS_T 16
| #define SIZEOF_MODE_T 4
| #define SIZEOF_OFF_T 8
| #define SIZEOF_SSIZE_T 4
| #define SIZEOF_TIME_T 4
| #define HAVE_ACCESS 1
| #define HAVE_ATEXIT 1
| #define HAVE_ATOI 1
| #define HAVE_ATOL 1
| #define HAVE_CHMOD 1
| #define HAVE_CHOWN 1
| #define HAVE_CLOCK_GETCPUCLOCKID 1
| #define HAVE_CLOCK_GETRES 1
| #define HAVE_CLOCK_GETTIME 1
| #define HAVE_CTIME 1
| #define HAVE_DIFFTIME 1
| #define HAVE_FSTAT 1
| #define HAVE_GETENV 1
| #define HAVE_GETPAGESIZE 1
| #define HAVE_GETRUSAGE 1
| #define HAVE_GETTIMEOFDAY 1
| #define HAVE_GMTIME 1
| #define HAVE_ISATTY 1
| #define HAVE_LOCALTIME 1
| #define HAVE_LONGJMP 1
| #define HAVE_LSTAT 1
| #define HAVE_MEMCMP 1
| #define HAVE_MEMCPY 1
| #define HAVE_MEMMOVE 1
| #define HAVE_MEMSET 1
| #define HAVE_MKDIR 1
| #define HAVE_MKTIME 1
| #define HAVE_MMAP 1
| #define HAVE_MPROTECT 1
| #define HAVE_MUNMAP 1
| #define HAVE_QSORT 1
| #define HAVE_RAISE 1
| #define HAVE_RMDIR 1
| #define HAVE_SETJMP 1
| #define HAVE_SIGNAL 1
| #define HAVE_SNPRINTF 1
| #define HAVE_STRCASECMP 1
| #define HAVE_STRCHR 1
| #define HAVE_STRDUP 1
| #define HAVE_STRERROR 1
| #define HAVE_STRFTIME 1
| /* end confdefs.h.  */
| /* Define stricmp to an innocuous variant, in case <limits.h> declares stricmp.
|    For example, HP-UX 11i <limits.h> declares gettimeofday.  */
| #define stricmp innocuous_stricmp
| 
| /* System header to define __stub macros and hopefully few prototypes,
|     which can conflict with char stricmp (); below.
|     Prefer <limits.h> to <assert.h> if __STDC__ is defined, since
|     <limits.h> exists even on freestanding compilers.  */
| 
| #ifdef __STDC__
| # include <limits.h>
| #else
| # include <assert.h>
| #endif
| 
| #undef stricmp
| 
| /* Override any gcc2 internal prototype to avoid an error.  */
| #ifdef __cplusplus
| extern "C"
| {
| #endif
| /* We use char because int might match the return type of a gcc2
|    builtin and then its argument prototype would still apply.  */
| char stricmp ();
| /* The GNU C library defines this for functions which it implements
|     to always fail with ENOSYS.  Some functions are actually named
|     something starting with __ and the normal name is an alias.  */
| #if defined (__stub_stricmp) || defined (__stub___stricmp)
| choke me
| #else
| char (*f) () = stricmp;
| #endif
| #ifdef __cplusplus
| }
| #endif
| 
| int
| main ()
| {
| return f != stricmp;
|   ;
|   return 0;
| }
configure:30141: result: no
configure:30054: checking for strncasecmp
configure:30111: /opt/lede-toolchain-ramips-mt7621_gcc-5.4.0_musl-1.1.24.Linux-x86_64/toolchain-mipsel_24kc_gcc-5.4.0_musl-1.1.24/bin/mipsel-openwrt-linux-musl-gcc -o conftest -Os -Wall -DLINUX26 -DCONFIG_RALINK -DMUSL_LIBC -DDEBUG_NOISY -DDEBUG_RCTEST -D_GNU_SOURCE -D__UAPI_DEF_ETHHDR -DRALINK_DBDC_MODE -pipe -funit-at-a-time -Wno-pointer-sign -mtune=mips32 -mips32 -DLINUX_KERNEL_VERSION=263366 --sysroot=/opt/lede-toolchain-ramips-mt7621_gcc-5.4.0_musl-1.1.24.Linux-x86_64/toolchain-mipsel_24kc_gcc-5.4.0_musl-1.1.24    conftest.c  >&5
conftest.c:144:6: warning: conflicting types for built-in function 'strncasecmp'
 char strncasecmp ();
      ^
configure:30117: $? = 0
configure:30120: test -z 			 || test ! -s conftest.err
configure:30123: $? = 0
configure:30126: test -s conftest
configure:30129: $? = 0
configure:30141: result: yes
configure:30054: checking for strnicmp
configure:30111: /opt/lede-toolchain-ramips-mt7621_gcc-5.4.0_musl-1.1.24.Linux-x86_64/toolchain-mipsel_24kc_gcc-5.4.0_musl-1.1.24/bin/mipsel-openwrt-linux-musl-gcc -o conftest -Os -Wall -DLINUX26 -DCONFIG_RALINK -DMUSL_LIBC -DDEBUG_NOISY -DDEBUG_RCTEST -D_GNU_SOURCE -D__UAPI_DEF_ETHHDR -DRALINK_DBDC_MODE -pipe -funit-at-a-time -Wno-pointer-sign -mtune=mips32 -mips32 -DLINUX_KERNEL_VERSION=263366 --sysroot=/opt/lede-toolchain-ramips-mt7621_gcc-5.4.0_musl-1.1.24.Linux-x86_64/toolchain-mipsel_24kc_gcc-5.4.0_musl-1.1.24    conftest.c  >&5
/tmp/ccFYceoS.o:(.data+0x0): undefined reference to `strnicmp'
/tmp/ccFYceoS.o: In function `main':
conftest.c:(.text.startup+0x8): undefined reference to `strnicmp'
conftest.c:(.text.startup+0xc): undefined reference to `strnicmp'
collect2: error: ld returned 1 exit status
configure:30117: $? = 1
configure: failed program was:
| /* confdefs.h.  */
| 
| #define PACKAGE_NAME "lzo"
| #define PACKAGE_TARNAME "lzo"
| #define PACKAGE_VERSION "2.03"
| #define PACKAGE_STRING "lzo 2.03"
| #define PACKAGE_BUGREPORT "markus@oberhumer.com"
| #define LZO_ABI_LITTLE_ENDIAN 1
| #define PACKAGE "lzo"
| #define VERSION "2.03"
| #define STDC_HEADERS 1
| #define HAVE_SYS_TYPES_H 1
| #define HAVE_SYS_STAT_H 1
| #define HAVE_STDLIB_H 1
| #define HAVE_STRING_H 1
| #define HAVE_MEMORY_H 1
| #define HAVE_STRINGS_H 1
| #define HAVE_INTTYPES_H 1
| #define HAVE_STDINT_H 1
| #define HAVE_UNISTD_H 1
| #define HAVE_DLFCN_H 1
| #ifdef __cplusplus
| extern "C" void exit (int);
| #endif
| #define TIME_WITH_SYS_TIME 1
| #define HAVE_ASSERT_H 1
| #define HAVE_CTYPE_H 1
| #define HAVE_DIRENT_H 1
| #define HAVE_ERRNO_H 1
| #define HAVE_FCNTL_H 1
| #define HAVE_FLOAT_H 1
| #define HAVE_LIMITS_H 1
| #define HAVE_MALLOC_H 1
| #define HAVE_MEMORY_H 1
| #define HAVE_SETJMP_H 1
| #define HAVE_SIGNAL_H 1
| #define HAVE_STDARG_H 1
| #define HAVE_STDDEF_H 1
| #define HAVE_STDINT_H 1
| #define HAVE_STDIO_H 1
| #define HAVE_STDLIB_H 1
| #define HAVE_STRING_H 1
| #define HAVE_STRINGS_H 1
| #define HAVE_TIME_H 1
| #define HAVE_UNISTD_H 1
| #define HAVE_UTIME_H 1
| #define HAVE_SYS_MMAN_H 1
| #define HAVE_SYS_RESOURCE_H 1
| #define HAVE_SYS_STAT_H 1
| #define HAVE_SYS_TIME_H 1
| #define HAVE_SYS_TYPES_H 1
| #define HAVE_SYS_WAIT_H 1
| #define RETSIGTYPE void
| #define SIZEOF_SHORT 2
| #define SIZEOF_INT 4
| #define SIZEOF_LONG 4
| #define SIZEOF_LONG_LONG 8
| #define SIZEOF___INT16 0
| #define SIZEOF___INT32 0
| #define SIZEOF___INT64 0
| #define SIZEOF_VOID_P 4
| #define SIZEOF_SIZE_T 4
| #define SIZEOF_PTRDIFF_T 4
| #define SIZEOF___INT32 0
| #define SIZEOF_INTMAX_T 8
| #define SIZEOF_UINTMAX_T 8
| #define SIZEOF_INTPTR_T 4
| #define SIZEOF_UINTPTR_T 4
| #define SIZEOF_FLOAT 4
| #define SIZEOF_DOUBLE 8
| #define SIZEOF_LONG_DOUBLE 8
| #define SIZEOF_DEV_T 8
| #define SIZEOF_FPOS_T 16
| #define SIZEOF_MODE_T 4
| #define SIZEOF_OFF_T 8
| #define SIZEOF_SSIZE_T 4
| #define SIZEOF_TIME_T 4
| #define HAVE_ACCESS 1
| #define HAVE_ATEXIT 1
| #define HAVE_ATOI 1
| #define HAVE_ATOL 1
| #define HAVE_CHMOD 1
| #define HAVE_CHOWN 1
| #define HAVE_CLOCK_GETCPUCLOCKID 1
| #define HAVE_CLOCK_GETRES 1
| #define HAVE_CLOCK_GETTIME 1
| #define HAVE_CTIME 1
| #define HAVE_DIFFTIME 1
| #define HAVE_FSTAT 1
| #define HAVE_GETENV 1
| #define HAVE_GETPAGESIZE 1
| #define HAVE_GETRUSAGE 1
| #define HAVE_GETTIMEOFDAY 1
| #define HAVE_GMTIME 1
| #define HAVE_ISATTY 1
| #define HAVE_LOCALTIME 1
| #define HAVE_LONGJMP 1
| #define HAVE_LSTAT 1
| #define HAVE_MEMCMP 1
| #define HAVE_MEMCPY 1
| #define HAVE_MEMMOVE 1
| #define HAVE_MEMSET 1
| #define HAVE_MKDIR 1
| #define HAVE_MKTIME 1
| #define HAVE_MMAP 1
| #define HAVE_MPROTECT 1
| #define HAVE_MUNMAP 1
| #define HAVE_QSORT 1
| #define HAVE_RAISE 1
| #define HAVE_RMDIR 1
| #define HAVE_SETJMP 1
| #define HAVE_SIGNAL 1
| #define HAVE_SNPRINTF 1
| #define HAVE_STRCASECMP 1
| #define HAVE_STRCHR 1
| #define HAVE_STRDUP 1
| #define HAVE_STRERROR 1
| #define HAVE_STRFTIME 1
| #define HAVE_STRNCASECMP 1
| /* end confdefs.h.  */
| /* Define strnicmp to an innocuous variant, in case <limits.h> declares strnicmp.
|    For example, HP-UX 11i <limits.h> declares gettimeofday.  */
| #define strnicmp innocuous_strnicmp
| 
| /* System header to define __stub macros and hopefully few prototypes,
|     which can conflict with char strnicmp (); below.
|     Prefer <limits.h> to <assert.h> if __STDC__ is defined, since
|     <limits.h> exists even on freestanding compilers.  */
| 
| #ifdef __STDC__
| # include <limits.h>
| #else
| # include <assert.h>
| #endif
| 
| #undef strnicmp
| 
| /* Override any gcc2 internal prototype to avoid an error.  */
| #ifdef __cplusplus
| extern "C"
| {
| #endif
| /* We use char because int might match the return type of a gcc2
|    builtin and then its argument prototype would still apply.  */
| char strnicmp ();
| /* The GNU C library defines this for functions which it implements
|     to always fail with ENOSYS.  Some functions are actually named
|     something starting with __ and the normal name is an alias.  */
| #if defined (__stub_strnicmp) || defined (__stub___strnicmp)
| choke me
| #else
| char (*f) () = strnicmp;
| #endif
| #ifdef __cplusplus
| }
| #endif
| 
| int
| main ()
| {
| return f != strnicmp;
|   ;
|   return 0;
| }
configure:30141: result: no
configure:30054: checking for strrchr
configure:30111: /opt/lede-toolchain-ramips-mt7621_gcc-5.4.0_musl-1.1.24.Linux-x86_64/toolchain-mipsel_24kc_gcc-5.4.0_musl-1.1.24/bin/mipsel-openwrt-linux-musl-gcc -o conftest -Os -Wall -DLINUX26 -DCONFIG_RALINK -DMUSL_LIBC -DDEBUG_NOISY -DDEBUG_RCTEST -D_GNU_SOURCE -D__UAPI_DEF_ETHHDR -DRALINK_DBDC_MODE -pipe -funit-at-a-time -Wno-pointer-sign -mtune=mips32 -mips32 -DLINUX_KERNEL_VERSION=263366 --sysroot=/opt/lede-toolchain-ramips-mt7621_gcc-5.4.0_musl-1.1.24.Linux-x86_64/toolchain-mipsel_24kc_gcc-5.4.0_musl-1.1.24    conftest.c  >&5
conftest.c:145:6: warning: conflicting types for built-in function 'strrchr'
 char strrchr ();
      ^
configure:30117: $? = 0
configure:30120: test -z 			 || test ! -s conftest.err
configure:30123: $? = 0
configure:30126: test -s conftest
configure:30129: $? = 0
configure:30141: result: yes
configure:30054: checking for strstr
configure:30111: /opt/lede-toolchain-ramips-mt7621_gcc-5.4.0_musl-1.1.24.Linux-x86_64/toolchain-mipsel_24kc_gcc-5.4.0_musl-1.1.24/bin/mipsel-openwrt-linux-musl-gcc -o conftest -Os -Wall -DLINUX26 -DCONFIG_RALINK -DMUSL_LIBC -DDEBUG_NOISY -DDEBUG_RCTEST -D_GNU_SOURCE -D__UAPI_DEF_ETHHDR -DRALINK_DBDC_MODE -pipe -funit-at-a-time -Wno-pointer-sign -mtune=mips32 -mips32 -DLINUX_KERNEL_VERSION=263366 --sysroot=/opt/lede-toolchain-ramips-mt7621_gcc-5.4.0_musl-1.1.24.Linux-x86_64/toolchain-mipsel_24kc_gcc-5.4.0_musl-1.1.24    conftest.c  >&5
conftest.c:146:6: warning: conflicting types for built-in function 'strstr'
 char strstr ();
      ^
configure:30117: $? = 0
configure:30120: test -z 			 || test ! -s conftest.err
configure:30123: $? = 0
configure:30126: test -s conftest
configure:30129: $? = 0
configure:30141: result: yes
configure:30054: checking for time
configure:30111: /opt/lede-toolchain-ramips-mt7621_gcc-5.4.0_musl-1.1.24.Linux-x86_64/toolchain-mipsel_24kc_gcc-5.4.0_musl-1.1.24/bin/mipsel-openwrt-linux-musl-gcc -o conftest -Os -Wall -DLINUX26 -DCONFIG_RALINK -DMUSL_LIBC -DDEBUG_NOISY -DDEBUG_RCTEST -D_GNU_SOURCE -D__UAPI_DEF_ETHHDR -DRALINK_DBDC_MODE -pipe -funit-at-a-time -Wno-pointer-sign -mtune=mips32 -mips32 -DLINUX_KERNEL_VERSION=263366 --sysroot=/opt/lede-toolchain-ramips-mt7621_gcc-5.4.0_musl-1.1.24.Linux-x86_64/toolchain-mipsel_24kc_gcc-5.4.0_musl-1.1.24    conftest.c  >&5
configure:30117: $? = 0
configure:30120: test -z 			 || test ! -s conftest.err
configure:30123: $? = 0
configure:30126: test -s conftest
configure:30129: $? = 0
configure:30141: result: yes
configure:30054: checking for umask
configure:30111: /opt/lede-toolchain-ramips-mt7621_gcc-5.4.0_musl-1.1.24.Linux-x86_64/toolchain-mipsel_24kc_gcc-5.4.0_musl-1.1.24/bin/mipsel-openwrt-linux-musl-gcc -o conftest -Os -Wall -DLINUX26 -DCONFIG_RALINK -DMUSL_LIBC -DDEBUG_NOISY -DDEBUG_RCTEST -D_GNU_SOURCE -D__UAPI_DEF_ETHHDR -DRALINK_DBDC_MODE -pipe -funit-at-a-time -Wno-pointer-sign -mtune=mips32 -mips32 -DLINUX_KERNEL_VERSION=263366 --sysroot=/opt/lede-toolchain-ramips-mt7621_gcc-5.4.0_musl-1.1.24.Linux-x86_64/toolchain-mipsel_24kc_gcc-5.4.0_musl-1.1.24    conftest.c  >&5
configure:30117: $? = 0
configure:30120: test -z 			 || test ! -s conftest.err
configure:30123: $? = 0
configure:30126: test -s conftest
configure:30129: $? = 0
configure:30141: result: yes
configure:30054: checking for utime
configure:30111: /opt/lede-toolchain-ramips-mt7621_gcc-5.4.0_musl-1.1.24.Linux-x86_64/toolchain-mipsel_24kc_gcc-5.4.0_musl-1.1.24/bin/mipsel-openwrt-linux-musl-gcc -o conftest -Os -Wall -DLINUX26 -DCONFIG_RALINK -DMUSL_LIBC -DDEBUG_NOISY -DDEBUG_RCTEST -D_GNU_SOURCE -D__UAPI_DEF_ETHHDR -DRALINK_DBDC_MODE -pipe -funit-at-a-time -Wno-pointer-sign -mtune=mips32 -mips32 -DLINUX_KERNEL_VERSION=263366 --sysroot=/opt/lede-toolchain-ramips-mt7621_gcc-5.4.0_musl-1.1.24.Linux-x86_64/toolchain-mipsel_24kc_gcc-5.4.0_musl-1.1.24    conftest.c  >&5
configure:30117: $? = 0
configure:30120: test -z 			 || test ! -s conftest.err
configure:30123: $? = 0
configure:30126: test -s conftest
configure:30129: $? = 0
configure:30141: result: yes
configure:30054: checking for vsnprintf
configure:30111: /opt/lede-toolchain-ramips-mt7621_gcc-5.4.0_musl-1.1.24.Linux-x86_64/toolchain-mipsel_24kc_gcc-5.4.0_musl-1.1.24/bin/mipsel-openwrt-linux-musl-gcc -o conftest -Os -Wall -DLINUX26 -DCONFIG_RALINK -DMUSL_LIBC -DDEBUG_NOISY -DDEBUG_RCTEST -D_GNU_SOURCE -D__UAPI_DEF_ETHHDR -DRALINK_DBDC_MODE -pipe -funit-at-a-time -Wno-pointer-sign -mtune=mips32 -mips32 -DLINUX_KERNEL_VERSION=263366 --sysroot=/opt/lede-toolchain-ramips-mt7621_gcc-5.4.0_musl-1.1.24.Linux-x86_64/toolchain-mipsel_24kc_gcc-5.4.0_musl-1.1.24    conftest.c  >&5
conftest.c:150:6: warning: conflicting types for built-in function 'vsnprintf'
 char vsnprintf ();
      ^
configure:30117: $? = 0
configure:30120: test -z 			 || test ! -s conftest.err
configure:30123: $? = 0
configure:30126: test -s conftest
configure:30129: $? = 0
configure:30141: result: yes
configure:30174: checking whether your compiler passes the ACC conformance test
configure:30224: /opt/lede-toolchain-ramips-mt7621_gcc-5.4.0_musl-1.1.24.Linux-x86_64/toolchain-mipsel_24kc_gcc-5.4.0_musl-1.1.24/bin/mipsel-openwrt-linux-musl-gcc -c -Os -Wall -DLINUX26 -DCONFIG_RALINK -DMUSL_LIBC -DDEBUG_NOISY -DDEBUG_RCTEST -D_GNU_SOURCE -D__UAPI_DEF_ETHHDR -DRALINK_DBDC_MODE -pipe -funit-at-a-time -Wno-pointer-sign -mtune=mips32 -mips32 -DLINUX_KERNEL_VERSION=263366 --sysroot=/opt/lede-toolchain-ramips-mt7621_gcc-5.4.0_musl-1.1.24.Linux-x86_64/toolchain-mipsel_24kc_gcc-5.4.0_musl-1.1.24  -I.  conftest.c >&5
In file included from conftest.c:129:0:
conftest.c: In function 'test_acc_compile_time_assert':
src/miniacc.h:1679:54: warning: typedef '__acc_cta_t' locally defined but not used [-Wunused-local-typedefs]
 #    define ACC_COMPILE_TIME_ASSERT(e)  {typedef int __acc_cta_t[1-2*!(e)];}
                                                      ^
conftest.c:138:33: note: in expansion of macro 'ACC_COMPILE_TIME_ASSERT'
 #define ACCCHK_ASSERT(expr)     ACC_COMPILE_TIME_ASSERT(expr)
                                 ^
src/miniacc.h:4269:5: note: in expansion of macro 'ACCCHK_ASSERT'
     ACCCHK_ASSERT(1 == 1)
     ^
src/miniacc.h:1679:54: warning: typedef '__acc_cta_t' locally defined but not used [-Wunused-local-typedefs]
 #    define ACC_COMPILE_TIME_ASSERT(e)  {typedef int __acc_cta_t[1-2*!(e)];}
                                                      ^
conftest.c:138:33: note: in expansion of macro 'ACC_COMPILE_TIME_ASSERT'
 #define ACCCHK_ASSERT(expr)     ACC_COMPILE_TIME_ASSERT(expr)
                                 ^
src/miniacc.h:4270:5: note: in expansion of macro 'ACCCHK_ASSERT'
     ACCCHK_ASSERT(__ACC_MASK_GEN(1u,2) == 3)
     ^
src/miniacc.h:1679:54: warning: typedef '__acc_cta_t' locally defined but not used [-Wunused-local-typedefs]
 #    define ACC_COMPILE_TIME_ASSERT(e)  {typedef int __acc_cta_t[1-2*!(e)];}
                                                      ^
conftest.c:138:33: note: in expansion of macro 'ACC_COMPILE_TIME_ASSERT'
 #define ACCCHK_ASSERT(expr)     ACC_COMPILE_TIME_ASSERT(expr)
                                 ^
src/miniacc.h:4271:5: note: in expansion of macro 'ACCCHK_ASSERT'
     ACCCHK_ASSERT(__ACC_MASK_GEN(1u,8) == 255)
     ^
src/miniacc.h:1679:54: warning: typedef '__acc_cta_t' locally defined but not used [-Wunused-local-typedefs]
 #    define ACC_COMPILE_TIME_ASSERT(e)  {typedef int __acc_cta_t[1-2*!(e)];}
                                                      ^
conftest.c:138:33: note: in expansion of macro 'ACC_COMPILE_TIME_ASSERT'
 #define ACCCHK_ASSERT(expr)     ACC_COMPILE_TIME_ASSERT(expr)
                                 ^
src/miniacc.h:4273:5: note: in expansion of macro 'ACCCHK_ASSERT'
     ACCCHK_ASSERT(__ACC_MASK_GEN(1,15) == 32767)
     ^
src/miniacc.h:1679:54: warning: typedef '__acc_cta_t' locally defined but not used [-Wunused-local-typedefs]
 #    define ACC_COMPILE_TIME_ASSERT(e)  {typedef int __acc_cta_t[1-2*!(e)];}
                                                      ^
conftest.c:138:33: note: in expansion of macro 'ACC_COMPILE_TIME_ASSERT'
 #define ACCCHK_ASSERT(expr)     ACC_COMPILE_TIME_ASSERT(expr)
                                 ^
src/miniacc.h:4274:5: note: in expansion of macro 'ACCCHK_ASSERT'
     ACCCHK_ASSERT(__ACC_MASK_GEN(1u,16) == 0xffffU)
     ^
src/miniacc.h:1679:54: warning: typedef '__acc_cta_t' locally defined but not used [-Wunused-local-typedefs]
 #    define ACC_COMPILE_TIME_ASSERT(e)  {typedef int __acc_cta_t[1-2*!(e)];}
                                                      ^
conftest.c:138:33: note: in expansion of macro 'ACC_COMPILE_TIME_ASSERT'
 #define ACCCHK_ASSERT(expr)     ACC_COMPILE_TIME_ASSERT(expr)
                                 ^
src/miniacc.h:4279:5: note: in expansion of macro 'ACCCHK_ASSERT'
     ACCCHK_ASSERT(__ACC_MASK_GEN(1,31) == 2147483647)
     ^
src/miniacc.h:1679:54: warning: typedef '__acc_cta_t' locally defined but not used [-Wunused-local-typedefs]
 #    define ACC_COMPILE_TIME_ASSERT(e)  {typedef int __acc_cta_t[1-2*!(e)];}
                                                      ^
conftest.c:138:33: note: in expansion of macro 'ACC_COMPILE_TIME_ASSERT'
 #define ACCCHK_ASSERT(expr)     ACC_COMPILE_TIME_ASSERT(expr)
                                 ^
src/miniacc.h:4280:5: note: in expansion of macro 'ACCCHK_ASSERT'
     ACCCHK_ASSERT(__ACC_MASK_GEN(1u,32) == 0xffffffffU)
     ^
src/miniacc.h:1679:54: warning: typedef '__acc_cta_t' locally defined but not used [-Wunused-local-typedefs]
 #    define ACC_COMPILE_TIME_ASSERT(e)  {typedef int __acc_cta_t[1-2*!(e)];}
                                                      ^
conftest.c:138:33: note: in expansion of macro 'ACC_COMPILE_TIME_ASSERT'
 #define ACCCHK_ASSERT(expr)     ACC_COMPILE_TIME_ASSERT(expr)
                                 ^
src/miniacc.h:4283:5: note: in expansion of macro 'ACCCHK_ASSERT'
     ACCCHK_ASSERT(__ACC_MASK_GEN(1ul,32) == 0xffffffffUL)
     ^
src/miniacc.h:1679:54: warning: typedef '__acc_cta_t' locally defined but not used [-Wunused-local-typedefs]
 #    define ACC_COMPILE_TIME_ASSERT(e)  {typedef int __acc_cta_t[1-2*!(e)];}
                                                      ^
conftest.c:138:33: note: in expansion of macro 'ACC_COMPILE_TIME_ASSERT'
 #define ACCCHK_ASSERT(expr)     ACC_COMPILE_TIME_ASSERT(expr)
                                 ^
src/miniacc.h:4289:5: note: in expansion of macro 'ACCCHK_ASSERT'
     ACCCHK_ASSERT(__ACC_MASK_GEN(1u,SIZEOF_INT*8) == ~0u)
     ^
src/miniacc.h:1679:54: warning: typedef '__acc_cta_t' locally defined but not used [-Wunused-local-typedefs]
 #    define ACC_COMPILE_TIME_ASSERT(e)  {typedef int __acc_cta_t[1-2*!(e)];}
                                                      ^
conftest.c:138:33: note: in expansion of macro 'ACC_COMPILE_TIME_ASSERT'
 #define ACCCHK_ASSERT(expr)     ACC_COMPILE_TIME_ASSERT(expr)
                                 ^
src/miniacc.h:4290:5: note: in expansion of macro 'ACCCHK_ASSERT'
     ACCCHK_ASSERT(__ACC_MASK_GEN(1ul,SIZEOF_LONG*8) == ~0ul)
     ^
src/miniacc.h:1679:54: warning: typedef '__acc_cta_t' locally defined but not used [-Wunused-local-typedefs]
 #    define ACC_COMPILE_TIME_ASSERT(e)  {typedef int __acc_cta_t[1-2*!(e)];}
                                                      ^
conftest.c:138:33: note: in expansion of macro 'ACC_COMPILE_TIME_ASSERT'
 #define ACCCHK_ASSERT(expr)     ACC_COMPILE_TIME_ASSERT(expr)
                                 ^
src/miniacc.h:4293:5: note: in expansion of macro 'ACCCHK_ASSERT'
     ACCCHK_ASSERT(((-1) >> 7) == -1)
     ^
src/miniacc.h:1679:54: warning: typedef '__acc_cta_t' locally defined but not used [-Wunused-local-typedefs]
 #    define ACC_COMPILE_TIME_ASSERT(e)  {typedef int __acc_cta_t[1-2*!(e)];}
                                                      ^
conftest.c:138:33: note: in expansion of macro 'ACC_COMPILE_TIME_ASSERT'
 #define ACCCHK_ASSERT(expr)     ACC_COMPILE_TIME_ASSERT(expr)
                                 ^
src/miniacc.h:4295:5: note: in expansion of macro 'ACCCHK_ASSERT'
     ACCCHK_ASSERT(((1)  >> 7) == 0)
     ^
src/miniacc.h:1679:54: warning: typedef '__acc_cta_t' locally defined but not used [-Wunused-local-typedefs]
 #    define ACC_COMPILE_TIME_ASSERT(e)  {typedef int __acc_cta_t[1-2*!(e)];}
                                                      ^
conftest.c:138:33: note: in expansion of macro 'ACC_COMPILE_TIME_ASSERT'
 #define ACCCHK_ASSERT(expr)     ACC_COMPILE_TIME_ASSERT(expr)
                                 ^
src/miniacc.h:4296:5: note: in expansion of macro 'ACCCHK_ASSERT'
     ACCCHK_ASSERT((~0l  & ~0)  == ~0l)
     ^
src/miniacc.h:1679:54: warning: typedef '__acc_cta_t' locally defined but not used [-Wunused-local-typedefs]
 #    define ACC_COMPILE_TIME_ASSERT(e)  {typedef int __acc_cta_t[1-2*!(e)];}
                                                      ^
conftest.c:138:33: note: in expansion of macro 'ACC_COMPILE_TIME_ASSERT'
 #define ACCCHK_ASSERT(expr)     ACC_COMPILE_TIME_ASSERT(expr)
                                 ^
src/miniacc.h:4297:5: note: in expansion of macro 'ACCCHK_ASSERT'
     ACCCHK_ASSERT((~0l  & ~0u) == ~0u)
     ^
src/miniacc.h:1679:54: warning: typedef '__acc_cta_t' locally defined but not used [-Wunused-local-typedefs]
 #    define ACC_COMPILE_TIME_ASSERT(e)  {typedef int __acc_cta_t[1-2*!(e)];}
                                                      ^
conftest.c:138:33: note: in expansion of macro 'ACC_COMPILE_TIME_ASSERT'
 #define ACCCHK_ASSERT(expr)     ACC_COMPILE_TIME_ASSERT(expr)
                                 ^
src/miniacc.h:4298:5: note: in expansion of macro 'ACCCHK_ASSERT'
     ACCCHK_ASSERT((~0ul & ~0)  == ~0ul)
     ^
src/miniacc.h:1679:54: warning: typedef '__acc_cta_t' locally defined but not used [-Wunused-local-typedefs]
 #    define ACC_COMPILE_TIME_ASSERT(e)  {typedef int __acc_cta_t[1-2*!(e)];}
                                                      ^
conftest.c:138:33: note: in expansion of macro 'ACC_COMPILE_TIME_ASSERT'
 #define ACCCHK_ASSERT(expr)     ACC_COMPILE_TIME_ASSERT(expr)
                                 ^
src/miniacc.h:4299:5: note: in expansion of macro 'ACCCHK_ASSERT'
     ACCCHK_ASSERT((~0ul & ~0u) == ~0u)
     ^
src/miniacc.h:1679:54: warning: typedef '__acc_cta_t' locally defined but not used [-Wunused-local-typedefs]
 #    define ACC_COMPILE_TIME_ASSERT(e)  {typedef int __acc_cta_t[1-2*!(e)];}
                                                      ^
conftest.c:138:33: note: in expansion of macro 'ACC_COMPILE_TIME_ASSERT'
 #define ACCCHK_ASSERT(expr)     ACC_COMPILE_TIME_ASSERT(expr)
                                 ^
src/miniacc.h:4305:5: note: in expansion of macro 'ACCCHK_ASSERT'
     ACCCHK_ASSERT((~0l  & ~0u) == 0xffffffffU)
     ^
src/miniacc.h:1679:54: warning: typedef '__acc_cta_t' locally defined but not used [-Wunused-local-typedefs]
 #    define ACC_COMPILE_TIME_ASSERT(e)  {typedef int __acc_cta_t[1-2*!(e)];}
                                                      ^
conftest.c:138:33: note: in expansion of macro 'ACC_COMPILE_TIME_ASSERT'
 #define ACCCHK_ASSERT(expr)     ACC_COMPILE_TIME_ASSERT(expr)
                                 ^
src/miniacc.h:4306:5: note: in expansion of macro 'ACCCHK_ASSERT'
     ACCCHK_ASSERT((~0ul & ~0u) == 0xffffffffU)
     ^
src/miniacc.h:1679:54: warning: typedef '__acc_cta_t' locally defined but not used [-Wunused-local-typedefs]
 #    define ACC_COMPILE_TIME_ASSERT(e)  {typedef int __acc_cta_t[1-2*!(e)];}
                                                      ^
conftest.c:138:33: note: in expansion of macro 'ACC_COMPILE_TIME_ASSERT'
 #define ACCCHK_ASSERT(expr)     ACC_COMPILE_TIME_ASSERT(expr)
                                 ^
src/miniacc.h:4212:9: note: in expansion of macro 'ACCCHK_ASSERT'
         ACCCHK_ASSERT( (type) (-1)       relop  (type) 0 ) \
         ^
src/miniacc.h:4217:49: note: in expansion of macro 'ACCCHK_ASSERT_SIGN_T'
 #  define ACCCHK_ASSERT_IS_SIGNED_T(type)       ACCCHK_ASSERT_SIGN_T(type,<)
                                                 ^
src/miniacc.h:4308:5: note: in expansion of macro 'ACCCHK_ASSERT_IS_SIGNED_T'
     ACCCHK_ASSERT_IS_SIGNED_T(signed char)
     ^
src/miniacc.h:1679:54: warning: typedef '__acc_cta_t' locally defined but not used [-Wunused-local-typedefs]
 #    define ACC_COMPILE_TIME_ASSERT(e)  {typedef int __acc_cta_t[1-2*!(e)];}
                                                      ^
conftest.c:138:33: note: in expansion of macro 'ACC_COMPILE_TIME_ASSERT'
 #define ACCCHK_ASSERT(expr)     ACC_COMPILE_TIME_ASSERT(expr)
                                 ^
src/miniacc.h:4213:9: note: in expansion of macro 'ACCCHK_ASSERT'
         ACCCHK_ASSERT( (type) (~(type)0) relop  (type) 0 ) \
         ^
src/miniacc.h:4217:49: note: in expansion of macro 'ACCCHK_ASSERT_SIGN_T'
 #  define ACCCHK_ASSERT_IS_SIGNED_T(type)       ACCCHK_ASSERT_SIGN_T(type,<)
                                                 ^
src/miniacc.h:4308:5: note: in expansion of macro 'ACCCHK_ASSERT_IS_SIGNED_T'
     ACCCHK_ASSERT_IS_SIGNED_T(signed char)
     ^
src/miniacc.h:1679:54: warning: typedef '__acc_cta_t' locally defined but not used [-Wunused-local-typedefs]
 #    define ACC_COMPILE_TIME_ASSERT(e)  {typedef int __acc_cta_t[1-2*!(e)];}
                                                      ^
conftest.c:138:33: note: in expansion of macro 'ACC_COMPILE_TIME_ASSERT'
 #define ACCCHK_ASSERT(expr)     ACC_COMPILE_TIME_ASSERT(expr)
                                 ^
src/miniacc.h:4214:9: note: in expansion of macro 'ACCCHK_ASSERT'
         ACCCHK_ASSERT( (type) (~(type)0) ==     (type) (-1) )
         ^
src/miniacc.h:4217:49: note: in expansion of macro 'ACCCHK_ASSERT_SIGN_T'
 #  define ACCCHK_ASSERT_IS_SIGNED_T(type)       ACCCHK_ASSERT_SIGN_T(type,<)
                                                 ^
src/miniacc.h:4308:5: note: in expansion of macro 'ACCCHK_ASSERT_IS_SIGNED_T'
     ACCCHK_ASSERT_IS_SIGNED_T(signed char)
     ^
src/miniacc.h:1679:54: warning: typedef '__acc_cta_t' locally defined but not used [-Wunused-local-typedefs]
 #    define ACC_COMPILE_TIME_ASSERT(e)  {typedef int __acc_cta_t[1-2*!(e)];}
                                                      ^
conftest.c:138:33: note: in expansion of macro 'ACC_COMPILE_TIME_ASSERT'
 #define ACCCHK_ASSERT(expr)     ACC_COMPILE_TIME_ASSERT(expr)
                                 ^
src/miniacc.h:4212:9: note: in expansion of macro 'ACCCHK_ASSERT'
         ACCCHK_ASSERT( (type) (-1)       relop  (type) 0 ) \
         ^
src/miniacc.h:4224:49: note: in expansion of macro 'ACCCHK_ASSERT_SIGN_T'
 #    define ACCCHK_ASSERT_IS_UNSIGNED_T(type)   ACCCHK_ASSERT_SIGN_T(type,>)
                                                 ^
src/miniacc.h:4309:5: note: in expansion of macro 'ACCCHK_ASSERT_IS_UNSIGNED_T'
     ACCCHK_ASSERT_IS_UNSIGNED_T(unsigned char)
     ^
src/miniacc.h:1679:54: warning: typedef '__acc_cta_t' locally defined but not used [-Wunused-local-typedefs]
 #    define ACC_COMPILE_TIME_ASSERT(e)  {typedef int __acc_cta_t[1-2*!(e)];}
                                                      ^
conftest.c:138:33: note: in expansion of macro 'ACC_COMPILE_TIME_ASSERT'
 #define ACCCHK_ASSERT(expr)     ACC_COMPILE_TIME_ASSERT(expr)
                                 ^
src/miniacc.h:4213:9: note: in expansion of macro 'ACCCHK_ASSERT'
         ACCCHK_ASSERT( (type) (~(type)0) relop  (type) 0 ) \
         ^
src/miniacc.h:4224:49: note: in expansion of macro 'ACCCHK_ASSERT_SIGN_T'
 #    define ACCCHK_ASSERT_IS_UNSIGNED_T(type)   ACCCHK_ASSERT_SIGN_T(type,>)
                                                 ^
src/miniacc.h:4309:5: note: in expansion of macro 'ACCCHK_ASSERT_IS_UNSIGNED_T'
     ACCCHK_ASSERT_IS_UNSIGNED_T(unsigned char)
     ^
src/miniacc.h:1679:54: warning: typedef '__acc_cta_t' locally defined but not used [-Wunused-local-typedefs]
 #    define ACC_COMPILE_TIME_ASSERT(e)  {typedef int __acc_cta_t[1-2*!(e)];}
                                                      ^
conftest.c:138:33: note: in expansion of macro 'ACC_COMPILE_TIME_ASSERT'
 #define ACCCHK_ASSERT(expr)     ACC_COMPILE_TIME_ASSERT(expr)
                                 ^
src/miniacc.h:4214:9: note: in expansion of macro 'ACCCHK_ASSERT'
         ACCCHK_ASSERT( (type) (~(type)0) ==     (type) (-1) )
         ^
src/miniacc.h:4224:49: note: in expansion of macro 'ACCCHK_ASSERT_SIGN_T'
 #    define ACCCHK_ASSERT_IS_UNSIGNED_T(type)   ACCCHK_ASSERT_SIGN_T(type,>)
                                                 ^
src/miniacc.h:4309:5: note: in expansion of macro 'ACCCHK_ASSERT_IS_UNSIGNED_T'
     ACCCHK_ASSERT_IS_UNSIGNED_T(unsigned char)
     ^
src/miniacc.h:1679:54: warning: typedef '__acc_cta_t' locally defined but not used [-Wunused-local-typedefs]
 #    define ACC_COMPILE_TIME_ASSERT(e)  {typedef int __acc_cta_t[1-2*!(e)];}
                                                      ^
conftest.c:138:33: note: in expansion of macro 'ACC_COMPILE_TIME_ASSERT'
 #define ACCCHK_ASSERT(expr)     ACC_COMPILE_TIME_ASSERT(expr)
                                 ^
src/miniacc.h:4310:5: note: in expansion of macro 'ACCCHK_ASSERT'
     ACCCHK_ASSERT(sizeof(signed char) == sizeof(char))
     ^
src/miniacc.h:1679:54: warning: typedef '__acc_cta_t' locally defined but not used [-Wunused-local-typedefs]
 #    define ACC_COMPILE_TIME_ASSERT(e)  {typedef int __acc_cta_t[1-2*!(e)];}
                                                      ^
conftest.c:138:33: note: in expansion of macro 'ACC_COMPILE_TIME_ASSERT'
 #define ACCCHK_ASSERT(expr)     ACC_COMPILE_TIME_ASSERT(expr)
                                 ^
src/miniacc.h:4311:5: note: in expansion of macro 'ACCCHK_ASSERT'
     ACCCHK_ASSERT(sizeof(unsigned char) == sizeof(char))
     ^
src/miniacc.h:1679:54: warning: typedef '__acc_cta_t' locally defined but not used [-Wunused-local-typedefs]
 #    define ACC_COMPILE_TIME_ASSERT(e)  {typedef int __acc_cta_t[1-2*!(e)];}
                                                      ^
conftest.c:138:33: note: in expansion of macro 'ACC_COMPILE_TIME_ASSERT'
 #define ACCCHK_ASSERT(expr)     ACC_COMPILE_TIME_ASSERT(expr)
                                 ^
src/miniacc.h:4312:5: note: in expansion of macro 'ACCCHK_ASSERT'
     ACCCHK_ASSERT(sizeof(char) == 1)
     ^
src/miniacc.h:1679:54: warning: typedef '__acc_cta_t' locally defined but not used [-Wunused-local-typedefs]
 #    define ACC_COMPILE_TIME_ASSERT(e)  {typedef int __acc_cta_t[1-2*!(e)];}
                                                      ^
conftest.c:138:33: note: in expansion of macro 'ACC_COMPILE_TIME_ASSERT'
 #define ACCCHK_ASSERT(expr)     ACC_COMPILE_TIME_ASSERT(expr)
                                 ^
src/miniacc.h:4315:5: note: in expansion of macro 'ACCCHK_ASSERT'
     ACCCHK_ASSERT(sizeof(char) == sizeof((char)0))
     ^
src/miniacc.h:1679:54: warning: typedef '__acc_cta_t' locally defined but not used [-Wunused-local-typedefs]
 #    define ACC_COMPILE_TIME_ASSERT(e)  {typedef int __acc_cta_t[1-2*!(e)];}
                                                      ^
conftest.c:138:33: note: in expansion of macro 'ACC_COMPILE_TIME_ASSERT'
 #define ACCCHK_ASSERT(expr)     ACC_COMPILE_TIME_ASSERT(expr)
                                 ^
src/miniacc.h:4322:5: note: in expansion of macro 'ACCCHK_ASSERT'
     ACCCHK_ASSERT(sizeof('\0') == sizeof(int))
     ^
src/miniacc.h:1679:54: warning: typedef '__acc_cta_t' locally defined but not used [-Wunused-local-typedefs]
 #    define ACC_COMPILE_TIME_ASSERT(e)  {typedef int __acc_cta_t[1-2*!(e)];}
                                                      ^
conftest.c:138:33: note: in expansion of macro 'ACC_COMPILE_TIME_ASSERT'
 #define ACCCHK_ASSERT(expr)     ACC_COMPILE_TIME_ASSERT(expr)
                                 ^
src/miniacc.h:4326:5: note: in expansion of macro 'ACCCHK_ASSERT'
     ACCCHK_ASSERT(__acc_alignof(char) == 1)
     ^
src/miniacc.h:1679:54: warning: typedef '__acc_cta_t' locally defined but not used [-Wunused-local-typedefs]
 #    define ACC_COMPILE_TIME_ASSERT(e)  {typedef int __acc_cta_t[1-2*!(e)];}
                                                      ^
conftest.c:138:33: note: in expansion of macro 'ACC_COMPILE_TIME_ASSERT'
 #define ACCCHK_ASSERT(expr)     ACC_COMPILE_TIME_ASSERT(expr)
                                 ^
src/miniacc.h:4327:5: note: in expansion of macro 'ACCCHK_ASSERT'
     ACCCHK_ASSERT(__acc_alignof(signed char) == 1)
     ^
src/miniacc.h:1679:54: warning: typedef '__acc_cta_t' locally defined but not used [-Wunused-local-typedefs]
 #    define ACC_COMPILE_TIME_ASSERT(e)  {typedef int __acc_cta_t[1-2*!(e)];}
                                                      ^
conftest.c:138:33: note: in expansion of macro 'ACC_COMPILE_TIME_ASSERT'
 #define ACCCHK_ASSERT(expr)     ACC_COMPILE_TIME_ASSERT(expr)
                                 ^
src/miniacc.h:4328:5: note: in expansion of macro 'ACCCHK_ASSERT'
     ACCCHK_ASSERT(__acc_alignof(unsigned char) == 1)
     ^
src/miniacc.h:1679:54: warning: typedef '__acc_cta_t' locally defined but not used [-Wunused-local-typedefs]
 #    define ACC_COMPILE_TIME_ASSERT(e)  {typedef int __acc_cta_t[1-2*!(e)];}
                                                      ^
conftest.c:138:33: note: in expansion of macro 'ACC_COMPILE_TIME_ASSERT'
 #define ACCCHK_ASSERT(expr)     ACC_COMPILE_TIME_ASSERT(expr)
                                 ^
src/miniacc.h:4330:5: note: in expansion of macro 'ACCCHK_ASSERT'
     ACCCHK_ASSERT(__acc_alignof(acc_int16e_t) >= 1)
     ^
src/miniacc.h:1679:54: warning: typedef '__acc_cta_t' locally defined but not used [-Wunused-local-typedefs]
 #    define ACC_COMPILE_TIME_ASSERT(e)  {typedef int __acc_cta_t[1-2*!(e)];}
                                                      ^
conftest.c:138:33: note: in expansion of macro 'ACC_COMPILE_TIME_ASSERT'
 #define ACCCHK_ASSERT(expr)     ACC_COMPILE_TIME_ASSERT(expr)
                                 ^
src/miniacc.h:4331:5: note: in expansion of macro 'ACCCHK_ASSERT'
     ACCCHK_ASSERT(__acc_alignof(acc_int16e_t) <= 2)
     ^
src/miniacc.h:1679:54: warning: typedef '__acc_cta_t' locally defined but not used [-Wunused-local-typedefs]
 #    define ACC_COMPILE_TIME_ASSERT(e)  {typedef int __acc_cta_t[1-2*!(e)];}
                                                      ^
conftest.c:138:33: note: in expansion of macro 'ACC_COMPILE_TIME_ASSERT'
 #define ACCCHK_ASSERT(expr)     ACC_COMPILE_TIME_ASSERT(expr)
                                 ^
src/miniacc.h:4334:5: note: in expansion of macro 'ACCCHK_ASSERT'
     ACCCHK_ASSERT(__acc_alignof(acc_int32e_t) >= 1)
     ^
src/miniacc.h:1679:54: warning: typedef '__acc_cta_t' locally defined but not used [-Wunused-local-typedefs]
 #    define ACC_COMPILE_TIME_ASSERT(e)  {typedef int __acc_cta_t[1-2*!(e)];}
                                                      ^
conftest.c:138:33: note: in expansion of macro 'ACC_COMPILE_TIME_ASSERT'
 #define ACCCHK_ASSERT(expr)     ACC_COMPILE_TIME_ASSERT(expr)
                                 ^
src/miniacc.h:4335:5: note: in expansion of macro 'ACCCHK_ASSERT'
     ACCCHK_ASSERT(__acc_alignof(acc_int32e_t) <= 4)
     ^
src/miniacc.h:1679:54: warning: typedef '__acc_cta_t' locally defined but not used [-Wunused-local-typedefs]
 #    define ACC_COMPILE_TIME_ASSERT(e)  {typedef int __acc_cta_t[1-2*!(e)];}
                                                      ^
conftest.c:138:33: note: in expansion of macro 'ACC_COMPILE_TIME_ASSERT'
 #define ACCCHK_ASSERT(expr)     ACC_COMPILE_TIME_ASSERT(expr)
                                 ^
src/miniacc.h:4212:9: note: in expansion of macro 'ACCCHK_ASSERT'
         ACCCHK_ASSERT( (type) (-1)       relop  (type) 0 ) \
         ^
src/miniacc.h:4217:49: note: in expansion of macro 'ACCCHK_ASSERT_SIGN_T'
 #  define ACCCHK_ASSERT_IS_SIGNED_T(type)       ACCCHK_ASSERT_SIGN_T(type,<)
                                                 ^
src/miniacc.h:4338:5: note: in expansion of macro 'ACCCHK_ASSERT_IS_SIGNED_T'
     ACCCHK_ASSERT_IS_SIGNED_T(short)
     ^
src/miniacc.h:1679:54: warning: typedef '__acc_cta_t' locally defined but not used [-Wunused-local-typedefs]
 #    define ACC_COMPILE_TIME_ASSERT(e)  {typedef int __acc_cta_t[1-2*!(e)];}
                                                      ^
conftest.c:138:33: note: in expansion of macro 'ACC_COMPILE_TIME_ASSERT'
 #define ACCCHK_ASSERT(expr)     ACC_COMPILE_TIME_ASSERT(expr)
                                 ^
src/miniacc.h:4213:9: note: in expansion of macro 'ACCCHK_ASSERT'
         ACCCHK_ASSERT( (type) (~(type)0) relop  (type) 0 ) \
         ^
src/miniacc.h:4217:49: note: in expansion of macro 'ACCCHK_ASSERT_SIGN_T'
 #  define ACCCHK_ASSERT_IS_SIGNED_T(type)       ACCCHK_ASSERT_SIGN_T(type,<)
                                                 ^
src/miniacc.h:4338:5: note: in expansion of macro 'ACCCHK_ASSERT_IS_SIGNED_T'
     ACCCHK_ASSERT_IS_SIGNED_T(short)
     ^
src/miniacc.h:1679:54: warning: typedef '__acc_cta_t' locally defined but not used [-Wunused-local-typedefs]
 #    define ACC_COMPILE_TIME_ASSERT(e)  {typedef int __acc_cta_t[1-2*!(e)];}
                                                      ^
conftest.c:138:33: note: in expansion of macro 'ACC_COMPILE_TIME_ASSERT'
 #define ACCCHK_ASSERT(expr)     ACC_COMPILE_TIME_ASSERT(expr)
                                 ^
src/miniacc.h:4214:9: note: in expansion of macro 'ACCCHK_ASSERT'
         ACCCHK_ASSERT( (type) (~(type)0) ==     (type) (-1) )
         ^
src/miniacc.h:4217:49: note: in expansion of macro 'ACCCHK_ASSERT_SIGN_T'
 #  define ACCCHK_ASSERT_IS_SIGNED_T(type)       ACCCHK_ASSERT_SIGN_T(type,<)
                                                 ^
src/miniacc.h:4338:5: note: in expansion of macro 'ACCCHK_ASSERT_IS_SIGNED_T'
     ACCCHK_ASSERT_IS_SIGNED_T(short)
     ^
src/miniacc.h:1679:54: warning: typedef '__acc_cta_t' locally defined but not used [-Wunused-local-typedefs]
 #    define ACC_COMPILE_TIME_ASSERT(e)  {typedef int __acc_cta_t[1-2*!(e)];}
                                                      ^
conftest.c:138:33: note: in expansion of macro 'ACC_COMPILE_TIME_ASSERT'
 #define ACCCHK_ASSERT(expr)     ACC_COMPILE_TIME_ASSERT(expr)
                                 ^
src/miniacc.h:4212:9: note: in expansion of macro 'ACCCHK_ASSERT'
         ACCCHK_ASSERT( (type) (-1)       relop  (type) 0 ) \
         ^
src/miniacc.h:4224:49: note: in expansion of macro 'ACCCHK_ASSERT_SIGN_T'
 #    define ACCCHK_ASSERT_IS_UNSIGNED_T(type)   ACCCHK_ASSERT_SIGN_T(type,>)
                                                 ^
src/miniacc.h:4339:5: note: in expansion of macro 'ACCCHK_ASSERT_IS_UNSIGNED_T'
     ACCCHK_ASSERT_IS_UNSIGNED_T(unsigned short)
     ^
src/miniacc.h:1679:54: warning: typedef '__acc_cta_t' locally defined but not used [-Wunused-local-typedefs]
 #    define ACC_COMPILE_TIME_ASSERT(e)  {typedef int __acc_cta_t[1-2*!(e)];}
                                                      ^
conftest.c:138:33: note: in expansion of macro 'ACC_COMPILE_TIME_ASSERT'
 #define ACCCHK_ASSERT(expr)     ACC_COMPILE_TIME_ASSERT(expr)
                                 ^
src/miniacc.h:4213:9: note: in expansion of macro 'ACCCHK_ASSERT'
         ACCCHK_ASSERT( (type) (~(type)0) relop  (type) 0 ) \
         ^
src/miniacc.h:4224:49: note: in expansion of macro 'ACCCHK_ASSERT_SIGN_T'
 #    define ACCCHK_ASSERT_IS_UNSIGNED_T(type)   ACCCHK_ASSERT_SIGN_T(type,>)
                                                 ^
src/miniacc.h:4339:5: note: in expansion of macro 'ACCCHK_ASSERT_IS_UNSIGNED_T'
     ACCCHK_ASSERT_IS_UNSIGNED_T(unsigned short)
     ^
src/miniacc.h:1679:54: warning: typedef '__acc_cta_t' locally defined but not used [-Wunused-local-typedefs]
 #    define ACC_COMPILE_TIME_ASSERT(e)  {typedef int __acc_cta_t[1-2*!(e)];}
                                                      ^
conftest.c:138:33: note: in expansion of macro 'ACC_COMPILE_TIME_ASSERT'
 #define ACCCHK_ASSERT(expr)     ACC_COMPILE_TIME_ASSERT(expr)
                                 ^
src/miniacc.h:4214:9: note: in expansion of macro 'ACCCHK_ASSERT'
         ACCCHK_ASSERT( (type) (~(type)0) ==     (type) (-1) )
         ^
src/miniacc.h:4224:49: note: in expansion of macro 'ACCCHK_ASSERT_SIGN_T'
 #    define ACCCHK_ASSERT_IS_UNSIGNED_T(type)   ACCCHK_ASSERT_SIGN_T(type,>)
                                                 ^
src/miniacc.h:4339:5: note: in expansion of macro 'ACCCHK_ASSERT_IS_UNSIGNED_T'
     ACCCHK_ASSERT_IS_UNSIGNED_T(unsigned short)
     ^
src/miniacc.h:1679:54: warning: typedef '__acc_cta_t' locally defined but not used [-Wunused-local-typedefs]
 #    define ACC_COMPILE_TIME_ASSERT(e)  {typedef int __acc_cta_t[1-2*!(e)];}
                                                      ^
conftest.c:138:33: note: in expansion of macro 'ACC_COMPILE_TIME_ASSERT'
 #define ACCCHK_ASSERT(expr)     ACC_COMPILE_TIME_ASSERT(expr)
                                 ^
src/miniacc.h:4340:5: note: in expansion of macro 'ACCCHK_ASSERT'
     ACCCHK_ASSERT(sizeof(short) == sizeof(unsigned short))
     ^
src/miniacc.h:1679:54: warning: typedef '__acc_cta_t' locally defined but not used [-Wunused-local-typedefs]
 #    define ACC_COMPILE_TIME_ASSERT(e)  {typedef int __acc_cta_t[1-2*!(e)];}
                                                      ^
conftest.c:138:33: note: in expansion of macro 'ACC_COMPILE_TIME_ASSERT'
 #define ACCCHK_ASSERT(expr)     ACC_COMPILE_TIME_ASSERT(expr)
                                 ^
src/miniacc.h:4342:5: note: in expansion of macro 'ACCCHK_ASSERT'
     ACCCHK_ASSERT(sizeof(short) >= 2)
     ^
src/miniacc.h:1679:54: warning: typedef '__acc_cta_t' locally defined but not used [-Wunused-local-typedefs]
 #    define ACC_COMPILE_TIME_ASSERT(e)  {typedef int __acc_cta_t[1-2*!(e)];}
                                                      ^
conftest.c:138:33: note: in expansion of macro 'ACC_COMPILE_TIME_ASSERT'
 #define ACCCHK_ASSERT(expr)     ACC_COMPILE_TIME_ASSERT(expr)
                                 ^
src/miniacc.h:4344:5: note: in expansion of macro 'ACCCHK_ASSERT'
     ACCCHK_ASSERT(sizeof(short) >= sizeof(char))
     ^
src/miniacc.h:1679:54: warning: typedef '__acc_cta_t' locally defined but not used [-Wunused-local-typedefs]
 #    define ACC_COMPILE_TIME_ASSERT(e)  {typedef int __acc_cta_t[1-2*!(e)];}
                                                      ^
conftest.c:138:33: note: in expansion of macro 'ACC_COMPILE_TIME_ASSERT'
 #define ACCCHK_ASSERT(expr)     ACC_COMPILE_TIME_ASSERT(expr)
                                 ^
src/miniacc.h:4347:5: note: in expansion of macro 'ACCCHK_ASSERT'
     ACCCHK_ASSERT(sizeof(short) == sizeof((short)0))
     ^
src/miniacc.h:1679:54: warning: typedef '__acc_cta_t' locally defined but not used [-Wunused-local-typedefs]
 #    define ACC_COMPILE_TIME_ASSERT(e)  {typedef int __acc_cta_t[1-2*!(e)];}
                                                      ^
conftest.c:138:33: note: in expansion of macro 'ACC_COMPILE_TIME_ASSERT'
 #define ACCCHK_ASSERT(expr)     ACC_COMPILE_TIME_ASSERT(expr)
                                 ^
src/miniacc.h:4350:5: note: in expansion of macro 'ACCCHK_ASSERT'
     ACCCHK_ASSERT(sizeof(short) == SIZEOF_SHORT)
     ^
src/miniacc.h:1679:54: warning: typedef '__acc_cta_t' locally defined but not used [-Wunused-local-typedefs]
 #    define ACC_COMPILE_TIME_ASSERT(e)  {typedef int __acc_cta_t[1-2*!(e)];}
                                                      ^
conftest.c:138:33: note: in expansion of macro 'ACC_COMPILE_TIME_ASSERT'
 #define ACCCHK_ASSERT(expr)     ACC_COMPILE_TIME_ASSERT(expr)
                                 ^
src/miniacc.h:4212:9: note: in expansion of macro 'ACCCHK_ASSERT'
         ACCCHK_ASSERT( (type) (-1)       relop  (type) 0 ) \
         ^
src/miniacc.h:4217:49: note: in expansion of macro 'ACCCHK_ASSERT_SIGN_T'
 #  define ACCCHK_ASSERT_IS_SIGNED_T(type)       ACCCHK_ASSERT_SIGN_T(type,<)
                                                 ^
src/miniacc.h:4352:5: note: in expansion of macro 'ACCCHK_ASSERT_IS_SIGNED_T'
     ACCCHK_ASSERT_IS_SIGNED_T(int)
     ^
src/miniacc.h:1679:54: warning: typedef '__acc_cta_t' locally defined but not used [-Wunused-local-typedefs]
 #    define ACC_COMPILE_TIME_ASSERT(e)  {typedef int __acc_cta_t[1-2*!(e)];}
                                                      ^
conftest.c:138:33: note: in expansion of macro 'ACC_COMPILE_TIME_ASSERT'
 #define ACCCHK_ASSERT(expr)     ACC_COMPILE_TIME_ASSERT(expr)
                                 ^
src/miniacc.h:4213:9: note: in expansion of macro 'ACCCHK_ASSERT'
         ACCCHK_ASSERT( (type) (~(type)0) relop  (type) 0 ) \
         ^
src/miniacc.h:4217:49: note: in expansion of macro 'ACCCHK_ASSERT_SIGN_T'
 #  define ACCCHK_ASSERT_IS_SIGNED_T(type)       ACCCHK_ASSERT_SIGN_T(type,<)
                                                 ^
src/miniacc.h:4352:5: note: in expansion of macro 'ACCCHK_ASSERT_IS_SIGNED_T'
     ACCCHK_ASSERT_IS_SIGNED_T(int)
     ^
src/miniacc.h:1679:54: warning: typedef '__acc_cta_t' locally defined but not used [-Wunused-local-typedefs]
 #    define ACC_COMPILE_TIME_ASSERT(e)  {typedef int __acc_cta_t[1-2*!(e)];}
                                                      ^
conftest.c:138:33: note: in expansion of macro 'ACC_COMPILE_TIME_ASSERT'
 #define ACCCHK_ASSERT(expr)     ACC_COMPILE_TIME_ASSERT(expr)
                                 ^
src/miniacc.h:4214:9: note: in expansion of macro 'ACCCHK_ASSERT'
         ACCCHK_ASSERT( (type) (~(type)0) ==     (type) (-1) )
         ^
src/miniacc.h:4217:49: note: in expansion of macro 'ACCCHK_ASSERT_SIGN_T'
 #  define ACCCHK_ASSERT_IS_SIGNED_T(type)       ACCCHK_ASSERT_SIGN_T(type,<)
                                                 ^
src/miniacc.h:4352:5: note: in expansion of macro 'ACCCHK_ASSERT_IS_SIGNED_T'
     ACCCHK_ASSERT_IS_SIGNED_T(int)
     ^
src/miniacc.h:1679:54: warning: typedef '__acc_cta_t' locally defined but not used [-Wunused-local-typedefs]
 #    define ACC_COMPILE_TIME_ASSERT(e)  {typedef int __acc_cta_t[1-2*!(e)];}
                                                      ^
conftest.c:138:33: note: in expansion of macro 'ACC_COMPILE_TIME_ASSERT'
 #define ACCCHK_ASSERT(expr)     ACC_COMPILE_TIME_ASSERT(expr)
                                 ^
src/miniacc.h:4212:9: note: in expansion of macro 'ACCCHK_ASSERT'
         ACCCHK_ASSERT( (type) (-1)       relop  (type) 0 ) \
         ^
src/miniacc.h:4224:49: note: in expansion of macro 'ACCCHK_ASSERT_SIGN_T'
 #    define ACCCHK_ASSERT_IS_UNSIGNED_T(type)   ACCCHK_ASSERT_SIGN_T(type,>)
                                                 ^
src/miniacc.h:4353:5: note: in expansion of macro 'ACCCHK_ASSERT_IS_UNSIGNED_T'
     ACCCHK_ASSERT_IS_UNSIGNED_T(unsigned int)
     ^
src/miniacc.h:1679:54: warning: typedef '__acc_cta_t' locally defined but not used [-Wunused-local-typedefs]
 #    define ACC_COMPILE_TIME_ASSERT(e)  {typedef int __acc_cta_t[1-2*!(e)];}
                                                      ^
conftest.c:138:33: note: in expansion of macro 'ACC_COMPILE_TIME_ASSERT'
 #define ACCCHK_ASSERT(expr)     ACC_COMPILE_TIME_ASSERT(expr)
                                 ^
src/miniacc.h:4213:9: note: in expansion of macro 'ACCCHK_ASSERT'
         ACCCHK_ASSERT( (type) (~(type)0) relop  (type) 0 ) \
         ^
src/miniacc.h:4224:49: note: in expansion of macro 'ACCCHK_ASSERT_SIGN_T'
 #    define ACCCHK_ASSERT_IS_UNSIGNED_T(type)   ACCCHK_ASSERT_SIGN_T(type,>)
                                                 ^
src/miniacc.h:4353:5: note: in expansion of macro 'ACCCHK_ASSERT_IS_UNSIGNED_T'
     ACCCHK_ASSERT_IS_UNSIGNED_T(unsigned int)
     ^
src/miniacc.h:1679:54: warning: typedef '__acc_cta_t' locally defined but not used [-Wunused-local-typedefs]
 #    define ACC_COMPILE_TIME_ASSERT(e)  {typedef int __acc_cta_t[1-2*!(e)];}
                                                      ^
conftest.c:138:33: note: in expansion of macro 'ACC_COMPILE_TIME_ASSERT'
 #define ACCCHK_ASSERT(expr)     ACC_COMPILE_TIME_ASSERT(expr)
                                 ^
src/miniacc.h:4214:9: note: in expansion of macro 'ACCCHK_ASSERT'
         ACCCHK_ASSERT( (type) (~(type)0) ==     (type) (-1) )
         ^
src/miniacc.h:4224:49: note: in expansion of macro 'ACCCHK_ASSERT_SIGN_T'
 #    define ACCCHK_ASSERT_IS_UNSIGNED_T(type)   ACCCHK_ASSERT_SIGN_T(type,>)
                                                 ^
src/miniacc.h:4353:5: note: in expansion of macro 'ACCCHK_ASSERT_IS_UNSIGNED_T'
     ACCCHK_ASSERT_IS_UNSIGNED_T(unsigned int)
     ^
src/miniacc.h:1679:54: warning: typedef '__acc_cta_t' locally defined but not used [-Wunused-local-typedefs]
 #    define ACC_COMPILE_TIME_ASSERT(e)  {typedef int __acc_cta_t[1-2*!(e)];}
                                                      ^
conftest.c:138:33: note: in expansion of macro 'ACC_COMPILE_TIME_ASSERT'
 #define ACCCHK_ASSERT(expr)     ACC_COMPILE_TIME_ASSERT(expr)
                                 ^
src/miniacc.h:4354:5: note: in expansion of macro 'ACCCHK_ASSERT'
     ACCCHK_ASSERT(sizeof(int) == sizeof(unsigned int))
     ^
src/miniacc.h:1679:54: warning: typedef '__acc_cta_t' locally defined but not used [-Wunused-local-typedefs]
 #    define ACC_COMPILE_TIME_ASSERT(e)  {typedef int __acc_cta_t[1-2*!(e)];}
                                                      ^
conftest.c:138:33: note: in expansion of macro 'ACC_COMPILE_TIME_ASSERT'
 #define ACCCHK_ASSERT(expr)     ACC_COMPILE_TIME_ASSERT(expr)
                                 ^
src/miniacc.h:4356:5: note: in expansion of macro 'ACCCHK_ASSERT'
     ACCCHK_ASSERT(sizeof(int) >= 2)
     ^
src/miniacc.h:1679:54: warning: typedef '__acc_cta_t' locally defined but not used [-Wunused-local-typedefs]
 #    define ACC_COMPILE_TIME_ASSERT(e)  {typedef int __acc_cta_t[1-2*!(e)];}
                                                      ^
conftest.c:138:33: note: in expansion of macro 'ACC_COMPILE_TIME_ASSERT'
 #define ACCCHK_ASSERT(expr)     ACC_COMPILE_TIME_ASSERT(expr)
                                 ^
src/miniacc.h:4358:5: note: in expansion of macro 'ACCCHK_ASSERT'
     ACCCHK_ASSERT(sizeof(int) >= sizeof(short))
     ^
src/miniacc.h:1679:54: warning: typedef '__acc_cta_t' locally defined but not used [-Wunused-local-typedefs]
 #    define ACC_COMPILE_TIME_ASSERT(e)  {typedef int __acc_cta_t[1-2*!(e)];}
                                                      ^
conftest.c:138:33: note: in expansion of macro 'ACC_COMPILE_TIME_ASSERT'
 #define ACCCHK_ASSERT(expr)     ACC_COMPILE_TIME_ASSERT(expr)
                                 ^
src/miniacc.h:4359:5: note: in expansion of macro 'ACCCHK_ASSERT'
     ACCCHK_ASSERT(sizeof(int) == sizeof(0))
     ^
src/miniacc.h:1679:54: warning: typedef '__acc_cta_t' locally defined but not used [-Wunused-local-typedefs]
 #    define ACC_COMPILE_TIME_ASSERT(e)  {typedef int __acc_cta_t[1-2*!(e)];}
                                                      ^
conftest.c:138:33: note: in expansion of macro 'ACC_COMPILE_TIME_ASSERT'
 #define ACCCHK_ASSERT(expr)     ACC_COMPILE_TIME_ASSERT(expr)
                                 ^
src/miniacc.h:4360:5: note: in expansion of macro 'ACCCHK_ASSERT'
     ACCCHK_ASSERT(sizeof(int) == sizeof((int)0))
     ^
src/miniacc.h:1679:54: warning: typedef '__acc_cta_t' locally defined but not used [-Wunused-local-typedefs]
 #    define ACC_COMPILE_TIME_ASSERT(e)  {typedef int __acc_cta_t[1-2*!(e)];}
                                                      ^
conftest.c:138:33: note: in expansion of macro 'ACC_COMPILE_TIME_ASSERT'
 #define ACCCHK_ASSERT(expr)     ACC_COMPILE_TIME_ASSERT(expr)
                                 ^
src/miniacc.h:4362:5: note: in expansion of macro 'ACCCHK_ASSERT'
     ACCCHK_ASSERT(sizeof(int) == SIZEOF_INT)
     ^
src/miniacc.h:1679:54: warning: typedef '__acc_cta_t' locally defined but not used [-Wunused-local-typedefs]
 #    define ACC_COMPILE_TIME_ASSERT(e)  {typedef int __acc_cta_t[1-2*!(e)];}
                                                      ^
conftest.c:138:33: note: in expansion of macro 'ACC_COMPILE_TIME_ASSERT'
 #define ACCCHK_ASSERT(expr)     ACC_COMPILE_TIME_ASSERT(expr)
                                 ^
src/miniacc.h:4364:5: note: in expansion of macro 'ACCCHK_ASSERT'
     ACCCHK_ASSERT(sizeof(0) == sizeof(int))
     ^
src/miniacc.h:1679:54: warning: typedef '__acc_cta_t' locally defined but not used [-Wunused-local-typedefs]
 #    define ACC_COMPILE_TIME_ASSERT(e)  {typedef int __acc_cta_t[1-2*!(e)];}
                                                      ^
conftest.c:138:33: note: in expansion of macro 'ACC_COMPILE_TIME_ASSERT'
 #define ACCCHK_ASSERT(expr)     ACC_COMPILE_TIME_ASSERT(expr)
                                 ^
src/miniacc.h:4212:9: note: in expansion of macro 'ACCCHK_ASSERT'
         ACCCHK_ASSERT( (type) (-1)       relop  (type) 0 ) \
         ^
src/miniacc.h:4217:49: note: in expansion of macro 'ACCCHK_ASSERT_SIGN_T'
 #  define ACCCHK_ASSERT_IS_SIGNED_T(type)       ACCCHK_ASSERT_SIGN_T(type,<)
                                                 ^
src/miniacc.h:4365:5: note: in expansion of macro 'ACCCHK_ASSERT_IS_SIGNED_T'
     ACCCHK_ASSERT_IS_SIGNED_T(long)
     ^
src/miniacc.h:1679:54: warning: typedef '__acc_cta_t' locally defined but not used [-Wunused-local-typedefs]
 #    define ACC_COMPILE_TIME_ASSERT(e)  {typedef int __acc_cta_t[1-2*!(e)];}
                                                      ^
conftest.c:138:33: note: in expansion of macro 'ACC_COMPILE_TIME_ASSERT'
 #define ACCCHK_ASSERT(expr)     ACC_COMPILE_TIME_ASSERT(expr)
                                 ^
src/miniacc.h:4213:9: note: in expansion of macro 'ACCCHK_ASSERT'
         ACCCHK_ASSERT( (type) (~(type)0) relop  (type) 0 ) \
         ^
src/miniacc.h:4217:49: note: in expansion of macro 'ACCCHK_ASSERT_SIGN_T'
 #  define ACCCHK_ASSERT_IS_SIGNED_T(type)       ACCCHK_ASSERT_SIGN_T(type,<)
                                                 ^
src/miniacc.h:4365:5: note: in expansion of macro 'ACCCHK_ASSERT_IS_SIGNED_T'
     ACCCHK_ASSERT_IS_SIGNED_T(long)
     ^
src/miniacc.h:1679:54: warning: typedef '__acc_cta_t' locally defined but not used [-Wunused-local-typedefs]
 #    define ACC_COMPILE_TIME_ASSERT(e)  {typedef int __acc_cta_t[1-2*!(e)];}
                                                      ^
conftest.c:138:33: note: in expansion of macro 'ACC_COMPILE_TIME_ASSERT'
 #define ACCCHK_ASSERT(expr)     ACC_COMPILE_TIME_ASSERT(expr)
                                 ^
src/miniacc.h:4214:9: note: in expansion of macro 'ACCCHK_ASSERT'
         ACCCHK_ASSERT( (type) (~(type)0) ==     (type) (-1) )
         ^
src/miniacc.h:4217:49: note: in expansion of macro 'ACCCHK_ASSERT_SIGN_T'
 #  define ACCCHK_ASSERT_IS_SIGNED_T(type)       ACCCHK_ASSERT_SIGN_T(type,<)
                                                 ^
src/miniacc.h:4365:5: note: in expansion of macro 'ACCCHK_ASSERT_IS_SIGNED_T'
     ACCCHK_ASSERT_IS_SIGNED_T(long)
     ^
src/miniacc.h:1679:54: warning: typedef '__acc_cta_t' locally defined but not used [-Wunused-local-typedefs]
 #    define ACC_COMPILE_TIME_ASSERT(e)  {typedef int __acc_cta_t[1-2*!(e)];}
                                                      ^
conftest.c:138:33: note: in expansion of macro 'ACC_COMPILE_TIME_ASSERT'
 #define ACCCHK_ASSERT(expr)     ACC_COMPILE_TIME_ASSERT(expr)
                                 ^
src/miniacc.h:4212:9: note: in expansion of macro 'ACCCHK_ASSERT'
         ACCCHK_ASSERT( (type) (-1)       relop  (type) 0 ) \
         ^
src/miniacc.h:4224:49: note: in expansion of macro 'ACCCHK_ASSERT_SIGN_T'
 #    define ACCCHK_ASSERT_IS_UNSIGNED_T(type)   ACCCHK_ASSERT_SIGN_T(type,>)
                                                 ^
src/miniacc.h:4366:5: note: in expansion of macro 'ACCCHK_ASSERT_IS_UNSIGNED_T'
     ACCCHK_ASSERT_IS_UNSIGNED_T(unsigned long)
     ^
src/miniacc.h:1679:54: warning: typedef '__acc_cta_t' locally defined but not used [-Wunused-local-typedefs]
 #    define ACC_COMPILE_TIME_ASSERT(e)  {typedef int __acc_cta_t[1-2*!(e)];}
                                                      ^
conftest.c:138:33: note: in expansion of macro 'ACC_COMPILE_TIME_ASSERT'
 #define ACCCHK_ASSERT(expr)     ACC_COMPILE_TIME_ASSERT(expr)
                                 ^
src/miniacc.h:4213:9: note: in expansion of macro 'ACCCHK_ASSERT'
         ACCCHK_ASSERT( (type) (~(type)0) relop  (type) 0 ) \
         ^
src/miniacc.h:4224:49: note: in expansion of macro 'ACCCHK_ASSERT_SIGN_T'
 #    define ACCCHK_ASSERT_IS_UNSIGNED_T(type)   ACCCHK_ASSERT_SIGN_T(type,>)
                                                 ^
src/miniacc.h:4366:5: note: in expansion of macro 'ACCCHK_ASSERT_IS_UNSIGNED_T'
     ACCCHK_ASSERT_IS_UNSIGNED_T(unsigned long)
     ^
src/miniacc.h:1679:54: warning: typedef '__acc_cta_t' locally defined but not used [-Wunused-local-typedefs]
 #    define ACC_COMPILE_TIME_ASSERT(e)  {typedef int __acc_cta_t[1-2*!(e)];}
                                                      ^
conftest.c:138:33: note: in expansion of macro 'ACC_COMPILE_TIME_ASSERT'
 #define ACCCHK_ASSERT(expr)     ACC_COMPILE_TIME_ASSERT(expr)
                                 ^
src/miniacc.h:4214:9: note: in expansion of macro 'ACCCHK_ASSERT'
         ACCCHK_ASSERT( (type) (~(type)0) ==     (type) (-1) )
         ^
src/miniacc.h:4224:49: note: in expansion of macro 'ACCCHK_ASSERT_SIGN_T'
 #    define ACCCHK_ASSERT_IS_UNSIGNED_T(type)   ACCCHK_ASSERT_SIGN_T(type,>)
                                                 ^
src/miniacc.h:4366:5: note: in expansion of macro 'ACCCHK_ASSERT_IS_UNSIGNED_T'
     ACCCHK_ASSERT_IS_UNSIGNED_T(unsigned long)
     ^
src/miniacc.h:1679:54: warning: typedef '__acc_cta_t' locally defined but not used [-Wunused-local-typedefs]
 #    define ACC_COMPILE_TIME_ASSERT(e)  {typedef int __acc_cta_t[1-2*!(e)];}
                                                      ^
conftest.c:138:33: note: in expansion of macro 'ACC_COMPILE_TIME_ASSERT'
 #define ACCCHK_ASSERT(expr)     ACC_COMPILE_TIME_ASSERT(expr)
                                 ^
src/miniacc.h:4367:5: note: in expansion of macro 'ACCCHK_ASSERT'
     ACCCHK_ASSERT(sizeof(long) == sizeof(unsigned long))
     ^
src/miniacc.h:1679:54: warning: typedef '__acc_cta_t' locally defined but not used [-Wunused-local-typedefs]
 #    define ACC_COMPILE_TIME_ASSERT(e)  {typedef int __acc_cta_t[1-2*!(e)];}
                                                      ^
conftest.c:138:33: note: in expansion of macro 'ACC_COMPILE_TIME_ASSERT'
 #define ACCCHK_ASSERT(expr)     ACC_COMPILE_TIME_ASSERT(expr)
                                 ^
src/miniacc.h:4369:5: note: in expansion of macro 'ACCCHK_ASSERT'
     ACCCHK_ASSERT(sizeof(long) >= 4)
     ^
src/miniacc.h:1679:54: warning: typedef '__acc_cta_t' locally defined but not used [-Wunused-local-typedefs]
 #    define ACC_COMPILE_TIME_ASSERT(e)  {typedef int __acc_cta_t[1-2*!(e)];}
                                                      ^
conftest.c:138:33: note: in expansion of macro 'ACC_COMPILE_TIME_ASSERT'
 #define ACCCHK_ASSERT(expr)     ACC_COMPILE_TIME_ASSERT(expr)
                                 ^
src/miniacc.h:4371:5: note: in expansion of macro 'ACCCHK_ASSERT'
     ACCCHK_ASSERT(sizeof(long) >= sizeof(int))
     ^
src/miniacc.h:1679:54: warning: typedef '__acc_cta_t' locally defined but not used [-Wunused-local-typedefs]
 #    define ACC_COMPILE_TIME_ASSERT(e)  {typedef int __acc_cta_t[1-2*!(e)];}
                                                      ^
conftest.c:138:33: note: in expansion of macro 'ACC_COMPILE_TIME_ASSERT'
 #define ACCCHK_ASSERT(expr)     ACC_COMPILE_TIME_ASSERT(expr)
                                 ^
src/miniacc.h:4372:5: note: in expansion of macro 'ACCCHK_ASSERT'
     ACCCHK_ASSERT(sizeof(long) == sizeof(0L))
     ^
src/miniacc.h:1679:54: warning: typedef '__acc_cta_t' locally defined but not used [-Wunused-local-typedefs]
 #    define ACC_COMPILE_TIME_ASSERT(e)  {typedef int __acc_cta_t[1-2*!(e)];}
                                                      ^
conftest.c:138:33: note: in expansion of macro 'ACC_COMPILE_TIME_ASSERT'
 #define ACCCHK_ASSERT(expr)     ACC_COMPILE_TIME_ASSERT(expr)
                                 ^
src/miniacc.h:4373:5: note: in expansion of macro 'ACCCHK_ASSERT'
     ACCCHK_ASSERT(sizeof(long) == sizeof((long)0))
     ^
src/miniacc.h:1679:54: warning: typedef '__acc_cta_t' locally defined but not used [-Wunused-local-typedefs]
 #    define ACC_COMPILE_TIME_ASSERT(e)  {typedef int __acc_cta_t[1-2*!(e)];}
                                                      ^
conftest.c:138:33: note: in expansion of macro 'ACC_COMPILE_TIME_ASSERT'
 #define ACCCHK_ASSERT(expr)     ACC_COMPILE_TIME_ASSERT(expr)
                                 ^
src/miniacc.h:4375:5: note: in expansion of macro 'ACCCHK_ASSERT'
     ACCCHK_ASSERT(sizeof(long) == SIZEOF_LONG)
     ^
src/miniacc.h:1679:54: warning: typedef '__acc_cta_t' locally defined but not used [-Wunused-local-typedefs]
 #    define ACC_COMPILE_TIME_ASSERT(e)  {typedef int __acc_cta_t[1-2*!(e)];}
                                                      ^
conftest.c:138:33: note: in expansion of macro 'ACC_COMPILE_TIME_ASSERT'
 #define ACCCHK_ASSERT(expr)     ACC_COMPILE_TIME_ASSERT(expr)
                                 ^
src/miniacc.h:4377:5: note: in expansion of macro 'ACCCHK_ASSERT'
     ACCCHK_ASSERT(sizeof(0L) == sizeof(long))
     ^
src/miniacc.h:1679:54: warning: typedef '__acc_cta_t' locally defined but not used [-Wunused-local-typedefs]
 #    define ACC_COMPILE_TIME_ASSERT(e)  {typedef int __acc_cta_t[1-2*!(e)];}
                                                      ^
conftest.c:138:33: note: in expansion of macro 'ACC_COMPILE_TIME_ASSERT'
 #define ACCCHK_ASSERT(expr)     ACC_COMPILE_TIME_ASSERT(expr)
                                 ^
src/miniacc.h:4212:9: note: in expansion of macro 'ACCCHK_ASSERT'
         ACCCHK_ASSERT( (type) (-1)       relop  (type) 0 ) \
         ^
src/miniacc.h:4224:49: note: in expansion of macro 'ACCCHK_ASSERT_SIGN_T'
 #    define ACCCHK_ASSERT_IS_UNSIGNED_T(type)   ACCCHK_ASSERT_SIGN_T(type,>)
                                                 ^
src/miniacc.h:4378:5: note: in expansion of macro 'ACCCHK_ASSERT_IS_UNSIGNED_T'
     ACCCHK_ASSERT_IS_UNSIGNED_T(size_t)
     ^
src/miniacc.h:1679:54: warning: typedef '__acc_cta_t' locally defined but not used [-Wunused-local-typedefs]
 #    define ACC_COMPILE_TIME_ASSERT(e)  {typedef int __acc_cta_t[1-2*!(e)];}
                                                      ^
conftest.c:138:33: note: in expansion of macro 'ACC_COMPILE_TIME_ASSERT'
 #define ACCCHK_ASSERT(expr)     ACC_COMPILE_TIME_ASSERT(expr)
                                 ^
src/miniacc.h:4213:9: note: in expansion of macro 'ACCCHK_ASSERT'
         ACCCHK_ASSERT( (type) (~(type)0) relop  (type) 0 ) \
         ^
src/miniacc.h:4224:49: note: in expansion of macro 'ACCCHK_ASSERT_SIGN_T'
 #    define ACCCHK_ASSERT_IS_UNSIGNED_T(type)   ACCCHK_ASSERT_SIGN_T(type,>)
                                                 ^
src/miniacc.h:4378:5: note: in expansion of macro 'ACCCHK_ASSERT_IS_UNSIGNED_T'
     ACCCHK_ASSERT_IS_UNSIGNED_T(size_t)
     ^
src/miniacc.h:1679:54: warning: typedef '__acc_cta_t' locally defined but not used [-Wunused-local-typedefs]
 #    define ACC_COMPILE_TIME_ASSERT(e)  {typedef int __acc_cta_t[1-2*!(e)];}
                                                      ^
conftest.c:138:33: note: in expansion of macro 'ACC_COMPILE_TIME_ASSERT'
 #define ACCCHK_ASSERT(expr)     ACC_COMPILE_TIME_ASSERT(expr)
                                 ^
src/miniacc.h:4214:9: note: in expansion of macro 'ACCCHK_ASSERT'
         ACCCHK_ASSERT( (type) (~(type)0) ==     (type) (-1) )
         ^
src/miniacc.h:4224:49: note: in expansion of macro 'ACCCHK_ASSERT_SIGN_T'
 #    define ACCCHK_ASSERT_IS_UNSIGNED_T(type)   ACCCHK_ASSERT_SIGN_T(type,>)
                                                 ^
src/miniacc.h:4378:5: note: in expansion of macro 'ACCCHK_ASSERT_IS_UNSIGNED_T'
     ACCCHK_ASSERT_IS_UNSIGNED_T(size_t)
     ^
src/miniacc.h:1679:54: warning: typedef '__acc_cta_t' locally defined but not used [-Wunused-local-typedefs]
 #    define ACC_COMPILE_TIME_ASSERT(e)  {typedef int __acc_cta_t[1-2*!(e)];}
                                                      ^
conftest.c:138:33: note: in expansion of macro 'ACC_COMPILE_TIME_ASSERT'
 #define ACCCHK_ASSERT(expr)     ACC_COMPILE_TIME_ASSERT(expr)
                                 ^
src/miniacc.h:4379:5: note: in expansion of macro 'ACCCHK_ASSERT'
     ACCCHK_ASSERT(sizeof(size_t) >= sizeof(int))
     ^
src/miniacc.h:1679:54: warning: typedef '__acc_cta_t' locally defined but not used [-Wunused-local-typedefs]
 #    define ACC_COMPILE_TIME_ASSERT(e)  {typedef int __acc_cta_t[1-2*!(e)];}
                                                      ^
conftest.c:138:33: note: in expansion of macro 'ACC_COMPILE_TIME_ASSERT'
 #define ACCCHK_ASSERT(expr)     ACC_COMPILE_TIME_ASSERT(expr)
                                 ^
src/miniacc.h:4380:5: note: in expansion of macro 'ACCCHK_ASSERT'
     ACCCHK_ASSERT(sizeof(size_t) == sizeof(sizeof(0)))
     ^
src/miniacc.h:1679:54: warning: typedef '__acc_cta_t' locally defined but not used [-Wunused-local-typedefs]
 #    define ACC_COMPILE_TIME_ASSERT(e)  {typedef int __acc_cta_t[1-2*!(e)];}
                                                      ^
conftest.c:138:33: note: in expansion of macro 'ACC_COMPILE_TIME_ASSERT'
 #define ACCCHK_ASSERT(expr)     ACC_COMPILE_TIME_ASSERT(expr)
                                 ^
src/miniacc.h:4382:5: note: in expansion of macro 'ACCCHK_ASSERT'
     ACCCHK_ASSERT(sizeof(size_t) == SIZEOF_SIZE_T)
     ^
src/miniacc.h:1679:54: warning: typedef '__acc_cta_t' locally defined but not used [-Wunused-local-typedefs]
 #    define ACC_COMPILE_TIME_ASSERT(e)  {typedef int __acc_cta_t[1-2*!(e)];}
                                                      ^
conftest.c:138:33: note: in expansion of macro 'ACC_COMPILE_TIME_ASSERT'
 #define ACCCHK_ASSERT(expr)     ACC_COMPILE_TIME_ASSERT(expr)
                                 ^
src/miniacc.h:4212:9: note: in expansion of macro 'ACCCHK_ASSERT'
         ACCCHK_ASSERT( (type) (-1)       relop  (type) 0 ) \
         ^
src/miniacc.h:4217:49: note: in expansion of macro 'ACCCHK_ASSERT_SIGN_T'
 #  define ACCCHK_ASSERT_IS_SIGNED_T(type)       ACCCHK_ASSERT_SIGN_T(type,<)
                                                 ^
src/miniacc.h:4384:5: note: in expansion of macro 'ACCCHK_ASSERT_IS_SIGNED_T'
     ACCCHK_ASSERT_IS_SIGNED_T(ptrdiff_t)
     ^
src/miniacc.h:1679:54: warning: typedef '__acc_cta_t' locally defined but not used [-Wunused-local-typedefs]
 #    define ACC_COMPILE_TIME_ASSERT(e)  {typedef int __acc_cta_t[1-2*!(e)];}
                                                      ^
conftest.c:138:33: note: in expansion of macro 'ACC_COMPILE_TIME_ASSERT'
 #define ACCCHK_ASSERT(expr)     ACC_COMPILE_TIME_ASSERT(expr)
                                 ^
src/miniacc.h:4213:9: note: in expansion of macro 'ACCCHK_ASSERT'
         ACCCHK_ASSERT( (type) (~(type)0) relop  (type) 0 ) \
         ^
src/miniacc.h:4217:49: note: in expansion of macro 'ACCCHK_ASSERT_SIGN_T'
 #  define ACCCHK_ASSERT_IS_SIGNED_T(type)       ACCCHK_ASSERT_SIGN_T(type,<)
                                                 ^
src/miniacc.h:4384:5: note: in expansion of macro 'ACCCHK_ASSERT_IS_SIGNED_T'
     ACCCHK_ASSERT_IS_SIGNED_T(ptrdiff_t)
     ^
src/miniacc.h:1679:54: warning: typedef '__acc_cta_t' locally defined but not used [-Wunused-local-typedefs]
 #    define ACC_COMPILE_TIME_ASSERT(e)  {typedef int __acc_cta_t[1-2*!(e)];}
                                                      ^
conftest.c:138:33: note: in expansion of macro 'ACC_COMPILE_TIME_ASSERT'
 #define ACCCHK_ASSERT(expr)     ACC_COMPILE_TIME_ASSERT(expr)
                                 ^
src/miniacc.h:4214:9: note: in expansion of macro 'ACCCHK_ASSERT'
         ACCCHK_ASSERT( (type) (~(type)0) ==     (type) (-1) )
         ^
src/miniacc.h:4217:49: note: in expansion of macro 'ACCCHK_ASSERT_SIGN_T'
 #  define ACCCHK_ASSERT_IS_SIGNED_T(type)       ACCCHK_ASSERT_SIGN_T(type,<)
                                                 ^
src/miniacc.h:4384:5: note: in expansion of macro 'ACCCHK_ASSERT_IS_SIGNED_T'
     ACCCHK_ASSERT_IS_SIGNED_T(ptrdiff_t)
     ^
src/miniacc.h:1679:54: warning: typedef '__acc_cta_t' locally defined but not used [-Wunused-local-typedefs]
 #    define ACC_COMPILE_TIME_ASSERT(e)  {typedef int __acc_cta_t[1-2*!(e)];}
                                                      ^
conftest.c:138:33: note: in expansion of macro 'ACC_COMPILE_TIME_ASSERT'
 #define ACCCHK_ASSERT(expr)     ACC_COMPILE_TIME_ASSERT(expr)
                                 ^
src/miniacc.h:4385:5: note: in expansion of macro 'ACCCHK_ASSERT'
     ACCCHK_ASSERT(sizeof(ptrdiff_t) >= sizeof(int))
     ^
src/miniacc.h:1679:54: warning: typedef '__acc_cta_t' locally defined but not used [-Wunused-local-typedefs]
 #    define ACC_COMPILE_TIME_ASSERT(e)  {typedef int __acc_cta_t[1-2*!(e)];}
                                                      ^
conftest.c:138:33: note: in expansion of macro 'ACC_COMPILE_TIME_ASSERT'
 #define ACCCHK_ASSERT(expr)     ACC_COMPILE_TIME_ASSERT(expr)
                                 ^
src/miniacc.h:4386:5: note: in expansion of macro 'ACCCHK_ASSERT'
     ACCCHK_ASSERT(sizeof(ptrdiff_t) >= sizeof(size_t))
     ^
src/miniacc.h:1679:54: warning: typedef '__acc_cta_t' locally defined but not used [-Wunused-local-typedefs]
 #    define ACC_COMPILE_TIME_ASSERT(e)  {typedef int __acc_cta_t[1-2*!(e)];}
                                                      ^
conftest.c:138:33: note: in expansion of macro 'ACC_COMPILE_TIME_ASSERT'
 #define ACCCHK_ASSERT(expr)     ACC_COMPILE_TIME_ASSERT(expr)
                                 ^
src/miniacc.h:4388:5: note: in expansion of macro 'ACCCHK_ASSERT'
     ACCCHK_ASSERT(sizeof(ptrdiff_t) == sizeof((char*)0 - (char*)0))
     ^
src/miniacc.h:1679:54: warning: typedef '__acc_cta_t' locally defined but not used [-Wunused-local-typedefs]
 #    define ACC_COMPILE_TIME_ASSERT(e)  {typedef int __acc_cta_t[1-2*!(e)];}
                                                      ^
conftest.c:138:33: note: in expansion of macro 'ACC_COMPILE_TIME_ASSERT'
 #define ACCCHK_ASSERT(expr)     ACC_COMPILE_TIME_ASSERT(expr)
                                 ^
src/miniacc.h:4394:5: note: in expansion of macro 'ACCCHK_ASSERT'
     ACCCHK_ASSERT(sizeof(ptrdiff_t) == SIZEOF_PTRDIFF_T)
     ^
src/miniacc.h:1679:54: warning: typedef '__acc_cta_t' locally defined but not used [-Wunused-local-typedefs]
 #    define ACC_COMPILE_TIME_ASSERT(e)  {typedef int __acc_cta_t[1-2*!(e)];}
                                                      ^
conftest.c:138:33: note: in expansion of macro 'ACC_COMPILE_TIME_ASSERT'
 #define ACCCHK_ASSERT(expr)     ACC_COMPILE_TIME_ASSERT(expr)
                                 ^
src/miniacc.h:4396:5: note: in expansion of macro 'ACCCHK_ASSERT'
     ACCCHK_ASSERT(sizeof(void*) >= sizeof(char*))
     ^
src/miniacc.h:1679:54: warning: typedef '__acc_cta_t' locally defined but not used [-Wunused-local-typedefs]
 #    define ACC_COMPILE_TIME_ASSERT(e)  {typedef int __acc_cta_t[1-2*!(e)];}
                                                      ^
conftest.c:138:33: note: in expansion of macro 'ACC_COMPILE_TIME_ASSERT'
 #define ACCCHK_ASSERT(expr)     ACC_COMPILE_TIME_ASSERT(expr)
                                 ^
src/miniacc.h:4398:5: note: in expansion of macro 'ACCCHK_ASSERT'
     ACCCHK_ASSERT(sizeof(void*) == SIZEOF_VOID_P)
     ^
src/miniacc.h:1679:54: warning: typedef '__acc_cta_t' locally defined but not used [-Wunused-local-typedefs]
 #    define ACC_COMPILE_TIME_ASSERT(e)  {typedef int __acc_cta_t[1-2*!(e)];}
                                                      ^
conftest.c:138:33: note: in expansion of macro 'ACC_COMPILE_TIME_ASSERT'
 #define ACCCHK_ASSERT(expr)     ACC_COMPILE_TIME_ASSERT(expr)
                                 ^
src/miniacc.h:4399:5: note: in expansion of macro 'ACCCHK_ASSERT'
     ACCCHK_ASSERT(sizeof(char*) == SIZEOF_VOID_P)
     ^
src/miniacc.h:1679:54: warning: typedef '__acc_cta_t' locally defined but not used [-Wunused-local-typedefs]
 #    define ACC_COMPILE_TIME_ASSERT(e)  {typedef int __acc_cta_t[1-2*!(e)];}
                                                      ^
conftest.c:138:33: note: in expansion of macro 'ACC_COMPILE_TIME_ASSERT'
 #define ACCCHK_ASSERT(expr)     ACC_COMPILE_TIME_ASSERT(expr)
                                 ^
src/miniacc.h:4409:5: note: in expansion of macro 'ACCCHK_ASSERT'
     ACCCHK_ASSERT((((1u  << 15) + 1) >> 15) == 1)
     ^
src/miniacc.h:1679:54: warning: typedef '__acc_cta_t' locally defined but not used [-Wunused-local-typedefs]
 #    define ACC_COMPILE_TIME_ASSERT(e)  {typedef int __acc_cta_t[1-2*!(e)];}
                                                      ^
conftest.c:138:33: note: in expansion of macro 'ACC_COMPILE_TIME_ASSERT'
 #define ACCCHK_ASSERT(expr)     ACC_COMPILE_TIME_ASSERT(expr)
                                 ^
src/miniacc.h:4410:5: note: in expansion of macro 'ACCCHK_ASSERT'
     ACCCHK_ASSERT((((1ul << 31) + 1) >> 31) == 1)
     ^
src/miniacc.h:1679:54: warning: typedef '__acc_cta_t' locally defined but not used [-Wunused-local-typedefs]
 #    define ACC_COMPILE_TIME_ASSERT(e)  {typedef int __acc_cta_t[1-2*!(e)];}
                                                      ^
conftest.c:138:33: note: in expansion of macro 'ACC_COMPILE_TIME_ASSERT'
 #define ACCCHK_ASSERT(expr)     ACC_COMPILE_TIME_ASSERT(expr)
                                 ^
src/miniacc.h:4415:5: note: in expansion of macro 'ACCCHK_ASSERT'
     ACCCHK_ASSERT((1   << (8*SIZEOF_INT-1)) < 0)
     ^
src/miniacc.h:1679:54: warning: typedef '__acc_cta_t' locally defined but not used [-Wunused-local-typedefs]
 #    define ACC_COMPILE_TIME_ASSERT(e)  {typedef int __acc_cta_t[1-2*!(e)];}
                                                      ^
conftest.c:138:33: note: in expansion of macro 'ACC_COMPILE_TIME_ASSERT'
 #define ACCCHK_ASSERT(expr)     ACC_COMPILE_TIME_ASSERT(expr)
                                 ^
src/miniacc.h:4417:5: note: in expansion of macro 'ACCCHK_ASSERT'
     ACCCHK_ASSERT((1u  << (8*SIZEOF_INT-1)) > 0)
     ^
src/miniacc.h:1679:54: warning: typedef '__acc_cta_t' locally defined but not used [-Wunused-local-typedefs]
 #    define ACC_COMPILE_TIME_ASSERT(e)  {typedef int __acc_cta_t[1-2*!(e)];}
                                                      ^
conftest.c:138:33: note: in expansion of macro 'ACC_COMPILE_TIME_ASSERT'
 #define ACCCHK_ASSERT(expr)     ACC_COMPILE_TIME_ASSERT(expr)
                                 ^
src/miniacc.h:4420:5: note: in expansion of macro 'ACCCHK_ASSERT'
     ACCCHK_ASSERT((1l  << (8*SIZEOF_LONG-1)) < 0)
     ^
src/miniacc.h:1679:54: warning: typedef '__acc_cta_t' locally defined but not used [-Wunused-local-typedefs]
 #    define ACC_COMPILE_TIME_ASSERT(e)  {typedef int __acc_cta_t[1-2*!(e)];}
                                                      ^
conftest.c:138:33: note: in expansion of macro 'ACC_COMPILE_TIME_ASSERT'
 #define ACCCHK_ASSERT(expr)     ACC_COMPILE_TIME_ASSERT(expr)
                                 ^
src/miniacc.h:4422:5: note: in expansion of macro 'ACCCHK_ASSERT'
     ACCCHK_ASSERT((1ul << (8*SIZEOF_LONG-1)) > 0)
     ^
src/miniacc.h:1679:54: warning: typedef '__acc_cta_t' locally defined but not used [-Wunused-local-typedefs]
 #    define ACC_COMPILE_TIME_ASSERT(e)  {typedef int __acc_cta_t[1-2*!(e)];}
                                                      ^
conftest.c:138:33: note: in expansion of macro 'ACC_COMPILE_TIME_ASSERT'
 #define ACCCHK_ASSERT(expr)     ACC_COMPILE_TIME_ASSERT(expr)
                                 ^
src/miniacc.h:4424:5: note: in expansion of macro 'ACCCHK_ASSERT'
     ACCCHK_ASSERT(sizeof(acc_int16e_t) == 2)
     ^
src/miniacc.h:1679:54: warning: typedef '__acc_cta_t' locally defined but not used [-Wunused-local-typedefs]
 #    define ACC_COMPILE_TIME_ASSERT(e)  {typedef int __acc_cta_t[1-2*!(e)];}
                                                      ^
conftest.c:138:33: note: in expansion of macro 'ACC_COMPILE_TIME_ASSERT'
 #define ACCCHK_ASSERT(expr)     ACC_COMPILE_TIME_ASSERT(expr)
                                 ^
src/miniacc.h:4425:5: note: in expansion of macro 'ACCCHK_ASSERT'
     ACCCHK_ASSERT(sizeof(acc_int16e_t) == SIZEOF_ACC_INT16E_T)
     ^
src/miniacc.h:1679:54: warning: typedef '__acc_cta_t' locally defined but not used [-Wunused-local-typedefs]
 #    define ACC_COMPILE_TIME_ASSERT(e)  {typedef int __acc_cta_t[1-2*!(e)];}
                                                      ^
conftest.c:138:33: note: in expansion of macro 'ACC_COMPILE_TIME_ASSERT'
 #define ACCCHK_ASSERT(expr)     ACC_COMPILE_TIME_ASSERT(expr)
                                 ^
src/miniacc.h:4426:5: note: in expansion of macro 'ACCCHK_ASSERT'
     ACCCHK_ASSERT(sizeof(acc_uint16e_t) == 2)
     ^
src/miniacc.h:1679:54: warning: typedef '__acc_cta_t' locally defined but not used [-Wunused-local-typedefs]
 #    define ACC_COMPILE_TIME_ASSERT(e)  {typedef int __acc_cta_t[1-2*!(e)];}
                                                      ^
conftest.c:138:33: note: in expansion of macro 'ACC_COMPILE_TIME_ASSERT'
 #define ACCCHK_ASSERT(expr)     ACC_COMPILE_TIME_ASSERT(expr)
                                 ^
src/miniacc.h:4427:5: note: in expansion of macro 'ACCCHK_ASSERT'
     ACCCHK_ASSERT(sizeof(acc_int16e_t) == sizeof(acc_uint16e_t))
     ^
src/miniacc.h:1679:54: warning: typedef '__acc_cta_t' locally defined but not used [-Wunused-local-typedefs]
 #    define ACC_COMPILE_TIME_ASSERT(e)  {typedef int __acc_cta_t[1-2*!(e)];}
                                                      ^
conftest.c:138:33: note: in expansion of macro 'ACC_COMPILE_TIME_ASSERT'
 #define ACCCHK_ASSERT(expr)     ACC_COMPILE_TIME_ASSERT(expr)
                                 ^
src/miniacc.h:4212:9: note: in expansion of macro 'ACCCHK_ASSERT'
         ACCCHK_ASSERT( (type) (-1)       relop  (type) 0 ) \
         ^
src/miniacc.h:4217:49: note: in expansion of macro 'ACCCHK_ASSERT_SIGN_T'
 #  define ACCCHK_ASSERT_IS_SIGNED_T(type)       ACCCHK_ASSERT_SIGN_T(type,<)
                                                 ^
src/miniacc.h:4428:5: note: in expansion of macro 'ACCCHK_ASSERT_IS_SIGNED_T'
     ACCCHK_ASSERT_IS_SIGNED_T(acc_int16e_t)
     ^
src/miniacc.h:1679:54: warning: typedef '__acc_cta_t' locally defined but not used [-Wunused-local-typedefs]
 #    define ACC_COMPILE_TIME_ASSERT(e)  {typedef int __acc_cta_t[1-2*!(e)];}
                                                      ^
conftest.c:138:33: note: in expansion of macro 'ACC_COMPILE_TIME_ASSERT'
 #define ACCCHK_ASSERT(expr)     ACC_COMPILE_TIME_ASSERT(expr)
                                 ^
src/miniacc.h:4213:9: note: in expansion of macro 'ACCCHK_ASSERT'
         ACCCHK_ASSERT( (type) (~(type)0) relop  (type) 0 ) \
         ^
src/miniacc.h:4217:49: note: in expansion of macro 'ACCCHK_ASSERT_SIGN_T'
 #  define ACCCHK_ASSERT_IS_SIGNED_T(type)       ACCCHK_ASSERT_SIGN_T(type,<)
                                                 ^
src/miniacc.h:4428:5: note: in expansion of macro 'ACCCHK_ASSERT_IS_SIGNED_T'
     ACCCHK_ASSERT_IS_SIGNED_T(acc_int16e_t)
     ^
src/miniacc.h:1679:54: warning: typedef '__acc_cta_t' locally defined but not used [-Wunused-local-typedefs]
 #    define ACC_COMPILE_TIME_ASSERT(e)  {typedef int __acc_cta_t[1-2*!(e)];}
                                                      ^
conftest.c:138:33: note: in expansion of macro 'ACC_COMPILE_TIME_ASSERT'
 #define ACCCHK_ASSERT(expr)     ACC_COMPILE_TIME_ASSERT(expr)
                                 ^
src/miniacc.h:4214:9: note: in expansion of macro 'ACCCHK_ASSERT'
         ACCCHK_ASSERT( (type) (~(type)0) ==     (type) (-1) )
         ^
src/miniacc.h:4217:49: note: in expansion of macro 'ACCCHK_ASSERT_SIGN_T'
 #  define ACCCHK_ASSERT_IS_SIGNED_T(type)       ACCCHK_ASSERT_SIGN_T(type,<)
                                                 ^
src/miniacc.h:4428:5: note: in expansion of macro 'ACCCHK_ASSERT_IS_SIGNED_T'
     ACCCHK_ASSERT_IS_SIGNED_T(acc_int16e_t)
     ^
src/miniacc.h:1679:54: warning: typedef '__acc_cta_t' locally defined but not used [-Wunused-local-typedefs]
 #    define ACC_COMPILE_TIME_ASSERT(e)  {typedef int __acc_cta_t[1-2*!(e)];}
                                                      ^
conftest.c:138:33: note: in expansion of macro 'ACC_COMPILE_TIME_ASSERT'
 #define ACCCHK_ASSERT(expr)     ACC_COMPILE_TIME_ASSERT(expr)
                                 ^
src/miniacc.h:4212:9: note: in expansion of macro 'ACCCHK_ASSERT'
         ACCCHK_ASSERT( (type) (-1)       relop  (type) 0 ) \
         ^
src/miniacc.h:4224:49: note: in expansion of macro 'ACCCHK_ASSERT_SIGN_T'
 #    define ACCCHK_ASSERT_IS_UNSIGNED_T(type)   ACCCHK_ASSERT_SIGN_T(type,>)
                                                 ^
src/miniacc.h:4429:5: note: in expansion of macro 'ACCCHK_ASSERT_IS_UNSIGNED_T'
     ACCCHK_ASSERT_IS_UNSIGNED_T(acc_uint16e_t)
     ^
src/miniacc.h:1679:54: warning: typedef '__acc_cta_t' locally defined but not used [-Wunused-local-typedefs]
 #    define ACC_COMPILE_TIME_ASSERT(e)  {typedef int __acc_cta_t[1-2*!(e)];}
                                                      ^
conftest.c:138:33: note: in expansion of macro 'ACC_COMPILE_TIME_ASSERT'
 #define ACCCHK_ASSERT(expr)     ACC_COMPILE_TIME_ASSERT(expr)
                                 ^
src/miniacc.h:4213:9: note: in expansion of macro 'ACCCHK_ASSERT'
         ACCCHK_ASSERT( (type) (~(type)0) relop  (type) 0 ) \
         ^
src/miniacc.h:4224:49: note: in expansion of macro 'ACCCHK_ASSERT_SIGN_T'
 #    define ACCCHK_ASSERT_IS_UNSIGNED_T(type)   ACCCHK_ASSERT_SIGN_T(type,>)
                                                 ^
src/miniacc.h:4429:5: note: in expansion of macro 'ACCCHK_ASSERT_IS_UNSIGNED_T'
     ACCCHK_ASSERT_IS_UNSIGNED_T(acc_uint16e_t)
     ^
src/miniacc.h:1679:54: warning: typedef '__acc_cta_t' locally defined but not used [-Wunused-local-typedefs]
 #    define ACC_COMPILE_TIME_ASSERT(e)  {typedef int __acc_cta_t[1-2*!(e)];}
                                                      ^
conftest.c:138:33: note: in expansion of macro 'ACC_COMPILE_TIME_ASSERT'
 #define ACCCHK_ASSERT(expr)     ACC_COMPILE_TIME_ASSERT(expr)
                                 ^
src/miniacc.h:4214:9: note: in expansion of macro 'ACCCHK_ASSERT'
         ACCCHK_ASSERT( (type) (~(type)0) ==     (type) (-1) )
         ^
src/miniacc.h:4224:49: note: in expansion of macro 'ACCCHK_ASSERT_SIGN_T'
 #    define ACCCHK_ASSERT_IS_UNSIGNED_T(type)   ACCCHK_ASSERT_SIGN_T(type,>)
                                                 ^
src/miniacc.h:4429:5: note: in expansion of macro 'ACCCHK_ASSERT_IS_UNSIGNED_T'
     ACCCHK_ASSERT_IS_UNSIGNED_T(acc_uint16e_t)
     ^
src/miniacc.h:1679:54: warning: typedef '__acc_cta_t' locally defined but not used [-Wunused-local-typedefs]
 #    define ACC_COMPILE_TIME_ASSERT(e)  {typedef int __acc_cta_t[1-2*!(e)];}
                                                      ^
conftest.c:138:33: note: in expansion of macro 'ACC_COMPILE_TIME_ASSERT'
 #define ACCCHK_ASSERT(expr)     ACC_COMPILE_TIME_ASSERT(expr)
                                 ^
src/miniacc.h:4432:5: note: in expansion of macro 'ACCCHK_ASSERT'
     ACCCHK_ASSERT(((acc_uint16e_t)(~(acc_uint16e_t)0ul) >> 15) == 1)
     ^
src/miniacc.h:1679:54: warning: typedef '__acc_cta_t' locally defined but not used [-Wunused-local-typedefs]
 #    define ACC_COMPILE_TIME_ASSERT(e)  {typedef int __acc_cta_t[1-2*!(e)];}
                                                      ^
conftest.c:138:33: note: in expansion of macro 'ACC_COMPILE_TIME_ASSERT'
 #define ACCCHK_ASSERT(expr)     ACC_COMPILE_TIME_ASSERT(expr)
                                 ^
src/miniacc.h:4434:5: note: in expansion of macro 'ACCCHK_ASSERT'
     ACCCHK_ASSERT( (acc_int16e_t) (1 + ~(acc_int16e_t)0) == 0)
     ^
src/miniacc.h:1679:54: warning: typedef '__acc_cta_t' locally defined but not used [-Wunused-local-typedefs]
 #    define ACC_COMPILE_TIME_ASSERT(e)  {typedef int __acc_cta_t[1-2*!(e)];}
                                                      ^
conftest.c:138:33: note: in expansion of macro 'ACC_COMPILE_TIME_ASSERT'
 #define ACCCHK_ASSERT(expr)     ACC_COMPILE_TIME_ASSERT(expr)
                                 ^
src/miniacc.h:4440:5: note: in expansion of macro 'ACCCHK_ASSERT'
     ACCCHK_ASSERT(sizeof(acc_int32e_t) == 4)
     ^
src/miniacc.h:1679:54: warning: typedef '__acc_cta_t' locally defined but not used [-Wunused-local-typedefs]
 #    define ACC_COMPILE_TIME_ASSERT(e)  {typedef int __acc_cta_t[1-2*!(e)];}
                                                      ^
conftest.c:138:33: note: in expansion of macro 'ACC_COMPILE_TIME_ASSERT'
 #define ACCCHK_ASSERT(expr)     ACC_COMPILE_TIME_ASSERT(expr)
                                 ^
src/miniacc.h:4441:5: note: in expansion of macro 'ACCCHK_ASSERT'
     ACCCHK_ASSERT(sizeof(acc_int32e_t) == SIZEOF_ACC_INT32E_T)
     ^
src/miniacc.h:1679:54: warning: typedef '__acc_cta_t' locally defined but not used [-Wunused-local-typedefs]
 #    define ACC_COMPILE_TIME_ASSERT(e)  {typedef int __acc_cta_t[1-2*!(e)];}
                                                      ^
conftest.c:138:33: note: in expansion of macro 'ACC_COMPILE_TIME_ASSERT'
 #define ACCCHK_ASSERT(expr)     ACC_COMPILE_TIME_ASSERT(expr)
                                 ^
src/miniacc.h:4442:5: note: in expansion of macro 'ACCCHK_ASSERT'
     ACCCHK_ASSERT(sizeof(acc_uint32e_t) == 4)
     ^
src/miniacc.h:1679:54: warning: typedef '__acc_cta_t' locally defined but not used [-Wunused-local-typedefs]
 #    define ACC_COMPILE_TIME_ASSERT(e)  {typedef int __acc_cta_t[1-2*!(e)];}
                                                      ^
conftest.c:138:33: note: in expansion of macro 'ACC_COMPILE_TIME_ASSERT'
 #define ACCCHK_ASSERT(expr)     ACC_COMPILE_TIME_ASSERT(expr)
                                 ^
src/miniacc.h:4443:5: note: in expansion of macro 'ACCCHK_ASSERT'
     ACCCHK_ASSERT(sizeof(acc_int32e_t) == sizeof(acc_uint32e_t))
     ^
src/miniacc.h:1679:54: warning: typedef '__acc_cta_t' locally defined but not used [-Wunused-local-typedefs]
 #    define ACC_COMPILE_TIME_ASSERT(e)  {typedef int __acc_cta_t[1-2*!(e)];}
                                                      ^
conftest.c:138:33: note: in expansion of macro 'ACC_COMPILE_TIME_ASSERT'
 #define ACCCHK_ASSERT(expr)     ACC_COMPILE_TIME_ASSERT(expr)
                                 ^
src/miniacc.h:4212:9: note: in expansion of macro 'ACCCHK_ASSERT'
         ACCCHK_ASSERT( (type) (-1)       relop  (type) 0 ) \
         ^
src/miniacc.h:4217:49: note: in expansion of macro 'ACCCHK_ASSERT_SIGN_T'
 #  define ACCCHK_ASSERT_IS_SIGNED_T(type)       ACCCHK_ASSERT_SIGN_T(type,<)
                                                 ^
src/miniacc.h:4444:5: note: in expansion of macro 'ACCCHK_ASSERT_IS_SIGNED_T'
     ACCCHK_ASSERT_IS_SIGNED_T(acc_int32e_t)
     ^
src/miniacc.h:1679:54: warning: typedef '__acc_cta_t' locally defined but not used [-Wunused-local-typedefs]
 #    define ACC_COMPILE_TIME_ASSERT(e)  {typedef int __acc_cta_t[1-2*!(e)];}
                                                      ^
conftest.c:138:33: note: in expansion of macro 'ACC_COMPILE_TIME_ASSERT'
 #define ACCCHK_ASSERT(expr)     ACC_COMPILE_TIME_ASSERT(expr)
                                 ^
src/miniacc.h:4213:9: note: in expansion of macro 'ACCCHK_ASSERT'
         ACCCHK_ASSERT( (type) (~(type)0) relop  (type) 0 ) \
         ^
src/miniacc.h:4217:49: note: in expansion of macro 'ACCCHK_ASSERT_SIGN_T'
 #  define ACCCHK_ASSERT_IS_SIGNED_T(type)       ACCCHK_ASSERT_SIGN_T(type,<)
                                                 ^
src/miniacc.h:4444:5: note: in expansion of macro 'ACCCHK_ASSERT_IS_SIGNED_T'
     ACCCHK_ASSERT_IS_SIGNED_T(acc_int32e_t)
     ^
src/miniacc.h:1679:54: warning: typedef '__acc_cta_t' locally defined but not used [-Wunused-local-typedefs]
 #    define ACC_COMPILE_TIME_ASSERT(e)  {typedef int __acc_cta_t[1-2*!(e)];}
                                                      ^
conftest.c:138:33: note: in expansion of macro 'ACC_COMPILE_TIME_ASSERT'
 #define ACCCHK_ASSERT(expr)     ACC_COMPILE_TIME_ASSERT(expr)
                                 ^
src/miniacc.h:4214:9: note: in expansion of macro 'ACCCHK_ASSERT'
         ACCCHK_ASSERT( (type) (~(type)0) ==     (type) (-1) )
         ^
src/miniacc.h:4217:49: note: in expansion of macro 'ACCCHK_ASSERT_SIGN_T'
 #  define ACCCHK_ASSERT_IS_SIGNED_T(type)       ACCCHK_ASSERT_SIGN_T(type,<)
                                                 ^
src/miniacc.h:4444:5: note: in expansion of macro 'ACCCHK_ASSERT_IS_SIGNED_T'
     ACCCHK_ASSERT_IS_SIGNED_T(acc_int32e_t)
     ^
src/miniacc.h:1679:54: warning: typedef '__acc_cta_t' locally defined but not used [-Wunused-local-typedefs]
 #    define ACC_COMPILE_TIME_ASSERT(e)  {typedef int __acc_cta_t[1-2*!(e)];}
                                                      ^
conftest.c:138:33: note: in expansion of macro 'ACC_COMPILE_TIME_ASSERT'
 #define ACCCHK_ASSERT(expr)     ACC_COMPILE_TIME_ASSERT(expr)
                                 ^
src/miniacc.h:4445:5: note: in expansion of macro 'ACCCHK_ASSERT'
     ACCCHK_ASSERT(((( (acc_int32e_t)1 << 30) + 1) >> 30) == 1)
     ^
src/miniacc.h:1679:54: warning: typedef '__acc_cta_t' locally defined but not used [-Wunused-local-typedefs]
 #    define ACC_COMPILE_TIME_ASSERT(e)  {typedef int __acc_cta_t[1-2*!(e)];}
                                                      ^
conftest.c:138:33: note: in expansion of macro 'ACC_COMPILE_TIME_ASSERT'
 #define ACCCHK_ASSERT(expr)     ACC_COMPILE_TIME_ASSERT(expr)
                                 ^
src/miniacc.h:4212:9: note: in expansion of macro 'ACCCHK_ASSERT'
         ACCCHK_ASSERT( (type) (-1)       relop  (type) 0 ) \
         ^
src/miniacc.h:4224:49: note: in expansion of macro 'ACCCHK_ASSERT_SIGN_T'
 #    define ACCCHK_ASSERT_IS_UNSIGNED_T(type)   ACCCHK_ASSERT_SIGN_T(type,>)
                                                 ^
src/miniacc.h:4446:5: note: in expansion of macro 'ACCCHK_ASSERT_IS_UNSIGNED_T'
     ACCCHK_ASSERT_IS_UNSIGNED_T(acc_uint32e_t)
     ^
src/miniacc.h:1679:54: warning: typedef '__acc_cta_t' locally defined but not used [-Wunused-local-typedefs]
 #    define ACC_COMPILE_TIME_ASSERT(e)  {typedef int __acc_cta_t[1-2*!(e)];}
                                                      ^
conftest.c:138:33: note: in expansion of macro 'ACC_COMPILE_TIME_ASSERT'
 #define ACCCHK_ASSERT(expr)     ACC_COMPILE_TIME_ASSERT(expr)
                                 ^
src/miniacc.h:4213:9: note: in expansion of macro 'ACCCHK_ASSERT'
         ACCCHK_ASSERT( (type) (~(type)0) relop  (type) 0 ) \
         ^
src/miniacc.h:4224:49: note: in expansion of macro 'ACCCHK_ASSERT_SIGN_T'
 #    define ACCCHK_ASSERT_IS_UNSIGNED_T(type)   ACCCHK_ASSERT_SIGN_T(type,>)
                                                 ^
src/miniacc.h:4446:5: note: in expansion of macro 'ACCCHK_ASSERT_IS_UNSIGNED_T'
     ACCCHK_ASSERT_IS_UNSIGNED_T(acc_uint32e_t)
     ^
src/miniacc.h:1679:54: warning: typedef '__acc_cta_t' locally defined but not used [-Wunused-local-typedefs]
 #    define ACC_COMPILE_TIME_ASSERT(e)  {typedef int __acc_cta_t[1-2*!(e)];}
                                                      ^
conftest.c:138:33: note: in expansion of macro 'ACC_COMPILE_TIME_ASSERT'
 #define ACCCHK_ASSERT(expr)     ACC_COMPILE_TIME_ASSERT(expr)
                                 ^
src/miniacc.h:4214:9: note: in expansion of macro 'ACCCHK_ASSERT'
         ACCCHK_ASSERT( (type) (~(type)0) ==     (type) (-1) )
         ^
src/miniacc.h:4224:49: note: in expansion of macro 'ACCCHK_ASSERT_SIGN_T'
 #    define ACCCHK_ASSERT_IS_UNSIGNED_T(type)   ACCCHK_ASSERT_SIGN_T(type,>)
                                                 ^
src/miniacc.h:4446:5: note: in expansion of macro 'ACCCHK_ASSERT_IS_UNSIGNED_T'
     ACCCHK_ASSERT_IS_UNSIGNED_T(acc_uint32e_t)
     ^
src/miniacc.h:1679:54: warning: typedef '__acc_cta_t' locally defined but not used [-Wunused-local-typedefs]
 #    define ACC_COMPILE_TIME_ASSERT(e)  {typedef int __acc_cta_t[1-2*!(e)];}
                                                      ^
conftest.c:138:33: note: in expansion of macro 'ACC_COMPILE_TIME_ASSERT'
 #define ACCCHK_ASSERT(expr)     ACC_COMPILE_TIME_ASSERT(expr)
                                 ^
src/miniacc.h:4447:5: note: in expansion of macro 'ACCCHK_ASSERT'
     ACCCHK_ASSERT(((( (acc_uint32e_t)1 << 31) + 1) >> 31) == 1)
     ^
src/miniacc.h:1679:54: warning: typedef '__acc_cta_t' locally defined but not used [-Wunused-local-typedefs]
 #    define ACC_COMPILE_TIME_ASSERT(e)  {typedef int __acc_cta_t[1-2*!(e)];}
                                                      ^
conftest.c:138:33: note: in expansion of macro 'ACC_COMPILE_TIME_ASSERT'
 #define ACCCHK_ASSERT(expr)     ACC_COMPILE_TIME_ASSERT(expr)
                                 ^
src/miniacc.h:4448:5: note: in expansion of macro 'ACCCHK_ASSERT'
     ACCCHK_ASSERT(((acc_uint32e_t)(~(acc_uint32e_t)0ul) >> 31) == 1)
     ^
src/miniacc.h:1679:54: warning: typedef '__acc_cta_t' locally defined but not used [-Wunused-local-typedefs]
 #    define ACC_COMPILE_TIME_ASSERT(e)  {typedef int __acc_cta_t[1-2*!(e)];}
                                                      ^
conftest.c:138:33: note: in expansion of macro 'ACC_COMPILE_TIME_ASSERT'
 #define ACCCHK_ASSERT(expr)     ACC_COMPILE_TIME_ASSERT(expr)
                                 ^
src/miniacc.h:4449:5: note: in expansion of macro 'ACCCHK_ASSERT'
     ACCCHK_ASSERT( (acc_int32e_t) (1 + ~(acc_int32e_t)0) == 0)
     ^
src/miniacc.h:1679:54: warning: typedef '__acc_cta_t' locally defined but not used [-Wunused-local-typedefs]
 #    define ACC_COMPILE_TIME_ASSERT(e)  {typedef int __acc_cta_t[1-2*!(e)];}
                                                      ^
conftest.c:138:33: note: in expansion of macro 'ACC_COMPILE_TIME_ASSERT'
 #define ACCCHK_ASSERT(expr)     ACC_COMPILE_TIME_ASSERT(expr)
                                 ^
src/miniacc.h:4455:5: note: in expansion of macro 'ACCCHK_ASSERT'
     ACCCHK_ASSERT(sizeof(acc_int32l_t) >= sizeof(acc_int32e_t))
     ^
src/miniacc.h:1679:54: warning: typedef '__acc_cta_t' locally defined but not used [-Wunused-local-typedefs]
 #    define ACC_COMPILE_TIME_ASSERT(e)  {typedef int __acc_cta_t[1-2*!(e)];}
                                                      ^
conftest.c:138:33: note: in expansion of macro 'ACC_COMPILE_TIME_ASSERT'
 #define ACCCHK_ASSERT(expr)     ACC_COMPILE_TIME_ASSERT(expr)
                                 ^
src/miniacc.h:4457:5: note: in expansion of macro 'ACCCHK_ASSERT'
     ACCCHK_ASSERT(sizeof(acc_int32l_t) >= 4)
     ^
src/miniacc.h:1679:54: warning: typedef '__acc_cta_t' locally defined but not used [-Wunused-local-typedefs]
 #    define ACC_COMPILE_TIME_ASSERT(e)  {typedef int __acc_cta_t[1-2*!(e)];}
                                                      ^
conftest.c:138:33: note: in expansion of macro 'ACC_COMPILE_TIME_ASSERT'
 #define ACCCHK_ASSERT(expr)     ACC_COMPILE_TIME_ASSERT(expr)
                                 ^
src/miniacc.h:4458:5: note: in expansion of macro 'ACCCHK_ASSERT'
     ACCCHK_ASSERT(sizeof(acc_int32l_t) == SIZEOF_ACC_INT32L_T)
     ^
src/miniacc.h:1679:54: warning: typedef '__acc_cta_t' locally defined but not used [-Wunused-local-typedefs]
 #    define ACC_COMPILE_TIME_ASSERT(e)  {typedef int __acc_cta_t[1-2*!(e)];}
                                                      ^
conftest.c:138:33: note: in expansion of macro 'ACC_COMPILE_TIME_ASSERT'
 #define ACCCHK_ASSERT(expr)     ACC_COMPILE_TIME_ASSERT(expr)
                                 ^
src/miniacc.h:4459:5: note: in expansion of macro 'ACCCHK_ASSERT'
     ACCCHK_ASSERT(sizeof(acc_uint32l_t) >= 4)
     ^
src/miniacc.h:1679:54: warning: typedef '__acc_cta_t' locally defined but not used [-Wunused-local-typedefs]
 #    define ACC_COMPILE_TIME_ASSERT(e)  {typedef int __acc_cta_t[1-2*!(e)];}
                                                      ^
conftest.c:138:33: note: in expansion of macro 'ACC_COMPILE_TIME_ASSERT'
 #define ACCCHK_ASSERT(expr)     ACC_COMPILE_TIME_ASSERT(expr)
                                 ^
src/miniacc.h:4460:5: note: in expansion of macro 'ACCCHK_ASSERT'
     ACCCHK_ASSERT(sizeof(acc_int32l_t) == sizeof(acc_uint32l_t))
     ^
src/miniacc.h:1679:54: warning: typedef '__acc_cta_t' locally defined but not used [-Wunused-local-typedefs]
 #    define ACC_COMPILE_TIME_ASSERT(e)  {typedef int __acc_cta_t[1-2*!(e)];}
                                                      ^
conftest.c:138:33: note: in expansion of macro 'ACC_COMPILE_TIME_ASSERT'
 #define ACCCHK_ASSERT(expr)     ACC_COMPILE_TIME_ASSERT(expr)
                                 ^
src/miniacc.h:4212:9: note: in expansion of macro 'ACCCHK_ASSERT'
         ACCCHK_ASSERT( (type) (-1)       relop  (type) 0 ) \
         ^
src/miniacc.h:4217:49: note: in expansion of macro 'ACCCHK_ASSERT_SIGN_T'
 #  define ACCCHK_ASSERT_IS_SIGNED_T(type)       ACCCHK_ASSERT_SIGN_T(type,<)
                                                 ^
src/miniacc.h:4461:5: note: in expansion of macro 'ACCCHK_ASSERT_IS_SIGNED_T'
     ACCCHK_ASSERT_IS_SIGNED_T(acc_int32l_t)
     ^
src/miniacc.h:1679:54: warning: typedef '__acc_cta_t' locally defined but not used [-Wunused-local-typedefs]
 #    define ACC_COMPILE_TIME_ASSERT(e)  {typedef int __acc_cta_t[1-2*!(e)];}
                                                      ^
conftest.c:138:33: note: in expansion of macro 'ACC_COMPILE_TIME_ASSERT'
 #define ACCCHK_ASSERT(expr)     ACC_COMPILE_TIME_ASSERT(expr)
                                 ^
src/miniacc.h:4213:9: note: in expansion of macro 'ACCCHK_ASSERT'
         ACCCHK_ASSERT( (type) (~(type)0) relop  (type) 0 ) \
         ^
src/miniacc.h:4217:49: note: in expansion of macro 'ACCCHK_ASSERT_SIGN_T'
 #  define ACCCHK_ASSERT_IS_SIGNED_T(type)       ACCCHK_ASSERT_SIGN_T(type,<)
                                                 ^
src/miniacc.h:4461:5: note: in expansion of macro 'ACCCHK_ASSERT_IS_SIGNED_T'
     ACCCHK_ASSERT_IS_SIGNED_T(acc_int32l_t)
     ^
src/miniacc.h:1679:54: warning: typedef '__acc_cta_t' locally defined but not used [-Wunused-local-typedefs]
 #    define ACC_COMPILE_TIME_ASSERT(e)  {typedef int __acc_cta_t[1-2*!(e)];}
                                                      ^
conftest.c:138:33: note: in expansion of macro 'ACC_COMPILE_TIME_ASSERT'
 #define ACCCHK_ASSERT(expr)     ACC_COMPILE_TIME_ASSERT(expr)
                                 ^
src/miniacc.h:4214:9: note: in expansion of macro 'ACCCHK_ASSERT'
         ACCCHK_ASSERT( (type) (~(type)0) ==     (type) (-1) )
         ^
src/miniacc.h:4217:49: note: in expansion of macro 'ACCCHK_ASSERT_SIGN_T'
 #  define ACCCHK_ASSERT_IS_SIGNED_T(type)       ACCCHK_ASSERT_SIGN_T(type,<)
                                                 ^
src/miniacc.h:4461:5: note: in expansion of macro 'ACCCHK_ASSERT_IS_SIGNED_T'
     ACCCHK_ASSERT_IS_SIGNED_T(acc_int32l_t)
     ^
src/miniacc.h:1679:54: warning: typedef '__acc_cta_t' locally defined but not used [-Wunused-local-typedefs]
 #    define ACC_COMPILE_TIME_ASSERT(e)  {typedef int __acc_cta_t[1-2*!(e)];}
                                                      ^
conftest.c:138:33: note: in expansion of macro 'ACC_COMPILE_TIME_ASSERT'
 #define ACCCHK_ASSERT(expr)     ACC_COMPILE_TIME_ASSERT(expr)
                                 ^
src/miniacc.h:4462:5: note: in expansion of macro 'ACCCHK_ASSERT'
     ACCCHK_ASSERT(((( (acc_int32l_t)1 << 30) + 1) >> 30) == 1)
     ^
src/miniacc.h:1679:54: warning: typedef '__acc_cta_t' locally defined but not used [-Wunused-local-typedefs]
 #    define ACC_COMPILE_TIME_ASSERT(e)  {typedef int __acc_cta_t[1-2*!(e)];}
                                                      ^
conftest.c:138:33: note: in expansion of macro 'ACC_COMPILE_TIME_ASSERT'
 #define ACCCHK_ASSERT(expr)     ACC_COMPILE_TIME_ASSERT(expr)
                                 ^
src/miniacc.h:4212:9: note: in expansion of macro 'ACCCHK_ASSERT'
         ACCCHK_ASSERT( (type) (-1)       relop  (type) 0 ) \
         ^
src/miniacc.h:4224:49: note: in expansion of macro 'ACCCHK_ASSERT_SIGN_T'
 #    define ACCCHK_ASSERT_IS_UNSIGNED_T(type)   ACCCHK_ASSERT_SIGN_T(type,>)
                                                 ^
src/miniacc.h:4463:5: note: in expansion of macro 'ACCCHK_ASSERT_IS_UNSIGNED_T'
     ACCCHK_ASSERT_IS_UNSIGNED_T(acc_uint32l_t)
     ^
src/miniacc.h:1679:54: warning: typedef '__acc_cta_t' locally defined but not used [-Wunused-local-typedefs]
 #    define ACC_COMPILE_TIME_ASSERT(e)  {typedef int __acc_cta_t[1-2*!(e)];}
                                                      ^
conftest.c:138:33: note: in expansion of macro 'ACC_COMPILE_TIME_ASSERT'
 #define ACCCHK_ASSERT(expr)     ACC_COMPILE_TIME_ASSERT(expr)
                                 ^
src/miniacc.h:4213:9: note: in expansion of macro 'ACCCHK_ASSERT'
         ACCCHK_ASSERT( (type) (~(type)0) relop  (type) 0 ) \
         ^
src/miniacc.h:4224:49: note: in expansion of macro 'ACCCHK_ASSERT_SIGN_T'
 #    define ACCCHK_ASSERT_IS_UNSIGNED_T(type)   ACCCHK_ASSERT_SIGN_T(type,>)
                                                 ^
src/miniacc.h:4463:5: note: in expansion of macro 'ACCCHK_ASSERT_IS_UNSIGNED_T'
     ACCCHK_ASSERT_IS_UNSIGNED_T(acc_uint32l_t)
     ^
src/miniacc.h:1679:54: warning: typedef '__acc_cta_t' locally defined but not used [-Wunused-local-typedefs]
 #    define ACC_COMPILE_TIME_ASSERT(e)  {typedef int __acc_cta_t[1-2*!(e)];}
                                                      ^
conftest.c:138:33: note: in expansion of macro 'ACC_COMPILE_TIME_ASSERT'
 #define ACCCHK_ASSERT(expr)     ACC_COMPILE_TIME_ASSERT(expr)
                                 ^
src/miniacc.h:4214:9: note: in expansion of macro 'ACCCHK_ASSERT'
         ACCCHK_ASSERT( (type) (~(type)0) ==     (type) (-1) )
         ^
src/miniacc.h:4224:49: note: in expansion of macro 'ACCCHK_ASSERT_SIGN_T'
 #    define ACCCHK_ASSERT_IS_UNSIGNED_T(type)   ACCCHK_ASSERT_SIGN_T(type,>)
                                                 ^
src/miniacc.h:4463:5: note: in expansion of macro 'ACCCHK_ASSERT_IS_UNSIGNED_T'
     ACCCHK_ASSERT_IS_UNSIGNED_T(acc_uint32l_t)
     ^
src/miniacc.h:1679:54: warning: typedef '__acc_cta_t' locally defined but not used [-Wunused-local-typedefs]
 #    define ACC_COMPILE_TIME_ASSERT(e)  {typedef int __acc_cta_t[1-2*!(e)];}
                                                      ^
conftest.c:138:33: note: in expansion of macro 'ACC_COMPILE_TIME_ASSERT'
 #define ACCCHK_ASSERT(expr)     ACC_COMPILE_TIME_ASSERT(expr)
                                 ^
src/miniacc.h:4464:5: note: in expansion of macro 'ACCCHK_ASSERT'
     ACCCHK_ASSERT(((( (acc_uint32l_t)1 << 31) + 1) >> 31) == 1)
     ^
src/miniacc.h:1679:54: warning: typedef '__acc_cta_t' locally defined but not used [-Wunused-local-typedefs]
 #    define ACC_COMPILE_TIME_ASSERT(e)  {typedef int __acc_cta_t[1-2*!(e)];}
                                                      ^
conftest.c:138:33: note: in expansion of macro 'ACC_COMPILE_TIME_ASSERT'
 #define ACCCHK_ASSERT(expr)     ACC_COMPILE_TIME_ASSERT(expr)
                                 ^
src/miniacc.h:4465:5: note: in expansion of macro 'ACCCHK_ASSERT'
     ACCCHK_ASSERT(sizeof(acc_int32f_t) >= sizeof(int))
     ^
src/miniacc.h:1679:54: warning: typedef '__acc_cta_t' locally defined but not used [-Wunused-local-typedefs]
 #    define ACC_COMPILE_TIME_ASSERT(e)  {typedef int __acc_cta_t[1-2*!(e)];}
                                                      ^
conftest.c:138:33: note: in expansion of macro 'ACC_COMPILE_TIME_ASSERT'
 #define ACCCHK_ASSERT(expr)     ACC_COMPILE_TIME_ASSERT(expr)
                                 ^
src/miniacc.h:4467:5: note: in expansion of macro 'ACCCHK_ASSERT'
     ACCCHK_ASSERT(sizeof(acc_int32f_t) >= sizeof(acc_int32e_t))
     ^
src/miniacc.h:1679:54: warning: typedef '__acc_cta_t' locally defined but not used [-Wunused-local-typedefs]
 #    define ACC_COMPILE_TIME_ASSERT(e)  {typedef int __acc_cta_t[1-2*!(e)];}
                                                      ^
conftest.c:138:33: note: in expansion of macro 'ACC_COMPILE_TIME_ASSERT'
 #define ACCCHK_ASSERT(expr)     ACC_COMPILE_TIME_ASSERT(expr)
                                 ^
src/miniacc.h:4469:5: note: in expansion of macro 'ACCCHK_ASSERT'
     ACCCHK_ASSERT(sizeof(acc_int32f_t) >= sizeof(acc_int32l_t))
     ^
src/miniacc.h:1679:54: warning: typedef '__acc_cta_t' locally defined but not used [-Wunused-local-typedefs]
 #    define ACC_COMPILE_TIME_ASSERT(e)  {typedef int __acc_cta_t[1-2*!(e)];}
                                                      ^
conftest.c:138:33: note: in expansion of macro 'ACC_COMPILE_TIME_ASSERT'
 #define ACCCHK_ASSERT(expr)     ACC_COMPILE_TIME_ASSERT(expr)
                                 ^
src/miniacc.h:4470:5: note: in expansion of macro 'ACCCHK_ASSERT'
     ACCCHK_ASSERT(sizeof(acc_int32f_t) >= 4)
     ^
src/miniacc.h:1679:54: warning: typedef '__acc_cta_t' locally defined but not used [-Wunused-local-typedefs]
 #    define ACC_COMPILE_TIME_ASSERT(e)  {typedef int __acc_cta_t[1-2*!(e)];}
                                                      ^
conftest.c:138:33: note: in expansion of macro 'ACC_COMPILE_TIME_ASSERT'
 #define ACCCHK_ASSERT(expr)     ACC_COMPILE_TIME_ASSERT(expr)
                                 ^
src/miniacc.h:4471:5: note: in expansion of macro 'ACCCHK_ASSERT'
     ACCCHK_ASSERT(sizeof(acc_int32f_t) >= sizeof(acc_int32l_t))
     ^
src/miniacc.h:1679:54: warning: typedef '__acc_cta_t' locally defined but not used [-Wunused-local-typedefs]
 #    define ACC_COMPILE_TIME_ASSERT(e)  {typedef int __acc_cta_t[1-2*!(e)];}
                                                      ^
conftest.c:138:33: note: in expansion of macro 'ACC_COMPILE_TIME_ASSERT'
 #define ACCCHK_ASSERT(expr)     ACC_COMPILE_TIME_ASSERT(expr)
                                 ^
src/miniacc.h:4472:5: note: in expansion of macro 'ACCCHK_ASSERT'
     ACCCHK_ASSERT(sizeof(acc_int32f_t) == SIZEOF_ACC_INT32F_T)
     ^
src/miniacc.h:1679:54: warning: typedef '__acc_cta_t' locally defined but not used [-Wunused-local-typedefs]
 #    define ACC_COMPILE_TIME_ASSERT(e)  {typedef int __acc_cta_t[1-2*!(e)];}
                                                      ^
conftest.c:138:33: note: in expansion of macro 'ACC_COMPILE_TIME_ASSERT'
 #define ACCCHK_ASSERT(expr)     ACC_COMPILE_TIME_ASSERT(expr)
                                 ^
src/miniacc.h:4473:5: note: in expansion of macro 'ACCCHK_ASSERT'
     ACCCHK_ASSERT(sizeof(acc_uint32f_t) >= 4)
     ^
src/miniacc.h:1679:54: warning: typedef '__acc_cta_t' locally defined but not used [-Wunused-local-typedefs]
 #    define ACC_COMPILE_TIME_ASSERT(e)  {typedef int __acc_cta_t[1-2*!(e)];}
                                                      ^
conftest.c:138:33: note: in expansion of macro 'ACC_COMPILE_TIME_ASSERT'
 #define ACCCHK_ASSERT(expr)     ACC_COMPILE_TIME_ASSERT(expr)
                                 ^
src/miniacc.h:4474:5: note: in expansion of macro 'ACCCHK_ASSERT'
     ACCCHK_ASSERT(sizeof(acc_uint32f_t) >= sizeof(acc_uint32l_t))
     ^
src/miniacc.h:1679:54: warning: typedef '__acc_cta_t' locally defined but not used [-Wunused-local-typedefs]
 #    define ACC_COMPILE_TIME_ASSERT(e)  {typedef int __acc_cta_t[1-2*!(e)];}
                                                      ^
conftest.c:138:33: note: in expansion of macro 'ACC_COMPILE_TIME_ASSERT'
 #define ACCCHK_ASSERT(expr)     ACC_COMPILE_TIME_ASSERT(expr)
                                 ^
src/miniacc.h:4475:5: note: in expansion of macro 'ACCCHK_ASSERT'
     ACCCHK_ASSERT(sizeof(acc_int32f_t) == sizeof(acc_uint32f_t))
     ^
src/miniacc.h:1679:54: warning: typedef '__acc_cta_t' locally defined but not used [-Wunused-local-typedefs]
 #    define ACC_COMPILE_TIME_ASSERT(e)  {typedef int __acc_cta_t[1-2*!(e)];}
                                                      ^
conftest.c:138:33: note: in expansion of macro 'ACC_COMPILE_TIME_ASSERT'
 #define ACCCHK_ASSERT(expr)     ACC_COMPILE_TIME_ASSERT(expr)
                                 ^
src/miniacc.h:4212:9: note: in expansion of macro 'ACCCHK_ASSERT'
         ACCCHK_ASSERT( (type) (-1)       relop  (type) 0 ) \
         ^
src/miniacc.h:4217:49: note: in expansion of macro 'ACCCHK_ASSERT_SIGN_T'
 #  define ACCCHK_ASSERT_IS_SIGNED_T(type)       ACCCHK_ASSERT_SIGN_T(type,<)
                                                 ^
src/miniacc.h:4476:5: note: in expansion of macro 'ACCCHK_ASSERT_IS_SIGNED_T'
     ACCCHK_ASSERT_IS_SIGNED_T(acc_int32f_t)
     ^
src/miniacc.h:1679:54: warning: typedef '__acc_cta_t' locally defined but not used [-Wunused-local-typedefs]
 #    define ACC_COMPILE_TIME_ASSERT(e)  {typedef int __acc_cta_t[1-2*!(e)];}
                                                      ^
conftest.c:138:33: note: in expansion of macro 'ACC_COMPILE_TIME_ASSERT'
 #define ACCCHK_ASSERT(expr)     ACC_COMPILE_TIME_ASSERT(expr)
                                 ^
src/miniacc.h:4213:9: note: in expansion of macro 'ACCCHK_ASSERT'
         ACCCHK_ASSERT( (type) (~(type)0) relop  (type) 0 ) \
         ^
src/miniacc.h:4217:49: note: in expansion of macro 'ACCCHK_ASSERT_SIGN_T'
 #  define ACCCHK_ASSERT_IS_SIGNED_T(type)       ACCCHK_ASSERT_SIGN_T(type,<)
                                                 ^
src/miniacc.h:4476:5: note: in expansion of macro 'ACCCHK_ASSERT_IS_SIGNED_T'
     ACCCHK_ASSERT_IS_SIGNED_T(acc_int32f_t)
     ^
src/miniacc.h:1679:54: warning: typedef '__acc_cta_t' locally defined but not used [-Wunused-local-typedefs]
 #    define ACC_COMPILE_TIME_ASSERT(e)  {typedef int __acc_cta_t[1-2*!(e)];}
                                                      ^
conftest.c:138:33: note: in expansion of macro 'ACC_COMPILE_TIME_ASSERT'
 #define ACCCHK_ASSERT(expr)     ACC_COMPILE_TIME_ASSERT(expr)
                                 ^
src/miniacc.h:4214:9: note: in expansion of macro 'ACCCHK_ASSERT'
         ACCCHK_ASSERT( (type) (~(type)0) ==     (type) (-1) )
         ^
src/miniacc.h:4217:49: note: in expansion of macro 'ACCCHK_ASSERT_SIGN_T'
 #  define ACCCHK_ASSERT_IS_SIGNED_T(type)       ACCCHK_ASSERT_SIGN_T(type,<)
                                                 ^
src/miniacc.h:4476:5: note: in expansion of macro 'ACCCHK_ASSERT_IS_SIGNED_T'
     ACCCHK_ASSERT_IS_SIGNED_T(acc_int32f_t)
     ^
src/miniacc.h:1679:54: warning: typedef '__acc_cta_t' locally defined but not used [-Wunused-local-typedefs]
 #    define ACC_COMPILE_TIME_ASSERT(e)  {typedef int __acc_cta_t[1-2*!(e)];}
                                                      ^
conftest.c:138:33: note: in expansion of macro 'ACC_COMPILE_TIME_ASSERT'
 #define ACCCHK_ASSERT(expr)     ACC_COMPILE_TIME_ASSERT(expr)
                                 ^
src/miniacc.h:4477:5: note: in expansion of macro 'ACCCHK_ASSERT'
     ACCCHK_ASSERT(((( (acc_int32f_t)1 << 30) + 1) >> 30) == 1)
     ^
src/miniacc.h:1679:54: warning: typedef '__acc_cta_t' locally defined but not used [-Wunused-local-typedefs]
 #    define ACC_COMPILE_TIME_ASSERT(e)  {typedef int __acc_cta_t[1-2*!(e)];}
                                                      ^
conftest.c:138:33: note: in expansion of macro 'ACC_COMPILE_TIME_ASSERT'
 #define ACCCHK_ASSERT(expr)     ACC_COMPILE_TIME_ASSERT(expr)
                                 ^
src/miniacc.h:4212:9: note: in expansion of macro 'ACCCHK_ASSERT'
         ACCCHK_ASSERT( (type) (-1)       relop  (type) 0 ) \
         ^
src/miniacc.h:4224:49: note: in expansion of macro 'ACCCHK_ASSERT_SIGN_T'
 #    define ACCCHK_ASSERT_IS_UNSIGNED_T(type)   ACCCHK_ASSERT_SIGN_T(type,>)
                                                 ^
src/miniacc.h:4478:5: note: in expansion of macro 'ACCCHK_ASSERT_IS_UNSIGNED_T'
     ACCCHK_ASSERT_IS_UNSIGNED_T(acc_uint32f_t)
     ^
src/miniacc.h:1679:54: warning: typedef '__acc_cta_t' locally defined but not used [-Wunused-local-typedefs]
 #    define ACC_COMPILE_TIME_ASSERT(e)  {typedef int __acc_cta_t[1-2*!(e)];}
                                                      ^
conftest.c:138:33: note: in expansion of macro 'ACC_COMPILE_TIME_ASSERT'
 #define ACCCHK_ASSERT(expr)     ACC_COMPILE_TIME_ASSERT(expr)
                                 ^
src/miniacc.h:4213:9: note: in expansion of macro 'ACCCHK_ASSERT'
         ACCCHK_ASSERT( (type) (~(type)0) relop  (type) 0 ) \
         ^
src/miniacc.h:4224:49: note: in expansion of macro 'ACCCHK_ASSERT_SIGN_T'
 #    define ACCCHK_ASSERT_IS_UNSIGNED_T(type)   ACCCHK_ASSERT_SIGN_T(type,>)
                                                 ^
src/miniacc.h:4478:5: note: in expansion of macro 'ACCCHK_ASSERT_IS_UNSIGNED_T'
     ACCCHK_ASSERT_IS_UNSIGNED_T(acc_uint32f_t)
     ^
src/miniacc.h:1679:54: warning: typedef '__acc_cta_t' locally defined but not used [-Wunused-local-typedefs]
 #    define ACC_COMPILE_TIME_ASSERT(e)  {typedef int __acc_cta_t[1-2*!(e)];}
                                                      ^
conftest.c:138:33: note: in expansion of macro 'ACC_COMPILE_TIME_ASSERT'
 #define ACCCHK_ASSERT(expr)     ACC_COMPILE_TIME_ASSERT(expr)
                                 ^
src/miniacc.h:4214:9: note: in expansion of macro 'ACCCHK_ASSERT'
         ACCCHK_ASSERT( (type) (~(type)0) ==     (type) (-1) )
         ^
src/miniacc.h:4224:49: note: in expansion of macro 'ACCCHK_ASSERT_SIGN_T'
 #    define ACCCHK_ASSERT_IS_UNSIGNED_T(type)   ACCCHK_ASSERT_SIGN_T(type,>)
                                                 ^
src/miniacc.h:4478:5: note: in expansion of macro 'ACCCHK_ASSERT_IS_UNSIGNED_T'
     ACCCHK_ASSERT_IS_UNSIGNED_T(acc_uint32f_t)
     ^
src/miniacc.h:1679:54: warning: typedef '__acc_cta_t' locally defined but not used [-Wunused-local-typedefs]
 #    define ACC_COMPILE_TIME_ASSERT(e)  {typedef int __acc_cta_t[1-2*!(e)];}
                                                      ^
conftest.c:138:33: note: in expansion of macro 'ACC_COMPILE_TIME_ASSERT'
 #define ACCCHK_ASSERT(expr)     ACC_COMPILE_TIME_ASSERT(expr)
                                 ^
src/miniacc.h:4479:5: note: in expansion of macro 'ACCCHK_ASSERT'
     ACCCHK_ASSERT(((( (acc_uint32f_t)1 << 31) + 1) >> 31) == 1)
     ^
src/miniacc.h:1679:54: warning: typedef '__acc_cta_t' locally defined but not used [-Wunused-local-typedefs]
 #    define ACC_COMPILE_TIME_ASSERT(e)  {typedef int __acc_cta_t[1-2*!(e)];}
                                                      ^
conftest.c:138:33: note: in expansion of macro 'ACC_COMPILE_TIME_ASSERT'
 #define ACCCHK_ASSERT(expr)     ACC_COMPILE_TIME_ASSERT(expr)
                                 ^
src/miniacc.h:4481:5: note: in expansion of macro 'ACCCHK_ASSERT'
     ACCCHK_ASSERT(sizeof(acc_int64e_t) == 8)
     ^
src/miniacc.h:1679:54: warning: typedef '__acc_cta_t' locally defined but not used [-Wunused-local-typedefs]
 #    define ACC_COMPILE_TIME_ASSERT(e)  {typedef int __acc_cta_t[1-2*!(e)];}
                                                      ^
conftest.c:138:33: note: in expansion of macro 'ACC_COMPILE_TIME_ASSERT'
 #define ACCCHK_ASSERT(expr)     ACC_COMPILE_TIME_ASSERT(expr)
                                 ^
src/miniacc.h:4482:5: note: in expansion of macro 'ACCCHK_ASSERT'
     ACCCHK_ASSERT(sizeof(acc_int64e_t) == SIZEOF_ACC_INT64E_T)
     ^
src/miniacc.h:1679:54: warning: typedef '__acc_cta_t' locally defined but not used [-Wunused-local-typedefs]
 #    define ACC_COMPILE_TIME_ASSERT(e)  {typedef int __acc_cta_t[1-2*!(e)];}
                                                      ^
conftest.c:138:33: note: in expansion of macro 'ACC_COMPILE_TIME_ASSERT'
 #define ACCCHK_ASSERT(expr)     ACC_COMPILE_TIME_ASSERT(expr)
                                 ^
src/miniacc.h:4483:5: note: in expansion of macro 'ACCCHK_ASSERT'
     ACCCHK_ASSERT(sizeof(acc_uint64e_t) == 8)
     ^
src/miniacc.h:1679:54: warning: typedef '__acc_cta_t' locally defined but not used [-Wunused-local-typedefs]
 #    define ACC_COMPILE_TIME_ASSERT(e)  {typedef int __acc_cta_t[1-2*!(e)];}
                                                      ^
conftest.c:138:33: note: in expansion of macro 'ACC_COMPILE_TIME_ASSERT'
 #define ACCCHK_ASSERT(expr)     ACC_COMPILE_TIME_ASSERT(expr)
                                 ^
src/miniacc.h:4484:5: note: in expansion of macro 'ACCCHK_ASSERT'
     ACCCHK_ASSERT(sizeof(acc_int64e_t) == sizeof(acc_uint64e_t))
     ^
src/miniacc.h:1679:54: warning: typedef '__acc_cta_t' locally defined but not used [-Wunused-local-typedefs]
 #    define ACC_COMPILE_TIME_ASSERT(e)  {typedef int __acc_cta_t[1-2*!(e)];}
                                                      ^
conftest.c:138:33: note: in expansion of macro 'ACC_COMPILE_TIME_ASSERT'
 #define ACCCHK_ASSERT(expr)     ACC_COMPILE_TIME_ASSERT(expr)
                                 ^
src/miniacc.h:4212:9: note: in expansion of macro 'ACCCHK_ASSERT'
         ACCCHK_ASSERT( (type) (-1)       relop  (type) 0 ) \
         ^
src/miniacc.h:4217:49: note: in expansion of macro 'ACCCHK_ASSERT_SIGN_T'
 #  define ACCCHK_ASSERT_IS_SIGNED_T(type)       ACCCHK_ASSERT_SIGN_T(type,<)
                                                 ^
src/miniacc.h:4485:5: note: in expansion of macro 'ACCCHK_ASSERT_IS_SIGNED_T'
     ACCCHK_ASSERT_IS_SIGNED_T(acc_int64e_t)
     ^
src/miniacc.h:1679:54: warning: typedef '__acc_cta_t' locally defined but not used [-Wunused-local-typedefs]
 #    define ACC_COMPILE_TIME_ASSERT(e)  {typedef int __acc_cta_t[1-2*!(e)];}
                                                      ^
conftest.c:138:33: note: in expansion of macro 'ACC_COMPILE_TIME_ASSERT'
 #define ACCCHK_ASSERT(expr)     ACC_COMPILE_TIME_ASSERT(expr)
                                 ^
src/miniacc.h:4213:9: note: in expansion of macro 'ACCCHK_ASSERT'
         ACCCHK_ASSERT( (type) (~(type)0) relop  (type) 0 ) \
         ^
src/miniacc.h:4217:49: note: in expansion of macro 'ACCCHK_ASSERT_SIGN_T'
 #  define ACCCHK_ASSERT_IS_SIGNED_T(type)       ACCCHK_ASSERT_SIGN_T(type,<)
                                                 ^
src/miniacc.h:4485:5: note: in expansion of macro 'ACCCHK_ASSERT_IS_SIGNED_T'
     ACCCHK_ASSERT_IS_SIGNED_T(acc_int64e_t)
     ^
src/miniacc.h:1679:54: warning: typedef '__acc_cta_t' locally defined but not used [-Wunused-local-typedefs]
 #    define ACC_COMPILE_TIME_ASSERT(e)  {typedef int __acc_cta_t[1-2*!(e)];}
                                                      ^
conftest.c:138:33: note: in expansion of macro 'ACC_COMPILE_TIME_ASSERT'
 #define ACCCHK_ASSERT(expr)     ACC_COMPILE_TIME_ASSERT(expr)
                                 ^
src/miniacc.h:4214:9: note: in expansion of macro 'ACCCHK_ASSERT'
         ACCCHK_ASSERT( (type) (~(type)0) ==     (type) (-1) )
         ^
src/miniacc.h:4217:49: note: in expansion of macro 'ACCCHK_ASSERT_SIGN_T'
 #  define ACCCHK_ASSERT_IS_SIGNED_T(type)       ACCCHK_ASSERT_SIGN_T(type,<)
                                                 ^
src/miniacc.h:4485:5: note: in expansion of macro 'ACCCHK_ASSERT_IS_SIGNED_T'
     ACCCHK_ASSERT_IS_SIGNED_T(acc_int64e_t)
     ^
src/miniacc.h:1679:54: warning: typedef '__acc_cta_t' locally defined but not used [-Wunused-local-typedefs]
 #    define ACC_COMPILE_TIME_ASSERT(e)  {typedef int __acc_cta_t[1-2*!(e)];}
                                                      ^
conftest.c:138:33: note: in expansion of macro 'ACC_COMPILE_TIME_ASSERT'
 #define ACCCHK_ASSERT(expr)     ACC_COMPILE_TIME_ASSERT(expr)
                                 ^
src/miniacc.h:4212:9: note: in expansion of macro 'ACCCHK_ASSERT'
         ACCCHK_ASSERT( (type) (-1)       relop  (type) 0 ) \
         ^
src/miniacc.h:4224:49: note: in expansion of macro 'ACCCHK_ASSERT_SIGN_T'
 #    define ACCCHK_ASSERT_IS_UNSIGNED_T(type)   ACCCHK_ASSERT_SIGN_T(type,>)
                                                 ^
src/miniacc.h:4488:5: note: in expansion of macro 'ACCCHK_ASSERT_IS_UNSIGNED_T'
     ACCCHK_ASSERT_IS_UNSIGNED_T(acc_uint64e_t)
     ^
src/miniacc.h:1679:54: warning: typedef '__acc_cta_t' locally defined but not used [-Wunused-local-typedefs]
 #    define ACC_COMPILE_TIME_ASSERT(e)  {typedef int __acc_cta_t[1-2*!(e)];}
                                                      ^
conftest.c:138:33: note: in expansion of macro 'ACC_COMPILE_TIME_ASSERT'
 #define ACCCHK_ASSERT(expr)     ACC_COMPILE_TIME_ASSERT(expr)
                                 ^
src/miniacc.h:4213:9: note: in expansion of macro 'ACCCHK_ASSERT'
         ACCCHK_ASSERT( (type) (~(type)0) relop  (type) 0 ) \
         ^
src/miniacc.h:4224:49: note: in expansion of macro 'ACCCHK_ASSERT_SIGN_T'
 #    define ACCCHK_ASSERT_IS_UNSIGNED_T(type)   ACCCHK_ASSERT_SIGN_T(type,>)
                                                 ^
src/miniacc.h:4488:5: note: in expansion of macro 'ACCCHK_ASSERT_IS_UNSIGNED_T'
     ACCCHK_ASSERT_IS_UNSIGNED_T(acc_uint64e_t)
     ^
src/miniacc.h:1679:54: warning: typedef '__acc_cta_t' locally defined but not used [-Wunused-local-typedefs]
 #    define ACC_COMPILE_TIME_ASSERT(e)  {typedef int __acc_cta_t[1-2*!(e)];}
                                                      ^
conftest.c:138:33: note: in expansion of macro 'ACC_COMPILE_TIME_ASSERT'
 #define ACCCHK_ASSERT(expr)     ACC_COMPILE_TIME_ASSERT(expr)
                                 ^
src/miniacc.h:4214:9: note: in expansion of macro 'ACCCHK_ASSERT'
         ACCCHK_ASSERT( (type) (~(type)0) ==     (type) (-1) )
         ^
src/miniacc.h:4224:49: note: in expansion of macro 'ACCCHK_ASSERT_SIGN_T'
 #    define ACCCHK_ASSERT_IS_UNSIGNED_T(type)   ACCCHK_ASSERT_SIGN_T(type,>)
                                                 ^
src/miniacc.h:4488:5: note: in expansion of macro 'ACCCHK_ASSERT_IS_UNSIGNED_T'
     ACCCHK_ASSERT_IS_UNSIGNED_T(acc_uint64e_t)
     ^
src/miniacc.h:1679:54: warning: typedef '__acc_cta_t' locally defined but not used [-Wunused-local-typedefs]
 #    define ACC_COMPILE_TIME_ASSERT(e)  {typedef int __acc_cta_t[1-2*!(e)];}
                                                      ^
conftest.c:138:33: note: in expansion of macro 'ACC_COMPILE_TIME_ASSERT'
 #define ACCCHK_ASSERT(expr)     ACC_COMPILE_TIME_ASSERT(expr)
                                 ^
src/miniacc.h:4493:5: note: in expansion of macro 'ACCCHK_ASSERT'
     ACCCHK_ASSERT(sizeof(acc_int64l_t) >= sizeof(acc_int64e_t))
     ^
src/miniacc.h:1679:54: warning: typedef '__acc_cta_t' locally defined but not used [-Wunused-local-typedefs]
 #    define ACC_COMPILE_TIME_ASSERT(e)  {typedef int __acc_cta_t[1-2*!(e)];}
                                                      ^
conftest.c:138:33: note: in expansion of macro 'ACC_COMPILE_TIME_ASSERT'
 #define ACCCHK_ASSERT(expr)     ACC_COMPILE_TIME_ASSERT(expr)
                                 ^
src/miniacc.h:4495:5: note: in expansion of macro 'ACCCHK_ASSERT'
     ACCCHK_ASSERT(sizeof(acc_int64l_t) >= 8)
     ^
src/miniacc.h:1679:54: warning: typedef '__acc_cta_t' locally defined but not used [-Wunused-local-typedefs]
 #    define ACC_COMPILE_TIME_ASSERT(e)  {typedef int __acc_cta_t[1-2*!(e)];}
                                                      ^
conftest.c:138:33: note: in expansion of macro 'ACC_COMPILE_TIME_ASSERT'
 #define ACCCHK_ASSERT(expr)     ACC_COMPILE_TIME_ASSERT(expr)
                                 ^
src/miniacc.h:4496:5: note: in expansion of macro 'ACCCHK_ASSERT'
     ACCCHK_ASSERT(sizeof(acc_int64l_t) == SIZEOF_ACC_INT64L_T)
     ^
src/miniacc.h:1679:54: warning: typedef '__acc_cta_t' locally defined but not used [-Wunused-local-typedefs]
 #    define ACC_COMPILE_TIME_ASSERT(e)  {typedef int __acc_cta_t[1-2*!(e)];}
                                                      ^
conftest.c:138:33: note: in expansion of macro 'ACC_COMPILE_TIME_ASSERT'
 #define ACCCHK_ASSERT(expr)     ACC_COMPILE_TIME_ASSERT(expr)
                                 ^
src/miniacc.h:4497:5: note: in expansion of macro 'ACCCHK_ASSERT'
     ACCCHK_ASSERT(sizeof(acc_uint64l_t) >= 8)
     ^
src/miniacc.h:1679:54: warning: typedef '__acc_cta_t' locally defined but not used [-Wunused-local-typedefs]
 #    define ACC_COMPILE_TIME_ASSERT(e)  {typedef int __acc_cta_t[1-2*!(e)];}
                                                      ^
conftest.c:138:33: note: in expansion of macro 'ACC_COMPILE_TIME_ASSERT'
 #define ACCCHK_ASSERT(expr)     ACC_COMPILE_TIME_ASSERT(expr)
                                 ^
src/miniacc.h:4498:5: note: in expansion of macro 'ACCCHK_ASSERT'
     ACCCHK_ASSERT(sizeof(acc_int64l_t) == sizeof(acc_uint64l_t))
     ^
src/miniacc.h:1679:54: warning: typedef '__acc_cta_t' locally defined but not used [-Wunused-local-typedefs]
 #    define ACC_COMPILE_TIME_ASSERT(e)  {typedef int __acc_cta_t[1-2*!(e)];}
                                                      ^
conftest.c:138:33: note: in expansion of macro 'ACC_COMPILE_TIME_ASSERT'
 #define ACCCHK_ASSERT(expr)     ACC_COMPILE_TIME_ASSERT(expr)
                                 ^
src/miniacc.h:4212:9: note: in expansion of macro 'ACCCHK_ASSERT'
         ACCCHK_ASSERT( (type) (-1)       relop  (type) 0 ) \
         ^
src/miniacc.h:4217:49: note: in expansion of macro 'ACCCHK_ASSERT_SIGN_T'
 #  define ACCCHK_ASSERT_IS_SIGNED_T(type)       ACCCHK_ASSERT_SIGN_T(type,<)
                                                 ^
src/miniacc.h:4499:5: note: in expansion of macro 'ACCCHK_ASSERT_IS_SIGNED_T'
     ACCCHK_ASSERT_IS_SIGNED_T(acc_int64l_t)
     ^
src/miniacc.h:1679:54: warning: typedef '__acc_cta_t' locally defined but not used [-Wunused-local-typedefs]
 #    define ACC_COMPILE_TIME_ASSERT(e)  {typedef int __acc_cta_t[1-2*!(e)];}
                                                      ^
conftest.c:138:33: note: in expansion of macro 'ACC_COMPILE_TIME_ASSERT'
 #define ACCCHK_ASSERT(expr)     ACC_COMPILE_TIME_ASSERT(expr)
                                 ^
src/miniacc.h:4213:9: note: in expansion of macro 'ACCCHK_ASSERT'
         ACCCHK_ASSERT( (type) (~(type)0) relop  (type) 0 ) \
         ^
src/miniacc.h:4217:49: note: in expansion of macro 'ACCCHK_ASSERT_SIGN_T'
 #  define ACCCHK_ASSERT_IS_SIGNED_T(type)       ACCCHK_ASSERT_SIGN_T(type,<)
                                                 ^
src/miniacc.h:4499:5: note: in expansion of macro 'ACCCHK_ASSERT_IS_SIGNED_T'
     ACCCHK_ASSERT_IS_SIGNED_T(acc_int64l_t)
     ^
src/miniacc.h:1679:54: warning: typedef '__acc_cta_t' locally defined but not used [-Wunused-local-typedefs]
 #    define ACC_COMPILE_TIME_ASSERT(e)  {typedef int __acc_cta_t[1-2*!(e)];}
                                                      ^
conftest.c:138:33: note: in expansion of macro 'ACC_COMPILE_TIME_ASSERT'
 #define ACCCHK_ASSERT(expr)     ACC_COMPILE_TIME_ASSERT(expr)
                                 ^
src/miniacc.h:4214:9: note: in expansion of macro 'ACCCHK_ASSERT'
         ACCCHK_ASSERT( (type) (~(type)0) ==     (type) (-1) )
         ^
src/miniacc.h:4217:49: note: in expansion of macro 'ACCCHK_ASSERT_SIGN_T'
 #  define ACCCHK_ASSERT_IS_SIGNED_T(type)       ACCCHK_ASSERT_SIGN_T(type,<)
                                                 ^
src/miniacc.h:4499:5: note: in expansion of macro 'ACCCHK_ASSERT_IS_SIGNED_T'
     ACCCHK_ASSERT_IS_SIGNED_T(acc_int64l_t)
     ^
src/miniacc.h:1679:54: warning: typedef '__acc_cta_t' locally defined but not used [-Wunused-local-typedefs]
 #    define ACC_COMPILE_TIME_ASSERT(e)  {typedef int __acc_cta_t[1-2*!(e)];}
                                                      ^
conftest.c:138:33: note: in expansion of macro 'ACC_COMPILE_TIME_ASSERT'
 #define ACCCHK_ASSERT(expr)     ACC_COMPILE_TIME_ASSERT(expr)
                                 ^
src/miniacc.h:4500:5: note: in expansion of macro 'ACCCHK_ASSERT'
     ACCCHK_ASSERT(((( (acc_int64l_t)1 << 62) + 1) >> 62) == 1)
     ^
src/miniacc.h:1679:54: warning: typedef '__acc_cta_t' locally defined but not used [-Wunused-local-typedefs]
 #    define ACC_COMPILE_TIME_ASSERT(e)  {typedef int __acc_cta_t[1-2*!(e)];}
                                                      ^
conftest.c:138:33: note: in expansion of macro 'ACC_COMPILE_TIME_ASSERT'
 #define ACCCHK_ASSERT(expr)     ACC_COMPILE_TIME_ASSERT(expr)
                                 ^
src/miniacc.h:4501:5: note: in expansion of macro 'ACCCHK_ASSERT'
     ACCCHK_ASSERT(((( ACC_INT64_C(1) << 62) + 1) >> 62) == 1)
     ^
src/miniacc.h:1679:54: warning: typedef '__acc_cta_t' locally defined but not used [-Wunused-local-typedefs]
 #    define ACC_COMPILE_TIME_ASSERT(e)  {typedef int __acc_cta_t[1-2*!(e)];}
                                                      ^
conftest.c:138:33: note: in expansion of macro 'ACC_COMPILE_TIME_ASSERT'
 #define ACCCHK_ASSERT(expr)     ACC_COMPILE_TIME_ASSERT(expr)
                                 ^
src/miniacc.h:4212:9: note: in expansion of macro 'ACCCHK_ASSERT'
         ACCCHK_ASSERT( (type) (-1)       relop  (type) 0 ) \
         ^
src/miniacc.h:4224:49: note: in expansion of macro 'ACCCHK_ASSERT_SIGN_T'
 #    define ACCCHK_ASSERT_IS_UNSIGNED_T(type)   ACCCHK_ASSERT_SIGN_T(type,>)
                                                 ^
src/miniacc.h:4504:5: note: in expansion of macro 'ACCCHK_ASSERT_IS_UNSIGNED_T'
     ACCCHK_ASSERT_IS_UNSIGNED_T(acc_uint64l_t)
     ^
src/miniacc.h:1679:54: warning: typedef '__acc_cta_t' locally defined but not used [-Wunused-local-typedefs]
 #    define ACC_COMPILE_TIME_ASSERT(e)  {typedef int __acc_cta_t[1-2*!(e)];}
                                                      ^
conftest.c:138:33: note: in expansion of macro 'ACC_COMPILE_TIME_ASSERT'
 #define ACCCHK_ASSERT(expr)     ACC_COMPILE_TIME_ASSERT(expr)
                                 ^
src/miniacc.h:4213:9: note: in expansion of macro 'ACCCHK_ASSERT'
         ACCCHK_ASSERT( (type) (~(type)0) relop  (type) 0 ) \
         ^
src/miniacc.h:4224:49: note: in expansion of macro 'ACCCHK_ASSERT_SIGN_T'
 #    define ACCCHK_ASSERT_IS_UNSIGNED_T(type)   ACCCHK_ASSERT_SIGN_T(type,>)
                                                 ^
src/miniacc.h:4504:5: note: in expansion of macro 'ACCCHK_ASSERT_IS_UNSIGNED_T'
     ACCCHK_ASSERT_IS_UNSIGNED_T(acc_uint64l_t)
     ^
src/miniacc.h:1679:54: warning: typedef '__acc_cta_t' locally defined but not used [-Wunused-local-typedefs]
 #    define ACC_COMPILE_TIME_ASSERT(e)  {typedef int __acc_cta_t[1-2*!(e)];}
                                                      ^
conftest.c:138:33: note: in expansion of macro 'ACC_COMPILE_TIME_ASSERT'
 #define ACCCHK_ASSERT(expr)     ACC_COMPILE_TIME_ASSERT(expr)
                                 ^
src/miniacc.h:4214:9: note: in expansion of macro 'ACCCHK_ASSERT'
         ACCCHK_ASSERT( (type) (~(type)0) ==     (type) (-1) )
         ^
src/miniacc.h:4224:49: note: in expansion of macro 'ACCCHK_ASSERT_SIGN_T'
 #    define ACCCHK_ASSERT_IS_UNSIGNED_T(type)   ACCCHK_ASSERT_SIGN_T(type,>)
                                                 ^
src/miniacc.h:4504:5: note: in expansion of macro 'ACCCHK_ASSERT_IS_UNSIGNED_T'
     ACCCHK_ASSERT_IS_UNSIGNED_T(acc_uint64l_t)
     ^
src/miniacc.h:1679:54: warning: typedef '__acc_cta_t' locally defined but not used [-Wunused-local-typedefs]
 #    define ACC_COMPILE_TIME_ASSERT(e)  {typedef int __acc_cta_t[1-2*!(e)];}
                                                      ^
conftest.c:138:33: note: in expansion of macro 'ACC_COMPILE_TIME_ASSERT'
 #define ACCCHK_ASSERT(expr)     ACC_COMPILE_TIME_ASSERT(expr)
                                 ^
src/miniacc.h:4505:5: note: in expansion of macro 'ACCCHK_ASSERT'
     ACCCHK_ASSERT(ACC_UINT64_C(18446744073709551615)     > 0)
     ^
src/miniacc.h:1679:54: warning: typedef '__acc_cta_t' locally defined but not used [-Wunused-local-typedefs]
 #    define ACC_COMPILE_TIME_ASSERT(e)  {typedef int __acc_cta_t[1-2*!(e)];}
                                                      ^
conftest.c:138:33: note: in expansion of macro 'ACC_COMPILE_TIME_ASSERT'
 #define ACCCHK_ASSERT(expr)     ACC_COMPILE_TIME_ASSERT(expr)
                                 ^
src/miniacc.h:4507:5: note: in expansion of macro 'ACCCHK_ASSERT'
     ACCCHK_ASSERT(((( (acc_uint64l_t)1 << 63) + 1) >> 63) == 1)
     ^
src/miniacc.h:1679:54: warning: typedef '__acc_cta_t' locally defined but not used [-Wunused-local-typedefs]
 #    define ACC_COMPILE_TIME_ASSERT(e)  {typedef int __acc_cta_t[1-2*!(e)];}
                                                      ^
conftest.c:138:33: note: in expansion of macro 'ACC_COMPILE_TIME_ASSERT'
 #define ACCCHK_ASSERT(expr)     ACC_COMPILE_TIME_ASSERT(expr)
                                 ^
src/miniacc.h:4508:5: note: in expansion of macro 'ACCCHK_ASSERT'
     ACCCHK_ASSERT(((( ACC_UINT64_C(1) << 63) + 1) >> 63) == 1)
     ^
src/miniacc.h:1679:54: warning: typedef '__acc_cta_t' locally defined but not used [-Wunused-local-typedefs]
 #    define ACC_COMPILE_TIME_ASSERT(e)  {typedef int __acc_cta_t[1-2*!(e)];}
                                                      ^
conftest.c:138:33: note: in expansion of macro 'ACC_COMPILE_TIME_ASSERT'
 #define ACCCHK_ASSERT(expr)     ACC_COMPILE_TIME_ASSERT(expr)
                                 ^
src/miniacc.h:4512:5: note: in expansion of macro 'ACCCHK_ASSERT'
     ACCCHK_ASSERT(ACC_INT64_C(9223372036854775807)       > 0)
     ^
src/miniacc.h:1679:54: warning: typedef '__acc_cta_t' locally defined but not used [-Wunused-local-typedefs]
 #    define ACC_COMPILE_TIME_ASSERT(e)  {typedef int __acc_cta_t[1-2*!(e)];}
                                                      ^
conftest.c:138:33: note: in expansion of macro 'ACC_COMPILE_TIME_ASSERT'
 #define ACCCHK_ASSERT(expr)     ACC_COMPILE_TIME_ASSERT(expr)
                                 ^
src/miniacc.h:4514:5: note: in expansion of macro 'ACCCHK_ASSERT'
     ACCCHK_ASSERT(ACC_INT64_C(-9223372036854775807) - 1  < 0)
     ^
src/miniacc.h:1679:54: warning: typedef '__acc_cta_t' locally defined but not used [-Wunused-local-typedefs]
 #    define ACC_COMPILE_TIME_ASSERT(e)  {typedef int __acc_cta_t[1-2*!(e)];}
                                                      ^
conftest.c:138:33: note: in expansion of macro 'ACC_COMPILE_TIME_ASSERT'
 #define ACCCHK_ASSERT(expr)     ACC_COMPILE_TIME_ASSERT(expr)
                                 ^
src/miniacc.h:4515:5: note: in expansion of macro 'ACCCHK_ASSERT'
     ACCCHK_ASSERT( ACC_INT64_C(9223372036854775807) % ACC_INT32_C(2147483629)  == 721)
     ^
src/miniacc.h:1679:54: warning: typedef '__acc_cta_t' locally defined but not used [-Wunused-local-typedefs]
 #    define ACC_COMPILE_TIME_ASSERT(e)  {typedef int __acc_cta_t[1-2*!(e)];}
                                                      ^
conftest.c:138:33: note: in expansion of macro 'ACC_COMPILE_TIME_ASSERT'
 #define ACCCHK_ASSERT(expr)     ACC_COMPILE_TIME_ASSERT(expr)
                                 ^
src/miniacc.h:4516:5: note: in expansion of macro 'ACCCHK_ASSERT'
     ACCCHK_ASSERT( ACC_INT64_C(9223372036854775807) % ACC_INT32_C(2147483647)  == 1)
     ^
src/miniacc.h:1679:54: warning: typedef '__acc_cta_t' locally defined but not used [-Wunused-local-typedefs]
 #    define ACC_COMPILE_TIME_ASSERT(e)  {typedef int __acc_cta_t[1-2*!(e)];}
                                                      ^
conftest.c:138:33: note: in expansion of macro 'ACC_COMPILE_TIME_ASSERT'
 #define ACCCHK_ASSERT(expr)     ACC_COMPILE_TIME_ASSERT(expr)
                                 ^
src/miniacc.h:4517:5: note: in expansion of macro 'ACCCHK_ASSERT'
     ACCCHK_ASSERT(ACC_UINT64_C(9223372036854775807) % ACC_UINT32_C(2147483629) == 721)
     ^
src/miniacc.h:1679:54: warning: typedef '__acc_cta_t' locally defined but not used [-Wunused-local-typedefs]
 #    define ACC_COMPILE_TIME_ASSERT(e)  {typedef int __acc_cta_t[1-2*!(e)];}
                                                      ^
conftest.c:138:33: note: in expansion of macro 'ACC_COMPILE_TIME_ASSERT'
 #define ACCCHK_ASSERT(expr)     ACC_COMPILE_TIME_ASSERT(expr)
                                 ^
src/miniacc.h:4518:5: note: in expansion of macro 'ACCCHK_ASSERT'
     ACCCHK_ASSERT(ACC_UINT64_C(9223372036854775807) % ACC_UINT32_C(2147483647) == 1)
     ^
src/miniacc.h:1679:54: warning: typedef '__acc_cta_t' locally defined but not used [-Wunused-local-typedefs]
 #    define ACC_COMPILE_TIME_ASSERT(e)  {typedef int __acc_cta_t[1-2*!(e)];}
                                                      ^
conftest.c:138:33: note: in expansion of macro 'ACC_COMPILE_TIME_ASSERT'
 #define ACCCHK_ASSERT(expr)     ACC_COMPILE_TIME_ASSERT(expr)
                                 ^
src/miniacc.h:4212:9: note: in expansion of macro 'ACCCHK_ASSERT'
         ACCCHK_ASSERT( (type) (-1)       relop  (type) 0 ) \
         ^
src/miniacc.h:4217:49: note: in expansion of macro 'ACCCHK_ASSERT_SIGN_T'
 #  define ACCCHK_ASSERT_IS_SIGNED_T(type)       ACCCHK_ASSERT_SIGN_T(type,<)
                                                 ^
src/miniacc.h:4521:5: note: in expansion of macro 'ACCCHK_ASSERT_IS_SIGNED_T'
     ACCCHK_ASSERT_IS_SIGNED_T(acc_intptr_t)
     ^
src/miniacc.h:1679:54: warning: typedef '__acc_cta_t' locally defined but not used [-Wunused-local-typedefs]
 #    define ACC_COMPILE_TIME_ASSERT(e)  {typedef int __acc_cta_t[1-2*!(e)];}
                                                      ^
conftest.c:138:33: note: in expansion of macro 'ACC_COMPILE_TIME_ASSERT'
 #define ACCCHK_ASSERT(expr)     ACC_COMPILE_TIME_ASSERT(expr)
                                 ^
src/miniacc.h:4213:9: note: in expansion of macro 'ACCCHK_ASSERT'
         ACCCHK_ASSERT( (type) (~(type)0) relop  (type) 0 ) \
         ^
src/miniacc.h:4217:49: note: in expansion of macro 'ACCCHK_ASSERT_SIGN_T'
 #  define ACCCHK_ASSERT_IS_SIGNED_T(type)       ACCCHK_ASSERT_SIGN_T(type,<)
                                                 ^
src/miniacc.h:4521:5: note: in expansion of macro 'ACCCHK_ASSERT_IS_SIGNED_T'
     ACCCHK_ASSERT_IS_SIGNED_T(acc_intptr_t)
     ^
src/miniacc.h:1679:54: warning: typedef '__acc_cta_t' locally defined but not used [-Wunused-local-typedefs]
 #    define ACC_COMPILE_TIME_ASSERT(e)  {typedef int __acc_cta_t[1-2*!(e)];}
                                                      ^
conftest.c:138:33: note: in expansion of macro 'ACC_COMPILE_TIME_ASSERT'
 #define ACCCHK_ASSERT(expr)     ACC_COMPILE_TIME_ASSERT(expr)
                                 ^
src/miniacc.h:4214:9: note: in expansion of macro 'ACCCHK_ASSERT'
         ACCCHK_ASSERT( (type) (~(type)0) ==     (type) (-1) )
         ^
src/miniacc.h:4217:49: note: in expansion of macro 'ACCCHK_ASSERT_SIGN_T'
 #  define ACCCHK_ASSERT_IS_SIGNED_T(type)       ACCCHK_ASSERT_SIGN_T(type,<)
                                                 ^
src/miniacc.h:4521:5: note: in expansion of macro 'ACCCHK_ASSERT_IS_SIGNED_T'
     ACCCHK_ASSERT_IS_SIGNED_T(acc_intptr_t)
     ^
src/miniacc.h:1679:54: warning: typedef '__acc_cta_t' locally defined but not used [-Wunused-local-typedefs]
 #    define ACC_COMPILE_TIME_ASSERT(e)  {typedef int __acc_cta_t[1-2*!(e)];}
                                                      ^
conftest.c:138:33: note: in expansion of macro 'ACC_COMPILE_TIME_ASSERT'
 #define ACCCHK_ASSERT(expr)     ACC_COMPILE_TIME_ASSERT(expr)
                                 ^
src/miniacc.h:4212:9: note: in expansion of macro 'ACCCHK_ASSERT'
         ACCCHK_ASSERT( (type) (-1)       relop  (type) 0 ) \
         ^
src/miniacc.h:4224:49: note: in expansion of macro 'ACCCHK_ASSERT_SIGN_T'
 #    define ACCCHK_ASSERT_IS_UNSIGNED_T(type)   ACCCHK_ASSERT_SIGN_T(type,>)
                                                 ^
src/miniacc.h:4522:5: note: in expansion of macro 'ACCCHK_ASSERT_IS_UNSIGNED_T'
     ACCCHK_ASSERT_IS_UNSIGNED_T(acc_uintptr_t)
     ^
src/miniacc.h:1679:54: warning: typedef '__acc_cta_t' locally defined but not used [-Wunused-local-typedefs]
 #    define ACC_COMPILE_TIME_ASSERT(e)  {typedef int __acc_cta_t[1-2*!(e)];}
                                                      ^
conftest.c:138:33: note: in expansion of macro 'ACC_COMPILE_TIME_ASSERT'
 #define ACCCHK_ASSERT(expr)     ACC_COMPILE_TIME_ASSERT(expr)
                                 ^
src/miniacc.h:4213:9: note: in expansion of macro 'ACCCHK_ASSERT'
         ACCCHK_ASSERT( (type) (~(type)0) relop  (type) 0 ) \
         ^
src/miniacc.h:4224:49: note: in expansion of macro 'ACCCHK_ASSERT_SIGN_T'
 #    define ACCCHK_ASSERT_IS_UNSIGNED_T(type)   ACCCHK_ASSERT_SIGN_T(type,>)
                                                 ^
src/miniacc.h:4522:5: note: in expansion of macro 'ACCCHK_ASSERT_IS_UNSIGNED_T'
     ACCCHK_ASSERT_IS_UNSIGNED_T(acc_uintptr_t)
     ^
src/miniacc.h:1679:54: warning: typedef '__acc_cta_t' locally defined but not used [-Wunused-local-typedefs]
 #    define ACC_COMPILE_TIME_ASSERT(e)  {typedef int __acc_cta_t[1-2*!(e)];}
                                                      ^
conftest.c:138:33: note: in expansion of macro 'ACC_COMPILE_TIME_ASSERT'
 #define ACCCHK_ASSERT(expr)     ACC_COMPILE_TIME_ASSERT(expr)
                                 ^
src/miniacc.h:4214:9: note: in expansion of macro 'ACCCHK_ASSERT'
         ACCCHK_ASSERT( (type) (~(type)0) ==     (type) (-1) )
         ^
src/miniacc.h:4224:49: note: in expansion of macro 'ACCCHK_ASSERT_SIGN_T'
 #    define ACCCHK_ASSERT_IS_UNSIGNED_T(type)   ACCCHK_ASSERT_SIGN_T(type,>)
                                                 ^
src/miniacc.h:4522:5: note: in expansion of macro 'ACCCHK_ASSERT_IS_UNSIGNED_T'
     ACCCHK_ASSERT_IS_UNSIGNED_T(acc_uintptr_t)
     ^
src/miniacc.h:1679:54: warning: typedef '__acc_cta_t' locally defined but not used [-Wunused-local-typedefs]
 #    define ACC_COMPILE_TIME_ASSERT(e)  {typedef int __acc_cta_t[1-2*!(e)];}
                                                      ^
conftest.c:138:33: note: in expansion of macro 'ACC_COMPILE_TIME_ASSERT'
 #define ACCCHK_ASSERT(expr)     ACC_COMPILE_TIME_ASSERT(expr)
                                 ^
src/miniacc.h:4524:5: note: in expansion of macro 'ACCCHK_ASSERT'
     ACCCHK_ASSERT(sizeof(acc_intptr_t) >= sizeof(void *))
     ^
src/miniacc.h:1679:54: warning: typedef '__acc_cta_t' locally defined but not used [-Wunused-local-typedefs]
 #    define ACC_COMPILE_TIME_ASSERT(e)  {typedef int __acc_cta_t[1-2*!(e)];}
                                                      ^
conftest.c:138:33: note: in expansion of macro 'ACC_COMPILE_TIME_ASSERT'
 #define ACCCHK_ASSERT(expr)     ACC_COMPILE_TIME_ASSERT(expr)
                                 ^
src/miniacc.h:4525:5: note: in expansion of macro 'ACCCHK_ASSERT'
     ACCCHK_ASSERT(sizeof(acc_intptr_t) == SIZEOF_ACC_INTPTR_T)
     ^
src/miniacc.h:1679:54: warning: typedef '__acc_cta_t' locally defined but not used [-Wunused-local-typedefs]
 #    define ACC_COMPILE_TIME_ASSERT(e)  {typedef int __acc_cta_t[1-2*!(e)];}
                                                      ^
conftest.c:138:33: note: in expansion of macro 'ACC_COMPILE_TIME_ASSERT'
 #define ACCCHK_ASSERT(expr)     ACC_COMPILE_TIME_ASSERT(expr)
                                 ^
src/miniacc.h:4526:5: note: in expansion of macro 'ACCCHK_ASSERT'
     ACCCHK_ASSERT(sizeof(acc_intptr_t) == sizeof(acc_uintptr_t))
     ^
src/miniacc.h:1679:54: warning: typedef '__acc_cta_t' locally defined but not used [-Wunused-local-typedefs]
 #    define ACC_COMPILE_TIME_ASSERT(e)  {typedef int __acc_cta_t[1-2*!(e)];}
                                                      ^
conftest.c:138:33: note: in expansion of macro 'ACC_COMPILE_TIME_ASSERT'
 #define ACCCHK_ASSERT(expr)     ACC_COMPILE_TIME_ASSERT(expr)
                                 ^
src/miniacc.h:4528:5: note: in expansion of macro 'ACCCHK_ASSERT'
     ACCCHK_ASSERT(ACC_WORDSIZE == SIZEOF_ACC_WORD_T)
     ^
src/miniacc.h:1679:54: warning: typedef '__acc_cta_t' locally defined but not used [-Wunused-local-typedefs]
 #    define ACC_COMPILE_TIME_ASSERT(e)  {typedef int __acc_cta_t[1-2*!(e)];}
                                                      ^
conftest.c:138:33: note: in expansion of macro 'ACC_COMPILE_TIME_ASSERT'
 #define ACCCHK_ASSERT(expr)     ACC_COMPILE_TIME_ASSERT(expr)
                                 ^
src/miniacc.h:4212:9: note: in expansion of macro 'ACCCHK_ASSERT'
         ACCCHK_ASSERT( (type) (-1)       relop  (type) 0 ) \
         ^
src/miniacc.h:4224:49: note: in expansion of macro 'ACCCHK_ASSERT_SIGN_T'
 #    define ACCCHK_ASSERT_IS_UNSIGNED_T(type)   ACCCHK_ASSERT_SIGN_T(type,>)
                                                 ^
src/miniacc.h:4529:5: note: in expansion of macro 'ACCCHK_ASSERT_IS_UNSIGNED_T'
     ACCCHK_ASSERT_IS_UNSIGNED_T(acc_word_t)
     ^
src/miniacc.h:1679:54: warning: typedef '__acc_cta_t' locally defined but not used [-Wunused-local-typedefs]
 #    define ACC_COMPILE_TIME_ASSERT(e)  {typedef int __acc_cta_t[1-2*!(e)];}
                                                      ^
conftest.c:138:33: note: in expansion of macro 'ACC_COMPILE_TIME_ASSERT'
 #define ACCCHK_ASSERT(expr)     ACC_COMPILE_TIME_ASSERT(expr)
                                 ^
src/miniacc.h:4213:9: note: in expansion of macro 'ACCCHK_ASSERT'
         ACCCHK_ASSERT( (type) (~(type)0) relop  (type) 0 ) \
         ^
src/miniacc.h:4224:49: note: in expansion of macro 'ACCCHK_ASSERT_SIGN_T'
 #    define ACCCHK_ASSERT_IS_UNSIGNED_T(type)   ACCCHK_ASSERT_SIGN_T(type,>)
                                                 ^
src/miniacc.h:4529:5: note: in expansion of macro 'ACCCHK_ASSERT_IS_UNSIGNED_T'
     ACCCHK_ASSERT_IS_UNSIGNED_T(acc_word_t)
     ^
src/miniacc.h:1679:54: warning: typedef '__acc_cta_t' locally defined but not used [-Wunused-local-typedefs]
 #    define ACC_COMPILE_TIME_ASSERT(e)  {typedef int __acc_cta_t[1-2*!(e)];}
                                                      ^
conftest.c:138:33: note: in expansion of macro 'ACC_COMPILE_TIME_ASSERT'
 #define ACCCHK_ASSERT(expr)     ACC_COMPILE_TIME_ASSERT(expr)
                                 ^
src/miniacc.h:4214:9: note: in expansion of macro 'ACCCHK_ASSERT'
         ACCCHK_ASSERT( (type) (~(type)0) ==     (type) (-1) )
         ^
src/miniacc.h:4224:49: note: in expansion of macro 'ACCCHK_ASSERT_SIGN_T'
 #    define ACCCHK_ASSERT_IS_UNSIGNED_T(type)   ACCCHK_ASSERT_SIGN_T(type,>)
                                                 ^
src/miniacc.h:4529:5: note: in expansion of macro 'ACCCHK_ASSERT_IS_UNSIGNED_T'
     ACCCHK_ASSERT_IS_UNSIGNED_T(acc_word_t)
     ^
src/miniacc.h:1679:54: warning: typedef '__acc_cta_t' locally defined but not used [-Wunused-local-typedefs]
 #    define ACC_COMPILE_TIME_ASSERT(e)  {typedef int __acc_cta_t[1-2*!(e)];}
                                                      ^
conftest.c:138:33: note: in expansion of macro 'ACC_COMPILE_TIME_ASSERT'
 #define ACCCHK_ASSERT(expr)     ACC_COMPILE_TIME_ASSERT(expr)
                                 ^
src/miniacc.h:4212:9: note: in expansion of macro 'ACCCHK_ASSERT'
         ACCCHK_ASSERT( (type) (-1)       relop  (type) 0 ) \
         ^
src/miniacc.h:4217:49: note: in expansion of macro 'ACCCHK_ASSERT_SIGN_T'
 #  define ACCCHK_ASSERT_IS_SIGNED_T(type)       ACCCHK_ASSERT_SIGN_T(type,<)
                                                 ^
src/miniacc.h:4530:5: note: in expansion of macro 'ACCCHK_ASSERT_IS_SIGNED_T'
     ACCCHK_ASSERT_IS_SIGNED_T(acc_sword_t)
     ^
src/miniacc.h:1679:54: warning: typedef '__acc_cta_t' locally defined but not used [-Wunused-local-typedefs]
 #    define ACC_COMPILE_TIME_ASSERT(e)  {typedef int __acc_cta_t[1-2*!(e)];}
                                                      ^
conftest.c:138:33: note: in expansion of macro 'ACC_COMPILE_TIME_ASSERT'
 #define ACCCHK_ASSERT(expr)     ACC_COMPILE_TIME_ASSERT(expr)
                                 ^
src/miniacc.h:4213:9: note: in expansion of macro 'ACCCHK_ASSERT'
         ACCCHK_ASSERT( (type) (~(type)0) relop  (type) 0 ) \
         ^
src/miniacc.h:4217:49: note: in expansion of macro 'ACCCHK_ASSERT_SIGN_T'
 #  define ACCCHK_ASSERT_IS_SIGNED_T(type)       ACCCHK_ASSERT_SIGN_T(type,<)
                                                 ^
src/miniacc.h:4530:5: note: in expansion of macro 'ACCCHK_ASSERT_IS_SIGNED_T'
     ACCCHK_ASSERT_IS_SIGNED_T(acc_sword_t)
     ^
src/miniacc.h:1679:54: warning: typedef '__acc_cta_t' locally defined but not used [-Wunused-local-typedefs]
 #    define ACC_COMPILE_TIME_ASSERT(e)  {typedef int __acc_cta_t[1-2*!(e)];}
                                                      ^
conftest.c:138:33: note: in expansion of macro 'ACC_COMPILE_TIME_ASSERT'
 #define ACCCHK_ASSERT(expr)     ACC_COMPILE_TIME_ASSERT(expr)
                                 ^
src/miniacc.h:4214:9: note: in expansion of macro 'ACCCHK_ASSERT'
         ACCCHK_ASSERT( (type) (~(type)0) ==     (type) (-1) )
         ^
src/miniacc.h:4217:49: note: in expansion of macro 'ACCCHK_ASSERT_SIGN_T'
 #  define ACCCHK_ASSERT_IS_SIGNED_T(type)       ACCCHK_ASSERT_SIGN_T(type,<)
                                                 ^
src/miniacc.h:4530:5: note: in expansion of macro 'ACCCHK_ASSERT_IS_SIGNED_T'
     ACCCHK_ASSERT_IS_SIGNED_T(acc_sword_t)
     ^
src/miniacc.h:1679:54: warning: typedef '__acc_cta_t' locally defined but not used [-Wunused-local-typedefs]
 #    define ACC_COMPILE_TIME_ASSERT(e)  {typedef int __acc_cta_t[1-2*!(e)];}
                                                      ^
conftest.c:138:33: note: in expansion of macro 'ACC_COMPILE_TIME_ASSERT'
 #define ACCCHK_ASSERT(expr)     ACC_COMPILE_TIME_ASSERT(expr)
                                 ^
src/miniacc.h:4531:5: note: in expansion of macro 'ACCCHK_ASSERT'
     ACCCHK_ASSERT(sizeof(acc_word_t) == SIZEOF_ACC_WORD_T)
     ^
src/miniacc.h:1679:54: warning: typedef '__acc_cta_t' locally defined but not used [-Wunused-local-typedefs]
 #    define ACC_COMPILE_TIME_ASSERT(e)  {typedef int __acc_cta_t[1-2*!(e)];}
                                                      ^
conftest.c:138:33: note: in expansion of macro 'ACC_COMPILE_TIME_ASSERT'
 #define ACCCHK_ASSERT(expr)     ACC_COMPILE_TIME_ASSERT(expr)
                                 ^
src/miniacc.h:4532:5: note: in expansion of macro 'ACCCHK_ASSERT'
     ACCCHK_ASSERT(sizeof(acc_word_t) == sizeof(acc_sword_t))
     ^
src/miniacc.h:1679:54: warning: typedef '__acc_cta_t' locally defined but not used [-Wunused-local-typedefs]
 #    define ACC_COMPILE_TIME_ASSERT(e)  {typedef int __acc_cta_t[1-2*!(e)];}
                                                      ^
conftest.c:138:33: note: in expansion of macro 'ACC_COMPILE_TIME_ASSERT'
 #define ACCCHK_ASSERT(expr)     ACC_COMPILE_TIME_ASSERT(expr)
                                 ^
src/miniacc.h:4535:5: note: in expansion of macro 'ACCCHK_ASSERT'
     ACCCHK_ASSERT(sizeof(ACC_INT16_C(0)) >= 2)
     ^
src/miniacc.h:1679:54: warning: typedef '__acc_cta_t' locally defined but not used [-Wunused-local-typedefs]
 #    define ACC_COMPILE_TIME_ASSERT(e)  {typedef int __acc_cta_t[1-2*!(e)];}
                                                      ^
conftest.c:138:33: note: in expansion of macro 'ACC_COMPILE_TIME_ASSERT'
 #define ACCCHK_ASSERT(expr)     ACC_COMPILE_TIME_ASSERT(expr)
                                 ^
src/miniacc.h:4536:5: note: in expansion of macro 'ACCCHK_ASSERT'
     ACCCHK_ASSERT(sizeof(ACC_UINT16_C(0)) >= 2)
     ^
src/miniacc.h:1679:54: warning: typedef '__acc_cta_t' locally defined but not used [-Wunused-local-typedefs]
 #    define ACC_COMPILE_TIME_ASSERT(e)  {typedef int __acc_cta_t[1-2*!(e)];}
                                                      ^
conftest.c:138:33: note: in expansion of macro 'ACC_COMPILE_TIME_ASSERT'
 #define ACCCHK_ASSERT(expr)     ACC_COMPILE_TIME_ASSERT(expr)
                                 ^
src/miniacc.h:4537:5: note: in expansion of macro 'ACCCHK_ASSERT'
     ACCCHK_ASSERT((ACC_UINT16_C(0xffff) >> 15) == 1)
     ^
src/miniacc.h:1679:54: warning: typedef '__acc_cta_t' locally defined but not used [-Wunused-local-typedefs]
 #    define ACC_COMPILE_TIME_ASSERT(e)  {typedef int __acc_cta_t[1-2*!(e)];}
                                                      ^
conftest.c:138:33: note: in expansion of macro 'ACC_COMPILE_TIME_ASSERT'
 #define ACCCHK_ASSERT(expr)     ACC_COMPILE_TIME_ASSERT(expr)
                                 ^
src/miniacc.h:4540:5: note: in expansion of macro 'ACCCHK_ASSERT'
     ACCCHK_ASSERT(sizeof(ACC_INT32_C(0)) >= 4)
     ^
src/miniacc.h:1679:54: warning: typedef '__acc_cta_t' locally defined but not used [-Wunused-local-typedefs]
 #    define ACC_COMPILE_TIME_ASSERT(e)  {typedef int __acc_cta_t[1-2*!(e)];}
                                                      ^
conftest.c:138:33: note: in expansion of macro 'ACC_COMPILE_TIME_ASSERT'
 #define ACCCHK_ASSERT(expr)     ACC_COMPILE_TIME_ASSERT(expr)
                                 ^
src/miniacc.h:4541:5: note: in expansion of macro 'ACCCHK_ASSERT'
     ACCCHK_ASSERT(sizeof(ACC_UINT32_C(0)) >= 4)
     ^
src/miniacc.h:1679:54: warning: typedef '__acc_cta_t' locally defined but not used [-Wunused-local-typedefs]
 #    define ACC_COMPILE_TIME_ASSERT(e)  {typedef int __acc_cta_t[1-2*!(e)];}
                                                      ^
conftest.c:138:33: note: in expansion of macro 'ACC_COMPILE_TIME_ASSERT'
 #define ACCCHK_ASSERT(expr)     ACC_COMPILE_TIME_ASSERT(expr)
                                 ^
src/miniacc.h:4542:5: note: in expansion of macro 'ACCCHK_ASSERT'
     ACCCHK_ASSERT((ACC_UINT32_C(0xffffffff) >> 31) == 1)
     ^
src/miniacc.h:1679:54: warning: typedef '__acc_cta_t' locally defined but not used [-Wunused-local-typedefs]
 #    define ACC_COMPILE_TIME_ASSERT(e)  {typedef int __acc_cta_t[1-2*!(e)];}
                                                      ^
conftest.c:138:33: note: in expansion of macro 'ACC_COMPILE_TIME_ASSERT'
 #define ACCCHK_ASSERT(expr)     ACC_COMPILE_TIME_ASSERT(expr)
                                 ^
src/miniacc.h:4547:5: note: in expansion of macro 'ACCCHK_ASSERT'
     ACCCHK_ASSERT(sizeof(ACC_INT64_C(0)) >= 8)
     ^
src/miniacc.h:1679:54: warning: typedef '__acc_cta_t' locally defined but not used [-Wunused-local-typedefs]
 #    define ACC_COMPILE_TIME_ASSERT(e)  {typedef int __acc_cta_t[1-2*!(e)];}
                                                      ^
conftest.c:138:33: note: in expansion of macro 'ACC_COMPILE_TIME_ASSERT'
 #define ACCCHK_ASSERT(expr)     ACC_COMPILE_TIME_ASSERT(expr)
                                 ^
src/miniacc.h:4548:5: note: in expansion of macro 'ACCCHK_ASSERT'
     ACCCHK_ASSERT(sizeof(ACC_UINT64_C(0)) >= 8)
     ^
src/miniacc.h:1679:54: warning: typedef '__acc_cta_t' locally defined but not used [-Wunused-local-typedefs]
 #    define ACC_COMPILE_TIME_ASSERT(e)  {typedef int __acc_cta_t[1-2*!(e)];}
                                                      ^
conftest.c:138:33: note: in expansion of macro 'ACC_COMPILE_TIME_ASSERT'
 #define ACCCHK_ASSERT(expr)     ACC_COMPILE_TIME_ASSERT(expr)
                                 ^
src/miniacc.h:4550:5: note: in expansion of macro 'ACCCHK_ASSERT'
     ACCCHK_ASSERT((ACC_UINT64_C(0xffffffffffffffff) >> 63) == 1)
     ^
src/miniacc.h:1679:54: warning: typedef '__acc_cta_t' locally defined but not used [-Wunused-local-typedefs]
 #    define ACC_COMPILE_TIME_ASSERT(e)  {typedef int __acc_cta_t[1-2*!(e)];}
                                                      ^
conftest.c:138:33: note: in expansion of macro 'ACC_COMPILE_TIME_ASSERT'
 #define ACCCHK_ASSERT(expr)     ACC_COMPILE_TIME_ASSERT(expr)
                                 ^
src/miniacc.h:4551:5: note: in expansion of macro 'ACCCHK_ASSERT'
     ACCCHK_ASSERT((ACC_UINT64_C(0xffffffffffffffff) & ~0)  == ACC_UINT64_C(0xffffffffffffffff))
     ^
src/miniacc.h:1679:54: warning: typedef '__acc_cta_t' locally defined but not used [-Wunused-local-typedefs]
 #    define ACC_COMPILE_TIME_ASSERT(e)  {typedef int __acc_cta_t[1-2*!(e)];}
                                                      ^
conftest.c:138:33: note: in expansion of macro 'ACC_COMPILE_TIME_ASSERT'
 #define ACCCHK_ASSERT(expr)     ACC_COMPILE_TIME_ASSERT(expr)
                                 ^
src/miniacc.h:4552:5: note: in expansion of macro 'ACCCHK_ASSERT'
     ACCCHK_ASSERT((ACC_UINT64_C(0xffffffffffffffff) & ~0l) == ACC_UINT64_C(0xffffffffffffffff))
     ^
src/miniacc.h:1679:54: warning: typedef '__acc_cta_t' locally defined but not used [-Wunused-local-typedefs]
 #    define ACC_COMPILE_TIME_ASSERT(e)  {typedef int __acc_cta_t[1-2*!(e)];}
                                                      ^
conftest.c:138:33: note: in expansion of macro 'ACC_COMPILE_TIME_ASSERT'
 #define ACCCHK_ASSERT(expr)     ACC_COMPILE_TIME_ASSERT(expr)
                                 ^
src/miniacc.h:4556:5: note: in expansion of macro 'ACCCHK_ASSERT'
     ACCCHK_ASSERT((ACC_UINT64_C(0xffffffffffffffff) & ~0u) == 0xffffffffu)
     ^
src/miniacc.h:1679:54: warning: typedef '__acc_cta_t' locally defined but not used [-Wunused-local-typedefs]
 #    define ACC_COMPILE_TIME_ASSERT(e)  {typedef int __acc_cta_t[1-2*!(e)];}
                                                      ^
conftest.c:138:33: note: in expansion of macro 'ACC_COMPILE_TIME_ASSERT'
 #define ACCCHK_ASSERT(expr)     ACC_COMPILE_TIME_ASSERT(expr)
                                 ^
src/miniacc.h:4562:5: note: in expansion of macro 'ACCCHK_ASSERT'
     ACCCHK_ASSERT((ACC_UINT64_C(0xffffffffffffffff) & ~0ul) == 0xfffffffful)
     ^
src/miniacc.h:1679:54: warning: typedef '__acc_cta_t' locally defined but not used [-Wunused-local-typedefs]
 #    define ACC_COMPILE_TIME_ASSERT(e)  {typedef int __acc_cta_t[1-2*!(e)];}
                                                      ^
conftest.c:138:33: note: in expansion of macro 'ACC_COMPILE_TIME_ASSERT'
 #define ACCCHK_ASSERT(expr)     ACC_COMPILE_TIME_ASSERT(expr)
                                 ^
src/miniacc.h:4578:5: note: in expansion of macro 'ACCCHK_ASSERT'
     ACCCHK_ASSERT(sizeof(int) == 4)
     ^
src/miniacc.h:1679:54: warning: typedef '__acc_cta_t' locally defined but not used [-Wunused-local-typedefs]
 #    define ACC_COMPILE_TIME_ASSERT(e)  {typedef int __acc_cta_t[1-2*!(e)];}
                                                      ^
conftest.c:138:33: note: in expansion of macro 'ACC_COMPILE_TIME_ASSERT'
 #define ACCCHK_ASSERT(expr)     ACC_COMPILE_TIME_ASSERT(expr)
                                 ^
src/miniacc.h:4579:5: note: in expansion of macro 'ACCCHK_ASSERT'
     ACCCHK_ASSERT(sizeof(long) == 4)
     ^
src/miniacc.h:1679:54: warning: typedef '__acc_cta_t' locally defined but not used [-Wunused-local-typedefs]
 #    define ACC_COMPILE_TIME_ASSERT(e)  {typedef int __acc_cta_t[1-2*!(e)];}
                                                      ^
conftest.c:138:33: note: in expansion of macro 'ACC_COMPILE_TIME_ASSERT'
 #define ACCCHK_ASSERT(expr)     ACC_COMPILE_TIME_ASSERT(expr)
                                 ^
src/miniacc.h:4580:5: note: in expansion of macro 'ACCCHK_ASSERT'
     ACCCHK_ASSERT(sizeof(void*) == 4)
     ^
src/miniacc.h:1679:54: warning: typedef '__acc_cta_t' locally defined but not used [-Wunused-local-typedefs]
 #    define ACC_COMPILE_TIME_ASSERT(e)  {typedef int __acc_cta_t[1-2*!(e)];}
                                                      ^
conftest.c:138:33: note: in expansion of macro 'ACC_COMPILE_TIME_ASSERT'
 #define ACCCHK_ASSERT(expr)     ACC_COMPILE_TIME_ASSERT(expr)
                                 ^
src/miniacc.h:4581:5: note: in expansion of macro 'ACCCHK_ASSERT'
     ACCCHK_ASSERT(sizeof(ptrdiff_t) == sizeof(void*))
     ^
src/miniacc.h:1679:54: warning: typedef '__acc_cta_t' locally defined but not used [-Wunused-local-typedefs]
 #    define ACC_COMPILE_TIME_ASSERT(e)  {typedef int __acc_cta_t[1-2*!(e)];}
                                                      ^
conftest.c:138:33: note: in expansion of macro 'ACC_COMPILE_TIME_ASSERT'
 #define ACCCHK_ASSERT(expr)     ACC_COMPILE_TIME_ASSERT(expr)
                                 ^
src/miniacc.h:4582:5: note: in expansion of macro 'ACCCHK_ASSERT'
     ACCCHK_ASSERT(sizeof(size_t) == sizeof(void*))
     ^
src/miniacc.h:1679:54: warning: typedef '__acc_cta_t' locally defined but not used [-Wunused-local-typedefs]
 #    define ACC_COMPILE_TIME_ASSERT(e)  {typedef int __acc_cta_t[1-2*!(e)];}
                                                      ^
conftest.c:138:33: note: in expansion of macro 'ACC_COMPILE_TIME_ASSERT'
 #define ACCCHK_ASSERT(expr)     ACC_COMPILE_TIME_ASSERT(expr)
                                 ^
src/miniacc.h:4583:5: note: in expansion of macro 'ACCCHK_ASSERT'
     ACCCHK_ASSERT(sizeof(acc_intptr_t) == sizeof(void *))
     ^
src/miniacc.h:1679:54: warning: typedef '__acc_cta_t' locally defined but not used [-Wunused-local-typedefs]
 #    define ACC_COMPILE_TIME_ASSERT(e)  {typedef int __acc_cta_t[1-2*!(e)];}
                                                      ^
conftest.c:138:33: note: in expansion of macro 'ACC_COMPILE_TIME_ASSERT'
 #define ACCCHK_ASSERT(expr)     ACC_COMPILE_TIME_ASSERT(expr)
                                 ^
src/miniacc.h:4642:5: note: in expansion of macro 'ACCCHK_ASSERT'
     ACCCHK_ASSERT( (int) ((unsigned char) ((signed char) -1)) == 255)
     ^
src/miniacc.h:1679:54: warning: typedef '__acc_cta_t' locally defined but not used [-Wunused-local-typedefs]
 #    define ACC_COMPILE_TIME_ASSERT(e)  {typedef int __acc_cta_t[1-2*!(e)];}
                                                      ^
conftest.c:138:33: note: in expansion of macro 'ACC_COMPILE_TIME_ASSERT'
 #define ACCCHK_ASSERT(expr)     ACC_COMPILE_TIME_ASSERT(expr)
                                 ^
src/miniacc.h:4649:5: note: in expansion of macro 'ACCCHK_ASSERT'
     ACCCHK_ASSERT( (((unsigned char)128) << (int)(8*sizeof(int)-8)) < 0)
     ^
configure:30230: $? = 0
configure:30233: test -z 			 || test ! -s conftest.err
configure:30236: $? = 0
configure:30239: test -s conftest.o
configure:30242: $? = 0
configure:30255: result: yes
configure:30430: creating ./config.status

## ---------------------- ##
## Running config.status. ##
## ---------------------- ##

This file was extended by lzo config.status 2.03, which was
generated by GNU Autoconf 2.59.  Invocation command line was

  CONFIG_FILES    = 
  CONFIG_HEADERS  = 
  CONFIG_LINKS    = 
  CONFIG_COMMANDS = 
  $ ./config.status 

on 820a0eb7ac91

config.status:776: creating Makefile
config.status:776: creating examples/Makefile
config.status:776: creating include/Makefile
config.status:776: creating include/lzo/Makefile
config.status:776: creating lzotest/Makefile
config.status:776: creating minilzo/Makefile
config.status:776: creating src/Makefile
config.status:776: creating tests/Makefile
config.status:842: creating config.h
config.status:1388: executing depfiles commands

## ---------------- ##
## Cache variables. ##
## ---------------- ##

ac_cv_build=x86_64-pc-linux-gnu
ac_cv_build_alias=x86_64-linux-gnu
ac_cv_c_bigendian=no
ac_cv_c_compiler_gnu=yes
ac_cv_c_const=yes
ac_cv_cxx_compiler_gnu=yes
ac_cv_env_CC_set=set
ac_cv_env_CC_value=/opt/lede-toolchain-ramips-mt7621_gcc-5.4.0_musl-1.1.24.Linux-x86_64/toolchain-mipsel_24kc_gcc-5.4.0_musl-1.1.24/bin/mipsel-openwrt-linux-musl-gcc
ac_cv_env_CFLAGS_set=set
ac_cv_env_CFLAGS_value='-Os -Wall -DLINUX26 -DCONFIG_RALINK -DMUSL_LIBC -DDEBUG_NOISY -DDEBUG_RCTEST -D_GNU_SOURCE -D__UAPI_DEF_ETHHDR -DRALINK_DBDC_MODE -pipe -funit-at-a-time -Wno-pointer-sign -mtune=mips32 -mips32 -DLINUX_KERNEL_VERSION=263366 --sysroot=/opt/lede-toolchain-ramips-mt7621_gcc-5.4.0_musl-1.1.24.Linux-x86_64/toolchain-mipsel_24kc_gcc-5.4.0_musl-1.1.24 '
ac_cv_env_CPPFLAGS_set=
ac_cv_env_CPPFLAGS_value=
ac_cv_env_CPP_set=
ac_cv_env_CPP_value=
ac_cv_env_CXXCPP_set=
ac_cv_env_CXXCPP_value=
ac_cv_env_CXXFLAGS_set=
ac_cv_env_CXXFLAGS_value=
ac_cv_env_CXX_set=set
ac_cv_env_CXX_value=/opt/lede-toolchain-ramips-mt7621_gcc-5.4.0_musl-1.1.24.Linux-x86_64/toolchain-mipsel_24kc_gcc-5.4.0_musl-1.1.24/bin/mipsel-openwrt-linux-musl-g++
ac_cv_env_F77_set=
ac_cv_env_F77_value=
ac_cv_env_FFLAGS_set=
ac_cv_env_FFLAGS_value=
ac_cv_env_LDFLAGS_set=
ac_cv_env_LDFLAGS_value=
ac_cv_env_build_alias_set=set
ac_cv_env_build_alias_value=x86_64-linux-gnu
ac_cv_env_host_alias_set=set
ac_cv_env_host_alias_value=mipsel-linux
ac_cv_env_target_alias_set=
ac_cv_env_target_alias_value=
ac_cv_exeext=
ac_cv_f77_compiler_gnu=no
ac_cv_func_access=yes
ac_cv_func_alloca=no
ac_cv_func_atexit=yes
ac_cv_func_atoi=yes
ac_cv_func_atol=yes
ac_cv_func_chmod=yes
ac_cv_func_chown=yes
ac_cv_func_clock_getcpuclockid=yes
ac_cv_func_clock_getres=yes
ac_cv_func_clock_gettime=yes
ac_cv_func_ctime=yes
ac_cv_func_difftime=yes
ac_cv_func_fstat=yes
ac_cv_func_getenv=yes
ac_cv_func_getpagesize=yes
ac_cv_func_getrusage=yes
ac_cv_func_gettimeofday=yes
ac_cv_func_gmtime=yes
ac_cv_func_isatty=yes
ac_cv_func_localtime=yes
ac_cv_func_longjmp=yes
ac_cv_func_lstat=yes
ac_cv_func_memcmp=yes
ac_cv_func_memcpy=yes
ac_cv_func_memmove=yes
ac_cv_func_memset=yes
ac_cv_func_mkdir=yes
ac_cv_func_mktime=yes
ac_cv_func_mmap=yes
ac_cv_func_mprotect=yes
ac_cv_func_munmap=yes
ac_cv_func_qsort=yes
ac_cv_func_raise=yes
ac_cv_func_rmdir=yes
ac_cv_func_setjmp=yes
ac_cv_func_signal=yes
ac_cv_func_snprintf=yes
ac_cv_func_strcasecmp=yes
ac_cv_func_strchr=yes
ac_cv_func_strdup=yes
ac_cv_func_strerror=yes
ac_cv_func_strftime=yes
ac_cv_func_stricmp=no
ac_cv_func_strncasecmp=yes
ac_cv_func_strnicmp=no
ac_cv_func_strrchr=yes
ac_cv_func_strstr=yes
ac_cv_func_time=yes
ac_cv_func_umask=yes
ac_cv_func_utime=yes
ac_cv_func_vsnprintf=yes
ac_cv_header_assert_h=yes
ac_cv_header_ctype_h=yes
ac_cv_header_dirent_h=yes
ac_cv_header_dlfcn_h=yes
ac_cv_header_errno_h=yes
ac_cv_header_fcntl_h=yes
ac_cv_header_float_h=yes
ac_cv_header_inttypes_h=yes
ac_cv_header_limits_h=yes
ac_cv_header_malloc_h=yes
ac_cv_header_memory_h=yes
ac_cv_header_setjmp_h=yes
ac_cv_header_signal_h=yes
ac_cv_header_stdarg_h=yes
ac_cv_header_stdc=yes
ac_cv_header_stddef_h=yes
ac_cv_header_stdint_h=yes
ac_cv_header_stdio_h=yes
ac_cv_header_stdlib_h=yes
ac_cv_header_string_h=yes
ac_cv_header_strings_h=yes
ac_cv_header_sys_mman_h=yes
ac_cv_header_sys_resource_h=yes
ac_cv_header_sys_stat_h=yes
ac_cv_header_sys_time_h=yes
ac_cv_header_sys_types_h=yes
ac_cv_header_sys_wait_h=yes
ac_cv_header_time=yes
ac_cv_header_time_h=yes
ac_cv_header_unistd_h=yes
ac_cv_header_utime_h=yes
ac_cv_host=mipsel-unknown-linux-gnu
ac_cv_host_alias=mipsel-linux
ac_cv_objext=o
ac_cv_path_install='/usr/bin/install -c'
ac_cv_prog_AR=/opt/lede-toolchain-ramips-mt7621_gcc-5.4.0_musl-1.1.24.Linux-x86_64/toolchain-mipsel_24kc_gcc-5.4.0_musl-1.1.24/bin/mipsel-openwrt-linux-musl-ar
ac_cv_prog_AWK=gawk
ac_cv_prog_CC=/opt/lede-toolchain-ramips-mt7621_gcc-5.4.0_musl-1.1.24.Linux-x86_64/toolchain-mipsel_24kc_gcc-5.4.0_musl-1.1.24/bin/mipsel-openwrt-linux-musl-gcc
ac_cv_prog_CPP='/opt/lede-toolchain-ramips-mt7621_gcc-5.4.0_musl-1.1.24.Linux-x86_64/toolchain-mipsel_24kc_gcc-5.4.0_musl-1.1.24/bin/mipsel-openwrt-linux-musl-gcc -E'
ac_cv_prog_CXX=/opt/lede-toolchain-ramips-mt7621_gcc-5.4.0_musl-1.1.24.Linux-x86_64/toolchain-mipsel_24kc_gcc-5.4.0_musl-1.1.24/bin/mipsel-openwrt-linux-musl-g++
ac_cv_prog_CXXCPP='/opt/lede-toolchain-ramips-mt7621_gcc-5.4.0_musl-1.1.24.Linux-x86_64/toolchain-mipsel_24kc_gcc-5.4.0_musl-1.1.24/bin/mipsel-openwrt-linux-musl-g++ -E'
ac_cv_prog_RANLIB=/opt/lede-toolchain-ramips-mt7621_gcc-5.4.0_musl-1.1.24.Linux-x86_64/toolchain-mipsel_24kc_gcc-5.4.0_musl-1.1.24/bin/mipsel-openwrt-linux-musl-ranlib
ac_cv_prog_STRIP='/opt/lede-toolchain-ramips-mt7621_gcc-5.4.0_musl-1.1.24.Linux-x86_64/toolchain-mipsel_24kc_gcc-5.4.0_musl-1.1.24/bin/mipsel-openwrt-linux-musl-strip -R .note -R .comment'
ac_cv_prog_cc_g=yes
ac_cv_prog_cc_stdc=
ac_cv_prog_cxx_g=yes
ac_cv_prog_egrep='grep -E'
ac_cv_prog_f77_g=no
ac_cv_prog_make_make_set=yes
ac_cv_sizeof___int16=0
ac_cv_sizeof___int32=0
ac_cv_sizeof___int64=0
ac_cv_sizeof_dev_t=8
ac_cv_sizeof_double=8
ac_cv_sizeof_float=4
ac_cv_sizeof_fpos_t=16
ac_cv_sizeof_int=4
ac_cv_sizeof_intmax_t=8
ac_cv_sizeof_intptr_t=4
ac_cv_sizeof_long=4
ac_cv_sizeof_long_double=8
ac_cv_sizeof_long_long=8
ac_cv_sizeof_mode_t=4
ac_cv_sizeof_off_t=8
ac_cv_sizeof_ptrdiff_t=4
ac_cv_sizeof_short=2
ac_cv_sizeof_size_t=4
ac_cv_sizeof_ssize_t=4
ac_cv_sizeof_time_t=4
ac_cv_sizeof_uintmax_t=8
ac_cv_sizeof_uintptr_t=4
ac_cv_sizeof_void_p=4
ac_cv_sys_file_offset_bits=no
ac_cv_sys_large_files=no
ac_cv_sys_largefile_CC=no
ac_cv_target=mipsel-unknown-linux-gnu
ac_cv_target_alias=mipsel-linux
ac_cv_type___int16=no
ac_cv_type___int32=no
ac_cv_type___int64=no
ac_cv_type_dev_t=yes
ac_cv_type_double=yes
ac_cv_type_float=yes
ac_cv_type_fpos_t=yes
ac_cv_type_int=yes
ac_cv_type_intmax_t=yes
ac_cv_type_intptr_t=yes
ac_cv_type_long=yes
ac_cv_type_long_double=yes
ac_cv_type_long_long=yes
ac_cv_type_mode_t=yes
ac_cv_type_off_t=yes
ac_cv_type_ptrdiff_t=yes
ac_cv_type_short=yes
ac_cv_type_signal=void
ac_cv_type_size_t=yes
ac_cv_type_ssize_t=yes
ac_cv_type_time_t=yes
ac_cv_type_uintmax_t=yes
ac_cv_type_uintptr_t=yes
ac_cv_type_void_p=yes
am_cv_CC_dependencies_compiler_type=gcc3
am_cv_CXX_dependencies_compiler_type=gcc3
lt_cv_deplibs_check_method=pass_all
lt_cv_file_magic_cmd='$MAGIC_CMD'
lt_cv_file_magic_test_file=
lt_cv_ld_reload_flag=-r
lt_cv_objdir=.libs
lt_cv_path_LD=/opt/lede-toolchain-ramips-mt7621_gcc-5.4.0_musl-1.1.24.Linux-x86_64/toolchain-mipsel_24kc_gcc-5.4.0_musl-1.1.24/bin/mipsel-openwrt-linux-musl-ld
lt_cv_path_LDCXX=/opt/lede-toolchain-ramips-mt7621_gcc-5.4.0_musl-1.1.24.Linux-x86_64/toolchain-mipsel_24kc_gcc-5.4.0_musl-1.1.24/bin/mipsel-openwrt-linux-musl-ld
lt_cv_path_NM=/opt/lede-toolchain-ramips-mt7621_gcc-5.4.0_musl-1.1.24.Linux-x86_64/toolchain-mipsel_24kc_gcc-5.4.0_musl-1.1.24/bin/mipsel-openwrt-linux-musl-nm
lt_cv_path_SED=/bin/sed
lt_cv_prog_compiler_c_o=yes
lt_cv_prog_compiler_c_o_CXX=yes
lt_cv_prog_compiler_rtti_exceptions=no
lt_cv_prog_gnu_ld=yes
lt_cv_prog_gnu_ldcxx=yes
lt_cv_sys_global_symbol_pipe='sed -n -e '\''s/^.*[ 	]\([ABCDGIRSTW][ABCDGIRSTW]*\)[ 	][ 	]*\([_A-Za-z][_A-Za-z0-9]*\)$/\1 \2 \2/p'\'''
lt_cv_sys_global_symbol_to_c_name_address='sed -n -e '\''s/^: \([^ ]*\) $/  {\"\1\", (lt_ptr) 0},/p'\'' -e '\''s/^[BCDEGRST] \([^ ]*\) \([^ ]*\)$/  {"\2", (lt_ptr) \&\2},/p'\'''
lt_cv_sys_global_symbol_to_cdecl='sed -n -e '\''s/^. .* \(.*\)$/extern int \1;/p'\'''
lt_cv_sys_max_cmd_len=32768
lt_lt_cv_prog_compiler_c_o='"yes"'
lt_lt_cv_prog_compiler_c_o_CXX='"yes"'
lt_lt_cv_sys_global_symbol_pipe='"sed -n -e '\''s/^.*[ 	]\\([ABCDGIRSTW][ABCDGIRSTW]*\\)[ 	][ 	]*\\([_A-Za-z][_A-Za-z0-9]*\\)\$/\\1 \\2 \\2/p'\''"'
lt_lt_cv_sys_global_symbol_to_c_name_address='"sed -n -e '\''s/^: \\([^ ]*\\) \$/  {\\\"\\1\\\", (lt_ptr) 0},/p'\'' -e '\''s/^[BCDEGRST] \\([^ ]*\\) \\([^ ]*\\)\$/  {\"\\2\", (lt_ptr) \\&\\2},/p'\''"'
lt_lt_cv_sys_global_symbol_to_cdecl='"sed -n -e '\''s/^. .* \\(.*\\)\$/extern int \\1;/p'\''"'
mfx_cv_header_sane_limits_h=yes

## ----------------- ##
## Output variables. ##
## ----------------- ##

ACLOCAL='${SHELL} /repo/Pass_GPL/asuswrt/release/src/router/lzo/autoconf/missing --run aclocal-1.9'
AMDEPBACKSLASH='\'
AMDEP_FALSE='#'
AMDEP_TRUE=''
AMTAR='${SHELL} /repo/Pass_GPL/asuswrt/release/src/router/lzo/autoconf/missing --run tar'
AR='/opt/lede-toolchain-ramips-mt7621_gcc-5.4.0_musl-1.1.24.Linux-x86_64/toolchain-mipsel_24kc_gcc-5.4.0_musl-1.1.24/bin/mipsel-openwrt-linux-musl-ar'
AUTOCONF='${SHELL} /repo/Pass_GPL/asuswrt/release/src/router/lzo/autoconf/missing --run autoconf'
AUTOHEADER='${SHELL} /repo/Pass_GPL/asuswrt/release/src/router/lzo/autoconf/missing --run autoheader'
AUTOMAKE='${SHELL} /repo/Pass_GPL/asuswrt/release/src/router/lzo/autoconf/missing --run automake-1.9'
AWK='gawk'
CC='/opt/lede-toolchain-ramips-mt7621_gcc-5.4.0_musl-1.1.24.Linux-x86_64/toolchain-mipsel_24kc_gcc-5.4.0_musl-1.1.24/bin/mipsel-openwrt-linux-musl-gcc'
CCDEPMODE='depmode=gcc3'
CFLAGS='-Os -Wall -DLINUX26 -DCONFIG_RALINK -DMUSL_LIBC -DDEBUG_NOISY -DDEBUG_RCTEST -D_GNU_SOURCE -D__UAPI_DEF_ETHHDR -DRALINK_DBDC_MODE -pipe -funit-at-a-time -Wno-pointer-sign -mtune=mips32 -mips32 -DLINUX_KERNEL_VERSION=263366 --sysroot=/opt/lede-toolchain-ramips-mt7621_gcc-5.4.0_musl-1.1.24.Linux-x86_64/toolchain-mipsel_24kc_gcc-5.4.0_musl-1.1.24 '
CPP='/opt/lede-toolchain-ramips-mt7621_gcc-5.4.0_musl-1.1.24.Linux-x86_64/toolchain-mipsel_24kc_gcc-5.4.0_musl-1.1.24/bin/mipsel-openwrt-linux-musl-gcc -E'
CPPFLAGS='-DLZO_HAVE_CONFIG_H'
CXX='/opt/lede-toolchain-ramips-mt7621_gcc-5.4.0_musl-1.1.24.Linux-x86_64/toolchain-mipsel_24kc_gcc-5.4.0_musl-1.1.24/bin/mipsel-openwrt-linux-musl-g++'
CXXCPP='/opt/lede-toolchain-ramips-mt7621_gcc-5.4.0_musl-1.1.24.Linux-x86_64/toolchain-mipsel_24kc_gcc-5.4.0_musl-1.1.24/bin/mipsel-openwrt-linux-musl-g++ -E'
CXXDEPMODE='depmode=gcc3'
CXXFLAGS='-g -O2'
CYGPATH_W='echo'
DEFS='-DHAVE_CONFIG_H'
DEPDIR='.deps'
ECHO='echo'
ECHO_C=''
ECHO_N='-n'
ECHO_T=''
EGREP='grep -E'
EXEEXT=''
F77=''
FFLAGS=''
INSTALL_DATA='${INSTALL} -m 644'
INSTALL_PROGRAM='${INSTALL}'
INSTALL_SCRIPT='${INSTALL}'
INSTALL_STRIP_PROGRAM='${SHELL} $(install_sh) -c -s'
LDFLAGS=''
LIBOBJS=''
LIBS=''
LIBTOOL='$(SHELL) $(top_builddir)/libtool'
LN_S='ln -s'
LTLIBOBJS=''
LZO_ASM_VPATH=''
LZO_CFLAGS=''
LZO_CPPFLAGS=''
LZO_EXTRA_CFLAGS=''
LZO_EXTRA_CPPFLAGS=''
LZO_USE_ASM_FALSE=''
LZO_USE_ASM_TRUE='#'
MAINT='#'
MAINTAINER_MODE_FALSE=''
MAINTAINER_MODE_TRUE='#'
MAKEINFO='${SHELL} /repo/Pass_GPL/asuswrt/release/src/router/lzo/autoconf/missing --run makeinfo'
OBJEXT='o'
PACKAGE='lzo'
PACKAGE_BUGREPORT='markus@oberhumer.com'
PACKAGE_NAME='lzo'
PACKAGE_STRING='lzo 2.03'
PACKAGE_TARNAME='lzo'
PACKAGE_VERSION='2.03'
PATH_SEPARATOR=':'
RANLIB='/opt/lede-toolchain-ramips-mt7621_gcc-5.4.0_musl-1.1.24.Linux-x86_64/toolchain-mipsel_24kc_gcc-5.4.0_musl-1.1.24/bin/mipsel-openwrt-linux-musl-ranlib'
SET_MAKE=''
SHELL='/bin/sh'
STRIP='/opt/lede-toolchain-ramips-mt7621_gcc-5.4.0_musl-1.1.24.Linux-x86_64/toolchain-mipsel_24kc_gcc-5.4.0_musl-1.1.24/bin/mipsel-openwrt-linux-musl-strip -R .note -R .comment'
VERSION='2.03'
ac_ct_AR=''
ac_ct_CC=''
ac_ct_CXX=''
ac_ct_F77=''
ac_ct_RANLIB=''
ac_ct_STRIP=''
am__fastdepCC_FALSE='#'
am__fastdepCC_TRUE=''
am__fastdepCXX_FALSE='#'
am__fastdepCXX_TRUE=''
am__include='include'
am__leading_dot='.'
am__quote=''
am__tar='${AMTAR} chof - "$$tardir"'
am__untar='${AMTAR} xf -'
bindir='/usr/sbin'
build='x86_64-pc-linux-gnu'
build_alias='x86_64-linux-gnu'
build_cpu='x86_64'
build_os='linux-gnu'
build_vendor='pc'
configure_CFLAGS='-Os -Wall -DLINUX26 -DCONFIG_RALINK -DMUSL_LIBC -DDEBUG_NOISY -DDEBUG_RCTEST -D_GNU_SOURCE -D__UAPI_DEF_ETHHDR -DRALINK_DBDC_MODE -pipe -funit-at-a-time -Wno-pointer-sign -mtune=mips32 -mips32 -DLINUX_KERNEL_VERSION=263366 --sysroot=/opt/lede-toolchain-ramips-mt7621_gcc-5.4.0_musl-1.1.24.Linux-x86_64/toolchain-mipsel_24kc_gcc-5.4.0_musl-1.1.24 '
configure_CPPFLAGS='-DLZO_HAVE_CONFIG_H'
datadir='${prefix}/share'
exec_prefix='${prefix}'
host='mipsel-unknown-linux-gnu'
host_alias='mipsel-linux'
host_cpu='mipsel'
host_os='linux-gnu'
host_vendor='unknown'
includedir='${prefix}/include'
infodir='${prefix}/info'
install_sh='/repo/Pass_GPL/asuswrt/release/src/router/lzo/autoconf/install-sh'
libdir='/usr/lib'
libexecdir='${exec_prefix}/libexec'
localstatedir='${prefix}/var'
mandir='${prefix}/man'
mkdir_p='mkdir -p --'
oldincludedir='/usr/include'
prefix='/usr'
program_transform_name='s,x,x,'
sbindir='${exec_prefix}/sbin'
sharedstatedir='${prefix}/com'
sysconfdir='${prefix}/etc'
target='mipsel-unknown-linux-gnu'
target_alias=''
target_cpu='mipsel'
target_os='linux-gnu'
target_vendor='unknown'

## ----------- ##
## confdefs.h. ##
## ----------- ##

#define HAVE_ACCESS 1
#define HAVE_ASSERT_H 1
#define HAVE_ATEXIT 1
#define HAVE_ATOI 1
#define HAVE_ATOL 1
#define HAVE_CHMOD 1
#define HAVE_CHOWN 1
#define HAVE_CLOCK_GETCPUCLOCKID 1
#define HAVE_CLOCK_GETRES 1
#define HAVE_CLOCK_GETTIME 1
#define HAVE_CTIME 1
#define HAVE_CTYPE_H 1
#define HAVE_DIFFTIME 1
#define HAVE_DIRENT_H 1
#define HAVE_DLFCN_H 1
#define HAVE_ERRNO_H 1
#define HAVE_FCNTL_H 1
#define HAVE_FLOAT_H 1
#define HAVE_FSTAT 1
#define HAVE_GETENV 1
#define HAVE_GETPAGESIZE 1
#define HAVE_GETRUSAGE 1
#define HAVE_GETTIMEOFDAY 1
#define HAVE_GMTIME 1
#define HAVE_INTTYPES_H 1
#define HAVE_ISATTY 1
#define HAVE_LIMITS_H 1
#define HAVE_LOCALTIME 1
#define HAVE_LONGJMP 1
#define HAVE_LSTAT 1
#define HAVE_MALLOC_H 1
#define HAVE_MEMCMP 1
#define HAVE_MEMCPY 1
#define HAVE_MEMMOVE 1
#define HAVE_MEMORY_H 1
#define HAVE_MEMORY_H 1
#define HAVE_MEMSET 1
#define HAVE_MKDIR 1
#define HAVE_MKTIME 1
#define HAVE_MMAP 1
#define HAVE_MPROTECT 1
#define HAVE_MUNMAP 1
#define HAVE_QSORT 1
#define HAVE_RAISE 1
#define HAVE_RMDIR 1
#define HAVE_SETJMP 1
#define HAVE_SETJMP_H 1
#define HAVE_SIGNAL 1
#define HAVE_SIGNAL_H 1
#define HAVE_SNPRINTF 1
#define HAVE_STDARG_H 1
#define HAVE_STDDEF_H 1
#define HAVE_STDINT_H 1
#define HAVE_STDINT_H 1
#define HAVE_STDIO_H 1
#define HAVE_STDLIB_H 1
#define HAVE_STDLIB_H 1
#define HAVE_STRCASECMP 1
#define HAVE_STRCHR 1
#define HAVE_STRDUP 1
#define HAVE_STRERROR 1
#define HAVE_STRFTIME 1
#define HAVE_STRINGS_H 1
#define HAVE_STRINGS_H 1
#define HAVE_STRING_H 1
#define HAVE_STRING_H 1
#define HAVE_STRNCASECMP 1
#define HAVE_STRRCHR 1
#define HAVE_STRSTR 1
#define HAVE_SYS_MMAN_H 1
#define HAVE_SYS_RESOURCE_H 1
#define HAVE_SYS_STAT_H 1
#define HAVE_SYS_STAT_H 1
#define HAVE_SYS_TIME_H 1
#define HAVE_SYS_TYPES_H 1
#define HAVE_SYS_TYPES_H 1
#define HAVE_SYS_WAIT_H 1
#define HAVE_TIME 1
#define HAVE_TIME_H 1
#define HAVE_UMASK 1
#define HAVE_UNISTD_H 1
#define HAVE_UNISTD_H 1
#define HAVE_UTIME 1
#define HAVE_UTIME_H 1
#define HAVE_VSNPRINTF 1
#define LZO_ABI_LITTLE_ENDIAN 1
#define PACKAGE "lzo"
#define PACKAGE_BUGREPORT "markus@oberhumer.com"
#define PACKAGE_NAME "lzo"
#define PACKAGE_STRING "lzo 2.03"
#define PACKAGE_TARNAME "lzo"
#define PACKAGE_VERSION "2.03"
#define RETSIGTYPE void
#define SIZEOF_DEV_T 8
#define SIZEOF_DOUBLE 8
#define SIZEOF_FLOAT 4
#define SIZEOF_FPOS_T 16
#define SIZEOF_INT 4
#define SIZEOF_INTMAX_T 8
#define SIZEOF_INTPTR_T 4
#define SIZEOF_LONG 4
#define SIZEOF_LONG_DOUBLE 8
#define SIZEOF_LONG_LONG 8
#define SIZEOF_MODE_T 4
#define SIZEOF_OFF_T 8
#define SIZEOF_PTRDIFF_T 4
#define SIZEOF_SHORT 2
#define SIZEOF_SIZE_T 4
#define SIZEOF_SSIZE_T 4
#define SIZEOF_TIME_T 4
#define SIZEOF_UINTMAX_T 8
#define SIZEOF_UINTPTR_T 4
#define SIZEOF_VOID_P 4
#define SIZEOF___INT16 0
#define SIZEOF___INT32 0
#define SIZEOF___INT32 0
#define SIZEOF___INT64 0
#define STDC_HEADERS 1
#define TIME_WITH_SYS_TIME 1
#define VERSION "2.03"
#endif
#ifdef __cplusplus
extern "C" void exit (int);

configure: exit 0
